Step            Loss
--------------------
1          10.310120
2        -387.002136
3        -785.660889
4       -1182.867676
5       -1581.083862
6       -1978.496460
7       -2376.374512
8       -2774.290771
9       -3172.020508
10      -3570.220459
11      -3967.986328
12      -4366.453125
13      -4764.514648
14      -5163.084473
15      -5561.196289
16      -5960.130859
17      -6358.064453
18      -6757.101074
19      -7156.225586
20      -7554.547852
21      -7954.532227
22      -8354.403320
23      -8754.046875
24      -9153.633789
25      -9554.193359
26      -9954.947266
27      -10355.488281
28      -10757.033203
29      -11157.892578
30      -11560.401367
31      -11962.821289
32      -12365.292969
33      -12767.924805
34      -13171.646484
35      -13575.553711
36      -13979.815430
37      -14384.755859
38      -14790.065430
39      -15195.806641
40      -15601.962891
41      -16008.625000
42      -16416.332031
43      -16823.953125
44      -17232.453125
45      -17641.169922
46      -18050.607422
47      -18461.675781
48      -18872.451172
49      -19283.535156
50      -19696.117188
51      -20108.792969
52      -20522.539062
53      -20935.917969
54      -21351.312500
55      -21767.005859
56      -22183.683594
57      -22600.441406
58      -23018.246094
59      -23436.576172
60      -23855.988281
61      -24275.587891
62      -24697.003906
63      -25118.351562
64      -25540.792969
65      -25964.099609
66      -26387.582031
67      -26812.736328
68      -27237.662109
69      -27664.414062
70      -28091.363281
71      -28520.503906
72      -28948.261719
73      -29378.796875
74      -29808.816406
75      -30241.191406
76      -30672.919922
77      -31105.359375
78      -31539.443359
79      -31975.070312
80      -32410.728516
81      -32846.437500
82      -33284.917969
83      -33721.656250
84      -34161.960938
85      -34601.753906
86      -35042.074219
87      -35484.285156
88      -35927.515625
89      -36371.164062
90      -36815.566406
91      -37260.617188
92      -37706.617188
93      -38153.757812
94      -38601.578125
95      -39050.503906
96      -39499.804688
97      -39950.132812
98      -40401.558594
99      -40854.789062
100     -41307.878906
101     -41761.410156
102     -42216.750000
103     -42672.515625
104     -43129.164062
105     -43586.312500
106     -44044.164062
107     -44503.421875
108     -44963.671875
109     -45423.078125
110     -45885.582031
111     -46347.019531
112     -46811.281250
113     -47274.789062
114     -47740.476562
115     -48206.703125
116     -48672.148438
117     -49139.656250
118     -49607.101562
119     -50075.878906
120     -50545.835938
121     -51016.046875
122     -51487.265625
123     -51958.859375
124     -52430.835938
125     -52904.617188
126     -53380.093750
127     -53854.453125
128     -54329.179688
129     -54805.304688
130     -55283.148438
131     -55758.843750
132     -56237.992188
133     -56716.636719
134     -57196.480469
135     -57676.535156
136     -58156.949219
137     -58638.699219
138     -59120.960938
139     -59603.437500
140     -60086.468750
141     -60571.417969
142     -61055.984375
143     -61539.570312
144     -62025.867188
145     -62511.898438
146     -62997.500000
147     -63486.023438
148     -63972.906250
149     -64460.929688
150     -64949.695312
151     -65438.554688
152     -65928.343750
153     -66418.382812
154     -66909.726562
155     -67399.515625
156     -67892.640625
157     -68383.531250
158     -68876.109375
159     -69368.226562
160     -69860.679688
161     -70353.890625
162     -70847.328125
163     -71340.570312
164     -71835.710938
165     -72330.031250
166     -72825.281250
167     -73319.281250
168     -73815.328125
169     -74310.078125
170     -74805.781250
171     -75301.796875
172     -75798.515625
173     -76294.757812
174     -76791.851562
175     -77288.859375
176     -77785.515625
177     -78281.640625
178     -78779.945312
179     -79277.117188
180     -79774.039062
181     -80269.859375
182     -80768.367188
183     -81266.437500
184     -81762.679688
185     -82259.414062
186     -82757.781250
187     -83256.421875
188     -83752.796875
189     -84251.328125
190     -84747.453125
191     -85246.109375
192     -85743.640625
193     -86240.390625
194     -86738.437500
195     -87234.125000
196     -87730.656250
197     -88228.000000
198     -88724.960938
199     -89219.968750
200     -89716.390625
201     -90212.578125
202     -90708.679688
203     -91203.687500
204     -91698.328125
205     -92193.593750
206     -92688.242188
207     -93182.093750
208     -93678.234375
209     -94170.703125
210     -94664.671875
211     -95156.851562
212     -95651.796875
213     -96144.007812
214     -96633.664062
215     -97125.804688
216     -97617.609375
217     -98107.101562
218     -98598.843750
219     -99088.656250
220     -99579.000000
221     -100067.890625
222     -100557.093750
223     -101043.968750
224     -101531.859375
225     -102018.562500
226     -102504.945312
227     -102990.695312
228     -103476.531250
229     -103960.984375
230     -104445.359375
231     -104930.054688
232     -105413.343750
233     -105894.046875
234     -106376.304688
235     -106856.640625
236     -107335.726562
237     -107816.437500
238     -108295.562500
239     -108773.546875
240     -109250.757812
241     -109727.054688
242     -110202.953125
243     -110678.328125
244     -111152.343750
245     -111625.914062
246     -112099.937500
247     -112571.617188
248     -113042.421875
249     -113512.031250
250     -113981.968750
251     -114449.671875
252     -114916.976562
253     -115384.140625
254     -115850.953125
255     -116314.468750
256     -116779.593750
257     -117241.296875
258     -117704.382812
259     -118165.703125
260     -118626.406250
261     -119084.500000
262     -119543.531250
263     -120000.312500
264     -120457.156250
265     -120912.984375
266     -121369.390625
267     -121820.640625
268     -122273.585938
269     -122724.500000
270     -123174.453125
271     -123623.945312
272     -124073.421875
273     -124519.687500
274     -124966.593750
275     -125410.296875
276     -125856.679688
277     -126298.453125
278     -126741.117188
279     -127182.546875
280     -127621.250000
281     -128059.851562
282     -128497.570312
283     -128935.085938
284     -129369.585938
285     -129805.484375
286     -130238.523438
287     -130671.585938
288     -131099.718750
289     -131530.312500
290     -131957.718750
291     -132385.125000
292     -132811.156250
293     -133235.031250
294     -133658.140625
295     -134080.171875
296     -134500.875000
297     -134921.593750
298     -135338.687500
299     -135755.812500
300     -136173.125000
301     -136587.734375
302     -136999.875000
303     -137411.703125
304     -137824.156250
305     -138233.656250
306     -138641.703125
307     -139049.843750
308     -139454.562500
309     -139858.281250
310     -140260.750000
311     -140662.796875
312     -141064.421875
313     -141463.359375
314     -141861.343750
315     -142260.328125
316     -142656.187500
317     -143047.812500
318     -143440.484375
319     -143831.343750
320     -144220.937500
321     -144609.187500
322     -144996.875000
323     -145381.125000
324     -145766.921875
325     -146149.187500
326     -146529.593750
327     -146912.281250
328     -147290.156250
329     -147665.968750
330     -148043.468750
331     -148417.593750
332     -148791.187500
333     -149162.734375
334     -149532.218750
335     -149902.000000
336     -150268.250000
337     -150635.437500
338     -150999.625000
339     -151363.375000
340     -151724.843750
341     -152087.625000
342     -152445.093750
343     -152802.656250
344     -153158.718750
345     -153512.609375
346     -153865.312500
347     -154219.562500
348     -154569.140625
349     -154918.531250
350     -155267.125000
351     -155612.281250
352     -155956.937500
353     -156300.593750
354     -156640.125000
355     -156981.453125
356     -157320.500000
357     -157657.437500
358     -157993.000000
359     -158326.203125
360     -158660.500000
361     -158992.125000
362     -159321.328125
363     -159651.062500
364     -159978.656250
365     -160304.593750
366     -160629.390625
367     -160951.609375
368     -161274.062500
369     -161594.890625
370     -161913.375000
371     -162230.156250
372     -162547.171875
373     -162862.343750
374     -163174.875000
375     -163487.671875
376     -163796.765625
377     -164105.515625
378     -164412.906250
379     -164719.453125
380     -165022.531250
381     -165324.531250
382     -165625.375000
383     -165924.656250
384     -166223.875000
385     -166520.656250
386     -166815.531250
387     -167108.031250
388     -167401.453125
389     -167690.906250
390     -167980.968750
391     -168269.312500
392     -168554.859375
393     -168841.796875
394     -169124.093750
395     -169405.140625
396     -169687.328125
397     -169964.781250
398     -170241.953125
399     -170518.593750
400     -170792.343750
401     -171065.578125
402     -171335.390625
403     -171605.593750
404     -171873.500000
405     -172141.562500
406     -172406.156250
407     -172671.109375
408     -172934.125000
409     -173194.125000
410     -173454.156250
411     -173712.093750
412     -173967.812500
413     -174223.890625
414     -174478.609375
415     -174730.906250
416     -174979.484375
417     -175230.937500
418     -175478.625000
419     -175725.437500
420     -175969.625000
421     -176214.718750
422     -176455.687500
423     -176695.156250
424     -176935.000000
425     -177172.000000
426     -177408.031250
427     -177644.187500
428     -177877.781250
429     -178108.843750
430     -178340.031250
431     -178570.484375
432     -178797.171875
433     -179024.484375
434     -179249.375000
435     -179474.453125
436     -179696.031250
437     -179918.546875
438     -180138.250000
439     -180357.281250
440     -180574.968750
441     -180789.218750
442     -181005.484375
443     -181219.843750
444     -181431.000000
445     -181642.046875
446     -181852.468750
447     -182061.656250
448     -182269.359375
449     -182474.140625
450     -182678.562500
451     -182881.312500
452     -183083.328125
453     -183282.968750
454     -183483.781250
455     -183682.031250
456     -183877.156250
457     -184071.281250
458     -184264.546875
459     -184457.328125
460     -184647.468750
461     -184836.375000
462     -185026.187500
463     -185212.562500
464     -185398.656250
465     -185582.703125
466     -185765.156250
467     -185946.593750
468     -186127.968750
469     -186306.750000
470     -186485.000000
471     -186660.968750
472     -186836.843750
473     -187011.031250
474     -187183.734375
475     -187354.453125
476     -187525.343750
477     -187694.281250
478     -187863.375000
479     -188030.437500
480     -188195.734375
481     -188359.562500
482     -188522.218750
483     -188683.125000
484     -188842.781250
485     -189001.781250
486     -189160.640625
487     -189316.593750
488     -189471.500000
489     -189625.390625
490     -189778.203125
491     -189930.484375
492     -190079.843750
493     -190230.218750
494     -190379.531250
495     -190525.843750
496     -190671.281250
497     -190818.093750
498     -190961.375000
499     -191103.156250
500     -191246.406250
501     -191386.562500
502     -191524.843750
503     -191663.578125
504     -191800.109375
505     -191937.093750
506     -192072.531250
507     -192208.031250
508     -192341.234375
509     -192472.656250
510     -192604.593750
511     -192733.656250
512     -192862.875000
513     -192991.343750
514     -193118.500000
515     -193244.437500
516     -193369.750000
517     -193493.781250
518     -193617.937500
519     -193739.421875
520     -193860.359375
521     -193980.500000
522     -194100.343750
523     -194219.375000
524     -194334.906250
525     -194450.484375
526     -194567.406250
527     -194680.781250
528     -194792.937500
529     -194906.234375
530     -195015.578125
531     -195125.546875
532     -195234.781250
533     -195342.015625
534     -195450.125000
535     -195555.953125
536     -195659.500000
537     -195764.593750
538     -195867.328125
539     -195969.031250
540     -196071.281250
541     -196170.390625
542     -196270.843750
543     -196369.875000
544     -196466.156250
545     -196563.906250
546     -196660.437500
547     -196755.562500
548     -196849.906250
549     -196943.375000
550     -197036.609375
551     -197128.156250
552     -197219.062500
553     -197309.375000
554     -197398.734375
555     -197487.484375
556     -197576.312500
557     -197662.578125
558     -197749.640625
559     -197835.625000
560     -197920.281250
561     -198004.359375
562     -198088.546875
563     -198171.781250
564     -198252.562500
565     -198333.468750
566     -198413.578125
567     -198493.546875
568     -198572.250000
569     -198649.750000
570     -198726.609375
571     -198802.875000
572     -198879.187500
573     -198954.125000
574     -199028.125000
575     -199101.765625
576     -199175.109375
577     -199246.921875
578     -199319.062500
579     -199390.687500
580     -199460.937500
581     -199530.125000
582     -199599.718750
583     -199669.000000
584     -199736.515625
585     -199804.703125
586     -199871.500000
587     -199937.781250
588     -200003.984375
589     -200068.875000
590     -200134.296875
591     -200197.906250
592     -200262.437500
593     -200324.250000
594     -200387.484375
595     -200450.343750
596     -200511.218750
597     -200571.562500
598     -200631.390625
599     -200691.734375
600     -200749.687500
601     -200808.812500
602     -200866.843750
603     -200923.890625
604     -200981.750000
605     -201037.281250
606     -201093.875000
607     -201149.031250
608     -201203.875000
609     -201258.500000
610     -201311.406250
611     -201365.312500
612     -201418.125000
613     -201469.406250
614     -201521.656250
615     -201572.500000
616     -201622.968750
617     -201673.578125
618     -201722.765625
619     -201773.046875
620     -201822.500000
621     -201870.593750
622     -201919.187500
623     -201966.156250
624     -202013.640625
625     -202060.796875
626     -202106.968750
627     -202153.515625
628     -202197.750000
629     -202243.843750
630     -202287.562500
631     -202332.796875
632     -202375.875000
633     -202419.890625
634     -202462.875000
635     -202505.343750
636     -202547.656250
637     -202589.609375
638     -202630.937500
639     -202671.375000
640     -202712.343750
641     -202753.000000
642     -202793.156250
643     -202832.906250
644     -202872.296875
645     -202911.375000
646     -202950.125000
647     -202988.750000
648     -203026.718750
649     -203064.468750
650     -203101.328125
651     -203138.218750
652     -203174.750000
653     -203211.390625
654     -203247.468750
655     -203282.015625
656     -203316.750000
657     -203351.125000
658     -203386.187500
659     -203419.625000
660     -203453.640625
661     -203487.437500
662     -203520.937500
663     -203553.718750
664     -203586.671875
665     -203619.140625
666     -203651.828125
667     -203683.453125
668     -203715.906250
669     -203747.000000
670     -203778.546875
671     -203809.140625
672     -203840.031250
673     -203870.781250
674     -203900.984375
675     -203931.062500
676     -203960.843750
677     -203990.750000
678     -204019.906250
679     -204049.828125
680     -204078.234375
681     -204107.375000
682     -204135.250000
683     -204164.218750
684     -204192.343750
685     -204219.625000
686     -204247.750000
687     -204274.828125
688     -204302.281250
689     -204329.156250
690     -204355.687500
691     -204382.406250
692     -204408.781250
693     -204434.468750
694     -204460.031250
695     -204485.625000
696     -204510.859375
697     -204535.500000
698     -204560.125000
699     -204584.781250
700     -204609.015625
701     -204633.296875
702     -204657.187500
703     -204681.093750
704     -204704.578125
705     -204727.343750
706     -204751.000000
707     -204774.156250
708     -204796.843750
709     -204819.312500
710     -204841.687500
711     -204864.281250
712     -204886.593750
713     -204908.593750
714     -204930.562500
715     -204952.203125
716     -204974.781250
717     -204996.015625
718     -205017.312500
719     -205039.156250
720     -205060.093750
721     -205081.078125
722     -205102.296875
723     -205123.312500
724     -205144.031250
725     -205164.734375
726     -205185.281250
727     -205205.593750
728     -205226.125000
729     -205246.296875
730     -205266.578125
731     -205286.625000
732     -205306.656250
733     -205326.343750
734     -205345.921875
735     -205365.218750
736     -205384.500000
737     -205404.250000
738     -205423.140625
739     -205442.281250
740     -205460.906250
741     -205480.031250
742     -205498.625000
743     -205517.453125
744     -205535.593750
745     -205553.937500
746     -205572.312500
747     -205590.406250
748     -205608.125000
749     -205626.000000
750     -205643.718750
751     -205661.296875
752     -205678.687500
753     -205695.906250
754     -205713.265625
755     -205730.375000
756     -205747.250000
757     -205764.312500
758     -205781.000000
759     -205797.687500
760     -205814.375000
761     -205831.000000
762     -205847.765625
763     -205863.953125
764     -205880.156250
765     -205896.375000
766     -205912.187500
767     -205927.921875
768     -205943.906250
769     -205959.437500
770     -205974.968750
771     -205990.000000
772     -206005.593750
773     -206021.062500
774     -206036.062500
775     -206051.375000
776     -206066.500000
777     -206081.687500
778     -206096.468750
779     -206111.000000
780     -206126.406250
781     -206140.718750
782     -206155.531250
783     -206170.093750
784     -206184.593750
785     -206198.906250
786     -206213.312500
787     -206227.750000
788     -206242.156250
789     -206256.296875
790     -206270.687500
791     -206284.468750
792     -206298.421875
793     -206312.281250
794     -206326.453125
795     -206340.031250
796     -206354.171875
797     -206367.531250
798     -206381.187500
799     -206394.656250
800     -206407.968750
801     -206421.484375
802     -206434.625000
803     -206447.906250
804     -206460.937500
805     -206474.031250
806     -206487.281250
807     -206500.218750
808     -206512.937500
809     -206525.906250
810     -206538.687500
811     -206551.437500
812     -206564.031250
813     -206576.687500
814     -206589.375000
815     -206601.656250
816     -206614.421875
817     -206626.765625
818     -206639.078125
819     -206651.109375
820     -206663.718750
821     -206675.734375
822     -206687.656250
823     -206700.015625
824     -206712.093750
825     -206723.937500
826     -206735.859375
827     -206747.906250
828     -206760.031250
829     -206771.765625
830     -206783.609375
831     -206795.546875
832     -206807.250000
833     -206818.921875
834     -206830.390625
835     -206842.062500
836     -206853.687500
837     -206865.406250
838     -206876.578125
839     -206888.312500
840     -206899.406250
841     -206910.843750
842     -206922.171875
843     -206933.250000
844     -206944.406250
845     -206955.468750
846     -206966.656250
847     -206977.468750
848     -206988.406250
849     -206999.687500
850     -207010.281250
851     -207021.125000
852     -207031.609375
853     -207042.625000
854     -207053.140625
855     -207063.546875
856     -207074.234375
857     -207084.781250
858     -207095.218750
859     -207105.531250
860     -207116.000000
861     -207126.437500
862     -207136.500000
863     -207146.703125
864     -207156.859375
865     -207167.078125
866     -207177.312500
867     -207187.343750
868     -207197.437500
869     -207207.203125
870     -207217.281250
871     -207227.000000
872     -207236.921875
873     -207246.375000
874     -207256.218750
875     -207265.875000
876     -207275.484375
877     -207284.906250
878     -207294.718750
879     -207304.140625
880     -207313.437500
881     -207323.125000
882     -207332.406250
883     -207341.812500
884     -207351.062500
885     -207360.468750
886     -207369.453125
887     -207378.687500
888     -207387.921875
889     -207396.906250
890     -207405.984375
891     -207415.250000
892     -207424.000000
893     -207432.656250
894     -207441.687500
895     -207450.500000
896     -207459.500000
897     -207468.093750
898     -207476.890625
899     -207485.468750
900     -207494.000000
901     -207502.968750
902     -207511.515625
903     -207520.078125
904     -207528.281250
905     -207537.109375
906     -207545.343750
907     -207553.734375
908     -207562.093750
909     -207570.406250
910     -207578.609375
911     -207587.000000
912     -207595.250000
913     -207603.093750
914     -207611.359375
915     -207619.359375
916     -207627.468750
917     -207635.203125
918     -207643.343750
919     -207651.187500
920     -207659.000000
921     -207667.234375
922     -207674.906250
923     -207682.437500
924     -207690.500000
925     -207698.281250
926     -207706.015625
927     -207713.703125
928     -207720.968750
929     -207728.796875
930     -207736.390625
931     -207743.671875
932     -207751.656250
933     -207759.156250
934     -207766.531250
935     -207774.218750
936     -207781.390625
937     -207788.609375
938     -207796.359375
939     -207803.515625
940     -207810.812500
941     -207818.046875
942     -207825.312500
943     -207832.343750
944     -207839.468750
945     -207846.328125
946     -207853.500000
947     -207860.703125
948     -207867.609375
949     -207874.562500
950     -207881.437500
951     -207888.406250
952     -207895.265625
953     -207902.062500
954     -207908.843750
955     -207915.843750
956     -207922.625000
957     -207929.250000
958     -207936.125000
959     -207943.000000
960     -207949.437500
961     -207956.218750
962     -207962.703125
963     -207969.437500
964     -207976.156250
965     -207982.406250
966     -207988.984375
967     -207995.562500
968     -208002.109375
969     -208008.328125
970     -208015.015625
971     -208021.531250
972     -208028.031250
973     -208034.156250
974     -208040.468750
975     -208047.093750
976     -208053.156250
977     -208059.640625
978     -208066.000000
979     -208072.156250
980     -208078.390625
981     -208084.625000
982     -208090.734375
983     -208096.968750
984     -208103.187500
985     -208109.500000
986     -208115.750000
987     -208121.843750
988     -208127.984375
989     -208134.031250
990     -208140.234375
991     -208146.343750
992     -208152.343750
993     -208158.531250
994     -208164.390625
995     -208170.375000
996     -208176.375000
997     -208182.281250
998     -208188.406250
999     -208194.203125
1000    -208200.093750
1001    -208206.156250
1002    -208212.078125
1003    -208217.890625
1004    -208223.671875
1005    -208229.515625
1006    -208235.234375
1007    -208241.000000
1008    -208246.937500
1009    -208252.484375
1010    -208258.375000
1011    -208264.046875
1012    -208269.781250
1013    -208275.625000
1014    -208281.031250
1015    -208286.609375
1016    -208292.343750
1017    -208297.937500
1018    -208303.781250
1019    -208309.468750
1020    -208314.937500
1021    -208320.640625
1022    -208326.093750
1023    -208331.890625
1024    -208337.250000
1025    -208342.656250
1026    -208348.343750
1027    -208353.625000
1028    -208359.312500
1029    -208364.781250
1030    -208370.187500
1031    -208375.546875
1032    -208381.187500
1033    -208386.609375
1034    -208391.750000
1035    -208397.281250
1036    -208402.625000
1037    -208407.906250
1038    -208413.296875
1039    -208418.468750
1040    -208423.781250
1041    -208428.937500
1042    -208434.562500
1043    -208439.765625
1044    -208444.843750
1045    -208449.812500
1046    -208455.078125
1047    -208460.203125
1048    -208465.531250
1049    -208470.656250
1050    -208475.750000
1051    -208480.859375
1052    -208485.843750
1053    -208490.890625
1054    -208495.750000
1055    -208500.781250
1056    -208505.687500
1057    -208510.500000
1058    -208515.453125
1059    -208520.562500
1060    -208525.375000
1061    -208530.203125
1062    -208535.281250
1063    -208540.078125
1064    -208545.015625
1065    -208549.843750
1066    -208554.546875
1067    -208559.625000
1068    -208564.171875
1069    -208569.156250
1070    -208574.015625
1071    -208578.765625
1072    -208583.468750
1073    -208588.625000
1074    -208592.968750
1075    -208597.859375
1076    -208602.515625
1077    -208607.250000
1078    -208611.937500
1079    -208616.625000
1080    -208621.218750
1081    -208626.031250
1082    -208630.734375
1083    -208635.343750
1084    -208639.984375
1085    -208644.406250
1086    -208649.203125
1087    -208653.906250
1088    -208658.562500
1089    -208663.062500
1090    -208667.656250
1091    -208672.234375
1092    -208676.718750
1093    -208681.281250
1094    -208686.093750
1095    -208690.312500
1096    -208694.843750
1097    -208699.468750
1098    -208704.125000
1099    -208708.375000
1100    -208712.812500
1101    -208717.109375
1102    -208721.765625
1103    -208726.375000
1104    -208730.546875
1105    -208734.812500
1106    -208739.390625
1107    -208743.687500
1108    -208747.984375
1109    -208752.218750
1110    -208756.515625
1111    -208760.718750
1112    -208764.859375
1113    -208769.453125
1114    -208773.734375
1115    -208777.968750
1116    -208782.328125
1117    -208786.484375
1118    -208790.578125
1119    -208794.593750
1120    -208798.843750
1121    -208802.828125
1122    -208807.468750
1123    -208811.328125
1124    -208815.390625
1125    -208819.531250
1126    -208823.484375
1127    -208827.656250
1128    -208831.890625
1129    -208835.828125
1130    -208839.937500
1131    -208843.812500
1132    -208848.140625
1133    -208851.984375
1134    -208856.125000
1135    -208859.875000
1136    -208863.937500
1137    -208867.906250
1138    -208871.906250
1139    -208875.734375
1140    -208879.781250
1141    -208883.625000
1142    -208887.609375
1143    -208891.546875
1144    -208895.359375
1145    -208899.187500
1146    -208903.125000
1147    -208907.015625
1148    -208910.812500
1149    -208914.640625
1150    -208918.468750
1151    -208922.343750
1152    -208926.218750
1153    -208929.984375
1154    -208933.906250
1155    -208937.500000
1156    -208941.453125
1157    -208945.062500
1158    -208948.953125
1159    -208952.609375
1160    -208956.375000
1161    -208960.078125
1162    -208963.812500
1163    -208967.500000
1164    -208971.187500
1165    -208974.812500
1166    -208978.562500
1167    -208982.187500
1168    -208985.843750
1169    -208989.625000
1170    -208993.296875
1171    -208996.843750
1172    -209000.531250
1173    -209004.000000
1174    -209007.625000
1175    -209011.281250
1176    -209015.000000
1177    -209018.343750
1178    -209021.937500
1179    -209025.500000
1180    -209029.093750
1181    -209032.296875
1182    -209036.031250
1183    -209039.359375
1184    -209042.921875
1185    -209046.390625
1186    -209049.843750
1187    -209053.250000
1188    -209056.921875
1189    -209060.500000
1190    -209063.812500
1191    -209067.109375
1192    -209070.593750
1193    -209073.968750
1194    -209077.406250
1195    -209080.921875
1196    -209084.328125
1197    -209087.578125
1198    -209091.078125
1199    -209094.375000
1200    -209097.812500
1201    -209101.187500
1202    -209104.562500
1203    -209108.031250
1204    -209111.281250
1205    -209114.625000
1206    -209117.875000
1207    -209121.250000
1208    -209124.515625
1209    -209127.765625
1210    -209131.031250
1211    -209134.375000
1212    -209137.578125
1213    -209140.781250
1214    -209144.031250
1215    -209147.093750
1216    -209150.562500
1217    -209153.750000
1218    -209156.968750
1219    -209160.203125
1220    -209163.312500
1221    -209166.562500
1222    -209169.921875
1223    -209172.906250
1224    -209176.078125
1225    -209179.093750
1226    -209182.312500
1227    -209185.609375
1228    -209188.750000
1229    -209191.828125
1230    -209194.875000
1231    -209198.000000
1232    -209201.109375
1233    -209204.250000
1234    -209207.515625
1235    -209210.437500
1236    -209213.453125
1237    -209216.750000
1238    -209219.515625
1239    -209222.734375
1240    -209225.750000
1241    -209228.843750
1242    -209231.703125
1243    -209234.843750
1244    -209237.671875
1245    -209240.750000
1246    -209243.812500
1247    -209246.875000
1248    -209249.687500
1249    -209252.531250
1250    -209255.718750
1251    -209258.531250
1252    -209261.468750
1253    -209264.500000
1254    -209267.312500
1255    -209270.265625
1256    -209273.296875
1257    -209276.109375
1258    -209279.093750
1259    -209281.921875
1260    -209284.906250
1261    -209287.687500
1262    -209290.656250
1263    -209293.468750
1264    -209296.187500
1265    -209299.000000
1266    -209301.984375
1267    -209304.875000
1268    -209307.640625
1269    -209310.609375
1270    -209313.500000
1271    -209316.281250
1272    -209319.140625
1273    -209321.859375
1274    -209324.703125
1275    -209327.500000
1276    -209330.343750
1277    -209333.093750
1278    -209335.937500
1279    -209338.625000
1280    -209341.453125
1281    -209344.281250
1282    -209347.000000
1283    -209349.703125
1284    -209352.234375
1285    -209355.093750
1286    -209357.937500
1287    -209360.578125
1288    -209363.187500
1289    -209365.968750
1290    -209368.578125
1291    -209371.156250
1292    -209373.984375
1293    -209376.531250
1294    -209379.312500
1295    -209381.765625
1296    -209384.625000
1297    -209387.218750
1298    -209389.625000
1299    -209392.343750
1300    -209394.968750
1301    -209397.562500
1302    -209400.062500
1303    -209402.640625
1304    -209405.218750
1305    -209407.812500
1306    -209410.312500
1307    -209412.765625
1308    -209415.343750
1309    -209417.937500
1310    -209420.375000
1311    -209422.890625
1312    -209425.531250
1313    -209427.906250
1314    -209430.562500
1315    -209433.031250
1316    -209435.625000
1317    -209438.031250
1318    -209440.500000
1319    -209442.953125
1320    -209445.390625
1321    -209447.906250
1322    -209450.312500
1323    -209452.812500
1324    -209455.234375
1325    -209457.812500
1326    -209460.000000
1327    -209462.484375
1328    -209464.906250
1329    -209467.468750
1330    -209469.812500
1331    -209472.250000
1332    -209474.593750
1333    -209477.140625
1334    -209479.609375
1335    -209481.968750
1336    -209484.312500
1337    -209486.718750
1338    -209489.125000
1339    -209491.500000
1340    -209493.750000
1341    -209496.312500
1342    -209498.531250
1343    -209500.937500
1344    -209503.359375
1345    -209505.625000
1346    -209508.093750
1347    -209510.484375
1348    -209512.625000
1349    -209515.000000
1350    -209517.375000
1351    -209519.796875
1352    -209521.781250
1353    -209524.265625
1354    -209526.515625
1355    -209528.968750
1356    -209531.062500
1357    -209533.343750
1358    -209535.671875
1359    -209538.000000
1360    -209540.218750
1361    -209542.437500
1362    -209544.781250
1363    -209546.843750
1364    -209549.140625
1365    -209551.421875
1366    -209553.562500
1367    -209555.968750
1368    -209558.062500
1369    -209560.406250
1370    -209562.562500
1371    -209564.750000
1372    -209566.937500
1373    -209569.156250
1374    -209571.343750
1375    -209573.562500
1376    -209575.656250
1377    -209577.875000
1378    -209580.203125
1379    -209582.296875
1380    -209584.500000
1381    -209586.890625
1382    -209588.875000
1383    -209591.171875
1384    -209593.156250
1385    -209595.406250
1386    -209597.656250
1387    -209599.781250
1388    -209601.968750
1389    -209603.984375
1390    -209606.296875
1391    -209608.312500
1392    -209610.468750
1393    -209612.500000
1394    -209614.781250
1395    -209616.906250
1396    -209619.015625
1397    -209621.156250
1398    -209623.218750
1399    -209625.250000
1400    -209627.437500
1401    -209629.578125
1402    -209631.750000
1403    -209633.875000
1404    -209635.890625
1405    -209637.953125
1406    -209640.187500
1407    -209642.125000
1408    -209644.359375
1409    -209646.406250
1410    -209648.484375
1411    -209650.562500
1412    -209652.687500
1413    -209654.687500
1414    -209656.890625
1415    -209658.953125
1416    -209661.000000
1417    -209662.968750
1418    -209665.093750
1419    -209667.125000
1420    -209669.031250
1421    -209671.093750
1422    -209673.187500
1423    -209675.265625
1424    -209677.218750
1425    -209679.156250
1426    -209681.250000
1427    -209683.187500
1428    -209685.156250
1429    -209687.281250
1430    -209689.250000
1431    -209691.281250
1432    -209693.250000
1433    -209695.218750
1434    -209697.156250
1435    -209699.156250
1436    -209701.109375
1437    -209703.140625
1438    -209705.062500
1439    -209706.968750
1440    -209708.781250
1441    -209710.875000
1442    -209712.812500
1443    -209714.734375
1444    -209716.625000
1445    -209718.421875
1446    -209720.312500
1447    -209722.281250
1448    -209724.218750
1449    -209726.062500
1450    -209728.031250
1451    -209729.828125
1452    -209731.765625
1453    -209733.781250
1454    -209735.609375
1455    -209737.343750
1456    -209739.406250
1457    -209741.171875
1458    -209743.093750
1459    -209745.093750
1460    -209746.828125
1461    -209748.781250
1462    -209750.781250
1463    -209752.437500
1464    -209754.265625
1465    -209756.265625
1466    -209758.250000
1467    -209760.015625
1468    -209761.875000
1469    -209763.812500
1470    -209765.593750
1471    -209767.390625
1472    -209769.343750
1473    -209771.218750
1474    -209772.984375
1475    -209774.937500
1476    -209776.812500
1477    -209778.593750
1478    -209780.343750
1479    -209782.140625
1480    -209784.062500
1481    -209785.968750
1482    -209787.843750
1483    -209789.484375
1484    -209791.390625
1485    -209793.343750
1486    -209795.031250
1487    -209796.843750
1488    -209798.625000
1489    -209800.578125
1490    -209802.453125
1491    -209804.171875
1492    -209805.968750
1493    -209807.750000
1494    -209809.656250
1495    -209811.359375
1496    -209813.156250
1497    -209815.000000
1498    -209816.890625
1499    -209818.656250
1500    -209820.328125
1501    -209822.281250
1502    -209824.031250
1503    -209825.890625
1504    -209827.562500
1505    -209829.390625
1506    -209831.187500
1507    -209832.906250
1508    -209834.656250
1509    -209836.500000
1510    -209838.250000
1511    -209839.984375
1512    -209841.781250
1513    -209843.515625
1514    -209845.343750
1515    -209847.171875
1516    -209848.843750
1517    -209850.468750
1518    -209852.343750
1519    -209853.984375
1520    -209855.718750
1521    -209857.500000
1522    -209859.312500
1523    -209860.937500
1524    -209862.640625
1525    -209864.500000
1526    -209866.156250
1527    -209867.984375
1528    -209869.484375
1529    -209871.250000
1530    -209873.031250
1531    -209874.843750
1532    -209876.484375
1533    -209878.156250
1534    -209879.843750
1535    -209881.687500
1536    -209883.312500
1537    -209884.968750
1538    -209886.625000
1539    -209888.359375
1540    -209890.000000
1541    -209891.625000
1542    -209893.468750
1543    -209895.062500
1544    -209896.687500
1545    -209898.437500
1546    -209900.093750
1547    -209901.734375
1548    -209903.328125
1549    -209904.843750
1550    -209906.515625
1551    -209908.250000
1552    -209909.906250
1553    -209911.453125
1554    -209913.000000
1555    -209914.625000
1556    -209916.468750
1557    -209917.937500
1558    -209919.500000
1559    -209921.250000
1560    -209922.687500
1561    -209924.468750
1562    -209925.906250
1563    -209927.578125
1564    -209929.156250
1565    -209930.812500
1566    -209932.343750
1567    -209933.875000
1568    -209935.484375
1569    -209937.062500
1570    -209938.546875
1571    -209940.187500
1572    -209941.781250
1573    -209943.406250
1574    -209944.906250
1575    -209946.406250
1576    -209947.968750
1577    -209949.531250
1578    -209951.031250
1579    -209952.593750
1580    -209954.234375
1581    -209955.718750
1582    -209957.093750
1583    -209958.687500
1584    -209960.234375
1585    -209961.718750
1586    -209963.265625
1587    -209964.703125
1588    -209966.250000
1589    -209967.765625
1590    -209969.218750
1591    -209970.765625
1592    -209972.281250
1593    -209973.687500
1594    -209975.156250
1595    -209976.765625
1596    -209978.109375
1597    -209979.640625
1598    -209981.125000
1599    -209982.578125
1600    -209984.140625
1601    -209985.468750
1602    -209986.906250
1603    -209988.296875
1604    -209989.796875
1605    -209991.234375
1606    -209992.687500
1607    -209994.109375
1608    -209995.562500
1609    -209997.000000
1610    -209998.406250
1611    -209999.781250
1612    -210001.218750
1613    -210002.671875
1614    -210004.078125
1615    -210005.375000
1616    -210006.843750
1617    -210008.343750
1618    -210009.687500
1619    -210011.015625
1620    -210012.500000
1621    -210013.875000
1622    -210015.187500
1623    -210016.578125
1624    -210018.093750
1625    -210019.453125
1626    -210020.796875
1627    -210022.125000
1628    -210023.625000
1629    -210024.906250
1630    -210026.343750
1631    -210027.625000
1632    -210029.125000
1633    -210030.406250
1634    -210031.843750
1635    -210033.093750
1636    -210034.468750
1637    -210035.968750
1638    -210037.218750
1639    -210038.625000
1640    -210040.062500
1641    -210041.312500
1642    -210042.750000
1643    -210043.968750
1644    -210045.468750
1645    -210046.812500
1646    -210048.156250
1647    -210049.406250
1648    -210050.843750
1649    -210052.171875
1650    -210053.406250
1651    -210054.750000
1652    -210056.109375
1653    -210057.406250
1654    -210058.718750
1655    -210059.875000
1656    -210061.375000
1657    -210062.671875
1658    -210063.968750
1659    -210065.250000
1660    -210066.625000
1661    -210067.796875
1662    -210069.218750
1663    -210070.406250
1664    -210071.843750
1665    -210073.078125
1666    -210074.343750
1667    -210075.718750
1668    -210076.968750
1669    -210078.156250
1670    -210079.593750
1671    -210080.734375
1672    -210081.968750
1673    -210083.343750
1674    -210084.546875
1675    -210085.718750
1676    -210087.031250
1677    -210088.343750
1678    -210089.531250
1679    -210090.781250
1680    -210091.937500
1681    -210093.171875
1682    -210094.375000
1683    -210095.625000
1684    -210096.859375
1685    -210098.093750
1686    -210099.281250
1687    -210100.578125
1688    -210101.750000
1689    -210102.875000
1690    -210104.140625
1691    -210105.328125
1692    -210106.656250
1693    -210107.812500
1694    -210108.906250
1695    -210110.187500
1696    -210111.406250
1697    -210112.500000
1698    -210113.812500
1699    -210114.906250
1700    -210116.218750
1701    -210117.437500
1702    -210118.421875
1703    -210119.625000
1704    -210120.812500
1705    -210121.937500
1706    -210123.125000
1707    -210124.312500
1708    -210125.484375
1709    -210126.656250
1710    -210127.906250
1711    -210128.953125
1712    -210130.187500
1713    -210131.343750
1714    -210132.500000
1715    -210133.609375
1716    -210134.906250
1717    -210135.984375
1718    -210137.140625
1719    -210138.187500
1720    -210139.406250
1721    -210140.515625
1722    -210141.656250
1723    -210142.953125
1724    -210144.031250
1725    -210145.078125
1726    -210146.140625
1727    -210147.390625
1728    -210148.375000
1729    -210149.546875
1730    -210150.750000
1731    -210151.796875
1732    -210152.984375
1733    -210154.000000
1734    -210155.078125
1735    -210156.171875
1736    -210157.328125
1737    -210158.593750
1738    -210159.656250
1739    -210160.734375
1740    -210161.843750
1741    -210162.796875
1742    -210163.937500
1743    -210165.140625
1744    -210166.187500
1745    -210167.218750
1746    -210168.328125
1747    -210169.375000
1748    -210170.468750
1749    -210171.656250
1750    -210172.656250
1751    -210173.609375
1752    -210174.750000
1753    -210175.875000
1754    -210176.843750
1755    -210177.875000
1756    -210178.984375
1757    -210180.015625
1758    -210181.000000
1759    -210182.062500
1760    -210183.093750
1761    -210184.218750
1762    -210185.218750
1763    -210186.296875
1764    -210187.265625
1765    -210188.281250
1766    -210189.187500
1767    -210190.328125
1768    -210191.343750
1769    -210192.312500
1770    -210193.500000
1771    -210194.375000
1772    -210195.421875
1773    -210196.562500
1774    -210197.515625
1775    -210198.468750
1776    -210199.484375
1777    -210200.437500
1778    -210201.515625
1779    -210202.562500
1780    -210203.671875
1781    -210204.625000
1782    -210205.656250
1783    -210206.578125
1784    -210207.515625
1785    -210208.687500
1786    -210209.609375
1787    -210210.625000
1788    -210211.640625
1789    -210212.609375
1790    -210213.593750
1791    -210214.671875
1792    -210215.625000
1793    -210216.687500
1794    -210217.593750
1795    -210218.656250
1796    -210219.562500
1797    -210220.734375
1798    -210221.593750
1799    -210222.656250
1800    -210223.687500
1801    -210224.656250
1802    -210225.593750
1803    -210226.656250
1804    -210227.593750
1805    -210228.640625
1806    -210229.703125
1807    -210230.656250
1808    -210231.593750
1809    -210232.593750
1810    -210233.593750
1811    -210234.500000
1812    -210235.453125
1813    -210236.406250
1814    -210237.390625
1815    -210238.500000
1816    -210239.484375
1817    -210240.468750
1818    -210241.531250
1819    -210242.468750
1820    -210243.578125
1821    -210244.468750
1822    -210245.406250
1823    -210246.390625
1824    -210247.390625
1825    -210248.515625
1826    -210249.406250
1827    -210250.437500
1828    -210251.406250
1829    -210252.406250
1830    -210253.343750
1831    -210254.312500
1832    -210255.312500
1833    -210256.437500
1834    -210257.406250
1835    -210258.359375
1836    -210259.343750
1837    -210260.171875
1838    -210261.234375
1839    -210262.312500
1840    -210263.296875
1841    -210264.312500
1842    -210265.312500
1843    -210266.250000
1844    -210267.281250
1845    -210268.250000
1846    -210269.171875
1847    -210270.250000
1848    -210271.234375
1849    -210272.093750
1850    -210273.109375
1851    -210274.062500
1852    -210274.937500
1853    -210275.906250
1854    -210276.875000
1855    -210277.828125
1856    -210278.781250
1857    -210279.828125
1858    -210280.843750
1859    -210281.734375
1860    -210282.687500
1861    -210283.734375
1862    -210284.640625
1863    -210285.531250
1864    -210286.500000
1865    -210287.468750
1866    -210288.500000
1867    -210289.437500
1868    -210290.328125
1869    -210291.359375
1870    -210292.265625
1871    -210293.218750
1872    -210294.156250
1873    -210295.187500
1874    -210296.156250
1875    -210297.125000
1876    -210298.046875
1877    -210298.984375
1878    -210299.859375
1879    -210300.796875
1880    -210301.765625
1881    -210302.718750
1882    -210303.656250
1883    -210304.515625
1884    -210305.531250
1885    -210306.390625
1886    -210307.281250
1887    -210308.250000
1888    -210309.250000
1889    -210310.046875
1890    -210311.031250
1891    -210312.031250
1892    -210312.906250
1893    -210313.906250
1894    -210314.843750
1895    -210315.765625
1896    -210316.656250
1897    -210317.515625
1898    -210318.437500
1899    -210319.421875
1900    -210320.312500
1901    -210321.359375
1902    -210322.187500
1903    -210323.078125
1904    -210324.078125
1905    -210325.062500
1906    -210325.859375
1907    -210326.781250
1908    -210327.796875
1909    -210328.828125
1910    -210329.640625
1911    -210330.640625
1912    -210331.500000
1913    -210332.500000
1914    -210333.343750
1915    -210334.281250
1916    -210335.187500
1917    -210336.125000
1918    -210337.156250
1919    -210338.109375
1920    -210338.937500
1921    -210339.812500
1922    -210340.843750
1923    -210341.703125
1924    -210342.640625
1925    -210343.593750
1926    -210344.531250
1927    -210345.515625
1928    -210346.468750
1929    -210347.437500
1930    -210348.265625
1931    -210349.171875
1932    -210350.218750
1933    -210351.156250
1934    -210352.046875
1935    -210352.968750
1936    -210353.750000
1937    -210354.781250
1938    -210355.750000
1939    -210356.562500
1940    -210357.531250
1941    -210358.390625
1942    -210359.406250
1943    -210360.218750
1944    -210361.125000
1945    -210362.062500
1946    -210362.968750
1947    -210363.953125
1948    -210364.781250
1949    -210365.750000
1950    -210366.562500
1951    -210367.593750
1952    -210368.484375
1953    -210369.406250
1954    -210370.375000
1955    -210371.187500
1956    -210372.125000
1957    -210373.031250
1958    -210373.937500
1959    -210374.921875
1960    -210375.781250
1961    -210376.656250
1962    -210377.500000
1963    -210378.375000
1964    -210379.500000
1965    -210380.281250
1966    -210381.312500
1967    -210382.031250
1968    -210382.968750
1969    -210383.937500
1970    -210384.843750
1971    -210385.828125
1972    -210386.609375
1973    -210387.437500
1974    -210388.453125
1975    -210389.265625
1976    -210390.375000
1977    -210391.171875
1978    -210391.953125
1979    -210392.906250
1980    -210393.687500
1981    -210394.765625
1982    -210395.593750
1983    -210396.468750
1984    -210397.343750
1985    -210398.218750
1986    -210399.156250
1987    -210400.062500
1988    -210401.093750
1989    -210401.812500
1990    -210402.671875
1991    -210403.625000
1992    -210404.484375
1993    -210405.421875
1994    -210406.281250
1995    -210407.093750
1996    -210408.062500
1997    -210409.000000
1998    -210409.781250
1999    -210410.687500
2000    -210411.609375
2001    -210412.468750
2002    -210413.312500
2003    -210414.343750
2004    -210415.062500
2005    -210416.000000
2006    -210416.843750
2007    -210417.781250
2008    -210418.734375
2009    -210419.484375
2010    -210420.390625
2011    -210421.250000
2012    -210422.109375
2013    -210423.140625
2014    -210423.906250
2015    -210424.750000
2016    -210425.656250
2017    -210426.531250
2018    -210427.500000
2019    -210428.281250
2020    -210429.250000
2021    -210430.093750
2022    -210431.031250
2023    -210431.875000
2024    -210432.562500
2025    -210433.531250
2026    -210434.406250
2027    -210435.281250
2028    -210436.156250
2029    -210437.093750
2030    -210437.968750
2031    -210438.765625
2032    -210439.750000
2033    -210440.593750
2034    -210441.406250
2035    -210442.390625
2036    -210443.125000
2037    -210444.140625
2038    -210444.875000
2039    -210445.875000
2040    -210446.703125
2041    -210447.625000
2042    -210448.500000
2043    -210449.312500
2044    -210450.406250
2045    -210451.218750
2046    -210452.109375
2047    -210452.906250
2048    -210453.812500
2049    -210454.656250
2050    -210455.656250
2051    -210456.406250
2052    -210457.328125
2053    -210458.140625
2054    -210459.109375
2055    -210460.000000
2056    -210460.843750
2057    -210461.718750
2058    -210462.656250
2059    -210463.406250
2060    -210464.312500
2061    -210465.187500
2062    -210466.093750
2063    -210467.046875
2064    -210467.828125
2065    -210468.750000
2066    -210469.656250
2067    -210470.500000
2068    -210471.375000
2069    -210472.234375
2070    -210473.031250
2071    -210474.140625
2072    -210474.921875
2073    -210475.875000
2074    -210476.593750
2075    -210477.453125
2076    -210478.406250
2077    -210479.312500
2078    -210480.281250
2079    -210481.078125
2080    -210481.937500
2081    -210482.781250
2082    -210483.703125
2083    -210484.515625
2084    -210485.531250
2085    -210486.343750
2086    -210487.265625
2087    -210488.031250
2088    -210489.000000
2089    -210489.953125
2090    -210490.703125
2091    -210491.656250
2092    -210492.500000
2093    -210493.343750
2094    -210494.281250
2095    -210495.156250
2096    -210495.984375
2097    -210496.875000
2098    -210497.812500
2099    -210498.671875
2100    -210499.531250
2101    -210500.437500
2102    -210501.250000
2103    -210502.093750
2104    -210503.031250
2105    -210503.875000
2106    -210504.828125
2107    -210505.656250
2108    -210506.546875
2109    -210507.375000
2110    -210508.156250
2111    -210509.218750
2112    -210510.125000
2113    -210510.890625
2114    -210511.812500
2115    -210512.734375
2116    -210513.375000
2117    -210514.390625
2118    -210515.203125
2119    -210516.093750
2120    -210516.968750
2121    -210517.906250
2122    -210518.703125
2123    -210519.656250
2124    -210520.593750
2125    -210521.312500
2126    -210522.265625
2127    -210523.125000
2128    -210523.937500
2129    -210524.703125
2130    -210525.593750
2131    -210526.562500
2132    -210527.281250
2133    -210528.250000
2134    -210529.078125
2135    -210529.937500
2136    -210530.750000
2137    -210531.562500
2138    -210532.468750
2139    -210533.296875
2140    -210534.125000
2141    -210535.031250
2142    -210535.843750
2143    -210536.796875
2144    -210537.531250
2145    -210538.359375
2146    -210539.140625
2147    -210540.000000
2148    -210540.890625
2149    -210541.593750
2150    -210542.531250
2151    -210543.343750
2152    -210544.343750
2153    -210545.031250
2154    -210545.875000
2155    -210546.687500
2156    -210547.515625
2157    -210548.375000
2158    -210549.203125
2159    -210550.000000
2160    -210550.921875
2161    -210551.750000
2162    -210552.562500
2163    -210553.312500
2164    -210554.218750
2165    -210554.968750
2166    -210555.750000
2167    -210556.593750
2168    -210557.406250
2169    -210558.250000
2170    -210558.953125
2171    -210559.812500
2172    -210560.562500
2173    -210561.437500
2174    -210562.281250
2175    -210562.968750
2176    -210563.781250
2177    -210564.625000
2178    -210565.406250
2179    -210566.203125
2180    -210567.031250
2181    -210567.750000
2182    -210568.578125
2183    -210569.375000
2184    -210570.078125
2185    -210570.937500
2186    -210571.578125
2187    -210572.531250
2188    -210573.312500
2189    -210574.000000
2190    -210574.859375
2191    -210575.593750
2192    -210576.406250
2193    -210577.156250
2194    -210577.812500
2195    -210578.640625
2196    -210579.531250
2197    -210580.250000
2198    -210581.000000
2199    -210581.828125
2200    -210582.578125
2201    -210583.312500
2202    -210584.093750
2203    -210584.828125
2204    -210585.546875
2205    -210586.328125
2206    -210587.062500
2207    -210587.890625
2208    -210588.593750
2209    -210589.312500
2210    -210590.062500
2211    -210590.875000
2212    -210591.625000
2213    -210592.312500
2214    -210593.078125
2215    -210593.765625
2216    -210594.531250
2217    -210595.265625
2218    -210596.031250
2219    -210596.687500
2220    -210597.453125
2221    -210598.218750
2222    -210598.906250
2223    -210599.625000
2224    -210600.296875
2225    -210601.125000
2226    -210601.796875
2227    -210602.484375
2228    -210603.203125
2229    -210603.906250
2230    -210604.625000
2231    -210605.359375
2232    -210606.171875
2233    -210606.843750
2234    -210607.593750
2235    -210608.281250
2236    -210608.937500
2237    -210609.703125
2238    -210610.375000
2239    -210611.078125
2240    -210611.859375
2241    -210612.468750
2242    -210613.265625
2243    -210613.921875
2244    -210614.656250
2245    -210615.343750
2246    -210616.093750
2247    -210616.781250
2248    -210617.437500
2249    -210618.250000
2250    -210618.875000
2251    -210619.500000
2252    -210620.203125
2253    -210621.062500
2254    -210621.687500
2255    -210622.406250
2256    -210623.046875
2257    -210623.750000
2258    -210624.500000
2259    -210625.156250
2260    -210625.906250
2261    -210626.562500
2262    -210627.218750
2263    -210627.890625
2264    -210628.656250
2265    -210629.468750
2266    -210630.093750
2267    -210630.750000
2268    -210631.437500
2269    -210632.093750
2270    -210632.796875
2271    -210633.546875
2272    -210634.156250
2273    -210634.921875
2274    -210635.593750
2275    -210636.375000
2276    -210636.937500
2277    -210637.593750
2278    -210638.312500
2279    -210639.000000
2280    -210639.687500
2281    -210640.453125
2282    -210641.062500
2283    -210641.718750
2284    -210642.437500
2285    -210643.203125
2286    -210643.843750
2287    -210644.437500
2288    -210645.218750
2289    -210645.906250
2290    -210646.500000
2291    -210647.218750
2292    -210647.890625
2293    -210648.546875
2294    -210649.218750
2295    -210649.937500
2296    -210650.578125
2297    -210651.218750
2298    -210651.984375
2299    -210652.609375
2300    -210653.343750
2301    -210654.046875
2302    -210654.734375
2303    -210655.359375
2304    -210656.046875
2305    -210656.593750
2306    -210657.406250
2307    -210658.062500
2308    -210658.625000
2309    -210659.359375
2310    -210660.062500
2311    -210660.640625
2312    -210661.343750
2313    -210662.062500
2314    -210662.687500
2315    -210663.421875
2316    -210664.046875
2317    -210664.796875
2318    -210665.375000
2319    -210666.062500
2320    -210666.796875
2321    -210667.484375
2322    -210668.078125
2323    -210668.843750
2324    -210669.406250
2325    -210670.125000
2326    -210670.875000
2327    -210671.468750
2328    -210672.062500
2329    -210672.796875
2330    -210673.468750
2331    -210674.156250
2332    -210674.843750
2333    -210675.437500
2334    -210676.109375
2335    -210676.812500
2336    -210677.500000
2337    -210678.156250
2338    -210678.843750
2339    -210679.500000
2340    -210680.093750
2341    -210680.875000
2342    -210681.500000
2343    -210682.093750
2344    -210682.812500
2345    -210683.453125
2346    -210684.203125
2347    -210684.734375
2348    -210685.531250
2349    -210686.234375
2350    -210686.812500
2351    -210687.531250
2352    -210688.156250
2353    -210688.843750
2354    -210689.468750
2355    -210690.156250
2356    -210690.828125
2357    -210691.406250
2358    -210692.046875
2359    -210692.687500
2360    -210693.406250
2361    -210694.031250
2362    -210694.781250
2363    -210695.343750
2364    -210696.078125
2365    -210696.656250
2366    -210697.375000
2367    -210697.906250
2368    -210698.625000
2369    -210699.218750
2370    -210699.875000
2371    -210700.500000
2372    -210701.187500
2373    -210701.781250
2374    -210702.468750
2375    -210703.046875
2376    -210703.796875
2377    -210704.406250
2378    -210705.125000
2379    -210705.703125
2380    -210706.406250
2381    -210707.031250
2382    -210707.687500
2383    -210708.312500
2384    -210708.953125
2385    -210709.578125
2386    -210710.156250
2387    -210710.781250
2388    -210711.468750
2389    -210712.093750
2390    -210712.718750
2391    -210713.328125
2392    -210713.875000
2393    -210714.593750
2394    -210715.187500
2395    -210715.906250
2396    -210716.546875
2397    -210717.234375
2398    -210717.828125
2399    -210718.500000
2400    -210719.062500
2401    -210719.625000
2402    -210720.406250
2403    -210721.031250
2404    -210721.593750
2405    -210722.234375
2406    -210722.890625
2407    -210723.562500
2408    -210724.109375
2409    -210724.656250
2410    -210725.328125
2411    -210725.953125
2412    -210726.546875
2413    -210727.125000
2414    -210727.828125
2415    -210728.406250
2416    -210729.062500
2417    -210729.640625
2418    -210730.281250
2419    -210730.812500
2420    -210731.500000
2421    -210732.078125
2422    -210732.656250
2423    -210733.281250
2424    -210733.843750
2425    -210734.500000
2426    -210735.031250
2427    -210735.687500
2428    -210736.281250
2429    -210736.843750
2430    -210737.546875
2431    -210738.125000
2432    -210738.812500
2433    -210739.359375
2434    -210740.000000
2435    -210740.593750
2436    -210741.156250
2437    -210741.703125
2438    -210742.359375
2439    -210742.937500
2440    -210743.625000
2441    -210744.125000
2442    -210744.687500
2443    -210745.343750
2444    -210745.937500
2445    -210746.562500
2446    -210747.156250
2447    -210747.750000
2448    -210748.312500
2449    -210748.968750
2450    -210749.531250
2451    -210750.000000
2452    -210750.718750
2453    -210751.218750
2454    -210751.750000
2455    -210752.343750
2456    -210752.937500
2457    -210753.500000
2458    -210754.031250
2459    -210754.718750
2460    -210755.234375
2461    -210755.781250
2462    -210756.390625
2463    -210756.937500
2464    -210757.531250
2465    -210758.046875
2466    -210758.625000
2467    -210759.296875
2468    -210759.796875
2469    -210760.281250
2470    -210760.937500
2471    -210761.500000
2472    -210762.093750
2473    -210762.593750
2474    -210763.265625
2475    -210763.781250
2476    -210764.281250
2477    -210764.812500
2478    -210765.406250
2479    -210766.062500
2480    -210766.546875
2481    -210767.140625
2482    -210767.640625
2483    -210768.265625
2484    -210768.781250
2485    -210769.328125
2486    -210769.812500
2487    -210770.375000
2488    -210770.968750
2489    -210771.390625
2490    -210772.078125
2491    -210772.578125
2492    -210773.093750
2493    -210773.640625
2494    -210774.125000
2495    -210774.593750
2496    -210775.281250
2497    -210775.750000
2498    -210776.281250
2499    -210776.906250
2500    -210777.343750
2501    -210777.953125
2502    -210778.468750
2503    -210779.046875
2504    -210779.484375
2505    -210780.156250
2506    -210780.515625
2507    -210781.109375
2508    -210781.578125
2509    -210782.218750
2510    -210782.687500
2511    -210783.250000
2512    -210783.812500
2513    -210784.375000
2514    -210784.828125
2515    -210785.281250
2516    -210785.859375
2517    -210786.343750
2518    -210786.937500
2519    -210787.437500
2520    -210787.968750
2521    -210788.437500
2522    -210788.968750
2523    -210789.531250
2524    -210790.062500
2525    -210790.562500
2526    -210791.093750
2527    -210791.562500
2528    -210792.078125
2529    -210792.625000
2530    -210793.125000
2531    -210793.609375
2532    -210794.093750
2533    -210794.687500
2534    -210795.250000
2535    -210795.718750
2536    -210796.250000
2537    -210796.750000
2538    -210797.296875
2539    -210797.812500
2540    -210798.312500
2541    -210798.781250
2542    -210799.312500
2543    -210799.796875
2544    -210800.359375
2545    -210800.828125
2546    -210801.312500
2547    -210801.906250
2548    -210802.421875
2549    -210802.875000
2550    -210803.343750
2551    -210803.859375
2552    -210804.421875
2553    -210804.890625
2554    -210805.406250
2555    -210806.046875
2556    -210806.500000
2557    -210806.937500
2558    -210807.421875
2559    -210807.937500
2560    -210808.500000
2561    -210808.937500
2562    -210809.531250
2563    -210810.031250
2564    -210810.546875
2565    -210810.937500
2566    -210811.515625
2567    -210812.015625
2568    -210812.421875
2569    -210812.875000
2570    -210813.421875
2571    -210813.937500
2572    -210814.343750
2573    -210814.828125
2574    -210815.343750
2575    -210815.718750
2576    -210816.312500
2577    -210816.750000
2578    -210817.187500
2579    -210817.656250
2580    -210818.125000
2581    -210818.625000
2582    -210819.093750
2583    -210819.578125
2584    -210820.031250
2585    -210820.546875
2586    -210821.031250
2587    -210821.500000
2588    -210822.046875
2589    -210822.515625
2590    -210822.906250
2591    -210823.421875
2592    -210823.921875
2593    -210824.390625
2594    -210824.890625
2595    -210825.312500
2596    -210825.812500
2597    -210826.250000
2598    -210826.718750
2599    -210827.250000
2600    -210827.625000
2601    -210828.062500
2602    -210828.593750
2603    -210829.000000
2604    -210829.515625
2605    -210829.921875
2606    -210830.390625
2607    -210830.843750
2608    -210831.281250
2609    -210831.812500
2610    -210832.281250
2611    -210832.609375
2612    -210833.093750
2613    -210833.500000
2614    -210834.125000
2615    -210834.531250
2616    -210834.968750
2617    -210835.437500
2618    -210835.906250
2619    -210836.406250
2620    -210836.781250
2621    -210837.312500
2622    -210837.734375
2623    -210838.203125
2624    -210838.687500
2625    -210839.078125
2626    -210839.625000
2627    -210840.031250
2628    -210840.500000
2629    -210840.906250
2630    -210841.468750
2631    -210841.843750
2632    -210842.343750
2633    -210842.796875
2634    -210843.265625
2635    -210843.656250
2636    -210844.078125
2637    -210844.562500
2638    -210845.078125
2639    -210845.531250
2640    -210845.921875
2641    -210846.406250
2642    -210846.843750
2643    -210847.343750
2644    -210847.750000
2645    -210848.234375
2646    -210848.718750
2647    -210849.140625
2648    -210849.656250
2649    -210850.125000
2650    -210850.593750
2651    -210851.000000
2652    -210851.531250
2653    -210851.921875
2654    -210852.468750
2655    -210852.828125
2656    -210853.343750
2657    -210853.781250
2658    -210854.296875
2659    -210854.750000
2660    -210855.187500
2661    -210855.609375
2662    -210856.078125
2663    -210856.531250
2664    -210857.015625
2665    -210857.515625
2666    -210857.859375
2667    -210858.375000
2668    -210858.937500
2669    -210859.343750
2670    -210859.812500
2671    -210860.312500
2672    -210860.750000
2673    -210861.125000
2674    -210861.703125
2675    -210862.156250
2676    -210862.593750
2677    -210863.125000
2678    -210863.656250
2679    -210864.078125
2680    -210864.578125
2681    -210864.968750
2682    -210865.437500
2683    -210865.921875
2684    -210866.390625
2685    -210866.890625
2686    -210867.375000
2687    -210867.843750
2688    -210868.265625
2689    -210868.750000
2690    -210869.281250
2691    -210869.750000
2692    -210870.187500
2693    -210870.750000
2694    -210871.218750
2695    -210871.703125
2696    -210872.078125
2697    -210872.656250
2698    -210873.140625
2699    -210873.625000
2700    -210874.062500
2701    -210874.500000
2702    -210875.031250
2703    -210875.468750
2704    -210875.953125
2705    -210876.406250
2706    -210876.890625
2707    -210877.406250
2708    -210877.812500
2709    -210878.343750
2710    -210878.859375
2711    -210879.281250
2712    -210879.750000
2713    -210880.250000
2714    -210880.687500
2715    -210881.156250
2716    -210881.687500
2717    -210882.156250
2718    -210882.625000
2719    -210883.093750
2720    -210883.562500
2721    -210884.031250
2722    -210884.531250
2723    -210884.968750
2724    -210885.421875
2725    -210885.968750
2726    -210886.375000
2727    -210886.875000
2728    -210887.421875
2729    -210887.906250
2730    -210888.375000
2731    -210888.843750
2732    -210889.406250
2733    -210889.765625
2734    -210890.250000
2735    -210890.687500
2736    -210891.187500
2737    -210891.625000
2738    -210892.093750
2739    -210892.562500
2740    -210893.062500
2741    -210893.593750
2742    -210894.093750
2743    -210894.500000
2744    -210894.968750
2745    -210895.468750
2746    -210895.906250
2747    -210896.406250
2748    -210896.843750
2749    -210897.375000
2750    -210897.718750
2751    -210898.218750
2752    -210898.703125
2753    -210899.218750
2754    -210899.625000
2755    -210900.187500
2756    -210900.640625
2757    -210901.062500
2758    -210901.515625
2759    -210901.875000
2760    -210902.406250
2761    -210902.843750
2762    -210903.375000
2763    -210903.750000
2764    -210904.296875
2765    -210904.734375
2766    -210905.218750
2767    -210905.687500
2768    -210906.046875
2769    -210906.531250
2770    -210907.000000
2771    -210907.437500
2772    -210907.968750
2773    -210908.406250
2774    -210908.937500
2775    -210909.390625
2776    -210909.828125
2777    -210910.203125
2778    -210910.750000
2779    -210911.187500
2780    -210911.656250
2781    -210912.125000
2782    -210912.531250
2783    -210913.015625
2784    -210913.468750
2785    -210913.968750
2786    -210914.375000
2787    -210914.812500
2788    -210915.218750
2789    -210915.687500
2790    -210916.125000
2791    -210916.578125
2792    -210917.031250
2793    -210917.468750
2794    -210917.875000
2795    -210918.312500
2796    -210918.906250
2797    -210919.250000
2798    -210919.687500
2799    -210920.125000
2800    -210920.625000
2801    -210920.984375
2802    -210921.437500
2803    -210921.890625
2804    -210922.312500
2805    -210922.781250
2806    -210923.250000
2807    -210923.656250
2808    -210924.078125
2809    -210924.468750
2810    -210924.921875
2811    -210925.406250
2812    -210925.890625
2813    -210926.312500
2814    -210926.734375
2815    -210927.156250
2816    -210927.593750
2817    -210928.062500
2818    -210928.421875
2819    -210928.937500
2820    -210929.375000
2821    -210929.750000
2822    -210930.218750
2823    -210930.593750
2824    -210931.109375
2825    -210931.468750
2826    -210931.843750
2827    -210932.265625
2828    -210932.718750
2829    -210933.234375
2830    -210933.640625
2831    -210934.093750
2832    -210934.515625
2833    -210934.937500
2834    -210935.312500
2835    -210935.781250
2836    -210936.234375
2837    -210936.703125
2838    -210937.125000
2839    -210937.500000
2840    -210937.937500
2841    -210938.343750
2842    -210938.859375
2843    -210939.234375
2844    -210939.656250
2845    -210940.031250
2846    -210940.468750
2847    -210940.937500
2848    -210941.375000
2849    -210941.843750
2850    -210942.187500
2851    -210942.546875
2852    -210943.031250
2853    -210943.484375
2854    -210943.875000
2855    -210944.312500
2856    -210944.609375
2857    -210945.187500
2858    -210945.593750
2859    -210946.031250
2860    -210946.375000
2861    -210946.781250
2862    -210947.250000
2863    -210947.687500
2864    -210948.062500
2865    -210948.562500
2866    -210948.937500
2867    -210949.312500
2868    -210949.828125
2869    -210950.234375
2870    -210950.609375
2871    -210950.937500
2872    -210951.375000
2873    -210951.843750
2874    -210952.296875
2875    -210952.687500
2876    -210953.171875
2877    -210953.562500
2878    -210953.968750
2879    -210954.406250
2880    -210954.875000
2881    -210955.187500
2882    -210955.687500
2883    -210956.109375
2884    -210956.515625
2885    -210956.906250
2886    -210957.328125
2887    -210957.828125
2888    -210958.250000
2889    -210958.625000
2890    -210959.062500
2891    -210959.406250
2892    -210959.781250
2893    -210960.250000
2894    -210960.687500
2895    -210961.000000
2896    -210961.515625
2897    -210961.921875
2898    -210962.250000
2899    -210962.656250
2900    -210963.093750
2901    -210963.484375
2902    -210963.921875
2903    -210964.312500
2904    -210964.687500
2905    -210965.156250
2906    -210965.468750
2907    -210965.906250
2908    -210966.296875
2909    -210966.703125
2910    -210967.156250
2911    -210967.640625
2912    -210968.031250
2913    -210968.375000
2914    -210968.843750
2915    -210969.218750
2916    -210969.656250
2917    -210970.093750
2918    -210970.453125
2919    -210970.859375
2920    -210971.218750
2921    -210971.625000
2922    -210972.031250
2923    -210972.468750
2924    -210972.843750
2925    -210973.312500
2926    -210973.718750
2927    -210974.093750
2928    -210974.437500
2929    -210974.906250
2930    -210975.250000
2931    -210975.640625
2932    -210976.015625
2933    -210976.453125
2934    -210976.843750
2935    -210977.234375
2936    -210977.656250
2937    -210978.046875
2938    -210978.484375
2939    -210978.937500
2940    -210979.375000
2941    -210979.609375
2942    -210980.125000
2943    -210980.500000
2944    -210980.968750
2945    -210981.359375
2946    -210981.734375
2947    -210982.015625
2948    -210982.437500
2949    -210982.906250
2950    -210983.312500
2951    -210983.687500
2952    -210984.125000
2953    -210984.531250
2954    -210984.937500
2955    -210985.296875
2956    -210985.671875
2957    -210986.125000
2958    -210986.531250
2959    -210986.906250
2960    -210987.375000
2961    -210987.718750
2962    -210988.109375
2963    -210988.593750
2964    -210988.984375
2965    -210989.296875
2966    -210989.687500
2967    -210990.125000
2968    -210990.500000
2969    -210990.937500
2970    -210991.296875
2971    -210991.718750
2972    -210992.093750
2973    -210992.500000
2974    -210992.937500
2975    -210993.281250
2976    -210993.687500
2977    -210994.093750
2978    -210994.484375
2979    -210994.937500
2980    -210995.343750
2981    -210995.703125
2982    -210996.078125
2983    -210996.531250
2984    -210996.906250
2985    -210997.265625
2986    -210997.687500
2987    -210998.046875
2988    -210998.437500
2989    -210998.781250
2990    -210999.234375
2991    -210999.687500
2992    -210999.984375
2993    -211000.343750
2994    -211000.750000
2995    -211001.156250
2996    -211001.625000
2997    -211001.843750
2998    -211002.250000
2999    -211002.687500
3000    -211003.093750
3001    -211003.531250
3002    -211003.812500
3003    -211004.203125
3004    -211004.656250
3005    -211005.062500
3006    -211005.343750
3007    -211005.734375
3008    -211006.187500
3009    -211006.500000
3010    -211006.953125
3011    -211007.281250
3012    -211007.656250
3013    -211008.015625
3014    -211008.359375
3015    -211008.750000
3016    -211009.156250
3017    -211009.437500
3018    -211009.859375
3019    -211010.281250
3020    -211010.593750
3021    -211010.968750
3022    -211011.343750
3023    -211011.765625
3024    -211012.093750
3025    -211012.453125
3026    -211012.812500
3027    -211013.218750
3028    -211013.625000
3029    -211013.906250
3030    -211014.312500
3031    -211014.656250
3032    -211015.031250
3033    -211015.500000
3034    -211015.812500
3035    -211016.125000
3036    -211016.593750
3037    -211016.890625
3038    -211017.203125
3039    -211017.593750
3040    -211018.062500
3041    -211018.375000
3042    -211018.687500
3043    -211019.046875
3044    -211019.500000
3045    -211019.781250
3046    -211020.156250
3047    -211020.546875
3048    -211020.859375
3049    -211021.281250
3050    -211021.656250
3051    -211021.968750
3052    -211022.312500
3053    -211022.718750
3054    -211023.062500
3055    -211023.375000
3056    -211023.781250
3057    -211024.187500
3058    -211024.546875
3059    -211024.875000
3060    -211025.187500
3061    -211025.625000
3062    -211026.015625
3063    -211026.250000
3064    -211026.562500
3065    -211026.968750
3066    -211027.343750
3067    -211027.656250
3068    -211027.968750
3069    -211028.390625
3070    -211028.765625
3071    -211029.015625
3072    -211029.500000
3073    -211029.750000
3074    -211030.156250
3075    -211030.468750
3076    -211030.843750
3077    -211031.187500
3078    -211031.500000
3079    -211031.859375
3080    -211032.203125
3081    -211032.531250
3082    -211032.937500
3083    -211033.203125
3084    -211033.531250
3085    -211033.968750
3086    -211034.343750
3087    -211034.625000
3088    -211035.000000
3089    -211035.359375
3090    -211035.750000
3091    -211036.062500
3092    -211036.343750
3093    -211036.718750
3094    -211037.046875
3095    -211037.359375
3096    -211037.625000
3097    -211038.156250
3098    -211038.359375
3099    -211038.718750
3100    -211039.093750
3101    -211039.375000
3102    -211039.718750
3103    -211040.031250
3104    -211040.359375
3105    -211040.656250
3106    -211041.031250
3107    -211041.359375
3108    -211041.687500
3109    -211041.937500
3110    -211042.343750
3111    -211042.593750
3112    -211042.968750
3113    -211043.250000
3114    -211043.562500
3115    -211043.875000
3116    -211044.250000
3117    -211044.562500
3118    -211044.937500
3119    -211045.250000
3120    -211045.500000
3121    -211045.859375
3122    -211046.218750
3123    -211046.593750
3124    -211046.812500
3125    -211047.187500
3126    -211047.500000
3127    -211047.875000
3128    -211048.187500
3129    -211048.453125
3130    -211048.796875
3131    -211049.156250
3132    -211049.484375
3133    -211049.812500
3134    -211050.062500
3135    -211050.453125
3136    -211050.718750
3137    -211051.062500
3138    -211051.359375
3139    -211051.687500
3140    -211052.093750
3141    -211052.281250
3142    -211052.687500
3143    -211052.890625
3144    -211053.312500
3145    -211053.656250
3146    -211053.968750
3147    -211054.281250
3148    -211054.484375
3149    -211054.921875
3150    -211055.218750
3151    -211055.500000
3152    -211055.875000
3153    -211056.093750
3154    -211056.437500
3155    -211056.781250
3156    -211057.171875
3157    -211057.437500
3158    -211057.781250
3159    -211058.046875
3160    -211058.421875
3161    -211058.687500
3162    -211059.093750
3163    -211059.359375
3164    -211059.734375
3165    -211060.000000
3166    -211060.296875
3167    -211060.687500
3168    -211061.000000
3169    -211061.312500
3170    -211061.640625
3171    -211062.031250
3172    -211062.359375
3173    -211062.593750
3174    -211062.937500
3175    -211063.265625
3176    -211063.656250
3177    -211063.937500
3178    -211064.281250
3179    -211064.593750
3180    -211065.000000
3181    -211065.250000
3182    -211065.562500
3183    -211065.921875
3184    -211066.187500
3185    -211066.593750
3186    -211066.906250
3187    -211067.218750
3188    -211067.546875
3189    -211067.875000
3190    -211068.203125
3191    -211068.546875
3192    -211068.843750
3193    -211069.093750
3194    -211069.468750
3195    -211069.781250
3196    -211070.062500
3197    -211070.421875
3198    -211070.781250
3199    -211071.062500
3200    -211071.406250
3201    -211071.718750
3202    -211072.125000
3203    -211072.421875
3204    -211072.687500
3205    -211073.093750
3206    -211073.421875
3207    -211073.796875
3208    -211074.062500
3209    -211074.406250
3210    -211074.734375
3211    -211075.031250
3212    -211075.406250
3213    -211075.734375
3214    -211076.062500
3215    -211076.406250
3216    -211076.781250
3217    -211077.093750
3218    -211077.406250
3219    -211077.796875
3220    -211078.125000
3221    -211078.406250
3222    -211078.828125
3223    -211079.109375
3224    -211079.453125
3225    -211079.968750
3226    -211080.234375
3227    -211080.578125
3228    -211080.968750
3229    -211081.265625
3230    -211081.578125
3231    -211081.953125
3232    -211082.281250
3233    -211082.625000
3234    -211083.093750
3235    -211083.406250
3236    -211083.765625
3237    -211084.109375
3238    -211084.468750
3239    -211084.796875
3240    -211085.093750
3241    -211085.500000
3242    -211085.906250
3243    -211086.250000
3244    -211086.531250
3245    -211086.968750
3246    -211087.281250
3247    -211087.593750
3248    -211088.062500
3249    -211088.437500
3250    -211088.703125
3251    -211089.093750
3252    -211089.390625
3253    -211089.921875
3254    -211090.281250
3255    -211090.562500
3256    -211090.906250
3257    -211091.343750
3258    -211091.718750
3259    -211092.031250
3260    -211092.437500
3261    -211092.843750
3262    -211093.218750
3263    -211093.625000
3264    -211093.937500
3265    -211094.281250
3266    -211094.718750
3267    -211095.093750
3268    -211095.390625
3269    -211095.921875
3270    -211096.218750
3271    -211096.562500
3272    -211097.062500
3273    -211097.437500
3274    -211097.687500
3275    -211098.093750
3276    -211098.500000
3277    -211098.812500
3278    -211099.218750
3279    -211099.625000
3280    -211100.031250
3281    -211100.437500
3282    -211100.828125
3283    -211101.187500
3284    -211101.625000
3285    -211101.968750
3286    -211102.296875
3287    -211102.781250
3288    -211103.156250
3289    -211103.593750
3290    -211104.000000
3291    -211104.343750
3292    -211104.687500
3293    -211105.062500
3294    -211105.562500
3295    -211105.875000
3296    -211106.265625
3297    -211106.687500
3298    -211107.000000
3299    -211107.406250
3300    -211107.828125
3301    -211108.218750
3302    -211108.593750
3303    -211109.062500
3304    -211109.421875
3305    -211109.937500
3306    -211110.281250
3307    -211110.687500
3308    -211111.031250
3309    -211111.375000
3310    -211111.781250
3311    -211112.218750
3312    -211112.625000
3313    -211112.968750
3314    -211113.312500
3315    -211113.781250
3316    -211114.125000
3317    -211114.562500
3318    -211114.968750
3319    -211115.375000
3320    -211115.718750
3321    -211116.125000
3322    -211116.468750
3323    -211116.921875
3324    -211117.343750
3325    -211117.750000
3326    -211118.156250
3327    -211118.531250
3328    -211118.937500
3329    -211119.312500
3330    -211119.750000
3331    -211120.187500
3332    -211120.531250
3333    -211120.937500
3334    -211121.250000
3335    -211121.734375
3336    -211122.046875
3337    -211122.500000
3338    -211122.937500
3339    -211123.281250
3340    -211123.718750
3341    -211124.062500
3342    -211124.484375
3343    -211124.921875
3344    -211125.250000
3345    -211125.656250
3346    -211126.093750
3347    -211126.359375
3348    -211126.812500
3349    -211127.250000
3350    -211127.625000
3351    -211128.046875
3352    -211128.312500
3353    -211128.765625
3354    -211129.203125
3355    -211129.500000
3356    -211129.968750
3357    -211130.406250
3358    -211130.781250
3359    -211131.187500
3360    -211131.500000
3361    -211131.921875
3362    -211132.281250
3363    -211132.703125
3364    -211133.125000
3365    -211133.515625
3366    -211133.781250
3367    -211134.281250
3368    -211134.687500
3369    -211135.015625
3370    -211135.437500
3371    -211135.812500
3372    -211136.281250
3373    -211136.531250
3374    -211136.968750
3375    -211137.390625
3376    -211137.750000
3377    -211138.187500
3378    -211138.437500
3379    -211138.875000
3380    -211139.343750
3381    -211139.640625
3382    -211140.125000
3383    -211140.453125
3384    -211140.875000
3385    -211141.187500
3386    -211141.562500
3387    -211141.921875
3388    -211142.375000
3389    -211142.765625
3390    -211143.140625
3391    -211143.500000
3392    -211144.000000
3393    -211144.250000
3394    -211144.687500
3395    -211145.000000
3396    -211145.421875
3397    -211145.812500
3398    -211146.218750
3399    -211146.484375
3400    -211146.953125
3401    -211147.312500
3402    -211147.593750
3403    -211148.031250
3404    -211148.453125
3405    -211148.843750
3406    -211149.203125
3407    -211149.562500
3408    -211150.000000
3409    -211150.375000
3410    -211150.640625
3411    -211151.062500
3412    -211151.437500
3413    -211151.812500
3414    -211152.218750
3415    -211152.609375
3416    -211152.937500
3417    -211153.281250
3418    -211153.609375
3419    -211154.000000
3420    -211154.453125
3421    -211154.843750
3422    -211155.296875
3423    -211155.468750
3424    -211155.937500
3425    -211156.296875
3426    -211156.640625
3427    -211157.015625
3428    -211157.375000
3429    -211157.781250
3430    -211158.125000
3431    -211158.531250
3432    -211158.875000
3433    -211159.187500
3434    -211159.562500
3435    -211159.906250
3436    -211160.312500
3437    -211160.687500
3438    -211161.031250
3439    -211161.390625
3440    -211161.750000
3441    -211162.062500
3442    -211162.484375
3443    -211162.875000
3444    -211163.187500
3445    -211163.625000
3446    -211163.937500
3447    -211164.281250
3448    -211164.718750
3449    -211165.015625
3450    -211165.343750
3451    -211165.734375
3452    -211166.187500
3453    -211166.500000
3454    -211166.875000
3455    -211167.187500
3456    -211167.546875
3457    -211167.906250
3458    -211168.265625
3459    -211168.593750
3460    -211168.968750
3461    -211169.312500
3462    -211169.687500
3463    -211170.046875
3464    -211170.390625
3465    -211170.875000
3466    -211171.093750
3467    -211171.453125
3468    -211171.875000
3469    -211172.250000
3470    -211172.593750
3471    -211172.968750
3472    -211173.328125
3473    -211173.687500
3474    -211174.015625
3475    -211174.468750
3476    -211174.750000
3477    -211175.093750
3478    -211175.515625
3479    -211175.750000
3480    -211176.250000
3481    -211176.546875
3482    -211176.921875
3483    -211177.281250
3484    -211177.609375
3485    -211178.046875
3486    -211178.375000
3487    -211178.812500
3488    -211179.062500
3489    -211179.468750
3490    -211179.843750
3491    -211180.203125
3492    -211180.578125
3493    -211180.937500
3494    -211181.312500
3495    -211181.625000
3496    -211182.046875
3497    -211182.312500
3498    -211182.781250
3499    -211183.187500
3500    -211183.468750
3501    -211183.796875
3502    -211184.187500
3503    -211184.562500
3504    -211184.968750
3505    -211185.281250
3506    -211185.656250
3507    -211186.062500
3508    -211186.421875
3509    -211186.843750
3510    -211187.125000
3511    -211187.515625
3512    -211187.906250
3513    -211188.281250
3514    -211188.593750
3515    -211188.921875
3516    -211189.312500
3517    -211189.734375
3518    -211190.093750
3519    -211190.468750
3520    -211190.843750
3521    -211191.171875
3522    -211191.671875
3523    -211191.953125
3524    -211192.343750
3525    -211192.734375
3526    -211193.078125
3527    -211193.468750
3528    -211193.812500
3529    -211194.187500
3530    -211194.484375
3531    -211194.875000
3532    -211195.312500
3533    -211195.671875
3534    -211196.093750
3535    -211196.437500
3536    -211196.875000
3537    -211197.171875
3538    -211197.484375
3539    -211197.906250
3540    -211198.296875
3541    -211198.609375
3542    -211199.000000
3543    -211199.390625
3544    -211199.656250
3545    -211200.062500
3546    -211200.468750
3547    -211200.812500
3548    -211201.171875
3549    -211201.593750
3550    -211201.953125
3551    -211202.296875
3552    -211202.671875
3553    -211203.062500
3554    -211203.515625
3555    -211203.843750
3556    -211204.140625
3557    -211204.562500
3558    -211204.859375
3559    -211205.312500
3560    -211205.734375
3561    -211206.125000
3562    -211206.437500
3563    -211206.828125
3564    -211207.250000
3565    -211207.625000
3566    -211207.953125
3567    -211208.375000
3568    -211208.781250
3569    -211209.187500
3570    -211209.562500
3571    -211209.921875
3572    -211210.312500
3573    -211210.718750
3574    -211211.093750
3575    -211211.578125
3576    -211211.812500
3577    -211212.296875
3578    -211212.656250
3579    -211213.093750
3580    -211213.453125
3581    -211213.937500
3582    -211214.265625
3583    -211214.625000
3584    -211215.031250
3585    -211215.453125
3586    -211215.875000
3587    -211216.250000
3588    -211216.671875
3589    -211217.125000
3590    -211217.468750
3591    -211217.906250
3592    -211218.281250
3593    -211218.734375
3594    -211219.218750
3595    -211219.531250
3596    -211219.968750
3597    -211220.343750
3598    -211220.781250
3599    -211221.250000
3600    -211221.625000
3601    -211222.062500
3602    -211222.437500
3603    -211222.875000
3604    -211223.281250
3605    -211223.750000
3606    -211224.093750
3607    -211224.531250
3608    -211224.968750
3609    -211225.312500
3610    -211225.750000
3611    -211226.218750
3612    -211226.671875
3613    -211227.078125
3614    -211227.500000
3615    -211227.906250
3616    -211228.281250
3617    -211228.828125
3618    -211229.265625
3619    -211229.593750
3620    -211230.031250
3621    -211230.437500
3622    -211230.953125
3623    -211231.343750
3624    -211231.765625
3625    -211232.187500
3626    -211232.640625
3627    -211233.031250
3628    -211233.500000
3629    -211233.921875
3630    -211234.343750
3631    -211234.750000
3632    -211235.265625
3633    -211235.656250
3634    -211236.156250
3635    -211236.468750
3636    -211236.875000
3637    -211237.421875
3638    -211237.812500
3639    -211238.250000
3640    -211238.718750
3641    -211239.156250
3642    -211239.531250
3643    -211239.937500
3644    -211240.390625
3645    -211240.812500
3646    -211241.234375
3647    -211241.750000
3648    -211242.109375
3649    -211242.531250
3650    -211243.031250
3651    -211243.531250
3652    -211243.906250
3653    -211244.312500
3654    -211244.796875
3655    -211245.203125
3656    -211245.687500
3657    -211246.218750
3658    -211246.578125
3659    -211247.000000
3660    -211247.406250
3661    -211247.937500
3662    -211248.406250
3663    -211248.781250
3664    -211249.265625
3665    -211249.625000
3666    -211250.187500
3667    -211250.593750
3668    -211251.062500
3669    -211251.468750
3670    -211251.921875
3671    -211252.421875
3672    -211252.875000
3673    -211253.312500
3674    -211253.812500
3675    -211254.203125
3676    -211254.640625
3677    -211255.093750
3678    -211255.656250
3679    -211256.031250
3680    -211256.546875
3681    -211256.968750
3682    -211257.500000
3683    -211257.875000
3684    -211258.375000
3685    -211258.843750
3686    -211259.312500
3687    -211259.750000
3688    -211260.312500
3689    -211260.781250
3690    -211261.203125
3691    -211261.640625
3692    -211262.125000
3693    -211262.656250
3694    -211263.062500
3695    -211263.578125
3696    -211264.046875
3697    -211264.531250
3698    -211265.046875
3699    -211265.468750
3700    -211265.984375
3701    -211266.468750
3702    -211266.921875
3703    -211267.343750
3704    -211267.890625
3705    -211268.375000
3706    -211268.937500
3707    -211269.312500
3708    -211269.828125
3709    -211270.375000
3710    -211270.781250
3711    -211271.218750
3712    -211271.734375
3713    -211272.265625
3714    -211272.734375
3715    -211273.156250
3716    -211273.750000
3717    -211274.218750
3718    -211274.703125
3719    -211275.093750
3720    -211275.640625
3721    -211276.125000
3722    -211276.687500
3723    -211277.109375
3724    -211277.593750
3725    -211278.125000
3726    -211278.687500
3727    -211279.125000
3728    -211279.609375
3729    -211280.093750
3730    -211280.531250
3731    -211281.062500
3732    -211281.609375
3733    -211282.015625
3734    -211282.531250
3735    -211283.031250
3736    -211283.562500
3737    -211284.062500
3738    -211284.500000
3739    -211284.968750
3740    -211285.531250
3741    -211286.031250
3742    -211286.531250
3743    -211287.000000
3744    -211287.515625
3745    -211287.968750
3746    -211288.453125
3747    -211289.000000
3748    -211289.593750
3749    -211290.000000
3750    -211290.437500
3751    -211290.968750
3752    -211291.437500
3753    -211291.937500
3754    -211292.406250
3755    -211292.906250
3756    -211293.421875
3757    -211293.921875
3758    -211294.437500
3759    -211294.875000
3760    -211295.406250
3761    -211295.875000
3762    -211296.375000
3763    -211296.750000
3764    -211297.281250
3765    -211297.750000
3766    -211298.281250
3767    -211298.718750
3768    -211299.187500
3769    -211299.687500
3770    -211300.250000
3771    -211300.703125
3772    -211301.187500
3773    -211301.656250
3774    -211302.140625
3775    -211302.640625
3776    -211303.156250
3777    -211303.640625
3778    -211304.140625
3779    -211304.562500
3780    -211305.000000
3781    -211305.562500
3782    -211306.031250
3783    -211306.500000
3784    -211306.937500
3785    -211307.406250
3786    -211307.921875
3787    -211308.281250
3788    -211308.781250
3789    -211309.296875
3790    -211309.781250
3791    -211310.250000
3792    -211310.718750
3793    -211311.250000
3794    -211311.593750
3795    -211312.140625
3796    -211312.562500
3797    -211313.062500
3798    -211313.515625
3799    -211313.984375
3800    -211314.437500
3801    -211314.812500
3802    -211315.343750
3803    -211315.718750
3804    -211316.218750
3805    -211316.656250
3806    -211317.187500
3807    -211317.656250
3808    -211318.140625
3809    -211318.500000
3810    -211318.968750
3811    -211319.437500
3812    -211319.953125
3813    -211320.359375
3814    -211320.750000
3815    -211321.250000
3816    -211321.734375
3817    -211322.140625
3818    -211322.593750
3819    -211322.937500
3820    -211323.484375
3821    -211323.875000
3822    -211324.296875
3823    -211324.765625
3824    -211325.171875
3825    -211325.593750
3826    -211326.031250
3827    -211326.421875
3828    -211326.859375
3829    -211327.390625
3830    -211327.687500
3831    -211328.187500
3832    -211328.625000
3833    -211329.062500
3834    -211329.468750
3835    -211329.906250
3836    -211330.375000
3837    -211330.734375
3838    -211331.187500
3839    -211331.562500
3840    -211332.078125
3841    -211332.437500
3842    -211332.906250
3843    -211333.343750
3844    -211333.687500
3845    -211334.093750
3846    -211334.437500
3847    -211334.953125
3848    -211335.390625
3849    -211335.812500
3850    -211336.218750
3851    -211336.687500
3852    -211336.984375
3853    -211337.375000
3854    -211337.828125
3855    -211338.156250
3856    -211338.593750
3857    -211338.968750
3858    -211339.390625
3859    -211339.843750
3860    -211340.218750
3861    -211340.625000
3862    -211341.031250
3863    -211341.375000
3864    -211341.750000
3865    -211342.187500
3866    -211342.531250
3867    -211342.953125
3868    -211343.312500
3869    -211343.687500
3870    -211344.109375
3871    -211344.515625
3872    -211344.890625
3873    -211345.250000
3874    -211345.625000
3875    -211346.031250
3876    -211346.468750
3877    -211346.781250
3878    -211347.218750
3879    -211347.562500
3880    -211347.812500
3881    -211348.250000
3882    -211348.656250
3883    -211348.937500
3884    -211349.312500
3885    -211349.781250
3886    -211350.156250
3887    -211350.515625
3888    -211350.875000
3889    -211351.203125
3890    -211351.562500
3891    -211351.906250
3892    -211352.250000
3893    -211352.671875
3894    -211353.031250
3895    -211353.328125
3896    -211353.671875
3897    -211354.031250
3898    -211354.453125
3899    -211354.812500
3900    -211355.218750
3901    -211355.500000
3902    -211355.781250
3903    -211356.187500
3904    -211356.500000
3905    -211356.828125
3906    -211357.031250
3907    -211357.421875
3908    -211357.734375
3909    -211358.093750
3910    -211358.437500
3911    -211358.750000
3912    -211359.031250
3913    -211359.390625
3914    -211359.625000
3915    -211359.968750
3916    -211360.343750
3917    -211360.625000
3918    -211360.906250
3919    -211361.234375
3920    -211361.593750
3921    -211361.796875
3922    -211362.156250
3923    -211362.468750
3924    -211362.781250
3925    -211363.078125
3926    -211363.437500
3927    -211363.734375
3928    -211364.000000
3929    -211364.281250
3930    -211364.625000
3931    -211364.937500
3932    -211365.203125
3933    -211365.468750
3934    -211365.734375
3935    -211366.093750
3936    -211366.406250
3937    -211366.687500
3938    -211366.906250
3939    -211367.359375
3940    -211367.609375
3941    -211367.906250
3942    -211368.234375
3943    -211368.468750
3944    -211368.750000
3945    -211369.093750
3946    -211369.359375
3947    -211369.640625
3948    -211369.859375
3949    -211370.187500
3950    -211370.531250
3951    -211370.812500
3952    -211371.171875
3953    -211371.406250
3954    -211371.718750
3955    -211372.062500
3956    -211372.312500
3957    -211372.562500
3958    -211372.843750
3959    -211373.093750
3960    -211373.437500
3961    -211373.718750
3962    -211374.062500
3963    -211374.312500
3964    -211374.625000
3965    -211374.875000
3966    -211375.218750
3967    -211375.500000
3968    -211375.781250
3969    -211376.109375
3970    -211376.359375
3971    -211376.718750
3972    -211376.953125
3973    -211377.281250
3974    -211377.562500
3975    -211377.843750
3976    -211378.125000
3977    -211378.468750
3978    -211378.750000
3979    -211379.078125
3980    -211379.359375
3981    -211379.687500
3982    -211379.953125
3983    -211380.250000
3984    -211380.500000
3985    -211380.859375
3986    -211381.156250
3987    -211381.406250
3988    -211381.718750
3989    -211382.000000
3990    -211382.281250
3991    -211382.562500
3992    -211382.906250
3993    -211383.156250
3994    -211383.500000
3995    -211383.765625
3996    -211384.078125
3997    -211384.375000
3998    -211384.656250
3999    -211385.031250
4000    -211385.312500
4001    -211385.640625
4002    -211385.968750
4003    -211386.281250
4004    -211386.546875
4005    -211386.843750
4006    -211387.109375
4007    -211387.468750
4008    -211387.687500
4009    -211388.093750
4010    -211388.359375
4011    -211388.687500
4012    -211388.968750
4013    -211389.328125
4014    -211389.718750
4015    -211389.937500
4016    -211390.296875
4017    -211390.546875
4018    -211390.828125
4019    -211391.203125
4020    -211391.468750
4021    -211391.781250
4022    -211392.046875
4023    -211392.375000
4024    -211392.718750
4025    -211393.000000
4026    -211393.343750
4027    -211393.671875
4028    -211393.921875
4029    -211394.281250
4030    -211394.531250
4031    -211394.812500
4032    -211395.125000
4033    -211395.500000
4034    -211395.781250
4035    -211396.093750
4036    -211396.359375
4037    -211396.656250
4038    -211396.968750
4039    -211397.250000
4040    -211397.562500
4041    -211397.875000
4042    -211398.250000
4043    -211398.515625
4044    -211398.843750
4045    -211399.109375
4046    -211399.421875
4047    -211399.781250
4048    -211400.078125
4049    -211400.406250
4050    -211400.734375
4051    -211400.968750
4052    -211401.312500
4053    -211401.640625
4054    -211401.968750
4055    -211402.281250
4056    -211402.531250
4057    -211402.890625
4058    -211403.218750
4059    -211403.500000
4060    -211403.859375
4061    -211404.171875
4062    -211404.531250
4063    -211404.750000
4064    -211405.031250
4065    -211405.375000
4066    -211405.687500
4067    -211406.000000
4068    -211406.359375
4069    -211406.687500
4070    -211407.000000
4071    -211407.312500
4072    -211407.593750
4073    -211407.968750
4074    -211408.281250
4075    -211408.593750
4076    -211408.843750
4077    -211409.187500
4078    -211409.500000
4079    -211409.812500
4080    -211410.093750
4081    -211410.390625
4082    -211410.703125
4083    -211411.062500
4084    -211411.375000
4085    -211411.687500
4086    -211411.968750
4087    -211412.312500
4088    -211412.625000
4089    -211412.906250
4090    -211413.265625
4091    -211413.656250
4092    -211413.906250
4093    -211414.250000
4094    -211414.500000
4095    -211414.843750
4096    -211415.125000
4097    -211415.453125
4098    -211415.781250
4099    -211416.046875
4100    -211416.406250
4101    -211416.718750
4102    -211417.046875
4103    -211417.312500
4104    -211417.656250
4105    -211417.937500
4106    -211418.312500
4107    -211418.593750
4108    -211418.890625
4109    -211419.250000
4110    -211419.531250
4111    -211419.843750
4112    -211420.140625
4113    -211420.406250
4114    -211420.781250
4115    -211421.062500
4116    -211421.375000
4117    -211421.796875
4118    -211422.125000
4119    -211422.375000
4120    -211422.703125
4121    -211423.062500
4122    -211423.343750
4123    -211423.593750
4124    -211423.968750
4125    -211424.281250
4126    -211424.593750
4127    -211424.875000
4128    -211425.218750
4129    -211425.515625
4130    -211425.812500
4131    -211426.140625
4132    -211426.437500
4133    -211426.765625
4134    -211427.125000
4135    -211427.437500
4136    -211427.750000
4137    -211428.062500
4138    -211428.375000
4139    -211428.640625
4140    -211428.968750
4141    -211429.312500
4142    -211429.625000
4143    -211429.921875
4144    -211430.250000
4145    -211430.578125
4146    -211430.890625
4147    -211431.234375
4148    -211431.500000
4149    -211431.875000
4150    -211432.062500
4151    -211432.406250
4152    -211432.750000
4153    -211433.093750
4154    -211433.437500
4155    -211433.687500
4156    -211434.031250
4157    -211434.343750
4158    -211434.625000
4159    -211434.890625
4160    -211435.171875
4161    -211435.562500
4162    -211435.843750
4163    -211436.171875
4164    -211436.515625
4165    -211436.812500
4166    -211437.093750
4167    -211437.453125
4168    -211437.734375
4169    -211438.000000
4170    -211438.328125
4171    -211438.562500
4172    -211438.906250
4173    -211439.171875
4174    -211439.484375
4175    -211439.812500
4176    -211440.093750
4177    -211440.437500
4178    -211440.687500
4179    -211441.031250
4180    -211441.234375
4181    -211441.656250
4182    -211441.921875
4183    -211442.250000
4184    -211442.609375
4185    -211442.875000
4186    -211443.187500
4187    -211443.437500
4188    -211443.734375
4189    -211444.078125
4190    -211444.359375
4191    -211444.656250
4192    -211444.953125
4193    -211445.250000
4194    -211445.546875
4195    -211445.843750
4196    -211446.187500
4197    -211446.421875
4198    -211446.781250
4199    -211447.031250
4200    -211447.343750
4201    -211447.671875
4202    -211447.968750
4203    -211448.281250
4204    -211448.562500
4205    -211448.875000
4206    -211449.250000
4207    -211449.531250
4208    -211449.671875
4209    -211450.015625
4210    -211450.281250
4211    -211450.609375
4212    -211450.953125
4213    -211451.218750
4214    -211451.546875
4215    -211451.812500
4216    -211452.156250
4217    -211452.437500
4218    -211452.671875
4219    -211452.953125
4220    -211453.250000
4221    -211453.515625
4222    -211453.875000
4223    -211454.156250
4224    -211454.468750
4225    -211454.734375
4226    -211455.046875
4227    -211455.343750
4228    -211455.656250
4229    -211455.812500
4230    -211456.140625
4231    -211456.468750
4232    -211456.734375
4233    -211457.062500
4234    -211457.343750
4235    -211457.609375
4236    -211457.937500
4237    -211458.156250
4238    -211458.453125
4239    -211458.750000
4240    -211459.000000
4241    -211459.265625
4242    -211459.625000
4243    -211459.875000
4244    -211460.156250
4245    -211460.375000
4246    -211460.656250
4247    -211460.937500
4248    -211461.234375
4249    -211461.500000
4250    -211461.812500
4251    -211462.093750
4252    -211462.312500
4253    -211462.656250
4254    -211462.937500
4255    -211463.187500
4256    -211463.421875
4257    -211463.750000
4258    -211463.921875
4259    -211464.312500
4260    -211464.578125
4261    -211464.781250
4262    -211465.125000
4263    -211465.375000
4264    -211465.609375
4265    -211465.906250
4266    -211466.140625
4267    -211466.437500
4268    -211466.750000
4269    -211467.046875
4270    -211467.312500
4271    -211467.546875
4272    -211467.875000
4273    -211468.125000
4274    -211468.406250
4275    -211468.640625
4276    -211468.812500
4277    -211469.093750
4278    -211469.390625
4279    -211469.656250
4280    -211470.000000
4281    -211470.234375
4282    -211470.484375
4283    -211470.812500
4284    -211471.093750
4285    -211471.250000
4286    -211471.593750
4287    -211471.875000
4288    -211472.078125
4289    -211472.343750
4290    -211472.625000
4291    -211472.875000
4292    -211473.125000
4293    -211473.468750
4294    -211473.640625
4295    -211473.921875
4296    -211474.218750
4297    -211474.437500
4298    -211474.718750
4299    -211475.000000
4300    -211475.250000
4301    -211475.468750
4302    -211475.671875
4303    -211475.984375
4304    -211476.281250
4305    -211476.515625
4306    -211476.812500
4307    -211477.031250
4308    -211477.281250
4309    -211477.562500
4310    -211477.718750
4311    -211478.015625
4312    -211478.265625
4313    -211478.562500
4314    -211478.843750
4315    -211479.031250
4316    -211479.312500
4317    -211479.500000
4318    -211479.703125
4319    -211480.000000
4320    -211480.281250
4321    -211480.453125
4322    -211480.734375
4323    -211480.968750
4324    -211481.203125
4325    -211481.453125
4326    -211481.734375
4327    -211482.015625
4328    -211482.218750
4329    -211482.484375
4330    -211482.718750
4331    -211482.906250
4332    -211483.187500
4333    -211483.437500
4334    -211483.656250
4335    -211483.906250
4336    -211484.171875
4337    -211484.375000
4338    -211484.593750
4339    -211484.859375
4340    -211485.156250
4341    -211485.343750
4342    -211485.593750
4343    -211485.765625
4344    -211486.109375
4345    -211486.375000
4346    -211486.515625
4347    -211486.703125
4348    -211486.968750
4349    -211487.281250
4350    -211487.484375
4351    -211487.734375
4352    -211488.000000
4353    -211488.218750
4354    -211488.437500
4355    -211488.750000
4356    -211488.968750
4357    -211489.218750
4358    -211489.453125
4359    -211489.687500
4360    -211489.781250
4361    -211490.125000
4362    -211490.375000
4363    -211490.625000
4364    -211490.843750
4365    -211491.031250
4366    -211491.312500
4367    -211491.531250
4368    -211491.750000
4369    -211491.906250
4370    -211492.234375
4371    -211492.375000
4372    -211492.656250
4373    -211492.890625
4374    -211493.140625
4375    -211493.312500
4376    -211493.625000
4377    -211493.828125
4378    -211493.921875
4379    -211494.156250
4380    -211494.468750
4381    -211494.703125
4382    -211494.937500
4383    -211495.156250
4384    -211495.375000
4385    -211495.562500
4386    -211495.843750
4387    -211496.000000
4388    -211496.250000
4389    -211496.453125
4390    -211496.718750
4391    -211496.875000
4392    -211497.093750
4393    -211497.343750
4394    -211497.531250
4395    -211497.765625
4396    -211497.984375
4397    -211498.062500
4398    -211498.312500
4399    -211498.515625
4400    -211498.718750
4401    -211498.953125
4402    -211499.093750
4403    -211499.312500
4404    -211499.515625
4405    -211499.734375
4406    -211499.937500
4407    -211500.125000
4408    -211500.265625
4409    -211500.468750
4410    -211500.718750
4411    -211500.859375
4412    -211501.078125
4413    -211501.281250
4414    -211501.468750
4415    -211501.593750
4416    -211501.796875
4417    -211502.015625
4418    -211502.250000
4419    -211502.375000
4420    -211502.593750
4421    -211502.781250
4422    -211502.953125
4423    -211503.218750
4424    -211503.343750
4425    -211503.625000
4426    -211503.781250
4427    -211504.000000
4428    -211504.093750
4429    -211504.281250
4430    -211504.531250
4431    -211504.687500
4432    -211504.843750
4433    -211505.031250
4434    -211505.250000
4435    -211505.375000
4436    -211505.546875
4437    -211505.718750
4438    -211505.937500
4439    -211506.078125
4440    -211506.312500
4441    -211506.562500
4442    -211506.625000
4443    -211506.812500
4444    -211507.078125
4445    -211507.281250
4446    -211507.406250
4447    -211507.578125
4448    -211507.859375
4449    -211508.015625
4450    -211508.203125
4451    -211508.312500
4452    -211508.468750
4453    -211508.703125
4454    -211508.859375
4455    -211509.062500
4456    -211509.203125
4457    -211509.343750
4458    -211509.468750
4459    -211509.703125
4460    -211509.843750
4461    -211510.078125
4462    -211510.187500
4463    -211510.375000
4464    -211510.531250
4465    -211510.656250
4466    -211510.859375
4467    -211511.015625
4468    -211511.250000
4469    -211511.375000
4470    -211511.593750
4471    -211511.703125
4472    -211511.843750
4473    -211512.031250
4474    -211512.171875
4475    -211512.343750
4476    -211512.531250
4477    -211512.656250
4478    -211512.906250
4479    -211513.031250
4480    -211513.187500
4481    -211513.406250
4482    -211513.562500
4483    -211513.734375
4484    -211513.906250
4485    -211514.031250
4486    -211514.187500
4487    -211514.406250
4488    -211514.531250
4489    -211514.718750
4490    -211514.875000
4491    -211515.062500
4492    -211515.218750
4493    -211515.406250
4494    -211515.562500
4495    -211515.812500
4496    -211515.937500
4497    -211516.156250
4498    -211516.343750
4499    -211516.500000
4500    -211516.687500
4501    -211516.875000
4502    -211517.031250
4503    -211517.218750
4504    -211517.375000
4505    -211517.625000
4506    -211517.750000
4507    -211517.906250
4508    -211518.078125
4509    -211518.281250
4510    -211518.437500
4511    -211518.593750
4512    -211518.796875
4513    -211518.937500
4514    -211519.156250
4515    -211519.281250
4516    -211519.484375
4517    -211519.687500
4518    -211519.828125
4519    -211520.109375
4520    -211520.218750
4521    -211520.421875
4522    -211520.593750
4523    -211520.843750
4524    -211521.031250
4525    -211521.281250
4526    -211521.484375
4527    -211521.578125
4528    -211521.734375
4529    -211521.984375
4530    -211522.156250
4531    -211522.359375
4532    -211522.593750
4533    -211522.765625
4534    -211522.937500
4535    -211523.156250
4536    -211523.375000
4537    -211523.531250
4538    -211523.718750
4539    -211523.890625
4540    -211524.187500
4541    -211524.328125
4542    -211524.453125
4543    -211524.687500
4544    -211524.843750
4545    -211525.062500
4546    -211525.343750
4547    -211525.531250
4548    -211525.734375
4549    -211525.968750
4550    -211526.156250
4551    -211526.343750
4552    -211526.546875
4553    -211526.687500
4554    -211526.906250
4555    -211527.187500
4556    -211527.375000
4557    -211527.562500
4558    -211527.750000
4559    -211527.937500
4560    -211528.125000
4561    -211528.343750
4562    -211528.515625
4563    -211528.718750
4564    -211528.984375
4565    -211529.203125
4566    -211529.468750
4567    -211529.656250
4568    -211529.875000
4569    -211530.093750
4570    -211530.312500
4571    -211530.500000
4572    -211530.750000
4573    -211530.921875
4574    -211531.093750
4575    -211531.296875
4576    -211531.531250
4577    -211531.750000
4578    -211531.953125
4579    -211532.125000
4580    -211532.421875
4581    -211532.656250
4582    -211532.843750
4583    -211533.031250
4584    -211533.250000
4585    -211533.468750
4586    -211533.640625
4587    -211533.843750
4588    -211534.031250
4589    -211534.250000
4590    -211534.437500
4591    -211534.656250
4592    -211534.906250
4593    -211535.171875
4594    -211535.328125
4595    -211535.468750
4596    -211535.687500
4597    -211535.906250
4598    -211536.109375
4599    -211536.343750
4600    -211536.546875
4601    -211536.703125
4602    -211536.906250
4603    -211537.156250
4604    -211537.343750
4605    -211537.562500
4606    -211537.765625
4607    -211537.906250
4608    -211538.156250
4609    -211538.343750
4610    -211538.515625
4611    -211538.671875
4612    -211538.906250
4613    -211539.140625
4614    -211539.343750
4615    -211539.531250
4616    -211539.687500
4617    -211539.906250
4618    -211540.062500
4619    -211540.250000
4620    -211540.500000
4621    -211540.750000
4622    -211540.937500
4623    -211541.031250
4624    -211541.265625
4625    -211541.531250
4626    -211541.687500
4627    -211541.875000
4628    -211542.046875
4629    -211542.296875
4630    -211542.531250
4631    -211542.687500
4632    -211542.796875
4633    -211543.093750
4634    -211543.281250
4635    -211543.437500
4636    -211543.562500
4637    -211543.781250
4638    -211543.968750
4639    -211544.187500
4640    -211544.343750
4641    -211544.578125
4642    -211544.687500
4643    -211544.875000
4644    -211545.031250
4645    -211545.375000
4646    -211545.500000
4647    -211545.656250
4648    -211545.875000
4649    -211546.000000
4650    -211546.218750
4651    -211546.468750
4652    -211546.562500
4653    -211546.781250
4654    -211546.984375
4655    -211547.156250
4656    -211547.312500
4657    -211547.531250
4658    -211547.625000
4659    -211547.859375
4660    -211548.031250
4661    -211548.218750
4662    -211548.375000
4663    -211548.625000
4664    -211548.781250
4665    -211548.968750
4666    -211549.093750
4667    -211549.328125
4668    -211549.437500
4669    -211549.671875
4670    -211549.843750
4671    -211549.984375
4672    -211550.171875
4673    -211550.312500
4674    -211550.515625
4675    -211550.656250
4676    -211550.875000
4677    -211551.062500
4678    -211551.218750
4679    -211551.437500
4680    -211551.593750
4681    -211551.687500
4682    -211551.890625
4683    -211552.031250
4684    -211552.265625
4685    -211552.421875
4686    -211552.609375
4687    -211552.718750
4688    -211552.968750
4689    -211553.093750
4690    -211553.265625
4691    -211553.437500
4692    -211553.625000
4693    -211553.781250
4694    -211553.968750
4695    -211554.109375
4696    -211554.250000
4697    -211554.468750
4698    -211554.625000
4699    -211554.781250
4700    -211554.953125
4701    -211555.109375
4702    -211555.281250
4703    -211555.468750
4704    -211555.609375
4705    -211555.828125
4706    -211555.968750
4707    -211556.125000
4708    -211556.281250
4709    -211556.453125
4710    -211556.656250
4711    -211556.765625
4712    -211556.937500
4713    -211557.171875
4714    -211557.312500
4715    -211557.515625
4716    -211557.656250
4717    -211557.812500
4718    -211557.968750
4719    -211558.171875
4720    -211558.343750
4721    -211558.437500
4722    -211558.718750
4723    -211558.765625
4724    -211559.015625
4725    -211559.109375
4726    -211559.375000
4727    -211559.531250
4728    -211559.671875
4729    -211559.796875
4730    -211559.984375
4731    -211560.125000
4732    -211560.343750
4733    -211560.484375
4734    -211560.640625
4735    -211560.812500
4736    -211560.968750
4737    -211561.171875
4738    -211561.312500
4739    -211561.531250
4740    -211561.750000
4741    -211561.906250
4742    -211562.015625
4743    -211562.218750
4744    -211562.406250
4745    -211562.531250
4746    -211562.734375
4747    -211562.875000
4748    -211563.062500
4749    -211563.250000
4750    -211563.390625
4751    -211563.562500
4752    -211563.812500
4753    -211563.906250
4754    -211564.125000
4755    -211564.375000
4756    -211564.468750
4757    -211564.687500
4758    -211564.796875
4759    -211564.984375
4760    -211565.218750
4761    -211565.343750
4762    -211565.562500
4763    -211565.687500
4764    -211565.921875
4765    -211566.125000
4766    -211566.328125
4767    -211566.375000
4768    -211566.640625
4769    -211566.812500
4770    -211566.937500
4771    -211567.203125
4772    -211567.312500
4773    -211567.531250
4774    -211567.718750
4775    -211567.906250
4776    -211568.093750
4777    -211568.234375
4778    -211568.468750
4779    -211568.625000
4780    -211568.765625
4781    -211568.921875
4782    -211569.093750
4783    -211569.359375
4784    -211569.500000
4785    -211569.718750
4786    -211569.875000
4787    -211570.062500
4788    -211570.250000
4789    -211570.406250
4790    -211570.593750
4791    -211570.781250
4792    -211570.984375
4793    -211571.140625
4794    -211571.343750
4795    -211571.546875
4796    -211571.687500
4797    -211571.906250
4798    -211572.125000
4799    -211572.296875
4800    -211572.437500
4801    -211572.656250
4802    -211572.828125
4803    -211573.015625
4804    -211573.250000
4805    -211573.468750
4806    -211573.593750
4807    -211573.765625
4808    -211574.000000
4809    -211574.156250
4810    -211574.312500
4811    -211574.578125
4812    -211574.750000
4813    -211574.906250
4814    -211575.125000
4815    -211575.250000
4816    -211575.437500
4817    -211575.656250
4818    -211575.843750
4819    -211576.015625
4820    -211576.265625
4821    -211576.437500
4822    -211576.625000
4823    -211576.843750
4824    -211577.000000
4825    -211577.156250
4826    -211577.343750
4827    -211577.625000
4828    -211577.765625
4829    -211577.937500
4830    -211578.109375
4831    -211578.406250
4832    -211578.531250
4833    -211578.687500
4834    -211578.937500
4835    -211579.125000
4836    -211579.375000
4837    -211579.531250
4838    -211579.718750
4839    -211579.875000
4840    -211580.093750
4841    -211580.296875
4842    -211580.500000
4843    -211580.671875
4844    -211580.906250
4845    -211581.078125
4846    -211581.281250
4847    -211581.484375
4848    -211581.671875
4849    -211581.906250
4850    -211582.093750
4851    -211582.312500
4852    -211582.468750
4853    -211582.671875
4854    -211582.812500
4855    -211583.062500
4856    -211583.250000
4857    -211583.406250
4858    -211583.656250
4859    -211583.859375
4860    -211584.031250
4861    -211584.171875
4862    -211584.390625
4863    -211584.562500
4864    -211584.718750
4865    -211584.968750
4866    -211585.109375
4867    -211585.343750
4868    -211585.515625
4869    -211585.734375
4870    -211585.937500
4871    -211586.125000
4872    -211586.312500
4873    -211586.500000
4874    -211586.718750
4875    -211586.890625
4876    -211587.062500
4877    -211587.281250
4878    -211587.500000
4879    -211587.718750
4880    -211587.937500
4881    -211588.093750
4882    -211588.265625
4883    -211588.484375
4884    -211588.687500
4885    -211588.890625
4886    -211589.093750
4887    -211589.312500
4888    -211589.500000
4889    -211589.671875
4890    -211589.968750
4891    -211590.125000
4892    -211590.343750
4893    -211590.562500
4894    -211590.687500
4895    -211590.921875
4896    -211591.156250
4897    -211591.375000
4898    -211591.546875
4899    -211591.750000
4900    -211592.031250
4901    -211592.171875
4902    -211592.343750
4903    -211592.578125
4904    -211592.812500
4905    -211593.000000
4906    -211593.250000
4907    -211593.390625
4908    -211593.656250
4909    -211593.859375
4910    -211594.062500
4911    -211594.296875
4912    -211594.500000
4913    -211594.687500
4914    -211594.937500
4915    -211595.156250
4916    -211595.375000
4917    -211595.562500
4918    -211595.781250
4919    -211596.000000
4920    -211596.187500
4921    -211596.437500
4922    -211596.656250
4923    -211596.875000
4924    -211597.062500
4925    -211597.250000
4926    -211597.453125
4927    -211597.656250
4928    -211597.937500
4929    -211598.156250
4930    -211598.281250
4931    -211598.593750
4932    -211598.781250
4933    -211599.031250
4934    -211599.234375
4935    -211599.453125
4936    -211599.656250
4937    -211599.812500
4938    -211600.031250
4939    -211600.265625
4940    -211600.484375
4941    -211600.703125
4942    -211600.953125
4943    -211601.125000
4944    -211601.390625
4945    -211601.546875
4946    -211601.875000
4947    -211602.062500
4948    -211602.250000
4949    -211602.500000
4950    -211602.687500
4951    -211602.937500
4952    -211603.156250
4953    -211603.406250
4954    -211603.562500
4955    -211603.812500
4956    -211604.062500
4957    -211604.250000
4958    -211604.437500
4959    -211604.687500
4960    -211604.875000
4961    -211605.109375
4962    -211605.359375
4963    -211605.578125
4964    -211605.781250
4965    -211606.031250
4966    -211606.218750
4967    -211606.437500
4968    -211606.687500
4969    -211606.890625
4970    -211607.093750
4971    -211607.343750
4972    -211607.578125
4973    -211607.828125
4974    -211607.968750
4975    -211608.234375
4976    -211608.468750
4977    -211608.625000
4978    -211608.906250
4979    -211609.109375
4980    -211609.312500
4981    -211609.515625
4982    -211609.765625
4983    -211609.984375
4984    -211610.218750
4985    -211610.421875
4986    -211610.656250
4987    -211610.859375
4988    -211611.078125
4989    -211611.296875
4990    -211611.546875
4991    -211611.781250
4992    -211611.953125
4993    -211612.156250
4994    -211612.437500
4995    -211612.593750
4996    -211612.812500
4997    -211613.000000
4998    -211613.281250
4999    -211613.484375
5000    -211613.687500
5001    -211613.921875
5002    -211614.203125
5003    -211614.328125
5004    -211614.593750
5005    -211614.765625
5006    -211614.968750
5007    -211615.218750
5008    -211615.453125
5009    -211615.703125
5010    -211615.859375
5011    -211616.093750
5012    -211616.312500
5013    -211616.562500
5014    -211616.812500
5015    -211616.968750
5016    -211617.250000
5017    -211617.375000
5018    -211617.656250
5019    -211617.859375
5020    -211618.093750
5021    -211618.250000
5022    -211618.531250
5023    -211618.718750
5024    -211618.968750
5025    -211619.125000
5026    -211619.390625
5027    -211619.593750
5028    -211619.875000
5029    -211620.000000
5030    -211620.250000
5031    -211620.421875
5032    -211620.656250
5033    -211620.906250
5034    -211621.093750
5035    -211621.296875
5036    -211621.562500
5037    -211621.718750
5038    -211621.968750
5039    -211622.218750
5040    -211622.437500
5041    -211622.609375
5042    -211622.812500
5043    -211623.000000
5044    -211623.281250
5045    -211623.468750
5046    -211623.687500
5047    -211623.937500
5048    -211624.156250
5049    -211624.390625
5050    -211624.593750
5051    -211624.812500
5052    -211625.062500
5053    -211625.250000
5054    -211625.453125
5055    -211625.671875
5056    -211625.906250
5057    -211626.078125
5058    -211626.281250
5059    -211626.531250
5060    -211626.812500
5061    -211627.046875
5062    -211627.281250
5063    -211627.437500
5064    -211627.656250
5065    -211627.875000
5066    -211628.062500
5067    -211628.312500
5068    -211628.562500
5069    -211628.750000
5070    -211628.968750
5071    -211629.250000
5072    -211629.453125
5073    -211629.687500
5074    -211629.875000
5075    -211630.093750
5076    -211630.312500
5077    -211630.468750
5078    -211630.718750
5079    -211630.890625
5080    -211631.156250
5081    -211631.375000
5082    -211631.593750
5083    -211631.750000
5084    -211632.046875
5085    -211632.218750
5086    -211632.437500
5087    -211632.593750
5088    -211632.875000
5089    -211633.062500
5090    -211633.343750
5091    -211633.562500
5092    -211633.750000
5093    -211633.921875
5094    -211634.203125
5095    -211634.375000
5096    -211634.593750
5097    -211634.812500
5098    -211635.000000
5099    -211635.312500
5100    -211635.453125
5101    -211635.625000
5102    -211635.906250
5103    -211636.093750
5104    -211636.281250
5105    -211636.531250
5106    -211636.718750
5107    -211636.906250
5108    -211637.156250
5109    -211637.453125
5110    -211637.562500
5111    -211637.812500
5112    -211638.000000
5113    -211638.234375
5114    -211638.484375
5115    -211638.640625
5116    -211638.875000
5117    -211639.078125
5118    -211639.343750
5119    -211639.484375
5120    -211639.781250
5121    -211639.968750
5122    -211640.218750
5123    -211640.406250
5124    -211640.593750
5125    -211640.796875
5126    -211641.062500
5127    -211641.281250
5128    -211641.453125
5129    -211641.625000
5130    -211641.859375
5131    -211642.062500
5132    -211642.250000
5133    -211642.500000
5134    -211642.640625
5135    -211642.843750
5136    -211643.093750
5137    -211643.375000
5138    -211643.515625
5139    -211643.718750
5140    -211643.906250
5141    -211644.093750
5142    -211644.250000
5143    -211644.515625
5144    -211644.718750
5145    -211644.906250
5146    -211645.062500
5147    -211645.265625
5148    -211645.468750
5149    -211645.718750
5150    -211645.859375
5151    -211646.031250
5152    -211646.281250
5153    -211646.437500
5154    -211646.656250
5155    -211646.843750
5156    -211647.062500
5157    -211647.218750
5158    -211647.375000
5159    -211647.656250
5160    -211647.812500
5161    -211647.984375
5162    -211648.171875
5163    -211648.281250
5164    -211648.484375
5165    -211648.703125
5166    -211648.937500
5167    -211649.093750
5168    -211649.265625
5169    -211649.453125
5170    -211649.656250
5171    -211649.796875
5172    -211649.968750
5173    -211650.109375
5174    -211650.265625
5175    -211650.500000
5176    -211650.640625
5177    -211650.828125
5178    -211651.046875
5179    -211651.156250
5180    -211651.281250
5181    -211651.546875
5182    -211651.750000
5183    -211651.875000
5184    -211652.000000
5185    -211652.156250
5186    -211652.343750
5187    -211652.468750
5188    -211652.656250
5189    -211652.796875
5190    -211652.984375
5191    -211653.109375
5192    -211653.250000
5193    -211653.390625
5194    -211653.625000
5195    -211653.734375
5196    -211653.937500
5197    -211654.062500
5198    -211654.296875
5199    -211654.406250
5200    -211654.562500
5201    -211654.718750
5202    -211654.843750
5203    -211654.953125
5204    -211655.093750
5205    -211655.281250
5206    -211655.390625
5207    -211655.562500
5208    -211655.750000
5209    -211655.828125
5210    -211656.000000
5211    -211656.140625
5212    -211656.265625
5213    -211656.453125
5214    -211656.531250
5215    -211656.718750
5216    -211656.812500
5217    -211656.921875
5218    -211657.093750
5219    -211657.187500
5220    -211657.312500
5221    -211657.468750
5222    -211657.593750
5223    -211657.718750
5224    -211657.781250
5225    -211657.937500
5226    -211658.031250
5227    -211658.187500
5228    -211658.296875
5229    -211658.390625
5230    -211658.531250
5231    -211658.640625
5232    -211658.750000
5233    -211658.843750
5234    -211659.031250
5235    -211659.125000
5236    -211659.203125
5237    -211659.328125
5238    -211659.500000
5239    -211659.625000
5240    -211659.718750
5241    -211659.781250
5242    -211660.000000
5243    -211660.062500
5244    -211660.156250
5245    -211660.250000
5246    -211660.359375
5247    -211660.500000
5248    -211660.593750
5249    -211660.718750
5250    -211660.875000
5251    -211660.937500
5252    -211661.031250
5253    -211661.093750
5254    -211661.250000
5255    -211661.359375
5256    -211661.437500
5257    -211661.562500
5258    -211661.718750
5259    -211661.781250
5260    -211661.906250
5261    -211661.968750
5262    -211662.109375
5263    -211662.203125
5264    -211662.312500
5265    -211662.468750
5266    -211662.546875
5267    -211662.625000
5268    -211662.750000
5269    -211662.828125
5270    -211662.890625
5271    -211663.000000
5272    -211663.125000
5273    -211663.234375
5274    -211663.312500
5275    -211663.437500
5276    -211663.546875
5277    -211663.593750
5278    -211663.687500
5279    -211663.812500
5280    -211663.890625
5281    -211664.000000
5282    -211664.140625
5283    -211664.250000
5284    -211664.312500
5285    -211664.406250
5286    -211664.484375
5287    -211664.609375
5288    -211664.656250
5289    -211664.812500
5290    -211664.875000
5291    -211665.000000
5292    -211665.046875
5293    -211665.218750
5294    -211665.250000
5295    -211665.375000
5296    -211665.484375
5297    -211665.578125
5298    -211665.625000
5299    -211665.796875
5300    -211665.812500
5301    -211665.921875
5302    -211666.000000
5303    -211666.093750
5304    -211666.187500
5305    -211666.296875
5306    -211666.390625
5307    -211666.453125
5308    -211666.593750
5309    -211666.671875
5310    -211666.734375
5311    -211666.812500
5312    -211666.921875
5313    -211667.000000
5314    -211667.093750
5315    -211667.125000
5316    -211667.312500
5317    -211667.406250
5318    -211667.468750
5319    -211667.515625
5320    -211667.625000
5321    -211667.734375
5322    -211667.781250
5323    -211667.875000
5324    -211667.968750
5325    -211668.093750
5326    -211668.187500
5327    -211668.265625
5328    -211668.343750
5329    -211668.406250
5330    -211668.500000
5331    -211668.593750
5332    -211668.656250
5333    -211668.734375
5334    -211668.812500
5335    -211668.921875
5336    -211668.937500
5337    -211669.031250
5338    -211669.125000
5339    -211669.171875
5340    -211669.265625
5341    -211669.343750
5342    -211669.437500
5343    -211669.484375
5344    -211669.562500
5345    -211669.656250
5346    -211669.687500
5347    -211669.765625
5348    -211669.859375
5349    -211669.953125
5350    -211670.031250
5351    -211670.171875
5352    -211670.218750
5353    -211670.281250
5354    -211670.343750
5355    -211670.468750
5356    -211670.531250
5357    -211670.593750
5358    -211670.656250
5359    -211670.734375
5360    -211670.812500
5361    -211670.875000
5362    -211670.968750
5363    -211671.062500
5364    -211671.140625
5365    -211671.250000
5366    -211671.281250
5367    -211671.359375
5368    -211671.421875
5369    -211671.515625
5370    -211671.593750
5371    -211671.687500
5372    -211671.781250
5373    -211671.875000
5374    -211671.937500
5375    -211672.015625
5376    -211672.093750
5377    -211672.125000
5378    -211672.218750
5379    -211672.312500
5380    -211672.437500
5381    -211672.515625
5382    -211672.531250
5383    -211672.656250
5384    -211672.734375
5385    -211672.828125
5386    -211672.906250
5387    -211672.937500
5388    -211673.046875
5389    -211673.125000
5390    -211673.218750
5391    -211673.343750
5392    -211673.406250
5393    -211673.500000
5394    -211673.562500
5395    -211673.625000
5396    -211673.750000
5397    -211673.812500
5398    -211673.906250
5399    -211674.000000
5400    -211674.046875
5401    -211674.156250
5402    -211674.187500
5403    -211674.343750
5404    -211674.406250
5405    -211674.484375
5406    -211674.578125
5407    -211674.656250
5408    -211674.750000
5409    -211674.812500
5410    -211674.921875
5411    -211675.000000
5412    -211675.062500
5413    -211675.156250
5414    -211675.250000
5415    -211675.296875
5416    -211675.375000
5417    -211675.468750
5418    -211675.531250
5419    -211675.671875
5420    -211675.750000
5421    -211675.843750
5422    -211675.906250
5423    -211676.000000
5424    -211676.062500
5425    -211676.171875
5426    -211676.218750
5427    -211676.296875
5428    -211676.375000
5429    -211676.515625
5430    -211676.531250
5431    -211676.640625
5432    -211676.750000
5433    -211676.859375
5434    -211676.937500
5435    -211676.968750
5436    -211677.078125
5437    -211677.156250
5438    -211677.265625
5439    -211677.359375
5440    -211677.453125
5441    -211677.546875
5442    -211677.656250
5443    -211677.718750
5444    -211677.812500
5445    -211677.906250
5446    -211677.984375
5447    -211678.093750
5448    -211678.140625
5449    -211678.250000
5450    -211678.406250
5451    -211678.468750
5452    -211678.546875
5453    -211678.609375
5454    -211678.734375
5455    -211678.812500
5456    -211678.906250
5457    -211679.031250
5458    -211679.156250
5459    -211679.187500
5460    -211679.296875
5461    -211679.421875
5462    -211679.515625
5463    -211679.562500
5464    -211679.687500
5465    -211679.812500
5466    -211679.906250
5467    -211679.984375
5468    -211680.093750
5469    -211680.203125
5470    -211680.328125
5471    -211680.406250
5472    -211680.468750
5473    -211680.593750
5474    -211680.718750
5475    -211680.781250
5476    -211680.875000
5477    -211680.984375
5478    -211681.140625
5479    -211681.218750
5480    -211681.281250
5481    -211681.437500
5482    -211681.515625
5483    -211681.625000
5484    -211681.687500
5485    -211681.828125
5486    -211681.937500
5487    -211682.046875
5488    -211682.125000
5489    -211682.250000
5490    -211682.343750
5491    -211682.437500
5492    -211682.531250
5493    -211682.687500
5494    -211682.750000
5495    -211682.859375
5496    -211683.015625
5497    -211683.093750
5498    -211683.203125
5499    -211683.375000
5500    -211683.437500
5501    -211683.531250
5502    -211683.656250
5503    -211683.781250
5504    -211683.875000
5505    -211683.984375
5506    -211684.078125
5507    -211684.218750
5508    -211684.328125
5509    -211684.453125
5510    -211684.562500
5511    -211684.625000
5512    -211684.734375
5513    -211684.843750
5514    -211684.953125
5515    -211685.125000
5516    -211685.187500
5517    -211685.328125
5518    -211685.437500
5519    -211685.531250
5520    -211685.656250
5521    -211685.750000
5522    -211685.875000
5523    -211685.984375
5524    -211686.093750
5525    -211686.234375
5526    -211686.343750
5527    -211686.406250
5528    -211686.546875
5529    -211686.671875
5530    -211686.781250
5531    -211686.921875
5532    -211687.031250
5533    -211687.140625
5534    -211687.281250
5535    -211687.359375
5536    -211687.484375
5537    -211687.640625
5538    -211687.750000
5539    -211687.875000
5540    -211687.984375
5541    -211688.109375
5542    -211688.187500
5543    -211688.328125
5544    -211688.437500
5545    -211688.593750
5546    -211688.718750
5547    -211688.812500
5548    -211688.968750
5549    -211689.031250
5550    -211689.156250
5551    -211689.296875
5552    -211689.406250
5553    -211689.531250
5554    -211689.656250
5555    -211689.781250
5556    -211689.890625
5557    -211690.046875
5558    -211690.156250
5559    -211690.312500
5560    -211690.421875
5561    -211690.468750
5562    -211690.625000
5563    -211690.750000
5564    -211690.859375
5565    -211690.968750
5566    -211691.093750
5567    -211691.203125
5568    -211691.343750
5569    -211691.484375
5570    -211691.625000
5571    -211691.718750
5572    -211691.890625
5573    -211691.937500
5574    -211692.140625
5575    -211692.218750
5576    -211692.343750
5577    -211692.500000
5578    -211692.593750
5579    -211692.718750
5580    -211692.843750
5581    -211692.968750
5582    -211693.109375
5583    -211693.250000
5584    -211693.359375
5585    -211693.500000
5586    -211693.625000
5587    -211693.718750
5588    -211693.859375
5589    -211694.031250
5590    -211694.125000
5591    -211694.234375
5592    -211694.375000
5593    -211694.500000
5594    -211694.609375
5595    -211694.718750
5596    -211694.843750
5597    -211694.953125
5598    -211695.078125
5599    -211695.203125
5600    -211695.343750
5601    -211695.531250
5602    -211695.625000
5603    -211695.750000
5604    -211695.875000
5605    -211696.000000
5606    -211696.109375
5607    -211696.250000
5608    -211696.343750
5609    -211696.500000
5610    -211696.562500
5611    -211696.781250
5612    -211696.906250
5613    -211697.000000
5614    -211697.156250
5615    -211697.250000
5616    -211697.359375
5617    -211697.468750
5618    -211697.625000
5619    -211697.750000
5620    -211697.875000
5621    -211698.000000
5622    -211698.156250
5623    -211698.250000
5624    -211698.375000
5625    -211698.500000
5626    -211698.640625
5627    -211698.765625
5628    -211698.875000
5629    -211699.000000
5630    -211699.125000
5631    -211699.281250
5632    -211699.406250
5633    -211699.562500
5634    -211699.640625
5635    -211699.781250
5636    -211699.953125
5637    -211700.031250
5638    -211700.234375
5639    -211700.312500
5640    -211700.406250
5641    -211700.562500
5642    -211700.671875
5643    -211700.812500
5644    -211700.937500
5645    -211701.062500
5646    -211701.250000
5647    -211701.343750
5648    -211701.468750
5649    -211701.609375
5650    -211701.750000
5651    -211701.890625
5652    -211702.000000
5653    -211702.203125
5654    -211702.296875
5655    -211702.375000
5656    -211702.546875
5657    -211702.671875
5658    -211702.812500
5659    -211702.937500
5660    -211703.093750
5661    -211703.218750
5662    -211703.375000
5663    -211703.484375
5664    -211703.609375
5665    -211703.812500
5666    -211703.875000
5667    -211704.015625
5668    -211704.203125
5669    -211704.281250
5670    -211704.468750
5671    -211704.625000
5672    -211704.718750
5673    -211704.859375
5674    -211705.031250
5675    -211705.140625
5676    -211705.328125
5677    -211705.437500
5678    -211705.578125
5679    -211705.703125
5680    -211705.875000
5681    -211706.015625
5682    -211706.156250
5683    -211706.250000
5684    -211706.437500
5685    -211706.562500
5686    -211706.750000
5687    -211706.890625
5688    -211707.062500
5689    -211707.140625
5690    -211707.312500
5691    -211707.453125
5692    -211707.593750
5693    -211707.750000
5694    -211707.906250
5695    -211708.062500
5696    -211708.187500
5697    -211708.328125
5698    -211708.500000
5699    -211708.656250
5700    -211708.781250
5701    -211708.953125
5702    -211709.156250
5703    -211709.296875
5704    -211709.437500
5705    -211709.578125
5706    -211709.734375
5707    -211709.890625
5708    -211710.031250
5709    -211710.218750
5710    -211710.359375
5711    -211710.546875
5712    -211710.687500
5713    -211710.796875
5714    -211711.000000
5715    -211711.156250
5716    -211711.312500
5717    -211711.453125
5718    -211711.656250
5719    -211711.781250
5720    -211711.937500
5721    -211712.140625
5722    -211712.281250
5723    -211712.453125
5724    -211712.609375
5725    -211712.781250
5726    -211713.015625
5727    -211713.062500
5728    -211713.250000
5729    -211713.437500
5730    -211713.578125
5731    -211713.718750
5732    -211713.921875
5733    -211714.062500
5734    -211714.250000
5735    -211714.375000
5736    -211714.625000
5737    -211714.750000
5738    -211714.937500
5739    -211715.125000
5740    -211715.312500
5741    -211715.468750
5742    -211715.671875
5743    -211715.812500
5744    -211715.953125
5745    -211716.171875
5746    -211716.343750
5747    -211716.500000
5748    -211716.656250
5749    -211716.890625
5750    -211717.062500
5751    -211717.203125
5752    -211717.375000
5753    -211717.562500
5754    -211717.718750
5755    -211717.953125
5756    -211718.093750
5757    -211718.296875
5758    -211718.468750
5759    -211718.656250
5760    -211718.859375
5761    -211719.000000
5762    -211719.187500
5763    -211719.390625
5764    -211719.593750
5765    -211719.750000
5766    -211719.937500
5767    -211720.187500
5768    -211720.343750
5769    -211720.531250
5770    -211720.718750
5771    -211720.843750
5772    -211721.046875
5773    -211721.234375
5774    -211721.437500
5775    -211721.656250
5776    -211721.781250
5777    -211722.000000
5778    -211722.218750
5779    -211722.406250
5780    -211722.593750
5781    -211722.781250
5782    -211722.937500
5783    -211723.203125
5784    -211723.281250
5785    -211723.562500
5786    -211723.750000
5787    -211723.906250
5788    -211724.093750
5789    -211724.312500
5790    -211724.500000
5791    -211724.703125
5792    -211724.875000
5793    -211725.062500
5794    -211725.234375
5795    -211725.468750
5796    -211725.609375
5797    -211725.796875
5798    -211725.984375
5799    -211726.187500
5800    -211726.359375
5801    -211726.578125
5802    -211726.718750
5803    -211727.000000
5804    -211727.156250
5805    -211727.281250
5806    -211727.515625
5807    -211727.656250
5808    -211727.859375
5809    -211728.062500
5810    -211728.218750
5811    -211728.375000
5812    -211728.593750
5813    -211728.781250
5814    -211728.906250
5815    -211729.093750
5816    -211729.281250
5817    -211729.468750
5818    -211729.625000
5819    -211729.734375
5820    -211729.921875
5821    -211730.125000
5822    -211730.296875
5823    -211730.437500
5824    -211730.593750
5825    -211730.781250
5826    -211730.968750
5827    -211731.093750
5828    -211731.281250
5829    -211731.437500
5830    -211731.593750
5831    -211731.750000
5832    -211731.937500
5833    -211732.078125
5834    -211732.218750
5835    -211732.406250
5836    -211732.531250
5837    -211732.656250
5838    -211732.875000
5839    -211733.000000
5840    -211733.203125
5841    -211733.328125
5842    -211733.531250
5843    -211733.656250
5844    -211733.875000
5845    -211733.937500
5846    -211734.109375
5847    -211734.250000
5848    -211734.406250
5849    -211734.562500
5850    -211734.718750
5851    -211734.843750
5852    -211735.046875
5853    -211735.187500
5854    -211735.359375
5855    -211735.500000
5856    -211735.593750
5857    -211735.765625
5858    -211735.890625
5859    -211736.031250
5860    -211736.234375
5861    -211736.296875
5862    -211736.500000
5863    -211736.609375
5864    -211736.734375
5865    -211736.875000
5866    -211737.000000
5867    -211737.140625
5868    -211737.296875
5869    -211737.406250
5870    -211737.593750
5871    -211737.734375
5872    -211737.875000
5873    -211738.015625
5874    -211738.156250
5875    -211738.250000
5876    -211738.421875
5877    -211738.484375
5878    -211738.656250
5879    -211738.796875
5880    -211738.968750
5881    -211739.062500
5882    -211739.218750
5883    -211739.296875
5884    -211739.421875
5885    -211739.546875
5886    -211739.718750
5887    -211739.859375
5888    -211739.968750
5889    -211740.046875
5890    -211740.218750
5891    -211740.343750
5892    -211740.437500
5893    -211740.625000
5894    -211740.703125
5895    -211740.828125
5896    -211741.000000
5897    -211741.125000
5898    -211741.171875
5899    -211741.312500
5900    -211741.500000
5901    -211741.562500
5902    -211741.703125
5903    -211741.796875
5904    -211741.953125
5905    -211742.078125
5906    -211742.171875
5907    -211742.265625
5908    -211742.375000
5909    -211742.531250
5910    -211742.609375
5911    -211742.718750
5912    -211742.812500
5913    -211742.968750
5914    -211743.046875
5915    -211743.187500
5916    -211743.281250
5917    -211743.421875
5918    -211743.468750
5919    -211743.593750
5920    -211743.671875
5921    -211743.796875
5922    -211743.890625
5923    -211744.015625
5924    -211744.093750
5925    -211744.187500
5926    -211744.328125
5927    -211744.468750
5928    -211744.578125
5929    -211744.687500
5930    -211744.796875
5931    -211744.875000
5932    -211745.000000
5933    -211745.093750
5934    -211745.171875
5935    -211745.296875
5936    -211745.375000
5937    -211745.515625
5938    -211745.609375
5939    -211745.750000
5940    -211745.812500
5941    -211745.906250
5942    -211745.968750
5943    -211746.093750
5944    -211746.187500
5945    -211746.312500
5946    -211746.406250
5947    -211746.531250
5948    -211746.593750
5949    -211746.656250
5950    -211746.812500
5951    -211746.859375
5952    -211746.968750
5953    -211747.078125
5954    -211747.203125
5955    -211747.312500
5956    -211747.375000
5957    -211747.468750
5958    -211747.578125
5959    -211747.703125
5960    -211747.812500
5961    -211747.906250
5962    -211747.968750
5963    -211748.062500
5964    -211748.187500
5965    -211748.281250
5966    -211748.375000
5967    -211748.500000
5968    -211748.593750
5969    -211748.671875
5970    -211748.796875
5971    -211748.875000
5972    -211748.984375
5973    -211749.093750
5974    -211749.187500
5975    -211749.281250
5976    -211749.375000
5977    -211749.500000
5978    -211749.593750
5979    -211749.718750
5980    -211749.750000
5981    -211749.875000
5982    -211749.984375
5983    -211750.093750
5984    -211750.187500
5985    -211750.343750
5986    -211750.390625
5987    -211750.500000
5988    -211750.625000
5989    -211750.750000
5990    -211750.859375
5991    -211750.906250
5992    -211751.031250
5993    -211751.171875
5994    -211751.250000
5995    -211751.375000
5996    -211751.468750
5997    -211751.609375
5998    -211751.718750
5999    -211751.828125
6000    -211751.875000
6001    -211752.000000
6002    -211752.125000
6003    -211752.250000
6004    -211752.359375
6005    -211752.468750
6006    -211752.593750
6007    -211752.640625
6008    -211752.781250
6009    -211752.906250
6010    -211753.062500
6011    -211753.125000
6012    -211753.250000
6013    -211753.406250
6014    -211753.453125
6015    -211753.578125
6016    -211753.703125
6017    -211753.812500
6018    -211753.906250
6019    -211754.000000
6020    -211754.125000
6021    -211754.265625
6022    -211754.375000
6023    -211754.484375
6024    -211754.609375
6025    -211754.718750
6026    -211754.812500
6027    -211754.953125
6028    -211755.093750
6029    -211755.187500
6030    -211755.312500
6031    -211755.421875
6032    -211755.578125
6033    -211755.687500
6034    -211755.796875
6035    -211755.937500
6036    -211756.031250
6037    -211756.187500
6038    -211756.312500
6039    -211756.406250
6040    -211756.546875
6041    -211756.671875
6042    -211756.781250
6043    -211756.906250
6044    -211757.062500
6045    -211757.187500
6046    -211757.328125
6047    -211757.453125
6048    -211757.562500
6049    -211757.703125
6050    -211757.843750
6051    -211757.968750
6052    -211758.093750
6053    -211758.218750
6054    -211758.390625
6055    -211758.531250
6056    -211758.656250
6057    -211758.812500
6058    -211758.937500
6059    -211759.093750
6060    -211759.250000
6061    -211759.390625
6062    -211759.500000
6063    -211759.640625
6064    -211759.765625
6065    -211759.890625
6066    -211760.078125
6067    -211760.218750
6068    -211760.375000
6069    -211760.531250
6070    -211760.656250
6071    -211760.828125
6072    -211760.953125
6073    -211761.109375
6074    -211761.234375
6075    -211761.406250
6076    -211761.562500
6077    -211761.687500
6078    -211761.875000
6079    -211762.031250
6080    -211762.187500
6081    -211762.312500
6082    -211762.468750
6083    -211762.609375
6084    -211762.765625
6085    -211762.921875
6086    -211763.062500
6087    -211763.203125
6088    -211763.343750
6089    -211763.531250
6090    -211763.687500
6091    -211763.843750
6092    -211763.984375
6093    -211764.140625
6094    -211764.312500
6095    -211764.468750
6096    -211764.625000
6097    -211764.781250
6098    -211764.937500
6099    -211765.093750
6100    -211765.250000
6101    -211765.406250
6102    -211765.546875
6103    -211765.718750
6104    -211765.859375
6105    -211766.031250
6106    -211766.187500
6107    -211766.312500
6108    -211766.468750
6109    -211766.625000
6110    -211766.781250
6111    -211766.937500
6112    -211767.109375
6113    -211767.250000
6114    -211767.421875
6115    -211767.578125
6116    -211767.718750
6117    -211767.875000
6118    -211768.031250
6119    -211768.203125
6120    -211768.343750
6121    -211768.531250
6122    -211768.671875
6123    -211768.812500
6124    -211768.968750
6125    -211769.125000
6126    -211769.296875
6127    -211769.437500
6128    -211769.609375
6129    -211769.750000
6130    -211769.921875
6131    -211770.062500
6132    -211770.218750
6133    -211770.359375
6134    -211770.531250
6135    -211770.687500
6136    -211770.828125
6137    -211771.000000
6138    -211771.140625
6139    -211771.281250
6140    -211771.437500
6141    -211771.593750
6142    -211771.750000
6143    -211771.906250
6144    -211772.062500
6145    -211772.218750
6146    -211772.359375
6147    -211772.500000
6148    -211772.656250
6149    -211772.828125
6150    -211772.953125
6151    -211773.109375
6152    -211773.265625
6153    -211773.390625
6154    -211773.562500
6155    -211773.703125
6156    -211773.875000
6157    -211774.015625
6158    -211774.171875
6159    -211774.296875
6160    -211774.437500
6161    -211774.578125
6162    -211774.734375
6163    -211774.875000
6164    -211775.015625
6165    -211775.156250
6166    -211775.312500
6167    -211775.468750
6168    -211775.593750
6169    -211775.750000
6170    -211775.890625
6171    -211776.031250
6172    -211776.156250
6173    -211776.312500
6174    -211776.437500
6175    -211776.578125
6176    -211776.750000
6177    -211776.875000
6178    -211777.000000
6179    -211777.125000
6180    -211777.281250
6181    -211777.406250
6182    -211777.531250
6183    -211777.671875
6184    -211777.812500
6185    -211777.937500
6186    -211778.078125
6187    -211778.234375
6188    -211778.343750
6189    -211778.484375
6190    -211778.593750
6191    -211778.734375
6192    -211778.843750
6193    -211779.000000
6194    -211779.140625
6195    -211779.265625
6196    -211779.390625
6197    -211779.531250
6198    -211779.656250
6199    -211779.765625
6200    -211779.906250
6201    -211780.031250
6202    -211780.156250
6203    -211780.281250
6204    -211780.406250
6205    -211780.531250
6206    -211780.656250
6207    -211780.765625
6208    -211780.906250
6209    -211781.031250
6210    -211781.171875
6211    -211781.281250
6212    -211781.421875
6213    -211781.531250
6214    -211781.656250
6215    -211781.781250
6216    -211781.890625
6217    -211782.000000
6218    -211782.125000
6219    -211782.250000
6220    -211782.343750
6221    -211782.500000
6222    -211782.593750
6223    -211782.718750
6224    -211782.843750
6225    -211782.968750
6226    -211783.078125
6227    -211783.203125
6228    -211783.296875
6229    -211783.421875
6230    -211783.531250
6231    -211783.640625
6232    -211783.781250
6233    -211783.890625
6234    -211784.000000
6235    -211784.125000
6236    -211784.250000
6237    -211784.343750
6238    -211784.468750
6239    -211784.562500
6240    -211784.687500
6241    -211784.781250
6242    -211784.906250
6243    -211785.015625
6244    -211785.156250
6245    -211785.250000
6246    -211785.375000
6247    -211785.484375
6248    -211785.593750
6249    -211785.687500
6250    -211785.781250
6251    -211785.875000
6252    -211786.000000
6253    -211786.093750
6254    -211786.218750
6255    -211786.296875
6256    -211786.406250
6257    -211786.531250
6258    -211786.625000
6259    -211786.734375
6260    -211786.812500
6261    -211786.937500
6262    -211787.031250
6263    -211787.125000
6264    -211787.250000
6265    -211787.343750
6266    -211787.437500
6267    -211787.562500
6268    -211787.656250
6269    -211787.750000
6270    -211787.890625
6271    -211787.968750
6272    -211788.078125
6273    -211788.156250
6274    -211788.296875
6275    -211788.406250
6276    -211788.500000
6277    -211788.593750
6278    -211788.703125
6279    -211788.781250
6280    -211788.906250
6281    -211789.000000
6282    -211789.109375
6283    -211789.218750
6284    -211789.328125
6285    -211789.437500
6286    -211789.531250
6287    -211789.625000
6288    -211789.734375
6289    -211789.843750
6290    -211789.937500
6291    -211790.062500
6292    -211790.140625
6293    -211790.265625
6294    -211790.359375
6295    -211790.468750
6296    -211790.562500
6297    -211790.687500
6298    -211790.812500
6299    -211790.906250
6300    -211791.000000
6301    -211791.125000
6302    -211791.234375
6303    -211791.343750
6304    -211791.437500
6305    -211791.531250
6306    -211791.656250
6307    -211791.750000
6308    -211791.859375
6309    -211791.968750
6310    -211792.062500
6311    -211792.187500
6312    -211792.281250
6313    -211792.390625
6314    -211792.468750
6315    -211792.593750
6316    -211792.718750
6317    -211792.812500
6318    -211792.890625
6319    -211793.000000
6320    -211793.125000
6321    -211793.234375
6322    -211793.343750
6323    -211793.437500
6324    -211793.546875
6325    -211793.640625
6326    -211793.750000
6327    -211793.843750
6328    -211793.968750
6329    -211794.078125
6330    -211794.187500
6331    -211794.281250
6332    -211794.375000
6333    -211794.500000
6334    -211794.593750
6335    -211794.718750
6336    -211794.843750
6337    -211794.937500
6338    -211795.046875
6339    -211795.156250
6340    -211795.281250
6341    -211795.375000
6342    -211795.500000
6343    -211795.609375
6344    -211795.718750
6345    -211795.812500
6346    -211795.937500
6347    -211796.046875
6348    -211796.140625
6349    -211796.265625
6350    -211796.375000
6351    -211796.484375
6352    -211796.609375
6353    -211796.718750
6354    -211796.828125
6355    -211796.921875
6356    -211797.062500
6357    -211797.171875
6358    -211797.281250
6359    -211797.375000
6360    -211797.500000
6361    -211797.625000
6362    -211797.734375
6363    -211797.843750
6364    -211797.937500
6365    -211798.078125
6366    -211798.187500
6367    -211798.312500
6368    -211798.437500
6369    -211798.531250
6370    -211798.656250
6371    -211798.750000
6372    -211798.906250
6373    -211799.000000
6374    -211799.125000
6375    -211799.250000
6376    -211799.343750
6377    -211799.468750
6378    -211799.593750
6379    -211799.718750
6380    -211799.828125
6381    -211799.937500
6382    -211800.093750
6383    -211800.187500
6384    -211800.312500
6385    -211800.437500
6386    -211800.562500
6387    -211800.671875
6388    -211800.796875
6389    -211800.921875
6390    -211801.062500
6391    -211801.171875
6392    -211801.312500
6393    -211801.421875
6394    -211801.531250
6395    -211801.656250
6396    -211801.796875
6397    -211801.937500
6398    -211802.031250
6399    -211802.171875
6400    -211802.296875
6401    -211802.437500
6402    -211802.546875
6403    -211802.671875
6404    -211802.812500
6405    -211802.937500
6406    -211803.046875
6407    -211803.171875
6408    -211803.312500
6409    -211803.468750
6410    -211803.578125
6411    -211803.687500
6412    -211803.828125
6413    -211803.968750
6414    -211804.093750
6415    -211804.218750
6416    -211804.375000
6417    -211804.500000
6418    -211804.625000
6419    -211804.750000
6420    -211804.890625
6421    -211805.031250
6422    -211805.171875
6423    -211805.296875
6424    -211805.437500
6425    -211805.562500
6426    -211805.718750
6427    -211805.843750
6428    -211806.000000
6429    -211806.125000
6430    -211806.265625
6431    -211806.437500
6432    -211806.562500
6433    -211806.703125
6434    -211806.843750
6435    -211807.000000
6436    -211807.140625
6437    -211807.265625
6438    -211807.437500
6439    -211807.593750
6440    -211807.718750
6441    -211807.875000
6442    -211808.015625
6443    -211808.156250
6444    -211808.296875
6445    -211808.468750
6446    -211808.578125
6447    -211808.750000
6448    -211808.890625
6449    -211809.046875
6450    -211809.187500
6451    -211809.359375
6452    -211809.500000
6453    -211809.625000
6454    -211809.781250
6455    -211809.953125
6456    -211810.078125
6457    -211810.234375
6458    -211810.406250
6459    -211810.562500
6460    -211810.687500
6461    -211810.843750
6462    -211811.000000
6463    -211811.156250
6464    -211811.312500
6465    -211811.453125
6466    -211811.625000
6467    -211811.750000
6468    -211811.921875
6469    -211812.078125
6470    -211812.203125
6471    -211812.375000
6472    -211812.531250
6473    -211812.671875
6474    -211812.843750
6475    -211813.000000
6476    -211813.140625
6477    -211813.312500
6478    -211813.437500
6479    -211813.593750
6480    -211813.781250
6481    -211813.906250
6482    -211814.062500
6483    -211814.234375
6484    -211814.359375
6485    -211814.515625
6486    -211814.687500
6487    -211814.812500
6488    -211814.968750
6489    -211815.125000
6490    -211815.250000
6491    -211815.421875
6492    -211815.578125
6493    -211815.718750
6494    -211815.843750
6495    -211816.015625
6496    -211816.140625
6497    -211816.281250
6498    -211816.437500
6499    -211816.593750
6500    -211816.750000
6501    -211816.875000
6502    -211817.031250
6503    -211817.156250
6504    -211817.312500
6505    -211817.437500
6506    -211817.593750
6507    -211817.734375
6508    -211817.843750
6509    -211818.031250
6510    -211818.156250
6511    -211818.296875
6512    -211818.437500
6513    -211818.562500
6514    -211818.703125
6515    -211818.843750
6516    -211818.968750
6517    -211819.125000
6518    -211819.265625
6519    -211819.359375
6520    -211819.515625
6521    -211819.625000
6522    -211819.750000
6523    -211819.921875
6524    -211820.031250
6525    -211820.187500
6526    -211820.296875
6527    -211820.468750
6528    -211820.562500
6529    -211820.687500
6530    -211820.812500
6531    -211820.953125
6532    -211821.093750
6533    -211821.203125
6534    -211821.343750
6535    -211821.484375
6536    -211821.625000
6537    -211821.718750
6538    -211821.859375
6539    -211821.968750
6540    -211822.109375
6541    -211822.218750
6542    -211822.359375
6543    -211822.453125
6544    -211822.593750
6545    -211822.718750
6546    -211822.843750
6547    -211822.937500
6548    -211823.062500
6549    -211823.187500
6550    -211823.296875
6551    -211823.437500
6552    -211823.531250
6553    -211823.656250
6554    -211823.750000
6555    -211823.890625
6556    -211824.031250
6557    -211824.125000
6558    -211824.234375
6559    -211824.343750
6560    -211824.468750
6561    -211824.593750
6562    -211824.687500
6563    -211824.828125
6564    -211824.968750
6565    -211825.031250
6566    -211825.171875
6567    -211825.281250
6568    -211825.375000
6569    -211825.500000
6570    -211825.625000
6571    -211825.734375
6572    -211825.843750
6573    -211825.968750
6574    -211826.046875
6575    -211826.171875
6576    -211826.265625
6577    -211826.343750
6578    -211826.453125
6579    -211826.578125
6580    -211826.703125
6581    -211826.796875
6582    -211826.906250
6583    -211827.000000
6584    -211827.140625
6585    -211827.218750
6586    -211827.312500
6587    -211827.437500
6588    -211827.546875
6589    -211827.656250
6590    -211827.734375
6591    -211827.843750
6592    -211827.968750
6593    -211828.062500
6594    -211828.187500
6595    -211828.265625
6596    -211828.343750
6597    -211828.437500
6598    -211828.562500
6599    -211828.656250
6600    -211828.781250
6601    -211828.875000
6602    -211828.984375
6603    -211829.062500
6604    -211829.156250
6605    -211829.281250
6606    -211829.406250
6607    -211829.500000
6608    -211829.593750
6609    -211829.703125
6610    -211829.812500
6611    -211829.906250
6612    -211829.984375
6613    -211830.093750
6614    -211830.187500
6615    -211830.312500
6616    -211830.406250
6617    -211830.500000
6618    -211830.625000
6619    -211830.703125
6620    -211830.812500
6621    -211830.937500
6622    -211831.015625
6623    -211831.140625
6624    -211831.218750
6625    -211831.312500
6626    -211831.406250
6627    -211831.500000
6628    -211831.593750
6629    -211831.703125
6630    -211831.828125
6631    -211831.953125
6632    -211832.031250
6633    -211832.140625
6634    -211832.250000
6635    -211832.328125
6636    -211832.437500
6637    -211832.515625
6638    -211832.640625
6639    -211832.734375
6640    -211832.843750
6641    -211832.937500
6642    -211833.046875
6643    -211833.171875
6644    -211833.250000
6645    -211833.375000
6646    -211833.468750
6647    -211833.578125
6648    -211833.671875
6649    -211833.765625
6650    -211833.875000
6651    -211834.000000
6652    -211834.093750
6653    -211834.187500
6654    -211834.312500
6655    -211834.406250
6656    -211834.500000
6657    -211834.625000
6658    -211834.718750
6659    -211834.812500
6660    -211834.921875
6661    -211835.000000
6662    -211835.125000
6663    -211835.234375
6664    -211835.343750
6665    -211835.437500
6666    -211835.562500
6667    -211835.625000
6668    -211835.750000
6669    -211835.875000
6670    -211835.968750
6671    -211836.078125
6672    -211836.187500
6673    -211836.296875
6674    -211836.406250
6675    -211836.500000
6676    -211836.593750
6677    -211836.718750
6678    -211836.796875
6679    -211836.937500
6680    -211837.031250
6681    -211837.125000
6682    -211837.250000
6683    -211837.343750
6684    -211837.437500
6685    -211837.531250
6686    -211837.656250
6687    -211837.765625
6688    -211837.906250
6689    -211838.000000
6690    -211838.093750
6691    -211838.218750
6692    -211838.328125
6693    -211838.437500
6694    -211838.578125
6695    -211838.703125
6696    -211838.781250
6697    -211838.890625
6698    -211839.000000
6699    -211839.140625
6700    -211839.250000
6701    -211839.375000
6702    -211839.500000
6703    -211839.640625
6704    -211839.718750
6705    -211839.843750
6706    -211839.984375
6707    -211840.109375
6708    -211840.218750
6709    -211840.328125
6710    -211840.437500
6711    -211840.562500
6712    -211840.656250
6713    -211840.812500
6714    -211840.937500
6715    -211841.046875
6716    -211841.140625
6717    -211841.296875
6718    -211841.406250
6719    -211841.531250
6720    -211841.671875
6721    -211841.812500
6722    -211841.906250
6723    -211842.062500
6724    -211842.171875
6725    -211842.312500
6726    -211842.453125
6727    -211842.562500
6728    -211842.718750
6729    -211842.859375
6730    -211842.937500
6731    -211843.093750
6732    -211843.234375
6733    -211843.359375
6734    -211843.500000
6735    -211843.656250
6736    -211843.796875
6737    -211843.921875
6738    -211844.046875
6739    -211844.203125
6740    -211844.375000
6741    -211844.515625
6742    -211844.656250
6743    -211844.750000
6744    -211844.906250
6745    -211845.093750
6746    -211845.218750
6747    -211845.359375
6748    -211845.515625
6749    -211845.671875
6750    -211845.812500
6751    -211845.937500
6752    -211846.109375
6753    -211846.265625
6754    -211846.437500
6755    -211846.578125
6756    -211846.703125
6757    -211846.875000
6758    -211847.031250
6759    -211847.218750
6760    -211847.343750
6761    -211847.484375
6762    -211847.656250
6763    -211847.812500
6764    -211847.937500
6765    -211848.093750
6766    -211848.281250
6767    -211848.437500
6768    -211848.578125
6769    -211848.734375
6770    -211848.906250
6771    -211849.093750
6772    -211849.234375
6773    -211849.359375
6774    -211849.546875
6775    -211849.656250
6776    -211849.843750
6777    -211850.015625
6778    -211850.171875
6779    -211850.328125
6780    -211850.437500
6781    -211850.640625
6782    -211850.796875
6783    -211850.921875
6784    -211851.093750
6785    -211851.265625
6786    -211851.406250
6787    -211851.578125
6788    -211851.734375
6789    -211851.890625
6790    -211852.046875
6791    -211852.218750
6792    -211852.375000
6793    -211852.515625
6794    -211852.687500
6795    -211852.875000
6796    -211853.000000
6797    -211853.156250
6798    -211853.312500
6799    -211853.468750
6800    -211853.640625
6801    -211853.781250
6802    -211853.937500
6803    -211854.093750
6804    -211854.250000
6805    -211854.390625
6806    -211854.562500
6807    -211854.734375
6808    -211854.859375
6809    -211855.031250
6810    -211855.187500
6811    -211855.343750
6812    -211855.468750
6813    -211855.671875
6814    -211855.828125
6815    -211855.953125
6816    -211856.109375
6817    -211856.250000
6818    -211856.375000
6819    -211856.546875
6820    -211856.687500
6821    -211856.843750
6822    -211856.968750
6823    -211857.140625
6824    -211857.312500
6825    -211857.421875
6826    -211857.578125
6827    -211857.734375
6828    -211857.875000
6829    -211858.015625
6830    -211858.140625
6831    -211858.281250
6832    -211858.406250
6833    -211858.546875
6834    -211858.687500
6835    -211858.843750
6836    -211859.000000
6837    -211859.125000
6838    -211859.265625
6839    -211859.375000
6840    -211859.500000
6841    -211859.671875
6842    -211859.796875
6843    -211859.890625
6844    -211860.078125
6845    -211860.156250
6846    -211860.296875
6847    -211860.406250
6848    -211860.578125
6849    -211860.656250
6850    -211860.812500
6851    -211860.953125
6852    -211861.046875
6853    -211861.203125
6854    -211861.312500
6855    -211861.453125
6856    -211861.562500
6857    -211861.687500
6858    -211861.781250
6859    -211861.937500
6860    -211862.031250
6861    -211862.156250
6862    -211862.281250
6863    -211862.390625
6864    -211862.515625
6865    -211862.625000
6866    -211862.750000
6867    -211862.859375
6868    -211862.968750
6869    -211863.078125
6870    -211863.218750
6871    -211863.296875
6872    -211863.421875
6873    -211863.531250
6874    -211863.625000
6875    -211863.750000
6876    -211863.859375
6877    -211863.953125
6878    -211864.062500
6879    -211864.156250
6880    -211864.265625
6881    -211864.375000
6882    -211864.468750
6883    -211864.593750
6884    -211864.687500
6885    -211864.796875
6886    -211864.890625
6887    -211865.000000
6888    -211865.093750
6889    -211865.203125
6890    -211865.281250
6891    -211865.406250
6892    -211865.468750
6893    -211865.562500
6894    -211865.687500
6895    -211865.750000
6896    -211865.875000
6897    -211865.968750
6898    -211866.046875
6899    -211866.156250
6900    -211866.234375
6901    -211866.343750
6902    -211866.437500
6903    -211866.531250
6904    -211866.625000
6905    -211866.687500
6906    -211866.812500
6907    -211866.875000
6908    -211866.953125
6909    -211867.046875
6910    -211867.093750
6911    -211867.218750
6912    -211867.296875
6913    -211867.406250
6914    -211867.468750
6915    -211867.562500
6916    -211867.625000
6917    -211867.718750
6918    -211867.796875
6919    -211867.875000
6920    -211867.953125
6921    -211868.062500
6922    -211868.125000
6923    -211868.218750
6924    -211868.296875
6925    -211868.375000
6926    -211868.437500
6927    -211868.531250
6928    -211868.578125
6929    -211868.734375
6930    -211868.750000
6931    -211868.843750
6932    -211868.937500
6933    -211868.984375
6934    -211869.062500
6935    -211869.125000
6936    -211869.234375
6937    -211869.312500
6938    -211869.375000
6939    -211869.437500
6940    -211869.515625
6941    -211869.593750
6942    -211869.625000
6943    -211869.750000
6944    -211869.812500
6945    -211869.875000
6946    -211869.937500
6947    -211870.000000
6948    -211870.062500
6949    -211870.125000
6950    -211870.234375
6951    -211870.250000
6952    -211870.343750
6953    -211870.437500
6954    -211870.500000
6955    -211870.531250
6956    -211870.593750
6957    -211870.656250
6958    -211870.734375
6959    -211870.796875
6960    -211870.890625
6961    -211870.937500
6962    -211871.000000
6963    -211871.109375
6964    -211871.125000
6965    -211871.187500
6966    -211871.281250
6967    -211871.343750
6968    -211871.406250
6969    -211871.437500
6970    -211871.500000
6971    -211871.562500
6972    -211871.609375
6973    -211871.687500
6974    -211871.734375
6975    -211871.781250
6976    -211871.843750
6977    -211871.906250
6978    -211871.953125
6979    -211872.000000
6980    -211872.078125
6981    -211872.156250
6982    -211872.171875
6983    -211872.250000
6984    -211872.312500
6985    -211872.375000
6986    -211872.437500
6987    -211872.484375
6988    -211872.562500
6989    -211872.578125
6990    -211872.656250
6991    -211872.687500
6992    -211872.750000
6993    -211872.781250
6994    -211872.875000
6995    -211872.921875
6996    -211872.968750
6997    -211873.015625
6998    -211873.046875
6999    -211873.109375
7000    -211873.156250
7001    -211873.218750
7002    -211873.296875
7003    -211873.343750
7004    -211873.406250
7005    -211873.437500
7006    -211873.500000
7007    -211873.546875
7008    -211873.609375
7009    -211873.671875
7010    -211873.734375
7011    -211873.781250
7012    -211873.843750
7013    -211873.890625
7014    -211873.937500
7015    -211874.015625
7016    -211874.062500
7017    -211874.125000
7018    -211874.171875
7019    -211874.218750
7020    -211874.281250
7021    -211874.359375
7022    -211874.406250
7023    -211874.437500
7024    -211874.515625
7025    -211874.578125
7026    -211874.625000
7027    -211874.687500
7028    -211874.765625
7029    -211874.796875
7030    -211874.859375
7031    -211874.937500
7032    -211874.968750
7033    -211875.062500
7034    -211875.140625
7035    -211875.156250
7036    -211875.218750
7037    -211875.250000
7038    -211875.359375
7039    -211875.437500
7040    -211875.468750
7041    -211875.531250
7042    -211875.593750
7043    -211875.687500
7044    -211875.734375
7045    -211875.781250
7046    -211875.859375
7047    -211875.921875
7048    -211876.000000
7049    -211876.062500
7050    -211876.125000
7051    -211876.187500
7052    -211876.250000
7053    -211876.343750
7054    -211876.406250
7055    -211876.468750
7056    -211876.531250
7057    -211876.625000
7058    -211876.671875
7059    -211876.765625
7060    -211876.843750
7061    -211876.890625
7062    -211876.984375
7063    -211877.031250
7064    -211877.093750
7065    -211877.187500
7066    -211877.265625
7067    -211877.328125
7068    -211877.421875
7069    -211877.500000
7070    -211877.562500
7071    -211877.656250
7072    -211877.718750
7073    -211877.812500
7074    -211877.875000
7075    -211877.968750
7076    -211878.046875
7077    -211878.125000
7078    -211878.203125
7079    -211878.281250
7080    -211878.375000
7081    -211878.437500
7082    -211878.531250
7083    -211878.625000
7084    -211878.718750
7085    -211878.781250
7086    -211878.875000
7087    -211878.968750
7088    -211879.062500
7089    -211879.156250
7090    -211879.218750
7091    -211879.312500
7092    -211879.406250
7093    -211879.484375
7094    -211879.593750
7095    -211879.703125
7096    -211879.781250
7097    -211879.859375
7098    -211879.937500
7099    -211880.062500
7100    -211880.156250
7101    -211880.281250
7102    -211880.375000
7103    -211880.437500
7104    -211880.562500
7105    -211880.656250
7106    -211880.750000
7107    -211880.859375
7108    -211880.953125
7109    -211881.062500
7110    -211881.125000
7111    -211881.250000
7112    -211881.390625
7113    -211881.500000
7114    -211881.578125
7115    -211881.687500
7116    -211881.781250
7117    -211881.906250
7118    -211882.000000
7119    -211882.109375
7120    -211882.218750
7121    -211882.312500
7122    -211882.437500
7123    -211882.562500
7124    -211882.656250
7125    -211882.750000
7126    -211882.906250
7127    -211883.000000
7128    -211883.125000
7129    -211883.218750
7130    -211883.359375
7131    -211883.453125
7132    -211883.593750
7133    -211883.718750
7134    -211883.843750
7135    -211883.937500
7136    -211884.062500
7137    -211884.234375
7138    -211884.281250
7139    -211884.421875
7140    -211884.562500
7141    -211884.656250
7142    -211884.796875
7143    -211884.937500
7144    -211885.015625
7145    -211885.171875
7146    -211885.343750
7147    -211885.437500
7148    -211885.593750
7149    -211885.656250
7150    -211885.828125
7151    -211885.984375
7152    -211886.093750
7153    -211886.234375
7154    -211886.328125
7155    -211886.515625
7156    -211886.625000
7157    -211886.750000
7158    -211886.890625
7159    -211887.031250
7160    -211887.171875
7161    -211887.281250
7162    -211887.406250
7163    -211887.593750
7164    -211887.718750
7165    -211887.843750
7166    -211888.015625
7167    -211888.156250
7168    -211888.265625
7169    -211888.406250
7170    -211888.562500
7171    -211888.750000
7172    -211888.843750
7173    -211889.000000
7174    -211889.125000
7175    -211889.281250
7176    -211889.421875
7177    -211889.593750
7178    -211889.750000
7179    -211889.875000
7180    -211890.031250
7181    -211890.187500
7182    -211890.375000
7183    -211890.468750
7184    -211890.640625
7185    -211890.781250
7186    -211890.953125
7187    -211891.093750
7188    -211891.281250
7189    -211891.390625
7190    -211891.562500
7191    -211891.734375
7192    -211891.875000
7193    -211892.031250
7194    -211892.203125
7195    -211892.359375
7196    -211892.531250
7197    -211892.671875
7198    -211892.828125
7199    -211893.031250
7200    -211893.171875
7201    -211893.328125
7202    -211893.500000
7203    -211893.671875
7204    -211893.828125
7205    -211894.000000
7206    -211894.156250
7207    -211894.343750
7208    -211894.500000
7209    -211894.656250
7210    -211894.828125
7211    -211894.968750
7212    -211895.187500
7213    -211895.359375
7214    -211895.546875
7215    -211895.687500
7216    -211895.890625
7217    -211896.062500
7218    -211896.171875
7219    -211896.406250
7220    -211896.562500
7221    -211896.734375
7222    -211896.937500
7223    -211897.093750
7224    -211897.265625
7225    -211897.468750
7226    -211897.625000
7227    -211897.843750
7228    -211897.984375
7229    -211898.187500
7230    -211898.375000
7231    -211898.546875
7232    -211898.750000
7233    -211898.906250
7234    -211899.125000
7235    -211899.312500
7236    -211899.531250
7237    -211899.687500
7238    -211899.890625
7239    -211900.078125
7240    -211900.250000
7241    -211900.453125
7242    -211900.640625
7243    -211900.812500
7244    -211901.031250
7245    -211901.250000
7246    -211901.453125
7247    -211901.656250
7248    -211901.843750
7249    -211902.031250
7250    -211902.281250
7251    -211902.437500
7252    -211902.687500
7253    -211902.828125
7254    -211903.062500
7255    -211903.265625
7256    -211903.484375
7257    -211903.671875
7258    -211903.875000
7259    -211904.093750
7260    -211904.281250
7261    -211904.468750
7262    -211904.687500
7263    -211904.937500
7264    -211905.125000
7265    -211905.343750
7266    -211905.515625
7267    -211905.750000
7268    -211906.000000
7269    -211906.156250
7270    -211906.406250
7271    -211906.593750
7272    -211906.796875
7273    -211907.046875
7274    -211907.234375
7275    -211907.437500
7276    -211907.671875
7277    -211907.843750
7278    -211908.093750
7279    -211908.281250
7280    -211908.484375
7281    -211908.687500
7282    -211908.937500
7283    -211909.109375
7284    -211909.328125
7285    -211909.562500
7286    -211909.765625
7287    -211909.984375
7288    -211910.203125
7289    -211910.390625
7290    -211910.625000
7291    -211910.859375
7292    -211911.093750
7293    -211911.250000
7294    -211911.484375
7295    -211911.734375
7296    -211911.937500
7297    -211912.140625
7298    -211912.296875
7299    -211912.500000
7300    -211912.765625
7301    -211912.921875
7302    -211913.156250
7303    -211913.406250
7304    -211913.593750
7305    -211913.812500
7306    -211914.015625
7307    -211914.234375
7308    -211914.421875
7309    -211914.640625
7310    -211914.843750
7311    -211914.984375
7312    -211915.125000
7313    -211915.375000
7314    -211915.562500
7315    -211915.765625
7316    -211915.968750
7317    -211916.171875
7318    -211916.375000
7319    -211916.515625
7320    -211916.718750
7321    -211916.953125
7322    -211917.140625
7323    -211917.343750
7324    -211917.468750
7325    -211917.718750
7326    -211917.875000
7327    -211918.031250
7328    -211918.265625
7329    -211918.437500
7330    -211918.625000
7331    -211918.796875
7332    -211919.031250
7333    -211919.156250
7334    -211919.343750
7335    -211919.531250
7336    -211919.718750
7337    -211919.875000
7338    -211920.078125
7339    -211920.250000
7340    -211920.437500
7341    -211920.625000
7342    -211920.781250
7343    -211920.984375
7344    -211921.125000
7345    -211921.312500
7346    -211921.484375
7347    -211921.687500
7348    -211921.828125
7349    -211921.968750
7350    -211922.187500
7351    -211922.359375
7352    -211922.546875
7353    -211922.656250
7354    -211922.812500
7355    -211923.062500
7356    -211923.218750
7357    -211923.328125
7358    -211923.562500
7359    -211923.687500
7360    -211923.875000
7361    -211924.000000
7362    -211924.187500
7363    -211924.343750
7364    -211924.531250
7365    -211924.687500
7366    -211924.843750
7367    -211925.031250
7368    -211925.156250
7369    -211925.375000
7370    -211925.500000
7371    -211925.625000
7372    -211925.828125
7373    -211925.968750
7374    -211926.109375
7375    -211926.312500
7376    -211926.484375
7377    -211926.625000
7378    -211926.734375
7379    -211926.890625
7380    -211927.062500
7381    -211927.234375
7382    -211927.375000
7383    -211927.562500
7384    -211927.718750
7385    -211927.812500
7386    -211927.968750
7387    -211928.140625
7388    -211928.312500
7389    -211928.437500
7390    -211928.640625
7391    -211928.781250
7392    -211928.906250
7393    -211929.031250
7394    -211929.250000
7395    -211929.343750
7396    -211929.531250
7397    -211929.687500
7398    -211929.828125
7399    -211929.968750
7400    -211930.078125
7401    -211930.250000
7402    -211930.406250
7403    -211930.500000
7404    -211930.656250
7405    -211930.781250
7406    -211930.968750
7407    -211931.046875
7408    -211931.187500
7409    -211931.328125
7410    -211931.468750
7411    -211931.656250
7412    -211931.750000
7413    -211931.906250
7414    -211932.000000
7415    -211932.156250
7416    -211932.312500
7417    -211932.437500
7418    -211932.593750
7419    -211932.687500
7420    -211932.843750
7421    -211932.937500
7422    -211933.031250
7423    -211933.187500
7424    -211933.328125
7425    -211933.437500
7426    -211933.625000
7427    -211933.718750
7428    -211933.828125
7429    -211933.968750
7430    -211934.093750
7431    -211934.218750
7432    -211934.328125
7433    -211934.500000
7434    -211934.593750
7435    -211934.687500
7436    -211934.828125
7437    -211934.953125
7438    -211935.062500
7439    -211935.187500
7440    -211935.312500
7441    -211935.468750
7442    -211935.578125
7443    -211935.656250
7444    -211935.781250
7445    -211935.937500
7446    -211936.031250
7447    -211936.187500
7448    -211936.281250
7449    -211936.375000
7450    -211936.484375
7451    -211936.593750
7452    -211936.687500
7453    -211936.875000
7454    -211936.953125
7455    -211937.062500
7456    -211937.125000
7457    -211937.281250
7458    -211937.312500
7459    -211937.421875
7460    -211937.515625
7461    -211937.625000
7462    -211937.718750
7463    -211937.812500
7464    -211937.937500
7465    -211938.031250
7466    -211938.062500
7467    -211938.187500
7468    -211938.281250
7469    -211938.406250
7470    -211938.468750
7471    -211938.562500
7472    -211938.671875
7473    -211938.781250
7474    -211938.812500
7475    -211938.937500
7476    -211939.015625
7477    -211939.125000
7478    -211939.218750
7479    -211939.296875
7480    -211939.406250
7481    -211939.484375
7482    -211939.593750
7483    -211939.671875
7484    -211939.734375
7485    -211939.843750
7486    -211939.921875
7487    -211940.031250
7488    -211940.125000
7489    -211940.218750
7490    -211940.312500
7491    -211940.406250
7492    -211940.468750
7493    -211940.546875
7494    -211940.593750
7495    -211940.750000
7496    -211940.812500
7497    -211940.906250
7498    -211940.968750
7499    -211941.078125
7500    -211941.125000
7501    -211941.250000
7502    -211941.312500
7503    -211941.421875
7504    -211941.468750
7505    -211941.531250
7506    -211941.593750
7507    -211941.687500
7508    -211941.765625
7509    -211941.859375
7510    -211941.937500
7511    -211942.000000
7512    -211942.062500
7513    -211942.156250
7514    -211942.250000
7515    -211942.328125
7516    -211942.406250
7517    -211942.484375
7518    -211942.500000
7519    -211942.593750
7520    -211942.671875
7521    -211942.765625
7522    -211942.843750
7523    -211942.906250
7524    -211942.968750
7525    -211943.062500
7526    -211943.156250
7527    -211943.187500
7528    -211943.265625
7529    -211943.375000
7530    -211943.421875
7531    -211943.515625
7532    -211943.578125
7533    -211943.671875
7534    -211943.687500
7535    -211943.750000
7536    -211943.843750
7537    -211943.921875
7538    -211944.000000
7539    -211944.062500
7540    -211944.140625
7541    -211944.187500
7542    -211944.312500
7543    -211944.343750
7544    -211944.421875
7545    -211944.500000
7546    -211944.593750
7547    -211944.656250
7548    -211944.750000
7549    -211944.781250
7550    -211944.875000
7551    -211944.937500
7552    -211945.000000
7553    -211945.093750
7554    -211945.140625
7555    -211945.187500
7556    -211945.250000
7557    -211945.328125
7558    -211945.375000
7559    -211945.468750
7560    -211945.531250
7561    -211945.578125
7562    -211945.656250
7563    -211945.734375
7564    -211945.796875
7565    -211945.875000
7566    -211945.953125
7567    -211946.015625
7568    -211946.093750
7569    -211946.171875
7570    -211946.218750
7571    -211946.281250
7572    -211946.343750
7573    -211946.406250
7574    -211946.484375
7575    -211946.562500
7576    -211946.625000
7577    -211946.687500
7578    -211946.750000
7579    -211946.812500
7580    -211946.890625
7581    -211946.968750
7582    -211947.062500
7583    -211947.125000
7584    -211947.171875
7585    -211947.250000
7586    -211947.281250
7587    -211947.390625
7588    -211947.453125
7589    -211947.515625
7590    -211947.593750
7591    -211947.656250
7592    -211947.718750
7593    -211947.796875
7594    -211947.875000
7595    -211947.921875
7596    -211947.968750
7597    -211948.062500
7598    -211948.109375
7599    -211948.187500
7600    -211948.250000
7601    -211948.281250
7602    -211948.343750
7603    -211948.406250
7604    -211948.500000
7605    -211948.562500
7606    -211948.625000
7607    -211948.718750
7608    -211948.781250
7609    -211948.843750
7610    -211948.906250
7611    -211948.968750
7612    -211949.031250
7613    -211949.093750
7614    -211949.156250
7615    -211949.234375
7616    -211949.328125
7617    -211949.390625
7618    -211949.437500
7619    -211949.515625
7620    -211949.609375
7621    -211949.656250
7622    -211949.750000
7623    -211949.796875
7624    -211949.859375
7625    -211949.921875
7626    -211950.000000
7627    -211950.062500
7628    -211950.125000
7629    -211950.187500
7630    -211950.281250
7631    -211950.343750
7632    -211950.453125
7633    -211950.484375
7634    -211950.578125
7635    -211950.625000
7636    -211950.703125
7637    -211950.765625
7638    -211950.843750
7639    -211950.906250
7640    -211950.968750
7641    -211951.046875
7642    -211951.125000
7643    -211951.187500
7644    -211951.265625
7645    -211951.328125
7646    -211951.421875
7647    -211951.468750
7648    -211951.562500
7649    -211951.593750
7650    -211951.687500
7651    -211951.781250
7652    -211951.828125
7653    -211951.906250
7654    -211951.968750
7655    -211952.046875
7656    -211952.109375
7657    -211952.187500
7658    -211952.296875
7659    -211952.375000
7660    -211952.421875
7661    -211952.484375
7662    -211952.593750
7663    -211952.640625
7664    -211952.734375
7665    -211952.781250
7666    -211952.843750
7667    -211952.937500
7668    -211952.984375
7669    -211953.062500
7670    -211953.125000
7671    -211953.187500
7672    -211953.281250
7673    -211953.328125
7674    -211953.406250
7675    -211953.468750
7676    -211953.562500
7677    -211953.625000
7678    -211953.734375
7679    -211953.765625
7680    -211953.859375
7681    -211953.921875
7682    -211953.968750
7683    -211954.031250
7684    -211954.109375
7685    -211954.187500
7686    -211954.250000
7687    -211954.343750
7688    -211954.390625
7689    -211954.453125
7690    -211954.562500
7691    -211954.609375
7692    -211954.687500
7693    -211954.781250
7694    -211954.843750
7695    -211954.906250
7696    -211955.000000
7697    -211955.078125
7698    -211955.156250
7699    -211955.218750
7700    -211955.312500
7701    -211955.390625
7702    -211955.453125
7703    -211955.531250
7704    -211955.593750
7705    -211955.703125
7706    -211955.718750
7707    -211955.812500
7708    -211955.906250
7709    -211956.000000
7710    -211956.062500
7711    -211956.125000
7712    -211956.203125
7713    -211956.281250
7714    -211956.343750
7715    -211956.437500
7716    -211956.531250
7717    -211956.593750
7718    -211956.656250
7719    -211956.765625
7720    -211956.843750
7721    -211956.921875
7722    -211957.000000
7723    -211957.062500
7724    -211957.125000
7725    -211957.218750
7726    -211957.312500
7727    -211957.406250
7728    -211957.468750
7729    -211957.546875
7730    -211957.625000
7731    -211957.750000
7732    -211957.843750
7733    -211957.843750
7734    -211957.937500
7735    -211958.015625
7736    -211958.093750
7737    -211958.187500
7738    -211958.250000
7739    -211958.343750
7740    -211958.437500
7741    -211958.500000
7742    -211958.593750
7743    -211958.656250
7744    -211958.734375
7745    -211958.812500
7746    -211958.937500
7747    -211959.000000
7748    -211959.093750
7749    -211959.156250
7750    -211959.265625
7751    -211959.312500
7752    -211959.390625
7753    -211959.500000
7754    -211959.593750
7755    -211959.671875
7756    -211959.750000
7757    -211959.843750
7758    -211959.921875
7759    -211959.968750
7760    -211960.093750
7761    -211960.156250
7762    -211960.250000
7763    -211960.343750
7764    -211960.421875
7765    -211960.500000
7766    -211960.562500
7767    -211960.656250
7768    -211960.718750
7769    -211960.812500
7770    -211960.875000
7771    -211960.984375
7772    -211961.093750
7773    -211961.187500
7774    -211961.281250
7775    -211961.390625
7776    -211961.421875
7777    -211961.515625
7778    -211961.593750
7779    -211961.718750
7780    -211961.781250
7781    -211961.843750
7782    -211961.921875
7783    -211962.062500
7784    -211962.125000
7785    -211962.234375
7786    -211962.312500
7787    -211962.390625
7788    -211962.484375
7789    -211962.578125
7790    -211962.625000
7791    -211962.718750
7792    -211962.812500
7793    -211962.937500
7794    -211962.968750
7795    -211963.093750
7796    -211963.156250
7797    -211963.281250
7798    -211963.343750
7799    -211963.437500
7800    -211963.531250
7801    -211963.640625
7802    -211963.671875
7803    -211963.781250
7804    -211963.875000
7805    -211963.984375
7806    -211964.078125
7807    -211964.109375
7808    -211964.234375
7809    -211964.312500
7810    -211964.406250
7811    -211964.500000
7812    -211964.593750
7813    -211964.671875
7814    -211964.781250
7815    -211964.890625
7816    -211964.937500
7817    -211965.062500
7818    -211965.140625
7819    -211965.218750
7820    -211965.312500
7821    -211965.406250
7822    -211965.453125
7823    -211965.609375
7824    -211965.718750
7825    -211965.765625
7826    -211965.843750
7827    -211965.968750
7828    -211966.046875
7829    -211966.156250
7830    -211966.281250
7831    -211966.312500
7832    -211966.437500
7833    -211966.515625
7834    -211966.609375
7835    -211966.687500
7836    -211966.781250
7837    -211966.906250
7838    -211967.000000
7839    -211967.078125
7840    -211967.187500
7841    -211967.234375
7842    -211967.375000
7843    -211967.468750
7844    -211967.562500
7845    -211967.656250
7846    -211967.718750
7847    -211967.812500
7848    -211967.906250
7849    -211968.015625
7850    -211968.125000
7851    -211968.203125
7852    -211968.281250
7853    -211968.375000
7854    -211968.515625
7855    -211968.578125
7856    -211968.656250
7857    -211968.750000
7858    -211968.843750
7859    -211968.937500
7860    -211969.015625
7861    -211969.093750
7862    -211969.218750
7863    -211969.296875
7864    -211969.421875
7865    -211969.500000
7866    -211969.578125
7867    -211969.656250
7868    -211969.781250
7869    -211969.890625
7870    -211969.968750
7871    -211970.046875
7872    -211970.187500
7873    -211970.234375
7874    -211970.375000
7875    -211970.437500
7876    -211970.531250
7877    -211970.625000
7878    -211970.734375
7879    -211970.812500
7880    -211970.906250
7881    -211971.031250
7882    -211971.093750
7883    -211971.203125
7884    -211971.281250
7885    -211971.406250
7886    -211971.500000
7887    -211971.593750
7888    -211971.687500
7889    -211971.750000
7890    -211971.890625
7891    -211971.937500
7892    -211972.031250
7893    -211972.140625
7894    -211972.218750
7895    -211972.328125
7896    -211972.437500
7897    -211972.531250
7898    -211972.578125
7899    -211972.687500
7900    -211972.781250
7901    -211972.843750
7902    -211972.968750
7903    -211973.015625
7904    -211973.140625
7905    -211973.218750
7906    -211973.312500
7907    -211973.437500
7908    -211973.531250
7909    -211973.609375
7910    -211973.640625
7911    -211973.781250
7912    -211973.843750
7913    -211973.906250
7914    -211974.015625
7915    -211974.125000
7916    -211974.156250
7917    -211974.312500
7918    -211974.421875
7919    -211974.484375
7920    -211974.546875
7921    -211974.687500
7922    -211974.750000
7923    -211974.812500
7924    -211974.890625
7925    -211975.015625
7926    -211975.125000
7927    -211975.187500
7928    -211975.265625
7929    -211975.375000
7930    -211975.468750
7931    -211975.546875
7932    -211975.656250
7933    -211975.781250
7934    -211975.843750
7935    -211975.937500
7936    -211976.031250
7937    -211976.109375
7938    -211976.250000
7939    -211976.328125
7940    -211976.406250
7941    -211976.500000
7942    -211976.562500
7943    -211976.656250
7944    -211976.781250
7945    -211976.843750
7946    -211976.953125
7947    -211977.031250
7948    -211977.156250
7949    -211977.281250
7950    -211977.359375
7951    -211977.453125
7952    -211977.515625
7953    -211977.609375
7954    -211977.734375
7955    -211977.843750
7956    -211977.937500
7957    -211978.031250
7958    -211978.093750
7959    -211978.187500
7960    -211978.281250
7961    -211978.375000
7962    -211978.453125
7963    -211978.625000
7964    -211978.750000
7965    -211978.812500
7966    -211978.906250
7967    -211979.015625
7968    -211979.093750
7969    -211979.203125
7970    -211979.265625
7971    -211979.359375
7972    -211979.468750
7973    -211979.562500
7974    -211979.687500
7975    -211979.765625
7976    -211979.906250
7977    -211979.984375
7978    -211980.125000
7979    -211980.187500
7980    -211980.296875
7981    -211980.390625
7982    -211980.500000
7983    -211980.609375
7984    -211980.687500
7985    -211980.812500
7986    -211980.875000
7987    -211981.000000
7988    -211981.062500
7989    -211981.203125
7990    -211981.328125
7991    -211981.437500
7992    -211981.515625
7993    -211981.625000
7994    -211981.750000
7995    -211981.843750
7996    -211981.968750
7997    -211982.046875
7998    -211982.171875
7999    -211982.250000
8000    -211982.406250
8001    -211982.484375
8002    -211982.578125
8003    -211982.687500
8004    -211982.812500
8005    -211982.906250
8006    -211983.046875
8007    -211983.125000
8008    -211983.234375
8009    -211983.375000
8010    -211983.437500
8011    -211983.546875
8012    -211983.656250
8013    -211983.765625
8014    -211983.875000
8015    -211983.937500
8016    -211984.031250
8017    -211984.187500
8018    -211984.281250
8019    -211984.359375
8020    -211984.500000
8021    -211984.593750
8022    -211984.718750
8023    -211984.828125
8024    -211984.921875
8025    -211985.031250
8026    -211985.125000
8027    -211985.234375
8028    -211985.359375
8029    -211985.468750
8030    -211985.562500
8031    -211985.671875
8032    -211985.781250
8033    -211985.890625
8034    -211986.000000
8035    -211986.140625
8036    -211986.250000
8037    -211986.328125
8038    -211986.468750
8039    -211986.562500
8040    -211986.671875
8041    -211986.750000
8042    -211986.859375
8043    -211986.984375
8044    -211987.109375
8045    -211987.218750
8046    -211987.296875
8047    -211987.406250
8048    -211987.546875
8049    -211987.687500
8050    -211987.734375
8051    -211987.875000
8052    -211987.968750
8053    -211988.093750
8054    -211988.171875
8055    -211988.281250
8056    -211988.390625
8057    -211988.468750
8058    -211988.546875
8059    -211988.656250
8060    -211988.750000
8061    -211988.875000
8062    -211988.968750
8063    -211989.078125
8064    -211989.171875
8065    -211989.312500
8066    -211989.406250
8067    -211989.468750
8068    -211989.625000
8069    -211989.718750
8070    -211989.843750
8071    -211989.953125
8072    -211990.000000
8073    -211990.093750
8074    -211990.203125
8075    -211990.312500
8076    -211990.406250
8077    -211990.515625
8078    -211990.625000
8079    -211990.765625
8080    -211990.812500
8081    -211990.906250
8082    -211991.015625
8083    -211991.125000
8084    -211991.250000
8085    -211991.343750
8086    -211991.406250
8087    -211991.484375
8088    -211991.640625
8089    -211991.718750
8090    -211991.812500
8091    -211991.906250
8092    -211992.046875
8093    -211992.140625
8094    -211992.265625
8095    -211992.343750
8096    -211992.406250
8097    -211992.531250
8098    -211992.640625
8099    -211992.718750
8100    -211992.843750
8101    -211992.937500
8102    -211993.031250
8103    -211993.171875
8104    -211993.265625
8105    -211993.312500
8106    -211993.437500
8107    -211993.562500
8108    -211993.609375
8109    -211993.750000
8110    -211993.812500
8111    -211993.968750
8112    -211994.093750
8113    -211994.171875
8114    -211994.250000
8115    -211994.343750
8116    -211994.437500
8117    -211994.562500
8118    -211994.625000
8119    -211994.750000
8120    -211994.812500
8121    -211994.937500
8122    -211995.031250
8123    -211995.125000
8124    -211995.218750
8125    -211995.296875
8126    -211995.437500
8127    -211995.562500
8128    -211995.625000
8129    -211995.718750
8130    -211995.812500
8131    -211995.890625
8132    -211996.000000
8133    -211996.125000
8134    -211996.203125
8135    -211996.343750
8136    -211996.375000
8137    -211996.500000
8138    -211996.609375
8139    -211996.671875
8140    -211996.734375
8141    -211996.843750
8142    -211996.937500
8143    -211997.062500
8144    -211997.125000
8145    -211997.218750
8146    -211997.328125
8147    -211997.406250
8148    -211997.500000
8149    -211997.609375
8150    -211997.656250
8151    -211997.750000
8152    -211997.843750
8153    -211997.968750
8154    -211998.031250
8155    -211998.125000
8156    -211998.203125
8157    -211998.265625
8158    -211998.390625
8159    -211998.437500
8160    -211998.562500
8161    -211998.593750
8162    -211998.765625
8163    -211998.812500
8164    -211998.890625
8165    -211998.968750
8166    -211999.062500
8167    -211999.140625
8168    -211999.218750
8169    -211999.375000
8170    -211999.390625
8171    -211999.500000
8172    -211999.578125
8173    -211999.687500
8174    -211999.734375
8175    -211999.781250
8176    -211999.906250
8177    -212000.000000
8178    -212000.031250
8179    -212000.156250
8180    -212000.250000
8181    -212000.281250
8182    -212000.375000
8183    -212000.437500
8184    -212000.515625
8185    -212000.625000
8186    -212000.656250
8187    -212000.750000
8188    -212000.875000
8189    -212000.875000
8190    -212000.968750
8191    -212001.062500
8192    -212001.109375
8193    -212001.203125
8194    -212001.265625
8195    -212001.359375
8196    -212001.406250
8197    -212001.500000
8198    -212001.531250
8199    -212001.625000
8200    -212001.718750
8201    -212001.734375
8202    -212001.875000
8203    -212001.890625
8204    -212001.984375
8205    -212002.062500
8206    -212002.125000
8207    -212002.187500
8208    -212002.250000
8209    -212002.312500
8210    -212002.406250
8211    -212002.437500
8212    -212002.531250
8213    -212002.609375
8214    -212002.687500
8215    -212002.687500
8216    -212002.796875
8217    -212002.906250
8218    -212002.937500
8219    -212002.968750
8220    -212003.062500
8221    -212003.125000
8222    -212003.171875
8223    -212003.265625
8224    -212003.312500
8225    -212003.375000
8226    -212003.421875
8227    -212003.515625
8228    -212003.562500
8229    -212003.625000
8230    -212003.718750
8231    -212003.718750
8232    -212003.812500
8233    -212003.921875
8234    -212003.906250
8235    -212004.031250
8236    -212004.046875
8237    -212004.140625
8238    -212004.171875
8239    -212004.250000
8240    -212004.296875
8241    -212004.359375
8242    -212004.437500
8243    -212004.500000
8244    -212004.593750
8245    -212004.609375
8246    -212004.687500
8247    -212004.718750
8248    -212004.812500
8249    -212004.828125
8250    -212004.906250
8251    -212004.968750
8252    -212005.062500
8253    -212005.109375
8254    -212005.187500
8255    -212005.187500
8256    -212005.250000
8257    -212005.328125
8258    -212005.390625
8259    -212005.468750
8260    -212005.500000
8261    -212005.593750
8262    -212005.625000
8263    -212005.656250
8264    -212005.703125
8265    -212005.781250
8266    -212005.796875
8267    -212005.875000
8268    -212005.937500
8269    -212006.015625
8270    -212006.046875
8271    -212006.125000
8272    -212006.156250
8273    -212006.187500
8274    -212006.265625
8275    -212006.343750
8276    -212006.406250
8277    -212006.468750
8278    -212006.500000
8279    -212006.531250
8280    -212006.593750
8281    -212006.671875
8282    -212006.734375
8283    -212006.765625
8284    -212006.781250
8285    -212006.875000
8286    -212006.906250
8287    -212007.000000
8288    -212007.046875
8289    -212007.109375
8290    -212007.140625
8291    -212007.156250
8292    -212007.218750
8293    -212007.281250
8294    -212007.375000
8295    -212007.421875
8296    -212007.468750
8297    -212007.531250
8298    -212007.562500
8299    -212007.625000
8300    -212007.687500
8301    -212007.750000
8302    -212007.781250
8303    -212007.843750
8304    -212007.890625
8305    -212007.937500
8306    -212007.984375
8307    -212008.093750
8308    -212008.125000
8309    -212008.156250
8310    -212008.234375
8311    -212008.234375
8312    -212008.328125
8313    -212008.406250
8314    -212008.406250
8315    -212008.468750
8316    -212008.531250
8317    -212008.593750
8318    -212008.656250
8319    -212008.687500
8320    -212008.718750
8321    -212008.796875
8322    -212008.843750
8323    -212008.906250
8324    -212008.984375
8325    -212009.000000
8326    -212009.062500
8327    -212009.140625
8328    -212009.171875
8329    -212009.203125
8330    -212009.281250
8331    -212009.343750
8332    -212009.375000
8333    -212009.421875
8334    -212009.531250
8335    -212009.546875
8336    -212009.593750
8337    -212009.671875
8338    -212009.718750
8339    -212009.765625
8340    -212009.843750
8341    -212009.843750
8342    -212009.937500
8343    -212009.984375
8344    -212010.062500
8345    -212010.125000
8346    -212010.156250
8347    -212010.250000
8348    -212010.343750
8349    -212010.343750
8350    -212010.375000
8351    -212010.453125
8352    -212010.500000
8353    -212010.625000
8354    -212010.656250
8355    -212010.687500
8356    -212010.781250
8357    -212010.781250
8358    -212010.875000
8359    -212010.937500
8360    -212010.968750
8361    -212011.078125
8362    -212011.125000
8363    -212011.187500
8364    -212011.234375
8365    -212011.312500
8366    -212011.375000
8367    -212011.468750
8368    -212011.531250
8369    -212011.531250
8370    -212011.625000
8371    -212011.671875
8372    -212011.781250
8373    -212011.828125
8374    -212011.906250
8375    -212011.953125
8376    -212012.046875
8377    -212012.062500
8378    -212012.171875
8379    -212012.218750
8380    -212012.281250
8381    -212012.343750
8382    -212012.375000
8383    -212012.484375
8384    -212012.531250
8385    -212012.609375
8386    -212012.671875
8387    -212012.781250
8388    -212012.796875
8389    -212012.906250
8390    -212012.968750
8391    -212013.078125
8392    -212013.125000
8393    -212013.218750
8394    -212013.250000
8395    -212013.343750
8396    -212013.406250
8397    -212013.531250
8398    -212013.562500
8399    -212013.656250
8400    -212013.734375
8401    -212013.828125
8402    -212013.875000
8403    -212013.953125
8404    -212014.015625
8405    -212014.125000
8406    -212014.187500
8407    -212014.281250
8408    -212014.375000
8409    -212014.484375
8410    -212014.531250
8411    -212014.625000
8412    -212014.687500
8413    -212014.781250
8414    -212014.875000
8415    -212014.968750
8416    -212015.078125
8417    -212015.125000
8418    -212015.187500
8419    -212015.312500
8420    -212015.375000
8421    -212015.484375
8422    -212015.531250
8423    -212015.656250
8424    -212015.750000
8425    -212015.812500
8426    -212015.859375
8427    -212015.921875
8428    -212016.062500
8429    -212016.156250
8430    -212016.234375
8431    -212016.312500
8432    -212016.437500
8433    -212016.484375
8434    -212016.625000
8435    -212016.718750
8436    -212016.812500
8437    -212016.906250
8438    -212017.000000
8439    -212017.046875
8440    -212017.156250
8441    -212017.296875
8442    -212017.343750
8443    -212017.468750
8444    -212017.531250
8445    -212017.625000
8446    -212017.781250
8447    -212017.812500
8448    -212017.953125
8449    -212018.046875
8450    -212018.109375
8451    -212018.250000
8452    -212018.312500
8453    -212018.437500
8454    -212018.531250
8455    -212018.625000
8456    -212018.734375
8457    -212018.812500
8458    -212018.906250
8459    -212019.046875
8460    -212019.125000
8461    -212019.250000
8462    -212019.328125
8463    -212019.437500
8464    -212019.515625
8465    -212019.656250
8466    -212019.734375
8467    -212019.859375
8468    -212019.968750
8469    -212020.046875
8470    -212020.156250
8471    -212020.250000
8472    -212020.390625
8473    -212020.515625
8474    -212020.578125
8475    -212020.718750
8476    -212020.781250
8477    -212020.921875
8478    -212021.000000
8479    -212021.109375
8480    -212021.250000
8481    -212021.343750
8482    -212021.437500
8483    -212021.531250
8484    -212021.656250
8485    -212021.765625
8486    -212021.875000
8487    -212022.000000
8488    -212022.031250
8489    -212022.187500
8490    -212022.265625
8491    -212022.437500
8492    -212022.531250
8493    -212022.625000
8494    -212022.718750
8495    -212022.812500
8496    -212022.937500
8497    -212023.062500
8498    -212023.156250
8499    -212023.281250
8500    -212023.343750
8501    -212023.468750
8502    -212023.625000
8503    -212023.687500
8504    -212023.781250
8505    -212023.937500
8506    -212024.015625
8507    -212024.156250
8508    -212024.250000
8509    -212024.359375
8510    -212024.484375
8511    -212024.593750
8512    -212024.703125
8513    -212024.796875
8514    -212024.937500
8515    -212025.000000
8516    -212025.187500
8517    -212025.296875
8518    -212025.375000
8519    -212025.468750
8520    -212025.578125
8521    -212025.687500
8522    -212025.828125
8523    -212025.953125
8524    -212026.031250
8525    -212026.140625
8526    -212026.250000
8527    -212026.359375
8528    -212026.484375
8529    -212026.546875
8530    -212026.718750
8531    -212026.812500
8532    -212026.937500
8533    -212027.031250
8534    -212027.093750
8535    -212027.250000
8536    -212027.343750
8537    -212027.484375
8538    -212027.531250
8539    -212027.656250
8540    -212027.750000
8541    -212027.875000
8542    -212027.984375
8543    -212028.093750
8544    -212028.203125
8545    -212028.250000
8546    -212028.375000
8547    -212028.500000
8548    -212028.625000
8549    -212028.718750
8550    -212028.828125
8551    -212028.906250
8552    -212029.031250
8553    -212029.140625
8554    -212029.187500
8555    -212029.375000
8556    -212029.437500
8557    -212029.546875
8558    -212029.656250
8559    -212029.718750
8560    -212029.843750
8561    -212029.968750
8562    -212030.109375
8563    -212030.171875
8564    -212030.234375
8565    -212030.437500
8566    -212030.500000
8567    -212030.593750
8568    -212030.687500
8569    -212030.781250
8570    -212030.890625
8571    -212030.984375
8572    -212031.125000
8573    -212031.234375
8574    -212031.296875
8575    -212031.437500
8576    -212031.562500
8577    -212031.625000
8578    -212031.718750
8579    -212031.843750
8580    -212031.984375
8581    -212032.062500
8582    -212032.156250
8583    -212032.296875
8584    -212032.406250
8585    -212032.468750
8586    -212032.593750
8587    -212032.718750
8588    -212032.828125
8589    -212032.906250
8590    -212033.062500
8591    -212033.156250
8592    -212033.234375
8593    -212033.375000
8594    -212033.468750
8595    -212033.562500
8596    -212033.671875
8597    -212033.781250
8598    -212033.906250
8599    -212034.062500
8600    -212034.125000
8601    -212034.250000
8602    -212034.359375
8603    -212034.484375
8604    -212034.593750
8605    -212034.687500
8606    -212034.765625
8607    -212034.937500
8608    -212035.078125
8609    -212035.156250
8610    -212035.250000
8611    -212035.406250
8612    -212035.468750
8613    -212035.593750
8614    -212035.765625
8615    -212035.843750
8616    -212035.937500
8617    -212036.078125
8618    -212036.203125
8619    -212036.343750
8620    -212036.406250
8621    -212036.562500
8622    -212036.656250
8623    -212036.781250
8624    -212036.875000
8625    -212037.015625
8626    -212037.187500
8627    -212037.312500
8628    -212037.421875
8629    -212037.562500
8630    -212037.687500
8631    -212037.750000
8632    -212037.875000
8633    -212038.031250
8634    -212038.156250
8635    -212038.281250
8636    -212038.375000
8637    -212038.578125
8638    -212038.687500
8639    -212038.843750
8640    -212038.937500
8641    -212039.062500
8642    -212039.218750
8643    -212039.312500
8644    -212039.453125
8645    -212039.593750
8646    -212039.718750
8647    -212039.859375
8648    -212040.015625
8649    -212040.125000
8650    -212040.281250
8651    -212040.406250
8652    -212040.500000
8653    -212040.703125
8654    -212040.812500
8655    -212040.937500
8656    -212041.093750
8657    -212041.218750
8658    -212041.375000
8659    -212041.515625
8660    -212041.687500
8661    -212041.781250
8662    -212041.968750
8663    -212042.062500
8664    -212042.234375
8665    -212042.406250
8666    -212042.515625
8667    -212042.671875
8668    -212042.812500
8669    -212042.953125
8670    -212043.125000
8671    -212043.250000
8672    -212043.421875
8673    -212043.515625
8674    -212043.703125
8675    -212043.843750
8676    -212044.031250
8677    -212044.156250
8678    -212044.312500
8679    -212044.468750
8680    -212044.625000
8681    -212044.781250
8682    -212044.937500
8683    -212045.093750
8684    -212045.218750
8685    -212045.375000
8686    -212045.562500
8687    -212045.718750
8688    -212045.843750
8689    -212046.031250
8690    -212046.187500
8691    -212046.343750
8692    -212046.500000
8693    -212046.625000
8694    -212046.812500
8695    -212046.968750
8696    -212047.140625
8697    -212047.281250
8698    -212047.437500
8699    -212047.593750
8700    -212047.812500
8701    -212047.906250
8702    -212048.078125
8703    -212048.281250
8704    -212048.437500
8705    -212048.593750
8706    -212048.750000
8707    -212048.906250
8708    -212049.062500
8709    -212049.281250
8710    -212049.437500
8711    -212049.578125
8712    -212049.718750
8713    -212049.937500
8714    -212050.078125
8715    -212050.250000
8716    -212050.390625
8717    -212050.531250
8718    -212050.718750
8719    -212050.906250
8720    -212051.078125
8721    -212051.218750
8722    -212051.375000
8723    -212051.546875
8724    -212051.703125
8725    -212051.875000
8726    -212052.078125
8727    -212052.250000
8728    -212052.406250
8729    -212052.546875
8730    -212052.687500
8731    -212052.812500
8732    -212053.000000
8733    -212053.203125
8734    -212053.312500
8735    -212053.500000
8736    -212053.656250
8737    -212053.843750
8738    -212053.968750
8739    -212054.156250
8740    -212054.296875
8741    -212054.453125
8742    -212054.640625
8743    -212054.812500
8744    -212054.968750
8745    -212055.125000
8746    -212055.250000
8747    -212055.453125
8748    -212055.609375
8749    -212055.796875
8750    -212055.921875
8751    -212056.078125
8752    -212056.250000
8753    -212056.421875
8754    -212056.578125
8755    -212056.750000
8756    -212056.875000
8757    -212057.062500
8758    -212057.265625
8759    -212057.390625
8760    -212057.562500
8761    -212057.718750
8762    -212057.875000
8763    -212058.062500
8764    -212058.218750
8765    -212058.390625
8766    -212058.531250
8767    -212058.687500
8768    -212058.843750
8769    -212059.000000
8770    -212059.218750
8771    -212059.375000
8772    -212059.515625
8773    -212059.703125
8774    -212059.812500
8775    -212060.031250
8776    -212060.171875
8777    -212060.343750
8778    -212060.515625
8779    -212060.687500
8780    -212060.828125
8781    -212060.968750
8782    -212061.156250
8783    -212061.312500
8784    -212061.484375
8785    -212061.656250
8786    -212061.812500
8787    -212061.984375
8788    -212062.156250
8789    -212062.281250
8790    -212062.484375
8791    -212062.625000
8792    -212062.750000
8793    -212062.953125
8794    -212063.093750
8795    -212063.296875
8796    -212063.453125
8797    -212063.578125
8798    -212063.734375
8799    -212063.937500
8800    -212064.093750
8801    -212064.250000
8802    -212064.437500
8803    -212064.593750
8804    -212064.734375
8805    -212064.906250
8806    -212065.046875
8807    -212065.218750
8808    -212065.390625
8809    -212065.562500
8810    -212065.687500
8811    -212065.859375
8812    -212066.031250
8813    -212066.203125
8814    -212066.375000
8815    -212066.562500
8816    -212066.703125
8817    -212066.875000
8818    -212067.000000
8819    -212067.187500
8820    -212067.312500
8821    -212067.484375
8822    -212067.656250
8823    -212067.781250
8824    -212067.968750
8825    -212068.156250
8826    -212068.312500
8827    -212068.437500
8828    -212068.640625
8829    -212068.781250
8830    -212068.953125
8831    -212069.093750
8832    -212069.281250
8833    -212069.437500
8834    -212069.593750
8835    -212069.750000
8836    -212069.890625
8837    -212070.062500
8838    -212070.218750
8839    -212070.375000
8840    -212070.546875
8841    -212070.687500
8842    -212070.875000
8843    -212070.984375
8844    -212071.140625
8845    -212071.312500
8846    -212071.468750
8847    -212071.609375
8848    -212071.750000
8849    -212071.906250
8850    -212072.062500
8851    -212072.234375
8852    -212072.375000
8853    -212072.515625
8854    -212072.640625
8855    -212072.796875
8856    -212072.968750
8857    -212073.093750
8858    -212073.234375
8859    -212073.375000
8860    -212073.515625
8861    -212073.656250
8862    -212073.796875
8863    -212073.937500
8864    -212074.078125
8865    -212074.218750
8866    -212074.359375
8867    -212074.515625
8868    -212074.640625
8869    -212074.796875
8870    -212074.906250
8871    -212075.046875
8872    -212075.187500
8873    -212075.343750
8874    -212075.468750
8875    -212075.593750
8876    -212075.718750
8877    -212075.875000
8878    -212075.984375
8879    -212076.125000
8880    -212076.281250
8881    -212076.406250
8882    -212076.515625
8883    -212076.656250
8884    -212076.796875
8885    -212076.921875
8886    -212077.046875
8887    -212077.171875
8888    -212077.281250
8889    -212077.406250
8890    -212077.562500
8891    -212077.687500
8892    -212077.812500
8893    -212077.906250
8894    -212078.062500
8895    -212078.187500
8896    -212078.312500
8897    -212078.437500
8898    -212078.562500
8899    -212078.703125
8900    -212078.812500
8901    -212078.968750
8902    -212079.062500
8903    -212079.218750
8904    -212079.296875
8905    -212079.453125
8906    -212079.562500
8907    -212079.703125
8908    -212079.812500
8909    -212079.921875
8910    -212080.031250
8911    -212080.156250
8912    -212080.281250
8913    -212080.375000
8914    -212080.500000
8915    -212080.640625
8916    -212080.765625
8917    -212080.875000
8918    -212080.968750
8919    -212081.093750
8920    -212081.234375
8921    -212081.328125
8922    -212081.453125
8923    -212081.531250
8924    -212081.625000
8925    -212081.750000
8926    -212081.843750
8927    -212081.968750
8928    -212082.078125
8929    -212082.203125
8930    -212082.281250
8931    -212082.421875
8932    -212082.515625
8933    -212082.625000
8934    -212082.718750
8935    -212082.812500
8936    -212082.937500
8937    -212083.031250
8938    -212083.156250
8939    -212083.250000
8940    -212083.375000
8941    -212083.468750
8942    -212083.562500
8943    -212083.671875
8944    -212083.765625
8945    -212083.875000
8946    -212083.968750
8947    -212084.093750
8948    -212084.187500
8949    -212084.312500
8950    -212084.406250
8951    -212084.468750
8952    -212084.593750
8953    -212084.687500
8954    -212084.812500
8955    -212084.906250
8956    -212085.000000
8957    -212085.125000
8958    -212085.187500
8959    -212085.312500
8960    -212085.406250
8961    -212085.531250
8962    -212085.625000
8963    -212085.703125
8964    -212085.843750
8965    -212085.890625
8966    -212086.031250
8967    -212086.125000
8968    -212086.218750
8969    -212086.328125
8970    -212086.406250
8971    -212086.484375
8972    -212086.593750
8973    -212086.718750
8974    -212086.812500
8975    -212086.906250
8976    -212087.015625
8977    -212087.093750
8978    -212087.187500
8979    -212087.281250
8980    -212087.406250
8981    -212087.468750
8982    -212087.593750
8983    -212087.656250
8984    -212087.734375
8985    -212087.875000
8986    -212087.937500
8987    -212088.078125
8988    -212088.109375
8989    -212088.234375
8990    -212088.343750
8991    -212088.437500
8992    -212088.500000
8993    -212088.578125
8994    -212088.687500
8995    -212088.781250
8996    -212088.906250
8997    -212089.000000
8998    -212089.031250
8999    -212089.140625
9000    -212089.234375
9001    -212089.328125
9002    -212089.421875
9003    -212089.515625
9004    -212089.593750
9005    -212089.687500
9006    -212089.781250
9007    -212089.875000
9008    -212090.000000
9009    -212090.062500
9010    -212090.171875
9011    -212090.250000
9012    -212090.312500
9013    -212090.468750
9014    -212090.531250
9015    -212090.609375
9016    -212090.687500
9017    -212090.812500
9018    -212090.906250
9019    -212091.000000
9020    -212091.031250
9021    -212091.156250
9022    -212091.250000
9023    -212091.312500
9024    -212091.406250
9025    -212091.468750
9026    -212091.562500
9027    -212091.656250
9028    -212091.687500
9029    -212091.781250
9030    -212091.906250
9031    -212091.984375
9032    -212092.031250
9033    -212092.125000
9034    -212092.234375
9035    -212092.312500
9036    -212092.343750
9037    -212092.453125
9038    -212092.531250
9039    -212092.609375
9040    -212092.687500
9041    -212092.765625
9042    -212092.859375
9043    -212092.937500
9044    -212093.000000
9045    -212093.093750
9046    -212093.187500
9047    -212093.234375
9048    -212093.312500
9049    -212093.406250
9050    -212093.468750
9051    -212093.578125
9052    -212093.640625
9053    -212093.718750
9054    -212093.781250
9055    -212093.843750
9056    -212093.937500
9057    -212094.031250
9058    -212094.093750
9059    -212094.203125
9060    -212094.250000
9061    -212094.312500
9062    -212094.375000
9063    -212094.500000
9064    -212094.562500
9065    -212094.625000
9066    -212094.718750
9067    -212094.796875
9068    -212094.828125
9069    -212094.906250
9070    -212095.031250
9071    -212095.109375
9072    -212095.140625
9073    -212095.250000
9074    -212095.312500
9075    -212095.375000
9076    -212095.468750
9077    -212095.562500
9078    -212095.625000
9079    -212095.718750
9080    -212095.796875
9081    -212095.843750
9082    -212095.921875
9083    -212096.000000
9084    -212096.078125
9085    -212096.156250
9086    -212096.250000
9087    -212096.312500
9088    -212096.375000
9089    -212096.468750
9090    -212096.562500
9091    -212096.593750
9092    -212096.656250
9093    -212096.750000
9094    -212096.796875
9095    -212096.875000
9096    -212096.953125
9097    -212097.000000
9098    -212097.062500
9099    -212097.156250
9100    -212097.218750
9101    -212097.250000
9102    -212097.343750
9103    -212097.375000
9104    -212097.500000
9105    -212097.562500
9106    -212097.625000
9107    -212097.671875
9108    -212097.718750
9109    -212097.843750
9110    -212097.875000
9111    -212097.953125
9112    -212098.015625
9113    -212098.046875
9114    -212098.125000
9115    -212098.218750
9116    -212098.250000
9117    -212098.328125
9118    -212098.343750
9119    -212098.437500
9120    -212098.531250
9121    -212098.562500
9122    -212098.625000
9123    -212098.687500
9124    -212098.750000
9125    -212098.812500
9126    -212098.890625
9127    -212098.937500
9128    -212099.000000
9129    -212099.062500
9130    -212099.093750
9131    -212099.187500
9132    -212099.234375
9133    -212099.281250
9134    -212099.343750
9135    -212099.406250
9136    -212099.468750
9137    -212099.531250
9138    -212099.546875
9139    -212099.671875
9140    -212099.750000
9141    -212099.781250
9142    -212099.843750
9143    -212099.843750
9144    -212099.937500
9145    -212100.031250
9146    -212100.031250
9147    -212100.109375
9148    -212100.171875
9149    -212100.203125
9150    -212100.265625
9151    -212100.312500
9152    -212100.375000
9153    -212100.453125
9154    -212100.500000
9155    -212100.562500
9156    -212100.593750
9157    -212100.656250
9158    -212100.671875
9159    -212100.781250
9160    -212100.828125
9161    -212100.859375
9162    -212100.953125
9163    -212100.968750
9164    -212101.046875
9165    -212101.093750
9166    -212101.156250
9167    -212101.203125
9168    -212101.281250
9169    -212101.343750
9170    -212101.359375
9171    -212101.421875
9172    -212101.468750
9173    -212101.531250
9174    -212101.578125
9175    -212101.671875
9176    -212101.656250
9177    -212101.750000
9178    -212101.781250
9179    -212101.859375
9180    -212101.906250
9181    -212101.937500
9182    -212102.000000
9183    -212102.046875
9184    -212102.125000
9185    -212102.140625
9186    -212102.250000
9187    -212102.234375
9188    -212102.281250
9189    -212102.390625
9190    -212102.375000
9191    -212102.468750
9192    -212102.531250
9193    -212102.562500
9194    -212102.609375
9195    -212102.718750
9196    -212102.718750
9197    -212102.796875
9198    -212102.859375
9199    -212102.875000
9200    -212102.937500
9201    -212103.000000
9202    -212103.062500
9203    -212103.125000
9204    -212103.156250
9205    -212103.203125
9206    -212103.265625
9207    -212103.343750
9208    -212103.390625
9209    -212103.453125
9210    -212103.562500
9211    -212103.531250
9212    -212103.562500
9213    -212103.687500
9214    -212103.718750
9215    -212103.781250
9216    -212103.875000
9217    -212103.906250
9218    -212103.968750
9219    -212104.031250
9220    -212104.062500
9221    -212104.140625
9222    -212104.203125
9223    -212104.250000
9224    -212104.312500
9225    -212104.375000
9226    -212104.437500
9227    -212104.515625
9228    -212104.593750
9229    -212104.656250
9230    -212104.687500
9231    -212104.750000
9232    -212104.828125
9233    -212104.875000
9234    -212104.937500
9235    -212105.000000
9236    -212105.062500
9237    -212105.125000
9238    -212105.187500
9239    -212105.281250
9240    -212105.343750
9241    -212105.421875
9242    -212105.468750
9243    -212105.531250
9244    -212105.593750
9245    -212105.687500
9246    -212105.734375
9247    -212105.812500
9248    -212105.890625
9249    -212105.937500
9250    -212106.000000
9251    -212106.062500
9252    -212106.140625
9253    -212106.218750
9254    -212106.250000
9255    -212106.312500
9256    -212106.406250
9257    -212106.437500
9258    -212106.515625
9259    -212106.593750
9260    -212106.703125
9261    -212106.718750
9262    -212106.765625
9263    -212106.843750
9264    -212106.937500
9265    -212106.953125
9266    -212107.093750
9267    -212107.125000
9268    -212107.187500
9269    -212107.250000
9270    -212107.312500
9271    -212107.406250
9272    -212107.500000
9273    -212107.500000
9274    -212107.593750
9275    -212107.687500
9276    -212107.703125
9277    -212107.812500
9278    -212107.906250
9279    -212107.937500
9280    -212108.015625
9281    -212108.093750
9282    -212108.156250
9283    -212108.218750
9284    -212108.281250
9285    -212108.343750
9286    -212108.437500
9287    -212108.484375
9288    -212108.546875
9289    -212108.593750
9290    -212108.656250
9291    -212108.718750
9292    -212108.781250
9293    -212108.812500
9294    -212108.875000
9295    -212108.968750
9296    -212109.000000
9297    -212109.078125
9298    -212109.125000
9299    -212109.187500
9300    -212109.250000
9301    -212109.343750
9302    -212109.390625
9303    -212109.468750
9304    -212109.500000
9305    -212109.562500
9306    -212109.625000
9307    -212109.687500
9308    -212109.750000
9309    -212109.796875
9310    -212109.859375
9311    -212109.906250
9312    -212110.000000
9313    -212110.031250
9314    -212110.093750
9315    -212110.171875
9316    -212110.218750
9317    -212110.281250
9318    -212110.343750
9319    -212110.375000
9320    -212110.468750
9321    -212110.531250
9322    -212110.593750
9323    -212110.687500
9324    -212110.718750
9325    -212110.781250
9326    -212110.859375
9327    -212110.890625
9328    -212110.937500
9329    -212111.046875
9330    -212111.078125
9331    -212111.156250
9332    -212111.218750
9333    -212111.265625
9334    -212111.343750
9335    -212111.437500
9336    -212111.468750
9337    -212111.531250
9338    -212111.593750
9339    -212111.656250
9340    -212111.718750
9341    -212111.781250
9342    -212111.843750
9343    -212111.937500
9344    -212111.953125
9345    -212112.031250
9346    -212112.093750
9347    -212112.171875
9348    -212112.203125
9349    -212112.296875
9350    -212112.375000
9351    -212112.453125
9352    -212112.515625
9353    -212112.593750
9354    -212112.625000
9355    -212112.703125
9356    -212112.750000
9357    -212112.812500
9358    -212112.906250
9359    -212112.968750
9360    -212113.031250
9361    -212113.109375
9362    -212113.156250
9363    -212113.203125
9364    -212113.343750
9365    -212113.390625
9366    -212113.437500
9367    -212113.515625
9368    -212113.562500
9369    -212113.625000
9370    -212113.687500
9371    -212113.781250
9372    -212113.843750
9373    -212113.906250
9374    -212113.953125
9375    -212114.031250
9376    -212114.093750
9377    -212114.187500
9378    -212114.250000
9379    -212114.312500
9380    -212114.375000
9381    -212114.468750
9382    -212114.562500
9383    -212114.593750
9384    -212114.656250
9385    -212114.734375
9386    -212114.812500
9387    -212114.906250
9388    -212114.937500
9389    -212115.046875
9390    -212115.093750
9391    -212115.187500
9392    -212115.218750
9393    -212115.281250
9394    -212115.390625
9395    -212115.437500
9396    -212115.515625
9397    -212115.593750
9398    -212115.671875
9399    -212115.734375
9400    -212115.781250
9401    -212115.890625
9402    -212115.953125
9403    -212116.031250
9404    -212116.078125
9405    -212116.125000
9406    -212116.218750
9407    -212116.281250
9408    -212116.343750
9409    -212116.421875
9410    -212116.484375
9411    -212116.562500
9412    -212116.656250
9413    -212116.718750
9414    -212116.781250
9415    -212116.875000
9416    -212116.906250
9417    -212116.968750
9418    -212117.078125
9419    -212117.156250
9420    -212117.203125
9421    -212117.281250
9422    -212117.375000
9423    -212117.406250
9424    -212117.500000
9425    -212117.562500
9426    -212117.625000
9427    -212117.703125
9428    -212117.796875
9429    -212117.859375
9430    -212117.921875
9431    -212118.000000
9432    -212118.078125
9433    -212118.125000
9434    -212118.187500
9435    -212118.281250
9436    -212118.343750
9437    -212118.406250
9438    -212118.484375
9439    -212118.593750
9440    -212118.625000
9441    -212118.718750
9442    -212118.781250
9443    -212118.843750
9444    -212118.906250
9445    -212119.000000
9446    -212119.046875
9447    -212119.140625
9448    -212119.187500
9449    -212119.250000
9450    -212119.312500
9451    -212119.390625
9452    -212119.500000
9453    -212119.546875
9454    -212119.625000
9455    -212119.687500
9456    -212119.750000
9457    -212119.843750
9458    -212119.875000
9459    -212119.937500
9460    -212120.000000
9461    -212120.062500
9462    -212120.156250
9463    -212120.218750
9464    -212120.281250
9465    -212120.343750
9466    -212120.390625
9467    -212120.453125
9468    -212120.531250
9469    -212120.578125
9470    -212120.656250
9471    -212120.718750
9472    -212120.781250
9473    -212120.828125
9474    -212120.937500
9475    -212121.000000
9476    -212121.062500
9477    -212121.125000
9478    -212121.203125
9479    -212121.250000
9480    -212121.328125
9481    -212121.375000
9482    -212121.484375
9483    -212121.500000
9484    -212121.578125
9485    -212121.656250
9486    -212121.750000
9487    -212121.828125
9488    -212121.890625
9489    -212121.953125
9490    -212122.015625
9491    -212122.078125
9492    -212122.140625
9493    -212122.218750
9494    -212122.281250
9495    -212122.343750
9496    -212122.468750
9497    -212122.515625
9498    -212122.562500
9499    -212122.640625
9500    -212122.687500
9501    -212122.781250
9502    -212122.828125
9503    -212122.937500
9504    -212123.000000
9505    -212123.062500
9506    -212123.125000
9507    -212123.203125
9508    -212123.281250
9509    -212123.359375
9510    -212123.437500
9511    -212123.484375
9512    -212123.562500
9513    -212123.640625
9514    -212123.718750
9515    -212123.812500
9516    -212123.875000
9517    -212123.921875
9518    -212124.000000
9519    -212124.093750
9520    -212124.140625
9521    -212124.218750
9522    -212124.281250
9523    -212124.375000
9524    -212124.453125
9525    -212124.531250
9526    -212124.578125
9527    -212124.687500
9528    -212124.765625
9529    -212124.796875
9530    -212124.890625
9531    -212124.984375
9532    -212125.062500
9533    -212125.125000
9534    -212125.171875
9535    -212125.281250
9536    -212125.343750
9537    -212125.437500
9538    -212125.515625
9539    -212125.578125
9540    -212125.656250
9541    -212125.703125
9542    -212125.828125
9543    -212125.875000
9544    -212125.937500
9545    -212126.031250
9546    -212126.109375
9547    -212126.156250
9548    -212126.281250
9549    -212126.359375
9550    -212126.390625
9551    -212126.500000
9552    -212126.562500
9553    -212126.609375
9554    -212126.703125
9555    -212126.750000
9556    -212126.843750
9557    -212126.890625
9558    -212126.968750
9559    -212127.078125
9560    -212127.125000
9561    -212127.187500
9562    -212127.265625
9563    -212127.328125
9564    -212127.390625
9565    -212127.500000
9566    -212127.531250
9567    -212127.625000
9568    -212127.671875
9569    -212127.718750
9570    -212127.812500
9571    -212127.875000
9572    -212127.968750
9573    -212128.015625
9574    -212128.093750
9575    -212128.171875
9576    -212128.218750
9577    -212128.281250
9578    -212128.343750
9579    -212128.437500
9580    -212128.500000
9581    -212128.546875
9582    -212128.656250
9583    -212128.687500
9584    -212128.781250
9585    -212128.843750
9586    -212128.906250
9587    -212128.984375
9588    -212129.000000
9589    -212129.125000
9590    -212129.156250
9591    -212129.250000
9592    -212129.312500
9593    -212129.390625
9594    -212129.437500
9595    -212129.531250
9596    -212129.578125
9597    -212129.656250
9598    -212129.718750
9599    -212129.750000
9600    -212129.875000
9601    -212129.937500
9602    -212130.000000
9603    -212130.046875
9604    -212130.125000
9605    -212130.203125
9606    -212130.250000
9607    -212130.312500
9608    -212130.375000
9609    -212130.437500
9610    -212130.500000
9611    -212130.578125
9612    -212130.656250
9613    -212130.671875
9614    -212130.765625
9615    -212130.812500
9616    -212130.921875
9617    -212130.984375
9618    -212131.000000
9619    -212131.093750
9620    -212131.140625
9621    -212131.218750
9622    -212131.281250
9623    -212131.328125
9624    -212131.390625
9625    -212131.484375
9626    -212131.500000
9627    -212131.593750
9628    -212131.656250
9629    -212131.718750
9630    -212131.765625
9631    -212131.843750
9632    -212131.906250
9633    -212131.968750
9634    -212132.031250
9635    -212132.078125
9636    -212132.125000
9637    -212132.203125
9638    -212132.250000
9639    -212132.343750
9640    -212132.375000
9641    -212132.437500
9642    -212132.484375
9643    -212132.562500
9644    -212132.593750
9645    -212132.656250
9646    -212132.750000
9647    -212132.812500
9648    -212132.843750
9649    -212132.921875
9650    -212132.953125
9651    -212133.015625
9652    -212133.093750
9653    -212133.093750
9654    -212133.250000
9655    -212133.250000
9656    -212133.328125
9657    -212133.343750
9658    -212133.453125
9659    -212133.468750
9660    -212133.531250
9661    -212133.593750
9662    -212133.671875
9663    -212133.687500
9664    -212133.750000
9665    -212133.812500
9666    -212133.843750
9667    -212133.937500
9668    -212133.968750
9669    -212134.046875
9670    -212134.093750
9671    -212134.156250
9672    -212134.187500
9673    -212134.281250
9674    -212134.312500
9675    -212134.375000
9676    -212134.421875
9677    -212134.468750
9678    -212134.562500
9679    -212134.593750
9680    -212134.656250
9681    -212134.687500
9682    -212134.734375
9683    -212134.812500
9684    -212134.875000
9685    -212134.906250
9686    -212134.968750
9687    -212135.000000
9688    -212135.125000
9689    -212135.125000
9690    -212135.187500
9691    -212135.234375
9692    -212135.281250
9693    -212135.375000
9694    -212135.375000
9695    -212135.468750
9696    -212135.500000
9697    -212135.546875
9698    -212135.625000
9699    -212135.656250
9700    -212135.718750
9701    -212135.750000
9702    -212135.796875
9703    -212135.906250
9704    -212135.921875
9705    -212135.953125
9706    -212136.031250
9707    -212136.093750
9708    -212136.156250
9709    -212136.187500
9710    -212136.250000
9711    -212136.343750
9712    -212136.375000
9713    -212136.406250
9714    -212136.468750
9715    -212136.531250
9716    -212136.593750
9717    -212136.640625
9718    -212136.718750
9719    -212136.765625
9720    -212136.812500
9721    -212136.906250
9722    -212136.906250
9723    -212137.000000
9724    -212137.015625
9725    -212137.109375
9726    -212137.156250
9727    -212137.218750
9728    -212137.218750
9729    -212137.359375
9730    -212137.375000
9731    -212137.437500
9732    -212137.531250
9733    -212137.578125
9734    -212137.625000
9735    -212137.687500
9736    -212137.734375
9737    -212137.812500
9738    -212137.875000
9739    -212137.921875
9740    -212138.000000
9741    -212138.031250
9742    -212138.125000
9743    -212138.187500
9744    -212138.218750
9745    -212138.281250
9746    -212138.343750
9747    -212138.406250
9748    -212138.500000
9749    -212138.531250
9750    -212138.562500
9751    -212138.656250
9752    -212138.781250
9753    -212138.812500
9754    -212138.906250
9755    -212138.968750
9756    -212139.031250
9757    -212139.062500
9758    -212139.125000
9759    -212139.187500
9760    -212139.296875
9761    -212139.343750
9762    -212139.468750
9763    -212139.515625
9764    -212139.593750
9765    -212139.687500
9766    -212139.718750
9767    -212139.781250
9768    -212139.828125
9769    -212139.968750
9770    -212140.062500
9771    -212140.093750
9772    -212140.187500
9773    -212140.250000
9774    -212140.281250
9775    -212140.437500
9776    -212140.500000
9777    -212140.562500
9778    -212140.625000
9779    -212140.687500
9780    -212140.843750
9781    -212140.906250
9782    -212141.000000
9783    -212141.031250
9784    -212141.109375
9785    -212141.218750
9786    -212141.281250
9787    -212141.390625
9788    -212141.437500
9789    -212141.593750
9790    -212141.609375
9791    -212141.703125
9792    -212141.750000
9793    -212141.906250
9794    -212141.984375
9795    -212142.031250
9796    -212142.156250
9797    -212142.265625
9798    -212142.312500
9799    -212142.406250
9800    -212142.515625
9801    -212142.546875
9802    -212142.687500
9803    -212142.765625
9804    -212142.843750
9805    -212142.968750
9806    -212143.015625
9807    -212143.093750
9808    -212143.218750
9809    -212143.250000
9810    -212143.421875
9811    -212143.500000
9812    -212143.546875
9813    -212143.687500
9814    -212143.734375
9815    -212143.875000
9816    -212143.937500
9817    -212144.062500
9818    -212144.140625
9819    -212144.218750
9820    -212144.312500
9821    -212144.406250
9822    -212144.515625
9823    -212144.562500
9824    -212144.687500
9825    -212144.734375
9826    -212144.859375
9827    -212144.875000
9828    -212145.031250
9829    -212145.156250
9830    -212145.187500
9831    -212145.328125
9832    -212145.390625
9833    -212145.500000
9834    -212145.562500
9835    -212145.656250
9836    -212145.781250
9837    -212145.843750
9838    -212145.968750
9839    -212146.031250
9840    -212146.156250
9841    -212146.234375
9842    -212146.328125
9843    -212146.437500
9844    -212146.546875
9845    -212146.593750
9846    -212146.671875
9847    -212146.781250
9848    -212146.906250
9849    -212146.968750
9850    -212147.078125
9851    -212147.218750
9852    -212147.312500
9853    -212147.375000
9854    -212147.468750
9855    -212147.609375
9856    -212147.734375
9857    -212147.812500
9858    -212147.843750
9859    -212147.968750
9860    -212148.078125
9861    -212148.156250
9862    -212148.312500
9863    -212148.406250
9864    -212148.484375
9865    -212148.625000
9866    -212148.718750
9867    -212148.812500
9868    -212148.890625
9869    -212149.000000
9870    -212149.093750
9871    -212149.171875
9872    -212149.312500
9873    -212149.406250
9874    -212149.500000
9875    -212149.656250
9876    -212149.781250
9877    -212149.890625
9878    -212150.000000
9879    -212150.078125
9880    -212150.187500
9881    -212150.265625
9882    -212150.406250
9883    -212150.546875
9884    -212150.609375
9885    -212150.734375
9886    -212150.843750
9887    -212150.921875
9888    -212151.093750
9889    -212151.187500
9890    -212151.250000
9891    -212151.421875
9892    -212151.500000
9893    -212151.593750
9894    -212151.781250
9895    -212151.875000
9896    -212151.968750
9897    -212152.093750
9898    -212152.187500
9899    -212152.312500
9900    -212152.437500
9901    -212152.578125
9902    -212152.687500
9903    -212152.812500
9904    -212152.937500
9905    -212153.031250
9906    -212153.187500
9907    -212153.265625
9908    -212153.390625
9909    -212153.500000
9910    -212153.656250
9911    -212153.718750
9912    -212153.859375
9913    -212154.015625
9914    -212154.125000
9915    -212154.265625
9916    -212154.312500
9917    -212154.406250
9918    -212154.562500
9919    -212154.703125
9920    -212154.796875
9921    -212154.875000
9922    -212155.031250
9923    -212155.140625
9924    -212155.250000
9925    -212155.406250
9926    -212155.578125
9927    -212155.640625
9928    -212155.750000
9929    -212155.843750
9930    -212156.000000
9931    -212156.078125
9932    -212156.187500
9933    -212156.343750
9934    -212156.421875
9935    -212156.593750
9936    -212156.671875
9937    -212156.828125
9938    -212156.953125
9939    -212157.062500
9940    -212157.187500
9941    -212157.250000
9942    -212157.375000
9943    -212157.515625
9944    -212157.546875
9945    -212157.656250
9946    -212157.812500
9947    -212157.890625
9948    -212158.000000
9949    -212158.078125
9950    -212158.218750
9951    -212158.312500
9952    -212158.437500
9953    -212158.593750
9954    -212158.640625
9955    -212158.734375
9956    -212158.828125
9957    -212158.968750
9958    -212159.062500
9959    -212159.156250
9960    -212159.281250
9961    -212159.437500
9962    -212159.484375
9963    -212159.640625
9964    -212159.750000
9965    -212159.843750
9966    -212159.953125
9967    -212160.031250
9968    -212160.125000
9969    -212160.218750
9970    -212160.375000
9971    -212160.437500
9972    -212160.593750
9973    -212160.671875
9974    -212160.781250
9975    -212160.890625
9976    -212160.937500
9977    -212161.093750
9978    -212161.156250
9979    -212161.281250
9980    -212161.390625
9981    -212161.484375
9982    -212161.625000
9983    -212161.781250
9984    -212161.843750
9985    -212161.921875
9986    -212162.031250
9987    -212162.156250
9988    -212162.281250
9989    -212162.375000
9990    -212162.484375
9991    -212162.531250
9992    -212162.671875
9993    -212162.750000
9994    -212162.921875
9995    -212162.968750
9996    -212163.093750
9997    -212163.250000
9998    -212163.343750
9999    -212163.421875
10000   -212163.625000
10001   -212163.734375
10002   -212163.750000
10003   -212163.875000
10004   -212163.968750
10005   -212164.125000
10006   -212164.218750
10007   -212164.281250
10008   -212164.437500
10009   -212164.500000
10010   -212164.625000
10011   -212164.812500
10012   -212164.812500
10013   -212165.031250
10014   -212165.171875
10015   -212165.265625
10016   -212165.453125
10017   -212165.531250
10018   -212165.578125
10019   -212165.656250
10020   -212165.812500
10021   -212165.968750
10022   -212166.031250
10023   -212166.109375
10024   -212166.328125
10025   -212166.468750
10026   -212166.562500
10027   -212166.718750
10028   -212166.781250
10029   -212166.906250
10030   -212167.062500
10031   -212167.140625
10032   -212167.218750
10033   -212167.375000
10034   -212167.562500
10035   -212167.656250
10036   -212167.796875
10037   -212167.921875
10038   -212168.078125
10039   -212168.171875
10040   -212168.312500
10041   -212168.375000
10042   -212168.531250
10043   -212168.687500
10044   -212168.781250
10045   -212168.890625
10046   -212169.093750
10047   -212169.218750
10048   -212169.296875
10049   -212169.515625
10050   -212169.625000
10051   -212169.765625
10052   -212169.812500
10053   -212170.031250
10054   -212170.093750
10055   -212170.281250
10056   -212170.453125
10057   -212170.578125
10058   -212170.656250
10059   -212170.812500
10060   -212170.937500
10061   -212171.093750
10062   -212171.203125
10063   -212171.359375
10064   -212171.468750
10065   -212171.593750
10066   -212171.765625
10067   -212171.953125
10068   -212172.062500
10069   -212172.171875
10070   -212172.312500
10071   -212172.453125
10072   -212172.640625
10073   -212172.781250
10074   -212172.843750
10075   -212173.015625
10076   -212173.109375
10077   -212173.281250
10078   -212173.453125
10079   -212173.562500
10080   -212173.671875
10081   -212173.843750
10082   -212174.000000
10083   -212174.078125
10084   -212174.250000
10085   -212174.343750
10086   -212174.531250
10087   -212174.671875
10088   -212174.781250
10089   -212174.937500
10090   -212175.031250
10091   -212175.281250
10092   -212175.343750
10093   -212175.468750
10094   -212175.640625
10095   -212175.812500
10096   -212175.875000
10097   -212176.046875
10098   -212176.281250
10099   -212176.359375
10100   -212176.468750
10101   -212176.656250
10102   -212176.828125
10103   -212176.890625
10104   -212177.046875
10105   -212177.218750
10106   -212177.343750
10107   -212177.437500
10108   -212177.640625
10109   -212177.781250
10110   -212177.906250
10111   -212178.046875
10112   -212178.250000
10113   -212178.312500
10114   -212178.531250
10115   -212178.671875
10116   -212178.734375
10117   -212178.906250
10118   -212179.062500
10119   -212179.187500
10120   -212179.265625
10121   -212179.562500
10122   -212179.687500
10123   -212179.750000
10124   -212179.984375
10125   -212180.046875
10126   -212180.125000
10127   -212180.375000
10128   -212180.453125
10129   -212180.609375
10130   -212180.812500
10131   -212180.875000
10132   -212181.000000
10133   -212181.250000
10134   -212181.312500
10135   -212181.531250
10136   -212181.687500
10137   -212181.750000
10138   -212181.968750
10139   -212182.015625
10140   -212182.171875
10141   -212182.343750
10142   -212182.437500
10143   -212182.687500
10144   -212182.781250
10145   -212182.875000
10146   -212183.062500
10147   -212183.218750
10148   -212183.390625
10149   -212183.500000
10150   -212183.687500
10151   -212183.781250
10152   -212183.921875
10153   -212184.093750
10154   -212184.156250
10155   -212184.421875
10156   -212184.500000
10157   -212184.687500
10158   -212184.812500
10159   -212185.000000
10160   -212185.093750
10161   -212185.187500
10162   -212185.359375
10163   -212185.468750
10164   -212185.640625
10165   -212185.796875
10166   -212185.968750
10167   -212186.078125
10168   -212186.187500
10169   -212186.328125
10170   -212186.500000
10171   -212186.656250
10172   -212186.765625
10173   -212186.906250
10174   -212187.093750
10175   -212187.187500
10176   -212187.375000
10177   -212187.468750
10178   -212187.609375
10179   -212187.734375
10180   -212187.937500
10181   -212188.062500
10182   -212188.156250
10183   -212188.343750
10184   -212188.437500
10185   -212188.593750
10186   -212188.718750
10187   -212188.843750
10188   -212188.984375
10189   -212189.125000
10190   -212189.281250
10191   -212189.375000
10192   -212189.562500
10193   -212189.734375
10194   -212189.781250
10195   -212189.937500
10196   -212190.062500
10197   -212190.250000
10198   -212190.343750
10199   -212190.437500
10200   -212190.609375
10201   -212190.750000
10202   -212190.843750
10203   -212190.984375
10204   -212191.156250
10205   -212191.234375
10206   -212191.406250
10207   -212191.593750
10208   -212191.656250
10209   -212191.843750
10210   -212191.921875
10211   -212192.031250
10212   -212192.156250
10213   -212192.328125
10214   -212192.468750
10215   -212192.562500
10216   -212192.750000
10217   -212192.890625
10218   -212192.921875
10219   -212193.062500
10220   -212193.296875
10221   -212193.406250
10222   -212193.468750
10223   -212193.578125
10224   -212193.718750
10225   -212193.953125
10226   -212194.031250
10227   -212194.093750
10228   -212194.265625
10229   -212194.390625
10230   -212194.531250
10231   -212194.609375
10232   -212194.812500
10233   -212194.843750
10234   -212194.937500
10235   -212195.125000
10236   -212195.250000
10237   -212195.375000
10238   -212195.531250
10239   -212195.703125
10240   -212195.718750
10241   -212195.906250
10242   -212196.031250
10243   -212196.125000
10244   -212196.250000
10245   -212196.328125
10246   -212196.531250
10247   -212196.640625
10248   -212196.843750
10249   -212196.843750
10250   -212197.000000
10251   -212197.156250
10252   -212197.281250
10253   -212197.406250
10254   -212197.500000
10255   -212197.625000
10256   -212197.750000
10257   -212197.859375
10258   -212197.984375
10259   -212198.125000
10260   -212198.187500
10261   -212198.343750
10262   -212198.531250
10263   -212198.593750
10264   -212198.765625
10265   -212198.781250
10266   -212198.968750
10267   -212199.093750
10268   -212199.156250
10269   -212199.312500
10270   -212199.468750
10271   -212199.546875
10272   -212199.640625
10273   -212199.781250
10274   -212199.812500
10275   -212200.000000
10276   -212200.093750
10277   -212200.234375
10278   -212200.281250
10279   -212200.500000
10280   -212200.593750
10281   -212200.656250
10282   -212200.812500
10283   -212200.875000
10284   -212201.062500
10285   -212201.187500
10286   -212201.281250
10287   -212201.375000
10288   -212201.500000
10289   -212201.593750
10290   -212201.781250
10291   -212201.875000
10292   -212201.968750
10293   -212202.093750
10294   -212202.281250
10295   -212202.343750
10296   -212202.531250
10297   -212202.593750
10298   -212202.718750
10299   -212202.781250
10300   -212202.953125
10301   -212203.031250
10302   -212203.187500
10303   -212203.281250
10304   -212203.406250
10305   -212203.531250
10306   -212203.687500
10307   -212203.687500
10308   -212203.875000
10309   -212204.046875
10310   -212204.093750
10311   -212204.234375
10312   -212204.328125
10313   -212204.437500
10314   -212204.625000
10315   -212204.718750
10316   -212204.828125
10317   -212204.921875
10318   -212205.046875
10319   -212205.125000
10320   -212205.296875
10321   -212205.437500
10322   -212205.500000
10323   -212205.656250
10324   -212205.812500
10325   -212205.875000
10326   -212205.968750
10327   -212206.093750
10328   -212206.203125
10329   -212206.375000
10330   -212206.484375
10331   -212206.562500
10332   -212206.656250
10333   -212206.843750
10334   -212206.968750
10335   -212207.093750
10336   -212207.187500
10337   -212207.312500
10338   -212207.437500
10339   -212207.546875
10340   -212207.687500
10341   -212207.750000
10342   -212207.890625
10343   -212208.031250
10344   -212208.093750
10345   -212208.250000
10346   -212208.343750
10347   -212208.437500
10348   -212208.593750
10349   -212208.687500
10350   -212208.843750
10351   -212208.937500
10352   -212209.000000
10353   -212209.093750
10354   -212209.250000
10355   -212209.312500
10356   -212209.468750
10357   -212209.562500
10358   -212209.687500
10359   -212209.750000
10360   -212209.921875
10361   -212210.000000
10362   -212210.140625
10363   -212210.265625
10364   -212210.359375
10365   -212210.468750
10366   -212210.546875
10367   -212210.640625
10368   -212210.781250
10369   -212210.906250
10370   -212211.062500
10371   -212211.140625
10372   -212211.218750
10373   -212211.343750
10374   -212211.531250
10375   -212211.562500
10376   -212211.687500
10377   -212211.765625
10378   -212211.906250
10379   -212212.062500
10380   -212212.234375
10381   -212212.265625
10382   -212212.390625
10383   -212212.515625
10384   -212212.578125
10385   -212212.796875
10386   -212212.843750
10387   -212212.984375
10388   -212213.093750
10389   -212213.265625
10390   -212213.343750
10391   -212213.531250
10392   -212213.500000
10393   -212213.640625
10394   -212213.703125
10395   -212213.843750
10396   -212214.031250
10397   -212214.171875
10398   -212214.218750
10399   -212214.375000
10400   -212214.500000
10401   -212214.593750
10402   -212214.687500
10403   -212214.828125
10404   -212214.906250
10405   -212215.093750
10406   -212215.203125
10407   -212215.234375
10408   -212215.375000
10409   -212215.562500
10410   -212215.687500
10411   -212215.765625
10412   -212215.875000
10413   -212216.015625
10414   -212216.125000
10415   -212216.218750
10416   -212216.375000
10417   -212216.468750
10418   -212216.562500
10419   -212216.703125
10420   -212216.796875
10421   -212217.015625
10422   -212217.156250
10423   -212217.296875
10424   -212217.406250
10425   -212217.406250
10426   -212217.640625
10427   -212217.812500
10428   -212217.906250
10429   -212218.000000
10430   -212218.140625
10431   -212218.250000
10432   -212218.312500
10433   -212218.468750
10434   -212218.656250
10435   -212218.718750
10436   -212218.875000
10437   -212218.953125
10438   -212219.046875
10439   -212219.218750
10440   -212219.343750
10441   -212219.484375
10442   -212219.562500
10443   -212219.781250
10444   -212219.828125
10445   -212220.031250
10446   -212220.109375
10447   -212220.250000
10448   -212220.343750
10449   -212220.500000
10450   -212220.640625
10451   -212220.718750
10452   -212220.828125
10453   -212220.968750
10454   -212221.171875
10455   -212221.281250
10456   -212221.406250
10457   -212221.468750
10458   -212221.625000
10459   -212221.812500
10460   -212221.968750
10461   -212222.031250
10462   -212222.156250
10463   -212222.281250
10464   -212222.390625
10465   -212222.562500
10466   -212222.703125
10467   -212222.765625
10468   -212222.921875
10469   -212223.093750
10470   -212223.250000
10471   -212223.281250
10472   -212223.421875
10473   -212223.625000
10474   -212223.750000
10475   -212223.812500
10476   -212224.000000
10477   -212224.093750
10478   -212224.250000
10479   -212224.343750
10480   -212224.500000
10481   -212224.656250
10482   -212224.734375
10483   -212224.921875
10484   -212225.031250
10485   -212225.187500
10486   -212225.312500
10487   -212225.484375
10488   -212225.562500
10489   -212225.750000
10490   -212225.812500
10491   -212226.000000
10492   -212226.156250
10493   -212226.250000
10494   -212226.390625
10495   -212226.562500
10496   -212226.640625
10497   -212226.828125
10498   -212226.968750
10499   -212227.093750
10500   -212227.281250
10501   -212227.421875
10502   -212227.500000
10503   -212227.656250
10504   -212227.781250
10505   -212227.953125
10506   -212228.062500
10507   -212228.187500
10508   -212228.359375
10509   -212228.531250
10510   -212228.609375
10511   -212228.781250
10512   -212228.953125
10513   -212229.062500
10514   -212229.187500
10515   -212229.375000
10516   -212229.515625
10517   -212229.625000
10518   -212229.765625
10519   -212229.953125
10520   -212230.062500
10521   -212230.218750
10522   -212230.406250
10523   -212230.500000
10524   -212230.656250
10525   -212230.781250
10526   -212230.968750
10527   -212231.062500
10528   -212231.203125
10529   -212231.375000
10530   -212231.500000
10531   -212231.656250
10532   -212231.796875
10533   -212231.937500
10534   -212232.078125
10535   -212232.234375
10536   -212232.406250
10537   -212232.468750
10538   -212232.625000
10539   -212232.734375
10540   -212232.906250
10541   -212233.046875
10542   -212233.156250
10543   -212233.359375
10544   -212233.500000
10545   -212233.625000
10546   -212233.765625
10547   -212233.906250
10548   -212234.000000
10549   -212234.171875
10550   -212234.296875
10551   -212234.468750
10552   -212234.656250
10553   -212234.734375
10554   -212234.875000
10555   -212235.031250
10556   -212235.187500
10557   -212235.343750
10558   -212235.453125
10559   -212235.593750
10560   -212235.750000
10561   -212235.859375
10562   -212235.968750
10563   -212236.187500
10564   -212236.281250
10565   -212236.437500
10566   -212236.593750
10567   -212236.734375
10568   -212236.843750
10569   -212237.000000
10570   -212237.171875
10571   -212237.281250
10572   -212237.406250
10573   -212237.546875
10574   -212237.718750
10575   -212237.875000
10576   -212238.000000
10577   -212238.140625
10578   -212238.250000
10579   -212238.375000
10580   -212238.546875
10581   -212238.687500
10582   -212238.781250
10583   -212238.968750
10584   -212239.062500
10585   -212239.187500
10586   -212239.343750
10587   -212239.515625
10588   -212239.625000
10589   -212239.781250
10590   -212239.937500
10591   -212240.078125
10592   -212240.187500
10593   -212240.343750
10594   -212240.468750
10595   -212240.625000
10596   -212240.734375
10597   -212240.875000
10598   -212241.000000
10599   -212241.156250
10600   -212241.312500
10601   -212241.468750
10602   -212241.578125
10603   -212241.687500
10604   -212241.859375
10605   -212241.968750
10606   -212242.109375
10607   -212242.281250
10608   -212242.437500
10609   -212242.546875
10610   -212242.656250
10611   -212242.828125
10612   -212242.906250
10613   -212243.093750
10614   -212243.218750
10615   -212243.343750
10616   -212243.515625
10617   -212243.593750
10618   -212243.750000
10619   -212243.890625
10620   -212244.015625
10621   -212244.171875
10622   -212244.296875
10623   -212244.437500
10624   -212244.562500
10625   -212244.687500
10626   -212244.859375
10627   -212244.968750
10628   -212245.093750
10629   -212245.250000
10630   -212245.359375
10631   -212245.468750
10632   -212245.640625
10633   -212245.781250
10634   -212245.921875
10635   -212246.015625
10636   -212246.156250
10637   -212246.312500
10638   -212246.406250
10639   -212246.531250
10640   -212246.687500
10641   -212246.812500
10642   -212246.937500
10643   -212247.078125
10644   -212247.187500
10645   -212247.343750
10646   -212247.453125
10647   -212247.609375
10648   -212247.734375
10649   -212247.843750
10650   -212247.984375
10651   -212248.156250
10652   -212248.265625
10653   -212248.390625
10654   -212248.468750
10655   -212248.625000
10656   -212248.750000
10657   -212248.843750
10658   -212248.984375
10659   -212249.125000
10660   -212249.218750
10661   -212249.343750
10662   -212249.484375
10663   -212249.609375
10664   -212249.750000
10665   -212249.875000
10666   -212250.015625
10667   -212250.109375
10668   -212250.234375
10669   -212250.359375
10670   -212250.500000
10671   -212250.625000
10672   -212250.734375
10673   -212250.859375
10674   -212251.000000
10675   -212251.125000
10676   -212251.265625
10677   -212251.328125
10678   -212251.500000
10679   -212251.625000
10680   -212251.718750
10681   -212251.875000
10682   -212252.015625
10683   -212252.125000
10684   -212252.203125
10685   -212252.328125
10686   -212252.468750
10687   -212252.593750
10688   -212252.718750
10689   -212252.859375
10690   -212252.968750
10691   -212253.062500
10692   -212253.187500
10693   -212253.343750
10694   -212253.468750
10695   -212253.578125
10696   -212253.703125
10697   -212253.875000
10698   -212254.000000
10699   -212254.078125
10700   -212254.203125
10701   -212254.343750
10702   -212254.453125
10703   -212254.593750
10704   -212254.687500
10705   -212254.812500
10706   -212254.937500
10707   -212255.046875
10708   -212255.156250
10709   -212255.281250
10710   -212255.390625
10711   -212255.531250
10712   -212255.656250
10713   -212255.734375
10714   -212255.890625
10715   -212256.000000
10716   -212256.125000
10717   -212256.250000
10718   -212256.375000
10719   -212256.421875
10720   -212256.578125
10721   -212256.718750
10722   -212256.812500
10723   -212256.937500
10724   -212257.093750
10725   -212257.140625
10726   -212257.250000
10727   -212257.406250
10728   -212257.515625
10729   -212257.640625
10730   -212257.734375
10731   -212257.781250
10732   -212257.906250
10733   -212258.031250
10734   -212258.140625
10735   -212258.250000
10736   -212258.375000
10737   -212258.453125
10738   -212258.578125
10739   -212258.687500
10740   -212258.796875
10741   -212258.890625
10742   -212259.000000
10743   -212259.093750
10744   -212259.156250
10745   -212259.343750
10746   -212259.406250
10747   -212259.531250
10748   -212259.593750
10749   -212259.656250
10750   -212259.812500
10751   -212259.906250
10752   -212260.015625
10753   -212260.093750
10754   -212260.218750
10755   -212260.296875
10756   -212260.437500
10757   -212260.500000
10758   -212260.578125
10759   -212260.671875
10760   -212260.796875
10761   -212260.906250
10762   -212261.000000
10763   -212261.078125
10764   -212261.187500
10765   -212261.234375
10766   -212261.359375
10767   -212261.453125
10768   -212261.578125
10769   -212261.656250
10770   -212261.750000
10771   -212261.875000
10772   -212261.890625
10773   -212262.000000
10774   -212262.156250
10775   -212262.218750
10776   -212262.296875
10777   -212262.375000
10778   -212262.468750
10779   -212262.531250
10780   -212262.593750
10781   -212262.687500
10782   -212262.781250
10783   -212262.843750
10784   -212262.968750
10785   -212263.031250
10786   -212263.125000
10787   -212263.187500
10788   -212263.281250
10789   -212263.406250
10790   -212263.468750
10791   -212263.562500
10792   -212263.625000
10793   -212263.687500
10794   -212263.812500
10795   -212263.875000
10796   -212263.984375
10797   -212264.031250
10798   -212264.093750
10799   -212264.218750
10800   -212264.281250
10801   -212264.359375
10802   -212264.468750
10803   -212264.531250
10804   -212264.593750
10805   -212264.687500
10806   -212264.765625
10807   -212264.875000
10808   -212264.937500
10809   -212264.968750
10810   -212265.093750
10811   -212265.156250
10812   -212265.250000
10813   -212265.343750
10814   -212265.375000
10815   -212265.500000
10816   -212265.562500
10817   -212265.656250
10818   -212265.718750
10819   -212265.750000
10820   -212265.843750
10821   -212265.968750
10822   -212266.031250
10823   -212266.125000
10824   -212266.171875
10825   -212266.265625
10826   -212266.343750
10827   -212266.406250
10828   -212266.515625
10829   -212266.562500
10830   -212266.656250
10831   -212266.718750
10832   -212266.843750
10833   -212266.890625
10834   -212266.968750
10835   -212267.078125
10836   -212267.125000
10837   -212267.218750
10838   -212267.281250
10839   -212267.375000
10840   -212267.437500
10841   -212267.562500
10842   -212267.593750
10843   -212267.703125
10844   -212267.750000
10845   -212267.859375
10846   -212267.921875
10847   -212267.984375
10848   -212268.093750
10849   -212268.156250
10850   -212268.250000
10851   -212268.312500
10852   -212268.406250
10853   -212268.515625
10854   -212268.609375
10855   -212268.671875
10856   -212268.750000
10857   -212268.843750
10858   -212268.937500
10859   -212269.015625
10860   -212269.093750
10861   -212269.187500
10862   -212269.281250
10863   -212269.375000
10864   -212269.468750
10865   -212269.531250
10866   -212269.640625
10867   -212269.718750
10868   -212269.812500
10869   -212269.875000
10870   -212269.968750
10871   -212270.062500
10872   -212270.156250
10873   -212270.250000
10874   -212270.328125
10875   -212270.421875
10876   -212270.484375
10877   -212270.593750
10878   -212270.656250
10879   -212270.750000
10880   -212270.843750
10881   -212270.953125
10882   -212271.046875
10883   -212271.109375
10884   -212271.203125
10885   -212271.312500
10886   -212271.406250
10887   -212271.531250
10888   -212271.609375
10889   -212271.703125
10890   -212271.812500
10891   -212271.906250
10892   -212271.984375
10893   -212272.093750
10894   -212272.218750
10895   -212272.281250
10896   -212272.406250
10897   -212272.500000
10898   -212272.578125
10899   -212272.671875
10900   -212272.796875
10901   -212272.890625
10902   -212272.968750
10903   -212273.109375
10904   -212273.187500
10905   -212273.312500
10906   -212273.406250
10907   -212273.531250
10908   -212273.625000
10909   -212273.703125
10910   -212273.796875
10911   -212273.906250
10912   -212274.078125
10913   -212274.140625
10914   -212274.250000
10915   -212274.359375
10916   -212274.468750
10917   -212274.562500
10918   -212274.687500
10919   -212274.796875
10920   -212274.875000
10921   -212275.046875
10922   -212275.140625
10923   -212275.234375
10924   -212275.375000
10925   -212275.468750
10926   -212275.593750
10927   -212275.718750
10928   -212275.828125
10929   -212275.937500
10930   -212276.046875
10931   -212276.171875
10932   -212276.296875
10933   -212276.421875
10934   -212276.531250
10935   -212276.656250
10936   -212276.781250
10937   -212276.843750
10938   -212276.968750
10939   -212277.109375
10940   -212277.203125
10941   -212277.312500
10942   -212277.421875
10943   -212277.531250
10944   -212277.656250
10945   -212277.796875
10946   -212277.921875
10947   -212278.046875
10948   -212278.125000
10949   -212278.250000
10950   -212278.375000
10951   -212278.468750
10952   -212278.593750
10953   -212278.734375
10954   -212278.875000
10955   -212278.953125
10956   -212279.078125
10957   -212279.218750
10958   -212279.312500
10959   -212279.437500
10960   -212279.578125
10961   -212279.703125
10962   -212279.812500
10963   -212279.953125
10964   -212280.125000
10965   -212280.218750
10966   -212280.343750
10967   -212280.468750
10968   -212280.562500
10969   -212280.687500
10970   -212280.843750
10971   -212280.937500
10972   -212281.062500
10973   -212281.203125
10974   -212281.375000
10975   -212281.515625
10976   -212281.609375
10977   -212281.765625
10978   -212281.875000
10979   -212282.000000
10980   -212282.109375
10981   -212282.250000
10982   -212282.390625
10983   -212282.562500
10984   -212282.687500
10985   -212282.796875
10986   -212282.921875
10987   -212283.062500
10988   -212283.187500
10989   -212283.359375
10990   -212283.468750
10991   -212283.625000
10992   -212283.781250
10993   -212283.843750
10994   -212283.968750
10995   -212284.125000
10996   -212284.296875
10997   -212284.406250
10998   -212284.531250
10999   -212284.687500
11000   -212284.812500
11001   -212284.984375
11002   -212285.093750
11003   -212285.218750
11004   -212285.375000
11005   -212285.468750
11006   -212285.656250
11007   -212285.812500
11008   -212285.906250
11009   -212286.062500
11010   -212286.187500
11011   -212286.328125
11012   -212286.484375
11013   -212286.625000
11014   -212286.765625
11015   -212286.906250
11016   -212287.046875
11017   -212287.171875
11018   -212287.328125
11019   -212287.468750
11020   -212287.593750
11021   -212287.750000
11022   -212287.859375
11023   -212288.031250
11024   -212288.187500
11025   -212288.328125
11026   -212288.453125
11027   -212288.562500
11028   -212288.734375
11029   -212288.890625
11030   -212289.000000
11031   -212289.156250
11032   -212289.312500
11033   -212289.437500
11034   -212289.546875
11035   -212289.750000
11036   -212289.843750
11037   -212290.000000
11038   -212290.140625
11039   -212290.312500
11040   -212290.453125
11041   -212290.562500
11042   -212290.718750
11043   -212290.875000
11044   -212291.015625
11045   -212291.140625
11046   -212291.281250
11047   -212291.468750
11048   -212291.562500
11049   -212291.718750
11050   -212291.859375
11051   -212291.968750
11052   -212292.156250
11053   -212292.281250
11054   -212292.437500
11055   -212292.593750
11056   -212292.687500
11057   -212292.875000
11058   -212292.968750
11059   -212293.171875
11060   -212293.250000
11061   -212293.406250
11062   -212293.578125
11063   -212293.687500
11064   -212293.828125
11065   -212293.984375
11066   -212294.125000
11067   -212294.250000
11068   -212294.390625
11069   -212294.593750
11070   -212294.687500
11071   -212294.812500
11072   -212295.000000
11073   -212295.125000
11074   -212295.265625
11075   -212295.375000
11076   -212295.546875
11077   -212295.687500
11078   -212295.843750
11079   -212295.937500
11080   -212296.093750
11081   -212296.250000
11082   -212296.375000
11083   -212296.515625
11084   -212296.640625
11085   -212296.812500
11086   -212296.937500
11087   -212297.109375
11088   -212297.250000
11089   -212297.390625
11090   -212297.531250
11091   -212297.656250
11092   -212297.781250
11093   -212297.968750
11094   -212298.062500
11095   -212298.187500
11096   -212298.343750
11097   -212298.484375
11098   -212298.625000
11099   -212298.765625
11100   -212298.906250
11101   -212299.046875
11102   -212299.171875
11103   -212299.343750
11104   -212299.437500
11105   -212299.625000
11106   -212299.687500
11107   -212299.890625
11108   -212300.015625
11109   -212300.125000
11110   -212300.281250
11111   -212300.437500
11112   -212300.562500
11113   -212300.703125
11114   -212300.828125
11115   -212300.937500
11116   -212301.062500
11117   -212301.234375
11118   -212301.359375
11119   -212301.500000
11120   -212301.625000
11121   -212301.781250
11122   -212301.890625
11123   -212302.000000
11124   -212302.187500
11125   -212302.296875
11126   -212302.406250
11127   -212302.593750
11128   -212302.718750
11129   -212302.828125
11130   -212303.000000
11131   -212303.078125
11132   -212303.218750
11133   -212303.328125
11134   -212303.546875
11135   -212303.625000
11136   -212303.765625
11137   -212303.937500
11138   -212304.062500
11139   -212304.187500
11140   -212304.312500
11141   -212304.390625
11142   -212304.546875
11143   -212304.687500
11144   -212304.781250
11145   -212304.906250
11146   -212305.062500
11147   -212305.187500
11148   -212305.343750
11149   -212305.437500
11150   -212305.562500
11151   -212305.750000
11152   -212305.843750
11153   -212305.937500
11154   -212306.062500
11155   -212306.187500
11156   -212306.312500
11157   -212306.484375
11158   -212306.546875
11159   -212306.703125
11160   -212306.781250
11161   -212306.921875
11162   -212307.031250
11163   -212307.171875
11164   -212307.281250
11165   -212307.406250
11166   -212307.515625
11167   -212307.656250
11168   -212307.812500
11169   -212307.875000
11170   -212308.015625
11171   -212308.140625
11172   -212308.218750
11173   -212308.328125
11174   -212308.406250
11175   -212308.546875
11176   -212308.656250
11177   -212308.781250
11178   -212308.843750
11179   -212309.000000
11180   -212309.093750
11181   -212309.187500
11182   -212309.312500
11183   -212309.406250
11184   -212309.531250
11185   -212309.593750
11186   -212309.687500
11187   -212309.781250
11188   -212309.937500
11189   -212310.046875
11190   -212310.093750
11191   -212310.218750
11192   -212310.281250
11193   -212310.406250
11194   -212310.515625
11195   -212310.593750
11196   -212310.687500
11197   -212310.812500
11198   -212310.828125
11199   -212310.984375
11200   -212311.031250
11201   -212311.140625
11202   -212311.218750
11203   -212311.312500
11204   -212311.406250
11205   -212311.500000
11206   -212311.625000
11207   -212311.625000
11208   -212311.765625
11209   -212311.859375
11210   -212311.968750
11211   -212312.031250
11212   -212312.125000
11213   -212312.203125
11214   -212312.312500
11215   -212312.375000
11216   -212312.437500
11217   -212312.531250
11218   -212312.593750
11219   -212312.687500
11220   -212312.750000
11221   -212312.843750
11222   -212312.937500
11223   -212313.031250
11224   -212313.125000
11225   -212313.125000
11226   -212313.187500
11227   -212313.281250
11228   -212313.359375
11229   -212313.484375
11230   -212313.578125
11231   -212313.625000
11232   -212313.656250
11233   -212313.750000
11234   -212313.843750
11235   -212313.875000
11236   -212313.937500
11237   -212314.062500
11238   -212314.125000
11239   -212314.125000
11240   -212314.187500
11241   -212314.265625
11242   -212314.312500
11243   -212314.406250
11244   -212314.468750
11245   -212314.562500
11246   -212314.625000
11247   -212314.656250
11248   -212314.718750
11249   -212314.750000
11250   -212314.843750
11251   -212314.890625
11252   -212315.015625
11253   -212315.062500
11254   -212315.125000
11255   -212315.156250
11256   -212315.218750
11257   -212315.281250
11258   -212315.343750
11259   -212315.375000
11260   -212315.437500
11261   -212315.500000
11262   -212315.609375
11263   -212315.625000
11264   -212315.703125
11265   -212315.734375
11266   -212315.781250
11267   -212315.875000
11268   -212315.953125
11269   -212316.000000
11270   -212316.031250
11271   -212316.031250
11272   -212316.156250
11273   -212316.187500
11274   -212316.250000
11275   -212316.281250
11276   -212316.406250
11277   -212316.437500
11278   -212316.484375
11279   -212316.531250
11280   -212316.593750
11281   -212316.625000
11282   -212316.656250
11283   -212316.750000
11284   -212316.828125
11285   -212316.843750
11286   -212316.937500
11287   -212316.937500
11288   -212316.984375
11289   -212317.062500
11290   -212317.125000
11291   -212317.156250
11292   -212317.234375
11293   -212317.250000
11294   -212317.375000
11295   -212317.421875
11296   -212317.437500
11297   -212317.484375
11298   -212317.515625
11299   -212317.593750
11300   -212317.625000
11301   -212317.671875
11302   -212317.687500
11303   -212317.750000
11304   -212317.781250
11305   -212317.843750
11306   -212317.859375
11307   -212317.890625
11308   -212317.937500
11309   -212318.000000
11310   -212318.046875
11311   -212318.062500
11312   -212318.109375
11313   -212318.156250
11314   -212318.218750
11315   -212318.218750
11316   -212318.296875
11317   -212318.281250
11318   -212318.343750
11319   -212318.390625
11320   -212318.468750
11321   -212318.500000
11322   -212318.531250
11323   -212318.531250
11324   -212318.593750
11325   -212318.625000
11326   -212318.687500
11327   -212318.734375
11328   -212318.750000
11329   -212318.812500
11330   -212318.859375
11331   -212318.906250
11332   -212318.906250
11333   -212318.968750
11334   -212319.015625
11335   -212319.031250
11336   -212319.109375
11337   -212319.156250
11338   -212319.250000
11339   -212319.250000
11340   -212319.281250
11341   -212319.343750
11342   -212319.359375
11343   -212319.421875
11344   -212319.421875
11345   -212319.484375
11346   -212319.546875
11347   -212319.625000
11348   -212319.625000
11349   -212319.718750
11350   -212319.781250
11351   -212319.781250
11352   -212319.843750
11353   -212319.843750
11354   -212319.906250
11355   -212319.968750
11356   -212320.015625
11357   -212320.062500
11358   -212320.078125
11359   -212320.125000
11360   -212320.187500
11361   -212320.250000
11362   -212320.312500
11363   -212320.343750
11364   -212320.375000
11365   -212320.375000
11366   -212320.437500
11367   -212320.453125
11368   -212320.515625
11369   -212320.562500
11370   -212320.609375
11371   -212320.687500
11372   -212320.718750
11373   -212320.750000
11374   -212320.812500
11375   -212320.875000
11376   -212320.921875
11377   -212320.937500
11378   -212321.000000
11379   -212321.031250
11380   -212321.093750
11381   -212321.093750
11382   -212321.156250
11383   -212321.187500
11384   -212321.250000
11385   -212321.312500
11386   -212321.375000
11387   -212321.421875
11388   -212321.484375
11389   -212321.531250
11390   -212321.546875
11391   -212321.593750
11392   -212321.687500
11393   -212321.734375
11394   -212321.781250
11395   -212321.812500
11396   -212321.875000
11397   -212321.968750
11398   -212321.968750
11399   -212322.000000
11400   -212322.062500
11401   -212322.125000
11402   -212322.218750
11403   -212322.250000
11404   -212322.281250
11405   -212322.343750
11406   -212322.437500
11407   -212322.468750
11408   -212322.515625
11409   -212322.562500
11410   -212322.656250
11411   -212322.687500
11412   -212322.734375
11413   -212322.781250
11414   -212322.859375
11415   -212322.906250
11416   -212322.937500
11417   -212323.031250
11418   -212323.078125
11419   -212323.140625
11420   -212323.218750
11421   -212323.250000
11422   -212323.296875
11423   -212323.390625
11424   -212323.437500
11425   -212323.468750
11426   -212323.531250
11427   -212323.593750
11428   -212323.656250
11429   -212323.718750
11430   -212323.781250
11431   -212323.828125
11432   -212323.906250
11433   -212323.937500
11434   -212324.031250
11435   -212324.078125
11436   -212324.093750
11437   -212324.234375
11438   -212324.281250
11439   -212324.375000
11440   -212324.375000
11441   -212324.437500
11442   -212324.515625
11443   -212324.578125
11444   -212324.625000
11445   -212324.687500
11446   -212324.718750
11447   -212324.812500
11448   -212324.843750
11449   -212324.937500
11450   -212324.984375
11451   -212325.093750
11452   -212325.125000
11453   -212325.187500
11454   -212325.265625
11455   -212325.281250
11456   -212325.375000
11457   -212325.421875
11458   -212325.500000
11459   -212325.531250
11460   -212325.625000
11461   -212325.718750
11462   -212325.734375
11463   -212325.812500
11464   -212325.859375
11465   -212325.937500
11466   -212325.968750
11467   -212326.093750
11468   -212326.156250
11469   -212326.187500
11470   -212326.265625
11471   -212326.312500
11472   -212326.375000
11473   -212326.468750
11474   -212326.562500
11475   -212326.593750
11476   -212326.625000
11477   -212326.687500
11478   -212326.781250
11479   -212326.875000
11480   -212326.890625
11481   -212326.984375
11482   -212327.031250
11483   -212327.156250
11484   -212327.203125
11485   -212327.218750
11486   -212327.296875
11487   -212327.375000
11488   -212327.437500
11489   -212327.500000
11490   -212327.546875
11491   -212327.625000
11492   -212327.687500
11493   -212327.765625
11494   -212327.781250
11495   -212327.906250
11496   -212327.968750
11497   -212328.000000
11498   -212328.093750
11499   -212328.140625
11500   -212328.218750
11501   -212328.281250
11502   -212328.343750
11503   -212328.437500
11504   -212328.468750
11505   -212328.484375
11506   -212328.625000
11507   -212328.656250
11508   -212328.718750
11509   -212328.812500
11510   -212328.843750
11511   -212328.875000
11512   -212329.000000
11513   -212329.031250
11514   -212329.093750
11515   -212329.218750
11516   -212329.250000
11517   -212329.312500
11518   -212329.406250
11519   -212329.437500
11520   -212329.515625
11521   -212329.531250
11522   -212329.625000
11523   -212329.687500
11524   -212329.718750
11525   -212329.796875
11526   -212329.875000
11527   -212329.906250
11528   -212330.000000
11529   -212330.031250
11530   -212330.156250
11531   -212330.156250
11532   -212330.218750
11533   -212330.281250
11534   -212330.343750
11535   -212330.437500
11536   -212330.500000
11537   -212330.531250
11538   -212330.593750
11539   -212330.625000
11540   -212330.734375
11541   -212330.781250
11542   -212330.859375
11543   -212330.906250
11544   -212330.953125
11545   -212331.000000
11546   -212331.046875
11547   -212331.093750
11548   -212331.156250
11549   -212331.218750
11550   -212331.250000
11551   -212331.343750
11552   -212331.375000
11553   -212331.437500
11554   -212331.484375
11555   -212331.531250
11556   -212331.562500
11557   -212331.640625
11558   -212331.687500
11559   -212331.750000
11560   -212331.781250
11561   -212331.859375
11562   -212331.875000
11563   -212331.937500
11564   -212331.968750
11565   -212332.062500
11566   -212332.062500
11567   -212332.125000
11568   -212332.187500
11569   -212332.250000
11570   -212332.250000
11571   -212332.312500
11572   -212332.343750
11573   -212332.406250
11574   -212332.468750
11575   -212332.500000
11576   -212332.531250
11577   -212332.625000
11578   -212332.625000
11579   -212332.671875
11580   -212332.750000
11581   -212332.750000
11582   -212332.843750
11583   -212332.843750
11584   -212332.906250
11585   -212332.937500
11586   -212333.000000
11587   -212333.015625
11588   -212333.062500
11589   -212333.109375
11590   -212333.171875
11591   -212333.218750
11592   -212333.250000
11593   -212333.281250
11594   -212333.328125
11595   -212333.375000
11596   -212333.406250
11597   -212333.453125
11598   -212333.468750
11599   -212333.515625
11600   -212333.546875
11601   -212333.593750
11602   -212333.640625
11603   -212333.656250
11604   -212333.718750
11605   -212333.750000
11606   -212333.765625
11607   -212333.812500
11608   -212333.859375
11609   -212333.921875
11610   -212333.937500
11611   -212333.984375
11612   -212333.984375
11613   -212334.062500
11614   -212334.078125
11615   -212334.109375
11616   -212334.171875
11617   -212334.187500
11618   -212334.218750
11619   -212334.250000
11620   -212334.312500
11621   -212334.312500
11622   -212334.375000
11623   -212334.406250
11624   -212334.406250
11625   -212334.468750
11626   -212334.484375
11627   -212334.531250
11628   -212334.546875
11629   -212334.593750
11630   -212334.625000
11631   -212334.640625
11632   -212334.718750
11633   -212334.718750
11634   -212334.781250
11635   -212334.781250
11636   -212334.843750
11637   -212334.812500
11638   -212334.875000
11639   -212334.953125
11640   -212334.953125
11641   -212335.000000
11642   -212335.000000
11643   -212335.031250
11644   -212335.046875
11645   -212335.093750
11646   -212335.140625
11647   -212335.125000
11648   -212335.218750
11649   -212335.218750
11650   -212335.250000
11651   -212335.265625
11652   -212335.312500
11653   -212335.359375
11654   -212335.359375
11655   -212335.406250
11656   -212335.406250
11657   -212335.468750
11658   -212335.468750
11659   -212335.515625
11660   -212335.562500
11661   -212335.578125
11662   -212335.593750
11663   -212335.609375
11664   -212335.656250
11665   -212335.656250
11666   -212335.718750
11667   -212335.718750
11668   -212335.750000
11669   -212335.796875
11670   -212335.828125
11671   -212335.843750
11672   -212335.875000
11673   -212335.906250
11674   -212335.906250
11675   -212335.937500
11676   -212335.937500
11677   -212336.000000
11678   -212336.046875
11679   -212336.062500
11680   -212336.078125
11681   -212336.109375
11682   -212336.140625
11683   -212336.156250
11684   -212336.187500
11685   -212336.203125
11686   -212336.250000
11687   -212336.250000
11688   -212336.281250
11689   -212336.312500
11690   -212336.343750
11691   -212336.375000
11692   -212336.375000
11693   -212336.406250
11694   -212336.406250
11695   -212336.468750
11696   -212336.468750
11697   -212336.515625
11698   -212336.515625
11699   -212336.531250
11700   -212336.546875
11701   -212336.578125
11702   -212336.578125
11703   -212336.625000
11704   -212336.656250
11705   -212336.656250
11706   -212336.703125
11707   -212336.687500
11708   -212336.718750
11709   -212336.750000
11710   -212336.765625
11711   -212336.765625
11712   -212336.812500
11713   -212336.812500
11714   -212336.875000
11715   -212336.859375
11716   -212336.906250
11717   -212336.890625
11718   -212336.937500
11719   -212336.937500
11720   -212336.968750
11721   -212336.968750
11722   -212337.031250
11723   -212337.031250
11724   -212337.046875
11725   -212337.062500
11726   -212337.093750
11727   -212337.109375
11728   -212337.125000
11729   -212337.125000
11730   -212337.171875
11731   -212337.187500
11732   -212337.218750
11733   -212337.218750
11734   -212337.250000
11735   -212337.265625
11736   -212337.296875
11737   -212337.281250
11738   -212337.343750
11739   -212337.343750
11740   -212337.390625
11741   -212337.406250
11742   -212337.406250
11743   -212337.421875
11744   -212337.453125
11745   -212337.468750
11746   -212337.484375
11747   -212337.500000
11748   -212337.500000
11749   -212337.531250
11750   -212337.546875
11751   -212337.546875
11752   -212337.593750
11753   -212337.593750
11754   -212337.593750
11755   -212337.625000
11756   -212337.625000
11757   -212337.656250
11758   -212337.656250
11759   -212337.687500
11760   -212337.718750
11761   -212337.718750
11762   -212337.734375
11763   -212337.750000
11764   -212337.781250
11765   -212337.781250
11766   -212337.812500
11767   -212337.812500
11768   -212337.843750
11769   -212337.843750
11770   -212337.859375
11771   -212337.875000
11772   -212337.906250
11773   -212337.906250
11774   -212337.937500
11775   -212337.937500
11776   -212337.968750
11777   -212338.000000
11778   -212338.000000
11779   -212338.031250
11780   -212338.031250
11781   -212338.062500
11782   -212338.062500
11783   -212338.062500
11784   -212338.093750
11785   -212338.109375
11786   -212338.140625
11787   -212338.156250
11788   -212338.156250
11789   -212338.187500
11790   -212338.187500
11791   -212338.203125
11792   -212338.218750
11793   -212338.234375
11794   -212338.250000
11795   -212338.296875
11796   -212338.312500
11797   -212338.312500
11798   -212338.343750
11799   -212338.359375
11800   -212338.375000
11801   -212338.406250
11802   -212338.406250
11803   -212338.406250
11804   -212338.437500
11805   -212338.453125
11806   -212338.468750
11807   -212338.468750
11808   -212338.500000
11809   -212338.531250
11810   -212338.531250
11811   -212338.562500
11812   -212338.578125
11813   -212338.593750
11814   -212338.609375
11815   -212338.625000
11816   -212338.640625
11817   -212338.656250
11818   -212338.671875
11819   -212338.687500
11820   -212338.718750
11821   -212338.750000
11822   -212338.750000
11823   -212338.765625
11824   -212338.781250
11825   -212338.781250
11826   -212338.828125
11827   -212338.843750
11828   -212338.859375
11829   -212338.875000
11830   -212338.890625
11831   -212338.906250
11832   -212338.937500
11833   -212338.937500
11834   -212338.968750
11835   -212338.984375
11836   -212339.000000
11837   -212339.015625
11838   -212339.031250
11839   -212339.062500
11840   -212339.078125
11841   -212339.093750
11842   -212339.109375
11843   -212339.140625
11844   -212339.156250
11845   -212339.187500
11846   -212339.187500
11847   -212339.203125
11848   -212339.234375
11849   -212339.250000
11850   -212339.281250
11851   -212339.281250
11852   -212339.312500
11853   -212339.328125
11854   -212339.359375
11855   -212339.375000
11856   -212339.375000
11857   -212339.406250
11858   -212339.437500
11859   -212339.437500
11860   -212339.468750
11861   -212339.468750
11862   -212339.515625
11863   -212339.515625
11864   -212339.531250
11865   -212339.531250
11866   -212339.562500
11867   -212339.578125
11868   -212339.593750
11869   -212339.625000
11870   -212339.656250
11871   -212339.656250
11872   -212339.671875
11873   -212339.687500
11874   -212339.718750
11875   -212339.718750
11876   -212339.750000
11877   -212339.765625
11878   -212339.781250
11879   -212339.796875
11880   -212339.812500
11881   -212339.843750
11882   -212339.859375
11883   -212339.875000
11884   -212339.906250
11885   -212339.921875
11886   -212339.937500
11887   -212339.953125
11888   -212339.968750
11889   -212340.000000
11890   -212340.000000
11891   -212340.046875
11892   -212340.046875
11893   -212340.062500
11894   -212340.078125
11895   -212340.093750
11896   -212340.125000
11897   -212340.125000
11898   -212340.156250
11899   -212340.187500
11900   -212340.203125
11901   -212340.218750
11902   -212340.250000
11903   -212340.265625
11904   -212340.281250
11905   -212340.281250
11906   -212340.328125
11907   -212340.343750
11908   -212340.359375
11909   -212340.375000
11910   -212340.406250
11911   -212340.406250
11912   -212340.437500
11913   -212340.453125
11914   -212340.468750
11915   -212340.515625
11916   -212340.531250
11917   -212340.546875
11918   -212340.562500
11919   -212340.562500
11920   -212340.593750
11921   -212340.625000
11922   -212340.625000
11923   -212340.671875
11924   -212340.687500
11925   -212340.703125
11926   -212340.734375
11927   -212340.765625
11928   -212340.781250
11929   -212340.781250
11930   -212340.812500
11931   -212340.828125
11932   -212340.843750
11933   -212340.859375
11934   -212340.875000
11935   -212340.937500
11936   -212340.921875
11937   -212340.968750
11938   -212340.984375
11939   -212341.015625
11940   -212341.031250
11941   -212341.046875
11942   -212341.062500
11943   -212341.093750
11944   -212341.109375
11945   -212341.125000
11946   -212341.156250
11947   -212341.171875
11948   -212341.203125
11949   -212341.218750
11950   -212341.234375
11951   -212341.250000
11952   -212341.312500
11953   -212341.312500
11954   -212341.343750
11955   -212341.343750
11956   -212341.375000
11957   -212341.421875
11958   -212341.437500
11959   -212341.453125
11960   -212341.468750
11961   -212341.500000
11962   -212341.531250
11963   -212341.531250
11964   -212341.562500
11965   -212341.593750
11966   -212341.593750
11967   -212341.625000
11968   -212341.656250
11969   -212341.687500
11970   -212341.703125
11971   -212341.734375
11972   -212341.750000
11973   -212341.781250
11974   -212341.796875
11975   -212341.828125
11976   -212341.828125
11977   -212341.843750
11978   -212341.875000
11979   -212341.906250
11980   -212341.937500
11981   -212341.953125
11982   -212341.968750
11983   -212342.000000
11984   -212342.031250
11985   -212342.046875
11986   -212342.078125
11987   -212342.093750
11988   -212342.125000
11989   -212342.156250
11990   -212342.187500
11991   -212342.203125
11992   -212342.250000
11993   -212342.234375
11994   -212342.265625
11995   -212342.296875
11996   -212342.312500
11997   -212342.343750
11998   -212342.375000
11999   -212342.406250
12000   -212342.421875
12001   -212342.468750
12002   -212342.484375
12003   -212342.500000
12004   -212342.531250
12005   -212342.562500
12006   -212342.578125
12007   -212342.593750
12008   -212342.625000
12009   -212342.656250
12010   -212342.671875
12011   -212342.703125
12012   -212342.750000
12013   -212342.765625
12014   -212342.781250
12015   -212342.812500
12016   -212342.843750
12017   -212342.875000
12018   -212342.890625
12019   -212342.906250
12020   -212342.953125
12021   -212342.968750
12022   -212343.000000
12023   -212343.031250
12024   -212343.062500
12025   -212343.078125
12026   -212343.109375
12027   -212343.140625
12028   -212343.171875
12029   -212343.203125
12030   -212343.218750
12031   -212343.250000
12032   -212343.281250
12033   -212343.281250
12034   -212343.328125
12035   -212343.375000
12036   -212343.390625
12037   -212343.406250
12038   -212343.437500
12039   -212343.484375
12040   -212343.500000
12041   -212343.562500
12042   -212343.578125
12043   -212343.609375
12044   -212343.640625
12045   -212343.656250
12046   -212343.687500
12047   -212343.718750
12048   -212343.750000
12049   -212343.765625
12050   -212343.812500
12051   -212343.843750
12052   -212343.859375
12053   -212343.906250
12054   -212343.937500
12055   -212343.937500
12056   -212343.984375
12057   -212344.000000
12058   -212344.031250
12059   -212344.062500
12060   -212344.093750
12061   -212344.125000
12062   -212344.156250
12063   -212344.187500
12064   -212344.218750
12065   -212344.250000
12066   -212344.281250
12067   -212344.312500
12068   -212344.343750
12069   -212344.343750
12070   -212344.406250
12071   -212344.421875
12072   -212344.453125
12073   -212344.484375
12074   -212344.515625
12075   -212344.562500
12076   -212344.593750
12077   -212344.625000
12078   -212344.656250
12079   -212344.687500
12080   -212344.718750
12081   -212344.765625
12082   -212344.781250
12083   -212344.812500
12084   -212344.875000
12085   -212344.875000
12086   -212344.937500
12087   -212344.937500
12088   -212344.968750
12089   -212345.015625
12090   -212345.046875
12091   -212345.093750
12092   -212345.109375
12093   -212345.156250
12094   -212345.171875
12095   -212345.203125
12096   -212345.250000
12097   -212345.281250
12098   -212345.312500
12099   -212345.359375
12100   -212345.390625
12101   -212345.421875
12102   -212345.468750
12103   -212345.500000
12104   -212345.531250
12105   -212345.578125
12106   -212345.593750
12107   -212345.625000
12108   -212345.671875
12109   -212345.703125
12110   -212345.750000
12111   -212345.781250
12112   -212345.812500
12113   -212345.843750
12114   -212345.875000
12115   -212345.937500
12116   -212345.968750
12117   -212346.000000
12118   -212346.031250
12119   -212346.078125
12120   -212346.125000
12121   -212346.125000
12122   -212346.187500
12123   -212346.218750
12124   -212346.250000
12125   -212346.296875
12126   -212346.312500
12127   -212346.375000
12128   -212346.421875
12129   -212346.468750
12130   -212346.500000
12131   -212346.531250
12132   -212346.578125
12133   -212346.593750
12134   -212346.640625
12135   -212346.687500
12136   -212346.718750
12137   -212346.765625
12138   -212346.812500
12139   -212346.843750
12140   -212346.890625
12141   -212346.906250
12142   -212346.953125
12143   -212347.000000
12144   -212347.031250
12145   -212347.078125
12146   -212347.125000
12147   -212347.156250
12148   -212347.187500
12149   -212347.234375
12150   -212347.281250
12151   -212347.296875
12152   -212347.343750
12153   -212347.406250
12154   -212347.453125
12155   -212347.484375
12156   -212347.531250
12157   -212347.562500
12158   -212347.593750
12159   -212347.640625
12160   -212347.687500
12161   -212347.718750
12162   -212347.781250
12163   -212347.812500
12164   -212347.859375
12165   -212347.906250
12166   -212347.937500
12167   -212347.968750
12168   -212348.031250
12169   -212348.062500
12170   -212348.093750
12171   -212348.156250
12172   -212348.203125
12173   -212348.250000
12174   -212348.281250
12175   -212348.328125
12176   -212348.375000
12177   -212348.406250
12178   -212348.468750
12179   -212348.500000
12180   -212348.562500
12181   -212348.593750
12182   -212348.625000
12183   -212348.671875
12184   -212348.718750
12185   -212348.765625
12186   -212348.781250
12187   -212348.843750
12188   -212348.890625
12189   -212348.937500
12190   -212348.968750
12191   -212349.000000
12192   -212349.062500
12193   -212349.093750
12194   -212349.156250
12195   -212349.218750
12196   -212349.250000
12197   -212349.296875
12198   -212349.328125
12199   -212349.375000
12200   -212349.437500
12201   -212349.468750
12202   -212349.515625
12203   -212349.562500
12204   -212349.593750
12205   -212349.656250
12206   -212349.687500
12207   -212349.765625
12208   -212349.781250
12209   -212349.843750
12210   -212349.875000
12211   -212349.921875
12212   -212349.968750
12213   -212350.031250
12214   -212350.062500
12215   -212350.125000
12216   -212350.156250
12217   -212350.218750
12218   -212350.265625
12219   -212350.281250
12220   -212350.343750
12221   -212350.406250
12222   -212350.437500
12223   -212350.500000
12224   -212350.546875
12225   -212350.593750
12226   -212350.625000
12227   -212350.687500
12228   -212350.734375
12229   -212350.781250
12230   -212350.812500
12231   -212350.875000
12232   -212350.921875
12233   -212350.968750
12234   -212351.031250
12235   -212351.062500
12236   -212351.125000
12237   -212351.156250
12238   -212351.218750
12239   -212351.265625
12240   -212351.312500
12241   -212351.343750
12242   -212351.421875
12243   -212351.453125
12244   -212351.500000
12245   -212351.531250
12246   -212351.609375
12247   -212351.656250
12248   -212351.687500
12249   -212351.750000
12250   -212351.796875
12251   -212351.859375
12252   -212351.890625
12253   -212351.937500
12254   -212352.000000
12255   -212352.046875
12256   -212352.093750
12257   -212352.156250
12258   -212352.218750
12259   -212352.250000
12260   -212352.296875
12261   -212352.343750
12262   -212352.406250
12263   -212352.437500
12264   -212352.484375
12265   -212352.562500
12266   -212352.609375
12267   -212352.656250
12268   -212352.687500
12269   -212352.750000
12270   -212352.812500
12271   -212352.843750
12272   -212352.890625
12273   -212352.953125
12274   -212352.984375
12275   -212353.031250
12276   -212353.093750
12277   -212353.156250
12278   -212353.187500
12279   -212353.250000
12280   -212353.296875
12281   -212353.343750
12282   -212353.390625
12283   -212353.453125
12284   -212353.500000
12285   -212353.562500
12286   -212353.593750
12287   -212353.640625
12288   -212353.718750
12289   -212353.750000
12290   -212353.796875
12291   -212353.843750
12292   -212353.906250
12293   -212353.937500
12294   -212354.000000
12295   -212354.062500
12296   -212354.093750
12297   -212354.125000
12298   -212354.187500
12299   -212354.265625
12300   -212354.312500
12301   -212354.343750
12302   -212354.406250
12303   -212354.437500
12304   -212354.500000
12305   -212354.562500
12306   -212354.593750
12307   -212354.640625
12308   -212354.687500
12309   -212354.750000
12310   -212354.781250
12311   -212354.828125
12312   -212354.890625
12313   -212354.937500
12314   -212354.968750
12315   -212355.031250
12316   -212355.078125
12317   -212355.125000
12318   -212355.156250
12319   -212355.218750
12320   -212355.281250
12321   -212355.312500
12322   -212355.343750
12323   -212355.406250
12324   -212355.437500
12325   -212355.531250
12326   -212355.546875
12327   -212355.593750
12328   -212355.640625
12329   -212355.687500
12330   -212355.750000
12331   -212355.781250
12332   -212355.843750
12333   -212355.859375
12334   -212355.937500
12335   -212355.968750
12336   -212356.000000
12337   -212356.062500
12338   -212356.093750
12339   -212356.140625
12340   -212356.218750
12341   -212356.218750
12342   -212356.265625
12343   -212356.328125
12344   -212356.359375
12345   -212356.406250
12346   -212356.437500
12347   -212356.515625
12348   -212356.546875
12349   -212356.593750
12350   -212356.625000
12351   -212356.671875
12352   -212356.703125
12353   -212356.750000
12354   -212356.781250
12355   -212356.843750
12356   -212356.890625
12357   -212356.906250
12358   -212356.968750
12359   -212357.000000
12360   -212357.031250
12361   -212357.093750
12362   -212357.109375
12363   -212357.171875
12364   -212357.218750
12365   -212357.250000
12366   -212357.281250
12367   -212357.343750
12368   -212357.375000
12369   -212357.421875
12370   -212357.468750
12371   -212357.500000
12372   -212357.562500
12373   -212357.562500
12374   -212357.609375
12375   -212357.656250
12376   -212357.671875
12377   -212357.750000
12378   -212357.796875
12379   -212357.781250
12380   -212357.875000
12381   -212357.906250
12382   -212357.921875
12383   -212357.968750
12384   -212358.000000
12385   -212358.031250
12386   -212358.093750
12387   -212358.109375
12388   -212358.171875
12389   -212358.187500
12390   -212358.218750
12391   -212358.265625
12392   -212358.312500
12393   -212358.343750
12394   -212358.375000
12395   -212358.421875
12396   -212358.437500
12397   -212358.500000
12398   -212358.500000
12399   -212358.546875
12400   -212358.578125
12401   -212358.625000
12402   -212358.656250
12403   -212358.687500
12404   -212358.734375
12405   -212358.781250
12406   -212358.796875
12407   -212358.812500
12408   -212358.859375
12409   -212358.875000
12410   -212358.906250
12411   -212358.953125
12412   -212358.984375
12413   -212359.000000
12414   -212359.031250
12415   -212359.078125
12416   -212359.093750
12417   -212359.125000
12418   -212359.171875
12419   -212359.203125
12420   -212359.218750
12421   -212359.250000
12422   -212359.281250
12423   -212359.312500
12424   -212359.375000
12425   -212359.390625
12426   -212359.406250
12427   -212359.453125
12428   -212359.468750
12429   -212359.500000
12430   -212359.500000
12431   -212359.531250
12432   -212359.562500
12433   -212359.609375
12434   -212359.625000
12435   -212359.656250
12436   -212359.703125
12437   -212359.718750
12438   -212359.750000
12439   -212359.781250
12440   -212359.812500
12441   -212359.859375
12442   -212359.875000
12443   -212359.906250
12444   -212359.937500
12445   -212359.953125
12446   -212359.984375
12447   -212360.031250
12448   -212360.031250
12449   -212360.093750
12450   -212360.093750
12451   -212360.156250
12452   -212360.171875
12453   -212360.203125
12454   -212360.234375
12455   -212360.250000
12456   -212360.281250
12457   -212360.328125
12458   -212360.343750
12459   -212360.359375
12460   -212360.406250
12461   -212360.437500
12462   -212360.468750
12463   -212360.500000
12464   -212360.515625
12465   -212360.531250
12466   -212360.593750
12467   -212360.625000
12468   -212360.625000
12469   -212360.671875
12470   -212360.687500
12471   -212360.734375
12472   -212360.750000
12473   -212360.796875
12474   -212360.812500
12475   -212360.843750
12476   -212360.875000
12477   -212360.906250
12478   -212360.937500
12479   -212360.968750
12480   -212360.968750
12481   -212361.046875
12482   -212361.062500
12483   -212361.078125
12484   -212361.093750
12485   -212361.140625
12486   -212361.187500
12487   -212361.203125
12488   -212361.218750
12489   -212361.250000
12490   -212361.312500
12491   -212361.343750
12492   -212361.359375
12493   -212361.375000
12494   -212361.437500
12495   -212361.437500
12496   -212361.484375
12497   -212361.500000
12498   -212361.531250
12499   -212361.593750
12500   -212361.593750
12501   -212361.640625
12502   -212361.656250
12503   -212361.687500
12504   -212361.734375
12505   -212361.765625
12506   -212361.812500
12507   -212361.812500
12508   -212361.875000
12509   -212361.906250
12510   -212361.921875
12511   -212361.937500
12512   -212362.000000
12513   -212362.015625
12514   -212362.031250
12515   -212362.093750
12516   -212362.125000
12517   -212362.125000
12518   -212362.187500
12519   -212362.203125
12520   -212362.265625
12521   -212362.281250
12522   -212362.312500
12523   -212362.375000
12524   -212362.390625
12525   -212362.421875
12526   -212362.437500
12527   -212362.484375
12528   -212362.500000
12529   -212362.562500
12530   -212362.593750
12531   -212362.593750
12532   -212362.656250
12533   -212362.687500
12534   -212362.750000
12535   -212362.750000
12536   -212362.796875
12537   -212362.812500
12538   -212362.875000
12539   -212362.890625
12540   -212362.937500
12541   -212362.968750
12542   -212363.031250
12543   -212363.031250
12544   -212363.109375
12545   -212363.093750
12546   -212363.125000
12547   -212363.187500
12548   -212363.187500
12549   -212363.250000
12550   -212363.281250
12551   -212363.312500
12552   -212363.359375
12553   -212363.406250
12554   -212363.406250
12555   -212363.437500
12556   -212363.484375
12557   -212363.500000
12558   -212363.562500
12559   -212363.593750
12560   -212363.625000
12561   -212363.687500
12562   -212363.687500
12563   -212363.750000
12564   -212363.781250
12565   -212363.812500
12566   -212363.843750
12567   -212363.906250
12568   -212363.921875
12569   -212363.968750
12570   -212364.000000
12571   -212364.031250
12572   -212364.046875
12573   -212364.125000
12574   -212364.156250
12575   -212364.187500
12576   -212364.218750
12577   -212364.265625
12578   -212364.312500
12579   -212364.343750
12580   -212364.375000
12581   -212364.406250
12582   -212364.468750
12583   -212364.500000
12584   -212364.531250
12585   -212364.593750
12586   -212364.625000
12587   -212364.656250
12588   -212364.687500
12589   -212364.718750
12590   -212364.781250
12591   -212364.812500
12592   -212364.875000
12593   -212364.906250
12594   -212364.953125
12595   -212364.984375
12596   -212365.015625
12597   -212365.062500
12598   -212365.125000
12599   -212365.171875
12600   -212365.218750
12601   -212365.250000
12602   -212365.296875
12603   -212365.328125
12604   -212365.375000
12605   -212365.437500
12606   -212365.468750
12607   -212365.515625
12608   -212365.562500
12609   -212365.593750
12610   -212365.656250
12611   -212365.718750
12612   -212365.750000
12613   -212365.781250
12614   -212365.843750
12615   -212365.875000
12616   -212365.937500
12617   -212365.968750
12618   -212366.031250
12619   -212366.078125
12620   -212366.125000
12621   -212366.171875
12622   -212366.218750
12623   -212366.265625
12624   -212366.296875
12625   -212366.375000
12626   -212366.406250
12627   -212366.437500
12628   -212366.515625
12629   -212366.562500
12630   -212366.609375
12631   -212366.687500
12632   -212366.718750
12633   -212366.781250
12634   -212366.812500
12635   -212366.843750
12636   -212366.906250
12637   -212367.000000
12638   -212367.031250
12639   -212367.093750
12640   -212367.140625
12641   -212367.203125
12642   -212367.250000
12643   -212367.296875
12644   -212367.359375
12645   -212367.390625
12646   -212367.468750
12647   -212367.531250
12648   -212367.609375
12649   -212367.609375
12650   -212367.671875
12651   -212367.750000
12652   -212367.796875
12653   -212367.843750
12654   -212367.906250
12655   -212367.968750
12656   -212368.031250
12657   -212368.093750
12658   -212368.140625
12659   -212368.187500
12660   -212368.265625
12661   -212368.312500
12662   -212368.375000
12663   -212368.453125
12664   -212368.500000
12665   -212368.562500
12666   -212368.593750
12667   -212368.687500
12668   -212368.718750
12669   -212368.781250
12670   -212368.843750
12671   -212368.921875
12672   -212368.968750
12673   -212369.078125
12674   -212369.093750
12675   -212369.156250
12676   -212369.250000
12677   -212369.281250
12678   -212369.343750
12679   -212369.406250
12680   -212369.484375
12681   -212369.531250
12682   -212369.625000
12683   -212369.687500
12684   -212369.750000
12685   -212369.828125
12686   -212369.875000
12687   -212370.000000
12688   -212370.031250
12689   -212370.093750
12690   -212370.156250
12691   -212370.218750
12692   -212370.296875
12693   -212370.375000
12694   -212370.421875
12695   -212370.484375
12696   -212370.593750
12697   -212370.656250
12698   -212370.734375
12699   -212370.796875
12700   -212370.875000
12701   -212370.921875
12702   -212371.000000
12703   -212371.062500
12704   -212371.125000
12705   -212371.218750
12706   -212371.281250
12707   -212371.375000
12708   -212371.437500
12709   -212371.531250
12710   -212371.562500
12711   -212371.656250
12712   -212371.734375
12713   -212371.812500
12714   -212371.890625
12715   -212371.968750
12716   -212372.031250
12717   -212372.125000
12718   -212372.218750
12719   -212372.265625
12720   -212372.359375
12721   -212372.437500
12722   -212372.500000
12723   -212372.593750
12724   -212372.687500
12725   -212372.718750
12726   -212372.812500
12727   -212372.906250
12728   -212372.984375
12729   -212373.062500
12730   -212373.140625
12731   -212373.234375
12732   -212373.343750
12733   -212373.406250
12734   -212373.500000
12735   -212373.578125
12736   -212373.671875
12737   -212373.750000
12738   -212373.843750
12739   -212373.906250
12740   -212374.015625
12741   -212374.078125
12742   -212374.171875
12743   -212374.281250
12744   -212374.343750
12745   -212374.453125
12746   -212374.500000
12747   -212374.625000
12748   -212374.687500
12749   -212374.781250
12750   -212374.890625
12751   -212374.968750
12752   -212375.062500
12753   -212375.171875
12754   -212375.250000
12755   -212375.328125
12756   -212375.468750
12757   -212375.546875
12758   -212375.625000
12759   -212375.750000
12760   -212375.843750
12761   -212375.875000
12762   -212375.968750
12763   -212376.093750
12764   -212376.187500
12765   -212376.281250
12766   -212376.375000
12767   -212376.468750
12768   -212376.593750
12769   -212376.687500
12770   -212376.781250
12771   -212376.875000
12772   -212376.953125
12773   -212377.062500
12774   -212377.156250
12775   -212377.250000
12776   -212377.359375
12777   -212377.437500
12778   -212377.562500
12779   -212377.671875
12780   -212377.750000
12781   -212377.890625
12782   -212378.000000
12783   -212378.062500
12784   -212378.187500
12785   -212378.281250
12786   -212378.375000
12787   -212378.500000
12788   -212378.593750
12789   -212378.703125
12790   -212378.812500
12791   -212378.906250
12792   -212379.000000
12793   -212379.093750
12794   -212379.187500
12795   -212379.312500
12796   -212379.421875
12797   -212379.531250
12798   -212379.640625
12799   -212379.734375
12800   -212379.828125
12801   -212379.937500
12802   -212380.031250
12803   -212380.187500
12804   -212380.281250
12805   -212380.390625
12806   -212380.453125
12807   -212380.562500
12808   -212380.703125
12809   -212380.781250
12810   -212380.875000
12811   -212380.984375
12812   -212381.062500
12813   -212381.156250
12814   -212381.281250
12815   -212381.406250
12816   -212381.500000
12817   -212381.609375
12818   -212381.687500
12819   -212381.812500
12820   -212381.890625
12821   -212382.000000
12822   -212382.093750
12823   -212382.203125
12824   -212382.312500
12825   -212382.406250
12826   -212382.515625
12827   -212382.625000
12828   -212382.687500
12829   -212382.781250
12830   -212382.875000
12831   -212383.015625
12832   -212383.140625
12833   -212383.203125
12834   -212383.281250
12835   -212383.406250
12836   -212383.500000
12837   -212383.593750
12838   -212383.703125
12839   -212383.812500
12840   -212383.906250
12841   -212383.968750
12842   -212384.125000
12843   -212384.187500
12844   -212384.296875
12845   -212384.375000
12846   -212384.437500
12847   -212384.593750
12848   -212384.687500
12849   -212384.781250
12850   -212384.843750
12851   -212384.984375
12852   -212385.078125
12853   -212385.156250
12854   -212385.218750
12855   -212385.359375
12856   -212385.437500
12857   -212385.531250
12858   -212385.625000
12859   -212385.750000
12860   -212385.812500
12861   -212385.890625
12862   -212386.000000
12863   -212386.093750
12864   -212386.140625
12865   -212386.250000
12866   -212386.312500
12867   -212386.453125
12868   -212386.515625
12869   -212386.625000
12870   -212386.718750
12871   -212386.796875
12872   -212386.859375
12873   -212386.953125
12874   -212387.031250
12875   -212387.171875
12876   -212387.281250
12877   -212387.343750
12878   -212387.421875
12879   -212387.531250
12880   -212387.593750
12881   -212387.687500
12882   -212387.765625
12883   -212387.812500
12884   -212387.906250
12885   -212388.000000
12886   -212388.078125
12887   -212388.156250
12888   -212388.281250
12889   -212388.328125
12890   -212388.421875
12891   -212388.531250
12892   -212388.546875
12893   -212388.687500
12894   -212388.687500
12895   -212388.812500
12896   -212388.875000
12897   -212388.984375
12898   -212389.062500
12899   -212389.140625
12900   -212389.218750
12901   -212389.312500
12902   -212389.390625
12903   -212389.468750
12904   -212389.500000
12905   -212389.625000
12906   -212389.718750
12907   -212389.765625
12908   -212389.859375
12909   -212389.921875
12910   -212390.031250
12911   -212390.062500
12912   -212390.156250
12913   -212390.234375
12914   -212390.312500
12915   -212390.406250
12916   -212390.453125
12917   -212390.531250
12918   -212390.593750
12919   -212390.687500
12920   -212390.750000
12921   -212390.828125
12922   -212390.875000
12923   -212390.968750
12924   -212391.000000
12925   -212391.125000
12926   -212391.140625
12927   -212391.281250
12928   -212391.328125
12929   -212391.421875
12930   -212391.484375
12931   -212391.531250
12932   -212391.593750
12933   -212391.750000
12934   -212391.796875
12935   -212391.843750
12936   -212391.953125
12937   -212392.015625
12938   -212392.093750
12939   -212392.125000
12940   -212392.234375
12941   -212392.281250
12942   -212392.375000
12943   -212392.406250
12944   -212392.500000
12945   -212392.625000
12946   -212392.625000
12947   -212392.718750
12948   -212392.812500
12949   -212392.843750
12950   -212392.906250
12951   -212393.000000
12952   -212393.062500
12953   -212393.125000
12954   -212393.281250
12955   -212393.281250
12956   -212393.390625
12957   -212393.437500
12958   -212393.468750
12959   -212393.593750
12960   -212393.656250
12961   -212393.750000
12962   -212393.781250
12963   -212393.812500
12964   -212393.921875
12965   -212394.015625
12966   -212394.062500
12967   -212394.125000
12968   -212394.187500
12969   -212394.234375
12970   -212394.312500
12971   -212394.359375
12972   -212394.468750
12973   -212394.531250
12974   -212394.593750
12975   -212394.640625
12976   -212394.656250
12977   -212394.734375
12978   -212394.796875
12979   -212394.875000
12980   -212394.968750
12981   -212395.062500
12982   -212395.109375
12983   -212395.125000
12984   -212395.203125
12985   -212395.265625
12986   -212395.375000
12987   -212395.437500
12988   -212395.484375
12989   -212395.546875
12990   -212395.609375
12991   -212395.703125
12992   -212395.750000
12993   -212395.812500
12994   -212395.859375
12995   -212395.968750
12996   -212396.000000
12997   -212396.093750
12998   -212396.125000
12999   -212396.250000
13000   -212396.281250
13001   -212396.390625
13002   -212396.421875
13003   -212396.484375
13004   -212396.625000
13005   -212396.656250
13006   -212396.703125
13007   -212396.781250
13008   -212396.843750
13009   -212396.937500
13010   -212396.984375
13011   -212397.093750
13012   -212397.187500
13013   -212397.234375
13014   -212397.343750
13015   -212397.406250
13016   -212397.437500
13017   -212397.500000
13018   -212397.593750
13019   -212397.656250
13020   -212397.781250
13021   -212397.843750
13022   -212397.921875
13023   -212398.046875
13024   -212398.093750
13025   -212398.171875
13026   -212398.250000
13027   -212398.343750
13028   -212398.390625
13029   -212398.468750
13030   -212398.531250
13031   -212398.625000
13032   -212398.734375
13033   -212398.781250
13034   -212398.875000
13035   -212398.968750
13036   -212399.062500
13037   -212399.125000
13038   -212399.203125
13039   -212399.312500
13040   -212399.390625
13041   -212399.468750
13042   -212399.515625
13043   -212399.625000
13044   -212399.718750
13045   -212399.828125
13046   -212399.906250
13047   -212400.000000
13048   -212400.093750
13049   -212400.156250
13050   -212400.250000
13051   -212400.343750
13052   -212400.421875
13053   -212400.531250
13054   -212400.640625
13055   -212400.687500
13056   -212400.828125
13057   -212400.859375
13058   -212400.968750
13059   -212401.078125
13060   -212401.140625
13061   -212401.250000
13062   -212401.312500
13063   -212401.468750
13064   -212401.531250
13065   -212401.640625
13066   -212401.703125
13067   -212401.812500
13068   -212401.937500
13069   -212402.015625
13070   -212402.109375
13071   -212402.218750
13072   -212402.296875
13073   -212402.406250
13074   -212402.500000
13075   -212402.625000
13076   -212402.718750
13077   -212402.781250
13078   -212402.906250
13079   -212403.000000
13080   -212403.156250
13081   -212403.250000
13082   -212403.312500
13083   -212403.437500
13084   -212403.531250
13085   -212403.609375
13086   -212403.765625
13087   -212403.843750
13088   -212403.937500
13089   -212404.093750
13090   -212404.156250
13091   -212404.281250
13092   -212404.406250
13093   -212404.500000
13094   -212404.593750
13095   -212404.687500
13096   -212404.828125
13097   -212404.937500
13098   -212405.015625
13099   -212405.125000
13100   -212405.281250
13101   -212405.375000
13102   -212405.468750
13103   -212405.562500
13104   -212405.718750
13105   -212405.875000
13106   -212405.937500
13107   -212406.062500
13108   -212406.156250
13109   -212406.281250
13110   -212406.421875
13111   -212406.531250
13112   -212406.625000
13113   -212406.703125
13114   -212406.843750
13115   -212406.937500
13116   -212407.093750
13117   -212407.234375
13118   -212407.296875
13119   -212407.437500
13120   -212407.546875
13121   -212407.656250
13122   -212407.750000
13123   -212407.843750
13124   -212407.953125
13125   -212408.125000
13126   -212408.218750
13127   -212408.328125
13128   -212408.437500
13129   -212408.562500
13130   -212408.656250
13131   -212408.765625
13132   -212408.875000
13133   -212408.984375
13134   -212409.078125
13135   -212409.187500
13136   -212409.296875
13137   -212409.421875
13138   -212409.531250
13139   -212409.625000
13140   -212409.765625
13141   -212409.859375
13142   -212409.953125
13143   -212410.109375
13144   -212410.187500
13145   -212410.312500
13146   -212410.406250
13147   -212410.531250
13148   -212410.625000
13149   -212410.750000
13150   -212410.875000
13151   -212411.000000
13152   -212411.046875
13153   -212411.156250
13154   -212411.250000
13155   -212411.343750
13156   -212411.500000
13157   -212411.593750
13158   -212411.703125
13159   -212411.828125
13160   -212411.921875
13161   -212412.031250
13162   -212412.125000
13163   -212412.234375
13164   -212412.359375
13165   -212412.468750
13166   -212412.578125
13167   -212412.718750
13168   -212412.781250
13169   -212412.890625
13170   -212412.968750
13171   -212413.109375
13172   -212413.187500
13173   -212413.312500
13174   -212413.421875
13175   -212413.515625
13176   -212413.593750
13177   -212413.718750
13178   -212413.796875
13179   -212413.937500
13180   -212414.031250
13181   -212414.093750
13182   -212414.218750
13183   -212414.281250
13184   -212414.406250
13185   -212414.531250
13186   -212414.593750
13187   -212414.718750
13188   -212414.812500
13189   -212414.890625
13190   -212415.000000
13191   -212415.093750
13192   -212415.187500
13193   -212415.281250
13194   -212415.375000
13195   -212415.468750
13196   -212415.546875
13197   -212415.671875
13198   -212415.750000
13199   -212415.812500
13200   -212415.937500
13201   -212416.031250
13202   -212416.093750
13203   -212416.203125
13204   -212416.281250
13205   -212416.375000
13206   -212416.468750
13207   -212416.562500
13208   -212416.640625
13209   -212416.718750
13210   -212416.812500
13211   -212416.921875
13212   -212417.000000
13213   -212417.062500
13214   -212417.156250
13215   -212417.234375
13216   -212417.343750
13217   -212417.390625
13218   -212417.500000
13219   -212417.593750
13220   -212417.656250
13221   -212417.718750
13222   -212417.812500
13223   -212417.875000
13224   -212417.968750
13225   -212418.046875
13226   -212418.156250
13227   -212418.203125
13228   -212418.281250
13229   -212418.359375
13230   -212418.406250
13231   -212418.500000
13232   -212418.625000
13233   -212418.671875
13234   -212418.750000
13235   -212418.812500
13236   -212418.875000
13237   -212418.968750
13238   -212419.015625
13239   -212419.109375
13240   -212419.187500
13241   -212419.234375
13242   -212419.343750
13243   -212419.390625
13244   -212419.437500
13245   -212419.515625
13246   -212419.593750
13247   -212419.656250
13248   -212419.703125
13249   -212419.796875
13250   -212419.843750
13251   -212419.921875
13252   -212420.000000
13253   -212420.046875
13254   -212420.140625
13255   -212420.187500
13256   -212420.234375
13257   -212420.312500
13258   -212420.375000
13259   -212420.437500
13260   -212420.500000
13261   -212420.578125
13262   -212420.640625
13263   -212420.703125
13264   -212420.765625
13265   -212420.812500
13266   -212420.859375
13267   -212420.937500
13268   -212420.984375
13269   -212421.062500
13270   -212421.109375
13271   -212421.156250
13272   -212421.234375
13273   -212421.281250
13274   -212421.343750
13275   -212421.390625
13276   -212421.437500
13277   -212421.531250
13278   -212421.546875
13279   -212421.625000
13280   -212421.703125
13281   -212421.750000
13282   -212421.796875
13283   -212421.875000
13284   -212421.890625
13285   -212421.953125
13286   -212422.015625
13287   -212422.062500
13288   -212422.125000
13289   -212422.171875
13290   -212422.234375
13291   -212422.250000
13292   -212422.312500
13293   -212422.359375
13294   -212422.421875
13295   -212422.468750
13296   -212422.515625
13297   -212422.593750
13298   -212422.625000
13299   -212422.687500
13300   -212422.718750
13301   -212422.796875
13302   -212422.812500
13303   -212422.875000
13304   -212422.937500
13305   -212422.968750
13306   -212423.031250
13307   -212423.093750
13308   -212423.109375
13309   -212423.187500
13310   -212423.218750
13311   -212423.265625
13312   -212423.312500
13313   -212423.375000
13314   -212423.406250
13315   -212423.468750
13316   -212423.531250
13317   -212423.562500
13318   -212423.625000
13319   -212423.671875
13320   -212423.718750
13321   -212423.750000
13322   -212423.812500
13323   -212423.843750
13324   -212423.906250
13325   -212423.968750
13326   -212424.000000
13327   -212424.031250
13328   -212424.093750
13329   -212424.125000
13330   -212424.171875
13331   -212424.218750
13332   -212424.281250
13333   -212424.312500
13334   -212424.375000
13335   -212424.390625
13336   -212424.468750
13337   -212424.500000
13338   -212424.562500
13339   -212424.593750
13340   -212424.671875
13341   -212424.687500
13342   -212424.750000
13343   -212424.781250
13344   -212424.828125
13345   -212424.890625
13346   -212424.937500
13347   -212425.000000
13348   -212425.031250
13349   -212425.078125
13350   -212425.125000
13351   -212425.171875
13352   -212425.218750
13353   -212425.250000
13354   -212425.312500
13355   -212425.359375
13356   -212425.390625
13357   -212425.437500
13358   -212425.468750
13359   -212425.531250
13360   -212425.562500
13361   -212425.625000
13362   -212425.656250
13363   -212425.718750
13364   -212425.750000
13365   -212425.812500
13366   -212425.812500
13367   -212425.906250
13368   -212425.953125
13369   -212425.968750
13370   -212426.046875
13371   -212426.093750
13372   -212426.125000
13373   -212426.187500
13374   -212426.234375
13375   -212426.281250
13376   -212426.343750
13377   -212426.375000
13378   -212426.421875
13379   -212426.468750
13380   -212426.531250
13381   -212426.609375
13382   -212426.640625
13383   -212426.687500
13384   -212426.750000
13385   -212426.781250
13386   -212426.843750
13387   -212426.906250
13388   -212426.937500
13389   -212427.000000
13390   -212427.062500
13391   -212427.109375
13392   -212427.156250
13393   -212427.187500
13394   -212427.250000
13395   -212427.312500
13396   -212427.343750
13397   -212427.421875
13398   -212427.468750
13399   -212427.515625
13400   -212427.578125
13401   -212427.656250
13402   -212427.671875
13403   -212427.750000
13404   -212427.812500
13405   -212427.843750
13406   -212427.921875
13407   -212427.937500
13408   -212428.031250
13409   -212428.062500
13410   -212428.125000
13411   -212428.218750
13412   -212428.234375
13413   -212428.312500
13414   -212428.359375
13415   -212428.437500
13416   -212428.500000
13417   -212428.562500
13418   -212428.609375
13419   -212428.687500
13420   -212428.718750
13421   -212428.781250
13422   -212428.859375
13423   -212428.937500
13424   -212428.984375
13425   -212429.062500
13426   -212429.093750
13427   -212429.187500
13428   -212429.218750
13429   -212429.312500
13430   -212429.343750
13431   -212429.437500
13432   -212429.484375
13433   -212429.531250
13434   -212429.625000
13435   -212429.687500
13436   -212429.734375
13437   -212429.796875
13438   -212429.859375
13439   -212429.937500
13440   -212429.984375
13441   -212430.062500
13442   -212430.125000
13443   -212430.187500
13444   -212430.250000
13445   -212430.312500
13446   -212430.375000
13447   -212430.437500
13448   -212430.484375
13449   -212430.531250
13450   -212430.640625
13451   -212430.687500
13452   -212430.750000
13453   -212430.828125
13454   -212430.875000
13455   -212430.937500
13456   -212430.968750
13457   -212431.031250
13458   -212431.093750
13459   -212431.171875
13460   -212431.250000
13461   -212431.312500
13462   -212431.343750
13463   -212431.421875
13464   -212431.468750
13465   -212431.531250
13466   -212431.562500
13467   -212431.640625
13468   -212431.687500
13469   -212431.765625
13470   -212431.812500
13471   -212431.875000
13472   -212431.937500
13473   -212432.000000
13474   -212432.046875
13475   -212432.109375
13476   -212432.156250
13477   -212432.203125
13478   -212432.250000
13479   -212432.312500
13480   -212432.375000
13481   -212432.453125
13482   -212432.468750
13483   -212432.531250
13484   -212432.546875
13485   -212432.609375
13486   -212432.656250
13487   -212432.718750
13488   -212432.750000
13489   -212432.796875
13490   -212432.828125
13491   -212432.906250
13492   -212432.937500
13493   -212432.984375
13494   -212433.046875
13495   -212433.093750
13496   -212433.125000
13497   -212433.187500
13498   -212433.234375
13499   -212433.281250
13500   -212433.312500
13501   -212433.359375
13502   -212433.390625
13503   -212433.453125
13504   -212433.500000
13505   -212433.531250
13506   -212433.578125
13507   -212433.593750
13508   -212433.640625
13509   -212433.718750
13510   -212433.734375
13511   -212433.781250
13512   -212433.796875
13513   -212433.859375
13514   -212433.906250
13515   -212433.937500
13516   -212433.968750
13517   -212434.031250
13518   -212434.062500
13519   -212434.093750
13520   -212434.140625
13521   -212434.187500
13522   -212434.234375
13523   -212434.281250
13524   -212434.312500
13525   -212434.328125
13526   -212434.375000
13527   -212434.390625
13528   -212434.453125
13529   -212434.468750
13530   -212434.500000
13531   -212434.562500
13532   -212434.562500
13533   -212434.625000
13534   -212434.671875
13535   -212434.687500
13536   -212434.718750
13537   -212434.750000
13538   -212434.781250
13539   -212434.812500
13540   -212434.843750
13541   -212434.875000
13542   -212434.906250
13543   -212434.921875
13544   -212434.937500
13545   -212435.000000
13546   -212435.031250
13547   -212435.046875
13548   -212435.093750
13549   -212435.109375
13550   -212435.171875
13551   -212435.187500
13552   -212435.218750
13553   -212435.250000
13554   -212435.281250
13555   -212435.312500
13556   -212435.343750
13557   -212435.359375
13558   -212435.406250
13559   -212435.406250
13560   -212435.437500
13561   -212435.453125
13562   -212435.484375
13563   -212435.500000
13564   -212435.531250
13565   -212435.562500
13566   -212435.593750
13567   -212435.625000
13568   -212435.656250
13569   -212435.687500
13570   -212435.687500
13571   -212435.734375
13572   -212435.781250
13573   -212435.796875
13574   -212435.843750
13575   -212435.812500
13576   -212435.859375
13577   -212435.875000
13578   -212435.921875
13579   -212435.937500
13580   -212435.968750
13581   -212436.000000
13582   -212436.031250
13583   -212436.062500
13584   -212436.078125
13585   -212436.109375
13586   -212436.140625
13587   -212436.156250
13588   -212436.187500
13589   -212436.234375
13590   -212436.203125
13591   -212436.265625
13592   -212436.265625
13593   -212436.312500
13594   -212436.343750
13595   -212436.359375
13596   -212436.390625
13597   -212436.406250
13598   -212436.453125
13599   -212436.468750
13600   -212436.500000
13601   -212436.500000
13602   -212436.562500
13603   -212436.578125
13604   -212436.593750
13605   -212436.593750
13606   -212436.656250
13607   -212436.687500
13608   -212436.687500
13609   -212436.718750
13610   -212436.750000
13611   -212436.765625
13612   -212436.781250
13613   -212436.812500
13614   -212436.859375
13615   -212436.875000
13616   -212436.921875
13617   -212436.937500
13618   -212436.937500
13619   -212436.968750
13620   -212436.968750
13621   -212437.031250
13622   -212437.031250
13623   -212437.046875
13624   -212437.062500
13625   -212437.078125
13626   -212437.093750
13627   -212437.125000
13628   -212437.156250
13629   -212437.187500
13630   -212437.203125
13631   -212437.218750
13632   -212437.218750
13633   -212437.218750
13634   -212437.250000
13635   -212437.281250
13636   -212437.296875
13637   -212437.328125
13638   -212437.343750
13639   -212437.375000
13640   -212437.375000
13641   -212437.406250
13642   -212437.406250
13643   -212437.453125
13644   -212437.468750
13645   -212437.468750
13646   -212437.515625
13647   -212437.531250
13648   -212437.562500
13649   -212437.593750
13650   -212437.609375
13651   -212437.609375
13652   -212437.640625
13653   -212437.671875
13654   -212437.703125
13655   -212437.734375
13656   -212437.750000
13657   -212437.765625
13658   -212437.781250
13659   -212437.796875
13660   -212437.828125
13661   -212437.843750
13662   -212437.875000
13663   -212437.906250
13664   -212437.906250
13665   -212437.953125
13666   -212438.000000
13667   -212437.984375
13668   -212438.031250
13669   -212438.062500
13670   -212438.062500
13671   -212438.093750
13672   -212438.109375
13673   -212438.156250
13674   -212438.156250
13675   -212438.187500
13676   -212438.218750
13677   -212438.250000
13678   -212438.281250
13679   -212438.312500
13680   -212438.312500
13681   -212438.375000
13682   -212438.375000
13683   -212438.437500
13684   -212438.437500
13685   -212438.468750
13686   -212438.484375
13687   -212438.515625
13688   -212438.562500
13689   -212438.593750
13690   -212438.593750
13691   -212438.625000
13692   -212438.656250
13693   -212438.703125
13694   -212438.718750
13695   -212438.750000
13696   -212438.781250
13697   -212438.781250
13698   -212438.812500
13699   -212438.843750
13700   -212438.906250
13701   -212438.906250
13702   -212438.937500
13703   -212438.968750
13704   -212439.015625
13705   -212439.046875
13706   -212439.093750
13707   -212439.109375
13708   -212439.125000
13709   -212439.187500
13710   -212439.203125
13711   -212439.218750
13712   -212439.250000
13713   -212439.312500
13714   -212439.312500
13715   -212439.359375
13716   -212439.406250
13717   -212439.406250
13718   -212439.468750
13719   -212439.500000
13720   -212439.531250
13721   -212439.562500
13722   -212439.625000
13723   -212439.625000
13724   -212439.671875
13725   -212439.687500
13726   -212439.718750
13727   -212439.781250
13728   -212439.812500
13729   -212439.812500
13730   -212439.875000
13731   -212439.906250
13732   -212439.937500
13733   -212439.984375
13734   -212440.031250
13735   -212440.062500
13736   -212440.093750
13737   -212440.140625
13738   -212440.171875
13739   -212440.218750
13740   -212440.218750
13741   -212440.265625
13742   -212440.312500
13743   -212440.359375
13744   -212440.406250
13745   -212440.421875
13746   -212440.453125
13747   -212440.500000
13748   -212440.531250
13749   -212440.578125
13750   -212440.625000
13751   -212440.656250
13752   -212440.718750
13753   -212440.718750
13754   -212440.781250
13755   -212440.796875
13756   -212440.843750
13757   -212440.859375
13758   -212440.906250
13759   -212440.968750
13760   -212441.031250
13761   -212441.031250
13762   -212441.093750
13763   -212441.109375
13764   -212441.156250
13765   -212441.187500
13766   -212441.250000
13767   -212441.281250
13768   -212441.312500
13769   -212441.359375
13770   -212441.437500
13771   -212441.468750
13772   -212441.500000
13773   -212441.546875
13774   -212441.593750
13775   -212441.593750
13776   -212441.625000
13777   -212441.687500
13778   -212441.718750
13779   -212441.765625
13780   -212441.796875
13781   -212441.859375
13782   -212441.906250
13783   -212441.937500
13784   -212441.984375
13785   -212442.031250
13786   -212442.031250
13787   -212442.109375
13788   -212442.156250
13789   -212442.187500
13790   -212442.234375
13791   -212442.250000
13792   -212442.296875
13793   -212442.359375
13794   -212442.390625
13795   -212442.437500
13796   -212442.468750
13797   -212442.500000
13798   -212442.562500
13799   -212442.609375
13800   -212442.640625
13801   -212442.656250
13802   -212442.718750
13803   -212442.750000
13804   -212442.781250
13805   -212442.812500
13806   -212442.875000
13807   -212442.890625
13808   -212442.953125
13809   -212443.015625
13810   -212443.031250
13811   -212443.062500
13812   -212443.125000
13813   -212443.171875
13814   -212443.187500
13815   -212443.218750
13816   -212443.281250
13817   -212443.312500
13818   -212443.375000
13819   -212443.406250
13820   -212443.468750
13821   -212443.484375
13822   -212443.531250
13823   -212443.578125
13824   -212443.625000
13825   -212443.656250
13826   -212443.703125
13827   -212443.734375
13828   -212443.781250
13829   -212443.828125
13830   -212443.859375
13831   -212443.906250
13832   -212443.937500
13833   -212443.968750
13834   -212444.031250
13835   -212444.093750
13836   -212444.093750
13837   -212444.156250
13838   -212444.203125
13839   -212444.234375
13840   -212444.265625
13841   -212444.328125
13842   -212444.359375
13843   -212444.390625
13844   -212444.468750
13845   -212444.500000
13846   -212444.500000
13847   -212444.531250
13848   -212444.593750
13849   -212444.656250
13850   -212444.656250
13851   -212444.687500
13852   -212444.750000
13853   -212444.781250
13854   -212444.843750
13855   -212444.890625
13856   -212444.921875
13857   -212444.968750
13858   -212445.031250
13859   -212445.046875
13860   -212445.125000
13861   -212445.140625
13862   -212445.187500
13863   -212445.203125
13864   -212445.250000
13865   -212445.312500
13866   -212445.343750
13867   -212445.375000
13868   -212445.421875
13869   -212445.453125
13870   -212445.500000
13871   -212445.546875
13872   -212445.593750
13873   -212445.625000
13874   -212445.671875
13875   -212445.718750
13876   -212445.750000
13877   -212445.812500
13878   -212445.843750
13879   -212445.890625
13880   -212445.937500
13881   -212445.968750
13882   -212446.015625
13883   -212446.062500
13884   -212446.093750
13885   -212446.125000
13886   -212446.156250
13887   -212446.187500
13888   -212446.234375
13889   -212446.296875
13890   -212446.343750
13891   -212446.359375
13892   -212446.421875
13893   -212446.468750
13894   -212446.515625
13895   -212446.546875
13896   -212446.578125
13897   -212446.640625
13898   -212446.687500
13899   -212446.718750
13900   -212446.750000
13901   -212446.812500
13902   -212446.843750
13903   -212446.906250
13904   -212446.937500
13905   -212446.984375
13906   -212447.015625
13907   -212447.062500
13908   -212447.078125
13909   -212447.125000
13910   -212447.171875
13911   -212447.187500
13912   -212447.250000
13913   -212447.296875
13914   -212447.359375
13915   -212447.390625
13916   -212447.437500
13917   -212447.468750
13918   -212447.531250
13919   -212447.562500
13920   -212447.593750
13921   -212447.640625
13922   -212447.703125
13923   -212447.734375
13924   -212447.765625
13925   -212447.796875
13926   -212447.828125
13927   -212447.875000
13928   -212447.937500
13929   -212447.984375
13930   -212448.031250
13931   -212448.062500
13932   -212448.093750
13933   -212448.156250
13934   -212448.187500
13935   -212448.218750
13936   -212448.281250
13937   -212448.312500
13938   -212448.375000
13939   -212448.390625
13940   -212448.437500
13941   -212448.484375
13942   -212448.531250
13943   -212448.562500
13944   -212448.593750
13945   -212448.640625
13946   -212448.671875
13947   -212448.718750
13948   -212448.781250
13949   -212448.812500
13950   -212448.843750
13951   -212448.875000
13952   -212448.906250
13953   -212448.937500
13954   -212448.968750
13955   -212449.031250
13956   -212449.062500
13957   -212449.093750
13958   -212449.125000
13959   -212449.156250
13960   -212449.218750
13961   -212449.218750
13962   -212449.250000
13963   -212449.312500
13964   -212449.328125
13965   -212449.375000
13966   -212449.437500
13967   -212449.453125
13968   -212449.500000
13969   -212449.531250
13970   -212449.531250
13971   -212449.578125
13972   -212449.625000
13973   -212449.656250
13974   -212449.703125
13975   -212449.734375
13976   -212449.781250
13977   -212449.812500
13978   -212449.859375
13979   -212449.875000
13980   -212449.906250
13981   -212449.968750
13982   -212449.984375
13983   -212450.031250
13984   -212450.078125
13985   -212450.109375
13986   -212450.140625
13987   -212450.187500
13988   -212450.203125
13989   -212450.250000
13990   -212450.281250
13991   -212450.328125
13992   -212450.375000
13993   -212450.406250
13994   -212450.437500
13995   -212450.453125
13996   -212450.484375
13997   -212450.515625
13998   -212450.562500
13999   -212450.578125
14000   -212450.625000
14001   -212450.687500
14002   -212450.718750
14003   -212450.718750
14004   -212450.765625
14005   -212450.812500
14006   -212450.875000
14007   -212450.890625
14008   -212450.906250
14009   -212450.968750
14010   -212450.968750
14011   -212451.031250
14012   -212451.046875
14013   -212451.093750
14014   -212451.156250
14015   -212451.156250
14016   -212451.218750
14017   -212451.234375
14018   -212451.265625
14019   -212451.312500
14020   -212451.343750
14021   -212451.406250
14022   -212451.406250
14023   -212451.468750
14024   -212451.484375
14025   -212451.515625
14026   -212451.546875
14027   -212451.593750
14028   -212451.625000
14029   -212451.656250
14030   -212451.718750
14031   -212451.765625
14032   -212451.765625
14033   -212451.828125
14034   -212451.843750
14035   -212451.890625
14036   -212451.906250
14037   -212451.984375
14038   -212452.000000
14039   -212452.015625
14040   -212452.062500
14041   -212452.125000
14042   -212452.156250
14043   -212452.187500
14044   -212452.250000
14045   -212452.281250
14046   -212452.312500
14047   -212452.343750
14048   -212452.375000
14049   -212452.421875
14050   -212452.468750
14051   -212452.500000
14052   -212452.531250
14053   -212452.578125
14054   -212452.625000
14055   -212452.656250
14056   -212452.687500
14057   -212452.734375
14058   -212452.781250
14059   -212452.812500
14060   -212452.843750
14061   -212452.906250
14062   -212452.937500
14063   -212452.968750
14064   -212453.031250
14065   -212453.046875
14066   -212453.093750
14067   -212453.125000
14068   -212453.187500
14069   -212453.234375
14070   -212453.281250
14071   -212453.328125
14072   -212453.375000
14073   -212453.437500
14074   -212453.453125
14075   -212453.531250
14076   -212453.531250
14077   -212453.593750
14078   -212453.625000
14079   -212453.687500
14080   -212453.718750
14081   -212453.781250
14082   -212453.828125
14083   -212453.875000
14084   -212453.921875
14085   -212453.968750
14086   -212454.031250
14087   -212454.062500
14088   -212454.125000
14089   -212454.187500
14090   -212454.234375
14091   -212454.281250
14092   -212454.343750
14093   -212454.375000
14094   -212454.421875
14095   -212454.468750
14096   -212454.531250
14097   -212454.593750
14098   -212454.625000
14099   -212454.687500
14100   -212454.718750
14101   -212454.796875
14102   -212454.859375
14103   -212454.906250
14104   -212454.953125
14105   -212455.000000
14106   -212455.062500
14107   -212455.125000
14108   -212455.187500
14109   -212455.250000
14110   -212455.312500
14111   -212455.375000
14112   -212455.437500
14113   -212455.468750
14114   -212455.546875
14115   -212455.609375
14116   -212455.671875
14117   -212455.734375
14118   -212455.796875
14119   -212455.843750
14120   -212455.937500
14121   -212456.000000
14122   -212456.078125
14123   -212456.109375
14124   -212456.187500
14125   -212456.250000
14126   -212456.328125
14127   -212456.375000
14128   -212456.468750
14129   -212456.531250
14130   -212456.609375
14131   -212456.687500
14132   -212456.734375
14133   -212456.812500
14134   -212456.875000
14135   -212456.953125
14136   -212457.031250
14137   -212457.093750
14138   -212457.156250
14139   -212457.250000
14140   -212457.312500
14141   -212457.406250
14142   -212457.468750
14143   -212457.531250
14144   -212457.609375
14145   -212457.687500
14146   -212457.765625
14147   -212457.859375
14148   -212457.937500
14149   -212457.968750
14150   -212458.062500
14151   -212458.156250
14152   -212458.218750
14153   -212458.296875
14154   -212458.375000
14155   -212458.437500
14156   -212458.531250
14157   -212458.625000
14158   -212458.687500
14159   -212458.765625
14160   -212458.875000
14161   -212458.921875
14162   -212459.015625
14163   -212459.093750
14164   -212459.171875
14165   -212459.250000
14166   -212459.312500
14167   -212459.406250
14168   -212459.468750
14169   -212459.578125
14170   -212459.656250
14171   -212459.718750
14172   -212459.812500
14173   -212459.875000
14174   -212459.968750
14175   -212460.046875
14176   -212460.140625
14177   -212460.187500
14178   -212460.296875
14179   -212460.343750
14180   -212460.437500
14181   -212460.515625
14182   -212460.593750
14183   -212460.671875
14184   -212460.765625
14185   -212460.812500
14186   -212460.906250
14187   -212460.968750
14188   -212461.062500
14189   -212461.140625
14190   -212461.218750
14191   -212461.312500
14192   -212461.375000
14193   -212461.437500
14194   -212461.515625
14195   -212461.578125
14196   -212461.687500
14197   -212461.750000
14198   -212461.843750
14199   -212461.906250
14200   -212461.937500
14201   -212462.062500
14202   -212462.109375
14203   -212462.171875
14204   -212462.250000
14205   -212462.312500
14206   -212462.421875
14207   -212462.468750
14208   -212462.546875
14209   -212462.625000
14210   -212462.687500
14211   -212462.750000
14212   -212462.812500
14213   -212462.906250
14214   -212462.937500
14215   -212463.031250
14216   -212463.093750
14217   -212463.156250
14218   -212463.234375
14219   -212463.281250
14220   -212463.359375
14221   -212463.421875
14222   -212463.500000
14223   -212463.531250
14224   -212463.625000
14225   -212463.656250
14226   -212463.750000
14227   -212463.781250
14228   -212463.843750
14229   -212463.921875
14230   -212463.968750
14231   -212464.031250
14232   -212464.078125
14233   -212464.156250
14234   -212464.218750
14235   -212464.296875
14236   -212464.328125
14237   -212464.390625
14238   -212464.468750
14239   -212464.515625
14240   -212464.578125
14241   -212464.609375
14242   -212464.671875
14243   -212464.734375
14244   -212464.781250
14245   -212464.812500
14246   -212464.890625
14247   -212464.937500
14248   -212465.000000
14249   -212465.062500
14250   -212465.125000
14251   -212465.156250
14252   -212465.203125
14253   -212465.265625
14254   -212465.296875
14255   -212465.359375
14256   -212465.406250
14257   -212465.453125
14258   -212465.484375
14259   -212465.546875
14260   -212465.593750
14261   -212465.656250
14262   -212465.687500
14263   -212465.718750
14264   -212465.781250
14265   -212465.843750
14266   -212465.875000
14267   -212465.937500
14268   -212465.968750
14269   -212466.015625
14270   -212466.062500
14271   -212466.125000
14272   -212466.156250
14273   -212466.203125
14274   -212466.250000
14275   -212466.281250
14276   -212466.328125
14277   -212466.375000
14278   -212466.406250
14279   -212466.453125
14280   -212466.515625
14281   -212466.531250
14282   -212466.578125
14283   -212466.625000
14284   -212466.656250
14285   -212466.687500
14286   -212466.734375
14287   -212466.750000
14288   -212466.781250
14289   -212466.843750
14290   -212466.890625
14291   -212466.875000
14292   -212466.937500
14293   -212466.953125
14294   -212467.000000
14295   -212467.031250
14296   -212467.062500
14297   -212467.093750
14298   -212467.125000
14299   -212467.156250
14300   -212467.187500
14301   -212467.218750
14302   -212467.250000
14303   -212467.281250
14304   -212467.296875
14305   -212467.343750
14306   -212467.375000
14307   -212467.406250
14308   -212467.437500
14309   -212467.437500
14310   -212467.500000
14311   -212467.531250
14312   -212467.546875
14313   -212467.562500
14314   -212467.609375
14315   -212467.656250
14316   -212467.671875
14317   -212467.703125
14318   -212467.718750
14319   -212467.734375
14320   -212467.781250
14321   -212467.796875
14322   -212467.843750
14323   -212467.859375
14324   -212467.890625
14325   -212467.937500
14326   -212467.921875
14327   -212467.968750
14328   -212468.000000
14329   -212468.015625
14330   -212468.062500
14331   -212468.093750
14332   -212468.109375
14333   -212468.125000
14334   -212468.156250
14335   -212468.187500
14336   -212468.218750
14337   -212468.250000
14338   -212468.281250
14339   -212468.281250
14340   -212468.328125
14341   -212468.375000
14342   -212468.375000
14343   -212468.406250
14344   -212468.437500
14345   -212468.453125
14346   -212468.468750
14347   -212468.500000
14348   -212468.531250
14349   -212468.562500
14350   -212468.578125
14351   -212468.593750
14352   -212468.625000
14353   -212468.640625
14354   -212468.656250
14355   -212468.671875
14356   -212468.703125
14357   -212468.718750
14358   -212468.750000
14359   -212468.765625
14360   -212468.796875
14361   -212468.796875
14362   -212468.843750
14363   -212468.859375
14364   -212468.875000
14365   -212468.890625
14366   -212468.890625
14367   -212468.921875
14368   -212468.937500
14369   -212468.937500
14370   -212468.937500
14371   -212468.953125
14372   -212468.968750
14373   -212468.984375
14374   -212469.000000
14375   -212469.000000
14376   -212469.000000
14377   -212469.031250
14378   -212469.031250
14379   -212469.062500
14380   -212469.062500
14381   -212469.078125
14382   -212469.093750
14383   -212469.093750
14384   -212469.109375
14385   -212469.140625
14386   -212469.125000
14387   -212469.140625
14388   -212469.156250
14389   -212469.187500
14390   -212469.187500
14391   -212469.218750
14392   -212469.218750
14393   -212469.218750
14394   -212469.234375
14395   -212469.250000
14396   -212469.281250
14397   -212469.281250
14398   -212469.281250
14399   -212469.296875
14400   -212469.312500
14401   -212469.328125
14402   -212469.328125
14403   -212469.328125
14404   -212469.343750
14405   -212469.375000
14406   -212469.359375
14407   -212469.375000
14408   -212469.390625
14409   -212469.406250
14410   -212469.406250
14411   -212469.437500
14412   -212469.437500
14413   -212469.468750
14414   -212469.468750
14415   -212469.484375
14416   -212469.468750
14417   -212469.484375
14418   -212469.500000
14419   -212469.500000
14420   -212469.531250
14421   -212469.531250
14422   -212469.562500
14423   -212469.562500
14424   -212469.562500
14425   -212469.578125
14426   -212469.625000
14427   -212469.625000
14428   -212469.625000
14429   -212469.640625
14430   -212469.656250
14431   -212469.656250
14432   -212469.687500
14433   -212469.687500
14434   -212469.687500
14435   -212469.718750
14436   -212469.718750
14437   -212469.734375
14438   -212469.734375
14439   -212469.781250
14440   -212469.781250
14441   -212469.781250
14442   -212469.781250
14443   -212469.812500
14444   -212469.812500
14445   -212469.812500
14446   -212469.828125
14447   -212469.859375
14448   -212469.859375
14449   -212469.875000
14450   -212469.875000
14451   -212469.890625
14452   -212469.906250
14453   -212469.906250
14454   -212469.937500
14455   -212469.937500
14456   -212469.937500
14457   -212469.968750
14458   -212470.000000
14459   -212470.000000
14460   -212470.015625
14461   -212470.031250
14462   -212470.046875
14463   -212470.031250
14464   -212470.062500
14465   -212470.062500
14466   -212470.078125
14467   -212470.093750
14468   -212470.109375
14469   -212470.125000
14470   -212470.125000
14471   -212470.140625
14472   -212470.156250
14473   -212470.156250
14474   -212470.171875
14475   -212470.187500
14476   -212470.203125
14477   -212470.218750
14478   -212470.218750
14479   -212470.234375
14480   -212470.250000
14481   -212470.250000
14482   -212470.281250
14483   -212470.312500
14484   -212470.312500
14485   -212470.343750
14486   -212470.343750
14487   -212470.343750
14488   -212470.375000
14489   -212470.375000
14490   -212470.390625
14491   -212470.406250
14492   -212470.421875
14493   -212470.421875
14494   -212470.437500
14495   -212470.453125
14496   -212470.468750
14497   -212470.468750
14498   -212470.500000
14499   -212470.500000
14500   -212470.515625
14501   -212470.531250
14502   -212470.531250
14503   -212470.562500
14504   -212470.578125
14505   -212470.593750
14506   -212470.593750
14507   -212470.625000
14508   -212470.625000
14509   -212470.640625
14510   -212470.656250
14511   -212470.656250
14512   -212470.687500
14513   -212470.687500
14514   -212470.703125
14515   -212470.718750
14516   -212470.734375
14517   -212470.734375
14518   -212470.750000
14519   -212470.765625
14520   -212470.781250
14521   -212470.796875
14522   -212470.812500
14523   -212470.859375
14524   -212470.859375
14525   -212470.859375
14526   -212470.875000
14527   -212470.890625
14528   -212470.906250
14529   -212470.921875
14530   -212470.937500
14531   -212470.968750
14532   -212470.968750
14533   -212470.953125
14534   -212471.000000
14535   -212471.000000
14536   -212471.000000
14537   -212471.031250
14538   -212471.031250
14539   -212471.062500
14540   -212471.062500
14541   -212471.093750
14542   -212471.093750
14543   -212471.125000
14544   -212471.140625
14545   -212471.125000
14546   -212471.156250
14547   -212471.171875
14548   -212471.187500
14549   -212471.203125
14550   -212471.218750
14551   -212471.218750
14552   -212471.250000
14553   -212471.281250
14554   -212471.281250
14555   -212471.312500
14556   -212471.312500
14557   -212471.312500
14558   -212471.343750
14559   -212471.343750
14560   -212471.375000
14561   -212471.375000
14562   -212471.406250
14563   -212471.406250
14564   -212471.406250
14565   -212471.437500
14566   -212471.453125
14567   -212471.468750
14568   -212471.468750
14569   -212471.500000
14570   -212471.500000
14571   -212471.531250
14572   -212471.531250
14573   -212471.562500
14574   -212471.546875
14575   -212471.578125
14576   -212471.593750
14577   -212471.609375
14578   -212471.640625
14579   -212471.640625
14580   -212471.656250
14581   -212471.671875
14582   -212471.687500
14583   -212471.703125
14584   -212471.703125
14585   -212471.734375
14586   -212471.750000
14587   -212471.750000
14588   -212471.781250
14589   -212471.796875
14590   -212471.796875
14591   -212471.812500
14592   -212471.828125
14593   -212471.843750
14594   -212471.875000
14595   -212471.875000
14596   -212471.890625
14597   -212471.921875
14598   -212471.921875
14599   -212471.937500
14600   -212471.937500
14601   -212471.984375
14602   -212471.968750
14603   -212472.000000
14604   -212472.000000
14605   -212472.031250
14606   -212472.031250
14607   -212472.046875
14608   -212472.062500
14609   -212472.093750
14610   -212472.093750
14611   -212472.125000
14612   -212472.125000
14613   -212472.156250
14614   -212472.156250
14615   -212472.156250
14616   -212472.187500
14617   -212472.218750
14618   -212472.218750
14619   -212472.234375
14620   -212472.234375
14621   -212472.265625
14622   -212472.281250
14623   -212472.281250
14624   -212472.312500
14625   -212472.312500
14626   -212472.343750
14627   -212472.359375
14628   -212472.375000
14629   -212472.375000
14630   -212472.390625
14631   -212472.406250
14632   -212472.421875
14633   -212472.437500
14634   -212472.453125
14635   -212472.468750
14636   -212472.484375
14637   -212472.468750
14638   -212472.500000
14639   -212472.515625
14640   -212472.531250
14641   -212472.562500
14642   -212472.562500
14643   -212472.578125
14644   -212472.593750
14645   -212472.609375
14646   -212472.625000
14647   -212472.640625
14648   -212472.640625
14649   -212472.656250
14650   -212472.656250
14651   -212472.687500
14652   -212472.703125
14653   -212472.687500
14654   -212472.734375
14655   -212472.750000
14656   -212472.750000
14657   -212472.781250
14658   -212472.796875
14659   -212472.812500
14660   -212472.812500
14661   -212472.828125
14662   -212472.843750
14663   -212472.875000
14664   -212472.875000
14665   -212472.890625
14666   -212472.906250
14667   -212472.906250
14668   -212472.937500
14669   -212472.921875
14670   -212472.953125
14671   -212472.968750
14672   -212472.984375
14673   -212473.000000
14674   -212473.015625
14675   -212473.031250
14676   -212473.031250
14677   -212473.046875
14678   -212473.093750
14679   -212473.078125
14680   -212473.093750
14681   -212473.093750
14682   -212473.109375
14683   -212473.125000
14684   -212473.156250
14685   -212473.140625
14686   -212473.187500
14687   -212473.156250
14688   -212473.187500
14689   -212473.234375
14690   -212473.218750
14691   -212473.265625
14692   -212473.250000
14693   -212473.250000
14694   -212473.265625
14695   -212473.296875
14696   -212473.312500
14697   -212473.312500
14698   -212473.312500
14699   -212473.343750
14700   -212473.375000
14701   -212473.390625
14702   -212473.390625
14703   -212473.406250
14704   -212473.406250
14705   -212473.421875
14706   -212473.421875
14707   -212473.453125
14708   -212473.468750
14709   -212473.468750
14710   -212473.531250
14711   -212473.515625
14712   -212473.531250
14713   -212473.546875
14714   -212473.562500
14715   -212473.562500
14716   -212473.562500
14717   -212473.578125
14718   -212473.609375
14719   -212473.625000
14720   -212473.625000
14721   -212473.640625
14722   -212473.671875
14723   -212473.671875
14724   -212473.703125
14725   -212473.703125
14726   -212473.718750
14727   -212473.734375
14728   -212473.750000
14729   -212473.750000
14730   -212473.750000
14731   -212473.781250
14732   -212473.812500
14733   -212473.812500
14734   -212473.843750
14735   -212473.843750
14736   -212473.843750
14737   -212473.875000
14738   -212473.875000
14739   -212473.890625
14740   -212473.906250
14741   -212473.953125
14742   -212473.953125
14743   -212473.968750
14744   -212473.968750
14745   -212474.000000
14746   -212474.031250
14747   -212474.000000
14748   -212474.031250
14749   -212474.062500
14750   -212474.062500
14751   -212474.093750
14752   -212474.093750
14753   -212474.093750
14754   -212474.125000
14755   -212474.140625
14756   -212474.171875
14757   -212474.156250
14758   -212474.187500
14759   -212474.203125
14760   -212474.218750
14761   -212474.218750
14762   -212474.265625
14763   -212474.250000
14764   -212474.281250
14765   -212474.312500
14766   -212474.312500
14767   -212474.328125
14768   -212474.343750
14769   -212474.343750
14770   -212474.375000
14771   -212474.375000
14772   -212474.406250
14773   -212474.406250
14774   -212474.437500
14775   -212474.437500
14776   -212474.468750
14777   -212474.500000
14778   -212474.500000
14779   -212474.515625
14780   -212474.531250
14781   -212474.531250
14782   -212474.578125
14783   -212474.562500
14784   -212474.593750
14785   -212474.625000
14786   -212474.640625
14787   -212474.671875
14788   -212474.640625
14789   -212474.703125
14790   -212474.687500
14791   -212474.703125
14792   -212474.750000
14793   -212474.750000
14794   -212474.781250
14795   -212474.796875
14796   -212474.812500
14797   -212474.812500
14798   -212474.859375
14799   -212474.859375
14800   -212474.875000
14801   -212474.906250
14802   -212474.906250
14803   -212474.921875
14804   -212474.937500
14805   -212474.968750
14806   -212475.000000
14807   -212475.000000
14808   -212475.031250
14809   -212475.046875
14810   -212475.062500
14811   -212475.109375
14812   -212475.125000
14813   -212475.125000
14814   -212475.140625
14815   -212475.140625
14816   -212475.171875
14817   -212475.203125
14818   -212475.218750
14819   -212475.250000
14820   -212475.281250
14821   -212475.265625
14822   -212475.296875
14823   -212475.312500
14824   -212475.312500
14825   -212475.343750
14826   -212475.406250
14827   -212475.406250
14828   -212475.421875
14829   -212475.421875
14830   -212475.437500
14831   -212475.468750
14832   -212475.500000
14833   -212475.515625
14834   -212475.546875
14835   -212475.578125
14836   -212475.578125
14837   -212475.625000
14838   -212475.625000
14839   -212475.671875
14840   -212475.687500
14841   -212475.718750
14842   -212475.734375
14843   -212475.718750
14844   -212475.750000
14845   -212475.781250
14846   -212475.781250
14847   -212475.843750
14848   -212475.843750
14849   -212475.859375
14850   -212475.890625
14851   -212475.906250
14852   -212475.937500
14853   -212475.968750
14854   -212475.968750
14855   -212476.015625
14856   -212476.015625
14857   -212476.062500
14858   -212476.062500
14859   -212476.078125
14860   -212476.125000
14861   -212476.125000
14862   -212476.156250
14863   -212476.187500
14864   -212476.187500
14865   -212476.234375
14866   -212476.250000
14867   -212476.281250
14868   -212476.281250
14869   -212476.312500
14870   -212476.328125
14871   -212476.343750
14872   -212476.375000
14873   -212476.421875
14874   -212476.421875
14875   -212476.437500
14876   -212476.453125
14877   -212476.484375
14878   -212476.515625
14879   -212476.546875
14880   -212476.562500
14881   -212476.593750
14882   -212476.625000
14883   -212476.640625
14884   -212476.640625
14885   -212476.687500
14886   -212476.718750
14887   -212476.703125
14888   -212476.734375
14889   -212476.781250
14890   -212476.781250
14891   -212476.796875
14892   -212476.843750
14893   -212476.875000
14894   -212476.890625
14895   -212476.937500
14896   -212476.937500
14897   -212476.984375
14898   -212476.984375
14899   -212477.000000
14900   -212477.031250
14901   -212477.031250
14902   -212477.078125
14903   -212477.078125
14904   -212477.125000
14905   -212477.125000
14906   -212477.187500
14907   -212477.187500
14908   -212477.218750
14909   -212477.234375
14910   -212477.281250
14911   -212477.281250
14912   -212477.312500
14913   -212477.328125
14914   -212477.375000
14915   -212477.375000
14916   -212477.406250
14917   -212477.437500
14918   -212477.453125
14919   -212477.500000
14920   -212477.484375
14921   -212477.515625
14922   -212477.562500
14923   -212477.562500
14924   -212477.593750
14925   -212477.625000
14926   -212477.656250
14927   -212477.656250
14928   -212477.671875
14929   -212477.718750
14930   -212477.718750
14931   -212477.765625
14932   -212477.781250
14933   -212477.812500
14934   -212477.828125
14935   -212477.843750
14936   -212477.906250
14937   -212477.906250
14938   -212477.906250
14939   -212477.937500
14940   -212477.968750
14941   -212478.031250
14942   -212478.031250
14943   -212478.046875
14944   -212478.062500
14945   -212478.093750
14946   -212478.125000
14947   -212478.156250
14948   -212478.156250
14949   -212478.187500
14950   -212478.187500
14951   -212478.265625
14952   -212478.281250
14953   -212478.281250
14954   -212478.312500
14955   -212478.328125
14956   -212478.343750
14957   -212478.375000
14958   -212478.390625
14959   -212478.453125
14960   -212478.453125
14961   -212478.500000
14962   -212478.500000
14963   -212478.531250
14964   -212478.531250
14965   -212478.562500
14966   -212478.593750
14967   -212478.625000
14968   -212478.625000
14969   -212478.656250
14970   -212478.687500
14971   -212478.718750
14972   -212478.734375
14973   -212478.750000
14974   -212478.781250
14975   -212478.812500
14976   -212478.843750
14977   -212478.859375
14978   -212478.875000
14979   -212478.921875
14980   -212478.921875
14981   -212478.968750
14982   -212478.968750
14983   -212479.015625
14984   -212479.046875
14985   -212479.046875
14986   -212479.062500
14987   -212479.078125
14988   -212479.109375
14989   -212479.125000
14990   -212479.171875
14991   -212479.187500
14992   -212479.218750
14993   -212479.203125
14994   -212479.250000
14995   -212479.281250
14996   -212479.281250
14997   -212479.312500
14998   -212479.343750
14999   -212479.375000
15000   -212479.406250
15001   -212479.406250
15002   -212479.421875
15003   -212479.437500
15004   -212479.468750
15005   -212479.515625
15006   -212479.515625
15007   -212479.546875
15008   -212479.593750
15009   -212479.593750
15010   -212479.609375
15011   -212479.640625
15012   -212479.671875
15013   -212479.687500
15014   -212479.718750
15015   -212479.765625
15016   -212479.750000
15017   -212479.781250
15018   -212479.812500
15019   -212479.812500
15020   -212479.875000
15021   -212479.875000
15022   -212479.875000
15023   -212479.906250
15024   -212479.937500
15025   -212479.968750
15026   -212480.015625
15027   -212480.000000
15028   -212480.031250
15029   -212480.062500
15030   -212480.093750
15031   -212480.093750
15032   -212480.109375
15033   -212480.156250
15034   -212480.156250
15035   -212480.203125
15036   -212480.187500
15037   -212480.218750
15038   -212480.250000
15039   -212480.281250
15040   -212480.281250
15041   -212480.312500
15042   -212480.343750
15043   -212480.375000
15044   -212480.390625
15045   -212480.390625
15046   -212480.453125
15047   -212480.453125
15048   -212480.500000
15049   -212480.531250
15050   -212480.546875
15051   -212480.562500
15052   -212480.593750
15053   -212480.609375
15054   -212480.593750
15055   -212480.656250
15056   -212480.656250
15057   -212480.703125
15058   -212480.750000
15059   -212480.750000
15060   -212480.765625
15061   -212480.781250
15062   -212480.796875
15063   -212480.812500
15064   -212480.843750
15065   -212480.875000
15066   -212480.875000
15067   -212480.906250
15068   -212480.937500
15069   -212480.953125
15070   -212481.000000
15071   -212480.984375
15072   -212481.031250
15073   -212481.062500
15074   -212481.062500
15075   -212481.093750
15076   -212481.109375
15077   -212481.125000
15078   -212481.156250
15079   -212481.187500
15080   -212481.203125
15081   -212481.250000
15082   -212481.250000
15083   -212481.265625
15084   -212481.312500
15085   -212481.312500
15086   -212481.343750
15087   -212481.343750
15088   -212481.375000
15089   -212481.406250
15090   -212481.421875
15091   -212481.468750
15092   -212481.468750
15093   -212481.531250
15094   -212481.531250
15095   -212481.562500
15096   -212481.578125
15097   -212481.593750
15098   -212481.625000
15099   -212481.656250
15100   -212481.656250
15101   -212481.718750
15102   -212481.734375
15103   -212481.734375
15104   -212481.765625
15105   -212481.812500
15106   -212481.812500
15107   -212481.843750
15108   -212481.875000
15109   -212481.890625
15110   -212481.906250
15111   -212481.953125
15112   -212481.968750
15113   -212481.984375
15114   -212482.015625
15115   -212482.031250
15116   -212482.093750
15117   -212482.109375
15118   -212482.125000
15119   -212482.156250
15120   -212482.187500
15121   -212482.218750
15122   -212482.234375
15123   -212482.281250
15124   -212482.296875
15125   -212482.312500
15126   -212482.359375
15127   -212482.375000
15128   -212482.375000
15129   -212482.421875
15130   -212482.453125
15131   -212482.484375
15132   -212482.515625
15133   -212482.531250
15134   -212482.562500
15135   -212482.593750
15136   -212482.625000
15137   -212482.656250
15138   -212482.687500
15139   -212482.703125
15140   -212482.750000
15141   -212482.765625
15142   -212482.796875
15143   -212482.843750
15144   -212482.875000
15145   -212482.906250
15146   -212482.937500
15147   -212482.968750
15148   -212482.984375
15149   -212483.015625
15150   -212483.062500
15151   -212483.093750
15152   -212483.125000
15153   -212483.156250
15154   -212483.187500
15155   -212483.218750
15156   -212483.250000
15157   -212483.281250
15158   -212483.328125
15159   -212483.359375
15160   -212483.406250
15161   -212483.406250
15162   -212483.453125
15163   -212483.500000
15164   -212483.500000
15165   -212483.546875
15166   -212483.593750
15167   -212483.609375
15168   -212483.656250
15169   -212483.687500
15170   -212483.750000
15171   -212483.781250
15172   -212483.812500
15173   -212483.828125
15174   -212483.890625
15175   -212483.906250
15176   -212483.937500
15177   -212483.984375
15178   -212484.031250
15179   -212484.062500
15180   -212484.109375
15181   -212484.156250
15182   -212484.187500
15183   -212484.218750
15184   -212484.250000
15185   -212484.312500
15186   -212484.343750
15187   -212484.375000
15188   -212484.421875
15189   -212484.468750
15190   -212484.500000
15191   -212484.578125
15192   -212484.593750
15193   -212484.625000
15194   -212484.656250
15195   -212484.718750
15196   -212484.781250
15197   -212484.812500
15198   -212484.843750
15199   -212484.890625
15200   -212484.953125
15201   -212485.000000
15202   -212485.031250
15203   -212485.093750
15204   -212485.125000
15205   -212485.187500
15206   -212485.218750
15207   -212485.281250
15208   -212485.343750
15209   -212485.390625
15210   -212485.453125
15211   -212485.468750
15212   -212485.546875
15213   -212485.593750
15214   -212485.656250
15215   -212485.703125
15216   -212485.734375
15217   -212485.812500
15218   -212485.875000
15219   -212485.906250
15220   -212485.984375
15221   -212486.046875
15222   -212486.093750
15223   -212486.140625
15224   -212486.218750
15225   -212486.281250
15226   -212486.328125
15227   -212486.406250
15228   -212486.421875
15229   -212486.500000
15230   -212486.562500
15231   -212486.625000
15232   -212486.671875
15233   -212486.734375
15234   -212486.843750
15235   -212486.906250
15236   -212486.937500
15237   -212487.015625
15238   -212487.093750
15239   -212487.140625
15240   -212487.218750
15241   -212487.281250
15242   -212487.343750
15243   -212487.437500
15244   -212487.500000
15245   -212487.562500
15246   -212487.640625
15247   -212487.687500
15248   -212487.750000
15249   -212487.859375
15250   -212487.906250
15251   -212487.984375
15252   -212488.062500
15253   -212488.156250
15254   -212488.218750
15255   -212488.296875
15256   -212488.375000
15257   -212488.468750
15258   -212488.531250
15259   -212488.609375
15260   -212488.718750
15261   -212488.781250
15262   -212488.843750
15263   -212488.937500
15264   -212489.031250
15265   -212489.093750
15266   -212489.187500
15267   -212489.250000
15268   -212489.343750
15269   -212489.421875
15270   -212489.531250
15271   -212489.593750
15272   -212489.687500
15273   -212489.781250
15274   -212489.875000
15275   -212489.937500
15276   -212490.046875
15277   -212490.109375
15278   -212490.203125
15279   -212490.312500
15280   -212490.375000
15281   -212490.500000
15282   -212490.562500
15283   -212490.703125
15284   -212490.765625
15285   -212490.843750
15286   -212490.921875
15287   -212491.046875
15288   -212491.125000
15289   -212491.250000
15290   -212491.328125
15291   -212491.421875
15292   -212491.500000
15293   -212491.593750
15294   -212491.687500
15295   -212491.765625
15296   -212491.906250
15297   -212491.984375
15298   -212492.093750
15299   -212492.156250
15300   -212492.296875
15301   -212492.390625
15302   -212492.468750
15303   -212492.578125
15304   -212492.656250
15305   -212492.765625
15306   -212492.875000
15307   -212492.968750
15308   -212493.062500
15309   -212493.140625
15310   -212493.250000
15311   -212493.343750
15312   -212493.468750
15313   -212493.578125
15314   -212493.625000
15315   -212493.750000
15316   -212493.875000
15317   -212493.968750
15318   -212494.031250
15319   -212494.156250
15320   -212494.250000
15321   -212494.390625
15322   -212494.437500
15323   -212494.562500
15324   -212494.625000
15325   -212494.765625
15326   -212494.859375
15327   -212494.953125
15328   -212495.078125
15329   -212495.156250
15330   -212495.250000
15331   -212495.343750
15332   -212495.421875
15333   -212495.562500
15334   -212495.640625
15335   -212495.718750
15336   -212495.843750
15337   -212495.937500
15338   -212496.031250
15339   -212496.140625
15340   -212496.234375
15341   -212496.328125
15342   -212496.437500
15343   -212496.531250
15344   -212496.625000
15345   -212496.734375
15346   -212496.781250
15347   -212496.906250
15348   -212497.031250
15349   -212497.078125
15350   -212497.156250
15351   -212497.250000
15352   -212497.343750
15353   -212497.453125
15354   -212497.515625
15355   -212497.625000
15356   -212497.703125
15357   -212497.750000
15358   -212497.875000
15359   -212497.984375
15360   -212498.062500
15361   -212498.187500
15362   -212498.296875
15363   -212498.312500
15364   -212498.406250
15365   -212498.531250
15366   -212498.593750
15367   -212498.734375
15368   -212498.718750
15369   -212498.796875
15370   -212498.937500
15371   -212499.015625
15372   -212499.062500
15373   -212499.171875
15374   -212499.250000
15375   -212499.281250
15376   -212499.406250
15377   -212499.484375
15378   -212499.562500
15379   -212499.656250
15380   -212499.703125
15381   -212499.812500
15382   -212499.859375
15383   -212499.937500
15384   -212500.031250
15385   -212500.078125
15386   -212500.171875
15387   -212500.218750
15388   -212500.359375
15389   -212500.390625
15390   -212500.500000
15391   -212500.515625
15392   -212500.593750
15393   -212500.656250
15394   -212500.703125
15395   -212500.812500
15396   -212500.843750
15397   -212500.906250
15398   -212501.000000
15399   -212501.062500
15400   -212501.140625
15401   -212501.140625
15402   -212501.218750
15403   -212501.250000
15404   -212501.359375
15405   -212501.437500
15406   -212501.468750
15407   -212501.515625
15408   -212501.593750
15409   -212501.578125
15410   -212501.671875
15411   -212501.703125
15412   -212501.781250
15413   -212501.859375
15414   -212501.921875
15415   -212501.968750
15416   -212502.015625
15417   -212502.031250
15418   -212502.093750
15419   -212502.203125
15420   -212502.218750
15421   -212502.250000
15422   -212502.343750
15423   -212502.375000
15424   -212502.390625
15425   -212502.437500
15426   -212502.500000
15427   -212502.546875
15428   -212502.593750
15429   -212502.640625
15430   -212502.734375
15431   -212502.750000
15432   -212502.765625
15433   -212502.796875
15434   -212502.875000
15435   -212502.906250
15436   -212502.937500
15437   -212503.000000
15438   -212503.031250
15439   -212503.046875
15440   -212503.078125
15441   -212503.156250
15442   -212503.187500
15443   -212503.250000
15444   -212503.250000
15445   -212503.281250
15446   -212503.328125
15447   -212503.375000
15448   -212503.406250
15449   -212503.437500
15450   -212503.484375
15451   -212503.515625
15452   -212503.562500
15453   -212503.562500
15454   -212503.625000
15455   -212503.656250
15456   -212503.687500
15457   -212503.718750
15458   -212503.750000
15459   -212503.812500
15460   -212503.859375
15461   -212503.859375
15462   -212503.890625
15463   -212503.921875
15464   -212503.937500
15465   -212504.000000
15466   -212504.031250
15467   -212504.046875
15468   -212504.093750
15469   -212504.093750
15470   -212504.187500
15471   -212504.156250
15472   -212504.218750
15473   -212504.250000
15474   -212504.265625
15475   -212504.328125
15476   -212504.343750
15477   -212504.390625
15478   -212504.421875
15479   -212504.484375
15480   -212504.484375
15481   -212504.500000
15482   -212504.531250
15483   -212504.562500
15484   -212504.593750
15485   -212504.625000
15486   -212504.625000
15487   -212504.687500
15488   -212504.734375
15489   -212504.781250
15490   -212504.781250
15491   -212504.812500
15492   -212504.843750
15493   -212504.890625
15494   -212504.906250
15495   -212504.906250
15496   -212504.953125
15497   -212504.968750
15498   -212505.000000
15499   -212505.031250
15500   -212505.046875
15501   -212505.046875
15502   -212505.046875
15503   -212505.156250
15504   -212505.156250
15505   -212505.187500
15506   -212505.218750
15507   -212505.281250
15508   -212505.312500
15509   -212505.312500
15510   -212505.343750
15511   -212505.375000
15512   -212505.421875
15513   -212505.437500
15514   -212505.406250
15515   -212505.453125
15516   -212505.468750
15517   -212505.500000
15518   -212505.484375
15519   -212505.531250
15520   -212505.531250
15521   -212505.593750
15522   -212505.656250
15523   -212505.625000
15524   -212505.703125
15525   -212505.734375
15526   -212505.765625
15527   -212505.750000
15528   -212505.781250
15529   -212505.812500
15530   -212505.781250
15531   -212505.781250
15532   -212505.890625
15533   -212505.937500
15534   -212505.921875
15535   -212505.937500
15536   -212505.937500
15537   -212506.000000
15538   -212506.015625
15539   -212506.062500
15540   -212506.062500
15541   -212506.093750
15542   -212506.125000
15543   -212506.156250
15544   -212506.125000
15545   -212506.187500
15546   -212506.218750
15547   -212506.218750
15548   -212506.218750
15549   -212506.250000
15550   -212506.312500
15551   -212506.343750
15552   -212506.312500
15553   -212506.375000
15554   -212506.375000
15555   -212506.406250
15556   -212506.375000
15557   -212506.453125
15558   -212506.484375
15559   -212506.484375
15560   -212506.500000
15561   -212506.515625
15562   -212506.562500
15563   -212506.593750
15564   -212506.546875
15565   -212506.609375
15566   -212506.656250
15567   -212506.671875
15568   -212506.656250
15569   -212506.703125
15570   -212506.734375
15571   -212506.734375
15572   -212506.781250
15573   -212506.796875
15574   -212506.781250
15575   -212506.781250
15576   -212506.796875
15577   -212506.828125
15578   -212506.828125
15579   -212506.828125
15580   -212506.906250
15581   -212506.921875
15582   -212506.906250
15583   -212506.921875
15584   -212506.984375
15585   -212506.937500
15586   -212506.968750
15587   -212507.015625
15588   -212507.031250
15589   -212506.984375
15590   -212507.031250
15591   -212507.062500
15592   -212507.031250
15593   -212507.078125
15594   -212507.109375
15595   -212507.109375
15596   -212507.156250
15597   -212507.140625
15598   -212507.203125
15599   -212507.156250
15600   -212507.218750
15601   -212507.218750
15602   -212507.250000
15603   -212507.250000
15604   -212507.250000
15605   -212507.265625
15606   -212507.250000
15607   -212507.281250
15608   -212507.328125
15609   -212507.312500
15610   -212507.328125
15611   -212507.406250
15612   -212507.328125
15613   -212507.359375
15614   -212507.375000
15615   -212507.406250
15616   -212507.437500
15617   -212507.421875
15618   -212507.484375
15619   -212507.453125
15620   -212507.437500
15621   -212507.500000
15622   -212507.468750
15623   -212507.500000
15624   -212507.562500
15625   -212507.531250
15626   -212507.562500
15627   -212507.593750
15628   -212507.562500
15629   -212507.593750
15630   -212507.625000
15631   -212507.609375
15632   -212507.640625
15633   -212507.671875
15634   -212507.625000
15635   -212507.687500
15636   -212507.703125
15637   -212507.656250
15638   -212507.687500
15639   -212507.703125
15640   -212507.734375
15641   -212507.734375
15642   -212507.734375
15643   -212507.734375
15644   -212507.796875
15645   -212507.781250
15646   -212507.781250
15647   -212507.812500
15648   -212507.843750
15649   -212507.812500
15650   -212507.859375
15651   -212507.843750
15652   -212507.843750
15653   -212507.875000
15654   -212507.875000
15655   -212507.906250
15656   -212507.859375
15657   -212507.875000
15658   -212507.937500
15659   -212507.906250
15660   -212507.937500
15661   -212507.984375
15662   -212507.968750
15663   -212507.968750
15664   -212507.984375
15665   -212508.000000
15666   -212508.015625
15667   -212508.031250
15668   -212508.031250
15669   -212508.062500
15670   -212508.031250
15671   -212508.062500
15672   -212508.031250
15673   -212508.062500
15674   -212508.078125
15675   -212508.062500
15676   -212508.062500
15677   -212508.093750
15678   -212508.125000
15679   -212508.140625
15680   -212508.125000
15681   -212508.125000
15682   -212508.156250
15683   -212508.156250
15684   -212508.156250
15685   -212508.125000
15686   -212508.171875
15687   -212508.156250
15688   -212508.156250
15689   -212508.218750
15690   -212508.187500
15691   -212508.234375
15692   -212508.203125
15693   -212508.218750
15694   -212508.265625
15695   -212508.234375
15696   -212508.265625
15697   -212508.250000
15698   -212508.312500
15699   -212508.265625
15700   -212508.312500
15701   -212508.281250
15702   -212508.281250
15703   -212508.281250
15704   -212508.296875
15705   -212508.281250
15706   -212508.312500
15707   -212508.312500
15708   -212508.359375
15709   -212508.359375
15710   -212508.343750
15711   -212508.359375
15712   -212508.359375
15713   -212508.359375
15714   -212508.390625
15715   -212508.343750
15716   -212508.390625
15717   -212508.453125
15718   -212508.406250
15719   -212508.406250
15720   -212508.406250
15721   -212508.453125
15722   -212508.390625
15723   -212508.437500
15724   -212508.437500
15725   -212508.468750
15726   -212508.437500
15727   -212508.468750
15728   -212508.468750
15729   -212508.500000
15730   -212508.531250
15731   -212508.500000
15732   -212508.500000
15733   -212508.500000
15734   -212508.531250
15735   -212508.531250
15736   -212508.562500
15737   -212508.531250
15738   -212508.562500
15739   -212508.546875
15740   -212508.531250
15741   -212508.531250
15742   -212508.562500
15743   -212508.562500
15744   -212508.593750
15745   -212508.578125
15746   -212508.593750
15747   -212508.593750
15748   -212508.625000
15749   -212508.609375
15750   -212508.625000
15751   -212508.625000
15752   -212508.656250
15753   -212508.640625
15754   -212508.671875
15755   -212508.656250
15756   -212508.656250
15757   -212508.640625
15758   -212508.656250
15759   -212508.656250
15760   -212508.671875
15761   -212508.671875
15762   -212508.687500
15763   -212508.703125
15764   -212508.687500
15765   -212508.718750
15766   -212508.703125
15767   -212508.718750
15768   -212508.718750
15769   -212508.734375
15770   -212508.718750
15771   -212508.781250
15772   -212508.781250
15773   -212508.750000
15774   -212508.781250
15775   -212508.750000
15776   -212508.765625
15777   -212508.781250
15778   -212508.796875
15779   -212508.781250
15780   -212508.812500
15781   -212508.796875
15782   -212508.781250
15783   -212508.812500
15784   -212508.812500
15785   -212508.828125
15786   -212508.812500
15787   -212508.828125
15788   -212508.828125
15789   -212508.812500
15790   -212508.843750
15791   -212508.812500
15792   -212508.859375
15793   -212508.843750
15794   -212508.828125
15795   -212508.875000
15796   -212508.828125
15797   -212508.843750
15798   -212508.843750
15799   -212508.812500
15800   -212508.859375
15801   -212508.843750
15802   -212508.875000
15803   -212508.875000
15804   -212508.843750
15805   -212508.875000
15806   -212508.875000
15807   -212508.859375
15808   -212508.875000
15809   -212508.875000
15810   -212508.890625
15811   -212508.890625
15812   -212508.875000
15813   -212508.906250
15814   -212508.890625
15815   -212508.906250
15816   -212508.921875
15817   -212508.906250
15818   -212508.875000
15819   -212508.906250
15820   -212508.890625
15821   -212508.890625
15822   -212508.906250
15823   -212508.906250
15824   -212508.906250
15825   -212508.937500
15826   -212508.906250
15827   -212508.906250
15828   -212508.937500
15829   -212508.937500
15830   -212508.937500
15831   -212508.953125
15832   -212508.937500
15833   -212508.937500
15834   -212508.968750
15835   -212508.968750
15836   -212508.937500
15837   -212508.984375
15838   -212508.984375
15839   -212508.968750
15840   -212508.937500
15841   -212508.968750
15842   -212508.953125
15843   -212508.937500
15844   -212508.984375
15845   -212508.968750
15846   -212508.968750
15847   -212508.953125
15848   -212509.000000
15849   -212508.984375
15850   -212508.968750
15851   -212509.000000
15852   -212509.000000
15853   -212509.000000
15854   -212509.000000
15855   -212509.031250
15856   -212509.015625
15857   -212509.015625
15858   -212509.000000
15859   -212509.031250
15860   -212509.031250
15861   -212509.031250
15862   -212509.031250
15863   -212509.062500
15864   -212509.031250
15865   -212509.015625
15866   -212509.015625
15867   -212509.015625
15868   -212509.062500
15869   -212509.031250
15870   -212509.031250
15871   -212509.031250
15872   -212509.062500
15873   -212509.062500
15874   -212509.062500
15875   -212509.062500
15876   -212509.062500
15877   -212509.093750
15878   -212509.093750
15879   -212509.093750
15880   -212509.078125
15881   -212509.078125
15882   -212509.078125
15883   -212509.125000
15884   -212509.109375
15885   -212509.109375
15886   -212509.109375
15887   -212509.093750
15888   -212509.093750
15889   -212509.156250
15890   -212509.125000
15891   -212509.125000
15892   -212509.109375
15893   -212509.125000
15894   -212509.109375
15895   -212509.140625
15896   -212509.140625
15897   -212509.156250
15898   -212509.140625
15899   -212509.156250
15900   -212509.125000
15901   -212509.125000
15902   -212509.140625
15903   -212509.171875
15904   -212509.187500
15905   -212509.171875
15906   -212509.187500
15907   -212509.171875
15908   -212509.171875
15909   -212509.187500
15910   -212509.187500
15911   -212509.187500
15912   -212509.187500
15913   -212509.218750
15914   -212509.218750
15915   -212509.218750
15916   -212509.218750
15917   -212509.218750
15918   -212509.234375
15919   -212509.250000
15920   -212509.218750
15921   -212509.218750
15922   -212509.218750
15923   -212509.218750
15924   -212509.218750
15925   -212509.218750
15926   -212509.218750
15927   -212509.234375
15928   -212509.250000
15929   -212509.250000
15930   -212509.234375
15931   -212509.234375
15932   -212509.281250
15933   -212509.312500
15934   -212509.296875
15935   -212509.296875
15936   -212509.312500
15937   -212509.328125
15938   -212509.312500
15939   -212509.328125
15940   -212509.343750
15941   -212509.343750
15942   -212509.343750
15943   -212509.343750
15944   -212509.359375
15945   -212509.312500
15946   -212509.312500
15947   -212509.343750
15948   -212509.343750
15949   -212509.343750
15950   -212509.359375
15951   -212509.359375
15952   -212509.359375
15953   -212509.375000
15954   -212509.390625
15955   -212509.406250
15956   -212509.390625
15957   -212509.406250
15958   -212509.406250
15959   -212509.421875
15960   -212509.421875
15961   -212509.421875
15962   -212509.437500
15963   -212509.437500
15964   -212509.406250
15965   -212509.406250
15966   -212509.421875
15967   -212509.437500
15968   -212509.453125
15969   -212509.468750
15970   -212509.468750
15971   -212509.484375
15972   -212509.484375
15973   -212509.453125
15974   -212509.468750
15975   -212509.484375
15976   -212509.500000
15977   -212509.500000
15978   -212509.515625
15979   -212509.531250
15980   -212509.500000
15981   -212509.515625
15982   -212509.531250
15983   -212509.546875
15984   -212509.562500
15985   -212509.562500
15986   -212509.562500
15987   -212509.562500
15988   -212509.578125
15989   -212509.578125
15990   -212509.593750
15991   -212509.609375
15992   -212509.593750
15993   -212509.593750
15994   -212509.609375
15995   -212509.656250
15996   -212509.656250
15997   -212509.625000
15998   -212509.656250
15999   -212509.656250
16000   -212509.671875
16001   -212509.687500
16002   -212509.671875
16003   -212509.687500
16004   -212509.703125
16005   -212509.734375
16006   -212509.703125
16007   -212509.703125
16008   -212509.734375
16009   -212509.750000
16010   -212509.734375
16011   -212509.765625
16012   -212509.765625
16013   -212509.734375
16014   -212509.765625
16015   -212509.796875
16016   -212509.812500
16017   -212509.781250
16018   -212509.812500
16019   -212509.843750
16020   -212509.828125
16021   -212509.843750
16022   -212509.843750
16023   -212509.875000
16024   -212509.875000
16025   -212509.875000
16026   -212509.921875
16027   -212509.875000
16028   -212509.906250
16029   -212509.937500
16030   -212509.906250
16031   -212509.937500
16032   -212509.921875
16033   -212509.937500
16034   -212509.968750
16035   -212509.953125
16036   -212509.984375
16037   -212510.015625
16038   -212510.000000
16039   -212510.015625
16040   -212510.031250
16041   -212510.031250
16042   -212510.062500
16043   -212510.046875
16044   -212510.078125
16045   -212510.093750
16046   -212510.078125
16047   -212510.125000
16048   -212510.093750
16049   -212510.156250
16050   -212510.156250
16051   -212510.187500
16052   -212510.187500
16053   -212510.187500
16054   -212510.218750
16055   -212510.218750
16056   -212510.250000
16057   -212510.250000
16058   -212510.265625
16059   -212510.250000
16060   -212510.281250
16061   -212510.281250
16062   -212510.312500
16063   -212510.328125
16064   -212510.328125
16065   -212510.375000
16066   -212510.359375
16067   -212510.390625
16068   -212510.375000
16069   -212510.421875
16070   -212510.406250
16071   -212510.437500
16072   -212510.437500
16073   -212510.421875
16074   -212510.484375
16075   -212510.468750
16076   -212510.500000
16077   -212510.500000
16078   -212510.578125
16079   -212510.562500
16080   -212510.593750
16081   -212510.593750
16082   -212510.640625
16083   -212510.625000
16084   -212510.625000
16085   -212510.656250
16086   -212510.656250
16087   -212510.687500
16088   -212510.718750
16089   -212510.703125
16090   -212510.750000
16091   -212510.734375
16092   -212510.781250
16093   -212510.781250
16094   -212510.781250
16095   -212510.812500
16096   -212510.843750
16097   -212510.875000
16098   -212510.906250
16099   -212510.906250
16100   -212510.953125
16101   -212510.937500
16102   -212510.968750
16103   -212511.000000
16104   -212510.984375
16105   -212511.000000
16106   -212511.062500
16107   -212511.062500
16108   -212511.062500
16109   -212511.093750
16110   -212511.125000
16111   -212511.140625
16112   -212511.203125
16113   -212511.187500
16114   -212511.203125
16115   -212511.250000
16116   -212511.250000
16117   -212511.250000
16118   -212511.265625
16119   -212511.312500
16120   -212511.343750
16121   -212511.312500
16122   -212511.375000
16123   -212511.406250
16124   -212511.406250
16125   -212511.421875
16126   -212511.468750
16127   -212511.484375
16128   -212511.500000
16129   -212511.531250
16130   -212511.546875
16131   -212511.562500
16132   -212511.562500
16133   -212511.593750
16134   -212511.625000
16135   -212511.640625
16136   -212511.687500
16137   -212511.687500
16138   -212511.750000
16139   -212511.750000
16140   -212511.750000
16141   -212511.781250
16142   -212511.781250
16143   -212511.843750
16144   -212511.843750
16145   -212511.843750
16146   -212511.875000
16147   -212511.875000
16148   -212511.937500
16149   -212511.968750
16150   -212511.968750
16151   -212511.968750
16152   -212511.968750
16153   -212512.031250
16154   -212512.062500
16155   -212512.062500
16156   -212512.093750
16157   -212512.109375
16158   -212512.125000
16159   -212512.125000
16160   -212512.187500
16161   -212512.171875
16162   -212512.203125
16163   -212512.218750
16164   -212512.218750
16165   -212512.250000
16166   -212512.312500
16167   -212512.343750
16168   -212512.343750
16169   -212512.328125
16170   -212512.343750
16171   -212512.375000
16172   -212512.375000
16173   -212512.453125
16174   -212512.468750
16175   -212512.468750
16176   -212512.500000
16177   -212512.500000
16178   -212512.531250
16179   -212512.515625
16180   -212512.562500
16181   -212512.609375
16182   -212512.609375
16183   -212512.640625
16184   -212512.656250
16185   -212512.656250
16186   -212512.656250
16187   -212512.687500
16188   -212512.687500
16189   -212512.750000
16190   -212512.781250
16191   -212512.781250
16192   -212512.781250
16193   -212512.781250
16194   -212512.812500
16195   -212512.812500
16196   -212512.859375
16197   -212512.875000
16198   -212512.906250
16199   -212512.937500
16200   -212512.921875
16201   -212512.937500
16202   -212512.937500
16203   -212512.968750
16204   -212512.968750
16205   -212513.000000
16206   -212513.046875
16207   -212513.031250
16208   -212513.046875
16209   -212513.062500
16210   -212513.093750
16211   -212513.109375
16212   -212513.109375
16213   -212513.125000
16214   -212513.140625
16215   -212513.156250
16216   -212513.171875
16217   -212513.187500
16218   -212513.203125
16219   -212513.218750
16220   -212513.234375
16221   -212513.218750
16222   -212513.265625
16223   -212513.281250
16224   -212513.312500
16225   -212513.312500
16226   -212513.312500
16227   -212513.312500
16228   -212513.312500
16229   -212513.375000
16230   -212513.375000
16231   -212513.390625
16232   -212513.375000
16233   -212513.375000
16234   -212513.406250
16235   -212513.437500
16236   -212513.437500
16237   -212513.453125
16238   -212513.468750
16239   -212513.468750
16240   -212513.484375
16241   -212513.531250
16242   -212513.515625
16243   -212513.546875
16244   -212513.531250
16245   -212513.531250
16246   -212513.546875
16247   -212513.593750
16248   -212513.578125
16249   -212513.593750
16250   -212513.625000
16251   -212513.593750
16252   -212513.656250
16253   -212513.656250
16254   -212513.640625
16255   -212513.640625
16256   -212513.687500
16257   -212513.703125
16258   -212513.718750
16259   -212513.687500
16260   -212513.687500
16261   -212513.687500
16262   -212513.750000
16263   -212513.765625
16264   -212513.750000
16265   -212513.750000
16266   -212513.796875
16267   -212513.781250
16268   -212513.781250
16269   -212513.812500
16270   -212513.843750
16271   -212513.828125
16272   -212513.828125
16273   -212513.812500
16274   -212513.843750
16275   -212513.890625
16276   -212513.890625
16277   -212513.875000
16278   -212513.890625
16279   -212513.906250
16280   -212513.906250
16281   -212513.906250
16282   -212513.937500
16283   -212513.921875
16284   -212513.937500
16285   -212513.937500
16286   -212513.937500
16287   -212513.968750
16288   -212513.953125
16289   -212514.000000
16290   -212513.968750
16291   -212513.968750
16292   -212514.000000
16293   -212514.015625
16294   -212514.015625
16295   -212514.046875
16296   -212514.031250
16297   -212514.015625
16298   -212514.062500
16299   -212514.062500
16300   -212514.062500
16301   -212514.078125
16302   -212514.062500
16303   -212514.093750
16304   -212514.109375
16305   -212514.109375
16306   -212514.078125
16307   -212514.093750
16308   -212514.125000
16309   -212514.140625
16310   -212514.156250
16311   -212514.171875
16312   -212514.140625
16313   -212514.156250
16314   -212514.156250
16315   -212514.203125
16316   -212514.171875
16317   -212514.187500
16318   -212514.187500
16319   -212514.203125
16320   -212514.187500
16321   -212514.203125
16322   -212514.218750
16323   -212514.234375
16324   -212514.250000
16325   -212514.234375
16326   -212514.218750
16327   -212514.234375
16328   -212514.265625
16329   -212514.281250
16330   -212514.281250
16331   -212514.281250
16332   -212514.281250
16333   -212514.281250
16334   -212514.296875
16335   -212514.312500
16336   -212514.312500
16337   -212514.296875
16338   -212514.296875
16339   -212514.312500
16340   -212514.312500
16341   -212514.328125
16342   -212514.328125
16343   -212514.328125
16344   -212514.343750
16345   -212514.343750
16346   -212514.359375
16347   -212514.359375
16348   -212514.375000
16349   -212514.375000
16350   -212514.406250
16351   -212514.390625
16352   -212514.390625
16353   -212514.390625
16354   -212514.406250
16355   -212514.390625
16356   -212514.390625
16357   -212514.406250
16358   -212514.390625
16359   -212514.406250
16360   -212514.406250
16361   -212514.390625
16362   -212514.406250
16363   -212514.406250
16364   -212514.406250
16365   -212514.406250
16366   -212514.406250
16367   -212514.406250
16368   -212514.406250
16369   -212514.421875
16370   -212514.437500
16371   -212514.437500
16372   -212514.421875
16373   -212514.421875
16374   -212514.421875
16375   -212514.406250
16376   -212514.437500
16377   -212514.406250
16378   -212514.406250
16379   -212514.421875
16380   -212514.421875
16381   -212514.406250
16382   -212514.421875
16383   -212514.406250
16384   -212514.437500
16385   -212514.437500
16386   -212514.437500
16387   -212514.421875
16388   -212514.421875
16389   -212514.437500
16390   -212514.437500
16391   -212514.421875
16392   -212514.437500
16393   -212514.437500
16394   -212514.437500
16395   -212514.437500
16396   -212514.406250
16397   -212514.421875
16398   -212514.437500
16399   -212514.437500
16400   -212514.437500
16401   -212514.437500
16402   -212514.437500
16403   -212514.468750
16404   -212514.437500
16405   -212514.421875
16406   -212514.437500
16407   -212514.421875
16408   -212514.468750
16409   -212514.437500
16410   -212514.437500
16411   -212514.437500
16412   -212514.437500
16413   -212514.453125
16414   -212514.437500
16415   -212514.468750
16416   -212514.453125
16417   -212514.437500
16418   -212514.453125
16419   -212514.453125
16420   -212514.437500
16421   -212514.437500
16422   -212514.453125
16423   -212514.453125
16424   -212514.468750
16425   -212514.468750
16426   -212514.453125
16427   -212514.453125
16428   -212514.468750
16429   -212514.453125
16430   -212514.453125
16431   -212514.468750
16432   -212514.468750
16433   -212514.468750
16434   -212514.468750
16435   -212514.468750
16436   -212514.468750
16437   -212514.437500
16438   -212514.468750
16439   -212514.468750
16440   -212514.468750
16441   -212514.468750
16442   -212514.468750
16443   -212514.468750
16444   -212514.468750
16445   -212514.468750
16446   -212514.468750
16447   -212514.468750
16448   -212514.468750
16449   -212514.468750
16450   -212514.500000
16451   -212514.468750
16452   -212514.468750
16453   -212514.484375
16454   -212514.468750
16455   -212514.500000
16456   -212514.484375
16457   -212514.468750
16458   -212514.500000
16459   -212514.500000
16460   -212514.484375
16461   -212514.500000
16462   -212514.500000
