Step            Loss
--------------------
1       -7249.146973
2       -10644.997070
3       -14040.602539
4       -17432.599609
5       -20825.947266
6       -24220.429688
7       -27616.882812
8       -31011.126953
9       -34408.070312
10      -37804.757812
11      -41197.882812
12      -44591.269531
13      -47993.421875
14      -51390.171875
15      -54793.453125
16      -58190.484375
17      -61592.558594
18      -64995.148438
19      -68400.656250
20      -71801.445312
21      -75209.476562
22      -78620.203125
23      -82029.312500
24      -85445.226562
25      -88858.367188
26      -92275.812500
27      -95694.812500
28      -99119.585938
29      -102541.500000
30      -105972.468750
31      -109398.546875
32      -112831.984375
33      -116270.101562
34      -119707.695312
35      -123153.015625
36      -126595.437500
37      -130049.664062
38      -133500.250000
39      -136962.281250
40      -140423.406250
41      -143886.062500
42      -147360.484375
43      -150832.718750
44      -154314.859375
45      -157803.218750
46      -161291.468750
47      -164779.031250
48      -168284.953125
49      -171788.000000
50      -175297.609375
51      -178813.578125
52      -182332.953125
53      -185862.406250
54      -189392.312500
55      -192933.687500
56      -196472.906250
57      -200027.062500
58      -203581.281250
59      -207148.437500
60      -210716.312500
61      -214292.859375
62      -217869.578125
63      -221462.515625
64      -225055.218750
65      -228658.250000
66      -232267.437500
67      -235880.250000
68      -239506.750000
69      -243135.093750
70      -246771.343750
71      -250414.500000
72      -254068.109375
73      -257727.781250
74      -261389.750000
75      -265059.812500
76      -268743.437500
77      -272433.562500
78      -276126.468750
79      -279830.750000
80      -283544.375000
81      -287256.093750
82      -290983.125000
83      -294716.562500
84      -298457.906250
85      -302207.312500
86      -305966.125000
87      -309723.187500
88      -313502.625000
89      -317279.187500
90      -321067.875000
91      -324868.031250
92      -328668.656250
93      -332480.562500
94      -336300.937500
95      -340125.562500
96      -343962.937500
97      -347801.500000
98      -351655.500000
99      -355510.937500
100     -359376.750000
101     -363256.500000
102     -367134.750000
103     -371022.562500
104     -374919.125000
105     -378825.250000
106     -382737.312500
107     -386659.062500
108     -390585.187500
109     -394517.531250
110     -398463.906250
111     -402411.031250
112     -406369.281250
113     -410332.781250
114     -414308.750000
115     -418287.406250
116     -422273.687500
117     -426264.312500
118     -430268.187500
119     -434279.125000
120     -438291.687500
121     -442318.312500
122     -446346.375000
123     -450381.187500
124     -454426.875000
125     -458473.843750
126     -462532.437500
127     -466599.937500
128     -470669.093750
129     -474743.062500
130     -478829.562500
131     -482915.500000
132     -487012.625000
133     -491114.031250
134     -495219.218750
135     -499336.437500
136     -503460.750000
137     -507583.125000
138     -511714.531250
139     -515849.593750
140     -519995.156250
141     -524140.812500
142     -528294.500000
143     -532457.812500
144     -536619.750000
145     -540789.125000
146     -544964.375000
147     -549142.625000
148     -553324.750000
149     -557516.500000
150     -561712.000000
151     -565908.125000
152     -570110.187500
153     -574323.000000
154     -578529.750000
155     -582747.750000
156     -586966.625000
157     -591189.000000
158     -595414.375000
159     -599645.625000
160     -603881.687500
161     -608119.062500
162     -612357.375000
163     -616605.750000
164     -620853.375000
165     -625096.750000
166     -629354.500000
167     -633608.562500
168     -637870.125000
169     -642129.250000
170     -646392.312500
171     -650654.750000
172     -654924.500000
173     -659187.687500
174     -663466.687500
175     -667734.875000
176     -672005.750000
177     -676282.750000
178     -680556.937500
179     -684836.625000
180     -689116.625000
181     -693398.375000
182     -697676.812500
183     -701960.625000
184     -706236.375000
185     -710522.000000
186     -714808.500000
187     -719092.500000
188     -723374.750000
189     -727657.125000
190     -731938.312500
191     -736220.937500
192     -740505.250000
193     -744788.250000
194     -749071.812500
195     -753348.875000
196     -757626.750000
197     -761904.625000
198     -766179.812500
199     -770458.375000
200     -774728.375000
201     -779008.375000
202     -783282.625000
203     -787547.375000
204     -791815.250000
205     -796083.625000
206     -800348.750000
207     -804604.562500
208     -808860.500000
209     -813116.750000
210     -817372.125000
211     -821621.562500
212     -825867.125000
213     -830109.000000
214     -834347.500000
215     -838585.062500
216     -842816.500000
217     -847048.937500
218     -851277.250000
219     -855499.750000
220     -859717.625000
221     -863930.812500
222     -868140.375000
223     -872346.750000
224     -876547.000000
225     -880745.625000
226     -884937.125000
227     -889122.312500
228     -893303.687500
229     -897488.062500
230     -901658.875000
231     -905829.125000
232     -909987.812500
233     -914142.187500
234     -918292.125000
235     -922445.937500
236     -926587.625000
237     -930715.750000
238     -934842.250000
239     -938969.750000
240     -943085.625000
241     -947188.750000
242     -951291.875000
243     -955391.375000
244     -959478.125000
245     -963563.062500
246     -967634.812500
247     -971704.062500
248     -975770.875000
249     -979825.125000
250     -983870.875000
251     -987915.875000
252     -991950.250000
253     -995980.062500
254     -999998.375000
255     -1004008.250000
256     -1008014.875000
257     -1012009.125000
258     -1016001.375000
259     -1019982.500000
260     -1023954.125000
261     -1027916.375000
262     -1031875.875000
263     -1035821.500000
264     -1039768.750000
265     -1043700.375000
266     -1047615.375000
267     -1051527.750000
268     -1055440.000000
269     -1059336.000000
270     -1063220.000000
271     -1067103.500000
272     -1070969.500000
273     -1074832.000000
274     -1078684.750000
275     -1082525.000000
276     -1086357.750000
277     -1090182.625000
278     -1094000.500000
279     -1097801.125000
280     -1101594.750000
281     -1105381.000000
282     -1109153.750000
283     -1112923.500000
284     -1116672.875000
285     -1120418.125000
286     -1124162.000000
287     -1127884.375000
288     -1131601.250000
289     -1135307.500000
290     -1138996.000000
291     -1142679.750000
292     -1146357.500000
293     -1150023.500000
294     -1153675.500000
295     -1157315.875000
296     -1160950.500000
297     -1164576.375000
298     -1168187.375000
299     -1171788.250000
300     -1175376.000000
301     -1178957.625000
302     -1182523.125000
303     -1186080.000000
304     -1189628.750000
305     -1193162.875000
306     -1196688.500000
307     -1200202.625000
308     -1203706.375000
309     -1207194.750000
310     -1210676.625000
311     -1214146.500000
312     -1217605.750000
313     -1221047.250000
314     -1224483.500000
315     -1227903.000000
316     -1231316.000000
317     -1234714.750000
318     -1238104.250000
319     -1241478.500000
320     -1244847.000000
321     -1248202.875000
322     -1251542.000000
323     -1254867.250000
324     -1258179.375000
325     -1261490.125000
326     -1264783.000000
327     -1268057.000000
328     -1271323.375000
329     -1274589.375000
330     -1277831.625000
331     -1281065.750000
332     -1284286.750000
333     -1287492.750000
334     -1290687.500000
335     -1293877.375000
336     -1297045.500000
337     -1300208.000000
338     -1303353.000000
339     -1306486.750000
340     -1309615.500000
341     -1312728.750000
342     -1315821.000000
343     -1318910.750000
344     -1321974.500000
345     -1325035.375000
346     -1328084.375000
347     -1331115.000000
348     -1334141.625000
349     -1337152.250000
350     -1340148.500000
351     -1343133.625000
352     -1346098.750000
353     -1349067.500000
354     -1352010.500000
355     -1354948.250000
356     -1357873.000000
357     -1360778.000000
358     -1363676.500000
359     -1366555.500000
360     -1369425.250000
361     -1372291.000000
362     -1375134.125000
363     -1377964.750000
364     -1380787.250000
365     -1383597.125000
366     -1386388.250000
367     -1389171.750000
368     -1391942.500000
369     -1394694.750000
370     -1397442.750000
371     -1400177.000000
372     -1402896.250000
373     -1405601.125000
374     -1408303.500000
375     -1410985.125000
376     -1413656.625000
377     -1416307.250000
378     -1418953.875000
379     -1421590.875000
380     -1424208.000000
381     -1426811.125000
382     -1429406.500000
383     -1431989.000000
384     -1434562.250000
385     -1437115.375000
386     -1439660.000000
387     -1442196.750000
388     -1444718.000000
389     -1447220.500000
390     -1449713.250000
391     -1452195.750000
392     -1454665.750000
393     -1457123.500000
394     -1459563.375000
395     -1461997.250000
396     -1464413.125000
397     -1466821.250000
398     -1469210.750000
399     -1471583.500000
400     -1473948.500000
401     -1476304.500000
402     -1478649.250000
403     -1480973.375000
404     -1483281.375000
405     -1485585.750000
406     -1487877.000000
407     -1490152.000000
408     -1492413.500000
409     -1494665.250000
410     -1496904.375000
411     -1499130.625000
412     -1501348.500000
413     -1503540.250000
414     -1505731.125000
415     -1507902.750000
416     -1510067.875000
417     -1512216.000000
418     -1514355.375000
419     -1516482.625000
420     -1518595.625000
421     -1520705.500000
422     -1522793.500000
423     -1524873.500000
424     -1526935.000000
425     -1528988.125000
426     -1531032.250000
427     -1533060.875000
428     -1535081.500000
429     -1537073.750000
430     -1539064.250000
431     -1541051.125000
432     -1543019.625000
433     -1544976.000000
434     -1546917.625000
435     -1548852.750000
436     -1550767.500000
437     -1552682.500000
438     -1554577.875000
439     -1556459.250000
440     -1558332.500000
441     -1560193.375000
442     -1562048.125000
443     -1563874.125000
444     -1565702.625000
445     -1567520.375000
446     -1569321.500000
447     -1571112.750000
448     -1572888.375000
449     -1574646.375000
450     -1576410.500000
451     -1578151.750000
452     -1579880.125000
453     -1581599.000000
454     -1583297.750000
455     -1585001.750000
456     -1586685.000000
457     -1588358.250000
458     -1590021.500000
459     -1591669.375000
460     -1593309.000000
461     -1594948.250000
462     -1596572.375000
463     -1598178.125000
464     -1599773.625000
465     -1601359.375000
466     -1602942.250000
467     -1604508.750000
468     -1606066.750000
469     -1607614.750000
470     -1609154.500000
471     -1610676.375000
472     -1612195.375000
473     -1613698.000000
474     -1615188.625000
475     -1616672.000000
476     -1618145.250000
477     -1619603.750000
478     -1621058.000000
479     -1622494.625000
480     -1623922.875000
481     -1625348.125000
482     -1626756.125000
483     -1628159.500000
484     -1629548.500000
485     -1630932.375000
486     -1632301.750000
487     -1633660.250000
488     -1635007.750000
489     -1636345.750000
490     -1637676.250000
491     -1638996.625000
492     -1640308.000000
493     -1641609.750000
494     -1642903.000000
495     -1644187.750000
496     -1645463.250000
497     -1646726.250000
498     -1647977.375000
499     -1649223.500000
500     -1650462.000000
501     -1651689.250000
502     -1652905.625000
503     -1654114.750000
504     -1655315.875000
505     -1656506.000000
506     -1657684.125000
507     -1658849.500000
508     -1660018.875000
509     -1661176.125000
510     -1662317.250000
511     -1663456.750000
512     -1664579.250000
513     -1665701.750000
514     -1666812.500000
515     -1667909.500000
516     -1668998.625000
517     -1670078.250000
518     -1671155.875000
519     -1672223.750000
520     -1673271.000000
521     -1674321.250000
522     -1675356.875000
523     -1676390.500000
524     -1677409.875000
525     -1678422.000000
526     -1679427.875000
527     -1680423.625000
528     -1681414.000000
529     -1682394.500000
530     -1683362.500000
531     -1684329.250000
532     -1685289.500000
533     -1686234.500000
534     -1687176.750000
535     -1688113.250000
536     -1689040.250000
537     -1689957.250000
538     -1690873.125000
539     -1691777.000000
540     -1692674.625000
541     -1693561.000000
542     -1694445.500000
543     -1695314.500000
544     -1696175.500000
545     -1697033.750000
546     -1697880.500000
547     -1698722.750000
548     -1699561.875000
549     -1700384.250000
550     -1701204.250000
551     -1702016.500000
552     -1702823.250000
553     -1703622.000000
554     -1704412.625000
555     -1705196.500000
556     -1705975.750000
557     -1706750.000000
558     -1707514.750000
559     -1708275.625000
560     -1709022.625000
561     -1709769.250000
562     -1710510.500000
563     -1711245.125000
564     -1711976.250000
565     -1712693.875000
566     -1713407.000000
567     -1714118.500000
568     -1714819.750000
569     -1715514.750000
570     -1716206.500000
571     -1716891.750000
572     -1717569.750000
573     -1718234.750000
574     -1718906.000000
575     -1719563.500000
576     -1720213.625000
577     -1720863.500000
578     -1721502.625000
579     -1722139.000000
580     -1722765.000000
581     -1723389.250000
582     -1724007.250000
583     -1724619.000000
584     -1725223.500000
585     -1725830.250000
586     -1726420.750000
587     -1727008.750000
588     -1727591.750000
589     -1728171.000000
590     -1728740.625000
591     -1729306.375000
592     -1729866.375000
593     -1730426.750000
594     -1730977.250000
595     -1731519.750000
596     -1732064.500000
597     -1732601.000000
598     -1733131.500000
599     -1733660.250000
600     -1734180.625000
601     -1734699.000000
602     -1735215.500000
603     -1735724.500000
604     -1736230.000000
605     -1736730.750000
606     -1737226.250000
607     -1737719.500000
608     -1738202.875000
609     -1738688.125000
610     -1739159.625000
611     -1739638.375000
612     -1740103.000000
613     -1740569.500000
614     -1741029.750000
615     -1741487.375000
616     -1741935.875000
617     -1742385.500000
618     -1742829.750000
619     -1743268.250000
620     -1743702.750000
621     -1744131.750000
622     -1744562.125000
623     -1744981.750000
624     -1745400.750000
625     -1745816.500000
626     -1746229.375000
627     -1746634.750000
628     -1747039.625000
629     -1747439.125000
630     -1747834.750000
631     -1748230.750000
632     -1748620.250000
633     -1749009.500000
634     -1749390.250000
635     -1749770.500000
636     -1750147.250000
637     -1750522.500000
638     -1750889.625000
639     -1751254.125000
640     -1751618.875000
641     -1751978.750000
642     -1752335.500000
643     -1752689.875000
644     -1753041.250000
645     -1753384.500000
646     -1753731.250000
647     -1754071.250000
648     -1754412.625000
649     -1754747.250000
650     -1755078.500000
651     -1755408.500000
652     -1755734.750000
653     -1756061.000000
654     -1756379.250000
655     -1756697.500000
656     -1757011.750000
657     -1757325.875000
658     -1757634.875000
659     -1757941.875000
660     -1758245.000000
661     -1758543.500000
662     -1758842.500000
663     -1759137.625000
664     -1759428.625000
665     -1759717.500000
666     -1760008.375000
667     -1760289.750000
668     -1760573.625000
669     -1760854.000000
670     -1761129.500000
671     -1761406.000000
672     -1761677.750000
673     -1761948.250000
674     -1762217.125000
675     -1762484.750000
676     -1762746.000000
677     -1763006.250000
678     -1763266.250000
679     -1763520.000000
680     -1763773.500000
681     -1764025.000000
682     -1764271.500000
683     -1764520.750000
684     -1764763.000000
685     -1765008.000000
686     -1765248.750000
687     -1765487.625000
688     -1765725.500000
689     -1765959.875000
690     -1766193.500000
691     -1766421.750000
692     -1766651.250000
693     -1766877.000000
694     -1767101.000000
695     -1767324.875000
696     -1767544.500000
697     -1767765.250000
698     -1767982.000000
699     -1768197.750000
700     -1768412.375000
701     -1768625.750000
702     -1768835.750000
703     -1769044.750000
704     -1769254.250000
705     -1769460.500000
706     -1769664.375000
707     -1769869.625000
708     -1770070.625000
709     -1770270.250000
710     -1770470.250000
711     -1770666.375000
712     -1770862.000000
713     -1771056.750000
714     -1771249.250000
715     -1771440.750000
716     -1771630.000000
717     -1771818.500000
718     -1772004.625000
719     -1772189.750000
720     -1772372.375000
721     -1772555.250000
722     -1772736.750000
723     -1772913.875000
724     -1773094.125000
725     -1773267.750000
726     -1773443.625000
727     -1773619.500000
728     -1773791.000000
729     -1773963.875000
730     -1774134.125000
731     -1774303.375000
732     -1774472.250000
733     -1774639.125000
734     -1774805.625000
735     -1774971.250000
736     -1775135.000000
737     -1775298.500000
738     -1775459.000000
739     -1775620.000000
740     -1775778.750000
741     -1775938.500000
742     -1776094.750000
743     -1776249.500000
744     -1776403.500000
745     -1776559.000000
746     -1776710.000000
747     -1776862.000000
748     -1777013.500000
749     -1777160.875000
750     -1777309.000000
751     -1777456.125000
752     -1777602.625000
753     -1777748.250000
754     -1777892.750000
755     -1778038.250000
756     -1778180.000000
757     -1778322.625000
758     -1778463.000000
759     -1778602.750000
760     -1778742.500000
761     -1778881.250000
762     -1779019.250000
763     -1779156.000000
764     -1779292.000000
765     -1779426.750000
766     -1779560.625000
767     -1779693.625000
768     -1779825.750000
769     -1779957.000000
770     -1780086.125000
771     -1780216.625000
772     -1780346.750000
773     -1780475.625000
774     -1780602.250000
775     -1780729.375000
776     -1780854.250000
777     -1780979.750000
778     -1781103.750000
779     -1781227.000000
780     -1781350.250000
781     -1781471.000000
782     -1781592.500000
783     -1781712.500000
784     -1781831.500000
785     -1781950.500000
786     -1782069.000000
787     -1782187.500000
788     -1782303.375000
789     -1782420.750000
790     -1782535.625000
791     -1782650.000000
792     -1782765.000000
793     -1782876.625000
794     -1782990.500000
795     -1783102.000000
796     -1783214.750000
797     -1783322.750000
798     -1783432.625000
799     -1783541.750000
800     -1783651.750000
801     -1783758.750000
802     -1783867.250000
803     -1783973.000000
804     -1784080.000000
805     -1784185.250000
806     -1784290.500000
807     -1784395.500000
808     -1784498.750000
809     -1784602.750000
810     -1784705.250000
811     -1784808.000000
812     -1784909.500000
813     -1785011.125000
814     -1785112.000000
815     -1785213.000000
816     -1785312.000000
817     -1785411.000000
818     -1785510.125000
819     -1785608.750000
820     -1785705.625000
821     -1785803.250000
822     -1785900.625000
823     -1785996.875000
824     -1786092.250000
825     -1786186.875000
826     -1786282.000000
827     -1786375.125000
828     -1786470.250000
829     -1786563.000000
830     -1786655.250000
831     -1786747.000000
832     -1786839.000000
833     -1786931.000000
834     -1787021.875000
835     -1787111.000000
836     -1787201.250000
837     -1787290.000000
838     -1787378.750000
839     -1787467.000000
840     -1787555.500000
841     -1787641.125000
842     -1787728.875000
843     -1787815.000000
844     -1787901.125000
845     -1787986.000000
846     -1788071.625000
847     -1788157.000000
848     -1788241.000000
849     -1788324.500000
850     -1788408.000000
851     -1788491.500000
852     -1788573.750000
853     -1788656.625000
854     -1788738.750000
855     -1788820.750000
856     -1788901.250000
857     -1788982.250000
858     -1789062.625000
859     -1789142.250000
860     -1789222.625000
861     -1789302.250000
862     -1789381.375000
863     -1789458.875000
864     -1789536.750000
865     -1789614.375000
866     -1789691.875000
867     -1789769.500000
868     -1789844.625000
869     -1789921.000000
870     -1789997.000000
871     -1790072.750000
872     -1790147.250000
873     -1790222.000000
874     -1790296.250000
875     -1790370.250000
876     -1790444.125000
877     -1790516.500000
878     -1790590.000000
879     -1790661.750000
880     -1790734.375000
881     -1790805.750000
882     -1790876.750000
883     -1790949.000000
884     -1791018.750000
885     -1791089.375000
886     -1791158.625000
887     -1791230.000000
888     -1791299.750000
889     -1791369.625000
890     -1791439.125000
891     -1791507.250000
892     -1791576.250000
893     -1791644.375000
894     -1791712.375000
895     -1791780.500000
896     -1791846.500000
897     -1791914.500000
898     -1791981.250000
899     -1792047.375000
900     -1792113.000000
901     -1792179.250000
902     -1792245.750000
903     -1792310.000000
904     -1792375.500000
905     -1792440.250000
906     -1792505.125000
907     -1792569.000000
908     -1792632.750000
909     -1792696.125000
910     -1792759.750000
911     -1792823.875000
912     -1792885.250000
913     -1792949.750000
914     -1793012.250000
915     -1793074.750000
916     -1793136.875000
917     -1793198.250000
918     -1793259.750000
919     -1793321.000000
920     -1793382.750000
921     -1793443.000000
922     -1793503.875000
923     -1793564.625000
924     -1793624.000000
925     -1793684.750000
926     -1793743.250000
927     -1793803.500000
928     -1793861.625000
929     -1793920.625000
930     -1793979.625000
931     -1794037.500000
932     -1794096.375000
933     -1794153.500000
934     -1794212.375000
935     -1794269.250000
936     -1794326.750000
937     -1794384.000000
938     -1794439.500000
939     -1794496.500000
940     -1794554.000000
941     -1794609.750000
942     -1794666.000000
943     -1794721.500000
944     -1794778.375000
945     -1794832.750000
946     -1794887.625000
947     -1794943.000000
948     -1794998.000000
949     -1795052.000000
950     -1795107.500000
951     -1795161.500000
952     -1795215.125000
953     -1795269.375000
954     -1795322.875000
955     -1795376.750000
956     -1795430.000000
957     -1795482.750000
958     -1795535.750000
959     -1795588.500000
960     -1795640.750000
961     -1795693.250000
962     -1795745.875000
963     -1795797.625000
964     -1795849.750000
965     -1795900.500000
966     -1795951.250000
967     -1796002.875000
968     -1796053.625000
969     -1796104.250000
970     -1796154.000000
971     -1796204.375000
972     -1796255.375000
973     -1796305.250000
974     -1796354.500000
975     -1796404.625000
976     -1796454.250000
977     -1796503.500000
978     -1796553.000000
979     -1796602.250000
980     -1796651.750000
981     -1796701.000000
982     -1796749.125000
983     -1796798.250000
984     -1796846.250000
985     -1796894.750000
986     -1796942.625000
987     -1796990.500000
988     -1797038.250000
989     -1797084.750000
990     -1797133.250000
991     -1797179.500000
992     -1797226.750000
993     -1797273.750000
994     -1797321.000000
995     -1797367.125000
996     -1797413.500000
997     -1797458.750000
998     -1797505.750000
999     -1797551.375000
1000    -1797597.125000
1001    -1797643.375000
1002    -1797689.250000
1003    -1797734.500000
1004    -1797780.375000
1005    -1797825.625000
1006    -1797869.750000
1007    -1797915.125000
1008    -1797959.750000
1009    -1798004.250000
1010    -1798049.250000
1011    -1798093.250000
1012    -1798137.000000
1013    -1798182.500000
1014    -1798225.000000
1015    -1798270.000000
1016    -1798313.250000
1017    -1798356.500000
1018    -1798400.250000
1019    -1798442.625000
1020    -1798485.500000
1021    -1798528.250000
1022    -1798572.000000
1023    -1798613.750000
1024    -1798655.875000
1025    -1798698.750000
1026    -1798741.500000
1027    -1798782.625000
1028    -1798825.250000
1029    -1798866.750000
1030    -1798908.125000
1031    -1798950.500000
1032    -1798992.000000
1033    -1799032.500000
1034    -1799075.125000
1035    -1799114.375000
1036    -1799155.500000
1037    -1799197.000000
1038    -1799237.125000
1039    -1799279.000000
1040    -1799318.625000
1041    -1799359.250000
1042    -1799400.000000
1043    -1799439.500000
1044    -1799479.250000
1045    -1799520.625000
1046    -1799559.750000
1047    -1799599.625000
1048    -1799639.500000
1049    -1799679.000000
1050    -1799718.250000
1051    -1799758.375000
1052    -1799797.750000
1053    -1799836.875000
1054    -1799876.250000
1055    -1799914.500000
1056    -1799953.000000
1057    -1799991.625000
1058    -1800030.625000
1059    -1800068.125000
1060    -1800106.000000
1061    -1800144.125000
1062    -1800181.875000
1063    -1800220.750000
1064    -1800257.500000
1065    -1800295.875000
1066    -1800332.750000
1067    -1800370.625000
1068    -1800408.500000
1069    -1800444.000000
1070    -1800481.500000
1071    -1800518.750000
1072    -1800556.000000
1073    -1800592.500000
1074    -1800628.875000
1075    -1800665.125000
1076    -1800701.750000
1077    -1800737.500000
1078    -1800773.750000
1079    -1800809.875000
1080    -1800845.750000
1081    -1800880.750000
1082    -1800918.000000
1083    -1800953.000000
1084    -1800989.500000
1085    -1801025.250000
1086    -1801060.375000
1087    -1801096.750000
1088    -1801131.375000
1089    -1801167.250000
1090    -1801201.750000
1091    -1801237.250000
1092    -1801272.750000
1093    -1801307.250000
1094    -1801341.500000
1095    -1801376.750000
1096    -1801411.875000
1097    -1801446.750000
1098    -1801481.125000
1099    -1801515.375000
1100    -1801550.250000
1101    -1801583.500000
1102    -1801618.250000
1103    -1801652.375000
1104    -1801686.250000
1105    -1801720.875000
1106    -1801754.250000
1107    -1801788.375000
1108    -1801822.000000
1109    -1801856.500000
1110    -1801889.500000
1111    -1801923.750000
1112    -1801957.250000
1113    -1801990.500000
1114    -1802024.375000
1115    -1802058.000000
1116    -1802091.125000
1117    -1802125.000000
1118    -1802157.875000
1119    -1802190.125000
1120    -1802223.500000
1121    -1802256.000000
1122    -1802288.750000
1123    -1802322.125000
1124    -1802354.500000
1125    -1802387.250000
1126    -1802420.250000
1127    -1802452.750000
1128    -1802485.250000
1129    -1802517.250000
1130    -1802549.250000
1131    -1802581.875000
1132    -1802614.500000
1133    -1802645.875000
1134    -1802678.750000
1135    -1802710.000000
1136    -1802742.625000
1137    -1802774.500000
1138    -1802806.250000
1139    -1802838.000000
1140    -1802869.875000
1141    -1802901.000000
1142    -1802932.500000
1143    -1802963.500000
1144    -1802995.375000
1145    -1803027.375000
1146    -1803058.500000
1147    -1803090.000000
1148    -1803121.250000
1149    -1803152.125000
1150    -1803182.250000
1151    -1803213.750000
1152    -1803244.500000
1153    -1803275.500000
1154    -1803306.125000
1155    -1803337.125000
1156    -1803367.750000
1157    -1803398.375000
1158    -1803428.250000
1159    -1803459.625000
1160    -1803490.625000
1161    -1803520.500000
1162    -1803550.750000
1163    -1803580.500000
1164    -1803611.000000
1165    -1803641.125000
1166    -1803671.000000
1167    -1803699.750000
1168    -1803729.750000
1169    -1803759.375000
1170    -1803788.750000
1171    -1803818.750000
1172    -1803848.000000
1173    -1803877.125000
1174    -1803906.125000
1175    -1803935.500000
1176    -1803965.250000
1177    -1803994.500000
1178    -1804023.000000
1179    -1804052.250000
1180    -1804081.000000
1181    -1804108.750000
1182    -1804138.375000
1183    -1804166.750000
1184    -1804195.000000
1185    -1804224.250000
1186    -1804252.625000
1187    -1804281.000000
1188    -1804308.625000
1189    -1804338.250000
1190    -1804365.750000
1191    -1804394.375000
1192    -1804422.625000
1193    -1804451.500000
1194    -1804478.625000
1195    -1804507.000000
1196    -1804535.500000
1197    -1804563.625000
1198    -1804590.375000
1199    -1804619.500000
1200    -1804646.625000
1201    -1804674.875000
1202    -1804702.375000
1203    -1804729.000000
1204    -1804756.750000
1205    -1804784.250000
1206    -1804811.250000
1207    -1804838.500000
1208    -1804865.750000
1209    -1804893.000000
1210    -1804920.125000
1211    -1804947.250000
1212    -1804973.875000
1213    -1805000.750000
1214    -1805027.500000
1215    -1805055.375000
1216    -1805082.000000
1217    -1805109.000000
1218    -1805136.000000
1219    -1805162.500000
1220    -1805188.875000
1221    -1805215.250000
1222    -1805242.000000
1223    -1805268.375000
1224    -1805294.875000
1225    -1805321.750000
1226    -1805348.250000
1227    -1805374.250000
1228    -1805400.500000
1229    -1805426.500000
1230    -1805452.625000
1231    -1805478.500000
1232    -1805504.625000
1233    -1805530.750000
1234    -1805556.500000
1235    -1805582.750000
1236    -1805608.125000
1237    -1805634.000000
1238    -1805659.750000
1239    -1805685.125000
1240    -1805711.000000
1241    -1805736.000000
1242    -1805762.000000
1243    -1805787.500000
1244    -1805813.250000
1245    -1805838.500000
1246    -1805863.500000
1247    -1805888.250000
1248    -1805913.750000
1249    -1805939.000000
1250    -1805964.000000
1251    -1805988.500000
1252    -1806013.625000
1253    -1806038.625000
1254    -1806064.000000
1255    -1806088.000000
1256    -1806113.125000
1257    -1806138.000000
1258    -1806162.875000
1259    -1806187.375000
1260    -1806212.250000
1261    -1806236.500000
1262    -1806260.750000
1263    -1806285.500000
1264    -1806310.125000
1265    -1806333.750000
1266    -1806357.500000
1267    -1806382.000000
1268    -1806406.500000
1269    -1806430.250000
1270    -1806455.000000
1271    -1806478.750000
1272    -1806502.750000
1273    -1806527.000000
1274    -1806551.000000
1275    -1806575.000000
1276    -1806598.250000
1277    -1806622.000000
1278    -1806646.250000
1279    -1806669.250000
1280    -1806693.250000
1281    -1806716.750000
1282    -1806739.750000
1283    -1806763.250000
1284    -1806786.875000
1285    -1806809.875000
1286    -1806833.000000
1287    -1806855.875000
1288    -1806880.250000
1289    -1806903.000000
1290    -1806925.500000
1291    -1806949.000000
1292    -1806971.250000
1293    -1806994.750000
1294    -1807017.250000
1295    -1807040.250000
1296    -1807063.000000
1297    -1807086.250000
1298    -1807108.750000
1299    -1807131.000000
1300    -1807153.875000
1301    -1807176.000000
1302    -1807199.000000
1303    -1807220.750000
1304    -1807243.125000
1305    -1807265.750000
1306    -1807287.750000
1307    -1807310.250000
1308    -1807332.250000
1309    -1807354.750000
1310    -1807376.625000
1311    -1807398.500000
1312    -1807420.625000
1313    -1807442.625000
1314    -1807464.000000
1315    -1807485.625000
1316    -1807507.500000
1317    -1807529.500000
1318    -1807551.250000
1319    -1807572.625000
1320    -1807594.500000
1321    -1807616.000000
1322    -1807637.250000
1323    -1807658.750000
1324    -1807680.125000
1325    -1807701.500000
1326    -1807722.875000
1327    -1807744.000000
1328    -1807765.500000
1329    -1807786.625000
1330    -1807807.500000
1331    -1807828.375000
1332    -1807849.500000
1333    -1807870.750000
1334    -1807891.250000
1335    -1807912.000000
1336    -1807933.500000
1337    -1807954.250000
1338    -1807974.250000
1339    -1807994.875000
1340    -1808016.000000
1341    -1808035.500000
1342    -1808056.125000
1343    -1808077.000000
1344    -1808097.500000
1345    -1808117.750000
1346    -1808138.250000
1347    -1808158.250000
1348    -1808179.000000
1349    -1808199.625000
1350    -1808219.625000
1351    -1808239.375000
1352    -1808258.750000
1353    -1808279.750000
1354    -1808299.250000
1355    -1808319.000000
1356    -1808339.500000
1357    -1808359.875000
1358    -1808379.250000
1359    -1808398.875000
1360    -1808419.500000
1361    -1808438.500000
1362    -1808458.500000
1363    -1808478.375000
1364    -1808497.500000
1365    -1808518.000000
1366    -1808537.250000
1367    -1808556.750000
1368    -1808576.500000
1369    -1808595.875000
1370    -1808615.250000
1371    -1808635.250000
1372    -1808654.375000
1373    -1808673.250000
1374    -1808693.250000
1375    -1808712.375000
1376    -1808731.500000
1377    -1808751.000000
1378    -1808769.750000
1379    -1808789.500000
1380    -1808808.750000
1381    -1808828.000000
1382    -1808846.500000
1383    -1808865.250000
1384    -1808883.750000
1385    -1808903.000000
1386    -1808922.250000
1387    -1808940.875000
1388    -1808959.125000
1389    -1808978.625000
1390    -1808997.125000
1391    -1809015.750000
1392    -1809034.000000
1393    -1809053.000000
1394    -1809071.625000
1395    -1809090.250000
1396    -1809109.500000
1397    -1809127.750000
1398    -1809146.250000
1399    -1809164.875000
1400    -1809183.000000
1401    -1809201.500000
1402    -1809220.000000
1403    -1809238.375000
1404    -1809257.000000
1405    -1809275.750000
1406    -1809294.000000
1407    -1809312.125000
1408    -1809330.000000
1409    -1809348.750000
1410    -1809366.750000
1411    -1809384.750000
1412    -1809403.500000
1413    -1809421.500000
1414    -1809439.500000
1415    -1809456.625000
1416    -1809475.000000
1417    -1809493.000000
1418    -1809510.875000
1419    -1809528.625000
1420    -1809546.750000
1421    -1809565.000000
1422    -1809582.625000
1423    -1809600.750000
1424    -1809618.375000
1425    -1809636.375000
1426    -1809654.375000
1427    -1809671.750000
1428    -1809689.500000
1429    -1809707.500000
1430    -1809725.500000
1431    -1809743.125000
1432    -1809761.000000
1433    -1809778.500000
1434    -1809796.250000
1435    -1809813.750000
1436    -1809831.375000
1437    -1809849.250000
1438    -1809866.875000
1439    -1809884.250000
1440    -1809902.250000
1441    -1809919.500000
1442    -1809937.375000
1443    -1809954.250000
1444    -1809972.250000
1445    -1809990.000000
1446    -1810007.750000
1447    -1810024.875000
1448    -1810042.375000
1449    -1810060.000000
1450    -1810077.250000
1451    -1810094.625000
1452    -1810111.750000
1453    -1810129.750000
1454    -1810146.750000
1455    -1810163.750000
1456    -1810181.250000
1457    -1810198.375000
1458    -1810216.000000
1459    -1810233.125000
1460    -1810250.375000
1461    -1810268.000000
1462    -1810284.750000
1463    -1810300.750000
1464    -1810318.750000
1465    -1810335.750000
1466    -1810352.875000
1467    -1810370.250000
1468    -1810386.375000
1469    -1810403.125000
1470    -1810420.500000
1471    -1810437.000000
1472    -1810454.500000
1473    -1810471.375000
1474    -1810487.500000
1475    -1810504.750000
1476    -1810521.500000
1477    -1810537.750000
1478    -1810554.750000
1479    -1810571.000000
1480    -1810588.250000
1481    -1810605.000000
1482    -1810621.500000
1483    -1810638.000000
1484    -1810654.750000
1485    -1810671.250000
1486    -1810688.000000
1487    -1810704.500000
1488    -1810721.250000
1489    -1810738.250000
1490    -1810754.500000
1491    -1810770.625000
1492    -1810787.000000
1493    -1810803.875000
1494    -1810820.125000
1495    -1810836.375000
1496    -1810853.250000
1497    -1810869.500000
1498    -1810886.250000
1499    -1810902.625000
1500    -1810918.750000
1501    -1810935.250000
1502    -1810951.375000
1503    -1810967.750000
1504    -1810984.375000
1505    -1811000.250000
1506    -1811016.500000
1507    -1811032.625000
1508    -1811049.000000
1509    -1811065.500000
1510    -1811082.000000
1511    -1811097.125000
1512    -1811113.625000
1513    -1811129.875000
1514    -1811146.000000
1515    -1811162.250000
1516    -1811178.500000
1517    -1811194.375000
1518    -1811210.500000
1519    -1811226.500000
1520    -1811243.000000
1521    -1811258.750000
1522    -1811274.500000
1523    -1811290.750000
1524    -1811306.750000
1525    -1811323.000000
1526    -1811339.000000
1527    -1811355.000000
1528    -1811371.000000
1529    -1811386.625000
1530    -1811402.875000
1531    -1811418.750000
1532    -1811434.750000
1533    -1811451.375000
1534    -1811466.625000
1535    -1811482.500000
1536    -1811498.250000
1537    -1811514.125000
1538    -1811530.000000
1539    -1811545.875000
1540    -1811561.000000
1541    -1811577.000000
1542    -1811592.750000
1543    -1811608.500000
1544    -1811624.500000
1545    -1811639.750000
1546    -1811655.500000
1547    -1811671.000000
1548    -1811686.250000
1549    -1811702.000000
1550    -1811717.375000
1551    -1811733.375000
1552    -1811748.750000
1553    -1811764.500000
1554    -1811779.625000
1555    -1811794.500000
1556    -1811810.750000
1557    -1811826.250000
1558    -1811841.625000
1559    -1811856.750000
1560    -1811872.750000
1561    -1811887.625000
1562    -1811902.500000
1563    -1811918.500000
1564    -1811933.875000
1565    -1811949.500000
1566    -1811964.500000
1567    -1811980.375000
1568    -1811995.000000
1569    -1812010.750000
1570    -1812025.250000
1571    -1812040.750000
1572    -1812056.500000
1573    -1812071.750000
1574    -1812087.000000
1575    -1812101.750000
1576    -1812116.875000
1577    -1812132.375000
1578    -1812147.625000
1579    -1812163.125000
1580    -1812178.125000
1581    -1812193.500000
1582    -1812208.375000
1583    -1812223.250000
1584    -1812238.750000
1585    -1812253.500000
1586    -1812268.750000
1587    -1812283.500000
1588    -1812298.000000
1589    -1812314.000000
1590    -1812328.750000
1591    -1812343.750000
1592    -1812358.375000
1593    -1812373.000000
1594    -1812388.125000
1595    -1812403.375000
1596    -1812418.250000
1597    -1812433.000000
1598    -1812447.750000
1599    -1812462.875000
1600    -1812478.000000
1601    -1812492.750000
1602    -1812507.875000
1603    -1812521.500000
1604    -1812536.500000
1605    -1812551.750000
1606    -1812566.250000
1607    -1812581.500000
1608    -1812595.500000
1609    -1812610.250000
1610    -1812625.125000
1611    -1812639.375000
1612    -1812654.375000
1613    -1812668.250000
1614    -1812683.125000
1615    -1812698.000000
1616    -1812712.500000
1617    -1812726.750000
1618    -1812740.750000
1619    -1812755.250000
1620    -1812769.750000
1621    -1812784.250000
1622    -1812798.500000
1623    -1812812.875000
1624    -1812827.250000
1625    -1812842.250000
1626    -1812856.000000
1627    -1812870.250000
1628    -1812884.000000
1629    -1812898.250000
1630    -1812912.875000
1631    -1812926.750000
1632    -1812941.125000
1633    -1812955.000000
1634    -1812970.250000
1635    -1812983.750000
1636    -1812998.375000
1637    -1813012.000000
1638    -1813027.000000
1639    -1813040.500000
1640    -1813054.875000
1641    -1813068.500000
1642    -1813082.250000
1643    -1813096.750000
1644    -1813111.000000
1645    -1813125.250000
1646    -1813139.250000
1647    -1813153.375000
1648    -1813166.750000
1649    -1813180.750000
1650    -1813194.875000
1651    -1813209.000000
1652    -1813222.750000
1653    -1813237.250000
1654    -1813250.625000
1655    -1813264.875000
1656    -1813278.500000
1657    -1813292.625000
1658    -1813306.875000
1659    -1813320.500000
1660    -1813334.750000
1661    -1813348.750000
1662    -1813362.125000
1663    -1813376.000000
1664    -1813390.750000
1665    -1813404.500000
1666    -1813417.750000
1667    -1813431.375000
1668    -1813445.250000
1669    -1813459.125000
1670    -1813473.125000
1671    -1813486.750000
1672    -1813500.375000
1673    -1813514.375000
1674    -1813528.250000
1675    -1813542.250000
1676    -1813555.625000
1677    -1813570.000000
1678    -1813583.250000
1679    -1813597.750000
1680    -1813611.125000
1681    -1813624.750000
1682    -1813638.250000
1683    -1813652.500000
1684    -1813665.750000
1685    -1813679.750000
1686    -1813693.250000
1687    -1813706.750000
1688    -1813721.000000
1689    -1813734.250000
1690    -1813748.000000
1691    -1813761.375000
1692    -1813774.875000
1693    -1813788.375000
1694    -1813801.875000
1695    -1813815.750000
1696    -1813829.375000
1697    -1813843.000000
1698    -1813856.375000
1699    -1813870.375000
1700    -1813883.250000
1701    -1813897.000000
1702    -1813910.375000
1703    -1813924.250000
1704    -1813937.500000
1705    -1813951.000000
1706    -1813964.375000
1707    -1813977.750000
1708    -1813991.375000
1709    -1814004.500000
1710    -1814018.750000
1711    -1814031.500000
1712    -1814045.875000
1713    -1814059.250000
1714    -1814072.250000
1715    -1814085.750000
1716    -1814099.125000
1717    -1814112.875000
1718    -1814125.875000
1719    -1814139.375000
1720    -1814152.750000
1721    -1814166.875000
1722    -1814180.125000
1723    -1814193.750000
1724    -1814206.750000
1725    -1814220.500000
1726    -1814234.125000
1727    -1814247.000000
1728    -1814260.750000
1729    -1814273.875000
1730    -1814287.500000
1731    -1814300.500000
1732    -1814313.500000
1733    -1814326.250000
1734    -1814340.625000
1735    -1814354.000000
1736    -1814367.250000
1737    -1814381.375000
1738    -1814393.250000
1739    -1814407.750000
1740    -1814420.500000
1741    -1814434.000000
1742    -1814447.250000
1743    -1814460.250000
1744    -1814473.750000
1745    -1814487.250000
1746    -1814499.750000
1747    -1814513.750000
1748    -1814527.000000
1749    -1814540.000000
1750    -1814553.875000
1751    -1814566.000000
1752    -1814580.500000
1753    -1814593.750000
1754    -1814607.000000
1755    -1814620.250000
1756    -1814633.500000
1757    -1814646.500000
1758    -1814660.000000
1759    -1814673.250000
1760    -1814686.250000
1761    -1814699.750000
1762    -1814713.000000
1763    -1814726.000000
1764    -1814739.875000
1765    -1814752.750000
1766    -1814765.625000
1767    -1814779.750000
1768    -1814792.625000
1769    -1814805.875000
1770    -1814819.000000
1771    -1814832.500000
1772    -1814845.875000
1773    -1814859.375000
1774    -1814872.750000
1775    -1814885.750000
1776    -1814899.250000
1777    -1814912.250000
1778    -1814925.000000
1779    -1814938.500000
1780    -1814951.875000
1781    -1814964.375000
1782    -1814977.750000
1783    -1814991.000000
1784    -1815004.500000
1785    -1815017.375000
1786    -1815030.875000
1787    -1815043.625000
1788    -1815056.375000
1789    -1815070.000000
1790    -1815083.125000
1791    -1815096.125000
1792    -1815109.250000
1793    -1815122.250000
1794    -1815134.625000
1795    -1815148.250000
1796    -1815161.125000
1797    -1815174.250000
1798    -1815187.250000
1799    -1815200.125000
1800    -1815212.750000
1801    -1815226.000000
1802    -1815239.250000
1803    -1815252.125000
1804    -1815264.750000
1805    -1815277.250000
1806    -1815290.750000
1807    -1815303.000000
1808    -1815315.625000
1809    -1815329.250000
1810    -1815342.000000
1811    -1815354.750000
1812    -1815367.625000
1813    -1815380.125000
1814    -1815393.500000
1815    -1815405.750000
1816    -1815418.500000
1817    -1815431.500000
1818    -1815444.375000
1819    -1815456.500000
1820    -1815469.375000
1821    -1815481.750000
1822    -1815494.500000
1823    -1815507.375000
1824    -1815519.500000
1825    -1815532.625000
1826    -1815544.625000
1827    -1815557.250000
1828    -1815569.875000
1829    -1815582.375000
1830    -1815594.500000
1831    -1815607.250000
1832    -1815620.000000
1833    -1815632.500000
1834    -1815644.875000
1835    -1815657.500000
1836    -1815669.250000
1837    -1815682.000000
1838    -1815694.000000
1839    -1815706.875000
1840    -1815719.125000
1841    -1815731.250000
1842    -1815743.000000
1843    -1815756.000000
1844    -1815768.000000
1845    -1815780.500000
1846    -1815793.000000
1847    -1815805.500000
1848    -1815817.375000
1849    -1815829.750000
1850    -1815841.375000
1851    -1815854.125000
1852    -1815865.500000
1853    -1815878.125000
1854    -1815890.500000
1855    -1815902.625000
1856    -1815914.375000
1857    -1815927.000000
1858    -1815938.500000
1859    -1815950.500000
1860    -1815962.500000
1861    -1815974.750000
1862    -1815987.000000
1863    -1815999.250000
1864    -1816010.500000
1865    -1816022.625000
1866    -1816035.250000
1867    -1816047.000000
1868    -1816058.750000
1869    -1816071.000000
1870    -1816082.875000
1871    -1816094.750000
1872    -1816106.625000
1873    -1816118.625000
1874    -1816130.250000
1875    -1816142.125000
1876    -1816154.500000
1877    -1816165.750000
1878    -1816178.125000
1879    -1816189.875000
1880    -1816201.375000
1881    -1816213.000000
1882    -1816225.000000
1883    -1816237.000000
1884    -1816248.500000
1885    -1816260.500000
1886    -1816272.000000
1887    -1816283.625000
1888    -1816296.125000
1889    -1816307.375000
1890    -1816318.875000
1891    -1816331.000000
1892    -1816342.500000
1893    -1816353.750000
1894    -1816365.625000
1895    -1816377.875000
1896    -1816388.875000
1897    -1816400.375000
1898    -1816411.750000
1899    -1816423.750000
1900    -1816435.000000
1901    -1816446.750000
1902    -1816458.000000
1903    -1816469.375000
1904    -1816480.750000
1905    -1816493.000000
1906    -1816504.250000
1907    -1816516.000000
1908    -1816527.250000
1909    -1816539.250000
1910    -1816550.500000
1911    -1816561.250000
1912    -1816573.125000
1913    -1816584.500000
1914    -1816596.375000
1915    -1816607.625000
1916    -1816619.000000
1917    -1816630.000000
1918    -1816641.500000
1919    -1816652.625000
1920    -1816664.375000
1921    -1816675.250000
1922    -1816686.750000
1923    -1816698.500000
1924    -1816709.125000
1925    -1816720.500000
1926    -1816731.250000
1927    -1816742.500000
1928    -1816754.250000
1929    -1816765.875000
1930    -1816776.750000
1931    -1816788.375000
1932    -1816799.500000
1933    -1816810.750000
1934    -1816822.000000
1935    -1816833.000000
1936    -1816844.500000
1937    -1816855.500000
1938    -1816866.375000
1939    -1816878.125000
1940    -1816888.250000
1941    -1816899.875000
1942    -1816911.000000
1943    -1816922.250000
1944    -1816933.500000
1945    -1816944.625000
1946    -1816955.875000
1947    -1816966.750000
1948    -1816978.000000
1949    -1816988.750000
1950    -1816999.750000
1951    -1817010.250000
1952    -1817021.750000
1953    -1817032.875000
1954    -1817043.500000
1955    -1817054.750000
1956    -1817065.250000
1957    -1817076.750000
1958    -1817087.500000
1959    -1817098.750000
1960    -1817109.375000
1961    -1817120.250000
1962    -1817131.625000
1963    -1817142.000000
1964    -1817153.250000
1965    -1817164.000000
1966    -1817175.250000
1967    -1817185.750000
1968    -1817196.375000
1969    -1817207.500000
1970    -1817218.250000
1971    -1817229.000000
1972    -1817240.000000
1973    -1817250.750000
1974    -1817261.500000
1975    -1817271.750000
1976    -1817283.250000
1977    -1817293.500000
1978    -1817304.250000
1979    -1817315.750000
1980    -1817326.000000
1981    -1817336.875000
1982    -1817347.250000
1983    -1817357.875000
1984    -1817368.750000
1985    -1817379.125000
1986    -1817389.750000
1987    -1817401.000000
1988    -1817411.250000
1989    -1817422.125000
1990    -1817432.625000
1991    -1817443.000000
1992    -1817453.750000
1993    -1817464.625000
1994    -1817475.000000
1995    -1817485.250000
1996    -1817496.625000
1997    -1817506.750000
1998    -1817517.125000
1999    -1817527.500000
2000    -1817538.000000
2001    -1817548.875000
2002    -1817559.250000
2003    -1817569.750000
2004    -1817580.000000
2005    -1817590.500000
2006    -1817601.000000
2007    -1817611.500000
2008    -1817622.125000
2009    -1817632.500000
2010    -1817643.250000
2011    -1817653.250000
2012    -1817664.000000
2013    -1817674.500000
2014    -1817684.500000
2015    -1817694.500000
2016    -1817705.000000
2017    -1817715.000000
2018    -1817725.750000
2019    -1817735.875000
2020    -1817746.250000
2021    -1817756.500000
2022    -1817767.000000
2023    -1817777.625000
2024    -1817787.750000
2025    -1817798.000000
2026    -1817808.000000
2027    -1817818.375000
2028    -1817828.750000
2029    -1817838.750000
2030    -1817849.000000
2031    -1817859.500000
2032    -1817869.750000
2033    -1817879.625000
2034    -1817889.750000
2035    -1817900.000000
2036    -1817910.375000
2037    -1817920.250000
2038    -1817930.625000
2039    -1817940.750000
2040    -1817950.750000
2041    -1817961.000000
2042    -1817970.750000
2043    -1817981.250000
2044    -1817991.375000
2045    -1818001.375000
2046    -1818011.750000
2047    -1818021.375000
2048    -1818031.625000
2049    -1818041.500000
2050    -1818051.750000
2051    -1818061.000000
2052    -1818071.500000
2053    -1818081.750000
2054    -1818091.875000
2055    -1818101.500000
2056    -1818112.000000
2057    -1818121.500000
2058    -1818131.625000
2059    -1818141.375000
2060    -1818151.375000
2061    -1818161.000000
2062    -1818171.250000
2063    -1818181.375000
2064    -1818190.750000
2065    -1818201.000000
2066    -1818211.000000
2067    -1818220.750000
2068    -1818230.750000
2069    -1818240.125000
2070    -1818250.250000
2071    -1818259.625000
2072    -1818269.500000
2073    -1818279.375000
2074    -1818289.375000
2075    -1818298.750000
2076    -1818309.750000
2077    -1818318.750000
2078    -1818328.625000
2079    -1818338.375000
2080    -1818347.875000
2081    -1818358.000000
2082    -1818366.875000
2083    -1818377.125000
2084    -1818386.625000
2085    -1818397.000000
2086    -1818406.500000
2087    -1818416.000000
2088    -1818425.500000
2089    -1818435.250000
2090    -1818445.125000
2091    -1818454.875000
2092    -1818464.250000
2093    -1818473.875000
2094    -1818483.750000
2095    -1818493.500000
2096    -1818502.750000
2097    -1818512.375000
2098    -1818522.250000
2099    -1818531.375000
2100    -1818541.250000
2101    -1818550.750000
2102    -1818560.250000
2103    -1818569.625000
2104    -1818579.000000
2105    -1818588.625000
2106    -1818598.250000
2107    -1818607.875000
2108    -1818617.500000
2109    -1818626.750000
2110    -1818636.250000
2111    -1818645.500000
2112    -1818655.000000
2113    -1818664.500000
2114    -1818673.625000
2115    -1818683.125000
2116    -1818692.625000
2117    -1818702.625000
2118    -1818711.125000
2119    -1818721.000000
2120    -1818730.000000
2121    -1818739.375000
2122    -1818748.875000
2123    -1818758.250000
2124    -1818767.875000
2125    -1818776.625000
2126    -1818786.375000
2127    -1818795.500000
2128    -1818804.500000
2129    -1818813.500000
2130    -1818823.000000
2131    -1818831.500000
2132    -1818841.000000
2133    -1818850.750000
2134    -1818860.000000
2135    -1818868.500000
2136    -1818878.000000
2137    -1818887.000000
2138    -1818896.250000
2139    -1818905.750000
2140    -1818914.125000
2141    -1818923.750000
2142    -1818932.500000
2143    -1818941.750000
2144    -1818950.750000
2145    -1818959.625000
2146    -1818968.625000
2147    -1818977.750000
2148    -1818986.625000
2149    -1818995.750000
2150    -1819004.875000
2151    -1819014.250000
2152    -1819023.000000
2153    -1819031.250000
2154    -1819040.875000
2155    -1819050.250000
2156    -1819058.500000
2157    -1819068.000000
2158    -1819076.750000
2159    -1819086.000000
2160    -1819095.375000
2161    -1819103.875000
2162    -1819112.875000
2163    -1819121.625000
2164    -1819130.500000
2165    -1819139.250000
2166    -1819148.250000
2167    -1819157.375000
2168    -1819166.000000
2169    -1819175.125000
2170    -1819184.000000
2171    -1819192.500000
2172    -1819201.500000
2173    -1819209.750000
2174    -1819218.750000
2175    -1819227.750000
2176    -1819236.625000
2177    -1819245.750000
2178    -1819253.625000
2179    -1819262.750000
2180    -1819271.500000
2181    -1819280.250000
2182    -1819289.000000
2183    -1819297.750000
2184    -1819306.875000
2185    -1819315.750000
2186    -1819324.250000
2187    -1819333.000000
2188    -1819341.375000
2189    -1819350.000000
2190    -1819358.500000
2191    -1819367.500000
2192    -1819376.000000
2193    -1819385.125000
2194    -1819393.500000
2195    -1819402.750000
2196    -1819411.000000
2197    -1819419.500000
2198    -1819428.500000
2199    -1819437.000000
2200    -1819445.500000
2201    -1819454.125000
2202    -1819462.750000
2203    -1819471.250000
2204    -1819480.000000
2205    -1819488.250000
2206    -1819497.000000
2207    -1819505.750000
2208    -1819513.750000
2209    -1819523.000000
2210    -1819531.125000
2211    -1819539.500000
2212    -1819548.500000
2213    -1819556.750000
2214    -1819564.500000
2215    -1819573.500000
2216    -1819582.250000
2217    -1819590.500000
2218    -1819599.000000
2219    -1819607.375000
2220    -1819615.875000
2221    -1819624.375000
2222    -1819633.250000
2223    -1819641.250000
2224    -1819649.750000
2225    -1819658.750000
2226    -1819666.750000
2227    -1819675.000000
2228    -1819683.625000
2229    -1819691.875000
2230    -1819700.250000
2231    -1819708.375000
2232    -1819716.750000
2233    -1819725.000000
2234    -1819733.375000
2235    -1819742.000000
2236    -1819750.250000
2237    -1819758.250000
2238    -1819766.750000
2239    -1819775.125000
2240    -1819782.875000
2241    -1819791.125000
2242    -1819799.500000
2243    -1819807.750000
2244    -1819815.750000
2245    -1819823.750000
2246    -1819832.125000
2247    -1819841.000000
2248    -1819848.500000
2249    -1819856.750000
2250    -1819865.250000
2251    -1819873.250000
2252    -1819881.125000
2253    -1819889.250000
2254    -1819897.500000
2255    -1819906.000000
2256    -1819913.375000
2257    -1819921.750000
2258    -1819929.500000
2259    -1819937.625000
2260    -1819946.125000
2261    -1819953.875000
2262    -1819961.750000
2263    -1819969.750000
2264    -1819977.750000
2265    -1819985.500000
2266    -1819993.500000
2267    -1820001.250000
2268    -1820009.000000
2269    -1820017.250000
2270    -1820024.750000
2271    -1820032.500000
2272    -1820040.500000
2273    -1820048.250000
2274    -1820056.125000
2275    -1820063.750000
2276    -1820071.500000
2277    -1820079.750000
2278    -1820087.000000
2279    -1820094.500000
2280    -1820102.500000
2281    -1820110.250000
2282    -1820117.750000
2283    -1820126.125000
2284    -1820133.625000
2285    -1820141.000000
2286    -1820148.750000
2287    -1820156.375000
2288    -1820163.750000
2289    -1820171.250000
2290    -1820179.000000
2291    -1820186.750000
2292    -1820194.250000
2293    -1820201.500000
2294    -1820209.000000
2295    -1820216.375000
2296    -1820224.375000
2297    -1820231.500000
2298    -1820239.000000
2299    -1820246.250000
2300    -1820254.000000
2301    -1820260.750000
2302    -1820268.625000
2303    -1820275.875000
2304    -1820283.125000
2305    -1820290.250000
2306    -1820297.625000
2307    -1820305.500000
2308    -1820312.500000
2309    -1820319.750000
2310    -1820326.750000
2311    -1820334.250000
2312    -1820341.750000
2313    -1820349.000000
2314    -1820356.125000
2315    -1820363.250000
2316    -1820370.500000
2317    -1820377.500000
2318    -1820384.625000
2319    -1820391.750000
2320    -1820399.000000
2321    -1820406.375000
2322    -1820413.250000
2323    -1820420.375000
2324    -1820427.750000
2325    -1820434.375000
2326    -1820440.875000
2327    -1820448.625000
2328    -1820455.750000
2329    -1820463.000000
2330    -1820469.500000
2331    -1820476.500000
2332    -1820483.500000
2333    -1820490.750000
2334    -1820497.750000
2335    -1820504.625000
2336    -1820511.500000
2337    -1820518.375000
2338    -1820525.500000
2339    -1820532.000000
2340    -1820539.250000
2341    -1820545.750000
2342    -1820552.625000
2343    -1820559.500000
2344    -1820566.750000
2345    -1820573.250000
2346    -1820579.875000
2347    -1820587.000000
2348    -1820593.625000
2349    -1820600.250000
2350    -1820607.250000
2351    -1820614.500000
2352    -1820620.375000
2353    -1820627.250000
2354    -1820634.000000
2355    -1820640.500000
2356    -1820647.500000
2357    -1820654.000000
2358    -1820661.125000
2359    -1820667.375000
2360    -1820674.000000
2361    -1820681.250000
2362    -1820687.250000
2363    -1820693.750000
2364    -1820701.000000
2365    -1820707.500000
2366    -1820714.250000
2367    -1820720.250000
2368    -1820727.250000
2369    -1820733.750000
2370    -1820740.500000
2371    -1820747.000000
2372    -1820753.750000
2373    -1820760.250000
2374    -1820766.250000
2375    -1820772.500000
2376    -1820779.125000
2377    -1820785.250000
2378    -1820792.125000
2379    -1820799.250000
2380    -1820804.875000
2381    -1820811.625000
2382    -1820818.500000
2383    -1820824.500000
2384    -1820830.500000
2385    -1820837.500000
2386    -1820843.250000
2387    -1820850.000000
2388    -1820856.500000
2389    -1820862.500000
2390    -1820868.375000
2391    -1820875.250000
2392    -1820881.750000
2393    -1820887.625000
2394    -1820894.250000
2395    -1820900.250000
2396    -1820906.500000
2397    -1820912.750000
2398    -1820919.000000
2399    -1820925.125000
2400    -1820931.250000
2401    -1820937.500000
2402    -1820944.125000
2403    -1820950.000000
2404    -1820956.250000
2405    -1820962.250000
2406    -1820968.250000
2407    -1820974.625000
2408    -1820980.500000
2409    -1820987.000000
2410    -1820993.500000
2411    -1820999.000000
2412    -1821005.125000
2413    -1821011.500000
2414    -1821017.250000
2415    -1821023.375000
2416    -1821029.500000
2417    -1821035.500000
2418    -1821041.750000
2419    -1821048.000000
2420    -1821054.250000
2421    -1821059.750000
2422    -1821065.625000
2423    -1821072.125000
2424    -1821078.125000
2425    -1821084.500000
2426    -1821090.250000
2427    -1821096.250000
2428    -1821102.250000
2429    -1821108.500000
2430    -1821114.125000
2431    -1821120.375000
2432    -1821126.375000
2433    -1821133.000000
2434    -1821138.500000
2435    -1821144.750000
2436    -1821150.750000
2437    -1821156.500000
2438    -1821162.500000
2439    -1821168.500000
2440    -1821175.000000
2441    -1821180.875000
2442    -1821186.750000
2443    -1821192.750000
2444    -1821198.625000
2445    -1821205.000000
2446    -1821210.875000
2447    -1821216.750000
2448    -1821222.875000
2449    -1821228.875000
2450    -1821234.875000
2451    -1821240.500000
2452    -1821246.375000
2453    -1821252.750000
2454    -1821258.500000
2455    -1821264.250000
2456    -1821270.250000
2457    -1821276.250000
2458    -1821282.500000
2459    -1821288.250000
2460    -1821293.875000
2461    -1821299.625000
2462    -1821305.875000
2463    -1821311.500000
2464    -1821318.000000
2465    -1821323.250000
2466    -1821329.000000
2467    -1821335.125000
2468    -1821340.750000
2469    -1821346.750000
2470    -1821352.750000
2471    -1821358.250000
2472    -1821364.500000
2473    -1821370.000000
2474    -1821376.000000
2475    -1821382.250000
2476    -1821388.125000
2477    -1821393.500000
2478    -1821399.625000
2479    -1821405.500000
2480    -1821410.875000
2481    -1821417.000000
2482    -1821422.875000
2483    -1821428.875000
2484    -1821435.000000
2485    -1821441.000000
2486    -1821446.500000
2487    -1821452.500000
2488    -1821458.375000
2489    -1821464.000000
2490    -1821470.625000
2491    -1821476.500000
2492    -1821481.875000
2493    -1821488.375000
2494    -1821494.250000
2495    -1821499.750000
2496    -1821505.750000
2497    -1821511.750000
2498    -1821517.750000
2499    -1821523.750000
2500    -1821529.250000
2501    -1821535.750000
2502    -1821541.250000
2503    -1821546.875000
2504    -1821553.625000
2505    -1821559.000000
2506    -1821565.250000
2507    -1821571.000000
2508    -1821576.875000
2509    -1821583.000000
2510    -1821588.625000
2511    -1821594.875000
2512    -1821600.625000
2513    -1821606.625000
2514    -1821612.500000
2515    -1821618.375000
2516    -1821624.375000
2517    -1821630.125000
2518    -1821636.125000
2519    -1821642.250000
2520    -1821648.250000
2521    -1821653.375000
2522    -1821660.000000
2523    -1821665.625000
2524    -1821671.625000
2525    -1821677.750000
2526    -1821683.625000
2527    -1821689.250000
2528    -1821695.375000
2529    -1821701.250000
2530    -1821707.500000
2531    -1821713.500000
2532    -1821719.250000
2533    -1821724.750000
2534    -1821730.750000
2535    -1821737.000000
2536    -1821742.875000
2537    -1821748.875000
2538    -1821755.000000
2539    -1821761.250000
2540    -1821766.500000
2541    -1821772.750000
2542    -1821778.625000
2543    -1821784.750000
2544    -1821790.500000
2545    -1821796.750000
2546    -1821802.250000
2547    -1821808.250000
2548    -1821814.000000
2549    -1821820.000000
2550    -1821826.000000
2551    -1821832.000000
2552    -1821837.750000
2553    -1821843.875000
2554    -1821849.500000
2555    -1821855.625000
2556    -1821861.750000
2557    -1821867.875000
2558    -1821873.500000
2559    -1821879.250000
2560    -1821885.500000
2561    -1821890.625000
2562    -1821897.125000
2563    -1821903.000000
2564    -1821908.750000
2565    -1821915.500000
2566    -1821921.000000
2567    -1821926.625000
2568    -1821932.750000
2569    -1821938.250000
2570    -1821944.500000
2571    -1821950.375000
2572    -1821956.250000
2573    -1821962.000000
2574    -1821968.250000
2575    -1821974.250000
2576    -1821979.750000
2577    -1821986.250000
2578    -1821991.750000
2579    -1821997.625000
2580    -1822003.875000
2581    -1822009.500000
2582    -1822015.250000
2583    -1822021.375000
2584    -1822027.250000
2585    -1822032.750000
2586    -1822039.000000
2587    -1822044.750000
2588    -1822050.625000
2589    -1822056.750000
2590    -1822062.500000
2591    -1822068.125000
2592    -1822073.875000
2593    -1822080.250000
2594    -1822085.750000
2595    -1822091.500000
2596    -1822097.500000
2597    -1822102.875000
2598    -1822109.000000
2599    -1822115.000000
2600    -1822121.125000
2601    -1822126.500000
2602    -1822132.375000
2603    -1822138.250000
2604    -1822144.250000
2605    -1822149.625000
2606    -1822156.000000
2607    -1822161.500000
2608    -1822167.250000
2609    -1822173.125000
2610    -1822179.000000
2611    -1822184.750000
2612    -1822191.000000
2613    -1822196.750000
2614    -1822202.625000
2615    -1822207.875000
2616    -1822213.750000
2617    -1822219.750000
2618    -1822225.500000
2619    -1822231.500000
2620    -1822237.000000
2621    -1822243.000000
2622    -1822249.125000
2623    -1822254.875000
2624    -1822261.000000
2625    -1822266.750000
2626    -1822272.125000
2627    -1822278.000000
2628    -1822283.625000
2629    -1822289.750000
2630    -1822295.500000
2631    -1822301.500000
2632    -1822307.375000
2633    -1822313.125000
2634    -1822318.750000
2635    -1822324.500000
2636    -1822330.500000
2637    -1822336.000000
2638    -1822342.125000
2639    -1822347.875000
2640    -1822354.000000
2641    -1822359.500000
2642    -1822365.000000
2643    -1822370.875000
2644    -1822376.750000
2645    -1822382.500000
2646    -1822388.500000
2647    -1822394.375000
2648    -1822400.000000
2649    -1822406.000000
2650    -1822412.125000
2651    -1822417.875000
2652    -1822423.500000
2653    -1822429.250000
2654    -1822435.000000
2655    -1822440.750000
2656    -1822446.750000
2657    -1822452.375000
2658    -1822458.375000
2659    -1822464.000000
2660    -1822469.875000
2661    -1822475.750000
2662    -1822481.875000
2663    -1822487.375000
2664    -1822493.375000
2665    -1822499.250000
2666    -1822505.000000
2667    -1822510.750000
2668    -1822516.750000
2669    -1822522.375000
2670    -1822528.375000
2671    -1822534.250000
2672    -1822540.125000
2673    -1822546.000000
2674    -1822551.375000
2675    -1822557.500000
2676    -1822563.500000
2677    -1822569.500000
2678    -1822575.250000
2679    -1822581.125000
2680    -1822586.750000
2681    -1822593.000000
2682    -1822598.500000
2683    -1822604.125000
2684    -1822610.000000
2685    -1822616.000000
2686    -1822622.125000
2687    -1822627.750000
2688    -1822633.625000
2689    -1822639.875000
2690    -1822645.750000
2691    -1822651.500000
2692    -1822657.000000
2693    -1822663.000000
2694    -1822668.750000
2695    -1822674.750000
2696    -1822680.500000
2697    -1822686.250000
2698    -1822692.000000
2699    -1822698.125000
2700    -1822703.625000
2701    -1822709.500000
2702    -1822715.250000
2703    -1822721.250000
2704    -1822726.750000
2705    -1822732.875000
2706    -1822739.000000
2707    -1822744.500000
2708    -1822750.500000
2709    -1822756.125000
2710    -1822761.750000
2711    -1822767.750000
2712    -1822773.500000
2713    -1822779.750000
2714    -1822785.000000
2715    -1822791.000000
2716    -1822797.125000
2717    -1822802.250000
2718    -1822808.250000
2719    -1822814.125000
2720    -1822820.000000
2721    -1822825.500000
2722    -1822831.500000
2723    -1822837.500000
2724    -1822843.250000
2725    -1822848.875000
2726    -1822854.500000
2727    -1822860.375000
2728    -1822866.125000
2729    -1822872.125000
2730    -1822877.500000
2731    -1822883.375000
2732    -1822889.000000
2733    -1822894.625000
2734    -1822900.750000
2735    -1822906.375000
2736    -1822912.250000
2737    -1822918.000000
2738    -1822923.750000
2739    -1822929.125000
2740    -1822934.750000
2741    -1822941.000000
2742    -1822946.750000
2743    -1822952.375000
2744    -1822957.750000
2745    -1822963.750000
2746    -1822969.750000
2747    -1822975.500000
2748    -1822981.375000
2749    -1822986.875000
2750    -1822992.375000
2751    -1822998.250000
2752    -1823004.000000
2753    -1823009.500000
2754    -1823015.375000
2755    -1823020.750000
2756    -1823027.000000
2757    -1823032.625000
2758    -1823038.375000
2759    -1823044.125000
2760    -1823049.875000
2761    -1823056.000000
2762    -1823061.625000
2763    -1823067.000000
2764    -1823073.250000
2765    -1823079.000000
2766    -1823084.625000
2767    -1823090.000000
2768    -1823095.750000
2769    -1823101.250000
2770    -1823107.375000
2771    -1823113.000000
2772    -1823118.750000
2773    -1823124.000000
2774    -1823129.625000
2775    -1823135.750000
2776    -1823141.375000
2777    -1823146.750000
2778    -1823152.750000
2779    -1823158.375000
2780    -1823163.750000
2781    -1823169.250000
2782    -1823175.750000
2783    -1823181.250000
2784    -1823187.000000
2785    -1823192.750000
2786    -1823198.500000
2787    -1823203.750000
2788    -1823209.500000
2789    -1823215.500000
2790    -1823220.750000
2791    -1823226.625000
2792    -1823232.375000
2793    -1823238.375000
2794    -1823243.750000
2795    -1823249.500000
2796    -1823255.000000
2797    -1823260.750000
2798    -1823266.250000
2799    -1823271.875000
2800    -1823277.500000
2801    -1823283.125000
2802    -1823288.875000
2803    -1823295.000000
2804    -1823300.250000
2805    -1823305.875000
2806    -1823311.750000
2807    -1823317.250000
2808    -1823323.000000
2809    -1823328.500000
2810    -1823333.875000
2811    -1823339.250000
2812    -1823345.250000
2813    -1823351.125000
2814    -1823356.750000
2815    -1823362.000000
2816    -1823368.250000
2817    -1823373.500000
2818    -1823379.500000
2819    -1823385.000000
2820    -1823390.500000
2821    -1823396.250000
2822    -1823402.000000
2823    -1823407.750000
2824    -1823413.000000
2825    -1823418.625000
2826    -1823424.250000
2827    -1823430.000000
2828    -1823435.625000
2829    -1823441.500000
2830    -1823447.250000
2831    -1823452.750000
2832    -1823458.000000
2833    -1823463.875000
2834    -1823469.625000
2835    -1823475.375000
2836    -1823481.000000
2837    -1823486.750000
2838    -1823492.125000
2839    -1823497.875000
2840    -1823503.625000
2841    -1823509.250000
2842    -1823514.500000
2843    -1823520.500000
2844    -1823525.750000
2845    -1823531.125000
2846    -1823537.500000
2847    -1823543.125000
2848    -1823548.750000
2849    -1823554.250000
2850    -1823559.500000
2851    -1823565.750000
2852    -1823570.750000
2853    -1823576.625000
2854    -1823582.125000
2855    -1823587.875000
2856    -1823593.000000
2857    -1823598.750000
2858    -1823604.375000
2859    -1823609.750000
2860    -1823615.750000
2861    -1823621.125000
2862    -1823626.750000
2863    -1823632.750000
2864    -1823638.125000
2865    -1823643.500000
2866    -1823649.125000
2867    -1823654.625000
2868    -1823660.250000
2869    -1823665.875000
2870    -1823671.375000
2871    -1823677.000000
2872    -1823682.500000
2873    -1823688.000000
2874    -1823693.625000
2875    -1823699.000000
2876    -1823704.625000
2877    -1823710.250000
2878    -1823715.875000
2879    -1823721.250000
2880    -1823726.625000
2881    -1823732.375000
2882    -1823738.125000
2883    -1823743.250000
2884    -1823749.250000
2885    -1823754.375000
2886    -1823760.250000
2887    -1823765.625000
2888    -1823771.500000
2889    -1823776.500000
2890    -1823782.125000
2891    -1823787.625000
2892    -1823793.000000
2893    -1823798.750000
2894    -1823804.250000
2895    -1823809.750000
2896    -1823815.250000
2897    -1823820.750000
2898    -1823826.125000
2899    -1823831.625000
2900    -1823837.000000
2901    -1823843.000000
2902    -1823848.000000
2903    -1823853.250000
2904    -1823859.125000
2905    -1823864.750000
2906    -1823870.375000
2907    -1823875.250000
2908    -1823880.500000
2909    -1823886.250000
2910    -1823891.875000
2911    -1823897.250000
2912    -1823902.500000
2913    -1823908.000000
2914    -1823913.625000
2915    -1823918.625000
2916    -1823924.500000
2917    -1823929.750000
2918    -1823935.125000
2919    -1823940.500000
2920    -1823945.750000
2921    -1823951.125000
2922    -1823956.625000
2923    -1823961.750000
2924    -1823966.750000
2925    -1823972.500000
2926    -1823977.875000
2927    -1823983.250000
2928    -1823988.250000
2929    -1823993.750000
2930    -1823999.000000
2931    -1824004.250000
2932    -1824009.500000
2933    -1824015.000000
2934    -1824020.000000
2935    -1824025.000000
2936    -1824030.375000
2937    -1824036.000000
2938    -1824041.250000
2939    -1824046.125000
2940    -1824051.250000
2941    -1824057.125000
2942    -1824061.750000
2943    -1824067.375000
2944    -1824072.250000
2945    -1824077.250000
2946    -1824082.750000
2947    -1824087.750000
2948    -1824092.500000
2949    -1824097.750000
2950    -1824102.750000
2951    -1824107.750000
2952    -1824113.125000
2953    -1824117.875000
2954    -1824122.875000
2955    -1824128.250000
2956    -1824133.625000
2957    -1824138.250000
2958    -1824143.250000
2959    -1824148.375000
2960    -1824153.500000
2961    -1824158.000000
2962    -1824163.250000
2963    -1824168.000000
2964    -1824173.250000
2965    -1824177.750000
2966    -1824182.750000
2967    -1824188.000000
2968    -1824192.750000
2969    -1824197.750000
2970    -1824202.500000
2971    -1824207.375000
2972    -1824212.625000
2973    -1824217.500000
2974    -1824222.375000
2975    -1824227.250000
2976    -1824231.625000
2977    -1824236.500000
2978    -1824241.375000
2979    -1824246.375000
2980    -1824251.250000
2981    -1824255.875000
2982    -1824260.750000
2983    -1824265.250000
2984    -1824270.500000
2985    -1824275.000000
2986    -1824279.500000
2987    -1824284.000000
2988    -1824288.750000
2989    -1824293.750000
2990    -1824298.375000
2991    -1824302.875000
2992    -1824307.750000
2993    -1824312.625000
2994    -1824317.250000
2995    -1824321.500000
2996    -1824326.250000
2997    -1824330.625000
2998    -1824335.750000
2999    -1824340.000000
3000    -1824345.000000
3001    -1824349.500000
3002    -1824354.375000
3003    -1824359.000000
3004    -1824363.375000
3005    -1824368.125000
3006    -1824373.000000
3007    -1824377.375000
3008    -1824381.750000
3009    -1824386.750000
3010    -1824391.125000
3011    -1824396.000000
3012    -1824400.750000
3013    -1824405.375000
3014    -1824409.750000
3015    -1824414.125000
3016    -1824418.875000
3017    -1824423.750000
3018    -1824428.375000
3019    -1824432.750000
3020    -1824437.250000
3021    -1824442.000000
3022    -1824446.625000
3023    -1824451.000000
3024    -1824455.875000
3025    -1824459.875000
3026    -1824465.000000
3027    -1824469.500000
3028    -1824474.500000
3029    -1824478.750000
3030    -1824483.750000
3031    -1824488.125000
3032    -1824492.750000
3033    -1824497.000000
3034    -1824501.625000
3035    -1824506.000000
3036    -1824511.000000
3037    -1824515.500000
3038    -1824520.000000
3039    -1824524.500000
3040    -1824529.625000
3041    -1824533.875000
3042    -1824538.500000
3043    -1824543.125000
3044    -1824547.750000
3045    -1824552.250000
3046    -1824557.000000
3047    -1824561.750000
3048    -1824566.000000
3049    -1824570.250000
3050    -1824575.000000
3051    -1824579.625000
3052    -1824584.375000
3053    -1824588.875000
3054    -1824593.250000
3055    -1824597.875000
3056    -1824602.750000
3057    -1824607.125000
3058    -1824611.625000
3059    -1824616.250000
3060    -1824620.750000
3061    -1824625.125000
3062    -1824629.500000
3063    -1824633.875000
3064    -1824638.750000
3065    -1824643.250000
3066    -1824647.500000
3067    -1824652.125000
3068    -1824656.750000
3069    -1824661.125000
3070    -1824665.750000
3071    -1824670.250000
3072    -1824674.750000
3073    -1824679.375000
3074    -1824683.500000
3075    -1824688.000000
3076    -1824692.625000
3077    -1824697.000000
3078    -1824701.500000
3079    -1824706.125000
3080    -1824710.500000
3081    -1824715.375000
3082    -1824719.625000
3083    -1824723.750000
3084    -1824728.250000
3085    -1824732.625000
3086    -1824737.500000
3087    -1824741.875000
3088    -1824746.625000
3089    -1824750.500000
3090    -1824755.000000
3091    -1824760.000000
3092    -1824764.000000
3093    -1824768.375000
3094    -1824772.750000
3095    -1824777.250000
3096    -1824782.000000
3097    -1824786.250000
3098    -1824790.750000
3099    -1824794.750000
3100    -1824799.250000
3101    -1824803.625000
3102    -1824808.125000
3103    -1824812.625000
3104    -1824817.250000
3105    -1824821.500000
3106    -1824825.875000
3107    -1824830.125000
3108    -1824834.500000
3109    -1824838.750000
3110    -1824843.500000
3111    -1824847.500000
3112    -1824852.000000
3113    -1824856.500000
3114    -1824860.750000
3115    -1824865.250000
3116    -1824869.625000
3117    -1824874.000000
3118    -1824878.375000
3119    -1824882.875000
3120    -1824886.750000
3121    -1824891.500000
3122    -1824895.500000
3123    -1824899.875000
3124    -1824904.125000
3125    -1824908.250000
3126    -1824912.750000
3127    -1824917.250000
3128    -1824921.375000
3129    -1824925.500000
3130    -1824929.875000
3131    -1824934.000000
3132    -1824938.000000
3133    -1824942.125000
3134    -1824946.500000
3135    -1824951.000000
3136    -1824955.250000
3137    -1824959.500000
3138    -1824963.750000
3139    -1824967.875000
3140    -1824972.250000
3141    -1824976.375000
3142    -1824980.375000
3143    -1824984.750000
3144    -1824989.000000
3145    -1824993.250000
3146    -1824997.625000
3147    -1825001.750000
3148    -1825006.000000
3149    -1825010.625000
3150    -1825014.625000
3151    -1825018.750000
3152    -1825023.000000
3153    -1825027.125000
3154    -1825031.375000
3155    -1825036.000000
3156    -1825040.250000
3157    -1825044.500000
3158    -1825048.500000
3159    -1825052.750000
3160    -1825057.000000
3161    -1825061.250000
3162    -1825065.250000
3163    -1825069.875000
3164    -1825074.000000
3165    -1825078.000000
3166    -1825082.250000
3167    -1825086.500000
3168    -1825090.750000
3169    -1825095.000000
3170    -1825099.500000
3171    -1825103.250000
3172    -1825107.750000
3173    -1825111.875000
3174    -1825116.000000
3175    -1825120.250000
3176    -1825124.250000
3177    -1825128.750000
3178    -1825132.500000
3179    -1825137.125000
3180    -1825141.250000
3181    -1825145.000000
3182    -1825149.500000
3183    -1825153.750000
3184    -1825157.750000
3185    -1825162.000000
3186    -1825166.125000
3187    -1825170.375000
3188    -1825174.375000
3189    -1825178.500000
3190    -1825182.375000
3191    -1825186.750000
3192    -1825190.750000
3193    -1825195.250000
3194    -1825199.250000
3195    -1825203.500000
3196    -1825207.250000
3197    -1825211.250000
3198    -1825215.750000
3199    -1825219.375000
3200    -1825223.875000
3201    -1825227.875000
3202    -1825232.000000
3203    -1825235.750000
3204    -1825239.750000
3205    -1825244.250000
3206    -1825248.375000
3207    -1825252.500000
3208    -1825256.375000
3209    -1825260.250000
3210    -1825264.500000
3211    -1825268.500000
3212    -1825272.750000
3213    -1825276.500000
3214    -1825280.750000
3215    -1825284.375000
3216    -1825288.500000
3217    -1825292.250000
3218    -1825296.250000
3219    -1825300.750000
3220    -1825304.500000
3221    -1825308.250000
3222    -1825311.875000
3223    -1825316.000000
3224    -1825320.000000
3225    -1825324.250000
3226    -1825328.250000
3227    -1825332.000000
3228    -1825336.000000
3229    -1825340.000000
3230    -1825344.000000
3231    -1825347.625000
3232    -1825351.750000
3233    -1825355.625000
3234    -1825359.500000
3235    -1825363.500000
3236    -1825367.375000
3237    -1825371.125000
3238    -1825375.000000
3239    -1825378.875000
3240    -1825382.750000
3241    -1825386.750000
3242    -1825390.750000
3243    -1825394.250000
3244    -1825398.000000
3245    -1825402.000000
3246    -1825406.250000
3247    -1825409.625000
3248    -1825413.625000
3249    -1825417.000000
3250    -1825421.250000
3251    -1825424.750000
3252    -1825428.750000
3253    -1825432.750000
3254    -1825436.375000
3255    -1825440.500000
3256    -1825444.000000
3257    -1825447.500000
3258    -1825451.250000
3259    -1825455.375000
3260    -1825459.000000
3261    -1825462.625000
3262    -1825466.375000
3263    -1825470.500000
3264    -1825474.000000
3265    -1825477.500000
3266    -1825481.500000
3267    -1825484.875000
3268    -1825488.750000
3269    -1825492.250000
3270    -1825495.875000
3271    -1825499.750000
3272    -1825503.250000
3273    -1825506.875000
3274    -1825510.625000
3275    -1825514.250000
3276    -1825518.250000
3277    -1825521.125000
3278    -1825525.250000
3279    -1825528.875000
3280    -1825532.250000
3281    -1825536.000000
3282    -1825539.750000
3283    -1825543.250000
3284    -1825547.000000
3285    -1825550.750000
3286    -1825553.750000
3287    -1825558.125000
3288    -1825561.250000
3289    -1825564.875000
3290    -1825568.125000
3291    -1825571.875000
3292    -1825575.500000
3293    -1825579.250000
3294    -1825583.125000
3295    -1825586.500000
3296    -1825590.000000
3297    -1825593.750000
3298    -1825597.250000
3299    -1825600.750000
3300    -1825604.000000
3301    -1825607.625000
3302    -1825611.000000
3303    -1825614.750000
3304    -1825617.750000
3305    -1825622.000000
3306    -1825625.375000
3307    -1825628.750000
3308    -1825632.000000
3309    -1825635.750000
3310    -1825638.875000
3311    -1825642.750000
3312    -1825646.250000
3313    -1825649.375000
3314    -1825653.000000
3315    -1825656.500000
3316    -1825660.250000
3317    -1825663.625000
3318    -1825667.125000
3319    -1825670.375000
3320    -1825674.000000
3321    -1825677.375000
3322    -1825680.875000
3323    -1825684.500000
3324    -1825687.625000
3325    -1825691.000000
3326    -1825694.625000
3327    -1825698.250000
3328    -1825701.625000
3329    -1825705.500000
3330    -1825708.500000
3331    -1825712.000000
3332    -1825715.125000
3333    -1825718.500000
3334    -1825722.250000
3335    -1825725.750000
3336    -1825729.250000
3337    -1825732.750000
3338    -1825736.000000
3339    -1825739.250000
3340    -1825743.000000
3341    -1825746.500000
3342    -1825749.625000
3343    -1825753.125000
3344    -1825756.750000
3345    -1825760.000000
3346    -1825763.125000
3347    -1825766.750000
3348    -1825770.000000
3349    -1825773.750000
3350    -1825776.875000
3351    -1825780.500000
3352    -1825784.000000
3353    -1825787.125000
3354    -1825790.625000
3355    -1825794.250000
3356    -1825797.000000
3357    -1825800.375000
3358    -1825804.000000
3359    -1825807.500000
3360    -1825811.125000
3361    -1825814.000000
3362    -1825817.500000
3363    -1825820.750000
3364    -1825824.250000
3365    -1825827.500000
3366    -1825830.750000
3367    -1825834.500000
3368    -1825837.500000
3369    -1825841.000000
3370    -1825844.000000
3371    -1825847.375000
3372    -1825851.000000
3373    -1825854.500000
3374    -1825857.750000
3375    -1825860.750000
3376    -1825864.000000
3377    -1825867.750000
3378    -1825871.000000
3379    -1825873.875000
3380    -1825877.250000
3381    -1825880.500000
3382    -1825884.250000
3383    -1825887.250000
3384    -1825890.500000
3385    -1825893.750000
3386    -1825897.250000
3387    -1825900.500000
3388    -1825903.750000
3389    -1825907.000000
3390    -1825910.375000
3391    -1825913.875000
3392    -1825916.750000
3393    -1825920.500000
3394    -1825923.750000
3395    -1825927.250000
3396    -1825930.125000
3397    -1825933.000000
3398    -1825936.375000
3399    -1825940.250000
3400    -1825943.375000
3401    -1825946.500000
3402    -1825949.500000
3403    -1825952.750000
3404    -1825956.250000
3405    -1825959.250000
3406    -1825962.750000
3407    -1825966.000000
3408    -1825969.000000
3409    -1825972.375000
3410    -1825975.500000
3411    -1825978.875000
3412    -1825981.750000
3413    -1825985.125000
3414    -1825988.875000
3415    -1825991.750000
3416    -1825995.250000
3417    -1825997.750000
3418    -1826001.500000
3419    -1826004.750000
3420    -1826007.875000
3421    -1826011.000000
3422    -1826014.375000
3423    -1826017.500000
3424    -1826021.125000
3425    -1826024.000000
3426    -1826027.250000
3427    -1826030.375000
3428    -1826033.500000
3429    -1826036.875000
3430    -1826040.000000
3431    -1826043.250000
3432    -1826046.500000
3433    -1826049.750000
3434    -1826053.000000
3435    -1826055.875000
3436    -1826059.250000
3437    -1826062.500000
3438    -1826065.750000
3439    -1826069.250000
3440    -1826072.250000
3441    -1826075.250000
3442    -1826078.250000
3443    -1826081.875000
3444    -1826085.000000
3445    -1826088.250000
3446    -1826091.500000
3447    -1826094.250000
3448    -1826097.750000
3449    -1826100.875000
3450    -1826104.375000
3451    -1826107.750000
3452    -1826110.875000
3453    -1826113.750000
3454    -1826116.750000
3455    -1826120.250000
3456    -1826123.375000
3457    -1826126.375000
3458    -1826129.625000
3459    -1826132.875000
3460    -1826135.750000
3461    -1826139.250000
3462    -1826142.250000
3463    -1826145.125000
3464    -1826148.500000
3465    -1826152.000000
3466    -1826155.000000
3467    -1826158.250000
3468    -1826161.000000
3469    -1826164.500000
3470    -1826167.750000
3471    -1826171.000000
3472    -1826174.000000
3473    -1826177.125000
3474    -1826180.000000
3475    -1826183.500000
3476    -1826186.750000
3477    -1826189.750000
3478    -1826193.000000
3479    -1826196.000000
3480    -1826199.750000
3481    -1826202.500000
3482    -1826205.750000
3483    -1826208.750000
3484    -1826212.000000
3485    -1826215.250000
3486    -1826218.625000
3487    -1826221.750000
3488    -1826224.750000
3489    -1826227.875000
3490    -1826231.000000
3491    -1826234.500000
3492    -1826237.875000
3493    -1826241.000000
3494    -1826244.000000
3495    -1826247.250000
3496    -1826250.125000
3497    -1826253.500000
3498    -1826256.500000
3499    -1826260.000000
3500    -1826263.250000
3501    -1826266.500000
3502    -1826269.500000
3503    -1826273.000000
3504    -1826276.125000
3505    -1826279.125000
3506    -1826282.125000
3507    -1826285.750000
3508    -1826288.750000
3509    -1826292.250000
3510    -1826295.375000
3511    -1826298.750000
3512    -1826301.250000
3513    -1826304.750000
3514    -1826308.125000
3515    -1826311.125000
3516    -1826314.000000
3517    -1826317.500000
3518    -1826320.500000
3519    -1826323.750000
3520    -1826327.250000
3521    -1826330.375000
3522    -1826333.750000
3523    -1826336.750000
3524    -1826340.250000
3525    -1826343.250000
3526    -1826346.625000
3527    -1826349.875000
3528    -1826352.750000
3529    -1826356.250000
3530    -1826359.250000
3531    -1826362.750000
3532    -1826365.750000
3533    -1826369.250000
3534    -1826372.375000
3535    -1826375.500000
3536    -1826379.000000
3537    -1826382.500000
3538    -1826385.250000
3539    -1826388.500000
3540    -1826391.875000
3541    -1826395.000000
3542    -1826398.375000
3543    -1826401.750000
3544    -1826404.875000
3545    -1826408.125000
3546    -1826411.500000
3547    -1826414.875000
3548    -1826418.000000
3549    -1826421.375000
3550    -1826424.500000
3551    -1826428.000000
3552    -1826431.500000
3553    -1826434.500000
3554    -1826437.750000
3555    -1826441.000000
3556    -1826444.625000
3557    -1826447.625000
3558    -1826451.000000
3559    -1826454.000000
3560    -1826457.500000
3561    -1826461.125000
3562    -1826464.250000
3563    -1826467.375000
3564    -1826470.750000
3565    -1826474.125000
3566    -1826477.750000
3567    -1826480.500000
3568    -1826484.000000
3569    -1826487.375000
3570    -1826490.500000
3571    -1826493.875000
3572    -1826497.000000
3573    -1826500.250000
3574    -1826503.875000
3575    -1826507.000000
3576    -1826510.750000
3577    -1826514.000000
3578    -1826516.875000
3579    -1826520.375000
3580    -1826523.625000
3581    -1826527.250000
3582    -1826530.250000
3583    -1826533.500000
3584    -1826537.000000
3585    -1826540.125000
3586    -1826543.500000
3587    -1826547.000000
3588    -1826550.250000
3589    -1826553.625000
3590    -1826556.875000
3591    -1826560.375000
3592    -1826563.750000
3593    -1826567.000000
3594    -1826570.375000
3595    -1826574.000000
3596    -1826577.250000
3597    -1826580.500000
3598    -1826583.750000
3599    -1826587.250000
3600    -1826590.375000
3601    -1826593.500000
3602    -1826596.750000
3603    -1826600.500000
3604    -1826603.500000
3605    -1826607.000000
3606    -1826610.500000
3607    -1826613.750000
3608    -1826617.375000
3609    -1826620.375000
3610    -1826623.875000
3611    -1826627.000000
3612    -1826630.625000
3613    -1826633.750000
3614    -1826637.250000
3615    -1826640.000000
3616    -1826643.625000
3617    -1826646.875000
3618    -1826650.500000
3619    -1826653.625000
3620    -1826657.250000
3621    -1826660.000000
3622    -1826663.500000
3623    -1826667.125000
3624    -1826670.000000
3625    -1826673.750000
3626    -1826676.750000
3627    -1826680.000000
3628    -1826683.375000
3629    -1826686.625000
3630    -1826689.625000
3631    -1826693.250000
3632    -1826696.625000
3633    -1826699.500000
3634    -1826703.250000
3635    -1826706.500000
3636    -1826709.500000
3637    -1826713.250000
3638    -1826716.000000
3639    -1826719.375000
3640    -1826722.625000
3641    -1826725.750000
3642    -1826729.125000
3643    -1826732.500000
3644    -1826735.375000
3645    -1826738.625000
3646    -1826741.875000
3647    -1826745.375000
3648    -1826748.250000
3649    -1826751.625000
3650    -1826755.250000
3651    -1826758.000000
3652    -1826761.875000
3653    -1826764.750000
3654    -1826767.875000
3655    -1826771.250000
3656    -1826774.500000
3657    -1826777.500000
3658    -1826780.500000
3659    -1826784.125000
3660    -1826787.250000
3661    -1826790.375000
3662    -1826793.375000
3663    -1826796.500000
3664    -1826799.625000
3665    -1826802.875000
3666    -1826806.125000
3667    -1826809.500000
3668    -1826812.500000
3669    -1826815.375000
3670    -1826818.875000
3671    -1826822.125000
3672    -1826825.000000
3673    -1826828.500000
3674    -1826831.375000
3675    -1826834.375000
3676    -1826838.000000
3677    -1826840.750000
3678    -1826844.000000
3679    -1826847.000000
3680    -1826850.125000
3681    -1826853.000000
3682    -1826856.375000
3683    -1826859.625000
3684    -1826862.750000
3685    -1826866.000000
3686    -1826869.000000
3687    -1826872.000000
3688    -1826875.125000
3689    -1826877.625000
3690    -1826881.250000
3691    -1826884.375000
3692    -1826887.250000
3693    -1826890.250000
3694    -1826893.250000
3695    -1826896.375000
3696    -1826899.500000
3697    -1826902.625000
3698    -1826905.750000
3699    -1826908.750000
3700    -1826911.750000
3701    -1826914.500000
3702    -1826918.000000
3703    -1826920.625000
3704    -1826923.750000
3705    -1826926.750000
3706    -1826930.000000
3707    -1826932.750000
3708    -1826935.625000
3709    -1826938.750000
3710    -1826941.625000
3711    -1826944.375000
3712    -1826947.750000
3713    -1826950.750000
3714    -1826953.500000
3715    -1826956.250000
3716    -1826959.000000
3717    -1826962.500000
3718    -1826965.250000
3719    -1826968.250000
3720    -1826971.375000
3721    -1826974.125000
3722    -1826977.000000
3723    -1826980.000000
3724    -1826982.750000
3725    -1826985.750000
3726    -1826988.500000
3727    -1826991.500000
3728    -1826994.375000
3729    -1826997.250000
3730    -1826999.875000
3731    -1827003.250000
3732    -1827006.000000
3733    -1827009.250000
3734    -1827011.875000
3735    -1827014.750000
3736    -1827017.875000
3737    -1827020.625000
3738    -1827023.250000
3739    -1827026.125000
3740    -1827028.875000
3741    -1827031.750000
3742    -1827034.500000
3743    -1827037.500000
3744    -1827040.500000
3745    -1827043.250000
3746    -1827045.625000
3747    -1827048.500000
3748    -1827051.500000
3749    -1827054.000000
3750    -1827057.000000
3751    -1827060.000000
3752    -1827062.500000
3753    -1827065.750000
3754    -1827068.125000
3755    -1827070.750000
3756    -1827073.500000
3757    -1827076.125000
3758    -1827078.750000
3759    -1827081.500000
3760    -1827084.750000
3761    -1827087.125000
3762    -1827089.750000
3763    -1827092.375000
3764    -1827095.125000
3765    -1827097.500000
3766    -1827100.375000
3767    -1827103.000000
3768    -1827105.500000
3769    -1827108.125000
3770    -1827111.000000
3771    -1827113.750000
3772    -1827116.250000
3773    -1827118.750000
3774    -1827121.500000
3775    -1827124.000000
3776    -1827126.750000
3777    -1827129.375000
3778    -1827132.125000
3779    -1827134.625000
3780    -1827137.500000
3781    -1827140.000000
3782    -1827142.625000
3783    -1827145.000000
3784    -1827147.750000
3785    -1827150.375000
3786    -1827152.750000
3787    -1827155.750000
3788    -1827158.000000
3789    -1827161.000000
3790    -1827163.250000
3791    -1827165.750000
3792    -1827168.250000
3793    -1827171.000000
3794    -1827173.500000
3795    -1827176.000000
3796    -1827178.500000
3797    -1827181.500000
3798    -1827184.000000
3799    -1827186.500000
3800    -1827189.000000
3801    -1827191.750000
3802    -1827194.000000
3803    -1827196.750000
3804    -1827199.500000
3805    -1827201.625000
3806    -1827204.125000
3807    -1827207.000000
3808    -1827209.500000
3809    -1827212.125000
3810    -1827214.500000
3811    -1827217.125000
3812    -1827219.750000
3813    -1827222.250000
3814    -1827224.750000
3815    -1827227.500000
3816    -1827230.000000
3817    -1827232.375000
3818    -1827235.000000
3819    -1827237.500000
3820    -1827240.000000
3821    -1827242.500000
3822    -1827245.000000
3823    -1827247.500000
3824    -1827249.875000
3825    -1827252.250000
3826    -1827254.750000
3827    -1827257.500000
3828    -1827259.750000
3829    -1827262.375000
3830    -1827264.750000
3831    -1827267.250000
3832    -1827270.000000
3833    -1827272.250000
3834    -1827275.125000
3835    -1827277.500000
3836    -1827280.000000
3837    -1827282.250000
3838    -1827285.000000
3839    -1827287.375000
3840    -1827289.625000
3841    -1827292.000000
3842    -1827294.750000
3843    -1827297.000000
3844    -1827299.625000
3845    -1827302.250000
3846    -1827304.750000
3847    -1827306.875000
3848    -1827309.375000
3849    -1827312.250000
3850    -1827314.250000
3851    -1827316.250000
3852    -1827319.000000
3853    -1827321.500000
3854    -1827323.875000
3855    -1827326.500000
3856    -1827328.500000
3857    -1827331.250000
3858    -1827333.375000
3859    -1827336.125000
3860    -1827338.250000
3861    -1827340.750000
3862    -1827343.250000
3863    -1827345.500000
3864    -1827348.250000
3865    -1827350.375000
3866    -1827352.625000
3867    -1827355.250000
3868    -1827357.500000
3869    -1827360.000000
3870    -1827362.250000
3871    -1827364.500000
3872    -1827366.750000
3873    -1827369.500000
3874    -1827371.750000
3875    -1827374.375000
3876    -1827376.625000
3877    -1827379.125000
3878    -1827381.625000
3879    -1827384.000000
3880    -1827386.000000
3881    -1827388.750000
3882    -1827391.000000
3883    -1827393.375000
3884    -1827395.875000
3885    -1827397.875000
3886    -1827400.750000
3887    -1827403.000000
3888    -1827405.500000
3889    -1827407.750000
3890    -1827410.250000
3891    -1827412.500000
3892    -1827415.000000
3893    -1827417.125000
3894    -1827419.750000
3895    -1827422.250000
3896    -1827424.750000
3897    -1827427.125000
3898    -1827429.625000
3899    -1827432.000000
3900    -1827434.375000
3901    -1827436.625000
3902    -1827439.125000
3903    -1827441.625000
3904    -1827443.875000
3905    -1827446.500000
3906    -1827448.875000
3907    -1827451.250000
3908    -1827453.750000
3909    -1827455.750000
3910    -1827458.375000
3911    -1827460.750000
3912    -1827463.250000
3913    -1827465.625000
3914    -1827467.875000
3915    -1827470.500000
3916    -1827472.750000
3917    -1827475.500000
3918    -1827477.750000
3919    -1827480.250000
3920    -1827482.750000
3921    -1827485.125000
3922    -1827487.375000
3923    -1827490.000000
3924    -1827492.500000
3925    -1827494.875000
3926    -1827497.250000
3927    -1827500.000000
3928    -1827502.250000
3929    -1827504.750000
3930    -1827507.500000
3931    -1827509.500000
3932    -1827512.125000
3933    -1827514.375000
3934    -1827517.125000
3935    -1827519.500000
3936    -1827522.000000
3937    -1827524.250000
3938    -1827526.750000
3939    -1827529.250000
3940    -1827531.875000
3941    -1827534.125000
3942    -1827536.500000
3943    -1827539.250000
3944    -1827541.250000
3945    -1827543.875000
3946    -1827546.375000
3947    -1827549.125000
3948    -1827551.500000
3949    -1827554.000000
3950    -1827556.250000
3951    -1827558.750000
3952    -1827561.500000
3953    -1827563.750000
3954    -1827566.500000
3955    -1827568.875000
3956    -1827571.500000
3957    -1827573.750000
3958    -1827576.375000
3959    -1827578.875000
3960    -1827581.250000
3961    -1827584.000000
3962    -1827586.000000
3963    -1827588.625000
3964    -1827591.250000
3965    -1827593.750000
3966    -1827596.000000
3967    -1827598.750000
3968    -1827601.000000
3969    -1827603.750000
3970    -1827606.250000
3971    -1827608.500000
3972    -1827610.750000
3973    -1827613.625000
3974    -1827616.250000
3975    -1827618.500000
3976    -1827621.250000
3977    -1827624.000000
3978    -1827626.500000
3979    -1827628.875000
3980    -1827631.500000
3981    -1827633.875000
3982    -1827636.375000
3983    -1827639.000000
3984    -1827641.500000
3985    -1827643.875000
3986    -1827646.750000
3987    -1827649.250000
3988    -1827651.750000
3989    -1827654.250000
3990    -1827656.500000
3991    -1827659.500000
3992    -1827662.000000
3993    -1827664.375000
3994    -1827667.250000
3995    -1827669.500000
3996    -1827672.250000
3997    -1827674.750000
3998    -1827677.375000
3999    -1827680.000000
4000    -1827682.750000
4001    -1827684.875000
4002    -1827687.500000
4003    -1827690.250000
4004    -1827692.750000
4005    -1827695.250000
4006    -1827698.000000
4007    -1827700.750000
4008    -1827703.250000
4009    -1827706.000000
4010    -1827708.000000
4011    -1827710.875000
4012    -1827713.750000
4013    -1827716.125000
4014    -1827718.875000
4015    -1827721.250000
4016    -1827724.000000
4017    -1827726.500000
4018    -1827729.250000
4019    -1827732.000000
4020    -1827734.625000
4021    -1827737.250000
4022    -1827739.750000
4023    -1827742.250000
4024    -1827744.875000
4025    -1827747.375000
4026    -1827750.250000
4027    -1827753.250000
4028    -1827755.625000
4029    -1827758.250000
4030    -1827760.875000
4031    -1827763.500000
4032    -1827766.000000
4033    -1827768.750000
4034    -1827771.500000
4035    -1827774.125000
4036    -1827776.750000
4037    -1827779.625000
4038    -1827782.250000
4039    -1827784.875000
4040    -1827787.750000
4041    -1827790.500000
4042    -1827793.000000
4043    -1827795.625000
4044    -1827798.000000
4045    -1827801.000000
4046    -1827803.750000
4047    -1827806.500000
4048    -1827809.000000
4049    -1827811.875000
4050    -1827814.250000
4051    -1827817.125000
4052    -1827819.750000
4053    -1827822.500000
4054    -1827825.375000
4055    -1827828.000000
4056    -1827830.750000
4057    -1827833.250000
4058    -1827836.250000
4059    -1827839.000000
4060    -1827841.375000
4061    -1827844.250000
4062    -1827847.125000
4063    -1827849.750000
4064    -1827852.500000
4065    -1827855.500000
4066    -1827858.000000
4067    -1827860.750000
4068    -1827863.375000
4069    -1827866.250000
4070    -1827868.750000
4071    -1827871.500000
4072    -1827874.375000
4073    -1827877.000000
4074    -1827879.750000
4075    -1827882.750000
4076    -1827885.250000
4077    -1827888.000000
4078    -1827890.750000
4079    -1827893.500000
4080    -1827896.500000
4081    -1827899.250000
4082    -1827901.750000
4083    -1827904.500000
4084    -1827907.125000
4085    -1827910.000000
4086    -1827913.000000
4087    -1827915.625000
4088    -1827918.375000
4089    -1827921.250000
4090    -1827924.000000
4091    -1827926.750000
4092    -1827929.750000
4093    -1827932.500000
4094    -1827935.000000
4095    -1827938.000000
4096    -1827940.500000
4097    -1827943.375000
4098    -1827946.250000
4099    -1827948.750000
4100    -1827951.750000
4101    -1827954.500000
4102    -1827957.000000
4103    -1827959.875000
4104    -1827962.750000
4105    -1827965.500000
4106    -1827968.250000
4107    -1827971.125000
4108    -1827973.875000
4109    -1827976.750000
4110    -1827979.625000
4111    -1827982.250000
4112    -1827985.000000
4113    -1827987.875000
4114    -1827991.000000
4115    -1827993.500000
4116    -1827996.250000
4117    -1827999.250000
4118    -1828002.000000
4119    -1828005.000000
4120    -1828007.500000
4121    -1828010.750000
4122    -1828013.500000
4123    -1828016.125000
4124    -1828018.875000
4125    -1828021.875000
4126    -1828024.500000
4127    -1828027.500000
4128    -1828030.375000
4129    -1828033.375000
4130    -1828036.125000
4131    -1828039.000000
4132    -1828041.625000
4133    -1828044.625000
4134    -1828047.250000
4135    -1828050.250000
4136    -1828053.000000
4137    -1828056.250000
4138    -1828058.750000
4139    -1828061.500000
4140    -1828064.375000
4141    -1828067.500000
4142    -1828070.250000
4143    -1828073.250000
4144    -1828075.875000
4145    -1828078.875000
4146    -1828081.750000
4147    -1828084.750000
4148    -1828087.625000
4149    -1828090.500000
4150    -1828093.500000
4151    -1828096.375000
4152    -1828099.500000
4153    -1828102.375000
4154    -1828105.125000
4155    -1828108.000000
4156    -1828110.500000
4157    -1828113.750000
4158    -1828116.750000
4159    -1828119.750000
4160    -1828123.000000
4161    -1828125.750000
4162    -1828128.375000
4163    -1828131.250000
4164    -1828134.750000
4165    -1828137.250000
4166    -1828140.000000
4167    -1828143.000000
4168    -1828146.000000
4169    -1828148.750000
4170    -1828151.375000
4171    -1828154.750000
4172    -1828157.500000
4173    -1828160.625000
4174    -1828163.625000
4175    -1828166.500000
4176    -1828169.000000
4177    -1828172.250000
4178    -1828175.000000
4179    -1828178.000000
4180    -1828181.000000
4181    -1828184.000000
4182    -1828186.750000
4183    -1828189.625000
4184    -1828192.375000
4185    -1828195.750000
4186    -1828198.375000
4187    -1828201.500000
4188    -1828204.500000
4189    -1828207.500000
4190    -1828210.250000
4191    -1828213.000000
4192    -1828216.000000
4193    -1828218.750000
4194    -1828221.875000
4195    -1828224.500000
4196    -1828227.750000
4197    -1828230.625000
4198    -1828233.625000
4199    -1828236.750000
4200    -1828239.500000
4201    -1828242.250000
4202    -1828245.250000
4203    -1828248.250000
4204    -1828251.125000
4205    -1828253.875000
4206    -1828257.250000
4207    -1828259.875000
4208    -1828263.000000
4209    -1828265.500000
4210    -1828268.750000
4211    -1828271.500000
4212    -1828274.500000
4213    -1828277.500000
4214    -1828280.250000
4215    -1828283.250000
4216    -1828286.000000
4217    -1828289.125000
4218    -1828292.125000
4219    -1828294.500000
4220    -1828297.750000
4221    -1828300.375000
4222    -1828303.375000
4223    -1828306.250000
4224    -1828309.000000
4225    -1828312.125000
4226    -1828314.500000
4227    -1828317.750000
4228    -1828320.500000
4229    -1828323.375000
4230    -1828326.625000
4231    -1828329.250000
4232    -1828332.125000
4233    -1828335.000000
4234    -1828337.375000
4235    -1828340.500000
4236    -1828343.500000
4237    -1828346.500000
4238    -1828349.250000
4239    -1828352.000000
4240    -1828354.875000
4241    -1828357.875000
4242    -1828360.500000
4243    -1828363.250000
4244    -1828366.000000
4245    -1828368.750000
4246    -1828371.750000
4247    -1828374.500000
4248    -1828377.500000
4249    -1828380.250000
4250    -1828383.000000
4251    -1828385.875000
4252    -1828388.500000
4253    -1828391.375000
4254    -1828394.000000
4255    -1828397.000000
4256    -1828399.500000
4257    -1828402.625000
4258    -1828405.250000
4259    -1828408.000000
4260    -1828410.750000
4261    -1828413.250000
4262    -1828415.875000
4263    -1828418.750000
4264    -1828421.375000
4265    -1828424.375000
4266    -1828426.875000
4267    -1828429.750000
4268    -1828432.375000
4269    -1828434.750000
4270    -1828437.750000
4271    -1828440.500000
4272    -1828443.500000
4273    -1828445.750000
4274    -1828448.250000
4275    -1828451.000000
4276    -1828453.750000
4277    -1828456.250000
4278    -1828458.750000
4279    -1828461.500000
4280    -1828464.250000
4281    -1828466.500000
4282    -1828469.000000
4283    -1828471.500000
4284    -1828474.500000
4285    -1828477.000000
4286    -1828479.500000
4287    -1828482.000000
4288    -1828484.625000
4289    -1828487.250000
4290    -1828489.750000
4291    -1828492.125000
4292    -1828495.000000
4293    -1828497.375000
4294    -1828499.750000
4295    -1828502.500000
4296    -1828504.750000
4297    -1828507.500000
4298    -1828509.875000
4299    -1828512.625000
4300    -1828515.125000
4301    -1828517.500000
4302    -1828520.125000
4303    -1828522.500000
4304    -1828525.000000
4305    -1828527.250000
4306    -1828529.500000
4307    -1828532.250000
4308    -1828534.875000
4309    -1828537.250000
4310    -1828539.375000
4311    -1828541.750000
4312    -1828544.250000
4313    -1828546.500000
4314    -1828549.000000
4315    -1828551.375000
4316    -1828553.750000
4317    -1828556.000000
4318    -1828558.500000
4319    -1828560.875000
4320    -1828563.000000
4321    -1828565.375000
4322    -1828568.000000
4323    -1828570.125000
4324    -1828572.250000
4325    -1828575.000000
4326    -1828577.000000
4327    -1828579.375000
4328    -1828581.750000
4329    -1828584.000000
4330    -1828586.125000
4331    -1828588.500000
4332    -1828590.625000
4333    -1828593.000000
4334    -1828595.250000
4335    -1828597.375000
4336    -1828599.750000
4337    -1828602.000000
4338    -1828604.250000
4339    -1828606.375000
4340    -1828608.500000
4341    -1828610.750000
4342    -1828612.750000
4343    -1828614.750000
4344    -1828617.000000
4345    -1828619.000000
4346    -1828621.750000
4347    -1828623.750000
4348    -1828626.000000
4349    -1828628.125000
4350    -1828630.250000
4351    -1828632.500000
4352    -1828634.625000
4353    -1828636.625000
4354    -1828638.750000
4355    -1828641.000000
4356    -1828643.250000
4357    -1828645.250000
4358    -1828647.250000
4359    -1828649.375000
4360    -1828651.750000
4361    -1828653.750000
4362    -1828655.875000
4363    -1828658.250000
4364    -1828660.375000
4365    -1828662.250000
4366    -1828664.500000
4367    -1828666.250000
4368    -1828668.500000
4369    -1828670.375000
4370    -1828672.500000
4371    -1828674.500000
4372    -1828676.375000
4373    -1828678.750000
4374    -1828680.625000
4375    -1828682.750000
4376    -1828684.750000
4377    -1828686.750000
4378    -1828688.750000
4379    -1828690.750000
4380    -1828693.000000
4381    -1828694.750000
4382    -1828697.000000
4383    -1828698.625000
4384    -1828700.875000
4385    -1828703.000000
4386    -1828705.125000
4387    -1828707.000000
4388    -1828709.000000
4389    -1828711.000000
4390    -1828713.000000
4391    -1828715.250000
4392    -1828716.875000
4393    -1828719.250000
4394    -1828721.000000
4395    -1828723.000000
4396    -1828725.000000
4397    -1828726.875000
4398    -1828729.000000
4399    -1828731.250000
4400    -1828733.000000
4401    -1828735.250000
4402    -1828737.000000
4403    -1828739.000000
4404    -1828741.000000
4405    -1828743.000000
4406    -1828745.000000
4407    -1828746.875000
4408    -1828749.250000
4409    -1828750.875000
4410    -1828753.125000
4411    -1828754.875000
4412    -1828756.625000
4413    -1828758.625000
4414    -1828760.625000
4415    -1828762.500000
4416    -1828764.500000
4417    -1828766.500000
4418    -1828768.500000
4419    -1828770.125000
4420    -1828772.375000
4421    -1828774.125000
4422    -1828776.000000
4423    -1828778.125000
4424    -1828779.875000
4425    -1828781.875000
4426    -1828784.000000
4427    -1828785.750000
4428    -1828787.750000
4429    -1828789.500000
4430    -1828791.500000
4431    -1828793.750000
4432    -1828795.250000
4433    -1828796.875000
4434    -1828799.000000
4435    -1828800.875000
4436    -1828803.000000
4437    -1828804.625000
4438    -1828806.750000
4439    -1828808.625000
4440    -1828810.375000
4441    -1828812.500000
4442    -1828814.375000
4443    -1828816.125000
4444    -1828818.125000
4445    -1828820.125000
4446    -1828822.000000
4447    -1828823.875000
4448    -1828825.750000
4449    -1828827.500000
4450    -1828829.750000
4451    -1828831.500000
4452    -1828833.375000
4453    -1828835.125000
4454    -1828837.375000
4455    -1828839.500000
4456    -1828841.250000
4457    -1828843.000000
4458    -1828844.875000
4459    -1828846.750000
4460    -1828848.500000
4461    -1828850.500000
4462    -1828852.500000
4463    -1828854.500000
4464    -1828856.250000
4465    -1828858.000000
4466    -1828859.750000
4467    -1828861.500000
4468    -1828863.750000
4469    -1828865.375000
4470    -1828867.250000
4471    -1828869.250000
4472    -1828871.000000
4473    -1828873.000000
4474    -1828874.500000
4475    -1828876.625000
4476    -1828878.500000
4477    -1828880.250000
4478    -1828882.000000
4479    -1828884.000000
4480    -1828885.500000
4481    -1828887.500000
4482    -1828889.375000
4483    -1828891.125000
4484    -1828893.000000
4485    -1828894.875000
4486    -1828896.750000
4487    -1828898.375000
4488    -1828900.250000
4489    -1828901.875000
4490    -1828904.000000
4491    -1828905.500000
4492    -1828907.500000
4493    -1828909.250000
4494    -1828911.250000
4495    -1828912.875000
4496    -1828914.750000
4497    -1828916.750000
4498    -1828918.500000
4499    -1828920.000000
4500    -1828922.000000
4501    -1828923.750000
4502    -1828925.500000
4503    -1828927.500000
4504    -1828929.125000
4505    -1828931.250000
4506    -1828932.875000
4507    -1828934.500000
4508    -1828936.375000
4509    -1828938.375000
4510    -1828940.000000
4511    -1828941.750000
4512    -1828943.625000
4513    -1828945.250000
4514    -1828946.875000
4515    -1828949.000000
4516    -1828950.500000
4517    -1828952.500000
4518    -1828954.375000
4519    -1828956.250000
4520    -1828958.000000
4521    -1828959.750000
4522    -1828961.500000
4523    -1828963.125000
4524    -1828965.000000
4525    -1828966.875000
4526    -1828968.625000
4527    -1828970.250000
4528    -1828972.250000
4529    -1828974.125000
4530    -1828975.500000
4531    -1828977.250000
4532    -1828979.250000
4533    -1828980.875000
4534    -1828982.625000
4535    -1828984.625000
4536    -1828986.250000
4537    -1828988.250000
4538    -1828990.125000
4539    -1828991.625000
4540    -1828993.625000
4541    -1828995.250000
4542    -1828997.000000
4543    -1828998.750000
4544    -1829000.625000
4545    -1829002.375000
4546    -1829004.000000
4547    -1829006.000000
4548    -1829007.750000
4549    -1829009.500000
4550    -1829011.125000
4551    -1829012.875000
4552    -1829014.625000
4553    -1829016.500000
4554    -1829018.500000
4555    -1829020.000000
4556    -1829021.875000
4557    -1829023.750000
4558    -1829025.000000
4559    -1829027.250000
4560    -1829028.750000
4561    -1829030.500000
4562    -1829032.250000
4563    -1829034.375000
4564    -1829035.875000
4565    -1829037.500000
4566    -1829039.500000
4567    -1829041.250000
4568    -1829042.875000
4569    -1829044.750000
4570    -1829046.500000
4571    -1829048.500000
4572    -1829050.000000
4573    -1829051.625000
4574    -1829053.500000
4575    -1829055.250000
4576    -1829056.750000
4577    -1829058.750000
4578    -1829060.250000
4579    -1829062.125000
4580    -1829064.000000
4581    -1829065.875000
4582    -1829067.500000
4583    -1829069.375000
4584    -1829070.750000
4585    -1829072.750000
4586    -1829074.500000
4587    -1829076.250000
4588    -1829078.000000
4589    -1829079.625000
4590    -1829081.500000
4591    -1829083.250000
4592    -1829085.125000
4593    -1829087.000000
4594    -1829088.625000
4595    -1829090.000000
4596    -1829091.750000
4597    -1829093.875000
4598    -1829095.500000
4599    -1829097.125000
4600    -1829099.375000
4601    -1829100.625000
4602    -1829102.500000
4603    -1829104.250000
4604    -1829106.250000
4605    -1829107.875000
4606    -1829109.250000
4607    -1829111.125000
4608    -1829113.250000
4609    -1829114.750000
4610    -1829116.625000
4611    -1829118.500000
4612    -1829120.125000
4613    -1829122.000000
4614    -1829123.500000
4615    -1829125.250000
4616    -1829126.875000
4617    -1829128.750000
4618    -1829130.500000
4619    -1829132.000000
4620    -1829134.000000
4621    -1829135.875000
4622    -1829137.500000
4623    -1829139.250000
4624    -1829141.125000
4625    -1829143.000000
4626    -1829144.625000
4627    -1829146.125000
4628    -1829148.000000
4629    -1829149.750000
4630    -1829151.500000
4631    -1829153.500000
4632    -1829155.000000
4633    -1829157.000000
4634    -1829158.750000
4635    -1829160.500000
4636    -1829162.000000
4637    -1829163.500000
4638    -1829165.500000
4639    -1829167.250000
4640    -1829169.250000
4641    -1829171.125000
4642    -1829172.875000
4643    -1829174.375000
4644    -1829176.125000
4645    -1829177.875000
4646    -1829179.750000
4647    -1829181.500000
4648    -1829183.000000
4649    -1829185.000000
4650    -1829186.875000
4651    -1829188.500000
4652    -1829190.125000
4653    -1829192.000000
4654    -1829193.750000
4655    -1829195.625000
4656    -1829197.500000
4657    -1829199.250000
4658    -1829201.000000
4659    -1829202.875000
4660    -1829204.375000
4661    -1829206.125000
4662    -1829208.250000
4663    -1829209.750000
4664    -1829211.625000
4665    -1829213.250000
4666    -1829215.250000
4667    -1829217.000000
4668    -1829218.750000
4669    -1829220.750000
4670    -1829222.500000
4671    -1829224.250000
4672    -1829226.000000
4673    -1829227.750000
4674    -1829229.500000
4675    -1829231.500000
4676    -1829233.125000
4677    -1829234.875000
4678    -1829236.750000
4679    -1829238.625000
4680    -1829240.250000
4681    -1829242.250000
4682    -1829243.875000
4683    -1829245.500000
4684    -1829247.500000
4685    -1829249.375000
4686    -1829251.000000
4687    -1829252.750000
4688    -1829254.750000
4689    -1829256.250000
4690    -1829258.500000
4691    -1829260.250000
4692    -1829262.000000
4693    -1829263.750000
4694    -1829265.500000
4695    -1829267.375000
4696    -1829269.000000
4697    -1829271.000000
4698    -1829272.625000
4699    -1829274.500000
4700    -1829276.500000
4701    -1829278.500000
4702    -1829280.250000
4703    -1829281.875000
4704    -1829284.000000
4705    -1829285.500000
4706    -1829287.250000
4707    -1829289.375000
4708    -1829290.875000
4709    -1829292.750000
4710    -1829294.500000
4711    -1829296.500000
4712    -1829298.250000
4713    -1829300.125000
4714    -1829302.000000
4715    -1829303.750000
4716    -1829305.500000
4717    -1829307.500000
4718    -1829309.625000
4719    -1829311.500000
4720    -1829313.000000
4721    -1829314.875000
4722    -1829317.000000
4723    -1829318.625000
4724    -1829320.750000
4725    -1829322.375000
4726    -1829324.375000
4727    -1829326.125000
4728    -1829328.250000
4729    -1829329.875000
4730    -1829331.750000
4731    -1829333.625000
4732    -1829335.500000
4733    -1829337.375000
4734    -1829339.125000
4735    -1829340.750000
4736    -1829342.750000
4737    -1829344.875000
4738    -1829346.500000
4739    -1829348.500000
4740    -1829350.375000
4741    -1829352.000000
4742    -1829354.000000
4743    -1829356.000000
4744    -1829357.625000
4745    -1829359.500000
4746    -1829361.500000
4747    -1829363.500000
4748    -1829365.250000
4749    -1829367.250000
4750    -1829369.000000
4751    -1829371.000000
4752    -1829372.875000
4753    -1829374.875000
4754    -1829376.500000
4755    -1829378.500000
4756    -1829380.375000
4757    -1829382.125000
4758    -1829384.250000
4759    -1829385.875000
4760    -1829387.875000
4761    -1829389.750000
4762    -1829391.625000
4763    -1829393.375000
4764    -1829395.250000
4765    -1829397.000000
4766    -1829399.250000
4767    -1829400.875000
4768    -1829403.000000
4769    -1829404.750000
4770    -1829406.750000
4771    -1829408.625000
4772    -1829410.500000
4773    -1829412.500000
4774    -1829414.250000
4775    -1829416.125000
4776    -1829418.250000
4777    -1829420.250000
4778    -1829422.000000
4779    -1829424.000000
4780    -1829425.750000
4781    -1829427.625000
4782    -1829429.750000
4783    -1829431.500000
4784    -1829433.500000
4785    -1829435.375000
4786    -1829437.500000
4787    -1829439.375000
4788    -1829441.250000
4789    -1829443.250000
4790    -1829445.250000
4791    -1829447.125000
4792    -1829449.125000
4793    -1829451.000000
4794    -1829453.000000
4795    -1829455.000000
4796    -1829457.000000
4797    -1829458.875000
4798    -1829460.750000
4799    -1829462.750000
4800    -1829464.750000
4801    -1829466.500000
4802    -1829468.500000
4803    -1829470.625000
4804    -1829472.625000
4805    -1829474.375000
4806    -1829476.500000
4807    -1829478.375000
4808    -1829480.250000
4809    -1829482.125000
4810    -1829484.250000
4811    -1829486.250000
4812    -1829488.125000
4813    -1829489.750000
4814    -1829492.000000
4815    -1829493.750000
4816    -1829496.000000
4817    -1829497.750000
4818    -1829499.750000
4819    -1829501.875000
4820    -1829504.000000
4821    -1829505.750000
4822    -1829507.875000
4823    -1829509.375000
4824    -1829511.750000
4825    -1829513.625000
4826    -1829515.500000
4827    -1829517.250000
4828    -1829519.625000
4829    -1829521.000000
4830    -1829523.125000
4831    -1829525.250000
4832    -1829527.125000
4833    -1829529.125000
4834    -1829531.000000
4835    -1829533.000000
4836    -1829534.875000
4837    -1829536.750000
4838    -1829538.875000
4839    -1829540.750000
4840    -1829542.750000
4841    -1829544.750000
4842    -1829546.500000
4843    -1829548.500000
4844    -1829550.375000
4845    -1829552.500000
4846    -1829554.250000
4847    -1829556.250000
4848    -1829558.250000
4849    -1829560.250000
4850    -1829562.125000
4851    -1829563.875000
4852    -1829565.875000
4853    -1829568.000000
4854    -1829569.500000
4855    -1829571.500000
4856    -1829573.500000
4857    -1829575.500000
4858    -1829577.250000
4859    -1829579.000000
4860    -1829581.000000
4861    -1829582.750000
4862    -1829584.500000
4863    -1829586.500000
4864    -1829588.250000
4865    -1829590.125000
4866    -1829592.250000
4867    -1829594.000000
4868    -1829595.750000
4869    -1829597.625000
4870    -1829599.500000
4871    -1829601.250000
4872    -1829603.375000
4873    -1829605.000000
4874    -1829606.875000
4875    -1829608.875000
4876    -1829610.500000
4877    -1829612.500000
4878    -1829614.000000
4879    -1829616.000000
4880    -1829617.750000
4881    -1829619.750000
4882    -1829621.625000
4883    -1829623.250000
4884    -1829625.125000
4885    -1829627.000000
4886    -1829628.625000
4887    -1829630.500000
4888    -1829632.000000
4889    -1829633.875000
4890    -1829635.750000
4891    -1829637.750000
4892    -1829639.250000
4893    -1829641.250000
4894    -1829642.875000
4895    -1829644.375000
4896    -1829646.500000
4897    -1829648.125000
4898    -1829649.875000
4899    -1829651.625000
4900    -1829653.500000
4901    -1829655.250000
4902    -1829657.000000
4903    -1829658.500000
4904    -1829660.250000
4905    -1829662.000000
4906    -1829663.750000
4907    -1829665.875000
4908    -1829667.500000
4909    -1829669.000000
4910    -1829670.750000
4911    -1829672.625000
4912    -1829674.375000
4913    -1829676.000000
4914    -1829677.750000
4915    -1829679.375000
4916    -1829681.250000
4917    -1829682.750000
4918    -1829684.500000
4919    -1829686.000000
4920    -1829688.000000
4921    -1829689.250000
4922    -1829691.250000
4923    -1829692.750000
4924    -1829694.500000
4925    -1829696.000000
4926    -1829697.875000
4927    -1829699.750000
4928    -1829701.000000
4929    -1829702.875000
4930    -1829704.500000
4931    -1829706.000000
4932    -1829707.750000
4933    -1829709.250000
4934    -1829711.125000
4935    -1829712.750000
4936    -1829714.375000
4937    -1829716.000000
4938    -1829717.625000
4939    -1829719.500000
4940    -1829721.375000
4941    -1829722.500000
4942    -1829724.250000
4943    -1829725.875000
4944    -1829727.500000
4945    -1829729.000000
4946    -1829730.750000
4947    -1829732.250000
4948    -1829734.000000
4949    -1829735.375000
4950    -1829737.000000
4951    -1829738.875000
4952    -1829740.125000
4953    -1829742.000000
4954    -1829743.625000
4955    -1829745.000000
4956    -1829746.500000
4957    -1829748.125000
4958    -1829750.000000
4959    -1829751.375000
4960    -1829753.125000
4961    -1829754.625000
4962    -1829756.250000
4963    -1829758.000000
4964    -1829759.250000
4965    -1829760.875000
4966    -1829762.500000
4967    -1829763.750000
4968    -1829765.625000
4969    -1829767.250000
4970    -1829768.625000
4971    -1829770.125000
4972    -1829771.750000
4973    -1829773.500000
4974    -1829774.875000
4975    -1829776.500000
4976    -1829778.000000
4977    -1829779.500000
4978    -1829781.000000
4979    -1829782.625000
4980    -1829784.000000
4981    -1829785.625000
4982    -1829787.000000
4983    -1829788.625000
4984    -1829790.125000
4985    -1829791.875000
4986    -1829793.250000
4987    -1829794.875000
4988    -1829796.250000
4989    -1829797.750000
4990    -1829799.500000
4991    -1829800.750000
4992    -1829802.500000
4993    -1829804.000000
4994    -1829805.125000
4995    -1829806.750000
4996    -1829808.250000
4997    -1829810.125000
4998    -1829811.125000
4999    -1829812.625000
5000    -1829814.375000
5001    -1829816.000000
5002    -1829817.250000
5003    -1829819.000000
5004    -1829820.125000
5005    -1829821.750000
5006    -1829823.500000
5007    -1829824.750000
5008    -1829826.375000
5009    -1829827.750000
5010    -1829829.375000
5011    -1829831.125000
5012    -1829832.125000
5013    -1829833.500000
5014    -1829835.250000
5015    -1829836.750000
5016    -1829838.250000
5017    -1829839.625000
5018    -1829841.125000
5019    -1829842.375000
5020    -1829844.000000
5021    -1829845.375000
5022    -1829846.750000
5023    -1829848.250000
5024    -1829849.750000
5025    -1829851.000000
5026    -1829852.750000
5027    -1829854.000000
5028    -1829855.500000
5029    -1829857.000000
5030    -1829858.500000
5031    -1829859.750000
5032    -1829861.250000
5033    -1829862.625000
5034    -1829864.000000
5035    -1829865.500000
5036    -1829867.000000
5037    -1829868.250000
5038    -1829869.750000
5039    -1829871.250000
5040    -1829872.625000
5041    -1829874.000000
5042    -1829875.000000
5043    -1829876.625000
5044    -1829878.250000
5045    -1829879.625000
5046    -1829881.250000
5047    -1829882.500000
5048    -1829883.750000
5049    -1829885.250000
5050    -1829886.875000
5051    -1829888.000000
5052    -1829889.500000
5053    -1829890.875000
5054    -1829892.000000
5055    -1829893.875000
5056    -1829895.125000
5057    -1829896.500000
5058    -1829897.750000
5059    -1829899.375000
5060    -1829900.750000
5061    -1829902.250000
5062    -1829903.500000
5063    -1829905.000000
5064    -1829906.250000
5065    -1829908.000000
5066    -1829909.250000
5067    -1829910.500000
5068    -1829912.125000
5069    -1829913.375000
5070    -1829914.750000
5071    -1829916.250000
5072    -1829917.750000
5073    -1829919.125000
5074    -1829920.750000
5075    -1829922.000000
5076    -1829923.250000
5077    -1829924.750000
5078    -1829926.250000
5079    -1829927.500000
5080    -1829928.750000
5081    -1829930.375000
5082    -1829931.875000
5083    -1829933.250000
5084    -1829934.750000
5085    -1829936.000000
5086    -1829937.500000
5087    -1829939.000000
5088    -1829940.250000
5089    -1829942.000000
5090    -1829943.375000
5091    -1829945.000000
5092    -1829946.500000
5093    -1829947.875000
5094    -1829949.250000
5095    -1829950.750000
5096    -1829952.375000
5097    -1829953.625000
5098    -1829955.125000
5099    -1829956.625000
5100    -1829958.250000
5101    -1829959.500000
5102    -1829961.000000
5103    -1829962.250000
5104    -1829963.750000
5105    -1829965.250000
5106    -1829966.750000
5107    -1829968.250000
5108    -1829969.500000
5109    -1829971.250000
5110    -1829972.500000
5111    -1829974.000000
5112    -1829975.500000
5113    -1829977.000000
5114    -1829978.500000
5115    -1829979.750000
5116    -1829981.250000
5117    -1829982.875000
5118    -1829984.250000
5119    -1829985.500000
5120    -1829987.000000
5121    -1829988.500000
5122    -1829990.000000
5123    -1829991.125000
5124    -1829992.750000
5125    -1829994.250000
5126    -1829995.750000
5127    -1829997.375000
5128    -1829998.625000
5129    -1830000.250000
5130    -1830001.750000
5131    -1830003.250000
5132    -1830004.500000
5133    -1830006.000000
5134    -1830007.625000
5135    -1830009.000000
5136    -1830010.375000
5137    -1830012.000000
5138    -1830013.750000
5139    -1830015.000000
5140    -1830016.250000
5141    -1830018.000000
5142    -1830019.250000
5143    -1830020.750000
5144    -1830022.000000
5145    -1830023.625000
5146    -1830025.125000
5147    -1830026.500000
5148    -1830027.750000
5149    -1830029.500000
5150    -1830031.000000
5151    -1830032.250000
5152    -1830034.000000
5153    -1830035.375000
5154    -1830036.875000
5155    -1830038.500000
5156    -1830040.000000
5157    -1830041.250000
5158    -1830042.625000
5159    -1830044.250000
5160    -1830045.750000
5161    -1830047.250000
5162    -1830048.750000
5163    -1830050.000000
5164    -1830051.500000
5165    -1830053.000000
5166    -1830054.375000
5167    -1830056.000000
5168    -1830057.625000
5169    -1830059.000000
5170    -1830060.375000
5171    -1830062.000000
5172    -1830063.625000
5173    -1830064.750000
5174    -1830066.500000
5175    -1830067.750000
5176    -1830069.500000
5177    -1830070.875000
5178    -1830072.375000
5179    -1830074.000000
5180    -1830075.500000
5181    -1830077.000000
5182    -1830078.750000
5183    -1830080.000000
5184    -1830081.500000
5185    -1830082.875000
5186    -1830084.375000
5187    -1830086.250000
5188    -1830087.500000
5189    -1830089.375000
5190    -1830090.500000
5191    -1830092.125000
5192    -1830093.500000
5193    -1830095.000000
5194    -1830096.750000
5195    -1830098.000000
5196    -1830099.625000
5197    -1830101.125000
5198    -1830102.750000
5199    -1830104.375000
5200    -1830105.750000
5201    -1830107.250000
5202    -1830108.500000
5203    -1830110.500000
5204    -1830112.000000
5205    -1830113.250000
5206    -1830114.750000
5207    -1830116.250000
5208    -1830118.000000
5209    -1830119.500000
5210    -1830121.000000
5211    -1830122.500000
5212    -1830124.000000
5213    -1830125.500000
5214    -1830127.000000
5215    -1830128.500000
5216    -1830130.250000
5217    -1830131.750000
5218    -1830133.125000
5219    -1830134.750000
5220    -1830136.500000
5221    -1830138.000000
5222    -1830139.250000
5223    -1830141.000000
5224    -1830142.500000
5225    -1830144.000000
5226    -1830145.625000
5227    -1830147.250000
5228    -1830148.625000
5229    -1830150.000000
5230    -1830151.750000
5231    -1830153.500000
5232    -1830155.000000
5233    -1830156.250000
5234    -1830157.750000
5235    -1830159.625000
5236    -1830161.000000
5237    -1830162.625000
5238    -1830164.250000
5239    -1830165.750000
5240    -1830167.250000
5241    -1830168.750000
5242    -1830170.250000
5243    -1830172.000000
5244    -1830173.375000
5245    -1830175.250000
5246    -1830176.500000
5247    -1830178.375000
5248    -1830179.750000
5249    -1830181.250000
5250    -1830183.000000
5251    -1830184.500000
5252    -1830186.125000
5253    -1830187.500000
5254    -1830189.250000
5255    -1830190.625000
5256    -1830192.250000
5257    -1830193.750000
5258    -1830195.375000
5259    -1830197.250000
5260    -1830198.750000
5261    -1830200.250000
5262    -1830202.000000
5263    -1830203.500000
5264    -1830204.750000
5265    -1830206.750000
5266    -1830208.375000
5267    -1830210.000000
5268    -1830211.500000
5269    -1830213.000000
5270    -1830214.750000
5271    -1830216.500000
5272    -1830218.000000
5273    -1830219.500000
5274    -1830221.000000
5275    -1830223.000000
5276    -1830224.500000
5277    -1830226.000000
5278    -1830227.875000
5279    -1830229.250000
5280    -1830231.000000
5281    -1830232.500000
5282    -1830234.250000
5283    -1830235.875000
5284    -1830237.500000
5285    -1830239.250000
5286    -1830240.750000
5287    -1830242.375000
5288    -1830244.375000
5289    -1830245.750000
5290    -1830247.500000
5291    -1830249.375000
5292    -1830250.625000
5293    -1830252.500000
5294    -1830254.375000
5295    -1830255.750000
5296    -1830257.500000
5297    -1830259.250000
5298    -1830260.750000
5299    -1830262.500000
5300    -1830264.250000
5301    -1830265.750000
5302    -1830267.625000
5303    -1830269.375000
5304    -1830271.125000
5305    -1830272.750000
5306    -1830274.750000
5307    -1830276.250000
5308    -1830278.000000
5309    -1830279.500000
5310    -1830281.500000
5311    -1830283.000000
5312    -1830284.750000
5313    -1830286.500000
5314    -1830288.500000
5315    -1830289.875000
5316    -1830292.000000
5317    -1830293.500000
5318    -1830295.250000
5319    -1830297.000000
5320    -1830299.000000
5321    -1830300.625000
5322    -1830302.250000
5323    -1830304.000000
5324    -1830305.500000
5325    -1830307.500000
5326    -1830309.375000
5327    -1830311.250000
5328    -1830312.750000
5329    -1830314.750000
5330    -1830316.250000
5331    -1830318.000000
5332    -1830320.000000
5333    -1830322.000000
5334    -1830323.750000
5335    -1830325.500000
5336    -1830327.250000
5337    -1830329.000000
5338    -1830330.875000
5339    -1830332.750000
5340    -1830334.500000
5341    -1830336.500000
5342    -1830338.375000
5343    -1830340.000000
5344    -1830341.750000
5345    -1830343.750000
5346    -1830345.500000
5347    -1830347.750000
5348    -1830349.625000
5349    -1830351.000000
5350    -1830353.125000
5351    -1830355.000000
5352    -1830356.875000
5353    -1830358.875000
5354    -1830360.750000
5355    -1830362.500000
5356    -1830364.500000
5357    -1830366.500000
5358    -1830368.125000
5359    -1830370.375000
5360    -1830372.250000
5361    -1830374.000000
5362    -1830375.750000
5363    -1830377.500000
5364    -1830379.750000
5365    -1830381.500000
5366    -1830383.625000
5367    -1830385.250000
5368    -1830387.375000
5369    -1830389.250000
5370    -1830391.500000
5371    -1830393.250000
5372    -1830395.250000
5373    -1830397.250000
5374    -1830399.250000
5375    -1830401.125000
5376    -1830403.000000
5377    -1830405.250000
5378    -1830407.000000
5379    -1830409.000000
5380    -1830411.000000
5381    -1830412.750000
5382    -1830414.875000
5383    -1830417.000000
5384    -1830419.000000
5385    -1830420.750000
5386    -1830423.000000
5387    -1830425.000000
5388    -1830427.250000
5389    -1830429.250000
5390    -1830431.000000
5391    -1830433.250000
5392    -1830435.250000
5393    -1830437.375000
5394    -1830439.250000
5395    -1830441.250000
5396    -1830443.250000
5397    -1830445.500000
5398    -1830447.625000
5399    -1830449.750000
5400    -1830451.375000
5401    -1830453.250000
5402    -1830455.625000
5403    -1830457.750000
5404    -1830459.750000
5405    -1830462.000000
5406    -1830463.875000
5407    -1830466.000000
5408    -1830468.000000
5409    -1830470.000000
5410    -1830472.125000
5411    -1830474.250000
5412    -1830476.500000
5413    -1830478.500000
5414    -1830480.500000
5415    -1830482.500000
5416    -1830484.500000
5417    -1830486.625000
5418    -1830489.000000
5419    -1830491.125000
5420    -1830493.250000
5421    -1830495.000000
5422    -1830497.250000
5423    -1830499.375000
5424    -1830501.750000
5425    -1830503.750000
5426    -1830505.750000
5427    -1830508.000000
5428    -1830510.125000
5429    -1830512.250000
5430    -1830514.250000
5431    -1830516.500000
5432    -1830518.500000
5433    -1830520.750000
5434    -1830522.875000
5435    -1830525.125000
5436    -1830527.250000
5437    -1830529.250000
5438    -1830531.375000
5439    -1830533.250000
5440    -1830535.625000
5441    -1830538.000000
5442    -1830540.000000
5443    -1830542.000000
5444    -1830544.375000
5445    -1830546.375000
5446    -1830548.750000
5447    -1830550.750000
5448    -1830553.000000
5449    -1830555.000000
5450    -1830557.250000
5451    -1830559.250000
5452    -1830561.375000
5453    -1830563.625000
5454    -1830565.750000
5455    -1830567.750000
5456    -1830570.125000
5457    -1830572.500000
5458    -1830574.500000
5459    -1830576.750000
5460    -1830578.750000
5461    -1830580.875000
5462    -1830583.250000
5463    -1830585.125000
5464    -1830587.500000
5465    -1830589.500000
5466    -1830591.750000
5467    -1830594.000000
5468    -1830596.000000
5469    -1830598.250000
5470    -1830600.250000
5471    -1830602.750000
5472    -1830604.750000
5473    -1830606.875000
5474    -1830609.000000
5475    -1830611.250000
5476    -1830613.500000
5477    -1830615.750000
5478    -1830617.750000
5479    -1830620.125000
5480    -1830622.000000
5481    -1830624.375000
5482    -1830626.250000
5483    -1830628.500000
5484    -1830630.750000
5485    -1830633.000000
5486    -1830635.000000
5487    -1830637.250000
5488    -1830639.250000
5489    -1830641.625000
5490    -1830643.750000
5491    -1830645.875000
5492    -1830648.125000
5493    -1830650.500000
5494    -1830652.500000
5495    -1830654.500000
5496    -1830656.750000
5497    -1830658.875000
5498    -1830661.125000
5499    -1830663.000000
5500    -1830665.375000
5501    -1830667.500000
5502    -1830669.750000
5503    -1830671.625000
5504    -1830673.750000
5505    -1830676.000000
5506    -1830678.125000
5507    -1830680.250000
5508    -1830682.625000
5509    -1830684.500000
5510    -1830686.625000
5511    -1830688.625000
5512    -1830690.875000
5513    -1830693.000000
5514    -1830695.125000
5515    -1830697.250000
5516    -1830699.500000
5517    -1830701.500000
5518    -1830703.250000
5519    -1830705.375000
5520    -1830707.750000
5521    -1830709.750000
5522    -1830711.750000
5523    -1830713.625000
5524    -1830715.750000
5525    -1830717.750000
5526    -1830720.000000
5527    -1830722.000000
5528    -1830724.250000
5529    -1830726.000000
5530    -1830728.125000
5531    -1830730.125000
5532    -1830732.500000
5533    -1830734.500000
5534    -1830736.375000
5535    -1830738.500000
5536    -1830740.625000
5537    -1830742.750000
5538    -1830744.750000
5539    -1830746.750000
5540    -1830749.000000
5541    -1830750.625000
5542    -1830752.875000
5543    -1830754.750000
5544    -1830756.750000
5545    -1830758.750000
5546    -1830760.750000
5547    -1830762.750000
5548    -1830764.750000
5549    -1830766.500000
5550    -1830768.500000
5551    -1830770.500000
5552    -1830772.750000
5553    -1830774.500000
5554    -1830777.000000
5555    -1830778.500000
5556    -1830780.750000
5557    -1830782.500000
5558    -1830784.375000
5559    -1830786.500000
5560    -1830788.750000
5561    -1830790.375000
5562    -1830792.500000
5563    -1830794.250000
5564    -1830796.375000
5565    -1830798.250000
5566    -1830800.000000
5567    -1830801.875000
5568    -1830804.000000
5569    -1830806.000000
5570    -1830808.000000
5571    -1830809.875000
5572    -1830812.000000
5573    -1830813.750000
5574    -1830815.500000
5575    -1830817.750000
5576    -1830819.750000
5577    -1830821.500000
5578    -1830823.375000
5579    -1830825.250000
5580    -1830827.000000
5581    -1830829.000000
5582    -1830831.125000
5583    -1830832.750000
5584    -1830834.875000
5585    -1830836.750000
5586    -1830838.500000
5587    -1830840.250000
5588    -1830842.000000
5589    -1830844.000000
5590    -1830845.750000
5591    -1830847.875000
5592    -1830849.500000
5593    -1830851.500000
5594    -1830853.250000
5595    -1830855.000000
5596    -1830856.750000
5597    -1830859.000000
5598    -1830860.750000
5599    -1830862.250000
5600    -1830864.250000
5601    -1830865.875000
5602    -1830867.500000
5603    -1830869.500000
5604    -1830871.250000
5605    -1830873.250000
5606    -1830874.750000
5607    -1830876.750000
5608    -1830878.500000
5609    -1830879.750000
5610    -1830881.500000
5611    -1830883.375000
5612    -1830885.250000
5613    -1830887.000000
5614    -1830888.500000
5615    -1830890.250000
5616    -1830892.000000
5617    -1830893.500000
5618    -1830895.500000
5619    -1830897.000000
5620    -1830898.500000
5621    -1830900.250000
5622    -1830902.000000
5623    -1830903.750000
5624    -1830905.250000
5625    -1830906.750000
5626    -1830908.375000
5627    -1830910.250000
5628    -1830911.625000
5629    -1830913.500000
5630    -1830914.750000
5631    -1830916.625000
5632    -1830918.000000
5633    -1830919.375000
5634    -1830921.250000
5635    -1830923.000000
5636    -1830924.500000
5637    -1830925.750000
5638    -1830927.500000
5639    -1830929.250000
5640    -1830930.875000
5641    -1830932.250000
5642    -1830933.750000
5643    -1830935.375000
5644    -1830937.000000
5645    -1830938.625000
5646    -1830939.875000
5647    -1830941.500000
5648    -1830943.000000
5649    -1830944.625000
5650    -1830946.000000
5651    -1830947.500000
5652    -1830949.250000
5653    -1830950.625000
5654    -1830952.375000
5655    -1830953.750000
5656    -1830955.125000
5657    -1830956.750000
5658    -1830958.250000
5659    -1830959.500000
5660    -1830960.750000
5661    -1830962.500000
5662    -1830964.000000
5663    -1830965.500000
5664    -1830966.750000
5665    -1830968.250000
5666    -1830969.750000
5667    -1830971.250000
5668    -1830972.500000
5669    -1830974.000000
5670    -1830975.500000
5671    -1830976.750000
5672    -1830978.250000
5673    -1830979.500000
5674    -1830981.125000
5675    -1830982.500000
5676    -1830983.875000
5677    -1830985.250000
5678    -1830986.750000
5679    -1830987.500000
5680    -1830989.250000
5681    -1830990.750000
5682    -1830992.000000
5683    -1830993.375000
5684    -1830994.875000
5685    -1830996.250000
5686    -1830997.250000
5687    -1830998.625000
5688    -1831000.000000
5689    -1831001.500000
5690    -1831002.250000
5691    -1831003.750000
5692    -1831005.250000
5693    -1831006.250000
5694    -1831007.750000
5695    -1831009.000000
5696    -1831010.250000
5697    -1831011.625000
5698    -1831012.625000
5699    -1831014.250000
5700    -1831015.625000
5701    -1831016.625000
5702    -1831018.000000
5703    -1831019.500000
5704    -1831020.625000
5705    -1831021.875000
5706    -1831023.250000
5707    -1831024.250000
5708    -1831025.750000
5709    -1831026.875000
5710    -1831028.000000
5711    -1831029.250000
5712    -1831030.500000
5713    -1831031.875000
5714    -1831033.000000
5715    -1831034.000000
5716    -1831035.250000
5717    -1831036.750000
5718    -1831038.000000
5719    -1831039.250000
5720    -1831040.250000
5721    -1831041.500000
5722    -1831042.875000
5723    -1831044.000000
5724    -1831045.250000
5725    -1831046.500000
5726    -1831048.000000
5727    -1831049.000000
5728    -1831050.250000
5729    -1831051.625000
5730    -1831052.750000
5731    -1831054.000000
5732    -1831055.250000
5733    -1831056.500000
5734    -1831057.500000
5735    -1831058.875000
5736    -1831060.000000
5737    -1831061.250000
5738    -1831062.500000
5739    -1831063.625000
5740    -1831064.875000
5741    -1831066.250000
5742    -1831067.500000
5743    -1831068.625000
5744    -1831070.000000
5745    -1831071.125000
5746    -1831072.625000
5747    -1831073.500000
5748    -1831074.750000
5749    -1831076.000000
5750    -1831077.125000
5751    -1831078.375000
5752    -1831079.750000
5753    -1831081.000000
5754    -1831082.000000
5755    -1831083.375000
5756    -1831084.500000
5757    -1831085.875000
5758    -1831086.750000
5759    -1831088.000000
5760    -1831089.125000
5761    -1831090.500000
5762    -1831091.625000
5763    -1831093.000000
5764    -1831094.125000
5765    -1831095.500000
5766    -1831096.375000
5767    -1831098.000000
5768    -1831099.000000
5769    -1831100.250000
5770    -1831101.500000
5771    -1831102.625000
5772    -1831103.750000
5773    -1831104.875000
5774    -1831106.125000
5775    -1831107.375000
5776    -1831108.500000
5777    -1831109.750000
5778    -1831110.875000
5779    -1831112.250000
5780    -1831113.375000
5781    -1831114.625000
5782    -1831115.750000
5783    -1831117.000000
5784    -1831118.250000
5785    -1831119.250000
5786    -1831120.750000
5787    -1831121.750000
5788    -1831123.000000
5789    -1831124.250000
5790    -1831125.250000
5791    -1831126.625000
5792    -1831127.750000
5793    -1831129.000000
5794    -1831130.000000
5795    -1831131.375000
5796    -1831132.750000
5797    -1831133.750000
5798    -1831134.750000
5799    -1831136.000000
5800    -1831137.250000
5801    -1831138.375000
5802    -1831139.625000
5803    -1831140.625000
5804    -1831141.750000
5805    -1831143.125000
5806    -1831144.250000
5807    -1831145.500000
5808    -1831146.500000
5809    -1831147.750000
5810    -1831148.875000
5811    -1831150.250000
5812    -1831151.125000
5813    -1831152.250000
5814    -1831153.375000
5815    -1831154.500000
5816    -1831155.625000
5817    -1831157.000000
5818    -1831158.000000
5819    -1831159.125000
5820    -1831160.250000
5821    -1831161.625000
5822    -1831162.625000
5823    -1831163.750000
5824    -1831164.875000
5825    -1831166.125000
5826    -1831167.250000
5827    -1831168.250000
5828    -1831169.375000
5829    -1831170.500000
5830    -1831171.750000
5831    -1831172.625000
5832    -1831173.750000
5833    -1831174.750000
5834    -1831176.000000
5835    -1831177.000000
5836    -1831178.125000
5837    -1831179.125000
5838    -1831180.250000
5839    -1831181.375000
5840    -1831182.500000
5841    -1831183.250000
5842    -1831184.500000
5843    -1831185.250000
5844    -1831186.500000
5845    -1831187.500000
5846    -1831188.875000
5847    -1831189.625000
5848    -1831191.000000
5849    -1831191.875000
5850    -1831192.750000
5851    -1831194.000000
5852    -1831195.000000
5853    -1831195.875000
5854    -1831196.875000
5855    -1831198.000000
5856    -1831199.125000
5857    -1831199.750000
5858    -1831201.000000
5859    -1831201.875000
5860    -1831203.125000
5861    -1831203.875000
5862    -1831204.875000
5863    -1831205.875000
5864    -1831207.000000
5865    -1831208.000000
5866    -1831209.125000
5867    -1831210.000000
5868    -1831210.875000
5869    -1831211.750000
5870    -1831212.875000
5871    -1831213.750000
5872    -1831214.875000
5873    -1831215.750000
5874    -1831216.750000
5875    -1831217.375000
5876    -1831218.625000
5877    -1831219.625000
5878    -1831220.500000
5879    -1831221.625000
5880    -1831222.625000
5881    -1831223.625000
5882    -1831224.250000
5883    -1831225.250000
5884    -1831226.125000
5885    -1831227.500000
5886    -1831228.000000
5887    -1831229.000000
5888    -1831230.000000
5889    -1831230.875000
5890    -1831231.875000
5891    -1831232.875000
5892    -1831233.500000
5893    -1831234.750000
5894    -1831235.750000
5895    -1831236.750000
5896    -1831237.500000
5897    -1831238.500000
5898    -1831239.500000
5899    -1831240.125000
5900    -1831241.375000
5901    -1831242.125000
5902    -1831243.000000
5903    -1831244.000000
5904    -1831244.750000
5905    -1831245.750000
5906    -1831246.500000
5907    -1831247.500000
5908    -1831248.500000
5909    -1831249.250000
5910    -1831250.250000
5911    -1831251.250000
5912    -1831251.750000
5913    -1831253.000000
5914    -1831254.000000
5915    -1831254.750000
5916    -1831255.625000
5917    -1831256.500000
5918    -1831257.250000
5919    -1831258.375000
5920    -1831259.250000
5921    -1831260.000000
5922    -1831260.875000
5923    -1831262.000000
5924    -1831262.500000
5925    -1831263.875000
5926    -1831264.750000
5927    -1831265.625000
5928    -1831266.500000
5929    -1831267.375000
5930    -1831268.375000
5931    -1831269.500000
5932    -1831270.125000
5933    -1831271.000000
5934    -1831271.750000
5935    -1831272.750000
5936    -1831273.500000
5937    -1831274.500000
5938    -1831275.500000
5939    -1831276.375000
5940    -1831277.500000
5941    -1831278.250000
5942    -1831279.250000
5943    -1831280.000000
5944    -1831281.000000
5945    -1831281.750000
5946    -1831282.875000
5947    -1831283.500000
5948    -1831284.625000
5949    -1831285.625000
5950    -1831286.250000
5951    -1831287.250000
5952    -1831288.250000
5953    -1831289.250000
5954    -1831290.000000
5955    -1831291.000000
5956    -1831291.500000
5957    -1831292.750000
5958    -1831293.500000
5959    -1831294.500000
5960    -1831295.250000
5961    -1831296.375000
5962    -1831297.000000
5963    -1831298.000000
5964    -1831299.000000
5965    -1831299.750000
5966    -1831300.750000
5967    -1831301.750000
5968    -1831302.500000
5969    -1831303.250000
5970    -1831304.625000
5971    -1831305.250000
5972    -1831306.250000
5973    -1831307.125000
5974    -1831307.875000
5975    -1831309.000000
5976    -1831309.750000
5977    -1831310.750000
5978    -1831311.500000
5979    -1831312.625000
5980    -1831313.375000
5981    -1831314.250000
5982    -1831315.125000
5983    -1831316.250000
5984    -1831317.125000
5985    -1831317.750000
5986    -1831318.750000
5987    -1831319.750000
5988    -1831320.625000
5989    -1831321.500000
5990    -1831322.750000
5991    -1831323.500000
5992    -1831324.250000
5993    -1831325.250000
5994    -1831326.125000
5995    -1831327.000000
5996    -1831328.125000
5997    -1831328.875000
5998    -1831329.875000
5999    -1831330.875000
6000    -1831331.750000
6001    -1831332.750000
6002    -1831333.625000
6003    -1831334.500000
6004    -1831335.500000
6005    -1831336.375000
6006    -1831337.375000
6007    -1831338.250000
6008    -1831339.000000
6009    -1831340.000000
6010    -1831341.125000
6011    -1831342.000000
6012    -1831342.875000
6013    -1831343.750000
6014    -1831344.625000
6015    -1831345.750000
6016    -1831346.750000
6017    -1831347.500000
6018    -1831348.250000
6019    -1831349.250000
6020    -1831350.250000
6021    -1831351.250000
6022    -1831352.250000
6023    -1831353.000000
6024    -1831354.000000
6025    -1831355.125000
6026    -1831356.000000
6027    -1831356.750000
6028    -1831357.875000
6029    -1831358.750000
6030    -1831359.500000
6031    -1831360.875000
6032    -1831361.500000
6033    -1831362.500000
6034    -1831363.500000
6035    -1831364.500000
6036    -1831365.250000
6037    -1831366.375000
6038    -1831367.500000
6039    -1831368.250000
6040    -1831369.000000
6041    -1831370.000000
6042    -1831371.000000
6043    -1831372.125000
6044    -1831372.750000
6045    -1831373.750000
6046    -1831374.875000
6047    -1831375.750000
6048    -1831377.000000
6049    -1831377.750000
6050    -1831378.500000
6051    -1831379.625000
6052    -1831380.875000
6053    -1831381.500000
6054    -1831382.750000
6055    -1831383.625000
6056    -1831384.500000
6057    -1831385.500000
6058    -1831386.500000
6059    -1831387.500000
6060    -1831388.375000
6061    -1831389.375000
6062    -1831390.500000
6063    -1831391.500000
6064    -1831392.375000
6065    -1831393.250000
6066    -1831394.250000
6067    -1831395.250000
6068    -1831396.250000
6069    -1831397.125000
6070    -1831398.500000
6071    -1831399.500000
6072    -1831400.375000
6073    -1831401.250000
6074    -1831402.250000
6075    -1831403.250000
6076    -1831404.250000
6077    -1831405.250000
6078    -1831406.500000
6079    -1831407.375000
6080    -1831408.250000
6081    -1831409.250000
6082    -1831410.250000
6083    -1831411.500000
6084    -1831412.250000
6085    -1831413.625000
6086    -1831414.750000
6087    -1831415.750000
6088    -1831416.750000
6089    -1831417.625000
6090    -1831418.750000
6091    -1831420.000000
6092    -1831421.000000
6093    -1831422.250000
6094    -1831423.250000
6095    -1831424.000000
6096    -1831425.250000
6097    -1831426.375000
6098    -1831427.500000
6099    -1831428.500000
6100    -1831429.625000
6101    -1831430.750000
6102    -1831432.000000
6103    -1831433.000000
6104    -1831434.000000
6105    -1831435.125000
6106    -1831436.000000
6107    -1831437.250000
6108    -1831438.625000
6109    -1831439.750000
6110    -1831440.750000
6111    -1831441.750000
6112    -1831443.000000
6113    -1831444.000000
6114    -1831445.250000
6115    -1831446.375000
6116    -1831447.500000
6117    -1831448.500000
6118    -1831449.750000
6119    -1831451.125000
6120    -1831452.375000
6121    -1831453.500000
6122    -1831454.500000
6123    -1831455.750000
6124    -1831456.875000
6125    -1831458.000000
6126    -1831459.250000
6127    -1831460.500000
6128    -1831461.625000
6129    -1831463.000000
6130    -1831464.125000
6131    -1831465.500000
6132    -1831466.625000
6133    -1831467.750000
6134    -1831469.125000
6135    -1831470.250000
6136    -1831471.500000
6137    -1831472.750000
6138    -1831474.250000
6139    -1831475.250000
6140    -1831476.500000
6141    -1831477.875000
6142    -1831479.125000
6143    -1831480.250000
6144    -1831481.750000
6145    -1831483.000000
6146    -1831484.250000
6147    -1831485.375000
6148    -1831486.750000
6149    -1831487.875000
6150    -1831489.500000
6151    -1831490.750000
6152    -1831492.000000
6153    -1831493.250000
6154    -1831494.750000
6155    -1831496.000000
6156    -1831497.250000
6157    -1831498.500000
6158    -1831500.000000
6159    -1831501.375000
6160    -1831502.750000
6161    -1831504.000000
6162    -1831505.500000
6163    -1831506.625000
6164    -1831508.125000
6165    -1831509.375000
6166    -1831510.750000
6167    -1831512.125000
6168    -1831513.500000
6169    -1831514.875000
6170    -1831516.250000
6171    -1831517.750000
6172    -1831519.000000
6173    -1831520.500000
6174    -1831521.875000
6175    -1831523.375000
6176    -1831524.750000
6177    -1831526.250000
6178    -1831527.625000
6179    -1831529.000000
6180    -1831530.500000
6181    -1831531.875000
6182    -1831533.125000
6183    -1831534.750000
6184    -1831536.250000
6185    -1831537.500000
6186    -1831539.000000
6187    -1831540.500000
6188    -1831541.750000
6189    -1831543.375000
6190    -1831544.750000
6191    -1831546.125000
6192    -1831547.500000
6193    -1831549.250000
6194    -1831550.500000
6195    -1831552.250000
6196    -1831553.375000
6197    -1831554.750000
6198    -1831556.500000
6199    -1831558.000000
6200    -1831559.375000
6201    -1831560.875000
6202    -1831562.250000
6203    -1831563.750000
6204    -1831565.125000
6205    -1831566.750000
6206    -1831568.125000
6207    -1831569.500000
6208    -1831571.125000
6209    -1831572.500000
6210    -1831574.000000
6211    -1831575.375000
6212    -1831576.750000
6213    -1831578.250000
6214    -1831579.750000
6215    -1831581.000000
6216    -1831582.625000
6217    -1831584.000000
6218    -1831585.875000
6219    -1831587.125000
6220    -1831588.500000
6221    -1831590.000000
6222    -1831591.500000
6223    -1831592.750000
6224    -1831594.250000
6225    -1831595.625000
6226    -1831597.250000
6227    -1831598.500000
6228    -1831600.125000
6229    -1831601.500000
6230    -1831603.000000
6231    -1831604.500000
6232    -1831606.000000
6233    -1831607.375000
6234    -1831608.625000
6235    -1831610.000000
6236    -1831611.500000
6237    -1831613.125000
6238    -1831614.625000
6239    -1831616.000000
6240    -1831617.250000
6241    -1831618.750000
6242    -1831620.250000
6243    -1831621.500000
6244    -1831622.875000
6245    -1831624.250000
6246    -1831625.625000
6247    -1831627.125000
6248    -1831628.375000
6249    -1831630.000000
6250    -1831631.500000
6251    -1831632.750000
6252    -1831634.250000
6253    -1831635.625000
6254    -1831636.750000
6255    -1831638.125000
6256    -1831639.250000
6257    -1831640.500000
6258    -1831642.125000
6259    -1831643.375000
6260    -1831645.000000
6261    -1831646.000000
6262    -1831647.500000
6263    -1831648.875000
6264    -1831650.000000
6265    -1831651.250000
6266    -1831652.750000
6267    -1831654.000000
6268    -1831655.250000
6269    -1831656.500000
6270    -1831657.875000
6271    -1831659.250000
6272    -1831660.500000
6273    -1831662.000000
6274    -1831663.000000
6275    -1831664.500000
6276    -1831665.750000
6277    -1831667.000000
6278    -1831668.125000
6279    -1831669.250000
6280    -1831670.500000
6281    -1831672.000000
6282    -1831673.250000
6283    -1831674.500000
6284    -1831675.750000
6285    -1831677.000000
6286    -1831678.250000
6287    -1831679.500000
6288    -1831680.500000
6289    -1831682.000000
6290    -1831683.000000
6291    -1831684.250000
6292    -1831685.500000
6293    -1831686.750000
6294    -1831688.000000
6295    -1831689.250000
6296    -1831690.500000
6297    -1831691.750000
6298    -1831692.750000
6299    -1831694.250000
6300    -1831695.250000
6301    -1831696.250000
6302    -1831697.375000
6303    -1831698.750000
6304    -1831700.125000
6305    -1831701.000000
6306    -1831702.375000
6307    -1831703.375000
6308    -1831704.500000
6309    -1831705.750000
6310    -1831706.750000
6311    -1831707.750000
6312    -1831709.125000
6313    -1831710.500000
6314    -1831711.375000
6315    -1831712.500000
6316    -1831713.750000
6317    -1831714.875000
6318    -1831716.000000
6319    -1831717.125000
6320    -1831718.125000
6321    -1831719.250000
6322    -1831720.500000
6323    -1831721.750000
6324    -1831722.625000
6325    -1831723.750000
6326    -1831724.875000
6327    -1831726.125000
6328    -1831727.125000
6329    -1831728.500000
6330    -1831729.250000
6331    -1831730.375000
6332    -1831731.250000
6333    -1831732.500000
6334    -1831733.750000
6335    -1831734.750000
6336    -1831735.750000
6337    -1831736.875000
6338    -1831738.000000
6339    -1831739.250000
6340    -1831740.250000
6341    -1831741.250000
6342    -1831742.375000
6343    -1831743.250000
6344    -1831744.500000
6345    -1831745.625000
6346    -1831746.500000
6347    -1831747.625000
6348    -1831748.625000
6349    -1831750.000000
6350    -1831751.000000
6351    -1831752.000000
6352    -1831753.000000
6353    -1831754.000000
6354    -1831755.125000
6355    -1831756.000000
6356    -1831757.250000
6357    -1831758.250000
6358    -1831759.375000
6359    -1831760.375000
6360    -1831761.500000
6361    -1831762.500000
6362    -1831763.250000
6363    -1831764.500000
6364    -1831765.500000
6365    -1831766.625000
6366    -1831767.625000
6367    -1831768.625000
6368    -1831769.750000
6369    -1831770.625000
6370    -1831771.875000
6371    -1831772.875000
6372    -1831774.000000
6373    -1831775.000000
6374    -1831776.000000
6375    -1831777.000000
6376    -1831778.125000
6377    -1831779.000000
6378    -1831780.125000
6379    -1831781.125000
6380    -1831782.000000
6381    -1831783.000000
6382    -1831784.125000
6383    -1831785.000000
6384    -1831786.125000
6385    -1831787.250000
6386    -1831788.250000
6387    -1831789.000000
6388    -1831790.250000
6389    -1831791.000000
6390    -1831792.250000
6391    -1831793.125000
6392    -1831794.000000
6393    -1831795.000000
6394    -1831796.000000
6395    -1831797.000000
6396    -1831798.000000
6397    -1831799.125000
6398    -1831800.000000
6399    -1831801.000000
6400    -1831801.875000
6401    -1831802.750000
6402    -1831803.750000
6403    -1831804.875000
6404    -1831805.750000
6405    -1831806.625000
6406    -1831807.750000
6407    -1831808.625000
6408    -1831809.500000
6409    -1831810.375000
6410    -1831811.500000
6411    -1831812.250000
6412    -1831813.250000
6413    -1831814.000000
6414    -1831815.000000
6415    -1831816.000000
6416    -1831817.250000
6417    -1831818.000000
6418    -1831818.750000
6419    -1831820.000000
6420    -1831820.875000
6421    -1831821.500000
6422    -1831822.750000
6423    -1831823.500000
6424    -1831824.375000
6425    -1831825.125000
6426    -1831826.250000
6427    -1831827.125000
6428    -1831828.250000
6429    -1831829.250000
6430    -1831829.750000
6431    -1831830.750000
6432    -1831831.625000
6433    -1831832.625000
6434    -1831833.250000
6435    -1831834.500000
6436    -1831835.250000
6437    -1831836.125000
6438    -1831837.250000
6439    -1831838.125000
6440    -1831838.875000
6441    -1831840.000000
6442    -1831840.875000
6443    -1831841.750000
6444    -1831842.375000
6445    -1831843.500000
6446    -1831844.250000
6447    -1831845.250000
6448    -1831846.000000
6449    -1831847.000000
6450    -1831847.875000
6451    -1831848.750000
6452    -1831849.500000
6453    -1831850.500000
6454    -1831851.250000
6455    -1831852.250000
6456    -1831853.250000
6457    -1831854.000000
6458    -1831854.750000
6459    -1831855.625000
6460    -1831856.500000
6461    -1831857.500000
6462    -1831858.375000
6463    -1831859.125000
6464    -1831860.000000
6465    -1831860.875000
6466    -1831861.750000
6467    -1831862.750000
6468    -1831863.500000
6469    -1831864.500000
6470    -1831865.125000
6471    -1831866.125000
6472    -1831867.000000
6473    -1831867.875000
6474    -1831868.500000
6475    -1831869.500000
6476    -1831870.375000
6477    -1831871.000000
6478    -1831872.000000
6479    -1831873.000000
6480    -1831873.625000
6481    -1831874.750000
6482    -1831875.750000
6483    -1831876.000000
6484    -1831877.000000
6485    -1831877.875000
6486    -1831879.000000
6487    -1831879.500000
6488    -1831880.500000
6489    -1831881.000000
6490    -1831882.250000
6491    -1831883.125000
6492    -1831884.000000
6493    -1831884.500000
6494    -1831885.500000
6495    -1831886.250000
6496    -1831887.125000
6497    -1831888.000000
6498    -1831888.875000
6499    -1831889.875000
6500    -1831890.500000
6501    -1831891.250000
6502    -1831892.125000
6503    -1831892.875000
6504    -1831893.750000
6505    -1831894.500000
6506    -1831895.500000
6507    -1831896.375000
6508    -1831897.000000
6509    -1831897.750000
6510    -1831898.750000
6511    -1831899.500000
6512    -1831900.375000
6513    -1831901.125000
6514    -1831901.875000
6515    -1831902.500000
6516    -1831903.750000
6517    -1831904.375000
6518    -1831905.125000
6519    -1831906.000000
6520    -1831906.750000
6521    -1831907.625000
6522    -1831908.500000
6523    -1831909.250000
6524    -1831910.000000
6525    -1831911.000000
6526    -1831912.000000
6527    -1831912.500000
6528    -1831913.250000
6529    -1831914.125000
6530    -1831914.875000
6531    -1831916.000000
6532    -1831916.375000
6533    -1831917.500000
6534    -1831918.500000
6535    -1831919.000000
6536    -1831920.000000
6537    -1831920.875000
6538    -1831921.750000
6539    -1831922.250000
6540    -1831923.250000
6541    -1831924.125000
6542    -1831924.750000
6543    -1831925.750000
6544    -1831926.500000
6545    -1831927.250000
6546    -1831928.125000
6547    -1831929.000000
6548    -1831929.750000
6549    -1831930.875000
6550    -1831931.500000
6551    -1831932.250000
6552    -1831933.250000
6553    -1831934.000000
6554    -1831934.750000
6555    -1831935.750000
6556    -1831936.500000
6557    -1831937.250000
6558    -1831938.250000
6559    -1831939.000000
6560    -1831940.000000
6561    -1831940.625000
6562    -1831941.375000
6563    -1831942.250000
6564    -1831943.250000
6565    -1831944.000000
6566    -1831945.000000
6567    -1831945.750000
6568    -1831946.625000
6569    -1831947.500000
6570    -1831948.500000
6571    -1831949.250000
6572    -1831950.250000
6573    -1831951.000000
6574    -1831952.000000
6575    -1831952.750000
6576    -1831953.500000
6577    -1831954.500000
6578    -1831955.375000
6579    -1831956.125000
6580    -1831957.000000
6581    -1831957.750000
6582    -1831958.750000
6583    -1831960.000000
6584    -1831960.750000
6585    -1831961.500000
6586    -1831962.500000
6587    -1831963.250000
6588    -1831964.250000
6589    -1831965.125000
6590    -1831966.125000
6591    -1831966.750000
6592    -1831967.625000
6593    -1831968.750000
6594    -1831969.500000
6595    -1831970.500000
6596    -1831971.500000
6597    -1831972.375000
6598    -1831973.250000
6599    -1831974.250000
6600    -1831975.000000
6601    -1831976.125000
6602    -1831977.000000
6603    -1831977.750000
6604    -1831978.625000
6605    -1831979.500000
6606    -1831980.750000
6607    -1831981.250000
6608    -1831982.500000
6609    -1831983.500000
6610    -1831984.250000
6611    -1831985.250000
6612    -1831986.375000
6613    -1831987.125000
6614    -1831988.125000
6615    -1831989.250000
6616    -1831990.000000
6617    -1831991.000000
6618    -1831992.125000
6619    -1831993.250000
6620    -1831993.750000
6621    -1831995.000000
6622    -1831995.750000
6623    -1831997.000000
6624    -1831997.875000
6625    -1831999.000000
6626    -1831999.875000
6627    -1832000.875000
6628    -1832001.500000
6629    -1832002.750000
6630    -1832003.625000
6631    -1832004.500000
6632    -1832005.500000
6633    -1832006.500000
6634    -1832007.750000
6635    -1832008.625000
6636    -1832009.875000
6637    -1832010.750000
6638    -1832011.750000
6639    -1832012.750000
6640    -1832013.750000
6641    -1832014.750000
6642    -1832015.750000
6643    -1832016.750000
6644    -1832018.000000
6645    -1832018.750000
6646    -1832020.000000
6647    -1832021.000000
6648    -1832022.000000
6649    -1832023.125000
6650    -1832024.125000
6651    -1832025.000000
6652    -1832026.125000
6653    -1832027.000000
6654    -1832028.125000
6655    -1832029.000000
6656    -1832030.125000
6657    -1832031.250000
6658    -1832032.250000
6659    -1832033.375000
6660    -1832034.500000
6661    -1832035.375000
6662    -1832036.500000
6663    -1832037.750000
6664    -1832038.625000
6665    -1832039.500000
6666    -1832040.750000
6667    -1832041.875000
6668    -1832043.000000
6669    -1832044.000000
6670    -1832045.250000
6671    -1832046.125000
6672    -1832047.250000
6673    -1832048.250000
6674    -1832049.250000
6675    -1832050.500000
6676    -1832051.250000
6677    -1832052.500000
6678    -1832053.750000
6679    -1832054.750000
6680    -1832055.875000
6681    -1832056.875000
6682    -1832058.000000
6683    -1832059.000000
6684    -1832060.125000
6685    -1832061.375000
6686    -1832062.375000
6687    -1832063.500000
6688    -1832064.625000
6689    -1832065.750000
6690    -1832066.750000
6691    -1832068.000000
6692    -1832069.250000
6693    -1832070.000000
6694    -1832071.375000
6695    -1832072.250000
6696    -1832073.500000
6697    -1832074.375000
6698    -1832075.750000
6699    -1832076.750000
6700    -1832077.875000
6701    -1832079.000000
6702    -1832080.000000
6703    -1832081.250000
6704    -1832082.375000
6705    -1832083.500000
6706    -1832084.500000
6707    -1832085.750000
6708    -1832087.000000
6709    -1832088.000000
6710    -1832089.250000
6711    -1832090.250000
6712    -1832091.500000
6713    -1832092.500000
6714    -1832093.750000
6715    -1832095.000000
6716    -1832095.875000
6717    -1832096.875000
6718    -1832098.250000
6719    -1832099.250000
6720    -1832100.750000
6721    -1832101.625000
6722    -1832102.750000
6723    -1832104.000000
6724    -1832105.125000
6725    -1832106.250000
6726    -1832107.375000
6727    -1832108.750000
6728    -1832109.750000
6729    -1832111.125000
6730    -1832112.000000
6731    -1832113.500000
6732    -1832114.500000
6733    -1832115.500000
6734    -1832117.000000
6735    -1832118.000000
6736    -1832119.375000
6737    -1832120.250000
6738    -1832121.750000
6739    -1832122.750000
6740    -1832124.000000
6741    -1832125.000000
6742    -1832126.500000
6743    -1832127.625000
6744    -1832128.750000
6745    -1832130.000000
6746    -1832131.250000
6747    -1832132.500000
6748    -1832133.750000
6749    -1832134.750000
6750    -1832136.250000
6751    -1832137.250000
6752    -1832138.625000
6753    -1832139.750000
6754    -1832141.125000
6755    -1832142.250000
6756    -1832143.500000
6757    -1832144.875000
6758    -1832145.750000
6759    -1832147.250000
6760    -1832148.500000
6761    -1832149.750000
6762    -1832151.000000
6763    -1832152.000000
6764    -1832153.250000
6765    -1832154.625000
6766    -1832155.875000
6767    -1832157.125000
6768    -1832158.375000
6769    -1832159.750000
6770    -1832161.000000
6771    -1832162.250000
6772    -1832163.375000
6773    -1832164.750000
6774    -1832166.000000
6775    -1832167.250000
6776    -1832168.500000
6777    -1832169.750000
6778    -1832171.250000
6779    -1832172.500000
6780    -1832173.750000
6781    -1832174.875000
6782    -1832176.000000
6783    -1832177.375000
6784    -1832178.750000
6785    -1832180.000000
6786    -1832181.500000
6787    -1832182.500000
6788    -1832184.000000
6789    -1832185.000000
6790    -1832186.750000
6791    -1832187.750000
6792    -1832189.125000
6793    -1832190.625000
6794    -1832191.750000
6795    -1832193.250000
6796    -1832194.250000
6797    -1832195.625000
6798    -1832196.875000
6799    -1832198.500000
6800    -1832199.500000
6801    -1832201.000000
6802    -1832202.250000
6803    -1832203.625000
6804    -1832205.000000
6805    -1832206.250000
6806    -1832207.750000
6807    -1832209.000000
6808    -1832210.125000
6809    -1832211.750000
6810    -1832213.000000
6811    -1832214.250000
6812    -1832215.500000
6813    -1832217.000000
6814    -1832218.375000
6815    -1832219.750000
6816    -1832221.250000
6817    -1832222.500000
6818    -1832224.000000
6819    -1832225.250000
6820    -1832226.500000
6821    -1832228.000000
6822    -1832229.375000
6823    -1832230.500000
6824    -1832232.000000
6825    -1832233.125000
6826    -1832234.750000
6827    -1832236.000000
6828    -1832237.250000
6829    -1832239.000000
6830    -1832240.125000
6831    -1832241.625000
6832    -1832243.000000
6833    -1832244.250000
6834    -1832245.500000
6835    -1832246.875000
6836    -1832248.375000
6837    -1832249.500000
6838    -1832251.000000
6839    -1832252.250000
6840    -1832253.625000
6841    -1832255.000000
6842    -1832256.375000
6843    -1832257.750000
6844    -1832259.125000
6845    -1832260.375000
6846    -1832261.750000
6847    -1832263.250000
6848    -1832264.375000
6849    -1832266.000000
6850    -1832267.125000
6851    -1832268.625000
6852    -1832270.000000
6853    -1832271.125000
6854    -1832272.625000
6855    -1832274.000000
6856    -1832275.500000
6857    -1832276.750000
6858    -1832278.000000
6859    -1832279.500000
6860    -1832280.625000
6861    -1832282.000000
6862    -1832283.500000
6863    -1832284.750000
6864    -1832286.250000
6865    -1832287.500000
6866    -1832289.000000
6867    -1832290.250000
6868    -1832291.750000
6869    -1832293.000000
6870    -1832294.250000
6871    -1832295.750000
6872    -1832297.125000
6873    -1832298.500000
6874    -1832299.750000
6875    -1832301.250000
6876    -1832302.500000
6877    -1832304.000000
6878    -1832305.125000
6879    -1832306.500000
6880    -1832308.000000
6881    -1832309.000000
6882    -1832310.500000
6883    -1832312.000000
6884    -1832313.375000
6885    -1832314.750000
6886    -1832315.875000
6887    -1832317.375000
6888    -1832318.750000
6889    -1832320.000000
6890    -1832321.250000
6891    -1832322.500000
6892    -1832324.000000
6893    -1832325.500000
6894    -1832326.625000
6895    -1832328.000000
6896    -1832329.250000
6897    -1832330.625000
6898    -1832331.750000
6899    -1832333.125000
6900    -1832334.500000
6901    -1832335.750000
6902    -1832337.125000
6903    -1832338.375000
6904    -1832339.625000
6905    -1832340.875000
6906    -1832342.250000
6907    -1832343.500000
6908    -1832345.000000
6909    -1832346.500000
6910    -1832347.750000
6911    -1832348.875000
6912    -1832350.250000
6913    -1832351.500000
6914    -1832352.750000
6915    -1832353.750000
6916    -1832355.250000
6917    -1832356.500000
6918    -1832357.750000
6919    -1832359.250000
6920    -1832360.625000
6921    -1832361.750000
6922    -1832363.000000
6923    -1832364.125000
6924    -1832365.250000
6925    -1832366.500000
6926    -1832368.000000
6927    -1832369.000000
6928    -1832370.250000
6929    -1832371.625000
6930    -1832372.750000
6931    -1832374.000000
6932    -1832375.250000
6933    -1832376.500000
6934    -1832378.000000
6935    -1832379.000000
6936    -1832380.250000
6937    -1832381.500000
6938    -1832382.750000
6939    -1832384.000000
6940    -1832385.250000
6941    -1832386.250000
6942    -1832387.625000
6943    -1832389.000000
6944    -1832389.875000
6945    -1832391.000000
6946    -1832392.250000
6947    -1832393.375000
6948    -1832394.625000
6949    -1832395.750000
6950    -1832397.000000
6951    -1832398.250000
6952    -1832399.375000
6953    -1832400.750000
6954    -1832402.000000
6955    -1832403.000000
6956    -1832404.250000
6957    -1832405.375000
6958    -1832406.375000
6959    -1832407.500000
6960    -1832408.875000
6961    -1832410.250000
6962    -1832411.250000
6963    -1832412.500000
6964    -1832413.625000
6965    -1832414.750000
6966    -1832416.000000
6967    -1832417.125000
6968    -1832418.500000
6969    -1832419.500000
6970    -1832420.500000
6971    -1832421.750000
6972    -1832422.750000
6973    -1832424.000000
6974    -1832425.250000
6975    -1832426.250000
6976    -1832427.375000
6977    -1832428.375000
6978    -1832429.750000
6979    -1832430.750000
6980    -1832431.750000
6981    -1832433.250000
6982    -1832434.250000
6983    -1832435.375000
6984    -1832436.500000
6985    -1832437.500000
6986    -1832438.875000
6987    -1832440.000000
6988    -1832441.000000
6989    -1832442.125000
6990    -1832443.250000
6991    -1832444.375000
6992    -1832445.250000
6993    -1832446.625000
6994    -1832447.750000
6995    -1832449.125000
6996    -1832450.125000
6997    -1832451.000000
6998    -1832452.250000
6999    -1832453.500000
7000    -1832454.750000
7001    -1832455.500000
7002    -1832456.750000
7003    -1832458.000000
7004    -1832459.125000
7005    -1832460.125000
7006    -1832461.125000
7007    -1832462.250000
7008    -1832463.375000
7009    -1832464.500000
7010    -1832465.500000
7011    -1832467.000000
7012    -1832467.750000
7013    -1832468.875000
7014    -1832469.750000
7015    -1832471.000000
7016    -1832472.000000
7017    -1832473.000000
7018    -1832474.375000
7019    -1832475.500000
7020    -1832476.250000
7021    -1832477.500000
7022    -1832478.500000
7023    -1832479.750000
7024    -1832480.750000
7025    -1832481.875000
7026    -1832482.750000
7027    -1832484.000000
7028    -1832485.000000
7029    -1832486.250000
7030    -1832487.250000
7031    -1832488.375000
7032    -1832489.250000
7033    -1832490.250000
7034    -1832491.500000
7035    -1832492.500000
7036    -1832493.625000
7037    -1832494.500000
7038    -1832495.625000
7039    -1832496.750000
7040    -1832497.750000
7041    -1832498.875000
7042    -1832499.875000
7043    -1832501.000000
7044    -1832502.000000
7045    -1832503.000000
7046    -1832504.250000
7047    -1832505.125000
7048    -1832506.000000
7049    -1832507.375000
7050    -1832508.375000
7051    -1832509.250000
7052    -1832510.375000
7053    -1832511.500000
7054    -1832512.500000
7055    -1832513.500000
7056    -1832514.500000
7057    -1832515.625000
7058    -1832516.625000
7059    -1832517.750000
7060    -1832518.750000
7061    -1832519.625000
7062    -1832521.000000
7063    -1832522.000000
7064    -1832522.750000
7065    -1832523.750000
7066    -1832524.875000
7067    -1832525.875000
7068    -1832527.000000
7069    -1832527.875000
7070    -1832529.000000
7071    -1832530.125000
7072    -1832531.125000
7073    -1832532.250000
7074    -1832533.250000
7075    -1832534.250000
7076    -1832535.125000
7077    -1832536.250000
7078    -1832537.375000
7079    -1832538.375000
7080    -1832539.375000
7081    -1832540.500000
7082    -1832541.500000
7083    -1832542.625000
7084    -1832543.500000
7085    -1832544.625000
7086    -1832545.500000
7087    -1832546.750000
7088    -1832547.875000
7089    -1832549.000000
7090    -1832550.000000
7091    -1832550.875000
7092    -1832551.875000
7093    -1832553.000000
7094    -1832554.000000
7095    -1832555.000000
7096    -1832556.000000
7097    -1832557.250000
7098    -1832558.250000
7099    -1832559.250000
7100    -1832560.375000
7101    -1832561.500000
7102    -1832562.500000
7103    -1832563.375000
7104    -1832564.250000
7105    -1832565.500000
7106    -1832566.500000
7107    -1832567.750000
7108    -1832568.625000
7109    -1832569.875000
7110    -1832570.750000
7111    -1832572.000000
7112    -1832572.750000
7113    -1832574.125000
7114    -1832574.875000
7115    -1832576.000000
7116    -1832577.125000
7117    -1832578.250000
7118    -1832579.250000
7119    -1832580.250000
7120    -1832581.250000
7121    -1832582.000000
7122    -1832583.250000
7123    -1832584.250000
7124    -1832585.500000
7125    -1832586.250000
7126    -1832587.250000
7127    -1832588.125000
7128    -1832589.250000
7129    -1832590.500000
7130    -1832591.625000
7131    -1832592.500000
7132    -1832593.625000
7133    -1832594.500000
7134    -1832595.500000
7135    -1832596.375000
7136    -1832597.500000
7137    -1832598.625000
7138    -1832599.625000
7139    -1832600.500000
7140    -1832601.750000
7141    -1832602.875000
7142    -1832603.750000
7143    -1832604.750000
7144    -1832605.625000
7145    -1832606.750000
7146    -1832607.750000
7147    -1832608.750000
7148    -1832609.625000
7149    -1832610.625000
7150    -1832611.875000
7151    -1832612.750000
7152    -1832613.750000
7153    -1832614.750000
7154    -1832615.625000
7155    -1832616.875000
7156    -1832617.875000
7157    -1832619.000000
7158    -1832619.750000
7159    -1832620.750000
7160    -1832621.750000
7161    -1832622.750000
7162    -1832623.875000
7163    -1832624.750000
7164    -1832625.750000
7165    -1832626.750000
7166    -1832627.750000
7167    -1832628.750000
7168    -1832629.750000
7169    -1832630.750000
7170    -1832631.500000
7171    -1832632.500000
7172    -1832633.750000
7173    -1832634.750000
7174    -1832635.750000
7175    -1832636.625000
7176    -1832637.500000
7177    -1832638.500000
7178    -1832639.500000
7179    -1832640.625000
7180    -1832641.500000
7181    -1832642.500000
7182    -1832643.375000
7183    -1832644.500000
7184    -1832645.375000
7185    -1832646.250000
7186    -1832647.250000
7187    -1832648.250000
7188    -1832649.250000
7189    -1832650.250000
7190    -1832651.125000
7191    -1832652.250000
7192    -1832653.250000
7193    -1832654.250000
7194    -1832655.125000
7195    -1832656.000000
7196    -1832657.000000
7197    -1832658.000000
7198    -1832659.000000
7199    -1832660.000000
7200    -1832660.875000
7201    -1832661.875000
7202    -1832662.750000
7203    -1832663.750000
7204    -1832664.750000
7205    -1832665.500000
7206    -1832666.500000
7207    -1832667.500000
7208    -1832668.500000
7209    -1832669.250000
7210    -1832670.375000
7211    -1832671.250000
7212    -1832672.250000
7213    -1832673.250000
7214    -1832674.375000
7215    -1832675.250000
7216    -1832676.000000
7217    -1832676.750000
7218    -1832678.000000
7219    -1832678.875000
7220    -1832679.625000
7221    -1832680.625000
7222    -1832681.500000
7223    -1832682.750000
7224    -1832683.500000
7225    -1832684.500000
7226    -1832685.500000
7227    -1832686.250000
7228    -1832687.250000
7229    -1832688.250000
7230    -1832689.000000
7231    -1832689.875000
7232    -1832691.000000
7233    -1832691.875000
7234    -1832692.875000
7235    -1832693.750000
7236    -1832694.500000
7237    -1832695.375000
7238    -1832696.250000
7239    -1832697.250000
7240    -1832698.125000
7241    -1832699.000000
7242    -1832700.000000
7243    -1832700.875000
7244    -1832701.500000
7245    -1832702.500000
7246    -1832703.375000
7247    -1832704.500000
7248    -1832705.000000
7249    -1832706.000000
7250    -1832706.875000
7251    -1832707.750000
7252    -1832708.500000
7253    -1832709.500000
7254    -1832710.375000
7255    -1832711.125000
7256    -1832711.750000
7257    -1832712.750000
7258    -1832713.500000
7259    -1832714.250000
7260    -1832715.250000
7261    -1832716.125000
7262    -1832717.000000
7263    -1832717.625000
7264    -1832718.500000
7265    -1832719.500000
7266    -1832720.000000
7267    -1832721.000000
7268    -1832721.875000
7269    -1832722.625000
7270    -1832723.250000
7271    -1832724.375000
7272    -1832724.750000
7273    -1832725.875000
7274    -1832726.500000
7275    -1832727.250000
7276    -1832728.000000
7277    -1832728.750000
7278    -1832729.750000
7279    -1832730.500000
7280    -1832731.375000
7281    -1832732.000000
7282    -1832733.000000
7283    -1832733.875000
7284    -1832734.500000
7285    -1832735.500000
7286    -1832736.250000
7287    -1832737.000000
7288    -1832738.000000
7289    -1832738.500000
7290    -1832739.375000
7291    -1832740.000000
7292    -1832741.000000
7293    -1832741.750000
7294    -1832742.500000
7295    -1832743.250000
7296    -1832744.125000
7297    -1832744.875000
7298    -1832745.500000
7299    -1832746.500000
7300    -1832747.375000
7301    -1832748.000000
7302    -1832748.750000
7303    -1832749.500000
7304    -1832750.500000
7305    -1832751.000000
7306    -1832751.750000
7307    -1832753.000000
7308    -1832753.500000
7309    -1832754.500000
7310    -1832755.250000
7311    -1832756.000000
7312    -1832756.750000
7313    -1832757.250000
7314    -1832758.250000
7315    -1832758.875000
7316    -1832759.625000
7317    -1832760.500000
7318    -1832761.375000
7319    -1832762.125000
7320    -1832763.000000
7321    -1832763.625000
7322    -1832764.500000
7323    -1832765.000000
7324    -1832766.000000
7325    -1832766.750000
7326    -1832767.750000
7327    -1832768.250000
7328    -1832769.000000
7329    -1832769.750000
7330    -1832770.750000
7331    -1832771.250000
7332    -1832772.125000
7333    -1832772.875000
7334    -1832773.750000
7335    -1832774.625000
7336    -1832775.500000
7337    -1832776.000000
7338    -1832777.000000
7339    -1832777.750000
7340    -1832778.625000
7341    -1832779.375000
7342    -1832779.875000
7343    -1832780.625000
7344    -1832781.500000
7345    -1832782.500000
7346    -1832783.250000
7347    -1832783.875000
7348    -1832784.625000
7349    -1832785.500000
7350    -1832786.500000
7351    -1832786.875000
7352    -1832788.000000
7353    -1832788.625000
7354    -1832789.375000
7355    -1832790.000000
7356    -1832791.000000
7357    -1832791.625000
7358    -1832792.500000
7359    -1832793.250000
7360    -1832794.125000
7361    -1832795.000000
7362    -1832795.750000
7363    -1832796.375000
7364    -1832797.250000
7365    -1832797.875000
7366    -1832798.750000
7367    -1832799.375000
7368    -1832800.250000
7369    -1832801.000000
7370    -1832801.750000
7371    -1832802.750000
7372    -1832803.375000
7373    -1832804.500000
7374    -1832805.125000
7375    -1832805.750000
7376    -1832806.625000
7377    -1832807.375000
7378    -1832808.125000
7379    -1832809.000000
7380    -1832809.500000
7381    -1832810.500000
7382    -1832811.250000
7383    -1832812.250000
7384    -1832812.875000
7385    -1832813.750000
7386    -1832814.500000
7387    -1832815.250000
7388    -1832816.125000
7389    -1832816.750000
7390    -1832817.750000
7391    -1832818.625000
7392    -1832819.250000
7393    -1832820.125000
7394    -1832820.750000
7395    -1832821.750000
7396    -1832822.500000
7397    -1832823.250000
7398    -1832823.750000
7399    -1832824.750000
7400    -1832825.750000
7401    -1832826.500000
7402    -1832827.250000
7403    -1832828.250000
7404    -1832828.750000
7405    -1832829.625000
7406    -1832830.750000
7407    -1832831.250000
7408    -1832832.000000
7409    -1832832.875000
7410    -1832833.750000
7411    -1832834.500000
7412    -1832835.250000
7413    -1832836.000000
7414    -1832836.750000
7415    -1832837.625000
7416    -1832838.500000
7417    -1832839.125000
7418    -1832840.125000
7419    -1832841.000000
7420    -1832841.500000
7421    -1832842.625000
7422    -1832843.375000
7423    -1832844.125000
7424    -1832845.000000
7425    -1832845.750000
7426    -1832846.750000
7427    -1832847.500000
7428    -1832848.250000
7429    -1832849.250000
7430    -1832850.000000
7431    -1832850.875000
7432    -1832851.500000
7433    -1832852.250000
7434    -1832853.000000
7435    -1832853.875000
7436    -1832854.750000
7437    -1832855.500000
7438    -1832856.250000
7439    -1832856.500000
7440    -1832858.000000
7441    -1832858.625000
7442    -1832859.250000
7443    -1832860.000000
7444    -1832860.750000
7445    -1832861.625000
7446    -1832862.500000
7447    -1832863.250000
7448    -1832864.000000
7449    -1832864.875000
7450    -1832865.500000
7451    -1832866.375000
7452    -1832867.125000
7453    -1832868.000000
7454    -1832868.875000
7455    -1832869.500000
7456    -1832870.375000
7457    -1832871.000000
7458    -1832872.000000
7459    -1832872.500000
7460    -1832873.625000
7461    -1832874.375000
7462    -1832875.000000
7463    -1832875.875000
7464    -1832876.625000
7465    -1832877.500000
7466    -1832878.250000
7467    -1832879.250000
7468    -1832879.625000
7469    -1832880.375000
7470    -1832881.250000
7471    -1832882.000000
7472    -1832882.750000
7473    -1832883.500000
7474    -1832884.125000
7475    -1832885.250000
7476    -1832886.000000
7477    -1832886.875000
7478    -1832887.500000
7479    -1832888.250000
7480    -1832888.875000
7481    -1832889.750000
7482    -1832890.500000
7483    -1832891.250000
7484    -1832892.125000
7485    -1832892.875000
7486    -1832893.500000
7487    -1832894.250000
7488    -1832895.000000
7489    -1832896.000000
7490    -1832896.625000
7491    -1832897.250000
7492    -1832898.250000
7493    -1832899.000000
7494    -1832899.500000
7495    -1832900.250000
7496    -1832901.250000
7497    -1832901.750000
7498    -1832902.750000
7499    -1832903.250000
7500    -1832904.250000
7501    -1832905.000000
7502    -1832905.875000
7503    -1832906.375000
7504    -1832907.250000
7505    -1832908.250000
7506    -1832908.750000
7507    -1832909.500000
7508    -1832910.250000
7509    -1832911.125000
7510    -1832911.750000
7511    -1832912.500000
7512    -1832913.250000
7513    -1832914.000000
7514    -1832914.750000
7515    -1832915.625000
7516    -1832916.250000
7517    -1832917.000000
7518    -1832918.000000
7519    -1832918.625000
7520    -1832919.375000
7521    -1832920.000000
7522    -1832920.750000
7523    -1832921.375000
7524    -1832922.125000
7525    -1832923.125000
7526    -1832923.750000
7527    -1832924.500000
7528    -1832925.250000
7529    -1832926.250000
7530    -1832926.750000
7531    -1832927.500000
7532    -1832928.250000
7533    -1832929.000000
7534    -1832929.875000
7535    -1832930.625000
7536    -1832931.375000
7537    -1832932.000000
7538    -1832932.750000
7539    -1832933.750000
7540    -1832934.250000
7541    -1832935.000000
7542    -1832935.750000
7543    -1832936.375000
7544    -1832937.250000
7545    -1832938.000000
7546    -1832938.750000
7547    -1832939.500000
7548    -1832940.250000
7549    -1832941.000000
7550    -1832941.750000
7551    -1832942.750000
7552    -1832943.375000
7553    -1832944.125000
7554    -1832944.750000
7555    -1832945.500000
7556    -1832946.250000
7557    -1832947.125000
7558    -1832947.875000
7559    -1832948.750000
7560    -1832949.375000
7561    -1832950.250000
7562    -1832951.125000
7563    -1832951.750000
7564    -1832952.500000
7565    -1832953.250000
7566    -1832954.000000
7567    -1832954.625000
7568    -1832955.500000
7569    -1832956.500000
7570    -1832957.000000
7571    -1832957.750000
7572    -1832958.500000
7573    -1832959.250000
7574    -1832960.000000
7575    -1832960.750000
7576    -1832961.500000
7577    -1832962.250000
7578    -1832962.875000
7579    -1832963.750000
7580    -1832964.500000
7581    -1832965.375000
7582    -1832965.750000
7583    -1832966.750000
7584    -1832967.500000
7585    -1832968.250000
7586    -1832969.000000
7587    -1832969.625000
7588    -1832970.625000
7589    -1832971.375000
7590    -1832972.000000
7591    -1832972.875000
7592    -1832973.500000
7593    -1832974.250000
7594    -1832975.250000
7595    -1832975.750000
7596    -1832976.500000
7597    -1832977.250000
7598    -1832977.875000
7599    -1832978.625000
7600    -1832979.375000
7601    -1832980.250000
7602    -1832980.875000
7603    -1832981.750000
7604    -1832982.500000
7605    -1832983.250000
7606    -1832983.875000
7607    -1832984.750000
7608    -1832985.375000
7609    -1832986.125000
7610    -1832986.875000
7611    -1832987.625000
7612    -1832988.625000
7613    -1832989.250000
7614    -1832989.875000
7615    -1832990.500000
7616    -1832991.375000
7617    -1832992.250000
7618    -1832992.750000
7619    -1832993.625000
7620    -1832994.375000
7621    -1832995.125000
7622    -1832995.625000
7623    -1832996.625000
7624    -1832997.250000
7625    -1832998.000000
7626    -1832998.500000
7627    -1832999.500000
7628    -1833000.250000
7629    -1833001.125000
7630    -1833001.750000
7631    -1833002.500000
7632    -1833003.125000
7633    -1833004.000000
7634    -1833004.625000
7635    -1833005.250000
7636    -1833006.000000
7637    -1833006.750000
7638    -1833007.500000
7639    -1833008.500000
7640    -1833009.125000
7641    -1833009.750000
7642    -1833010.625000
7643    -1833011.000000
7644    -1833012.000000
7645    -1833012.375000
7646    -1833013.500000
7647    -1833014.000000
7648    -1833014.750000
7649    -1833015.750000
7650    -1833016.250000
7651    -1833017.125000
7652    -1833017.750000
7653    -1833018.500000
7654    -1833019.250000
7655    -1833020.125000
7656    -1833020.750000
7657    -1833021.500000
7658    -1833022.375000
7659    -1833022.875000
7660    -1833023.625000
7661    -1833024.250000
7662    -1833025.000000
7663    -1833025.750000
7664    -1833026.500000
7665    -1833027.000000
7666    -1833028.000000
7667    -1833028.625000
7668    -1833029.250000
7669    -1833030.000000
7670    -1833030.750000
7671    -1833031.500000
7672    -1833032.125000
7673    -1833032.875000
7674    -1833033.500000
7675    -1833034.250000
7676    -1833035.125000
7677    -1833035.875000
7678    -1833036.625000
7679    -1833037.125000
7680    -1833038.000000
7681    -1833038.750000
7682    -1833039.250000
7683    -1833039.875000
7684    -1833040.875000
7685    -1833041.500000
7686    -1833042.375000
7687    -1833043.000000
7688    -1833043.875000
7689    -1833044.500000
7690    -1833045.125000
7691    -1833045.875000
7692    -1833046.500000
7693    -1833047.125000
7694    -1833048.000000
7695    -1833048.750000
7696    -1833049.375000
7697    -1833050.250000
7698    -1833050.750000
7699    -1833051.625000
7700    -1833052.375000
7701    -1833053.125000
7702    -1833053.750000
7703    -1833054.500000
7704    -1833055.250000
7705    -1833056.000000
7706    -1833056.750000
7707    -1833057.250000
7708    -1833058.250000
7709    -1833059.000000
7710    -1833059.625000
7711    -1833060.250000
7712    -1833060.750000
7713    -1833061.750000
7714    -1833062.500000
7715    -1833063.250000
7716    -1833063.750000
7717    -1833064.625000
7718    -1833065.375000
7719    -1833066.125000
7720    -1833066.875000
7721    -1833067.625000
7722    -1833068.250000
7723    -1833069.000000
7724    -1833069.875000
7725    -1833070.500000
7726    -1833071.125000
7727    -1833072.125000
7728    -1833072.750000
7729    -1833073.500000
7730    -1833074.250000
7731    -1833075.000000
7732    -1833075.625000
7733    -1833076.500000
7734    -1833077.125000
7735    -1833078.000000
7736    -1833078.500000
7737    -1833079.500000
7738    -1833080.125000
7739    -1833080.625000
7740    -1833081.500000
7741    -1833082.125000
7742    -1833083.250000
7743    -1833083.750000
7744    -1833084.500000
7745    -1833085.375000
7746    -1833086.000000
7747    -1833086.750000
7748    -1833087.500000
7749    -1833088.250000
7750    -1833089.000000
7751    -1833089.750000
7752    -1833090.500000
7753    -1833091.250000
7754    -1833092.250000
7755    -1833092.875000
7756    -1833093.625000
7757    -1833094.250000
7758    -1833095.000000
7759    -1833095.750000
7760    -1833096.500000
7761    -1833097.250000
7762    -1833098.000000
7763    -1833098.875000
7764    -1833099.875000
7765    -1833100.500000
7766    -1833101.000000
7767    -1833102.000000
7768    -1833102.750000
7769    -1833103.625000
7770    -1833104.250000
7771    -1833105.000000
7772    -1833105.625000
7773    -1833106.500000
7774    -1833107.500000
7775    -1833108.125000
7776    -1833109.000000
7777    -1833110.000000
7778    -1833110.500000
7779    -1833111.250000
7780    -1833112.000000
7781    -1833113.000000
7782    -1833113.750000
7783    -1833114.250000
7784    -1833115.250000
7785    -1833116.000000
7786    -1833116.875000
7787    -1833117.625000
7788    -1833118.250000
7789    -1833119.250000
7790    -1833120.000000
7791    -1833120.875000
7792    -1833121.500000
7793    -1833122.250000
7794    -1833123.250000
7795    -1833123.875000
7796    -1833125.000000
7797    -1833125.750000
7798    -1833126.750000
7799    -1833127.375000
7800    -1833128.000000
7801    -1833129.125000
7802    -1833129.750000
7803    -1833130.625000
7804    -1833131.500000
7805    -1833132.250000
7806    -1833133.125000
7807    -1833134.000000
7808    -1833134.750000
7809    -1833135.500000
7810    -1833136.500000
7811    -1833137.250000
7812    -1833138.125000
7813    -1833139.000000
7814    -1833139.625000
7815    -1833140.625000
7816    -1833141.500000
7817    -1833142.250000
7818    -1833143.000000
7819    -1833143.750000
7820    -1833144.750000
7821    -1833145.500000
7822    -1833146.500000
7823    -1833147.125000
7824    -1833148.000000
7825    -1833148.750000
7826    -1833149.750000
7827    -1833150.500000
7828    -1833151.625000
7829    -1833152.250000
7830    -1833153.000000
7831    -1833153.875000
7832    -1833155.000000
7833    -1833155.625000
7834    -1833156.500000
7835    -1833157.250000
7836    -1833158.125000
7837    -1833159.000000
7838    -1833160.000000
7839    -1833160.750000
7840    -1833161.750000
7841    -1833162.250000
7842    -1833163.250000
7843    -1833164.000000
7844    -1833165.000000
7845    -1833166.000000
7846    -1833166.625000
7847    -1833167.750000
7848    -1833168.500000
7849    -1833169.250000
7850    -1833170.000000
7851    -1833170.875000
7852    -1833171.750000
7853    -1833172.500000
7854    -1833173.250000
7855    -1833174.250000
7856    -1833175.250000
7857    -1833176.000000
7858    -1833176.875000
7859    -1833177.750000
7860    -1833178.250000
7861    -1833179.250000
7862    -1833180.000000
7863    -1833181.000000
7864    -1833181.750000
7865    -1833182.625000
7866    -1833183.500000
7867    -1833184.250000
7868    -1833185.500000
7869    -1833186.000000
7870    -1833186.875000
7871    -1833187.750000
7872    -1833188.375000
7873    -1833189.500000
7874    -1833190.250000
7875    -1833191.125000
7876    -1833192.000000
7877    -1833192.750000
7878    -1833193.375000
7879    -1833194.375000
7880    -1833195.250000
7881    -1833196.000000
7882    -1833197.000000
7883    -1833197.750000
7884    -1833198.500000
7885    -1833199.125000
7886    -1833200.125000
7887    -1833201.000000
7888    -1833201.750000
7889    -1833202.625000
7890    -1833203.500000
7891    -1833204.250000
7892    -1833204.875000
7893    -1833206.125000
7894    -1833206.875000
7895    -1833207.750000
7896    -1833208.500000
7897    -1833209.125000
7898    -1833210.000000
7899    -1833211.000000
7900    -1833211.625000
7901    -1833212.250000
7902    -1833213.250000
7903    -1833214.250000
7904    -1833215.000000
7905    -1833215.500000
7906    -1833216.375000
7907    -1833217.375000
7908    -1833218.250000
7909    -1833218.875000
7910    -1833219.750000
7911    -1833220.375000
7912    -1833221.500000
7913    -1833222.250000
7914    -1833223.000000
7915    -1833223.625000
7916    -1833224.500000
7917    -1833225.125000
7918    -1833226.125000
7919    -1833227.000000
7920    -1833227.500000
7921    -1833228.375000
7922    -1833229.125000
7923    -1833230.000000
7924    -1833230.875000
7925    -1833231.625000
7926    -1833232.250000
7927    -1833233.000000
7928    -1833233.750000
7929    -1833234.500000
7930    -1833235.250000
7931    -1833236.000000
7932    -1833237.000000
7933    -1833237.750000
7934    -1833238.625000
7935    -1833239.375000
7936    -1833240.000000
7937    -1833240.875000
7938    -1833241.500000
7939    -1833242.250000
7940    -1833243.125000
7941    -1833243.875000
7942    -1833244.500000
7943    -1833245.500000
7944    -1833246.000000
7945    -1833247.000000
7946    -1833247.750000
7947    -1833248.375000
7948    -1833249.125000
7949    -1833250.125000
7950    -1833250.750000
7951    -1833251.250000
7952    -1833252.250000
7953    -1833253.000000
7954    -1833253.750000
7955    -1833254.500000
7956    -1833255.375000
7957    -1833256.250000
7958    -1833256.750000
7959    -1833257.375000
7960    -1833258.250000
7961    -1833259.000000
7962    -1833259.375000
7963    -1833260.375000
7964    -1833261.125000
7965    -1833261.750000
7966    -1833262.750000
7967    -1833263.500000
7968    -1833264.125000
7969    -1833265.000000
7970    -1833265.500000
7971    -1833266.375000
7972    -1833267.000000
7973    -1833267.750000
7974    -1833268.750000
7975    -1833269.250000
7976    -1833270.000000
7977    -1833271.125000
7978    -1833271.500000
7979    -1833272.250000
7980    -1833272.750000
7981    -1833273.750000
7982    -1833274.500000
7983    -1833275.250000
7984    -1833275.875000
7985    -1833276.500000
7986    -1833277.500000
7987    -1833278.000000
7988    -1833278.750000
7989    -1833279.500000
7990    -1833280.250000
7991    -1833281.250000
7992    -1833281.750000
7993    -1833282.250000
7994    -1833283.250000
7995    -1833284.125000
7996    -1833284.375000
7997    -1833285.250000
7998    -1833286.250000
7999    -1833287.000000
8000    -1833287.500000
8001    -1833288.250000
8002    -1833289.125000
8003    -1833289.625000
8004    -1833290.500000
8005    -1833291.250000
8006    -1833291.875000
8007    -1833292.500000
8008    -1833293.375000
8009    -1833293.875000
8010    -1833294.750000
8011    -1833295.500000
8012    -1833296.250000
8013    -1833297.000000
8014    -1833297.750000
8015    -1833298.500000
8016    -1833299.000000
8017    -1833299.750000
8018    -1833300.500000
8019    -1833301.250000
8020    -1833301.750000
8021    -1833302.750000
8022    -1833303.500000
8023    -1833304.250000
8024    -1833304.875000
8025    -1833305.625000
8026    -1833306.250000
8027    -1833306.750000
8028    -1833307.750000
8029    -1833308.250000
8030    -1833309.000000
8031    -1833309.625000
8032    -1833310.375000
8033    -1833311.500000
8034    -1833311.750000
8035    -1833312.750000
8036    -1833313.250000
8037    -1833314.125000
8038    -1833314.500000
8039    -1833315.125000
8040    -1833316.000000
8041    -1833316.750000
8042    -1833317.500000
8043    -1833318.250000
8044    -1833319.000000
8045    -1833319.500000
8046    -1833320.375000
8047    -1833321.125000
8048    -1833322.000000
8049    -1833322.250000
8050    -1833323.250000
8051    -1833323.875000
8052    -1833324.625000
8053    -1833325.500000
8054    -1833326.250000
8055    -1833326.875000
8056    -1833327.375000
8057    -1833328.250000
8058    -1833328.750000
8059    -1833329.750000
8060    -1833330.250000
8061    -1833331.000000
8062    -1833331.750000
8063    -1833332.500000
8064    -1833333.375000
8065    -1833333.875000
8066    -1833334.750000
8067    -1833335.375000
8068    -1833336.250000
8069    -1833337.000000
8070    -1833337.500000
8071    -1833338.500000
8072    -1833339.250000
8073    -1833339.750000
8074    -1833340.750000
8075    -1833341.500000
8076    -1833342.125000
8077    -1833343.000000
8078    -1833343.750000
8079    -1833344.500000
8080    -1833345.125000
8081    -1833345.750000
8082    -1833346.500000
8083    -1833347.375000
8084    -1833348.250000
8085    -1833349.000000
8086    -1833349.750000
8087    -1833350.750000
8088    -1833351.125000
8089    -1833351.750000
8090    -1833352.750000
8091    -1833353.500000
8092    -1833354.500000
8093    -1833355.125000
8094    -1833355.625000
8095    -1833356.500000
8096    -1833357.500000
8097    -1833358.000000
8098    -1833358.875000
8099    -1833359.750000
8100    -1833360.375000
8101    -1833361.000000
8102    -1833361.750000
8103    -1833362.750000
8104    -1833363.250000
8105    -1833364.375000
8106    -1833365.000000
8107    -1833365.625000
8108    -1833366.375000
8109    -1833367.250000
8110    -1833368.000000
8111    -1833368.875000
8112    -1833369.500000
8113    -1833370.125000
8114    -1833371.000000
8115    -1833372.000000
8116    -1833372.625000
8117    -1833373.500000
8118    -1833374.250000
8119    -1833375.000000
8120    -1833375.625000
8121    -1833376.250000
8122    -1833377.250000
8123    -1833378.000000
8124    -1833379.000000
8125    -1833379.500000
8126    -1833380.250000
8127    -1833381.000000
8128    -1833381.875000
8129    -1833382.625000
8130    -1833383.500000
8131    -1833384.125000
8132    -1833384.750000
8133    -1833385.625000
8134    -1833386.500000
8135    -1833387.250000
8136    -1833387.875000
8137    -1833388.750000
8138    -1833389.625000
8139    -1833390.375000
8140    -1833391.000000
8141    -1833391.875000
8142    -1833392.625000
8143    -1833393.250000
8144    -1833394.375000
8145    -1833394.875000
8146    -1833395.625000
8147    -1833396.625000
8148    -1833397.125000
8149    -1833398.125000
8150    -1833398.750000
8151    -1833399.625000
8152    -1833400.375000
8153    -1833401.250000
8154    -1833402.000000
8155    -1833402.750000
8156    -1833403.625000
8157    -1833404.375000
8158    -1833405.250000
8159    -1833406.000000
8160    -1833406.875000
8161    -1833407.625000
8162    -1833408.250000
8163    -1833409.000000
8164    -1833410.000000
8165    -1833410.750000
8166    -1833411.625000
8167    -1833412.375000
8168    -1833413.250000
8169    -1833413.750000
8170    -1833414.500000
8171    -1833415.500000
8172    -1833416.250000
8173    -1833417.000000
8174    -1833417.750000
8175    -1833418.750000
8176    -1833419.500000
8177    -1833420.000000
8178    -1833420.875000
8179    -1833421.625000
8180    -1833422.500000
8181    -1833423.500000
8182    -1833424.125000
8183    -1833424.750000
8184    -1833425.750000
8185    -1833426.750000
8186    -1833427.250000
8187    -1833428.125000
8188    -1833428.875000
8189    -1833429.750000
8190    -1833430.500000
8191    -1833431.500000
8192    -1833432.000000
8193    -1833432.750000
8194    -1833433.750000
8195    -1833434.250000
8196    -1833435.250000
8197    -1833436.000000
8198    -1833436.750000
8199    -1833437.625000
8200    -1833438.500000
8201    -1833439.250000
8202    -1833439.875000
8203    -1833440.625000
8204    -1833441.500000
8205    -1833442.250000
8206    -1833443.250000
8207    -1833443.875000
8208    -1833444.625000
8209    -1833445.500000
8210    -1833446.000000
8211    -1833446.875000
8212    -1833447.750000
8213    -1833448.750000
8214    -1833449.250000
8215    -1833450.000000
8216    -1833450.875000
8217    -1833451.750000
8218    -1833452.500000
8219    -1833453.375000
8220    -1833454.125000
8221    -1833455.000000
8222    -1833455.750000
8223    -1833456.500000
8224    -1833457.125000
8225    -1833458.125000
8226    -1833458.875000
8227    -1833459.875000
8228    -1833460.500000
8229    -1833461.125000
8230    -1833462.000000
8231    -1833463.000000
8232    -1833463.500000
8233    -1833464.375000
8234    -1833465.500000
8235    -1833466.250000
8236    -1833467.000000
8237    -1833467.750000
8238    -1833468.625000
8239    -1833469.375000
8240    -1833470.250000
8241    -1833471.125000
8242    -1833472.000000
8243    -1833472.875000
8244    -1833473.500000
8245    -1833474.625000
8246    -1833475.125000
8247    -1833476.250000
8248    -1833477.125000
8249    -1833477.875000
8250    -1833478.625000
8251    -1833479.375000
8252    -1833480.250000
8253    -1833481.250000
8254    -1833482.000000
8255    -1833483.000000
8256    -1833483.750000
8257    -1833484.375000
8258    -1833485.500000
8259    -1833486.000000
8260    -1833487.000000
8261    -1833488.000000
8262    -1833488.750000
8263    -1833489.500000
8264    -1833490.500000
8265    -1833491.250000
8266    -1833492.250000
8267    -1833492.750000
8268    -1833493.750000
8269    -1833494.875000
8270    -1833495.625000
8271    -1833496.250000
8272    -1833497.000000
8273    -1833498.250000
8274    -1833498.875000
8275    -1833499.750000
8276    -1833500.750000
8277    -1833501.500000
8278    -1833502.500000
8279    -1833503.250000
8280    -1833504.000000
8281    -1833504.750000
8282    -1833506.000000
8283    -1833506.750000
8284    -1833507.500000
8285    -1833508.375000
8286    -1833509.375000
8287    -1833509.875000
8288    -1833511.000000
8289    -1833512.000000
8290    -1833512.750000
8291    -1833513.750000
8292    -1833514.500000
8293    -1833515.375000
8294    -1833515.875000
8295    -1833517.000000
8296    -1833517.875000
8297    -1833518.625000
8298    -1833519.500000
8299    -1833520.375000
8300    -1833521.250000
8301    -1833522.125000
8302    -1833523.000000
8303    -1833524.000000
8304    -1833524.750000
8305    -1833525.625000
8306    -1833526.500000
8307    -1833527.500000
8308    -1833528.375000
8309    -1833529.250000
8310    -1833530.000000
8311    -1833530.750000
8312    -1833531.625000
8313    -1833532.750000
8314    -1833533.750000
8315    -1833534.250000
8316    -1833535.250000
8317    -1833536.000000
8318    -1833537.000000
8319    -1833538.000000
8320    -1833538.750000
8321    -1833539.750000
8322    -1833540.250000
8323    -1833541.500000
8324    -1833542.250000
8325    -1833543.000000
8326    -1833543.875000
8327    -1833544.750000
8328    -1833545.750000
8329    -1833546.500000
8330    -1833547.500000
8331    -1833548.125000
8332    -1833549.000000
8333    -1833550.000000
8334    -1833550.750000
8335    -1833551.625000
8336    -1833552.500000
8337    -1833553.500000
8338    -1833554.125000
8339    -1833555.125000
8340    -1833555.750000
8341    -1833556.875000
8342    -1833557.750000
8343    -1833558.500000
8344    -1833559.250000
8345    -1833560.250000
8346    -1833561.000000
8347    -1833562.250000
8348    -1833562.750000
8349    -1833563.750000
8350    -1833564.250000
8351    -1833565.250000
8352    -1833566.250000
8353    -1833567.125000
8354    -1833567.875000
8355    -1833568.750000
8356    -1833569.625000
8357    -1833570.500000
8358    -1833571.250000
8359    -1833572.000000
8360    -1833573.000000
8361    -1833573.750000
8362    -1833574.500000
8363    -1833575.500000
8364    -1833576.250000
8365    -1833577.250000
8366    -1833578.125000
8367    -1833578.750000
8368    -1833579.750000
8369    -1833580.625000
8370    -1833581.500000
8371    -1833582.250000
8372    -1833583.250000
8373    -1833584.000000
8374    -1833584.875000
8375    -1833585.750000
8376    -1833586.625000
8377    -1833587.375000
8378    -1833588.250000
8379    -1833589.000000
8380    -1833590.000000
8381    -1833590.750000
8382    -1833591.500000
8383    -1833592.375000
8384    -1833593.000000
8385    -1833594.000000
8386    -1833594.750000
8387    -1833595.625000
8388    -1833596.500000
8389    -1833597.250000
8390    -1833598.000000
8391    -1833599.000000
8392    -1833599.750000
8393    -1833600.625000
8394    -1833601.625000
8395    -1833602.125000
8396    -1833603.000000
8397    -1833603.750000
8398    -1833604.750000
8399    -1833605.500000
8400    -1833606.500000
8401    -1833607.250000
8402    -1833607.875000
8403    -1833608.875000
8404    -1833609.625000
8405    -1833610.625000
8406    -1833611.375000
8407    -1833612.000000
8408    -1833612.875000
8409    -1833613.875000
8410    -1833614.500000
8411    -1833615.250000
8412    -1833616.250000
8413    -1833617.000000
8414    -1833617.875000
8415    -1833618.625000
8416    -1833619.500000
8417    -1833620.375000
8418    -1833621.000000
8419    -1833622.000000
8420    -1833622.750000
8421    -1833623.625000
8422    -1833624.500000
8423    -1833625.250000
8424    -1833626.000000
8425    -1833627.000000
8426    -1833627.500000
8427    -1833628.500000
8428    -1833629.250000
8429    -1833630.125000
8430    -1833630.875000
8431    -1833631.500000
8432    -1833632.500000
8433    -1833633.375000
8434    -1833634.000000
8435    -1833634.750000
8436    -1833635.625000
8437    -1833636.500000
8438    -1833637.250000
8439    -1833638.250000
8440    -1833638.750000
8441    -1833639.625000
8442    -1833640.375000
8443    -1833641.250000
8444    -1833642.000000
8445    -1833642.750000
8446    -1833643.625000
8447    -1833644.500000
8448    -1833645.125000
8449    -1833646.000000
8450    -1833646.750000
8451    -1833647.750000
8452    -1833648.250000
8453    -1833649.125000
8454    -1833650.000000
8455    -1833650.750000
8456    -1833651.500000
8457    -1833652.250000
8458    -1833653.250000
8459    -1833654.000000
8460    -1833654.625000
8461    -1833655.625000
8462    -1833656.375000
8463    -1833657.000000
8464    -1833657.750000
8465    -1833658.625000
8466    -1833659.375000
8467    -1833660.125000
8468    -1833661.000000
8469    -1833661.750000
8470    -1833662.625000
8471    -1833663.375000
8472    -1833664.000000
8473    -1833664.875000
8474    -1833665.750000
8475    -1833666.375000
8476    -1833667.250000
8477    -1833668.000000
8478    -1833668.750000
8479    -1833669.500000
8480    -1833670.375000
8481    -1833671.000000
8482    -1833671.625000
8483    -1833672.750000
8484    -1833673.375000
8485    -1833674.000000
8486    -1833674.875000
8487    -1833675.750000
8488    -1833676.500000
8489    -1833677.500000
8490    -1833678.250000
8491    -1833679.250000
8492    -1833679.500000
8493    -1833680.375000
8494    -1833681.250000
8495    -1833681.875000
8496    -1833682.750000
8497    -1833683.375000
8498    -1833684.125000
8499    -1833685.125000
8500    -1833685.750000
8501    -1833686.500000
8502    -1833687.250000
8503    -1833688.000000
8504    -1833689.000000
8505    -1833689.500000
8506    -1833690.375000
8507    -1833691.125000
8508    -1833691.750000
8509    -1833692.625000
8510    -1833693.375000
8511    -1833694.250000
8512    -1833695.000000
8513    -1833696.000000
8514    -1833696.750000
8515    -1833697.250000
8516    -1833698.125000
8517    -1833699.000000
8518    -1833699.750000
8519    -1833700.500000
8520    -1833701.375000
8521    -1833702.250000
8522    -1833702.750000
8523    -1833703.625000
8524    -1833704.250000
8525    -1833705.250000
8526    -1833706.250000
8527    -1833706.750000
8528    -1833707.500000
8529    -1833708.375000
8530    -1833709.250000
8531    -1833709.875000
8532    -1833710.625000
8533    -1833711.500000
8534    -1833712.500000
8535    -1833713.000000
8536    -1833714.000000
8537    -1833714.750000
8538    -1833715.500000
8539    -1833716.375000
8540    -1833717.000000
8541    -1833718.000000
8542    -1833718.625000
8543    -1833719.625000
8544    -1833720.250000
8545    -1833721.000000
8546    -1833722.000000
8547    -1833723.000000
8548    -1833723.625000
8549    -1833724.500000
8550    -1833725.250000
8551    -1833726.125000
8552    -1833727.000000
8553    -1833727.750000
8554    -1833728.625000
8555    -1833729.500000
8556    -1833730.375000
8557    -1833731.250000
8558    -1833732.000000
8559    -1833733.000000
8560    -1833733.500000
8561    -1833734.500000
8562    -1833735.250000
8563    -1833736.125000
8564    -1833737.250000
8565    -1833738.125000
8566    -1833738.875000
8567    -1833739.750000
8568    -1833740.375000
8569    -1833741.500000
8570    -1833742.250000
8571    -1833743.125000
8572    -1833744.125000
8573    -1833745.000000
8574    -1833746.000000
8575    -1833746.750000
8576    -1833747.750000
8577    -1833748.625000
8578    -1833749.500000
8579    -1833750.500000
8580    -1833751.250000
8581    -1833752.375000
8582    -1833753.250000
8583    -1833754.250000
8584    -1833755.125000
8585    -1833756.000000
8586    -1833757.000000
8587    -1833757.875000
8588    -1833759.000000
8589    -1833759.750000
8590    -1833760.625000
8591    -1833761.500000
8592    -1833762.500000
8593    -1833763.625000
8594    -1833764.500000
8595    -1833765.500000
8596    -1833766.500000
8597    -1833767.250000
8598    -1833768.375000
8599    -1833769.500000
8600    -1833770.500000
8601    -1833771.250000
8602    -1833772.250000
8603    -1833773.375000
8604    -1833774.500000
8605    -1833775.500000
8606    -1833776.375000
8607    -1833777.375000
8608    -1833778.500000
8609    -1833779.500000
8610    -1833780.375000
8611    -1833781.500000
8612    -1833782.500000
8613    -1833783.500000
8614    -1833784.500000
8615    -1833785.625000
8616    -1833786.625000
8617    -1833787.750000
8618    -1833788.750000
8619    -1833789.750000
8620    -1833790.750000
8621    -1833792.000000
8622    -1833793.125000
8623    -1833794.375000
8624    -1833795.250000
8625    -1833796.250000
8626    -1833797.750000
8627    -1833798.625000
8628    -1833799.625000
8629    -1833800.750000
8630    -1833802.000000
8631    -1833803.000000
8632    -1833804.250000
8633    -1833805.250000
8634    -1833806.500000
8635    -1833807.625000
8636    -1833808.625000
8637    -1833809.750000
8638    -1833811.000000
8639    -1833812.000000
8640    -1833813.250000
8641    -1833814.750000
8642    -1833815.750000
8643    -1833816.750000
8644    -1833818.000000
8645    -1833819.000000
8646    -1833820.500000
8647    -1833821.750000
8648    -1833822.750000
8649    -1833824.000000
8650    -1833825.250000
8651    -1833826.500000
8652    -1833827.625000
8653    -1833829.000000
8654    -1833830.375000
8655    -1833831.000000
8656    -1833832.500000
8657    -1833834.000000
8658    -1833835.125000
8659    -1833836.375000
8660    -1833837.375000
8661    -1833839.000000
8662    -1833840.125000
8663    -1833841.250000
8664    -1833842.875000
8665    -1833844.000000
8666    -1833845.250000
8667    -1833846.500000
8668    -1833847.625000
8669    -1833849.000000
8670    -1833850.250000
8671    -1833851.500000
8672    -1833852.750000
8673    -1833854.000000
8674    -1833855.500000
8675    -1833856.750000
8676    -1833858.000000
8677    -1833859.375000
8678    -1833860.500000
8679    -1833861.875000
8680    -1833863.000000
8681    -1833864.500000
8682    -1833865.750000
8683    -1833867.250000
8684    -1833868.250000
8685    -1833869.625000
8686    -1833870.875000
8687    -1833872.375000
8688    -1833873.750000
8689    -1833875.000000
8690    -1833876.500000
8691    -1833877.750000
8692    -1833879.000000
8693    -1833880.250000
8694    -1833881.375000
8695    -1833883.000000
8696    -1833884.000000
8697    -1833885.625000
8698    -1833887.000000
8699    -1833888.250000
8700    -1833889.625000
8701    -1833891.000000
8702    -1833892.125000
8703    -1833893.500000
8704    -1833894.875000
8705    -1833896.250000
8706    -1833897.625000
8707    -1833899.000000
8708    -1833900.125000
8709    -1833901.500000
8710    -1833903.000000
8711    -1833904.250000
8712    -1833905.750000
8713    -1833907.000000
8714    -1833908.000000
8715    -1833909.500000
8716    -1833910.875000
8717    -1833912.250000
8718    -1833913.500000
8719    -1833915.000000
8720    -1833916.375000
8721    -1833917.250000
8722    -1833918.750000
8723    -1833920.000000
8724    -1833921.500000
8725    -1833922.625000
8726    -1833923.750000
8727    -1833925.250000
8728    -1833926.375000
8729    -1833927.750000
8730    -1833929.250000
8731    -1833930.500000
8732    -1833931.750000
8733    -1833933.000000
8734    -1833934.125000
8735    -1833935.625000
8736    -1833936.875000
8737    -1833938.250000
8738    -1833939.375000
8739    -1833940.375000
8740    -1833942.000000
8741    -1833943.250000
8742    -1833944.500000
8743    -1833945.750000
8744    -1833947.000000
8745    -1833948.250000
8746    -1833949.500000
8747    -1833950.750000
8748    -1833952.000000
8749    -1833953.250000
8750    -1833954.500000
8751    -1833955.750000
8752    -1833956.875000
8753    -1833958.000000
8754    -1833959.125000
8755    -1833960.500000
8756    -1833961.875000
8757    -1833963.000000
8758    -1833964.250000
8759    -1833965.500000
8760    -1833966.625000
8761    -1833967.750000
8762    -1833969.000000
8763    -1833970.250000
8764    -1833971.375000
8765    -1833972.750000
8766    -1833973.625000
8767    -1833975.000000
8768    -1833976.125000
8769    -1833977.250000
8770    -1833978.500000
8771    -1833979.750000
8772    -1833981.000000
8773    -1833982.000000
8774    -1833983.000000
8775    -1833984.250000
8776    -1833985.375000
8777    -1833986.500000
8778    -1833987.750000
8779    -1833988.875000
8780    -1833990.000000
8781    -1833991.000000
8782    -1833992.000000
8783    -1833993.250000
8784    -1833994.375000
8785    -1833995.500000
8786    -1833996.750000
8787    -1833997.500000
8788    -1833998.750000
8789    -1833999.750000
8790    -1834001.000000
8791    -1834001.875000
8792    -1834003.250000
8793    -1834004.375000
8794    -1834005.250000
8795    -1834006.375000
8796    -1834007.500000
8797    -1834008.500000
8798    -1834009.500000
8799    -1834010.500000
8800    -1834011.625000
8801    -1834012.500000
8802    -1834013.750000
8803    -1834014.750000
8804    -1834015.750000
8805    -1834017.000000
8806    -1834017.750000
8807    -1834019.000000
8808    -1834020.000000
8809    -1834021.000000
8810    -1834022.000000
8811    -1834023.000000
8812    -1834024.000000
8813    -1834025.000000
8814    -1834026.000000
8815    -1834027.125000
8816    -1834028.000000
8817    -1834029.000000
8818    -1834030.000000
8819    -1834030.875000
8820    -1834032.000000
8821    -1834033.000000
8822    -1834034.000000
8823    -1834034.875000
8824    -1834036.000000
8825    -1834037.000000
8826    -1834037.750000
8827    -1834038.750000
8828    -1834039.625000
8829    -1834040.625000
8830    -1834041.500000
8831    -1834042.750000
8832    -1834043.625000
8833    -1834044.625000
8834    -1834045.500000
8835    -1834046.500000
8836    -1834047.500000
8837    -1834048.375000
8838    -1834049.125000
8839    -1834050.125000
8840    -1834051.125000
8841    -1834052.000000
8842    -1834053.000000
8843    -1834054.000000
8844    -1834054.750000
8845    -1834055.500000
8846    -1834056.500000
8847    -1834057.250000
8848    -1834058.375000
8849    -1834059.125000
8850    -1834059.875000
8851    -1834060.875000
8852    -1834061.875000
8853    -1834062.625000
8854    -1834063.500000
8855    -1834064.375000
8856    -1834065.250000
8857    -1834066.000000
8858    -1834067.000000
8859    -1834067.750000
8860    -1834068.625000
8861    -1834069.625000
8862    -1834070.375000
8863    -1834071.250000
8864    -1834072.125000
8865    -1834073.000000
8866    -1834073.750000
8867    -1834074.875000
8868    -1834075.500000
8869    -1834076.500000
8870    -1834077.250000
8871    -1834078.000000
8872    -1834079.125000
8873    -1834079.750000
8874    -1834080.500000
8875    -1834081.500000
8876    -1834082.250000
8877    -1834083.000000
8878    -1834083.750000
8879    -1834084.500000
8880    -1834085.625000
8881    -1834086.500000
8882    -1834087.125000
8883    -1834088.000000
8884    -1834088.750000
8885    -1834089.625000
8886    -1834090.500000
8887    -1834091.250000
8888    -1834092.000000
8889    -1834093.000000
8890    -1834093.750000
8891    -1834094.750000
8892    -1834095.375000
8893    -1834096.000000
8894    -1834097.000000
8895    -1834097.750000
8896    -1834098.625000
8897    -1834099.250000
8898    -1834100.375000
8899    -1834101.000000
8900    -1834101.875000
8901    -1834102.500000
8902    -1834103.250000
8903    -1834104.000000
8904    -1834104.875000
8905    -1834105.750000
8906    -1834106.375000
8907    -1834107.250000
8908    -1834108.000000
8909    -1834108.750000
8910    -1834109.625000
8911    -1834110.500000
8912    -1834111.250000
8913    -1834112.000000
8914    -1834112.625000
8915    -1834113.500000
8916    -1834114.250000
8917    -1834115.000000
8918    -1834116.000000
8919    -1834116.750000
8920    -1834117.500000
8921    -1834118.250000
8922    -1834119.000000
8923    -1834119.875000
8924    -1834120.500000
8925    -1834121.500000
8926    -1834122.250000
8927    -1834123.000000
8928    -1834123.750000
8929    -1834124.500000
8930    -1834125.250000
8931    -1834126.125000
8932    -1834126.750000
8933    -1834127.625000
8934    -1834128.250000
8935    -1834129.000000
8936    -1834129.750000
8937    -1834130.750000
8938    -1834131.500000
8939    -1834132.500000
8940    -1834133.125000
8941    -1834133.875000
8942    -1834134.500000
8943    -1834135.500000
8944    -1834136.250000
8945    -1834137.000000
8946    -1834137.875000
8947    -1834138.500000
8948    -1834139.375000
8949    -1834140.250000
8950    -1834141.000000
8951    -1834142.000000
8952    -1834142.500000
8953    -1834143.500000
8954    -1834144.000000
8955    -1834144.750000
8956    -1834145.750000
8957    -1834146.500000
8958    -1834147.250000
8959    -1834147.875000
8960    -1834148.875000
8961    -1834149.875000
8962    -1834150.375000
8963    -1834151.250000
8964    -1834152.000000
8965    -1834152.750000
8966    -1834153.750000
8967    -1834154.375000
8968    -1834155.250000
8969    -1834156.000000
8970    -1834156.750000
8971    -1834157.500000
8972    -1834158.500000
8973    -1834159.250000
8974    -1834160.000000
8975    -1834160.750000
8976    -1834161.500000
8977    -1834162.250000
8978    -1834163.250000
8979    -1834164.000000
8980    -1834164.750000
8981    -1834165.500000
8982    -1834166.500000
8983    -1834167.125000
8984    -1834168.125000
8985    -1834168.750000
8986    -1834169.625000
8987    -1834170.250000
8988    -1834171.125000
8989    -1834172.000000
8990    -1834172.875000
8991    -1834173.625000
8992    -1834174.375000
8993    -1834175.250000
8994    -1834176.000000
8995    -1834176.750000
8996    -1834177.750000
8997    -1834178.375000
8998    -1834179.375000
8999    -1834180.125000
9000    -1834180.875000
9001    -1834181.750000
9002    -1834182.500000
9003    -1834183.375000
9004    -1834184.125000
9005    -1834184.875000
9006    -1834185.750000
9007    -1834186.500000
9008    -1834187.375000
9009    -1834188.250000
9010    -1834189.125000
9011    -1834190.000000
9012    -1834190.750000
9013    -1834191.375000
9014    -1834192.375000
9015    -1834193.250000
9016    -1834193.875000
9017    -1834194.875000
9018    -1834195.500000
9019    -1834196.500000
9020    -1834197.250000
9021    -1834198.000000
9022    -1834199.000000
9023    -1834199.875000
9024    -1834200.750000
9025    -1834201.250000
9026    -1834202.125000
9027    -1834203.000000
9028    -1834204.000000
9029    -1834204.500000
9030    -1834205.625000
9031    -1834206.500000
9032    -1834207.125000
9033    -1834208.250000
9034    -1834209.000000
9035    -1834209.750000
9036    -1834210.500000
9037    -1834211.250000
9038    -1834212.500000
9039    -1834213.125000
9040    -1834214.000000
9041    -1834214.750000
9042    -1834215.750000
9043    -1834216.500000
9044    -1834217.250000
9045    -1834218.250000
9046    -1834219.000000
9047    -1834219.750000
9048    -1834220.750000
9049    -1834221.500000
9050    -1834222.250000
9051    -1834223.250000
9052    -1834224.000000
9053    -1834225.000000
9054    -1834225.750000
9055    -1834226.500000
9056    -1834227.250000
9057    -1834228.250000
9058    -1834229.000000
9059    -1834229.875000
9060    -1834230.625000
9061    -1834231.625000
9062    -1834232.250000
9063    -1834233.000000
9064    -1834234.000000
9065    -1834234.750000
9066    -1834235.500000
9067    -1834236.375000
9068    -1834237.250000
9069    -1834238.000000
9070    -1834239.000000
9071    -1834239.625000
9072    -1834240.625000
9073    -1834241.375000
9074    -1834242.250000
9075    -1834243.000000
9076    -1834243.750000
9077    -1834244.500000
9078    -1834245.625000
9079    -1834246.250000
9080    -1834246.875000
9081    -1834247.750000
9082    -1834248.750000
9083    -1834249.750000
9084    -1834250.250000
9085    -1834251.000000
9086    -1834252.000000
9087    -1834252.875000
9088    -1834253.625000
9089    -1834254.375000
9090    -1834255.125000
9091    -1834256.125000
9092    -1834256.750000
9093    -1834257.625000
9094    -1834258.500000
9095    -1834259.250000
9096    -1834259.875000
9097    -1834260.750000
9098    -1834261.750000
9099    -1834262.500000
9100    -1834263.250000
9101    -1834264.000000
9102    -1834265.000000
9103    -1834265.625000
9104    -1834266.250000
9105    -1834267.125000
9106    -1834268.000000
9107    -1834268.625000
9108    -1834269.375000
9109    -1834270.250000
9110    -1834271.125000
9111    -1834271.750000
9112    -1834272.500000
9113    -1834273.500000
9114    -1834274.250000
9115    -1834275.000000
9116    -1834275.750000
9117    -1834276.500000
9118    -1834277.500000
9119    -1834278.250000
9120    -1834279.000000
9121    -1834280.000000
9122    -1834280.500000
9123    -1834281.250000
9124    -1834282.250000
9125    -1834282.875000
9126    -1834283.750000
9127    -1834284.625000
9128    -1834285.500000
9129    -1834286.125000
9130    -1834286.875000
9131    -1834287.750000
9132    -1834288.750000
9133    -1834289.250000
9134    -1834290.000000
9135    -1834290.875000
9136    -1834291.750000
9137    -1834292.500000
9138    -1834293.125000
9139    -1834294.000000
9140    -1834294.875000
9141    -1834295.500000
9142    -1834296.250000
9143    -1834297.250000
9144    -1834298.000000
9145    -1834298.750000
9146    -1834299.500000
9147    -1834300.500000
9148    -1834301.000000
9149    -1834301.875000
9150    -1834302.625000
9151    -1834303.500000
9152    -1834304.000000
9153    -1834305.000000
9154    -1834306.000000
9155    -1834306.750000
9156    -1834307.250000
9157    -1834308.250000
9158    -1834309.000000
9159    -1834309.750000
9160    -1834310.500000
9161    -1834311.500000
9162    -1834312.125000
9163    -1834313.000000
9164    -1834313.750000
9165    -1834314.500000
9166    -1834315.500000
9167    -1834316.250000
9168    -1834317.000000
9169    -1834318.000000
9170    -1834318.625000
9171    -1834319.375000
9172    -1834320.250000
9173    -1834321.000000
9174    -1834322.000000
9175    -1834322.750000
9176    -1834323.625000
9177    -1834324.250000
9178    -1834325.125000
9179    -1834325.750000
9180    -1834326.750000
9181    -1834327.625000
9182    -1834328.500000
9183    -1834329.250000
9184    -1834330.250000
9185    -1834331.000000
9186    -1834331.750000
9187    -1834332.500000
9188    -1834333.500000
9189    -1834334.375000
9190    -1834335.250000
9191    -1834336.000000
9192    -1834336.875000
9193    -1834337.750000
9194    -1834338.500000
9195    -1834339.250000
9196    -1834340.125000
9197    -1834341.000000
9198    -1834341.750000
9199    -1834342.750000
9200    -1834343.500000
9201    -1834344.250000
9202    -1834345.000000
9203    -1834346.000000
9204    -1834346.875000
9205    -1834347.625000
9206    -1834348.500000
9207    -1834349.375000
9208    -1834350.250000
9209    -1834351.000000
9210    -1834351.875000
9211    -1834352.750000
9212    -1834353.500000
9213    -1834354.500000
9214    -1834355.250000
9215    -1834356.125000
9216    -1834357.000000
9217    -1834358.000000
9218    -1834358.750000
9219    -1834359.500000
9220    -1834360.500000
9221    -1834361.375000
9222    -1834362.000000
9223    -1834363.000000
9224    -1834363.750000
9225    -1834364.500000
9226    -1834365.250000
9227    -1834366.375000
9228    -1834366.750000
9229    -1834367.500000
9230    -1834368.625000
9231    -1834369.500000
9232    -1834370.250000
9233    -1834371.250000
9234    -1834372.125000
9235    -1834372.875000
9236    -1834373.625000
9237    -1834374.500000
9238    -1834375.375000
9239    -1834376.000000
9240    -1834377.125000
9241    -1834378.000000
9242    -1834378.500000
9243    -1834379.500000
9244    -1834380.375000
9245    -1834381.250000
9246    -1834382.000000
9247    -1834382.750000
9248    -1834383.625000
9249    -1834384.375000
9250    -1834385.500000
9251    -1834386.250000
9252    -1834387.125000
9253    -1834388.000000
9254    -1834388.875000
9255    -1834389.750000
9256    -1834390.500000
9257    -1834391.500000
9258    -1834392.250000
9259    -1834393.250000
9260    -1834393.875000
9261    -1834394.750000
9262    -1834395.750000
9263    -1834396.500000
9264    -1834397.375000
9265    -1834398.250000
9266    -1834399.000000
9267    -1834400.000000
9268    -1834400.750000
9269    -1834401.750000
9270    -1834402.500000
9271    -1834403.750000
9272    -1834404.500000
9273    -1834405.250000
9274    -1834406.000000
9275    -1834407.250000
9276    -1834407.875000
9277    -1834408.750000
9278    -1834409.625000
9279    -1834410.500000
9280    -1834411.250000
9281    -1834412.250000
9282    -1834413.125000
9283    -1834414.000000
9284    -1834414.750000
9285    -1834415.500000
9286    -1834416.500000
9287    -1834417.250000
9288    -1834418.250000
9289    -1834419.000000
9290    -1834419.750000
9291    -1834420.750000
9292    -1834421.750000
9293    -1834422.500000
9294    -1834423.500000
9295    -1834424.250000
9296    -1834425.375000
9297    -1834426.000000
9298    -1834426.750000
9299    -1834427.875000
9300    -1834428.500000
9301    -1834429.500000
9302    -1834430.250000
9303    -1834431.250000
9304    -1834432.000000
9305    -1834433.000000
9306    -1834433.875000
9307    -1834434.750000
9308    -1834435.500000
9309    -1834436.500000
9310    -1834437.250000
9311    -1834438.125000
9312    -1834439.000000
9313    -1834440.000000
9314    -1834440.750000
9315    -1834441.500000
9316    -1834442.375000
9317    -1834443.250000
9318    -1834444.375000
9319    -1834445.250000
9320    -1834446.000000
9321    -1834446.875000
9322    -1834447.875000
9323    -1834448.625000
9324    -1834449.625000
9325    -1834450.250000
9326    -1834451.375000
9327    -1834452.250000
9328    -1834452.875000
9329    -1834454.000000
9330    -1834454.875000
9331    -1834455.750000
9332    -1834456.500000
9333    -1834457.250000
9334    -1834458.250000
9335    -1834459.250000
9336    -1834459.875000
9337    -1834460.875000
9338    -1834461.750000
9339    -1834462.875000
9340    -1834463.500000
9341    -1834464.750000
9342    -1834465.250000
9343    -1834466.250000
9344    -1834467.125000
9345    -1834468.000000
9346    -1834469.000000
9347    -1834469.750000
9348    -1834470.500000
9349    -1834471.375000
9350    -1834472.125000
9351    -1834473.000000
9352    -1834474.000000
9353    -1834475.000000
9354    -1834475.750000
9355    -1834476.625000
9356    -1834477.375000
9357    -1834478.250000
9358    -1834479.125000
9359    -1834480.250000
9360    -1834481.000000
9361    -1834481.750000
9362    -1834482.750000
9363    -1834483.500000
9364    -1834484.500000
9365    -1834485.500000
9366    -1834486.250000
9367    -1834487.000000
9368    -1834488.000000
9369    -1834489.000000
9370    -1834489.625000
9371    -1834490.750000
9372    -1834491.500000
9373    -1834492.250000
9374    -1834493.375000
9375    -1834494.000000
9376    -1834495.000000
9377    -1834495.875000
9378    -1834496.750000
9379    -1834497.750000
9380    -1834498.500000
9381    -1834499.375000
9382    -1834500.250000
9383    -1834501.250000
9384    -1834502.250000
9385    -1834503.000000
9386    -1834503.875000
9387    -1834504.750000
9388    -1834505.500000
9389    -1834506.500000
9390    -1834507.500000
9391    -1834508.500000
9392    -1834509.250000
9393    -1834510.000000
9394    -1834511.000000
9395    -1834511.750000
9396    -1834512.750000
9397    -1834513.750000
9398    -1834514.625000
9399    -1834515.500000
9400    -1834516.250000
9401    -1834517.250000
9402    -1834518.250000
9403    -1834519.125000
9404    -1834520.250000
9405    -1834521.000000
9406    -1834521.875000
9407    -1834522.750000
9408    -1834523.625000
9409    -1834524.625000
9410    -1834525.500000
9411    -1834526.500000
9412    -1834527.500000
9413    -1834528.125000
9414    -1834529.000000
9415    -1834530.000000
9416    -1834531.000000
9417    -1834532.000000
9418    -1834532.750000
9419    -1834533.750000
9420    -1834534.500000
9421    -1834535.250000
9422    -1834536.500000
9423    -1834537.375000
9424    -1834538.250000
9425    -1834539.125000
9426    -1834539.875000
9427    -1834541.000000
9428    -1834541.875000
9429    -1834542.750000
9430    -1834543.750000
9431    -1834544.500000
9432    -1834545.500000
9433    -1834546.375000
9434    -1834547.250000
9435    -1834548.125000
9436    -1834549.000000
9437    -1834550.000000
9438    -1834551.000000
9439    -1834551.750000
9440    -1834552.875000
9441    -1834553.625000
9442    -1834554.500000
9443    -1834555.500000
9444    -1834556.125000
9445    -1834557.000000
9446    -1834558.000000
9447    -1834559.000000
9448    -1834559.875000
9449    -1834560.750000
9450    -1834561.625000
9451    -1834562.250000
9452    -1834563.500000
9453    -1834564.375000
9454    -1834565.125000
9455    -1834566.000000
9456    -1834567.000000
9457    -1834567.750000
9458    -1834568.625000
9459    -1834569.500000
9460    -1834570.375000
9461    -1834571.250000
9462    -1834572.000000
9463    -1834573.000000
9464    -1834574.000000
9465    -1834574.750000
9466    -1834575.500000
9467    -1834576.500000
9468    -1834577.250000
9469    -1834578.250000
9470    -1834579.125000
9471    -1834580.000000
9472    -1834580.750000
9473    -1834581.500000
9474    -1834582.625000
9475    -1834583.250000
9476    -1834584.250000
9477    -1834585.250000
9478    -1834586.000000
9479    -1834586.625000
9480    -1834587.500000
9481    -1834588.375000
9482    -1834589.250000
9483    -1834590.000000
9484    -1834590.750000
9485    -1834591.500000
9486    -1834592.500000
9487    -1834593.375000
9488    -1834594.250000
9489    -1834595.000000
9490    -1834595.750000
9491    -1834596.625000
9492    -1834597.375000
9493    -1834598.000000
9494    -1834599.000000
9495    -1834599.875000
9496    -1834600.500000
9497    -1834601.250000
9498    -1834602.250000
9499    -1834603.000000
9500    -1834603.750000
9501    -1834604.750000
9502    -1834605.375000
9503    -1834606.000000
9504    -1834606.750000
9505    -1834607.750000
9506    -1834608.625000
9507    -1834609.375000
9508    -1834610.125000
9509    -1834610.875000
9510    -1834611.500000
9511    -1834612.375000
9512    -1834613.250000
9513    -1834613.875000
9514    -1834614.875000
9515    -1834615.375000
9516    -1834616.250000
9517    -1834617.000000
9518    -1834617.750000
9519    -1834618.500000
9520    -1834619.250000
9521    -1834620.000000
9522    -1834620.750000
9523    -1834621.625000
9524    -1834622.250000
9525    -1834623.125000
9526    -1834623.750000
9527    -1834624.625000
9528    -1834625.125000
9529    -1834626.000000
9530    -1834626.750000
9531    -1834627.500000
9532    -1834628.250000
9533    -1834628.750000
9534    -1834629.625000
9535    -1834630.500000
9536    -1834631.125000
9537    -1834632.000000
9538    -1834632.500000
9539    -1834633.375000
9540    -1834634.000000
9541    -1834634.750000
9542    -1834635.500000
9543    -1834636.250000
9544    -1834636.875000
9545    -1834637.500000
9546    -1834638.375000
9547    -1834639.125000
9548    -1834639.750000
9549    -1834640.625000
9550    -1834641.250000
9551    -1834642.125000
9552    -1834642.750000
9553    -1834643.375000
9554    -1834644.125000
9555    -1834645.000000
9556    -1834645.625000
9557    -1834646.375000
9558    -1834647.125000
9559    -1834647.750000
9560    -1834648.500000
9561    -1834649.125000
9562    -1834649.750000
9563    -1834650.500000
9564    -1834651.250000
9565    -1834652.125000
9566    -1834652.875000
9567    -1834653.500000
9568    -1834654.125000
9569    -1834654.750000
9570    -1834655.375000
9571    -1834656.125000
9572    -1834656.875000
9573    -1834657.625000
9574    -1834658.375000
9575    -1834659.125000
9576    -1834659.625000
9577    -1834660.250000
9578    -1834661.000000
9579    -1834661.750000
9580    -1834662.500000
9581    -1834663.375000
9582    -1834664.000000
9583    -1834664.750000
9584    -1834665.500000
9585    -1834666.250000
9586    -1834666.750000
9587    -1834667.500000
9588    -1834668.000000
9589    -1834668.750000
9590    -1834669.500000
9591    -1834670.250000
9592    -1834670.875000
9593    -1834671.500000
9594    -1834672.250000
9595    -1834672.750000
9596    -1834673.500000
9597    -1834674.250000
9598    -1834674.750000
9599    -1834675.625000
9600    -1834676.250000
9601    -1834677.000000
9602    -1834677.750000
9603    -1834678.250000
9604    -1834678.875000
9605    -1834679.500000
9606    -1834680.250000
9607    -1834680.875000
9608    -1834681.625000
9609    -1834682.125000
9610    -1834682.875000
9611    -1834683.250000
9612    -1834684.000000
9613    -1834684.750000
9614    -1834685.500000
9615    -1834686.125000
9616    -1834686.625000
9617    -1834687.250000
9618    -1834688.000000
9619    -1834688.875000
9620    -1834689.375000
9621    -1834690.000000
9622    -1834690.625000
9623    -1834691.250000
9624    -1834691.875000
9625    -1834692.500000
9626    -1834693.000000
9627    -1834693.750000
9628    -1834694.250000
9629    -1834695.000000
9630    -1834695.500000
9631    -1834696.250000
9632    -1834696.625000
9633    -1834697.250000
9634    -1834697.875000
9635    -1834698.500000
9636    -1834699.250000
9637    -1834699.750000
9638    -1834700.250000
9639    -1834701.000000
9640    -1834701.500000
9641    -1834702.250000
9642    -1834702.750000
9643    -1834703.250000
9644    -1834704.000000
9645    -1834704.500000
9646    -1834705.250000
9647    -1834705.750000
9648    -1834706.375000
9649    -1834706.750000
9650    -1834707.250000
9651    -1834708.000000
9652    -1834708.625000
9653    -1834709.250000
9654    -1834709.750000
9655    -1834710.500000
9656    -1834711.125000
9657    -1834711.750000
9658    -1834712.250000
9659    -1834712.625000
9660    -1834713.250000
9661    -1834713.875000
9662    -1834714.500000
9663    -1834715.125000
9664    -1834715.750000
9665    -1834716.250000
9666    -1834716.625000
9667    -1834717.250000
9668    -1834718.000000
9669    -1834718.375000
9670    -1834718.875000
9671    -1834719.750000
9672    -1834720.000000
9673    -1834720.625000
9674    -1834721.250000
9675    -1834721.750000
9676    -1834722.250000
9677    -1834722.875000
9678    -1834723.375000
9679    -1834724.000000
9680    -1834724.625000
9681    -1834725.250000
9682    -1834725.750000
9683    -1834726.500000
9684    -1834727.000000
9685    -1834727.500000
9686    -1834728.125000
9687    -1834728.625000
9688    -1834729.125000
9689    -1834729.500000
9690    -1834730.125000
9691    -1834730.750000
9692    -1834731.250000
9693    -1834732.000000
9694    -1834732.500000
9695    -1834733.000000
9696    -1834733.500000
9697    -1834734.000000
9698    -1834734.625000
9699    -1834735.000000
9700    -1834735.750000
9701    -1834736.250000
9702    -1834736.750000
9703    -1834737.500000
9704    -1834737.875000
9705    -1834738.375000
9706    -1834739.125000
9707    -1834739.625000
9708    -1834740.250000
9709    -1834740.625000
9710    -1834741.250000
9711    -1834742.000000
9712    -1834742.375000
9713    -1834742.750000
9714    -1834743.500000
9715    -1834744.000000
9716    -1834744.750000
9717    -1834745.250000
9718    -1834746.000000
9719    -1834746.250000
9720    -1834747.000000
9721    -1834747.500000
9722    -1834748.000000
9723    -1834748.500000
9724    -1834749.250000
9725    -1834749.750000
9726    -1834750.250000
9727    -1834750.750000
9728    -1834751.125000
9729    -1834751.875000
9730    -1834752.500000
9731    -1834753.000000
9732    -1834753.750000
9733    -1834754.000000
9734    -1834754.625000
9735    -1834755.250000
9736    -1834756.000000
9737    -1834756.250000
9738    -1834757.000000
9739    -1834757.500000
9740    -1834758.000000
9741    -1834758.625000
9742    -1834759.250000
9743    -1834759.750000
9744    -1834760.250000
9745    -1834761.000000
9746    -1834761.625000
9747    -1834762.000000
9748    -1834762.750000
9749    -1834763.000000
9750    -1834763.750000
9751    -1834764.500000
9752    -1834765.000000
9753    -1834765.500000
9754    -1834766.125000
9755    -1834766.500000
9756    -1834767.250000
9757    -1834767.750000
9758    -1834768.250000
9759    -1834768.750000
9760    -1834769.375000
9761    -1834770.000000
9762    -1834770.500000
9763    -1834771.000000
9764    -1834771.625000
9765    -1834772.125000
9766    -1834772.750000
9767    -1834773.250000
9768    -1834773.875000
9769    -1834774.375000
9770    -1834774.750000
9771    -1834775.250000
9772    -1834776.000000
9773    -1834776.500000
9774    -1834777.000000
9775    -1834777.500000
9776    -1834778.000000
9777    -1834778.500000
9778    -1834779.250000
9779    -1834779.625000
9780    -1834780.250000
9781    -1834780.750000
9782    -1834781.250000
9783    -1834781.750000
9784    -1834782.375000
9785    -1834782.750000
9786    -1834783.250000
9787    -1834783.750000
9788    -1834784.375000
9789    -1834785.000000
9790    -1834785.500000
9791    -1834785.875000
9792    -1834786.500000
9793    -1834787.000000
9794    -1834787.500000
9795    -1834788.125000
9796    -1834788.500000
9797    -1834789.000000
9798    -1834789.625000
9799    -1834790.000000
9800    -1834790.500000
9801    -1834791.250000
9802    -1834791.500000
9803    -1834792.250000
9804    -1834792.625000
9805    -1834793.125000
9806    -1834793.625000
9807    -1834794.125000
9808    -1834794.625000
9809    -1834795.000000
9810    -1834795.500000
9811    -1834796.000000
9812    -1834796.500000
9813    -1834797.000000
9814    -1834797.500000
9815    -1834798.000000
9816    -1834798.500000
9817    -1834799.000000
9818    -1834799.250000
9819    -1834800.000000
9820    -1834800.625000
9821    -1834801.000000
9822    -1834801.500000
9823    -1834801.750000
9824    -1834802.500000
9825    -1834802.875000
9826    -1834803.250000
9827    -1834803.750000
9828    -1834804.375000
9829    -1834804.750000
9830    -1834805.250000
9831    -1834805.500000
9832    -1834806.250000
9833    -1834806.625000
9834    -1834807.125000
9835    -1834807.375000
9836    -1834807.875000
9837    -1834808.500000
9838    -1834808.875000
9839    -1834809.250000
9840    -1834809.875000
9841    -1834810.250000
9842    -1834810.750000
9843    -1834811.250000
9844    -1834811.625000
9845    -1834812.250000
9846    -1834812.625000
9847    -1834813.000000
9848    -1834813.500000
9849    -1834814.000000
9850    -1834814.375000
9851    -1834814.750000
9852    -1834815.375000
9853    -1834815.750000
9854    -1834816.250000
9855    -1834816.750000
9856    -1834817.250000
9857    -1834817.500000
9858    -1834817.875000
9859    -1834818.500000
9860    -1834818.750000
9861    -1834819.250000
9862    -1834819.750000
9863    -1834820.250000
9864    -1834820.750000
9865    -1834821.000000
9866    -1834821.500000
9867    -1834822.000000
9868    -1834822.375000
9869    -1834822.750000
9870    -1834823.250000
9871    -1834823.500000
9872    -1834823.875000
9873    -1834824.500000
9874    -1834824.750000
9875    -1834825.375000
9876    -1834825.875000
9877    -1834826.250000
9878    -1834826.750000
9879    -1834827.250000
9880    -1834827.625000
9881    -1834827.875000
9882    -1834828.500000
9883    -1834828.750000
9884    -1834829.250000
9885    -1834829.750000
9886    -1834830.250000
9887    -1834830.500000
9888    -1834831.000000
9889    -1834831.500000
9890    -1834831.750000
9891    -1834832.250000
9892    -1834832.625000
9893    -1834833.125000
9894    -1834833.500000
9895    -1834834.000000
9896    -1834834.500000
9897    -1834835.000000
9898    -1834835.250000
9899    -1834835.500000
9900    -1834836.250000
9901    -1834836.500000
9902    -1834837.000000
9903    -1834837.375000
9904    -1834837.875000
9905    -1834838.250000
9906    -1834838.625000
9907    -1834839.125000
9908    -1834839.750000
9909    -1834840.125000
9910    -1834840.375000
9911    -1834841.000000
9912    -1834841.250000
9913    -1834841.500000
9914    -1834842.250000
9915    -1834842.625000
9916    -1834843.000000
9917    -1834843.375000
9918    -1834844.000000
9919    -1834844.250000
9920    -1834845.000000
9921    -1834845.250000
9922    -1834845.500000
9923    -1834846.000000
9924    -1834846.375000
9925    -1834847.000000
9926    -1834847.000000
9927    -1834847.750000
9928    -1834848.000000
9929    -1834848.375000
9930    -1834849.000000
9931    -1834849.500000
9932    -1834849.750000
9933    -1834850.000000
9934    -1834850.750000
9935    -1834851.000000
9936    -1834851.250000
9937    -1834851.875000
9938    -1834852.250000
9939    -1834852.625000
9940    -1834853.000000
9941    -1834853.500000
9942    -1834853.750000
9943    -1834854.500000
9944    -1834854.750000
9945    -1834855.000000
9946    -1834855.375000
9947    -1834855.750000
9948    -1834856.500000
9949    -1834856.750000
9950    -1834857.125000
9951    -1834857.625000
9952    -1834858.000000
9953    -1834858.500000
9954    -1834859.000000
9955    -1834859.250000
9956    -1834859.625000
9957    -1834860.000000
9958    -1834860.500000
9959    -1834861.000000
9960    -1834861.375000
9961    -1834861.875000
9962    -1834862.250000
9963    -1834862.500000
9964    -1834863.000000
9965    -1834863.250000
9966    -1834863.625000
9967    -1834864.125000
9968    -1834864.625000
9969    -1834865.000000
9970    -1834865.500000
9971    -1834865.750000
9972    -1834866.125000
9973    -1834866.375000
9974    -1834866.750000
9975    -1834867.375000
9976    -1834867.875000
9977    -1834868.250000
9978    -1834868.625000
9979    -1834869.000000
9980    -1834869.500000
9981    -1834869.750000
9982    -1834870.375000
9983    -1834870.625000
9984    -1834871.000000
9985    -1834871.500000
9986    -1834871.875000
9987    -1834872.125000
9988    -1834872.750000
9989    -1834873.125000
9990    -1834873.375000
9991    -1834874.000000
9992    -1834874.500000
9993    -1834874.750000
9994    -1834875.125000
9995    -1834875.625000
9996    -1834876.000000
9997    -1834876.375000
9998    -1834877.000000
9999    -1834877.250000
10000   -1834877.625000
10001   -1834878.000000
10002   -1834878.500000
10003   -1834879.000000
10004   -1834879.250000
10005   -1834879.750000
10006   -1834880.125000
10007   -1834880.625000
10008   -1834881.125000
10009   -1834881.500000
10010   -1834881.875000
10011   -1834882.125000
10012   -1834882.750000
10013   -1834883.250000
10014   -1834883.250000
10015   -1834884.000000
10016   -1834884.250000
10017   -1834884.750000
10018   -1834885.250000
10019   -1834885.750000
10020   -1834886.125000
10021   -1834886.500000
10022   -1834887.000000
10023   -1834887.500000
10024   -1834887.750000
10025   -1834888.375000
10026   -1834888.750000
10027   -1834889.125000
10028   -1834889.500000
10029   -1834890.000000
10030   -1834890.250000
10031   -1834890.875000
10032   -1834891.250000
10033   -1834891.500000
10034   -1834892.125000
10035   -1834892.500000
10036   -1834892.750000
10037   -1834893.250000
10038   -1834893.750000
10039   -1834894.250000
10040   -1834894.500000
10041   -1834895.000000
10042   -1834895.500000
10043   -1834896.000000
10044   -1834896.375000
10045   -1834897.000000
10046   -1834897.000000
10047   -1834897.625000
10048   -1834898.000000
10049   -1834898.500000
10050   -1834898.750000
10051   -1834899.375000
10052   -1834899.625000
10053   -1834900.250000
10054   -1834900.625000
10055   -1834901.000000
10056   -1834901.500000
10057   -1834901.875000
10058   -1834902.500000
10059   -1834902.750000
10060   -1834903.375000
10061   -1834903.500000
10062   -1834904.000000
10063   -1834904.625000
10064   -1834904.875000
10065   -1834905.500000
10066   -1834905.875000
10067   -1834906.250000
10068   -1834906.750000
10069   -1834907.250000
10070   -1834907.500000
10071   -1834908.000000
10072   -1834908.500000
10073   -1834908.750000
10074   -1834909.375000
10075   -1834909.750000
10076   -1834910.250000
10077   -1834910.625000
10078   -1834911.125000
10079   -1834911.750000
10080   -1834912.000000
10081   -1834912.500000
10082   -1834913.125000
10083   -1834913.250000
10084   -1834913.750000
10085   -1834914.000000
10086   -1834914.625000
10087   -1834915.250000
10088   -1834915.625000
10089   -1834916.000000
10090   -1834916.500000
10091   -1834917.000000
10092   -1834917.500000
10093   -1834917.875000
10094   -1834918.375000
10095   -1834918.750000
10096   -1834919.250000
10097   -1834919.750000
10098   -1834920.125000
10099   -1834920.625000
10100   -1834921.250000
10101   -1834921.500000
10102   -1834922.250000
10103   -1834922.500000
10104   -1834923.000000
10105   -1834923.375000
10106   -1834923.750000
10107   -1834924.250000
10108   -1834924.750000
10109   -1834925.375000
10110   -1834925.750000
10111   -1834926.250000
10112   -1834926.750000
10113   -1834927.125000
10114   -1834927.500000
10115   -1834928.250000
10116   -1834928.500000
10117   -1834929.125000
10118   -1834929.500000
10119   -1834930.125000
10120   -1834930.500000
10121   -1834931.000000
10122   -1834931.375000
10123   -1834932.000000
10124   -1834932.250000
10125   -1834932.750000
10126   -1834933.250000
10127   -1834933.750000
10128   -1834934.375000
10129   -1834934.750000
10130   -1834935.250000
10131   -1834935.750000
10132   -1834936.250000
10133   -1834936.750000
10134   -1834937.375000
10135   -1834937.625000
10136   -1834938.250000
10137   -1834938.625000
10138   -1834939.125000
10139   -1834939.625000
10140   -1834940.125000
10141   -1834940.500000
10142   -1834941.000000
10143   -1834941.500000
10144   -1834942.125000
10145   -1834942.500000
10146   -1834943.250000
10147   -1834943.750000
10148   -1834944.125000
10149   -1834944.375000
10150   -1834945.250000
10151   -1834945.500000
10152   -1834946.000000
10153   -1834946.625000
10154   -1834947.250000
10155   -1834947.500000
10156   -1834948.250000
10157   -1834948.500000
10158   -1834949.250000
10159   -1834949.500000
10160   -1834950.000000
10161   -1834950.500000
10162   -1834951.250000
10163   -1834951.625000
10164   -1834952.125000
10165   -1834952.750000
10166   -1834953.000000
10167   -1834953.500000
10168   -1834954.000000
10169   -1834954.625000
10170   -1834955.000000
10171   -1834955.500000
10172   -1834956.125000
10173   -1834956.500000
10174   -1834957.000000
10175   -1834957.625000
10176   -1834958.000000
10177   -1834958.500000
10178   -1834959.125000
10179   -1834959.750000
10180   -1834960.000000
10181   -1834960.625000
10182   -1834961.125000
10183   -1834961.750000
10184   -1834962.250000
10185   -1834962.625000
10186   -1834963.000000
10187   -1834963.500000
10188   -1834964.125000
10189   -1834964.625000
10190   -1834965.125000
10191   -1834965.750000
10192   -1834966.250000
10193   -1834966.625000
10194   -1834967.000000
10195   -1834967.625000
10196   -1834968.125000
10197   -1834968.500000
10198   -1834969.000000
10199   -1834969.625000
10200   -1834970.250000
10201   -1834970.625000
10202   -1834971.000000
10203   -1834971.750000
10204   -1834972.250000
10205   -1834972.750000
10206   -1834973.250000
10207   -1834973.625000
10208   -1834974.250000
10209   -1834974.750000
10210   -1834975.125000
10211   -1834975.750000
10212   -1834976.250000
10213   -1834976.625000
10214   -1834977.125000
10215   -1834977.875000
10216   -1834978.125000
10217   -1834978.625000
10218   -1834979.250000
10219   -1834979.750000
10220   -1834980.250000
10221   -1834980.875000
10222   -1834981.250000
10223   -1834981.625000
10224   -1834982.000000
10225   -1834982.500000
10226   -1834983.250000
10227   -1834983.750000
10228   -1834984.375000
10229   -1834984.750000
10230   -1834985.000000
10231   -1834985.500000
10232   -1834986.125000
10233   -1834986.500000
10234   -1834987.250000
10235   -1834987.625000
10236   -1834988.000000
10237   -1834988.625000
10238   -1834989.000000
10239   -1834989.625000
10240   -1834990.250000
10241   -1834990.625000
10242   -1834991.125000
10243   -1834991.625000
10244   -1834992.000000
10245   -1834992.625000
10246   -1834993.000000
10247   -1834993.625000
10248   -1834994.000000
10249   -1834994.625000
10250   -1834995.250000
10251   -1834995.500000
10252   -1834996.000000
10253   -1834996.750000
10254   -1834997.125000
10255   -1834997.500000
10256   -1834998.000000
10257   -1834998.625000
10258   -1834999.000000
10259   -1834999.375000
10260   -1835000.000000
10261   -1835000.500000
10262   -1835001.000000
10263   -1835001.750000
10264   -1835002.000000
10265   -1835002.500000
10266   -1835003.000000
10267   -1835003.500000
10268   -1835004.125000
10269   -1835004.500000
10270   -1835005.000000
10271   -1835005.625000
10272   -1835006.000000
10273   -1835006.500000
10274   -1835007.250000
10275   -1835007.625000
10276   -1835007.875000
10277   -1835008.625000
10278   -1835009.125000
10279   -1835009.500000
10280   -1835010.000000
10281   -1835010.500000
10282   -1835011.125000
10283   -1835011.625000
10284   -1835011.875000
10285   -1835012.625000
10286   -1835013.000000
10287   -1835013.750000
10288   -1835014.000000
10289   -1835014.750000
10290   -1835015.000000
10291   -1835015.750000
10292   -1835016.000000
10293   -1835016.750000
10294   -1835017.250000
10295   -1835017.750000
10296   -1835018.250000
10297   -1835018.750000
10298   -1835019.250000
10299   -1835019.750000
10300   -1835020.250000
10301   -1835020.750000
10302   -1835021.125000
10303   -1835021.625000
10304   -1835022.250000
10305   -1835022.750000
10306   -1835023.250000
10307   -1835023.750000
10308   -1835024.125000
10309   -1835024.625000
10310   -1835025.250000
10311   -1835025.750000
10312   -1835026.125000
10313   -1835026.750000
10314   -1835027.250000
10315   -1835027.750000
10316   -1835028.250000
10317   -1835028.625000
10318   -1835029.250000
10319   -1835029.750000
10320   -1835030.500000
10321   -1835030.750000
10322   -1835031.125000
10323   -1835032.000000
10324   -1835032.250000
10325   -1835033.000000
10326   -1835033.375000
10327   -1835034.000000
10328   -1835034.500000
10329   -1835034.750000
10330   -1835035.375000
10331   -1835035.750000
10332   -1835036.375000
10333   -1835036.875000
10334   -1835037.250000
10335   -1835037.750000
10336   -1835038.250000
10337   -1835038.750000
10338   -1835039.375000
10339   -1835039.875000
10340   -1835040.250000
10341   -1835041.000000
10342   -1835041.250000
10343   -1835041.750000
10344   -1835042.250000
10345   -1835042.750000
10346   -1835043.375000
10347   -1835043.750000
10348   -1835044.250000
10349   -1835044.750000
10350   -1835045.250000
10351   -1835046.000000
10352   -1835046.250000
10353   -1835046.750000
10354   -1835047.250000
10355   -1835047.750000
10356   -1835048.250000
10357   -1835048.750000
10358   -1835049.250000
10359   -1835049.750000
10360   -1835050.500000
10361   -1835050.875000
10362   -1835051.250000
10363   -1835051.625000
10364   -1835052.250000
10365   -1835052.750000
10366   -1835053.125000
10367   -1835053.750000
10368   -1835054.250000
10369   -1835054.500000
10370   -1835055.000000
10371   -1835055.750000
10372   -1835056.250000
10373   -1835056.625000
10374   -1835057.000000
10375   -1835057.500000
10376   -1835058.000000
10377   -1835058.500000
10378   -1835059.000000
10379   -1835059.500000
10380   -1835060.000000
10381   -1835060.500000
10382   -1835061.000000
10383   -1835061.375000
10384   -1835061.875000
10385   -1835062.500000
10386   -1835063.000000
10387   -1835063.250000
10388   -1835064.000000
10389   -1835064.375000
10390   -1835064.875000
10391   -1835065.375000
10392   -1835065.750000
10393   -1835066.375000
10394   -1835066.750000
10395   -1835067.250000
10396   -1835067.750000
10397   -1835068.250000
10398   -1835068.750000
10399   -1835069.250000
10400   -1835069.750000
10401   -1835070.250000
10402   -1835070.750000
10403   -1835071.250000
10404   -1835071.750000
10405   -1835072.000000
10406   -1835072.750000
10407   -1835073.250000
10408   -1835073.500000
10409   -1835074.250000
10410   -1835074.500000
10411   -1835075.000000
10412   -1835075.625000
10413   -1835076.125000
10414   -1835076.500000
10415   -1835077.000000
10416   -1835077.500000
10417   -1835078.000000
10418   -1835078.500000
10419   -1835078.875000
10420   -1835079.500000
10421   -1835080.000000
10422   -1835080.500000
10423   -1835080.875000
10424   -1835081.500000
10425   -1835082.000000
10426   -1835082.250000
10427   -1835082.875000
10428   -1835083.375000
10429   -1835083.875000
10430   -1835084.375000
10431   -1835084.750000
10432   -1835085.250000
10433   -1835085.750000
10434   -1835086.125000
10435   -1835086.750000
10436   -1835087.250000
10437   -1835087.750000
10438   -1835088.250000
10439   -1835088.625000
10440   -1835089.250000
10441   -1835089.750000
10442   -1835090.125000
10443   -1835090.750000
10444   -1835091.250000
10445   -1835091.500000
10446   -1835092.000000
10447   -1835092.500000
10448   -1835093.000000
10449   -1835093.500000
10450   -1835094.000000
10451   -1835094.500000
10452   -1835095.125000
10453   -1835095.500000
10454   -1835096.000000
10455   -1835096.375000
10456   -1835097.000000
10457   -1835097.500000
10458   -1835098.000000
10459   -1835098.500000
10460   -1835098.875000
10461   -1835099.375000
10462   -1835099.750000
10463   -1835100.250000
10464   -1835100.750000
10465   -1835101.250000
10466   -1835101.875000
10467   -1835102.250000
10468   -1835102.750000
10469   -1835103.125000
10470   -1835103.625000
10471   -1835104.250000
10472   -1835104.750000
10473   -1835105.250000
10474   -1835105.625000
10475   -1835106.000000
10476   -1835106.750000
10477   -1835107.000000
10478   -1835107.500000
10479   -1835108.000000
10480   -1835108.625000
10481   -1835109.000000
10482   -1835109.625000
10483   -1835110.000000
10484   -1835110.500000
10485   -1835110.875000
10486   -1835111.500000
10487   -1835111.875000
10488   -1835112.375000
10489   -1835113.000000
10490   -1835113.250000
10491   -1835113.750000
10492   -1835114.250000
10493   -1835114.875000
10494   -1835115.250000
10495   -1835115.750000
10496   -1835116.000000
10497   -1835116.750000
10498   -1835117.125000
10499   -1835117.625000
10500   -1835118.000000
10501   -1835118.625000
10502   -1835119.000000
10503   -1835119.500000
10504   -1835120.000000
10505   -1835120.375000
10506   -1835120.875000
10507   -1835121.375000
10508   -1835122.000000
10509   -1835122.500000
10510   -1835122.750000
10511   -1835123.375000
10512   -1835123.875000
10513   -1835124.250000
10514   -1835124.625000
10515   -1835125.250000
10516   -1835125.500000
10517   -1835126.000000
10518   -1835126.500000
10519   -1835126.875000
10520   -1835127.500000
10521   -1835127.750000
10522   -1835128.250000
10523   -1835128.750000
10524   -1835129.375000
10525   -1835129.750000
10526   -1835130.250000
10527   -1835130.500000
10528   -1835131.125000
10529   -1835131.500000
10530   -1835132.000000
10531   -1835132.500000
10532   -1835133.000000
10533   -1835133.500000
10534   -1835133.875000
10535   -1835134.250000
10536   -1835134.750000
10537   -1835135.375000
10538   -1835135.625000
10539   -1835136.250000
10540   -1835136.625000
10541   -1835137.125000
10542   -1835137.625000
10543   -1835138.000000
10544   -1835138.500000
10545   -1835138.750000
10546   -1835139.250000
10547   -1835139.875000
10548   -1835140.250000
10549   -1835140.750000
10550   -1835141.125000
10551   -1835141.750000
10552   -1835142.125000
10553   -1835142.500000
10554   -1835143.000000
10555   -1835143.500000
10556   -1835144.000000
10557   -1835144.500000
10558   -1835144.750000
10559   -1835145.250000
10560   -1835145.750000
10561   -1835146.250000
10562   -1835146.625000
10563   -1835147.250000
10564   -1835147.500000
10565   -1835148.000000
10566   -1835148.500000
10567   -1835149.000000
10568   -1835149.375000
10569   -1835150.000000
10570   -1835150.375000
10571   -1835150.875000
10572   -1835151.250000
10573   -1835151.625000
10574   -1835152.000000
10575   -1835152.750000
10576   -1835153.000000
10577   -1835153.500000
10578   -1835154.000000
10579   -1835154.500000
10580   -1835154.875000
10581   -1835155.375000
10582   -1835155.750000
10583   -1835156.500000
10584   -1835156.750000
10585   -1835157.125000
10586   -1835157.750000
10587   -1835158.250000
10588   -1835158.750000
10589   -1835159.250000
10590   -1835159.625000
10591   -1835160.125000
10592   -1835160.625000
10593   -1835160.750000
10594   -1835161.375000
10595   -1835161.875000
10596   -1835162.500000
10597   -1835163.000000
10598   -1835163.250000
10599   -1835164.000000
10600   -1835164.250000
10601   -1835164.750000
10602   -1835165.250000
10603   -1835165.750000
10604   -1835166.250000
10605   -1835166.875000
10606   -1835167.125000
10607   -1835167.625000
10608   -1835168.000000
10609   -1835168.625000
10610   -1835169.000000
10611   -1835169.500000
10612   -1835170.125000
10613   -1835170.500000
10614   -1835170.875000
10615   -1835171.500000
10616   -1835172.000000
10617   -1835172.375000
10618   -1835173.000000
10619   -1835173.500000
10620   -1835173.875000
10621   -1835174.250000
10622   -1835174.875000
10623   -1835175.250000
10624   -1835175.750000
10625   -1835176.375000
10626   -1835176.750000
10627   -1835177.375000
10628   -1835177.875000
10629   -1835178.500000
10630   -1835178.750000
10631   -1835179.375000
10632   -1835180.000000
10633   -1835180.500000
10634   -1835181.000000
10635   -1835181.500000
10636   -1835182.000000
10637   -1835182.625000
10638   -1835183.000000
10639   -1835183.375000
10640   -1835183.875000
10641   -1835184.500000
10642   -1835185.000000
10643   -1835185.500000
10644   -1835185.875000
10645   -1835186.500000
10646   -1835187.000000
10647   -1835187.500000
10648   -1835187.875000
10649   -1835188.500000
10650   -1835189.000000
10651   -1835189.500000
10652   -1835190.000000
10653   -1835190.625000
10654   -1835191.125000
10655   -1835191.500000
10656   -1835192.250000
10657   -1835192.500000
10658   -1835193.000000
10659   -1835193.625000
10660   -1835194.250000
10661   -1835194.625000
10662   -1835195.125000
10663   -1835195.500000
10664   -1835196.250000
10665   -1835196.750000
10666   -1835197.250000
10667   -1835197.750000
10668   -1835198.250000
10669   -1835198.750000
10670   -1835199.375000
10671   -1835200.000000
10672   -1835200.500000
10673   -1835201.000000
10674   -1835201.500000
10675   -1835202.000000
10676   -1835202.625000
10677   -1835203.000000
10678   -1835203.750000
10679   -1835204.250000
10680   -1835204.750000
10681   -1835205.375000
10682   -1835205.875000
10683   -1835206.500000
10684   -1835207.000000
10685   -1835207.500000
10686   -1835208.250000
10687   -1835208.750000
10688   -1835209.125000
10689   -1835209.875000
10690   -1835210.250000
10691   -1835211.000000
10692   -1835211.250000
10693   -1835212.000000
10694   -1835212.625000
10695   -1835213.250000
10696   -1835214.000000
10697   -1835214.250000
10698   -1835214.875000
10699   -1835215.250000
10700   -1835216.000000
10701   -1835216.500000
10702   -1835217.125000
10703   -1835217.750000
10704   -1835218.250000
10705   -1835218.750000
10706   -1835219.250000
10707   -1835220.000000
10708   -1835220.375000
10709   -1835221.000000
10710   -1835221.500000
10711   -1835222.000000
10712   -1835222.500000
10713   -1835223.375000
10714   -1835223.750000
10715   -1835224.375000
10716   -1835224.875000
10717   -1835225.375000
10718   -1835225.875000
10719   -1835226.500000
10720   -1835227.250000
10721   -1835227.750000
10722   -1835228.250000
10723   -1835228.875000
10724   -1835229.250000
10725   -1835230.000000
10726   -1835230.625000
10727   -1835231.125000
10728   -1835231.750000
10729   -1835232.250000
10730   -1835232.875000
10731   -1835233.250000
10732   -1835233.875000
10733   -1835234.500000
10734   -1835235.000000
10735   -1835235.625000
10736   -1835236.250000
10737   -1835236.875000
10738   -1835237.250000
10739   -1835238.000000
10740   -1835238.750000
10741   -1835239.000000
10742   -1835239.625000
10743   -1835240.500000
10744   -1835241.000000
10745   -1835241.250000
10746   -1835242.250000
10747   -1835242.500000
10748   -1835243.250000
10749   -1835243.875000
10750   -1835244.375000
10751   -1835245.000000
10752   -1835245.500000
10753   -1835246.000000
10754   -1835246.750000
10755   -1835247.125000
10756   -1835247.625000
10757   -1835248.500000
10758   -1835249.000000
10759   -1835249.500000
10760   -1835250.000000
10761   -1835250.625000
10762   -1835251.375000
10763   -1835251.875000
10764   -1835252.500000
10765   -1835253.000000
10766   -1835253.500000
10767   -1835254.125000
10768   -1835254.500000
10769   -1835255.250000
10770   -1835255.750000
10771   -1835256.500000
10772   -1835257.000000
10773   -1835257.500000
10774   -1835258.000000
10775   -1835258.750000
10776   -1835259.250000
10777   -1835259.875000
10778   -1835260.250000
10779   -1835260.875000
10780   -1835261.500000
10781   -1835262.000000
10782   -1835262.750000
10783   -1835263.000000
10784   -1835263.625000
10785   -1835264.250000
10786   -1835264.750000
10787   -1835265.250000
10788   -1835266.000000
10789   -1835266.500000
10790   -1835267.000000
10791   -1835267.500000
10792   -1835268.000000
10793   -1835268.625000
10794   -1835269.125000
10795   -1835269.750000
10796   -1835270.250000
10797   -1835270.750000
10798   -1835271.250000
10799   -1835271.875000
10800   -1835272.500000
10801   -1835272.875000
10802   -1835273.500000
10803   -1835274.125000
10804   -1835274.500000
10805   -1835275.000000
10806   -1835275.500000
10807   -1835276.250000
10808   -1835276.750000
10809   -1835277.125000
10810   -1835277.750000
10811   -1835278.250000
10812   -1835278.500000
10813   -1835279.250000
10814   -1835279.750000
10815   -1835280.375000
10816   -1835280.875000
10817   -1835281.000000
10818   -1835281.625000
10819   -1835282.250000
10820   -1835282.500000
10821   -1835283.000000
10822   -1835283.750000
10823   -1835284.250000
10824   -1835284.750000
10825   -1835285.125000
10826   -1835285.875000
10827   -1835286.125000
10828   -1835286.875000
10829   -1835287.375000
10830   -1835287.750000
10831   -1835288.000000
10832   -1835288.625000
10833   -1835289.000000
10834   -1835289.625000
10835   -1835290.000000
10836   -1835290.500000
10837   -1835291.250000
10838   -1835291.625000
10839   -1835292.000000
10840   -1835292.625000
10841   -1835293.000000
10842   -1835293.500000
10843   -1835293.875000
10844   -1835294.500000
10845   -1835295.000000
10846   -1835295.500000
10847   -1835295.875000
10848   -1835296.250000
10849   -1835296.750000
10850   -1835297.500000
10851   -1835297.625000
10852   -1835298.250000
10853   -1835298.625000
10854   -1835299.250000
10855   -1835299.750000
10856   -1835300.125000
10857   -1835300.750000
10858   -1835301.125000
10859   -1835301.625000
10860   -1835302.125000
10861   -1835302.500000
10862   -1835303.000000
10863   -1835303.500000
10864   -1835304.125000
10865   -1835304.500000
10866   -1835305.125000
10867   -1835305.375000
10868   -1835306.000000
10869   -1835306.375000
10870   -1835306.750000
10871   -1835307.250000
10872   -1835307.875000
10873   -1835308.125000
10874   -1835308.625000
10875   -1835309.000000
10876   -1835309.625000
10877   -1835310.250000
10878   -1835310.500000
10879   -1835311.000000
10880   -1835311.250000
10881   -1835311.875000
10882   -1835312.250000
10883   -1835313.000000
10884   -1835313.375000
10885   -1835314.000000
10886   -1835314.125000
10887   -1835314.500000
10888   -1835315.000000
10889   -1835315.500000
10890   -1835316.000000
10891   -1835316.250000
10892   -1835317.000000
10893   -1835317.500000
10894   -1835318.000000
10895   -1835318.625000
10896   -1835318.750000
10897   -1835319.375000
10898   -1835319.750000
10899   -1835320.125000
10900   -1835320.500000
10901   -1835321.250000
10902   -1835321.625000
10903   -1835322.125000
10904   -1835322.500000
10905   -1835323.000000
10906   -1835323.250000
10907   -1835323.875000
10908   -1835324.250000
10909   -1835324.750000
10910   -1835325.250000
10911   -1835325.750000
10912   -1835326.250000
10913   -1835326.500000
10914   -1835327.125000
10915   -1835327.500000
10916   -1835328.000000
10917   -1835328.500000
10918   -1835328.750000
10919   -1835329.500000
10920   -1835329.750000
10921   -1835330.250000
10922   -1835331.000000
10923   -1835331.250000
10924   -1835331.625000
10925   -1835332.250000
10926   -1835332.500000
10927   -1835333.000000
10928   -1835333.625000
10929   -1835334.000000
10930   -1835334.500000
10931   -1835335.000000
10932   -1835335.250000
10933   -1835335.750000
10934   -1835336.250000
10935   -1835336.750000
10936   -1835337.125000
10937   -1835337.625000
10938   -1835338.250000
10939   -1835338.750000
10940   -1835339.000000
10941   -1835339.500000
10942   -1835339.750000
10943   -1835340.375000
10944   -1835340.750000
10945   -1835341.250000
10946   -1835341.625000
10947   -1835342.125000
10948   -1835342.500000
10949   -1835343.000000
10950   -1835343.500000
10951   -1835344.000000
10952   -1835344.125000
10953   -1835344.750000
10954   -1835345.125000
10955   -1835345.625000
10956   -1835345.750000
10957   -1835346.500000
10958   -1835346.750000
10959   -1835347.375000
10960   -1835347.500000
10961   -1835348.000000
10962   -1835348.500000
10963   -1835349.000000
10964   -1835349.500000
10965   -1835350.000000
10966   -1835350.375000
10967   -1835350.750000
10968   -1835351.250000
10969   -1835351.750000
10970   -1835352.250000
10971   -1835352.500000
10972   -1835352.875000
10973   -1835353.625000
10974   -1835354.000000
10975   -1835354.500000
10976   -1835355.000000
10977   -1835355.250000
10978   -1835355.625000
10979   -1835356.250000
10980   -1835356.500000
10981   -1835357.000000
10982   -1835357.500000
10983   -1835358.125000
10984   -1835358.500000
10985   -1835358.875000
10986   -1835359.250000
10987   -1835359.750000
10988   -1835360.250000
10989   -1835360.875000
10990   -1835361.125000
10991   -1835361.625000
10992   -1835362.000000
10993   -1835362.500000
10994   -1835363.000000
10995   -1835363.500000
10996   -1835363.750000
10997   -1835364.500000
10998   -1835364.750000
10999   -1835365.250000
11000   -1835365.750000
11001   -1835366.125000
11002   -1835366.500000
11003   -1835367.000000
11004   -1835367.500000
11005   -1835367.750000
11006   -1835368.500000
11007   -1835368.625000
11008   -1835369.250000
11009   -1835369.750000
11010   -1835370.125000
11011   -1835370.750000
11012   -1835370.875000
11013   -1835371.375000
11014   -1835372.000000
11015   -1835372.250000
11016   -1835372.750000
11017   -1835373.250000
11018   -1835373.750000
11019   -1835374.250000
11020   -1835374.500000
11021   -1835375.125000
11022   -1835375.500000
11023   -1835376.000000
11024   -1835376.250000
11025   -1835376.875000
11026   -1835377.500000
11027   -1835377.750000
11028   -1835378.250000
11029   -1835378.500000
11030   -1835379.125000
11031   -1835379.500000
11032   -1835380.000000
11033   -1835380.250000
11034   -1835381.000000
11035   -1835381.250000
11036   -1835381.750000
11037   -1835382.125000
11038   -1835382.625000
11039   -1835383.125000
11040   -1835383.500000
11041   -1835384.000000
11042   -1835384.375000
11043   -1835384.875000
11044   -1835385.250000
11045   -1835385.750000
11046   -1835386.250000
11047   -1835386.500000
11048   -1835387.250000
11049   -1835387.500000
11050   -1835388.000000
11051   -1835388.250000
11052   -1835389.000000
11053   -1835389.250000
11054   -1835389.875000
11055   -1835390.250000
11056   -1835390.500000
11057   -1835391.000000
11058   -1835391.500000
11059   -1835391.875000
11060   -1835392.250000
11061   -1835392.750000
11062   -1835393.250000
11063   -1835393.625000
11064   -1835394.250000
11065   -1835394.500000
11066   -1835395.000000
11067   -1835395.250000
11068   -1835395.750000
11069   -1835396.250000
11070   -1835396.500000
11071   -1835397.125000
11072   -1835397.500000
11073   -1835398.000000
11074   -1835398.375000
11075   -1835398.875000
11076   -1835399.250000
11077   -1835399.500000
11078   -1835400.000000
11079   -1835400.500000
11080   -1835400.875000
11081   -1835401.250000
11082   -1835401.500000
11083   -1835402.000000
11084   -1835402.250000
11085   -1835402.750000
11086   -1835403.250000
11087   -1835403.750000
11088   -1835404.000000
11089   -1835404.500000
11090   -1835404.875000
11091   -1835405.125000
11092   -1835405.625000
11093   -1835406.250000
11094   -1835406.500000
11095   -1835407.000000
11096   -1835407.125000
11097   -1835407.750000
11098   -1835408.250000
11099   -1835408.250000
11100   -1835408.875000
11101   -1835409.125000
11102   -1835409.375000
11103   -1835410.000000
11104   -1835410.500000
11105   -1835410.750000
11106   -1835411.250000
11107   -1835411.500000
11108   -1835411.750000
11109   -1835412.250000
11110   -1835412.500000
11111   -1835413.125000
11112   -1835413.625000
11113   -1835414.000000
11114   -1835414.250000
11115   -1835414.750000
11116   -1835415.000000
11117   -1835415.500000
11118   -1835415.875000
11119   -1835416.250000
11120   -1835416.500000
11121   -1835416.875000
11122   -1835417.375000
11123   -1835417.750000
11124   -1835418.250000
11125   -1835418.500000
11126   -1835418.750000
11127   -1835419.375000
11128   -1835419.750000
11129   -1835420.000000
11130   -1835420.500000
11131   -1835420.875000
11132   -1835421.250000
11133   -1835421.750000
11134   -1835422.000000
11135   -1835422.250000
11136   -1835422.625000
11137   -1835423.000000
11138   -1835423.375000
11139   -1835423.750000
11140   -1835424.250000
11141   -1835424.625000
11142   -1835424.750000
11143   -1835425.250000
11144   -1835425.625000
11145   -1835426.000000
11146   -1835426.500000
11147   -1835426.750000
11148   -1835427.125000
11149   -1835427.500000
11150   -1835427.875000
11151   -1835428.375000
11152   -1835428.750000
11153   -1835429.000000
11154   -1835429.500000
11155   -1835429.750000
11156   -1835430.000000
11157   -1835430.500000
11158   -1835430.875000
11159   -1835431.000000
11160   -1835431.625000
11161   -1835432.000000
11162   -1835432.375000
11163   -1835432.750000
11164   -1835433.000000
11165   -1835433.500000
11166   -1835433.625000
11167   -1835434.250000
11168   -1835434.500000
11169   -1835434.875000
11170   -1835435.250000
11171   -1835435.500000
11172   -1835436.000000
11173   -1835436.250000
11174   -1835436.750000
11175   -1835437.125000
11176   -1835437.500000
11177   -1835437.750000
11178   -1835438.125000
11179   -1835438.500000
11180   -1835438.750000
11181   -1835439.250000
11182   -1835439.625000
11183   -1835440.000000
11184   -1835440.250000
11185   -1835440.750000
11186   -1835441.125000
11187   -1835441.375000
11188   -1835441.750000
11189   -1835442.250000
11190   -1835442.375000
11191   -1835442.875000
11192   -1835443.250000
11193   -1835443.500000
11194   -1835444.000000
11195   -1835444.250000
11196   -1835444.500000
11197   -1835445.000000
11198   -1835445.375000
11199   -1835445.750000
11200   -1835446.000000
11201   -1835446.500000
11202   -1835446.750000
11203   -1835447.000000
11204   -1835447.500000
11205   -1835447.750000
11206   -1835448.125000
11207   -1835448.625000
11208   -1835449.000000
11209   -1835449.250000
11210   -1835449.500000
11211   -1835450.000000
11212   -1835450.375000
11213   -1835450.500000
11214   -1835451.000000
11215   -1835451.250000
11216   -1835451.750000
11217   -1835452.000000
11218   -1835452.250000
11219   -1835452.750000
11220   -1835453.000000
11221   -1835453.250000
11222   -1835453.750000
11223   -1835454.000000
11224   -1835454.500000
11225   -1835454.875000
11226   -1835455.250000
11227   -1835455.500000
11228   -1835455.875000
11229   -1835456.125000
11230   -1835456.500000
11231   -1835456.875000
11232   -1835457.000000
11233   -1835457.500000
11234   -1835457.750000
11235   -1835458.125000
11236   -1835458.500000
11237   -1835458.750000
11238   -1835459.250000
11239   -1835459.500000
11240   -1835460.000000
11241   -1835460.125000
11242   -1835460.500000
11243   -1835460.750000
11244   -1835461.375000
11245   -1835461.500000
11246   -1835462.000000
11247   -1835462.250000
11248   -1835462.500000
11249   -1835463.000000
11250   -1835463.250000
11251   -1835463.500000
11252   -1835463.875000
11253   -1835464.250000
11254   -1835464.625000
11255   -1835464.875000
11256   -1835465.125000
11257   -1835465.750000
11258   -1835466.125000
11259   -1835466.250000
11260   -1835466.750000
11261   -1835467.000000
11262   -1835467.250000
11263   -1835467.875000
11264   -1835468.125000
11265   -1835468.375000
11266   -1835468.625000
11267   -1835469.000000
11268   -1835469.250000
11269   -1835469.875000
11270   -1835470.000000
11271   -1835470.500000
11272   -1835470.875000
11273   -1835471.000000
11274   -1835471.375000
11275   -1835471.625000
11276   -1835472.000000
11277   -1835472.250000
11278   -1835472.750000
11279   -1835473.000000
11280   -1835473.250000
11281   -1835473.500000
11282   -1835474.000000
11283   -1835474.375000
11284   -1835474.750000
11285   -1835475.125000
11286   -1835475.250000
11287   -1835475.500000
11288   -1835476.000000
11289   -1835476.500000
11290   -1835476.750000
11291   -1835477.000000
11292   -1835477.250000
11293   -1835477.625000
11294   -1835478.000000
11295   -1835478.375000
11296   -1835478.625000
11297   -1835479.125000
11298   -1835479.500000
11299   -1835479.750000
11300   -1835480.000000
11301   -1835480.375000
11302   -1835480.750000
11303   -1835481.125000
11304   -1835481.375000
11305   -1835481.625000
11306   -1835482.125000
11307   -1835482.375000
11308   -1835482.750000
11309   -1835483.125000
11310   -1835483.500000
11311   -1835483.750000
11312   -1835484.250000
11313   -1835484.500000
11314   -1835484.750000
11315   -1835485.250000
11316   -1835485.500000
11317   -1835486.000000
11318   -1835486.125000
11319   -1835486.500000
11320   -1835486.750000
11321   -1835487.250000
11322   -1835487.500000
11323   -1835487.875000
11324   -1835488.250000
11325   -1835488.500000
11326   -1835489.000000
11327   -1835489.125000
11328   -1835489.625000
11329   -1835490.000000
11330   -1835490.250000
11331   -1835490.625000
11332   -1835490.875000
11333   -1835491.000000
11334   -1835491.375000
11335   -1835491.875000
11336   -1835492.125000
11337   -1835492.625000
11338   -1835492.750000
11339   -1835493.125000
11340   -1835493.250000
11341   -1835493.875000
11342   -1835494.000000
11343   -1835494.500000
11344   -1835494.875000
11345   -1835495.000000
11346   -1835495.625000
11347   -1835496.000000
11348   -1835496.250000
11349   -1835496.750000
11350   -1835496.875000
11351   -1835497.000000
11352   -1835497.500000
11353   -1835497.875000
11354   -1835498.000000
11355   -1835498.500000
11356   -1835498.750000
11357   -1835499.000000
11358   -1835499.500000
11359   -1835500.000000
11360   -1835500.125000
11361   -1835500.250000
11362   -1835500.750000
11363   -1835501.000000
11364   -1835501.500000
11365   -1835501.750000
11366   -1835502.125000
11367   -1835502.250000
11368   -1835502.750000
11369   -1835502.750000
11370   -1835503.250000
11371   -1835503.500000
11372   -1835504.000000
11373   -1835504.250000
11374   -1835504.625000
11375   -1835504.875000
11376   -1835505.000000
11377   -1835505.625000
11378   -1835505.875000
11379   -1835506.000000
11380   -1835506.500000
11381   -1835506.750000
11382   -1835507.125000
11383   -1835507.500000
11384   -1835507.750000
11385   -1835508.000000
11386   -1835508.250000
11387   -1835508.500000
11388   -1835508.750000
11389   -1835509.000000
11390   -1835509.625000
11391   -1835510.000000
11392   -1835510.250000
11393   -1835510.500000
11394   -1835510.750000
11395   -1835511.000000
11396   -1835511.375000
11397   -1835511.500000
11398   -1835511.750000
11399   -1835512.125000
11400   -1835512.500000
11401   -1835513.000000
11402   -1835513.000000
11403   -1835513.500000
11404   -1835513.500000
11405   -1835514.000000
11406   -1835514.125000
11407   -1835514.500000
11408   -1835514.750000
11409   -1835515.000000
11410   -1835515.250000
11411   -1835515.625000
11412   -1835516.000000
11413   -1835516.000000
11414   -1835516.375000
11415   -1835516.750000
11416   -1835517.000000
11417   -1835517.125000
11418   -1835517.750000
11419   -1835517.750000
11420   -1835518.000000
11421   -1835518.250000
11422   -1835518.500000
11423   -1835519.000000
11424   -1835519.250000
11425   -1835519.500000
11426   -1835519.750000
11427   -1835520.125000
11428   -1835520.250000
11429   -1835520.500000
11430   -1835520.750000
11431   -1835521.000000
11432   -1835521.250000
11433   -1835521.625000
11434   -1835521.875000
11435   -1835522.000000
11436   -1835522.375000
11437   -1835522.500000
11438   -1835522.750000
11439   -1835523.125000
11440   -1835523.500000
11441   -1835523.500000
11442   -1835523.875000
11443   -1835524.000000
11444   -1835524.375000
11445   -1835524.750000
11446   -1835525.000000
11447   -1835525.125000
11448   -1835525.500000
11449   -1835525.750000
11450   -1835526.000000
11451   -1835526.000000
11452   -1835526.375000
11453   -1835526.625000
11454   -1835527.000000
11455   -1835527.000000
11456   -1835527.500000
11457   -1835527.625000
11458   -1835527.875000
11459   -1835528.125000
11460   -1835528.250000
11461   -1835528.500000
11462   -1835528.875000
11463   -1835529.000000
11464   -1835529.250000
11465   -1835529.500000
11466   -1835529.750000
11467   -1835530.000000
11468   -1835530.250000
11469   -1835530.500000
11470   -1835530.750000
11471   -1835531.000000
11472   -1835531.125000
11473   -1835531.500000
11474   -1835531.750000
11475   -1835532.000000
11476   -1835532.250000
11477   -1835532.500000
11478   -1835532.625000
11479   -1835532.750000
11480   -1835533.125000
11481   -1835533.375000
11482   -1835533.500000
11483   -1835533.750000
11484   -1835534.125000
11485   -1835534.375000
11486   -1835534.500000
11487   -1835534.750000
11488   -1835535.000000
11489   -1835535.250000
11490   -1835535.500000
11491   -1835535.750000
11492   -1835535.875000
11493   -1835536.000000
11494   -1835536.250000
11495   -1835536.625000
11496   -1835537.000000
11497   -1835537.250000
11498   -1835537.500000
11499   -1835537.500000
11500   -1835537.750000
11501   -1835538.000000
11502   -1835538.250000
11503   -1835538.500000
11504   -1835538.750000
11505   -1835538.750000
11506   -1835539.250000
11507   -1835539.375000
11508   -1835539.750000
11509   -1835540.000000
11510   -1835540.250000
11511   -1835540.500000
11512   -1835540.625000
11513   -1835540.875000
11514   -1835541.125000
11515   -1835541.500000
11516   -1835541.625000
11517   -1835541.750000
11518   -1835542.000000
11519   -1835542.125000
11520   -1835542.500000
11521   -1835542.750000
11522   -1835543.000000
11523   -1835543.250000
11524   -1835543.500000
11525   -1835543.750000
11526   -1835544.000000
11527   -1835544.250000
11528   -1835544.500000
11529   -1835544.750000
11530   -1835545.000000
11531   -1835545.250000
11532   -1835545.625000
11533   -1835545.625000
11534   -1835546.000000
11535   -1835546.125000
11536   -1835546.375000
11537   -1835546.625000
11538   -1835546.750000
11539   -1835547.125000
11540   -1835547.375000
11541   -1835547.500000
11542   -1835548.000000
11543   -1835548.250000
11544   -1835548.250000
11545   -1835548.500000
11546   -1835548.750000
11547   -1835549.250000
11548   -1835549.250000
11549   -1835549.625000
11550   -1835550.000000
11551   -1835550.250000
11552   -1835550.500000
11553   -1835550.625000
11554   -1835551.000000
11555   -1835551.250000
11556   -1835551.500000
11557   -1835551.750000
11558   -1835552.000000
11559   -1835552.250000
11560   -1835552.500000
11561   -1835552.750000
11562   -1835553.000000
11563   -1835553.500000
11564   -1835553.625000
11565   -1835553.875000
11566   -1835554.250000
11567   -1835554.500000
11568   -1835554.500000
11569   -1835554.875000
11570   -1835555.125000
11571   -1835555.375000
11572   -1835555.500000
11573   -1835555.875000
11574   -1835556.250000
11575   -1835556.500000
11576   -1835556.750000
11577   -1835557.000000
11578   -1835557.250000
11579   -1835557.625000
11580   -1835557.875000
11581   -1835558.000000
11582   -1835558.500000
11583   -1835558.625000
11584   -1835559.000000
11585   -1835559.250000
11586   -1835559.500000
11587   -1835559.750000
11588   -1835560.250000
11589   -1835560.500000
11590   -1835560.750000
11591   -1835561.000000
11592   -1835561.375000
11593   -1835561.625000
11594   -1835561.875000
11595   -1835562.000000
11596   -1835562.375000
11597   -1835562.625000
11598   -1835563.000000
11599   -1835563.250000
11600   -1835563.625000
11601   -1835564.000000
11602   -1835564.250000
11603   -1835564.625000
11604   -1835564.750000
11605   -1835565.250000
11606   -1835565.375000
11607   -1835565.625000
11608   -1835566.000000
11609   -1835566.500000
11610   -1835566.875000
11611   -1835567.000000
11612   -1835567.500000
11613   -1835567.750000
11614   -1835568.125000
11615   -1835568.250000
11616   -1835568.750000
11617   -1835568.875000
11618   -1835569.250000
11619   -1835569.625000
11620   -1835570.000000
11621   -1835570.250000
11622   -1835570.750000
11623   -1835571.000000
11624   -1835571.250000
11625   -1835571.500000
11626   -1835572.000000
11627   -1835572.250000
11628   -1835572.625000
11629   -1835572.875000
11630   -1835573.125000
11631   -1835573.625000
11632   -1835574.000000
11633   -1835574.500000
11634   -1835574.750000
11635   -1835575.000000
11636   -1835575.375000
11637   -1835575.500000
11638   -1835576.000000
11639   -1835576.375000
11640   -1835576.750000
11641   -1835577.000000
11642   -1835577.375000
11643   -1835577.875000
11644   -1835578.250000
11645   -1835578.625000
11646   -1835579.000000
11647   -1835579.250000
11648   -1835579.750000
11649   -1835580.125000
11650   -1835580.500000
11651   -1835580.875000
11652   -1835581.000000
11653   -1835581.500000
11654   -1835582.000000
11655   -1835582.375000
11656   -1835582.500000
11657   -1835583.000000
11658   -1835583.500000
11659   -1835583.875000
11660   -1835584.250000
11661   -1835584.500000
11662   -1835585.000000
11663   -1835585.500000
11664   -1835585.750000
11665   -1835586.250000
11666   -1835586.500000
11667   -1835587.000000
11668   -1835587.500000
11669   -1835587.750000
11670   -1835588.125000
11671   -1835588.625000
11672   -1835589.000000
11673   -1835589.375000
11674   -1835590.000000
11675   -1835590.250000
11676   -1835590.750000
11677   -1835591.000000
11678   -1835591.500000
11679   -1835592.000000
11680   -1835592.125000
11681   -1835592.750000
11682   -1835593.250000
11683   -1835593.625000
11684   -1835594.000000
11685   -1835594.500000
11686   -1835595.000000
11687   -1835595.250000
11688   -1835596.000000
11689   -1835596.250000
11690   -1835596.750000
11691   -1835597.000000
11692   -1835597.750000
11693   -1835598.000000
11694   -1835598.500000
11695   -1835598.875000
11696   -1835599.250000
11697   -1835599.875000
11698   -1835600.250000
11699   -1835600.625000
11700   -1835601.250000
11701   -1835601.625000
11702   -1835602.000000
11703   -1835602.500000
11704   -1835602.875000
11705   -1835603.500000
11706   -1835603.875000
11707   -1835604.500000
11708   -1835604.625000
11709   -1835605.250000
11710   -1835605.750000
11711   -1835606.250000
11712   -1835606.750000
11713   -1835607.000000
11714   -1835607.500000
11715   -1835608.125000
11716   -1835608.500000
11717   -1835609.000000
11718   -1835609.500000
11719   -1835610.000000
11720   -1835610.250000
11721   -1835610.875000
11722   -1835611.250000
11723   -1835612.000000
11724   -1835612.250000
11725   -1835612.750000
11726   -1835613.500000
11727   -1835613.875000
11728   -1835614.375000
11729   -1835614.875000
11730   -1835615.375000
11731   -1835615.750000
11732   -1835616.250000
11733   -1835616.625000
11734   -1835617.250000
11735   -1835617.750000
11736   -1835618.250000
11737   -1835618.500000
11738   -1835619.250000
11739   -1835619.625000
11740   -1835620.250000
11741   -1835620.750000
11742   -1835621.250000
11743   -1835621.625000
11744   -1835622.250000
11745   -1835622.750000
11746   -1835623.000000
11747   -1835623.750000
11748   -1835624.375000
11749   -1835624.750000
11750   -1835625.375000
11751   -1835625.625000
11752   -1835626.250000
11753   -1835626.750000
11754   -1835627.250000
11755   -1835627.750000
11756   -1835628.375000
11757   -1835628.750000
11758   -1835629.250000
11759   -1835629.875000
11760   -1835630.250000
11761   -1835630.875000
11762   -1835631.250000
11763   -1835632.000000
11764   -1835632.375000
11765   -1835633.000000
11766   -1835633.500000
11767   -1835634.000000
11768   -1835634.500000
11769   -1835635.000000
11770   -1835635.500000
11771   -1835636.000000
11772   -1835636.750000
11773   -1835637.250000
11774   -1835638.000000
11775   -1835638.375000
11776   -1835638.875000
11777   -1835639.500000
11778   -1835639.875000
11779   -1835640.375000
11780   -1835640.750000
11781   -1835641.500000
11782   -1835642.000000
11783   -1835642.625000
11784   -1835643.250000
11785   -1835643.625000
11786   -1835644.250000
11787   -1835644.750000
11788   -1835645.125000
11789   -1835645.750000
11790   -1835646.250000
11791   -1835646.875000
11792   -1835647.375000
11793   -1835648.000000
11794   -1835648.500000
11795   -1835649.000000
11796   -1835649.500000
11797   -1835650.250000
11798   -1835650.500000
11799   -1835651.250000
11800   -1835651.750000
11801   -1835652.250000
11802   -1835652.750000
11803   -1835653.500000
11804   -1835653.750000
11805   -1835654.500000
11806   -1835655.000000
11807   -1835655.625000
11808   -1835656.125000
11809   -1835656.625000
11810   -1835657.250000
11811   -1835657.750000
11812   -1835658.250000
11813   -1835658.875000
11814   -1835659.375000
11815   -1835659.750000
11816   -1835660.500000
11817   -1835660.875000
11818   -1835661.375000
11819   -1835662.000000
11820   -1835662.750000
11821   -1835663.250000
11822   -1835663.750000
11823   -1835664.250000
11824   -1835664.750000
11825   -1835665.250000
11826   -1835665.875000
11827   -1835666.250000
11828   -1835666.750000
11829   -1835667.500000
11830   -1835667.875000
11831   -1835668.375000
11832   -1835669.125000
11833   -1835669.500000
11834   -1835670.000000
11835   -1835670.375000
11836   -1835671.000000
11837   -1835671.500000
11838   -1835672.000000
11839   -1835672.375000
11840   -1835673.000000
11841   -1835673.500000
11842   -1835673.875000
11843   -1835674.500000
11844   -1835675.000000
11845   -1835675.375000
11846   -1835675.750000
11847   -1835676.375000
11848   -1835677.000000
11849   -1835677.375000
11850   -1835677.750000
11851   -1835678.250000
11852   -1835678.875000
11853   -1835679.250000
11854   -1835679.750000
11855   -1835680.000000
11856   -1835680.750000
11857   -1835681.375000
11858   -1835681.750000
11859   -1835682.125000
11860   -1835682.625000
11861   -1835683.000000
11862   -1835683.500000
11863   -1835684.125000
11864   -1835684.625000
11865   -1835684.875000
11866   -1835685.500000
11867   -1835686.000000
11868   -1835686.500000
11869   -1835687.000000
11870   -1835687.375000
11871   -1835687.750000
11872   -1835688.250000
11873   -1835688.625000
11874   -1835689.125000
11875   -1835689.625000
11876   -1835690.250000
11877   -1835690.500000
11878   -1835691.000000
11879   -1835691.250000
11880   -1835692.000000
11881   -1835692.250000
11882   -1835692.875000
11883   -1835693.375000
11884   -1835693.750000
11885   -1835694.125000
11886   -1835694.625000
11887   -1835695.000000
11888   -1835695.500000
11889   -1835696.000000
11890   -1835696.375000
11891   -1835696.875000
11892   -1835697.125000
11893   -1835697.625000
11894   -1835698.250000
11895   -1835698.625000
11896   -1835699.000000
11897   -1835699.375000
11898   -1835699.750000
11899   -1835700.250000
11900   -1835700.875000
11901   -1835701.250000
11902   -1835701.625000
11903   -1835702.000000
11904   -1835702.500000
11905   -1835703.000000
11906   -1835703.250000
11907   -1835703.750000
11908   -1835704.250000
11909   -1835704.500000
11910   -1835705.000000
11911   -1835705.625000
11912   -1835706.000000
11913   -1835706.375000
11914   -1835706.750000
11915   -1835707.250000
11916   -1835707.750000
11917   -1835708.125000
11918   -1835708.500000
11919   -1835708.750000
11920   -1835709.250000
11921   -1835709.500000
11922   -1835710.000000
11923   -1835710.625000
11924   -1835711.000000
11925   -1835711.375000
11926   -1835711.750000
11927   -1835712.250000
11928   -1835712.625000
11929   -1835713.125000
11930   -1835713.500000
11931   -1835713.875000
11932   -1835714.250000
11933   -1835714.500000
11934   -1835715.000000
11935   -1835715.500000
11936   -1835715.875000
11937   -1835716.250000
11938   -1835716.625000
11939   -1835717.000000
11940   -1835717.375000
11941   -1835718.000000
11942   -1835718.500000
11943   -1835718.750000
11944   -1835719.250000
11945   -1835719.625000
11946   -1835720.000000
11947   -1835720.375000
11948   -1835720.875000
11949   -1835721.125000
11950   -1835721.625000
11951   -1835722.000000
11952   -1835722.375000
11953   -1835722.750000
11954   -1835723.250000
11955   -1835723.500000
11956   -1835724.000000
11957   -1835724.250000
11958   -1835724.750000
11959   -1835725.000000
11960   -1835725.500000
11961   -1835726.000000
11962   -1835726.250000
11963   -1835726.500000
11964   -1835727.000000
11965   -1835727.500000
11966   -1835727.875000
11967   -1835728.250000
11968   -1835728.625000
11969   -1835729.125000
11970   -1835729.375000
11971   -1835729.750000
11972   -1835730.250000
11973   -1835730.500000
11974   -1835731.000000
11975   -1835731.375000
11976   -1835731.750000
11977   -1835732.250000
11978   -1835732.750000
11979   -1835733.000000
11980   -1835733.500000
11981   -1835734.000000
11982   -1835734.250000
11983   -1835734.625000
11984   -1835735.000000
11985   -1835735.500000
11986   -1835735.875000
11987   -1835736.250000
11988   -1835736.750000
11989   -1835737.125000
11990   -1835737.375000
11991   -1835737.750000
11992   -1835738.125000
11993   -1835738.625000
11994   -1835739.000000
11995   -1835739.250000
11996   -1835739.750000
11997   -1835740.250000
11998   -1835740.500000
11999   -1835741.000000
12000   -1835741.250000
12001   -1835741.750000
12002   -1835742.000000
12003   -1835742.500000
12004   -1835742.875000
12005   -1835743.250000
12006   -1835743.750000
12007   -1835743.875000
12008   -1835744.500000
12009   -1835744.750000
12010   -1835745.250000
12011   -1835745.500000
12012   -1835746.000000
12013   -1835746.250000
12014   -1835746.750000
12015   -1835747.125000
12016   -1835747.500000
12017   -1835747.875000
12018   -1835748.250000
12019   -1835748.500000
12020   -1835749.000000
12021   -1835749.375000
12022   -1835750.000000
12023   -1835750.125000
12024   -1835750.500000
12025   -1835750.750000
12026   -1835751.250000
12027   -1835751.750000
12028   -1835752.000000
12029   -1835752.500000
12030   -1835752.750000
12031   -1835753.250000
12032   -1835753.500000
12033   -1835754.000000
12034   -1835754.250000
12035   -1835754.750000
12036   -1835755.250000
12037   -1835755.500000
12038   -1835755.875000
12039   -1835756.250000
12040   -1835756.625000
12041   -1835756.750000
12042   -1835757.250000
12043   -1835757.625000
12044   -1835758.000000
12045   -1835758.375000
12046   -1835758.750000
12047   -1835759.250000
12048   -1835759.500000
12049   -1835759.750000
12050   -1835760.250000
12051   -1835760.625000
12052   -1835761.000000
12053   -1835761.250000
12054   -1835761.500000
12055   -1835761.875000
12056   -1835762.250000
12057   -1835762.625000
12058   -1835763.000000
12059   -1835763.250000
12060   -1835763.750000
12061   -1835764.000000
12062   -1835764.250000
12063   -1835764.750000
12064   -1835764.875000
12065   -1835765.250000
12066   -1835765.625000
12067   -1835766.125000
12068   -1835766.250000
12069   -1835766.750000
12070   -1835767.000000
12071   -1835767.500000
12072   -1835767.750000
12073   -1835768.000000
12074   -1835768.375000
12075   -1835768.750000
12076   -1835769.000000
12077   -1835769.500000
12078   -1835769.875000
12079   -1835770.000000
12080   -1835770.500000
12081   -1835770.750000
12082   -1835771.250000
12083   -1835771.500000
12084   -1835771.750000
12085   -1835772.000000
12086   -1835772.500000
12087   -1835772.750000
12088   -1835773.125000
12089   -1835773.250000
12090   -1835773.750000
12091   -1835774.125000
12092   -1835774.375000
12093   -1835774.750000
12094   -1835775.000000
12095   -1835775.375000
12096   -1835775.750000
12097   -1835776.250000
12098   -1835776.375000
12099   -1835776.750000
12100   -1835776.875000
12101   -1835777.375000
12102   -1835777.625000
12103   -1835778.000000
12104   -1835778.250000
12105   -1835778.625000
12106   -1835778.875000
12107   -1835779.375000
12108   -1835779.500000
12109   -1835779.875000
12110   -1835780.375000
12111   -1835780.500000
12112   -1835780.750000
12113   -1835781.125000
12114   -1835781.250000
12115   -1835781.875000
12116   -1835782.125000
12117   -1835782.375000
12118   -1835782.625000
12119   -1835783.000000
12120   -1835783.250000
12121   -1835783.750000
12122   -1835784.000000
12123   -1835784.250000
12124   -1835784.750000
12125   -1835784.750000
12126   -1835785.125000
12127   -1835785.500000
12128   -1835785.875000
12129   -1835786.000000
12130   -1835786.500000
12131   -1835786.750000
12132   -1835787.125000
12133   -1835787.250000
12134   -1835787.750000
12135   -1835787.875000
12136   -1835788.125000
12137   -1835788.500000
12138   -1835788.750000
12139   -1835789.250000
12140   -1835789.375000
12141   -1835789.750000
12142   -1835790.125000
12143   -1835790.375000
12144   -1835790.625000
12145   -1835790.875000
12146   -1835791.250000
12147   -1835791.500000
12148   -1835792.125000
12149   -1835792.250000
12150   -1835792.625000
12151   -1835792.875000
12152   -1835793.250000
12153   -1835793.500000
12154   -1835793.750000
12155   -1835794.125000
12156   -1835794.500000
12157   -1835794.750000
12158   -1835795.000000
12159   -1835795.375000
12160   -1835795.750000
12161   -1835796.125000
12162   -1835796.250000
12163   -1835796.625000
12164   -1835797.125000
12165   -1835797.250000
12166   -1835797.500000
12167   -1835797.750000
12168   -1835798.125000
12169   -1835798.375000
12170   -1835798.750000
12171   -1835799.000000
12172   -1835799.375000
12173   -1835799.750000
12174   -1835800.000000
12175   -1835800.375000
12176   -1835800.750000
12177   -1835801.125000
12178   -1835801.375000
12179   -1835801.750000
12180   -1835802.000000
12181   -1835802.250000
12182   -1835802.625000
12183   -1835803.000000
12184   -1835803.250000
12185   -1835803.750000
12186   -1835804.000000
12187   -1835804.250000
12188   -1835804.750000
12189   -1835805.250000
12190   -1835805.500000
12191   -1835805.500000
12192   -1835806.000000
12193   -1835806.250000
12194   -1835806.750000
12195   -1835807.125000
12196   -1835807.250000
12197   -1835807.750000
12198   -1835808.000000
12199   -1835808.375000
12200   -1835808.625000
12201   -1835809.000000
12202   -1835809.375000
12203   -1835809.750000
12204   -1835810.125000
12205   -1835810.500000
12206   -1835810.875000
12207   -1835811.000000
12208   -1835811.250000
12209   -1835811.750000
12210   -1835812.125000
12211   -1835812.375000
12212   -1835812.750000
12213   -1835813.000000
12214   -1835813.500000
12215   -1835813.750000
12216   -1835814.250000
12217   -1835814.375000
12218   -1835814.750000
12219   -1835815.125000
12220   -1835815.625000
12221   -1835816.000000
12222   -1835816.250000
12223   -1835816.500000
12224   -1835817.000000
12225   -1835817.500000
12226   -1835817.625000
12227   -1835818.125000
12228   -1835818.500000
12229   -1835818.750000
12230   -1835819.250000
12231   -1835819.500000
12232   -1835819.750000
12233   -1835820.250000
12234   -1835820.625000
12235   -1835821.000000
12236   -1835821.500000
12237   -1835821.750000
12238   -1835822.250000
12239   -1835822.500000
12240   -1835823.000000
12241   -1835823.250000
12242   -1835823.500000
12243   -1835823.875000
12244   -1835824.375000
12245   -1835824.750000
12246   -1835825.375000
12247   -1835825.500000
12248   -1835825.750000
12249   -1835826.250000
12250   -1835826.625000
12251   -1835827.000000
12252   -1835827.500000
12253   -1835827.750000
12254   -1835828.250000
12255   -1835828.625000
12256   -1835829.000000
12257   -1835829.375000
12258   -1835830.000000
12259   -1835830.375000
12260   -1835830.750000
12261   -1835831.250000
12262   -1835831.500000
12263   -1835832.000000
12264   -1835832.375000
12265   -1835832.625000
12266   -1835833.250000
12267   -1835833.500000
12268   -1835833.875000
12269   -1835834.250000
12270   -1835834.750000
12271   -1835835.000000
12272   -1835835.375000
12273   -1835836.000000
12274   -1835836.375000
12275   -1835836.875000
12276   -1835837.250000
12277   -1835837.625000
12278   -1835838.125000
12279   -1835838.500000
12280   -1835838.875000
12281   -1835839.375000
12282   -1835839.750000
12283   -1835840.125000
12284   -1835840.750000
12285   -1835841.000000
12286   -1835841.500000
12287   -1835842.000000
12288   -1835842.250000
12289   -1835842.750000
12290   -1835843.250000
12291   -1835843.750000
12292   -1835844.000000
12293   -1835844.375000
12294   -1835844.875000
12295   -1835845.375000
12296   -1835845.750000
12297   -1835846.250000
12298   -1835846.625000
12299   -1835847.125000
12300   -1835847.500000
12301   -1835847.875000
12302   -1835848.375000
12303   -1835848.750000
12304   -1835849.250000
12305   -1835849.500000
12306   -1835850.000000
12307   -1835850.500000
12308   -1835850.875000
12309   -1835851.125000
12310   -1835851.750000
12311   -1835852.250000
12312   -1835852.375000
12313   -1835852.750000
12314   -1835853.250000
12315   -1835853.625000
12316   -1835854.250000
12317   -1835854.500000
12318   -1835854.875000
12319   -1835855.375000
12320   -1835855.625000
12321   -1835856.125000
12322   -1835856.750000
12323   -1835857.000000
12324   -1835857.500000
12325   -1835857.750000
12326   -1835858.250000
12327   -1835858.500000
12328   -1835859.000000
12329   -1835859.500000
12330   -1835860.000000
12331   -1835860.250000
12332   -1835860.750000
12333   -1835861.000000
12334   -1835861.375000
12335   -1835861.750000
12336   -1835862.375000
12337   -1835862.750000
12338   -1835863.000000
12339   -1835863.500000
12340   -1835863.875000
12341   -1835864.250000
12342   -1835864.750000
12343   -1835865.125000
12344   -1835865.500000
12345   -1835866.000000
12346   -1835866.250000
12347   -1835866.625000
12348   -1835867.250000
12349   -1835867.625000
12350   -1835868.000000
12351   -1835868.500000
12352   -1835868.750000
12353   -1835869.125000
12354   -1835869.500000
12355   -1835870.000000
12356   -1835870.500000
12357   -1835870.750000
12358   -1835871.250000
12359   -1835871.500000
12360   -1835872.125000
12361   -1835872.250000
12362   -1835872.750000
12363   -1835873.250000
12364   -1835873.750000
12365   -1835874.000000
12366   -1835874.375000
12367   -1835875.000000
12368   -1835875.250000
12369   -1835875.500000
12370   -1835875.875000
12371   -1835876.375000
12372   -1835876.750000
12373   -1835877.250000
12374   -1835877.250000
12375   -1835877.750000
12376   -1835878.375000
12377   -1835878.750000
12378   -1835879.000000
12379   -1835879.500000
12380   -1835879.750000
12381   -1835880.250000
12382   -1835880.625000
12383   -1835880.875000
12384   -1835881.375000
12385   -1835881.875000
12386   -1835882.125000
12387   -1835882.500000
12388   -1835883.000000
12389   -1835883.250000
12390   -1835883.625000
12391   -1835884.000000
12392   -1835884.375000
12393   -1835884.625000
12394   -1835885.000000
12395   -1835885.500000
12396   -1835885.750000
12397   -1835886.000000
12398   -1835886.500000
12399   -1835886.750000
12400   -1835887.125000
12401   -1835887.500000
12402   -1835887.750000
12403   -1835888.250000
12404   -1835888.750000
12405   -1835888.750000
12406   -1835889.500000
12407   -1835889.625000
12408   -1835889.875000
12409   -1835890.250000
12410   -1835890.750000
12411   -1835891.000000
12412   -1835891.250000
12413   -1835891.750000
12414   -1835892.000000
12415   -1835892.250000
12416   -1835892.500000
12417   -1835893.000000
12418   -1835893.250000
12419   -1835893.500000
12420   -1835893.750000
12421   -1835894.125000
12422   -1835894.500000
12423   -1835894.875000
12424   -1835895.250000
12425   -1835895.375000
12426   -1835895.750000
12427   -1835896.000000
12428   -1835896.500000
12429   -1835896.750000
12430   -1835896.875000
12431   -1835897.250000
12432   -1835897.500000
12433   -1835897.750000
12434   -1835898.250000
12435   -1835898.500000
12436   -1835898.875000
12437   -1835899.125000
12438   -1835899.500000
12439   -1835899.750000
12440   -1835899.875000
12441   -1835900.250000
12442   -1835900.500000
12443   -1835900.750000
12444   -1835901.000000
12445   -1835901.250000
12446   -1835901.625000
12447   -1835902.000000
12448   -1835902.250000
12449   -1835902.500000
12450   -1835902.750000
12451   -1835903.000000
12452   -1835903.500000
12453   -1835903.375000
12454   -1835903.875000
12455   -1835904.250000
12456   -1835904.500000
12457   -1835904.750000
12458   -1835905.000000
12459   -1835905.250000
12460   -1835905.500000
12461   -1835905.750000
12462   -1835906.000000
12463   -1835906.250000
12464   -1835906.500000
12465   -1835906.750000
12466   -1835907.125000
12467   -1835907.500000
12468   -1835907.625000
12469   -1835907.875000
12470   -1835908.000000
12471   -1835908.375000
12472   -1835908.625000
12473   -1835908.750000
12474   -1835909.000000
12475   -1835909.500000
12476   -1835909.750000
12477   -1835910.000000
12478   -1835910.000000
12479   -1835910.500000
12480   -1835910.750000
12481   -1835911.000000
12482   -1835911.250000
12483   -1835911.500000
12484   -1835911.750000
12485   -1835912.000000
12486   -1835912.125000
12487   -1835912.500000
12488   -1835912.750000
12489   -1835912.750000
12490   -1835913.250000
12491   -1835913.500000
12492   -1835913.750000
12493   -1835914.000000
12494   -1835914.250000
12495   -1835914.375000
12496   -1835914.750000
12497   -1835915.000000
12498   -1835915.125000
12499   -1835915.500000
12500   -1835915.750000
12501   -1835916.000000
12502   -1835916.250000
12503   -1835916.375000
12504   -1835916.625000
12505   -1835917.000000
12506   -1835917.000000
12507   -1835917.250000
12508   -1835917.625000
12509   -1835917.750000
12510   -1835918.250000
12511   -1835918.250000
12512   -1835918.625000
12513   -1835918.875000
12514   -1835919.000000
12515   -1835919.250000
12516   -1835919.625000
12517   -1835919.750000
12518   -1835920.000000
12519   -1835920.250000
12520   -1835920.625000
12521   -1835920.875000
12522   -1835921.000000
12523   -1835921.250000
12524   -1835921.500000
12525   -1835921.750000
12526   -1835921.750000
12527   -1835922.000000
12528   -1835922.375000
12529   -1835922.750000
12530   -1835922.750000
12531   -1835923.125000
12532   -1835923.125000
12533   -1835923.625000
12534   -1835923.750000
12535   -1835924.250000
12536   -1835924.250000
12537   -1835924.500000
12538   -1835924.625000
12539   -1835925.000000
12540   -1835925.000000
12541   -1835925.500000
12542   -1835925.625000
12543   -1835926.000000
12544   -1835926.250000
12545   -1835926.250000
12546   -1835926.500000
12547   -1835926.875000
12548   -1835927.000000
12549   -1835927.250000
12550   -1835927.500000
12551   -1835927.875000
12552   -1835928.250000
12553   -1835928.250000
12554   -1835928.375000
12555   -1835928.625000
12556   -1835929.000000
12557   -1835929.250000
12558   -1835929.500000
12559   -1835929.625000
12560   -1835929.750000
12561   -1835930.125000
12562   -1835930.250000
12563   -1835930.625000
12564   -1835930.750000
12565   -1835931.000000
12566   -1835931.250000
12567   -1835931.500000
12568   -1835931.625000
12569   -1835932.125000
12570   -1835932.250000
12571   -1835932.500000
12572   -1835932.750000
12573   -1835932.875000
12574   -1835933.250000
12575   -1835933.500000
12576   -1835933.500000
12577   -1835933.750000
12578   -1835934.250000
12579   -1835934.500000
12580   -1835934.750000
12581   -1835935.000000
12582   -1835935.250000
12583   -1835935.375000
12584   -1835935.625000
12585   -1835935.750000
12586   -1835936.000000
12587   -1835936.375000
12588   -1835936.750000
12589   -1835937.000000
12590   -1835937.250000
12591   -1835937.375000
12592   -1835937.625000
12593   -1835938.000000
12594   -1835938.250000
12595   -1835938.375000
12596   -1835938.750000
12597   -1835939.000000
12598   -1835939.375000
12599   -1835939.500000
12600   -1835939.625000
12601   -1835940.125000
12602   -1835940.250000
12603   -1835940.500000
12604   -1835941.000000
12605   -1835941.250000
12606   -1835941.250000
12607   -1835941.750000
12608   -1835942.000000
12609   -1835942.250000
12610   -1835942.500000
12611   -1835942.750000
12612   -1835943.000000
12613   -1835943.375000
12614   -1835943.500000
12615   -1835943.750000
12616   -1835944.125000
12617   -1835944.500000
12618   -1835944.750000
12619   -1835944.875000
12620   -1835945.250000
12621   -1835945.625000
12622   -1835946.000000
12623   -1835946.375000
12624   -1835946.250000
12625   -1835946.500000
12626   -1835947.000000
12627   -1835947.250000
12628   -1835947.500000
12629   -1835948.000000
12630   -1835948.375000
12631   -1835948.500000
12632   -1835948.750000
12633   -1835949.000000
12634   -1835949.375000
12635   -1835949.750000
12636   -1835950.000000
12637   -1835950.250000
12638   -1835950.500000
12639   -1835950.875000
12640   -1835951.250000
12641   -1835951.500000
12642   -1835952.000000
12643   -1835952.250000
12644   -1835952.375000
12645   -1835952.750000
12646   -1835953.000000
12647   -1835953.375000
12648   -1835953.750000
12649   -1835954.000000
12650   -1835954.250000
12651   -1835954.750000
12652   -1835955.125000
12653   -1835955.375000
12654   -1835955.750000
12655   -1835956.000000
12656   -1835956.250000
12657   -1835956.750000
12658   -1835957.125000
12659   -1835957.500000
12660   -1835957.750000
12661   -1835958.000000
12662   -1835958.375000
12663   -1835958.750000
12664   -1835959.000000
12665   -1835959.250000
12666   -1835959.750000
12667   -1835960.000000
12668   -1835960.375000
12669   -1835960.750000
12670   -1835961.250000
12671   -1835961.500000
12672   -1835961.750000
12673   -1835962.000000
12674   -1835962.500000
12675   -1835962.875000
12676   -1835963.250000
12677   -1835963.625000
12678   -1835964.000000
12679   -1835964.375000
12680   -1835964.625000
12681   -1835965.125000
12682   -1835965.625000
12683   -1835965.750000
12684   -1835966.125000
12685   -1835966.375000
12686   -1835967.000000
12687   -1835967.250000
12688   -1835967.500000
12689   -1835968.000000
12690   -1835968.500000
12691   -1835968.750000
12692   -1835969.125000
12693   -1835969.500000
12694   -1835970.125000
12695   -1835970.125000
12696   -1835970.625000
12697   -1835971.000000
12698   -1835971.375000
12699   -1835971.750000
12700   -1835972.000000
12701   -1835972.500000
12702   -1835973.000000
12703   -1835973.250000
12704   -1835973.625000
12705   -1835974.000000
12706   -1835974.375000
12707   -1835974.875000
12708   -1835975.250000
12709   -1835975.500000
12710   -1835976.000000
12711   -1835976.250000
12712   -1835976.750000
12713   -1835977.000000
12714   -1835977.500000
12715   -1835977.750000
12716   -1835978.250000
12717   -1835978.625000
12718   -1835979.000000
12719   -1835979.375000
12720   -1835979.750000
12721   -1835980.125000
12722   -1835980.375000
12723   -1835980.750000
12724   -1835981.375000
12725   -1835981.500000
12726   -1835982.000000
12727   -1835982.500000
12728   -1835982.750000
12729   -1835983.125000
12730   -1835983.375000
12731   -1835984.000000
12732   -1835984.250000
12733   -1835984.625000
12734   -1835985.000000
12735   -1835985.250000
12736   -1835985.750000
12737   -1835986.125000
12738   -1835986.375000
12739   -1835986.750000
12740   -1835987.250000
12741   -1835987.500000
12742   -1835988.000000
12743   -1835988.250000
12744   -1835988.500000
12745   -1835989.000000
12746   -1835989.500000
12747   -1835989.750000
12748   -1835990.250000
12749   -1835990.500000
12750   -1835990.875000
12751   -1835991.250000
12752   -1835991.750000
12753   -1835992.000000
12754   -1835992.500000
12755   -1835992.875000
12756   -1835993.250000
12757   -1835993.625000
12758   -1835994.000000
12759   -1835994.375000
12760   -1835994.625000
12761   -1835995.000000
12762   -1835995.375000
12763   -1835995.750000
12764   -1835996.125000
12765   -1835996.250000
12766   -1835996.875000
12767   -1835997.000000
12768   -1835997.500000
12769   -1835998.000000
12770   -1835998.250000
12771   -1835998.500000
12772   -1835999.000000
12773   -1835999.375000
12774   -1835999.750000
12775   -1836000.000000
12776   -1836000.500000
12777   -1836000.625000
12778   -1836001.250000
12779   -1836001.500000
12780   -1836002.000000
12781   -1836002.000000
12782   -1836002.500000
12783   -1836002.750000
12784   -1836003.375000
12785   -1836003.500000
12786   -1836004.125000
12787   -1836004.125000
12788   -1836004.625000
12789   -1836004.875000
12790   -1836005.500000
12791   -1836005.625000
12792   -1836006.125000
12793   -1836006.375000
12794   -1836006.750000
12795   -1836007.125000
12796   -1836007.375000
12797   -1836007.750000
12798   -1836008.250000
12799   -1836008.375000
12800   -1836009.000000
12801   -1836009.250000
12802   -1836009.500000
12803   -1836009.875000
12804   -1836010.250000
12805   -1836010.500000
12806   -1836010.875000
12807   -1836011.250000
12808   -1836011.500000
12809   -1836011.750000
12810   -1836012.250000
12811   -1836012.500000
12812   -1836012.875000
12813   -1836013.250000
12814   -1836013.750000
12815   -1836014.000000
12816   -1836014.500000
12817   -1836014.750000
12818   -1836015.250000
12819   -1836015.250000
12820   -1836015.750000
12821   -1836016.125000
12822   -1836016.625000
12823   -1836016.750000
12824   -1836017.125000
12825   -1836017.500000
12826   -1836017.875000
12827   -1836018.000000
12828   -1836018.750000
12829   -1836018.875000
12830   -1836019.375000
12831   -1836019.500000
12832   -1836020.000000
12833   -1836020.125000
12834   -1836020.750000
12835   -1836020.750000
12836   -1836021.250000
12837   -1836021.500000
12838   -1836022.000000
12839   -1836022.375000
12840   -1836022.875000
12841   -1836023.000000
12842   -1836023.250000
12843   -1836023.750000
12844   -1836024.000000
12845   -1836024.625000
12846   -1836024.750000
12847   -1836025.250000
12848   -1836025.375000
12849   -1836025.750000
12850   -1836026.000000
12851   -1836026.500000
12852   -1836026.750000
12853   -1836027.125000
12854   -1836027.625000
12855   -1836027.875000
12856   -1836028.250000
12857   -1836028.500000
12858   -1836029.000000
12859   -1836029.375000
12860   -1836029.750000
12861   -1836029.750000
12862   -1836030.250000
12863   -1836030.750000
12864   -1836031.000000
12865   -1836031.250000
12866   -1836031.625000
12867   -1836032.000000
12868   -1836032.500000
12869   -1836032.750000
12870   -1836033.000000
12871   -1836033.375000
12872   -1836033.750000
12873   -1836034.125000
12874   -1836034.500000
12875   -1836034.875000
12876   -1836035.000000
12877   -1836035.500000
12878   -1836035.875000
12879   -1836036.250000
12880   -1836036.625000
12881   -1836037.000000
12882   -1836037.375000
12883   -1836037.625000
12884   -1836038.000000
12885   -1836038.500000
12886   -1836038.625000
12887   -1836039.000000
12888   -1836039.375000
12889   -1836039.750000
12890   -1836040.000000
12891   -1836040.625000
12892   -1836041.000000
12893   -1836041.250000
12894   -1836041.750000
12895   -1836042.125000
12896   -1836042.250000
12897   -1836042.875000
12898   -1836043.250000
12899   -1836043.500000
12900   -1836044.000000
12901   -1836044.500000
12902   -1836044.750000
12903   -1836045.000000
12904   -1836045.500000
12905   -1836046.000000
12906   -1836046.375000
12907   -1836046.750000
12908   -1836047.125000
12909   -1836047.625000
12910   -1836048.000000
12911   -1836048.250000
12912   -1836048.750000
12913   -1836049.000000
12914   -1836049.750000
12915   -1836049.750000
12916   -1836050.250000
12917   -1836050.750000
12918   -1836051.250000
12919   -1836051.625000
12920   -1836052.000000
12921   -1836052.250000
12922   -1836052.625000
12923   -1836053.000000
12924   -1836053.625000
12925   -1836053.750000
12926   -1836054.375000
12927   -1836054.625000
12928   -1836055.125000
12929   -1836055.625000
12930   -1836056.000000
12931   -1836056.375000
12932   -1836057.000000
12933   -1836057.375000
12934   -1836057.625000
12935   -1836057.750000
12936   -1836058.500000
12937   -1836059.125000
12938   -1836059.375000
12939   -1836059.750000
12940   -1836060.250000
12941   -1836060.500000
12942   -1836060.875000
12943   -1836061.375000
12944   -1836061.875000
12945   -1836062.125000
12946   -1836062.750000
12947   -1836063.250000
12948   -1836063.500000
12949   -1836064.000000
12950   -1836064.500000
12951   -1836064.625000
12952   -1836065.125000
12953   -1836065.375000
12954   -1836066.125000
12955   -1836066.375000
12956   -1836066.750000
12957   -1836067.125000
12958   -1836067.625000
12959   -1836068.000000
12960   -1836068.500000
12961   -1836069.000000
12962   -1836069.250000
12963   -1836069.750000
12964   -1836070.250000
12965   -1836070.500000
12966   -1836071.000000
12967   -1836071.500000
12968   -1836072.000000
12969   -1836072.125000
12970   -1836072.500000
12971   -1836073.250000
12972   -1836073.625000
12973   -1836074.000000
12974   -1836074.625000
12975   -1836074.875000
12976   -1836075.125000
12977   -1836075.500000
12978   -1836076.125000
12979   -1836076.750000
12980   -1836077.000000
12981   -1836077.250000
12982   -1836077.875000
12983   -1836078.250000
12984   -1836078.750000
12985   -1836079.000000
12986   -1836079.250000
12987   -1836079.750000
12988   -1836080.250000
12989   -1836080.875000
12990   -1836081.250000
12991   -1836081.750000
12992   -1836082.000000
12993   -1836082.500000
12994   -1836082.875000
12995   -1836083.250000
12996   -1836083.750000
12997   -1836084.000000
12998   -1836084.500000
12999   -1836085.000000
13000   -1836085.375000
13001   -1836085.750000
13002   -1836086.250000
13003   -1836086.625000
13004   -1836087.250000
13005   -1836087.500000
13006   -1836087.875000
13007   -1836088.500000
13008   -1836088.750000
13009   -1836089.125000
13010   -1836089.500000
13011   -1836089.750000
13012   -1836090.375000
13013   -1836090.750000
13014   -1836091.125000
13015   -1836091.500000
13016   -1836092.125000
13017   -1836092.250000
13018   -1836092.750000
13019   -1836093.250000
13020   -1836093.500000
13021   -1836094.000000
13022   -1836094.750000
13023   -1836095.000000
13024   -1836095.375000
13025   -1836095.750000
13026   -1836096.250000
13027   -1836096.750000
13028   -1836097.125000
13029   -1836097.500000
13030   -1836097.875000
13031   -1836098.125000
13032   -1836098.625000
13033   -1836099.000000
13034   -1836099.500000
13035   -1836099.750000
13036   -1836100.375000
13037   -1836100.625000
13038   -1836101.000000
13039   -1836101.500000
13040   -1836101.875000
13041   -1836102.500000
13042   -1836102.750000
13043   -1836103.250000
13044   -1836103.500000
13045   -1836104.000000
13046   -1836104.500000
13047   -1836104.750000
13048   -1836105.250000
13049   -1836105.750000
13050   -1836106.000000
13051   -1836106.500000
13052   -1836107.000000
13053   -1836107.250000
13054   -1836107.750000
13055   -1836108.250000
13056   -1836108.500000
13057   -1836108.750000
13058   -1836109.125000
13059   -1836109.750000
13060   -1836110.000000
13061   -1836110.375000
13062   -1836111.000000
13063   -1836111.500000
13064   -1836111.750000
13065   -1836112.125000
13066   -1836112.750000
13067   -1836112.750000
13068   -1836113.500000
13069   -1836113.750000
13070   -1836114.000000
13071   -1836114.625000
13072   -1836115.000000
13073   -1836115.250000
13074   -1836115.750000
13075   -1836116.250000
13076   -1836116.750000
13077   -1836117.000000
13078   -1836117.250000
13079   -1836117.750000
13080   -1836118.125000
13081   -1836118.500000
13082   -1836119.000000
13083   -1836119.250000
13084   -1836119.750000
13085   -1836120.250000
13086   -1836120.250000
13087   -1836120.875000
13088   -1836121.375000
13089   -1836121.625000
13090   -1836122.250000
13091   -1836122.500000
13092   -1836123.000000
13093   -1836123.250000
13094   -1836123.500000
13095   -1836124.125000
13096   -1836124.375000
13097   -1836125.000000
13098   -1836125.250000
13099   -1836125.625000
13100   -1836126.000000
13101   -1836126.375000
13102   -1836127.000000
13103   -1836127.375000
13104   -1836127.750000
13105   -1836128.000000
13106   -1836128.250000
13107   -1836128.500000
13108   -1836129.000000
13109   -1836129.375000
13110   -1836129.875000
13111   -1836130.375000
13112   -1836130.750000
13113   -1836131.000000
13114   -1836131.500000
13115   -1836131.750000
13116   -1836132.250000
13117   -1836132.500000
13118   -1836133.000000
13119   -1836133.375000
13120   -1836133.750000
13121   -1836134.250000
13122   -1836134.625000
13123   -1836135.000000
13124   -1836135.250000
13125   -1836135.750000
13126   -1836136.250000
13127   -1836136.500000
13128   -1836136.875000
13129   -1836137.375000
13130   -1836137.750000
13131   -1836138.000000
13132   -1836138.250000
13133   -1836138.750000
13134   -1836139.250000
13135   -1836139.750000
13136   -1836139.875000
13137   -1836140.250000
13138   -1836140.750000
13139   -1836141.250000
13140   -1836141.500000
13141   -1836141.750000
13142   -1836142.250000
13143   -1836142.750000
13144   -1836143.000000
13145   -1836143.375000
13146   -1836143.750000
13147   -1836144.125000
13148   -1836144.625000
13149   -1836145.000000
13150   -1836145.250000
13151   -1836145.750000
13152   -1836146.125000
13153   -1836146.500000
13154   -1836147.000000
13155   -1836147.250000
13156   -1836147.500000
13157   -1836148.125000
13158   -1836148.500000
13159   -1836148.750000
13160   -1836149.250000
13161   -1836149.500000
13162   -1836150.000000
13163   -1836150.250000
13164   -1836150.625000
13165   -1836151.000000
13166   -1836151.500000
13167   -1836151.875000
13168   -1836152.250000
13169   -1836152.500000
13170   -1836153.000000
13171   -1836153.250000
13172   -1836153.625000
13173   -1836153.875000
13174   -1836154.500000
13175   -1836154.750000
13176   -1836155.125000
13177   -1836155.500000
13178   -1836155.750000
13179   -1836156.250000
13180   -1836156.500000
13181   -1836157.000000
13182   -1836157.250000
13183   -1836157.750000
13184   -1836158.125000
13185   -1836158.500000
13186   -1836158.875000
13187   -1836159.250000
13188   -1836159.625000
13189   -1836160.000000
13190   -1836160.500000
13191   -1836160.750000
13192   -1836161.125000
13193   -1836161.375000
13194   -1836161.875000
13195   -1836162.250000
13196   -1836162.750000
13197   -1836162.875000
13198   -1836163.375000
13199   -1836163.500000
13200   -1836164.125000
13201   -1836164.500000
13202   -1836164.750000
13203   -1836165.000000
13204   -1836165.500000
13205   -1836165.500000
13206   -1836166.000000
13207   -1836166.500000
13208   -1836167.000000
13209   -1836167.250000
13210   -1836167.500000
13211   -1836168.000000
13212   -1836168.375000
13213   -1836168.750000
13214   -1836169.125000
13215   -1836169.500000
13216   -1836169.875000
13217   -1836170.250000
13218   -1836170.500000
13219   -1836171.000000
13220   -1836171.500000
13221   -1836171.875000
13222   -1836172.250000
13223   -1836172.375000
13224   -1836172.875000
13225   -1836173.250000
13226   -1836173.625000
13227   -1836174.125000
13228   -1836174.250000
13229   -1836174.625000
13230   -1836175.000000
13231   -1836175.500000
13232   -1836175.750000
13233   -1836176.250000
13234   -1836176.500000
13235   -1836176.875000
13236   -1836177.375000
13237   -1836177.750000
13238   -1836178.125000
13239   -1836178.375000
13240   -1836178.875000
13241   -1836179.250000
13242   -1836179.500000
13243   -1836180.000000
13244   -1836180.500000
13245   -1836180.750000
13246   -1836181.250000
13247   -1836181.500000
13248   -1836181.750000
13249   -1836182.250000
13250   -1836182.750000
13251   -1836183.250000
13252   -1836183.500000
13253   -1836184.000000
13254   -1836184.500000
13255   -1836184.750000
13256   -1836185.250000
13257   -1836185.625000
13258   -1836186.000000
13259   -1836186.375000
13260   -1836186.750000
13261   -1836187.250000
13262   -1836187.750000
13263   -1836188.125000
13264   -1836188.500000
13265   -1836188.875000
13266   -1836189.375000
13267   -1836189.750000
13268   -1836190.125000
13269   -1836190.500000
13270   -1836190.750000
13271   -1836191.375000
13272   -1836191.750000
13273   -1836192.125000
13274   -1836192.500000
13275   -1836192.875000
13276   -1836193.500000
13277   -1836193.750000
13278   -1836194.250000
13279   -1836194.750000
13280   -1836195.250000
13281   -1836195.500000
13282   -1836196.000000
13283   -1836196.500000
13284   -1836196.750000
13285   -1836197.250000
13286   -1836197.750000
13287   -1836198.125000
13288   -1836198.625000
13289   -1836199.000000
13290   -1836199.500000
13291   -1836200.000000
13292   -1836200.250000
13293   -1836200.750000
13294   -1836201.250000
13295   -1836201.500000
13296   -1836202.000000
13297   -1836202.500000
13298   -1836202.750000
13299   -1836203.250000
13300   -1836203.750000
13301   -1836204.000000
13302   -1836204.625000
13303   -1836205.000000
13304   -1836205.500000
13305   -1836205.750000
13306   -1836206.250000
13307   -1836206.750000
13308   -1836207.000000
13309   -1836207.625000
13310   -1836208.000000
13311   -1836208.500000
13312   -1836208.750000
13313   -1836209.250000
13314   -1836209.750000
13315   -1836210.000000
13316   -1836210.500000
13317   -1836211.000000
13318   -1836211.625000
13319   -1836212.000000
13320   -1836212.375000
13321   -1836212.750000
13322   -1836213.000000
13323   -1836213.500000
13324   -1836213.875000
13325   -1836214.500000
13326   -1836214.875000
13327   -1836215.375000
13328   -1836215.750000
13329   -1836216.000000
13330   -1836216.500000
13331   -1836217.000000
13332   -1836217.500000
13333   -1836217.750000
13334   -1836218.375000
13335   -1836218.750000
13336   -1836219.250000
13337   -1836219.500000
13338   -1836220.000000
13339   -1836220.625000
13340   -1836221.000000
13341   -1836221.250000
13342   -1836221.750000
13343   -1836222.125000
13344   -1836222.500000
13345   -1836223.000000
13346   -1836223.500000
13347   -1836223.750000
13348   -1836224.375000
13349   -1836224.750000
13350   -1836225.250000
13351   -1836225.625000
13352   -1836226.000000
13353   -1836226.500000
13354   -1836226.875000
13355   -1836227.500000
13356   -1836227.875000
13357   -1836228.375000
13358   -1836228.875000
13359   -1836229.500000
13360   -1836229.500000
13361   -1836230.000000
13362   -1836230.375000
13363   -1836230.875000
13364   -1836231.375000
13365   -1836231.750000
13366   -1836232.125000
13367   -1836232.750000
13368   -1836233.250000
13369   -1836233.500000
13370   -1836234.000000
13371   -1836234.375000
13372   -1836234.750000
13373   -1836235.250000
13374   -1836235.500000
13375   -1836236.125000
13376   -1836236.625000
13377   -1836237.000000
13378   -1836237.375000
13379   -1836237.875000
13380   -1836238.250000
13381   -1836238.750000
13382   -1836239.125000
13383   -1836239.625000
13384   -1836240.000000
13385   -1836240.375000
13386   -1836241.000000
13387   -1836241.375000
13388   -1836241.750000
13389   -1836242.250000
13390   -1836242.500000
13391   -1836243.000000
13392   -1836243.375000
13393   -1836244.000000
13394   -1836244.250000
13395   -1836244.750000
13396   -1836245.125000
13397   -1836245.750000
13398   -1836246.125000
13399   -1836246.500000
13400   -1836247.000000
13401   -1836247.375000
13402   -1836247.750000
13403   -1836248.250000
13404   -1836248.500000
13405   -1836248.875000
13406   -1836249.500000
13407   -1836249.875000
13408   -1836250.250000
13409   -1836250.750000
13410   -1836251.250000
13411   -1836251.500000
13412   -1836252.125000
13413   -1836252.500000
13414   -1836253.000000
13415   -1836253.250000
13416   -1836253.625000
13417   -1836254.250000
13418   -1836254.625000
13419   -1836255.000000
13420   -1836255.250000
13421   -1836255.750000
13422   -1836256.250000
13423   -1836256.750000
13424   -1836257.250000
13425   -1836257.750000
13426   -1836258.000000
13427   -1836258.250000
13428   -1836258.750000
13429   -1836259.250000
13430   -1836259.750000
13431   -1836260.125000
13432   -1836260.500000
13433   -1836261.000000
13434   -1836261.375000
13435   -1836261.750000
13436   -1836262.125000
13437   -1836262.625000
13438   -1836263.000000
13439   -1836263.500000
13440   -1836263.875000
13441   -1836264.500000
13442   -1836264.625000
13443   -1836265.250000
13444   -1836265.750000
13445   -1836266.000000
13446   -1836266.375000
13447   -1836266.875000
13448   -1836267.125000
13449   -1836267.500000
13450   -1836268.250000
13451   -1836268.500000
13452   -1836269.000000
13453   -1836269.250000
13454   -1836269.750000
13455   -1836270.250000
13456   -1836270.500000
13457   -1836271.000000
13458   -1836271.625000
13459   -1836272.000000
13460   -1836272.375000
13461   -1836272.750000
13462   -1836273.250000
13463   -1836273.500000
13464   -1836274.000000
13465   -1836274.500000
13466   -1836275.000000
13467   -1836275.250000
13468   -1836275.750000
13469   -1836276.250000
13470   -1836276.500000
13471   -1836277.000000
13472   -1836277.375000
13473   -1836277.875000
13474   -1836278.250000
13475   -1836278.750000
13476   -1836279.000000
13477   -1836279.500000
13478   -1836280.000000
13479   -1836280.375000
13480   -1836280.750000
13481   -1836281.250000
13482   -1836281.750000
13483   -1836282.125000
13484   -1836282.500000
13485   -1836282.750000
13486   -1836283.250000
13487   -1836283.750000
13488   -1836284.000000
13489   -1836284.500000
13490   -1836285.125000
13491   -1836285.500000
13492   -1836285.750000
13493   -1836286.250000
13494   -1836286.625000
13495   -1836287.125000
13496   -1836287.500000
13497   -1836288.000000
13498   -1836288.375000
13499   -1836288.750000
13500   -1836289.000000
13501   -1836289.625000
13502   -1836290.000000
13503   -1836290.250000
13504   -1836290.750000
13505   -1836291.250000
13506   -1836291.500000
13507   -1836292.000000
13508   -1836292.500000
13509   -1836292.875000
13510   -1836293.250000
13511   -1836293.750000
13512   -1836294.000000
13513   -1836294.500000
13514   -1836294.875000
13515   -1836295.250000
13516   -1836295.750000
13517   -1836296.000000
13518   -1836296.500000
13519   -1836297.000000
13520   -1836297.375000
13521   -1836297.875000
13522   -1836298.250000
13523   -1836298.750000
13524   -1836299.000000
13525   -1836299.375000
13526   -1836299.875000
13527   -1836300.250000
13528   -1836300.625000
13529   -1836301.000000
13530   -1836301.500000
13531   -1836301.750000
13532   -1836302.000000
13533   -1836302.625000
13534   -1836303.000000
13535   -1836303.375000
13536   -1836303.625000
13537   -1836304.125000
13538   -1836304.500000
13539   -1836305.000000
13540   -1836305.375000
13541   -1836305.750000
13542   -1836306.000000
13543   -1836306.500000
13544   -1836306.875000
13545   -1836307.125000
13546   -1836307.625000
13547   -1836308.000000
13548   -1836308.250000
13549   -1836308.750000
13550   -1836309.250000
13551   -1836309.625000
13552   -1836309.875000
13553   -1836310.500000
13554   -1836310.750000
13555   -1836311.000000
13556   -1836311.500000
13557   -1836312.000000
13558   -1836312.250000
13559   -1836312.625000
13560   -1836313.125000
13561   -1836313.375000
13562   -1836313.750000
13563   -1836314.000000
13564   -1836314.375000
13565   -1836314.750000
13566   -1836315.250000
13567   -1836315.500000
13568   -1836316.000000
13569   -1836316.375000
13570   -1836316.750000
13571   -1836317.000000
13572   -1836317.500000
13573   -1836317.750000
13574   -1836318.375000
13575   -1836318.500000
13576   -1836318.875000
13577   -1836319.250000
13578   -1836319.500000
13579   -1836320.000000
13580   -1836320.250000
13581   -1836320.875000
13582   -1836321.125000
13583   -1836321.500000
13584   -1836321.875000
13585   -1836322.125000
13586   -1836322.625000
13587   -1836322.875000
13588   -1836323.250000
13589   -1836323.750000
13590   -1836324.000000
13591   -1836324.500000
13592   -1836324.750000
13593   -1836325.000000
13594   -1836325.500000
13595   -1836325.750000
13596   -1836326.000000
13597   -1836326.375000
13598   -1836326.750000
13599   -1836327.250000
13600   -1836327.625000
13601   -1836328.000000
13602   -1836328.250000
13603   -1836328.750000
13604   -1836329.000000
13605   -1836329.250000
13606   -1836329.625000
13607   -1836330.000000
13608   -1836330.500000
13609   -1836330.750000
13610   -1836331.125000
13611   -1836331.500000
13612   -1836331.750000
13613   -1836332.125000
13614   -1836332.500000
13615   -1836332.875000
13616   -1836333.250000
13617   -1836333.625000
13618   -1836333.750000
13619   -1836334.250000
13620   -1836334.500000
13621   -1836334.875000
13622   -1836335.250000
13623   -1836335.500000
13624   -1836335.875000
13625   -1836336.125000
13626   -1836336.500000
13627   -1836337.000000
13628   -1836337.375000
13629   -1836337.750000
13630   -1836338.000000
13631   -1836338.250000
13632   -1836338.500000
13633   -1836339.000000
13634   -1836339.375000
13635   -1836339.625000
13636   -1836340.000000
13637   -1836340.250000
13638   -1836340.500000
13639   -1836340.750000
13640   -1836341.250000
13641   -1836341.625000
13642   -1836341.875000
13643   -1836342.250000
13644   -1836342.500000
13645   -1836342.750000
13646   -1836343.000000
13647   -1836343.375000
13648   -1836343.750000
13649   -1836344.000000
13650   -1836344.375000
13651   -1836344.500000
13652   -1836345.000000
13653   -1836345.250000
13654   -1836345.500000
13655   -1836345.750000
13656   -1836346.250000
13657   -1836346.500000
13658   -1836346.500000
13659   -1836347.000000
13660   -1836347.250000
13661   -1836347.750000
13662   -1836347.750000
13663   -1836348.000000
13664   -1836348.250000
13665   -1836348.625000
13666   -1836349.000000
13667   -1836349.000000
13668   -1836349.500000
13669   -1836349.750000
13670   -1836350.000000
13671   -1836350.375000
13672   -1836350.500000
13673   -1836350.750000
13674   -1836351.250000
13675   -1836351.500000
13676   -1836351.500000
13677   -1836351.750000
13678   -1836352.000000
13679   -1836352.250000
13680   -1836352.500000
13681   -1836352.875000
13682   -1836353.000000
13683   -1836353.250000
13684   -1836353.750000
13685   -1836353.750000
13686   -1836354.000000
13687   -1836354.500000
13688   -1836354.500000
13689   -1836354.875000
13690   -1836355.125000
13691   -1836355.250000
13692   -1836355.375000
13693   -1836355.625000
13694   -1836355.875000
13695   -1836356.000000
13696   -1836356.375000
13697   -1836356.625000
13698   -1836356.750000
13699   -1836357.125000
13700   -1836357.250000
13701   -1836357.500000
13702   -1836357.750000
13703   -1836357.750000
13704   -1836358.250000
13705   -1836358.500000
13706   -1836358.500000
13707   -1836358.750000
13708   -1836359.000000
13709   -1836359.250000
13710   -1836359.250000
13711   -1836359.500000
13712   -1836359.750000
13713   -1836359.875000
13714   -1836360.250000
13715   -1836360.500000
13716   -1836360.500000
13717   -1836360.750000
13718   -1836361.000000
13719   -1836361.250000
13720   -1836361.375000
13721   -1836361.500000
13722   -1836361.750000
13723   -1836362.000000
13724   -1836362.125000
13725   -1836362.375000
13726   -1836362.625000
13727   -1836362.750000
13728   -1836363.000000
13729   -1836363.125000
13730   -1836363.250000
13731   -1836363.500000
13732   -1836363.750000
13733   -1836364.000000
13734   -1836364.000000
13735   -1836364.250000
13736   -1836364.375000
13737   -1836364.625000
13738   -1836364.875000
13739   -1836365.000000
13740   -1836365.125000
13741   -1836365.250000
13742   -1836365.500000
13743   -1836365.750000
13744   -1836366.000000
13745   -1836366.125000
13746   -1836366.250000
13747   -1836366.250000
13748   -1836366.625000
13749   -1836366.750000
13750   -1836367.000000
13751   -1836367.000000
13752   -1836367.500000
13753   -1836367.500000
13754   -1836367.750000
13755   -1836367.875000
13756   -1836368.125000
13757   -1836368.250000
13758   -1836368.500000
13759   -1836368.500000
13760   -1836368.750000
13761   -1836369.000000
13762   -1836369.250000
13763   -1836369.250000
13764   -1836369.500000
13765   -1836369.625000
13766   -1836369.750000
13767   -1836370.000000
13768   -1836370.250000
13769   -1836370.375000
13770   -1836370.625000
13771   -1836370.750000
13772   -1836370.750000
13773   -1836371.000000
13774   -1836371.250000
13775   -1836371.500000
13776   -1836371.500000
13777   -1836371.750000
13778   -1836371.750000
13779   -1836372.000000
13780   -1836372.250000
13781   -1836372.375000
13782   -1836372.500000
13783   -1836372.500000
13784   -1836372.875000
13785   -1836373.000000
13786   -1836373.250000
13787   -1836373.500000
13788   -1836373.500000
13789   -1836373.625000
13790   -1836373.875000
13791   -1836374.125000
13792   -1836374.250000
13793   -1836374.250000
13794   -1836374.500000
13795   -1836374.750000
13796   -1836374.875000
13797   -1836375.000000
13798   -1836375.250000
13799   -1836375.375000
13800   -1836375.500000
13801   -1836375.750000
13802   -1836376.000000
13803   -1836376.125000
13804   -1836376.250000
13805   -1836376.375000
13806   -1836376.625000
13807   -1836376.750000
13808   -1836377.000000
13809   -1836377.000000
13810   -1836377.500000
13811   -1836377.500000
13812   -1836377.625000
13813   -1836377.750000
13814   -1836378.000000
13815   -1836378.125000
13816   -1836378.375000
13817   -1836378.500000
13818   -1836378.750000
13819   -1836379.000000
13820   -1836379.000000
13821   -1836379.250000
13822   -1836379.250000
13823   -1836379.625000
13824   -1836379.750000
13825   -1836379.875000
13826   -1836380.125000
13827   -1836380.250000
13828   -1836380.500000
13829   -1836380.500000
13830   -1836380.750000
13831   -1836380.875000
13832   -1836381.000000
13833   -1836381.250000
13834   -1836381.500000
13835   -1836381.625000
13836   -1836381.750000
