Step            Loss
--------------------
1         669.359863
2       -2776.332031
3       -6218.290039
4       -9664.472656
5       -13108.143555
6       -16551.302734
7       -19998.703125
8       -23438.900391
9       -26887.974609
10      -30331.953125
11      -33776.667969
12      -37225.093750
13      -40669.378906
14      -44121.167969
15      -47564.890625
16      -51015.984375
17      -54464.261719
18      -57913.941406
19      -61362.914062
20      -64819.625000
21      -68270.914062
22      -71730.273438
23      -75186.257812
24      -78645.078125
25      -82106.507812
26      -85569.156250
27      -89036.320312
28      -92500.132812
29      -95973.531250
30      -99443.484375
31      -102924.625000
32      -106402.093750
33      -109884.382812
34      -113368.828125
35      -116858.843750
36      -120348.484375
37      -123845.398438
38      -127342.593750
39      -130848.234375
40      -134352.906250
41      -137864.484375
42      -141376.781250
43      -144896.250000
44      -148419.468750
45      -151948.250000
46      -155484.734375
47      -159018.921875
48      -162560.906250
49      -166110.171875
50      -169662.812500
51      -173222.812500
52      -176786.781250
53      -180350.906250
54      -183930.734375
55      -187508.546875
56      -191098.156250
57      -194685.812500
58      -198286.093750
59      -201890.812500
60      -205496.937500
61      -209118.625000
62      -212737.937500
63      -216371.375000
64      -220005.343750
65      -223643.718750
66      -227294.406250
67      -230955.062500
68      -234611.875000
69      -238285.765625
70      -241958.250000
71      -245645.656250
72      -249335.390625
73      -253027.781250
74      -256736.156250
75      -260447.765625
76      -264166.156250
77      -267893.593750
78      -271625.125000
79      -275365.437500
80      -279114.687500
81      -282868.718750
82      -286634.312500
83      -290404.500000
84      -294182.531250
85      -297965.656250
86      -301762.000000
87      -305562.250000
88      -309368.500000
89      -313184.687500
90      -317008.593750
91      -320842.562500
92      -324680.562500
93      -328525.937500
94      -332377.375000
95      -336242.375000
96      -340112.468750
97      -343986.437500
98      -347869.968750
99      -351763.750000
100     -355662.843750
101     -359568.500000
102     -363485.187500
103     -367408.625000
104     -371340.500000
105     -375273.562500
106     -379220.375000
107     -383175.625000
108     -387129.562500
109     -391101.187500
110     -395071.562500
111     -399051.250000
112     -403044.250000
113     -407038.218750
114     -411041.562500
115     -415052.937500
116     -419070.906250
117     -423094.250000
118     -427126.687500
119     -431164.062500
120     -435208.250000
121     -439263.093750
122     -443319.906250
123     -447387.031250
124     -451457.187500
125     -455538.531250
126     -459619.250000
127     -463710.593750
128     -467811.312500
129     -471915.843750
130     -476026.281250
131     -480144.062500
132     -484265.093750
133     -488394.625000
134     -492529.281250
135     -496668.500000
136     -500812.500000
137     -504963.250000
138     -509124.500000
139     -513282.093750
140     -517453.312500
141     -521626.531250
142     -525802.375000
143     -529985.375000
144     -534174.000000
145     -538368.937500
146     -542567.375000
147     -546766.875000
148     -550976.500000
149     -555188.125000
150     -559407.062500
151     -563624.875000
152     -567851.625000
153     -572083.250000
154     -576313.750000
155     -580551.000000
156     -584790.125000
157     -589033.625000
158     -593284.062500
159     -597537.875000
160     -601790.312500
161     -606045.750000
162     -610308.250000
163     -614570.750000
164     -618836.250000
165     -623109.687500
166     -627380.750000
167     -631656.750000
168     -635935.250000
169     -640214.062500
170     -644493.187500
171     -648774.687500
172     -653065.562500
173     -657345.312500
174     -661640.000000
175     -665929.625000
176     -670219.000000
177     -674512.937500
178     -678807.000000
179     -683101.125000
180     -687400.062500
181     -691699.375000
182     -695999.187500
183     -700290.875000
184     -704590.000000
185     -708891.062500
186     -713183.812500
187     -717486.000000
188     -721782.750000
189     -726084.187500
190     -730384.000000
191     -734679.250000
192     -738979.250000
193     -743277.187500
194     -747568.250000
195     -751861.625000
196     -756156.812500
197     -760447.500000
198     -764741.750000
199     -769028.062500
200     -773315.000000
201     -777605.000000
202     -781889.000000
203     -786169.375000
204     -790452.687500
205     -794725.625000
206     -799005.125000
207     -803278.562500
208     -807547.000000
209     -811821.937500
210     -816084.750000
211     -820342.687500
212     -824598.125000
213     -828854.875000
214     -833109.750000
215     -837359.250000
216     -841602.500000
217     -845844.375000
218     -850086.875000
219     -854314.937500
220     -858546.562500
221     -862768.750000
222     -866992.875000
223     -871205.375000
224     -875424.062500
225     -879630.875000
226     -883831.000000
227     -888029.937500
228     -892219.625000
229     -896411.000000
230     -900590.875000
231     -904768.375000
232     -908948.375000
233     -913110.500000
234     -917271.500000
235     -921429.000000
236     -925583.187500
237     -929722.687500
238     -933859.812500
239     -937988.500000
240     -942117.750000
241     -946234.687500
242     -950348.500000
243     -954455.875000
244     -958552.750000
245     -962647.375000
246     -966732.000000
247     -970810.125000
248     -974883.437500
249     -978952.125000
250     -983008.750000
251     -987059.125000
252     -991101.625000
253     -995139.625000
254     -999175.312500
255     -1003193.875000
256     -1007205.687500
257     -1011210.562500
258     -1015210.625000
259     -1019200.125000
260     -1023180.250000
261     -1027159.750000
262     -1031121.875000
263     -1035081.375000
264     -1039025.937500
265     -1042963.000000
266     -1046900.750000
267     -1050824.250000
268     -1054733.875000
269     -1058638.000000
270     -1062538.250000
271     -1066424.625000
272     -1070306.875000
273     -1074177.000000
274     -1078035.500000
275     -1081887.750000
276     -1085723.500000
277     -1089559.125000
278     -1093383.125000
279     -1097192.000000
280     -1100996.500000
281     -1104791.000000
282     -1108580.625000
283     -1112353.625000
284     -1116123.875000
285     -1119874.000000
286     -1123619.625000
287     -1127353.625000
288     -1131081.625000
289     -1134793.500000
290     -1138495.000000
291     -1142189.500000
292     -1145872.125000
293     -1149552.000000
294     -1153211.875000
295     -1156866.250000
296     -1160506.750000
297     -1164139.500000
298     -1167764.625000
299     -1171366.500000
300     -1174973.375000
301     -1178554.750000
302     -1182130.750000
303     -1185699.750000
304     -1189254.000000
305     -1192806.750000
306     -1196336.000000
307     -1199866.000000
308     -1203371.500000
309     -1206878.750000
310     -1210365.125000
311     -1213846.375000
312     -1217313.625000
313     -1220770.375000
314     -1224215.375000
315     -1227648.750000
316     -1231069.000000
317     -1234481.750000
318     -1237872.125000
319     -1241265.250000
320     -1244639.250000
321     -1248001.250000
322     -1251354.250000
323     -1254692.375000
324     -1258021.250000
325     -1261331.250000
326     -1264642.375000
327     -1267934.750000
328     -1271210.750000
329     -1274483.750000
330     -1277737.375000
331     -1280974.375000
332     -1284210.250000
333     -1287428.625000
334     -1290640.750000
335     -1293827.500000
336     -1297013.500000
337     -1300193.875000
338     -1303346.875000
339     -1306493.000000
340     -1309627.000000
341     -1312752.750000
342     -1315867.750000
343     -1318960.625000
344     -1322042.000000
345     -1325123.125000
346     -1328183.750000
347     -1331228.500000
348     -1334264.500000
349     -1337284.500000
350     -1340299.250000
351     -1343298.375000
352     -1346291.875000
353     -1349255.500000
354     -1352221.625000
355     -1355168.750000
356     -1358098.750000
357     -1361025.000000
358     -1363936.750000
359     -1366837.500000
360     -1369725.750000
361     -1372592.125000
362     -1375450.750000
363     -1378302.250000
364     -1381138.750000
365     -1383953.000000
366     -1386764.125000
367     -1389553.250000
368     -1392336.000000
369     -1395105.250000
370     -1397866.000000
371     -1400607.750000
372     -1403339.375000
373     -1406054.875000
374     -1408761.625000
375     -1411458.500000
376     -1414128.000000
377     -1416794.625000
378     -1419452.250000
379     -1422096.250000
380     -1424722.500000
381     -1427339.625000
382     -1429935.375000
383     -1432522.000000
384     -1435103.250000
385     -1437660.750000
386     -1440213.750000
387     -1442754.750000
388     -1445284.250000
389     -1447797.500000
390     -1450299.000000
391     -1452784.000000
392     -1455256.750000
393     -1457718.125000
394     -1460168.500000
395     -1462604.000000
396     -1465025.375000
397     -1467434.750000
398     -1469832.000000
399     -1472219.500000
400     -1474592.625000
401     -1476951.375000
402     -1479295.625000
403     -1481632.750000
404     -1483956.625000
405     -1486262.875000
406     -1488559.000000
407     -1490847.125000
408     -1493123.750000
409     -1495381.000000
410     -1497632.625000
411     -1499873.625000
412     -1502090.750000
413     -1504308.000000
414     -1506502.625000
415     -1508700.500000
416     -1510878.250000
417     -1513034.750000
418     -1515189.250000
419     -1517329.625000
420     -1519458.750000
421     -1521566.250000
422     -1523666.375000
423     -1525756.375000
424     -1527833.750000
425     -1529895.875000
426     -1531943.250000
427     -1533978.500000
428     -1536010.125000
429     -1538017.125000
430     -1540017.375000
431     -1542009.000000
432     -1543982.500000
433     -1545944.125000
434     -1547900.750000
435     -1549845.250000
436     -1551772.750000
437     -1553687.375000
438     -1555593.750000
439     -1557490.000000
440     -1559366.750000
441     -1561232.000000
442     -1563095.000000
443     -1564937.250000
444     -1566774.250000
445     -1568594.250000
446     -1570404.000000
447     -1572203.000000
448     -1573987.750000
449     -1575772.500000
450     -1577532.625000
451     -1579276.375000
452     -1581023.875000
453     -1582757.375000
454     -1584470.125000
455     -1586177.125000
456     -1587869.875000
457     -1589549.250000
458     -1591222.000000
459     -1592880.625000
460     -1594528.500000
461     -1596166.500000
462     -1597789.500000
463     -1599402.750000
464     -1601012.500000
465     -1602607.500000
466     -1604191.000000
467     -1605761.625000
468     -1607322.000000
469     -1608880.375000
470     -1610417.000000
471     -1611943.375000
472     -1613465.000000
473     -1614973.625000
474     -1616470.250000
475     -1617961.500000
476     -1619436.750000
477     -1620901.500000
478     -1622355.625000
479     -1623795.750000
480     -1625230.500000
481     -1626660.500000
482     -1628071.250000
483     -1629475.375000
484     -1630873.750000
485     -1632259.375000
486     -1633630.125000
487     -1634989.500000
488     -1636350.000000
489     -1637694.500000
490     -1639024.250000
491     -1640349.625000
492     -1641663.000000
493     -1642965.250000
494     -1644261.375000
495     -1645547.000000
496     -1646815.250000
497     -1648080.875000
498     -1649339.250000
499     -1650590.375000
500     -1651829.625000
501     -1653052.625000
502     -1654274.750000
503     -1655484.750000
504     -1656685.125000
505     -1657876.500000
506     -1659058.250000
507     -1660230.000000
508     -1661393.625000
509     -1662556.250000
510     -1663694.500000
511     -1664829.375000
512     -1665956.125000
513     -1667081.500000
514     -1668191.500000
515     -1669294.250000
516     -1670389.375000
517     -1671473.125000
518     -1672546.375000
519     -1673622.000000
520     -1674678.500000
521     -1675727.750000
522     -1676771.875000
523     -1677803.250000
524     -1678836.250000
525     -1679846.750000
526     -1680856.125000
527     -1681853.500000
528     -1682846.750000
529     -1683833.000000
530     -1684805.875000
531     -1685773.000000
532     -1686732.375000
533     -1687683.125000
534     -1688625.000000
535     -1689560.125000
536     -1690488.750000
537     -1691412.750000
538     -1692328.500000
539     -1693237.625000
540     -1694132.500000
541     -1695028.125000
542     -1695911.375000
543     -1696786.250000
544     -1697660.125000
545     -1698524.750000
546     -1699378.750000
547     -1700227.750000
548     -1701067.375000
549     -1701899.500000
550     -1702728.250000
551     -1703553.750000
552     -1704367.000000
553     -1705173.250000
554     -1705974.625000
555     -1706771.750000
556     -1707557.000000
557     -1708339.000000
558     -1709119.000000
559     -1709889.375000
560     -1710651.500000
561     -1711410.750000
562     -1712155.500000
563     -1712903.000000
564     -1713639.500000
565     -1714374.250000
566     -1715095.500000
567     -1715814.625000
568     -1716528.000000
569     -1717230.000000
570     -1717933.750000
571     -1718627.250000
572     -1719316.250000
573     -1719994.500000
574     -1720673.125000
575     -1721342.125000
576     -1722003.000000
577     -1722660.125000
578     -1723313.250000
579     -1723957.500000
580     -1724594.750000
581     -1725229.250000
582     -1725853.500000
583     -1726471.250000
584     -1727083.250000
585     -1727691.500000
586     -1728294.000000
587     -1728887.875000
588     -1729480.250000
589     -1730066.750000
590     -1730646.375000
591     -1731220.125000
592     -1731790.875000
593     -1732353.750000
594     -1732913.375000
595     -1733465.250000
596     -1734012.125000
597     -1734555.375000
598     -1735095.500000
599     -1735628.500000
600     -1736157.500000
601     -1736678.625000
602     -1737196.250000
603     -1737713.000000
604     -1738219.750000
605     -1738723.500000
606     -1739222.000000
607     -1739720.000000
608     -1740209.250000
609     -1740693.250000
610     -1741174.500000
611     -1741653.750000
612     -1742124.125000
613     -1742594.250000
614     -1743053.250000
615     -1743513.250000
616     -1743964.250000
617     -1744417.000000
618     -1744860.500000
619     -1745300.000000
620     -1745739.625000
621     -1746172.250000
622     -1746599.125000
623     -1747026.000000
624     -1747445.875000
625     -1747860.750000
626     -1748275.500000
627     -1748685.250000
628     -1749087.250000
629     -1749489.250000
630     -1749885.625000
631     -1750278.375000
632     -1750668.000000
633     -1751052.250000
634     -1751434.250000
635     -1751814.250000
636     -1752190.250000
637     -1752561.750000
638     -1752930.625000
639     -1753294.500000
640     -1753656.125000
641     -1754016.750000
642     -1754370.750000
643     -1754725.250000
644     -1755075.250000
645     -1755421.000000
646     -1755765.250000
647     -1756106.500000
648     -1756443.500000
649     -1756779.750000
650     -1757109.500000
651     -1757438.625000
652     -1757763.000000
653     -1758087.125000
654     -1758405.000000
655     -1758723.000000
656     -1759037.500000
657     -1759346.750000
658     -1759658.500000
659     -1759962.500000
660     -1760267.375000
661     -1760567.875000
662     -1760866.500000
663     -1761162.875000
664     -1761455.625000
665     -1761746.000000
666     -1762034.250000
667     -1762322.625000
668     -1762605.500000
669     -1762888.750000
670     -1763167.250000
671     -1763443.125000
672     -1763719.250000
673     -1763989.000000
674     -1764258.000000
675     -1764527.500000
676     -1764791.250000
677     -1765055.500000
678     -1765314.000000
679     -1765572.750000
680     -1765827.250000
681     -1766082.875000
682     -1766335.625000
683     -1766583.625000
684     -1766834.000000
685     -1767079.000000
686     -1767324.750000
687     -1767567.875000
688     -1767806.625000
689     -1768048.000000
690     -1768281.875000
691     -1768517.375000
692     -1768750.375000
693     -1768981.375000
694     -1769211.125000
695     -1769439.250000
696     -1769665.000000
697     -1769890.375000
698     -1770113.500000
699     -1770335.125000
700     -1770552.875000
701     -1770771.125000
702     -1770985.500000
703     -1771201.125000
704     -1771415.125000
705     -1771625.250000
706     -1771836.750000
707     -1772044.250000
708     -1772252.250000
709     -1772456.250000
710     -1772660.125000
711     -1772860.875000
712     -1773063.125000
713     -1773259.500000
714     -1773458.500000
715     -1773654.375000
716     -1773848.000000
717     -1774042.125000
718     -1774234.750000
719     -1774425.125000
720     -1774613.000000
721     -1774800.000000
722     -1774986.625000
723     -1775171.750000
724     -1775354.500000
725     -1775536.375000
726     -1775719.500000
727     -1775898.250000
728     -1776077.750000
729     -1776255.500000
730     -1776431.250000
731     -1776605.000000
732     -1776780.750000
733     -1776953.250000
734     -1777124.750000
735     -1777295.000000
736     -1777463.625000
737     -1777632.500000
738     -1777797.000000
739     -1777964.000000
740     -1778128.000000
741     -1778292.375000
742     -1778453.250000
743     -1778615.875000
744     -1778776.000000
745     -1778936.125000
746     -1779094.000000
747     -1779251.750000
748     -1779409.750000
749     -1779564.125000
750     -1779718.625000
751     -1779872.250000
752     -1780026.750000
753     -1780178.125000
754     -1780328.750000
755     -1780478.750000
756     -1780627.625000
757     -1780774.375000
758     -1780921.250000
759     -1781066.750000
760     -1781212.250000
761     -1781357.875000
762     -1781501.000000
763     -1781644.750000
764     -1781785.500000
765     -1781926.125000
766     -1782066.375000
767     -1782205.000000
768     -1782342.250000
769     -1782479.750000
770     -1782617.625000
771     -1782752.500000
772     -1782888.750000
773     -1783020.500000
774     -1783155.125000
775     -1783287.750000
776     -1783420.375000
777     -1783551.250000
778     -1783681.000000
779     -1783811.000000
780     -1783938.750000
781     -1784067.750000
782     -1784195.000000
783     -1784321.250000
784     -1784446.500000
785     -1784571.750000
786     -1784693.000000
787     -1784818.375000
788     -1784939.750000
789     -1785062.000000
790     -1785182.250000
791     -1785302.250000
792     -1785421.250000
793     -1785540.875000
794     -1785658.375000
795     -1785774.125000
796     -1785893.000000
797     -1786009.000000
798     -1786123.875000
799     -1786239.250000
800     -1786352.000000
801     -1786465.500000
802     -1786578.000000
803     -1786688.875000
804     -1786800.000000
805     -1786910.500000
806     -1787020.250000
807     -1787130.000000
808     -1787237.500000
809     -1787346.875000
810     -1787453.875000
811     -1787560.375000
812     -1787667.375000
813     -1787772.750000
814     -1787878.000000
815     -1787982.250000
816     -1788086.750000
817     -1788190.000000
818     -1788294.000000
819     -1788395.750000
820     -1788497.000000
821     -1788598.250000
822     -1788698.750000
823     -1788800.000000
824     -1788898.250000
825     -1788997.250000
826     -1789097.250000
827     -1789195.375000
828     -1789292.375000
829     -1789389.875000
830     -1789485.250000
831     -1789581.625000
832     -1789677.500000
833     -1789772.000000
834     -1789866.500000
835     -1789960.625000
836     -1790054.000000
837     -1790146.625000
838     -1790239.875000
839     -1790331.250000
840     -1790423.625000
841     -1790515.625000
842     -1790604.750000
843     -1790694.500000
844     -1790785.500000
845     -1790874.750000
846     -1790963.250000
847     -1791052.375000
848     -1791139.750000
849     -1791226.750000
850     -1791314.000000
851     -1791400.250000
852     -1791486.000000
853     -1791571.875000
854     -1791657.000000
855     -1791740.500000
856     -1791825.875000
857     -1791909.750000
858     -1791993.500000
859     -1792076.250000
860     -1792160.250000
861     -1792243.000000
862     -1792325.500000
863     -1792406.250000
864     -1792487.500000
865     -1792569.125000
866     -1792649.500000
867     -1792730.750000
868     -1792809.500000
869     -1792889.875000
870     -1792970.250000
871     -1793047.750000
872     -1793126.750000
873     -1793204.250000
874     -1793282.000000
875     -1793359.500000
876     -1793436.750000
877     -1793513.500000
878     -1793589.875000
879     -1793665.750000
880     -1793740.375000
881     -1793816.250000
882     -1793891.750000
883     -1793966.750000
884     -1794040.750000
885     -1794113.750000
886     -1794186.750000
887     -1794260.625000
888     -1794334.000000
889     -1794406.000000
890     -1794478.000000
891     -1794550.625000
892     -1794621.500000
893     -1794692.250000
894     -1794764.000000
895     -1794833.125000
896     -1794905.125000
897     -1794974.125000
898     -1795043.750000
899     -1795112.250000
900     -1795181.500000
901     -1795249.750000
902     -1795317.500000
903     -1795386.750000
904     -1795454.000000
905     -1795521.000000
906     -1795588.000000
907     -1795654.750000
908     -1795721.750000
909     -1795787.125000
910     -1795853.750000
911     -1795920.125000
912     -1795984.125000
913     -1796050.500000
914     -1796114.750000
915     -1796179.000000
916     -1796243.625000
917     -1796308.250000
918     -1796373.250000
919     -1796435.750000
920     -1796499.500000
921     -1796563.000000
922     -1796626.750000
923     -1796688.875000
924     -1796751.000000
925     -1796814.125000
926     -1796875.750000
927     -1796938.625000
928     -1796999.250000
929     -1797060.750000
930     -1797121.500000
931     -1797183.000000
932     -1797243.250000
933     -1797304.000000
934     -1797364.375000
935     -1797424.500000
936     -1797484.875000
937     -1797544.250000
938     -1797604.250000
939     -1797664.250000
940     -1797722.250000
941     -1797780.875000
942     -1797840.000000
943     -1797899.000000
944     -1797957.375000
945     -1798015.500000
946     -1798073.125000
947     -1798130.250000
948     -1798188.875000
949     -1798246.375000
950     -1798302.750000
951     -1798360.000000
952     -1798416.875000
953     -1798473.375000
954     -1798529.625000
955     -1798585.875000
956     -1798642.000000
957     -1798696.875000
958     -1798754.125000
959     -1798808.500000
960     -1798864.375000
961     -1798919.250000
962     -1798973.625000
963     -1799028.500000
964     -1799082.750000
965     -1799136.625000
966     -1799191.500000
967     -1799245.250000
968     -1799298.250000
969     -1799352.250000
970     -1799406.000000
971     -1799459.500000
972     -1799512.000000
973     -1799564.750000
974     -1799617.250000
975     -1799669.750000
976     -1799722.500000
977     -1799775.000000
978     -1799826.375000
979     -1799878.750000
980     -1799930.375000
981     -1799981.625000
982     -1800032.375000
983     -1800083.750000
984     -1800134.375000
985     -1800186.250000
986     -1800235.250000
987     -1800286.250000
988     -1800337.375000
989     -1800388.000000
990     -1800438.500000
991     -1800488.500000
992     -1800537.875000
993     -1800587.500000
994     -1800637.625000
995     -1800686.875000
996     -1800736.875000
997     -1800785.750000
998     -1800834.625000
999     -1800883.750000
1000    -1800933.375000
1001    -1800980.750000
1002    -1801029.250000
1003    -1801077.750000
1004    -1801125.500000
1005    -1801174.375000
1006    -1801221.500000
1007    -1801269.500000
1008    -1801317.250000
1009    -1801364.750000
1010    -1801411.875000
1011    -1801459.000000
1012    -1801505.000000
1013    -1801553.750000
1014    -1801599.500000
1015    -1801645.750000
1016    -1801692.750000
1017    -1801739.875000
1018    -1801784.250000
1019    -1801831.500000
1020    -1801877.500000
1021    -1801922.750000
1022    -1801968.750000
1023    -1802014.250000
1024    -1802059.750000
1025    -1802105.125000
1026    -1802149.750000
1027    -1802195.000000
1028    -1802240.250000
1029    -1802285.500000
1030    -1802329.125000
1031    -1802373.625000
1032    -1802418.375000
1033    -1802463.500000
1034    -1802507.000000
1035    -1802551.000000
1036    -1802594.750000
1037    -1802638.250000
1038    -1802682.375000
1039    -1802725.875000
1040    -1802769.000000
1041    -1802812.000000
1042    -1802855.500000
1043    -1802898.750000
1044    -1802942.125000
1045    -1802985.000000
1046    -1803027.750000
1047    -1803070.500000
1048    -1803113.500000
1049    -1803156.250000
1050    -1803198.000000
1051    -1803240.250000
1052    -1803282.500000
1053    -1803324.625000
1054    -1803365.250000
1055    -1803407.375000
1056    -1803448.500000
1057    -1803491.000000
1058    -1803532.250000
1059    -1803573.500000
1060    -1803614.500000
1061    -1803655.500000
1062    -1803697.000000
1063    -1803737.500000
1064    -1803778.000000
1065    -1803818.500000
1066    -1803857.500000
1067    -1803898.875000
1068    -1803938.625000
1069    -1803979.000000
1070    -1804018.000000
1071    -1804058.625000
1072    -1804097.750000
1073    -1804137.625000
1074    -1804177.125000
1075    -1804216.250000
1076    -1804255.500000
1077    -1804294.000000
1078    -1804332.375000
1079    -1804371.500000
1080    -1804410.250000
1081    -1804449.250000
1082    -1804487.250000
1083    -1804525.000000
1084    -1804563.500000
1085    -1804601.500000
1086    -1804638.500000
1087    -1804676.750000
1088    -1804715.250000
1089    -1804752.250000
1090    -1804789.250000
1091    -1804826.500000
1092    -1804863.750000
1093    -1804900.500000
1094    -1804937.500000
1095    -1804974.625000
1096    -1805010.625000
1097    -1805047.500000
1098    -1805085.000000
1099    -1805121.250000
1100    -1805157.625000
1101    -1805194.000000
1102    -1805230.375000
1103    -1805266.750000
1104    -1805302.250000
1105    -1805338.500000
1106    -1805373.875000
1107    -1805409.250000
1108    -1805444.875000
1109    -1805480.500000
1110    -1805516.375000
1111    -1805552.250000
1112    -1805586.750000
1113    -1805621.750000
1114    -1805657.375000
1115    -1805692.250000
1116    -1805726.625000
1117    -1805762.000000
1118    -1805796.750000
1119    -1805831.250000
1120    -1805864.750000
1121    -1805900.125000
1122    -1805933.750000
1123    -1805968.125000
1124    -1806002.000000
1125    -1806035.750000
1126    -1806070.000000
1127    -1806103.250000
1128    -1806137.250000
1129    -1806170.500000
1130    -1806204.000000
1131    -1806237.250000
1132    -1806270.625000
1133    -1806303.625000
1134    -1806336.500000
1135    -1806370.250000
1136    -1806402.625000
1137    -1806435.500000
1138    -1806467.750000
1139    -1806500.750000
1140    -1806532.500000
1141    -1806565.500000
1142    -1806597.250000
1143    -1806630.000000
1144    -1806662.000000
1145    -1806693.750000
1146    -1806726.500000
1147    -1806758.125000
1148    -1806789.500000
1149    -1806821.875000
1150    -1806854.250000
1151    -1806885.000000
1152    -1806916.250000
1153    -1806948.000000
1154    -1806979.625000
1155    -1807010.750000
1156    -1807042.000000
1157    -1807073.250000
1158    -1807103.875000
1159    -1807134.375000
1160    -1807165.125000
1161    -1807195.750000
1162    -1807226.500000
1163    -1807257.750000
1164    -1807287.750000
1165    -1807318.375000
1166    -1807348.625000
1167    -1807378.750000
1168    -1807408.500000
1169    -1807438.750000
1170    -1807469.000000
1171    -1807499.000000
1172    -1807528.750000
1173    -1807558.000000
1174    -1807588.250000
1175    -1807618.625000
1176    -1807648.000000
1177    -1807676.875000
1178    -1807707.000000
1179    -1807736.875000
1180    -1807766.875000
1181    -1807795.750000
1182    -1807825.000000
1183    -1807854.000000
1184    -1807883.125000
1185    -1807911.750000
1186    -1807941.000000
1187    -1807969.000000
1188    -1807998.375000
1189    -1808027.375000
1190    -1808055.250000
1191    -1808084.750000
1192    -1808112.750000
1193    -1808141.250000
1194    -1808169.375000
1195    -1808197.750000
1196    -1808225.250000
1197    -1808253.875000
1198    -1808281.625000
1199    -1808309.750000
1200    -1808337.125000
1201    -1808365.500000
1202    -1808393.500000
1203    -1808420.500000
1204    -1808448.500000
1205    -1808476.125000
1206    -1808503.250000
1207    -1808531.500000
1208    -1808558.125000
1209    -1808586.250000
1210    -1808613.250000
1211    -1808640.500000
1212    -1808668.000000
1213    -1808694.750000
1214    -1808721.250000
1215    -1808748.750000
1216    -1808775.125000
1217    -1808803.125000
1218    -1808829.125000
1219    -1808855.750000
1220    -1808882.250000
1221    -1808908.500000
1222    -1808935.500000
1223    -1808961.625000
1224    -1808988.000000
1225    -1809014.000000
1226    -1809040.500000
1227    -1809066.625000
1228    -1809092.625000
1229    -1809118.625000
1230    -1809144.500000
1231    -1809170.000000
1232    -1809196.250000
1233    -1809222.250000
1234    -1809247.625000
1235    -1809273.250000
1236    -1809298.750000
1237    -1809325.125000
1238    -1809350.750000
1239    -1809375.875000
1240    -1809401.625000
1241    -1809427.500000
1242    -1809452.750000
1243    -1809478.000000
1244    -1809503.125000
1245    -1809528.125000
1246    -1809553.000000
1247    -1809578.250000
1248    -1809603.750000
1249    -1809628.000000
1250    -1809653.375000
1251    -1809678.375000
1252    -1809702.750000
1253    -1809726.500000
1254    -1809751.750000
1255    -1809776.500000
1256    -1809801.000000
1257    -1809825.000000
1258    -1809849.500000
1259    -1809873.625000
1260    -1809898.000000
1261    -1809922.625000
1262    -1809946.500000
1263    -1809970.000000
1264    -1809994.875000
1265    -1810018.750000
1266    -1810042.625000
1267    -1810066.750000
1268    -1810091.375000
1269    -1810115.125000
1270    -1810138.500000
1271    -1810162.750000
1272    -1810186.000000
1273    -1810209.250000
1274    -1810234.000000
1275    -1810256.750000
1276    -1810280.000000
1277    -1810304.000000
1278    -1810327.875000
1279    -1810350.750000
1280    -1810375.000000
1281    -1810397.500000
1282    -1810420.750000
1283    -1810444.250000
1284    -1810467.375000
1285    -1810490.375000
1286    -1810514.375000
1287    -1810537.000000
1288    -1810559.500000
1289    -1810583.250000
1290    -1810606.250000
1291    -1810628.500000
1292    -1810651.625000
1293    -1810674.125000
1294    -1810697.625000
1295    -1810720.000000
1296    -1810742.000000
1297    -1810765.625000
1298    -1810788.000000
1299    -1810810.375000
1300    -1810833.250000
1301    -1810856.000000
1302    -1810878.125000
1303    -1810900.625000
1304    -1810922.500000
1305    -1810945.625000
1306    -1810967.500000
1307    -1810989.500000
1308    -1811011.750000
1309    -1811034.125000
1310    -1811056.375000
1311    -1811078.000000
1312    -1811100.250000
1313    -1811122.625000
1314    -1811144.125000
1315    -1811165.500000
1316    -1811187.750000
1317    -1811209.750000
1318    -1811231.500000
1319    -1811253.000000
1320    -1811275.000000
1321    -1811296.250000
1322    -1811317.625000
1323    -1811339.500000
1324    -1811361.500000
1325    -1811382.375000
1326    -1811404.000000
1327    -1811425.500000
1328    -1811447.000000
1329    -1811468.250000
1330    -1811489.500000
1331    -1811511.250000
1332    -1811532.000000
1333    -1811553.250000
1334    -1811574.500000
1335    -1811595.250000
1336    -1811616.250000
1337    -1811638.250000
1338    -1811658.375000
1339    -1811679.250000
1340    -1811700.125000
1341    -1811721.000000
1342    -1811741.875000
1343    -1811762.625000
1344    -1811783.625000
1345    -1811803.750000
1346    -1811824.250000
1347    -1811844.750000
1348    -1811865.250000
1349    -1811885.750000
1350    -1811905.250000
1351    -1811926.250000
1352    -1811946.250000
1353    -1811966.750000
1354    -1811987.250000
1355    -1812007.625000
1356    -1812027.250000
1357    -1812048.250000
1358    -1812067.750000
1359    -1812087.500000
1360    -1812108.000000
1361    -1812127.500000
1362    -1812148.000000
1363    -1812167.625000
1364    -1812187.875000
1365    -1812208.000000
1366    -1812226.875000
1367    -1812247.000000
1368    -1812266.875000
1369    -1812286.250000
1370    -1812306.500000
1371    -1812326.000000
1372    -1812346.000000
1373    -1812365.250000
1374    -1812385.000000
1375    -1812404.250000
1376    -1812423.750000
1377    -1812443.125000
1378    -1812462.750000
1379    -1812482.750000
1380    -1812501.750000
1381    -1812520.750000
1382    -1812540.000000
1383    -1812560.250000
1384    -1812579.250000
1385    -1812598.250000
1386    -1812617.500000
1387    -1812637.250000
1388    -1812655.875000
1389    -1812675.250000
1390    -1812693.750000
1391    -1812713.000000
1392    -1812732.750000
1393    -1812751.000000
1394    -1812770.000000
1395    -1812789.500000
1396    -1812808.875000
1397    -1812827.500000
1398    -1812846.250000
1399    -1812865.000000
1400    -1812884.250000
1401    -1812902.250000
1402    -1812921.625000
1403    -1812940.250000
1404    -1812959.000000
1405    -1812977.500000
1406    -1812996.375000
1407    -1813014.875000
1408    -1813033.125000
1409    -1813052.500000
1410    -1813070.375000
1411    -1813088.875000
1412    -1813107.500000
1413    -1813125.500000
1414    -1813144.875000
1415    -1813162.750000
1416    -1813181.000000
1417    -1813199.000000
1418    -1813216.875000
1419    -1813235.500000
1420    -1813254.000000
1421    -1813272.250000
1422    -1813289.625000
1423    -1813308.500000
1424    -1813326.500000
1425    -1813344.375000
1426    -1813363.250000
1427    -1813380.625000
1428    -1813398.875000
1429    -1813416.500000
1430    -1813434.750000
1431    -1813453.000000
1432    -1813470.750000
1433    -1813487.750000
1434    -1813505.500000
1435    -1813523.250000
1436    -1813540.875000
1437    -1813559.500000
1438    -1813576.875000
1439    -1813594.000000
1440    -1813612.000000
1441    -1813628.750000
1442    -1813646.625000
1443    -1813664.750000
1444    -1813681.875000
1445    -1813698.000000
1446    -1813717.000000
1447    -1813733.375000
1448    -1813751.000000
1449    -1813768.375000
1450    -1813784.875000
1451    -1813802.625000
1452    -1813819.500000
1453    -1813837.250000
1454    -1813854.000000
1455    -1813871.750000
1456    -1813888.500000
1457    -1813905.500000
1458    -1813922.000000
1459    -1813939.625000
1460    -1813956.625000
1461    -1813973.125000
1462    -1813990.500000
1463    -1814007.500000
1464    -1814024.250000
1465    -1814041.000000
1466    -1814057.500000
1467    -1814074.750000
1468    -1814090.750000
1469    -1814107.750000
1470    -1814124.750000
1471    -1814141.500000
1472    -1814157.750000
1473    -1814175.500000
1474    -1814191.500000
1475    -1814208.125000
1476    -1814225.000000
1477    -1814241.125000
1478    -1814258.250000
1479    -1814274.625000
1480    -1814291.250000
1481    -1814308.000000
1482    -1814324.750000
1483    -1814340.750000
1484    -1814356.750000
1485    -1814373.625000
1486    -1814389.750000
1487    -1814406.000000
1488    -1814422.250000
1489    -1814438.500000
1490    -1814454.125000
1491    -1814470.750000
1492    -1814487.500000
1493    -1814503.500000
1494    -1814518.875000
1495    -1814535.500000
1496    -1814551.500000
1497    -1814567.750000
1498    -1814583.500000
1499    -1814599.750000
1500    -1814615.625000
1501    -1814631.000000
1502    -1814647.500000
1503    -1814663.750000
1504    -1814679.625000
1505    -1814694.875000
1506    -1814710.875000
1507    -1814726.875000
1508    -1814742.625000
1509    -1814758.250000
1510    -1814774.125000
1511    -1814789.500000
1512    -1814805.000000
1513    -1814821.125000
1514    -1814836.000000
1515    -1814851.750000
1516    -1814867.875000
1517    -1814883.000000
1518    -1814898.875000
1519    -1814914.000000
1520    -1814929.750000
1521    -1814945.250000
1522    -1814959.875000
1523    -1814975.875000
1524    -1814990.500000
1525    -1815006.500000
1526    -1815021.000000
1527    -1815036.625000
1528    -1815052.000000
1529    -1815066.750000
1530    -1815081.750000
1531    -1815097.750000
1532    -1815112.500000
1533    -1815127.500000
1534    -1815142.625000
1535    -1815157.750000
1536    -1815172.125000
1537    -1815187.500000
1538    -1815202.625000
1539    -1815217.375000
1540    -1815233.125000
1541    -1815247.250000
1542    -1815262.250000
1543    -1815276.750000
1544    -1815291.875000
1545    -1815306.500000
1546    -1815321.750000
1547    -1815336.250000
1548    -1815351.375000
1549    -1815365.750000
1550    -1815380.500000
1551    -1815395.375000
1552    -1815409.875000
1553    -1815424.625000
1554    -1815438.500000
1555    -1815453.750000
1556    -1815468.000000
1557    -1815482.750000
1558    -1815497.375000
1559    -1815512.000000
1560    -1815526.250000
1561    -1815541.125000
1562    -1815555.250000
1563    -1815570.250000
1564    -1815584.500000
1565    -1815599.250000
1566    -1815613.250000
1567    -1815627.625000
1568    -1815641.875000
1569    -1815656.375000
1570    -1815670.500000
1571    -1815685.000000
1572    -1815700.000000
1573    -1815713.750000
1574    -1815728.125000
1575    -1815742.750000
1576    -1815757.000000
1577    -1815771.250000
1578    -1815785.500000
1579    -1815799.500000
1580    -1815813.500000
1581    -1815827.500000
1582    -1815842.000000
1583    -1815856.000000
1584    -1815870.250000
1585    -1815884.250000
1586    -1815898.000000
1587    -1815911.750000
1588    -1815926.500000
1589    -1815940.375000
1590    -1815953.875000
1591    -1815968.250000
1592    -1815982.375000
1593    -1815996.250000
1594    -1816010.000000
1595    -1816024.375000
1596    -1816038.125000
1597    -1816052.125000
1598    -1816065.500000
1599    -1816079.625000
1600    -1816093.500000
1601    -1816107.000000
1602    -1816121.250000
1603    -1816134.500000
1604    -1816148.500000
1605    -1816162.500000
1606    -1816176.250000
1607    -1816189.500000
1608    -1816203.500000
1609    -1816217.000000
1610    -1816230.625000
1611    -1816244.750000
1612    -1816258.000000
1613    -1816271.750000
1614    -1816285.250000
1615    -1816298.500000
1616    -1816312.500000
1617    -1816326.250000
1618    -1816339.750000
1619    -1816353.000000
1620    -1816366.375000
1621    -1816380.250000
1622    -1816393.250000
1623    -1816407.000000
1624    -1816420.375000
1625    -1816433.000000
1626    -1816446.875000
1627    -1816460.625000
1628    -1816473.500000
1629    -1816486.500000
1630    -1816500.500000
1631    -1816514.000000
1632    -1816527.250000
1633    -1816540.125000
1634    -1816553.750000
1635    -1816566.750000
1636    -1816579.875000
1637    -1816593.500000
1638    -1816606.500000
1639    -1816619.750000
1640    -1816633.250000
1641    -1816646.000000
1642    -1816659.000000
1643    -1816672.625000
1644    -1816685.750000
1645    -1816699.000000
1646    -1816712.000000
1647    -1816724.625000
1648    -1816738.375000
1649    -1816751.125000
1650    -1816763.625000
1651    -1816777.125000
1652    -1816790.000000
1653    -1816803.000000
1654    -1816815.625000
1655    -1816829.000000
1656    -1816841.875000
1657    -1816854.500000
1658    -1816867.125000
1659    -1816879.875000
1660    -1816892.750000
1661    -1816906.125000
1662    -1816918.625000
1663    -1816931.875000
1664    -1816944.000000
1665    -1816957.250000
1666    -1816969.750000
1667    -1816982.750000
1668    -1816995.625000
1669    -1817008.250000
1670    -1817020.500000
1671    -1817033.250000
1672    -1817045.875000
1673    -1817059.000000
1674    -1817070.875000
1675    -1817084.250000
1676    -1817096.500000
1677    -1817109.125000
1678    -1817121.250000
1679    -1817134.000000
1680    -1817146.625000
1681    -1817158.750000
1682    -1817171.125000
1683    -1817183.750000
1684    -1817196.125000
1685    -1817208.625000
1686    -1817220.750000
1687    -1817232.625000
1688    -1817245.375000
1689    -1817257.750000
1690    -1817270.500000
1691    -1817282.750000
1692    -1817294.500000
1693    -1817307.000000
1694    -1817319.250000
1695    -1817331.625000
1696    -1817344.250000
1697    -1817355.500000
1698    -1817368.250000
1699    -1817381.000000
1700    -1817392.500000
1701    -1817404.375000
1702    -1817416.750000
1703    -1817428.750000
1704    -1817440.750000
1705    -1817453.000000
1706    -1817465.125000
1707    -1817476.750000
1708    -1817489.500000
1709    -1817501.500000
1710    -1817514.000000
1711    -1817525.375000
1712    -1817537.500000
1713    -1817549.750000
1714    -1817561.250000
1715    -1817573.000000
1716    -1817585.375000
1717    -1817597.625000
1718    -1817609.250000
1719    -1817621.125000
1720    -1817633.250000
1721    -1817645.000000
1722    -1817656.625000
1723    -1817668.500000
1724    -1817680.250000
1725    -1817691.875000
1726    -1817703.750000
1727    -1817715.750000
1728    -1817727.125000
1729    -1817738.875000
1730    -1817751.000000
1731    -1817762.875000
1732    -1817774.375000
1733    -1817786.250000
1734    -1817797.375000
1735    -1817809.500000
1736    -1817821.125000
1737    -1817832.250000
1738    -1817844.375000
1739    -1817856.125000
1740    -1817867.750000
1741    -1817879.750000
1742    -1817891.250000
1743    -1817902.500000
1744    -1817913.875000
1745    -1817925.250000
1746    -1817937.125000
1747    -1817948.375000
1748    -1817960.500000
1749    -1817971.750000
1750    -1817982.750000
1751    -1817994.125000
1752    -1818005.500000
1753    -1818017.000000
1754    -1818028.500000
1755    -1818040.125000
1756    -1818051.000000
1757    -1818062.250000
1758    -1818074.250000
1759    -1818085.250000
1760    -1818096.375000
1761    -1818107.875000
1762    -1818119.125000
1763    -1818130.000000
1764    -1818141.125000
1765    -1818152.500000
1766    -1818164.000000
1767    -1818174.750000
1768    -1818185.750000
1769    -1818196.875000
1770    -1818208.000000
1771    -1818218.625000
1772    -1818229.750000
1773    -1818240.875000
1774    -1818252.000000
1775    -1818262.500000
1776    -1818274.000000
1777    -1818284.625000
1778    -1818295.750000
1779    -1818306.375000
1780    -1818317.000000
1781    -1818327.875000
1782    -1818338.750000
1783    -1818349.125000
1784    -1818359.875000
1785    -1818371.250000
1786    -1818382.375000
1787    -1818392.875000
1788    -1818403.500000
1789    -1818414.000000
1790    -1818424.750000
1791    -1818435.250000
1792    -1818446.250000
1793    -1818456.875000
1794    -1818467.625000
1795    -1818478.500000
1796    -1818489.250000
1797    -1818499.250000
1798    -1818510.125000
1799    -1818520.500000
1800    -1818531.000000
1801    -1818542.000000
1802    -1818552.250000
1803    -1818562.750000
1804    -1818573.000000
1805    -1818583.625000
1806    -1818594.000000
1807    -1818604.750000
1808    -1818615.250000
1809    -1818625.750000
1810    -1818636.000000
1811    -1818646.000000
1812    -1818656.375000
1813    -1818666.875000
1814    -1818677.000000
1815    -1818686.875000
1816    -1818697.625000
1817    -1818708.000000
1818    -1818717.750000
1819    -1818728.125000
1820    -1818738.000000
1821    -1818748.125000
1822    -1818758.750000
1823    -1818768.000000
1824    -1818779.000000
1825    -1818788.500000
1826    -1818798.500000
1827    -1818809.250000
1828    -1818818.625000
1829    -1818829.000000
1830    -1818839.000000
1831    -1818849.125000
1832    -1818858.750000
1833    -1818868.375000
1834    -1818878.500000
1835    -1818888.125000
1836    -1818898.000000
1837    -1818907.750000
1838    -1818917.750000
1839    -1818927.500000
1840    -1818937.250000
1841    -1818947.250000
1842    -1818957.000000
1843    -1818966.250000
1844    -1818976.125000
1845    -1818986.000000
1846    -1818995.625000
1847    -1819005.000000
1848    -1819015.000000
1849    -1819024.000000
1850    -1819033.750000
1851    -1819043.625000
1852    -1819052.500000
1853    -1819061.750000
1854    -1819071.750000
1855    -1819081.125000
1856    -1819090.750000
1857    -1819099.750000
1858    -1819109.000000
1859    -1819118.625000
1860    -1819127.750000
1861    -1819137.250000
1862    -1819146.500000
1863    -1819155.500000
1864    -1819165.000000
1865    -1819174.500000
1866    -1819183.500000
1867    -1819192.875000
1868    -1819202.000000
1869    -1819211.125000
1870    -1819220.250000
1871    -1819229.500000
1872    -1819238.750000
1873    -1819247.750000
1874    -1819256.875000
1875    -1819265.750000
1876    -1819274.875000
1877    -1819284.250000
1878    -1819293.000000
1879    -1819302.000000
1880    -1819310.750000
1881    -1819320.125000
1882    -1819328.750000
1883    -1819338.125000
1884    -1819346.500000
1885    -1819355.375000
1886    -1819364.500000
1887    -1819373.125000
1888    -1819381.750000
1889    -1819390.750000
1890    -1819399.625000
1891    -1819408.500000
1892    -1819417.250000
1893    -1819425.875000
1894    -1819434.250000
1895    -1819443.250000
1896    -1819452.000000
1897    -1819460.750000
1898    -1819468.875000
1899    -1819477.625000
1900    -1819486.250000
1901    -1819495.500000
1902    -1819504.000000
1903    -1819512.000000
1904    -1819520.750000
1905    -1819529.500000
1906    -1819538.125000
1907    -1819546.250000
1908    -1819555.000000
1909    -1819563.375000
1910    -1819572.000000
1911    -1819580.000000
1912    -1819588.750000
1913    -1819597.000000
1914    -1819605.625000
1915    -1819613.750000
1916    -1819622.250000
1917    -1819630.500000
1918    -1819638.500000
1919    -1819647.000000
1920    -1819655.125000
1921    -1819663.000000
1922    -1819671.750000
1923    -1819679.875000
1924    -1819687.875000
1925    -1819696.000000
1926    -1819704.250000
1927    -1819712.000000
1928    -1819720.000000
1929    -1819728.875000
1930    -1819737.250000
1931    -1819744.625000
1932    -1819752.750000
1933    -1819761.000000
1934    -1819769.000000
1935    -1819777.250000
1936    -1819785.250000
1937    -1819793.250000
1938    -1819800.750000
1939    -1819808.500000
1940    -1819817.000000
1941    -1819824.750000
1942    -1819832.750000
1943    -1819840.250000
1944    -1819848.500000
1945    -1819856.750000
1946    -1819864.500000
1947    -1819872.000000
1948    -1819879.750000
1949    -1819887.500000
1950    -1819895.750000
1951    -1819903.250000
1952    -1819911.125000
1953    -1819919.000000
1954    -1819926.500000
1955    -1819934.500000
1956    -1819942.125000
1957    -1819949.875000
1958    -1819957.500000
1959    -1819965.250000
1960    -1819972.875000
1961    -1819980.625000
1962    -1819988.250000
1963    -1819996.125000
1964    -1820003.750000
1965    -1820011.250000
1966    -1820019.000000
1967    -1820026.375000
1968    -1820033.750000
1969    -1820041.500000
1970    -1820049.000000
1971    -1820056.500000
1972    -1820064.000000
1973    -1820072.125000
1974    -1820079.500000
1975    -1820086.750000
1976    -1820094.375000
1977    -1820101.750000
1978    -1820109.250000
1979    -1820116.750000
1980    -1820124.125000
1981    -1820131.500000
1982    -1820139.250000
1983    -1820146.250000
1984    -1820153.500000
1985    -1820161.250000
1986    -1820168.250000
1987    -1820176.250000
1988    -1820183.250000
1989    -1820191.125000
1990    -1820198.125000
1991    -1820205.750000
1992    -1820212.750000
1993    -1820220.375000
1994    -1820227.875000
1995    -1820234.750000
1996    -1820242.500000
1997    -1820249.500000
1998    -1820256.750000
1999    -1820264.250000
2000    -1820272.125000
2001    -1820279.250000
2002    -1820286.250000
2003    -1820293.500000
2004    -1820301.000000
2005    -1820308.125000
2006    -1820315.250000
2007    -1820322.250000
2008    -1820329.125000
2009    -1820337.250000
2010    -1820343.750000
2011    -1820351.125000
2012    -1820358.125000
2013    -1820365.375000
2014    -1820372.750000
2015    -1820380.250000
2016    -1820387.000000
2017    -1820394.125000
2018    -1820400.750000
2019    -1820408.375000
2020    -1820415.375000
2021    -1820422.750000
2022    -1820430.125000
2023    -1820437.000000
2024    -1820443.875000
2025    -1820451.250000
2026    -1820458.250000
2027    -1820465.375000
2028    -1820472.000000
2029    -1820479.250000
2030    -1820486.500000
2031    -1820493.500000
2032    -1820499.750000
2033    -1820507.500000
2034    -1820514.250000
2035    -1820521.625000
2036    -1820528.000000
2037    -1820535.000000
2038    -1820542.250000
2039    -1820549.125000
2040    -1820556.125000
2041    -1820563.000000
2042    -1820569.875000
2043    -1820576.625000
2044    -1820583.875000
2045    -1820590.875000
2046    -1820597.875000
2047    -1820604.750000
2048    -1820611.625000
2049    -1820618.500000
2050    -1820625.250000
2051    -1820632.500000
2052    -1820639.500000
2053    -1820646.000000
2054    -1820652.875000
2055    -1820660.125000
2056    -1820666.500000
2057    -1820673.875000
2058    -1820680.250000
2059    -1820687.500000
2060    -1820694.500000
2061    -1820701.375000
2062    -1820707.875000
2063    -1820715.125000
2064    -1820721.500000
2065    -1820728.500000
2066    -1820735.500000
2067    -1820742.125000
2068    -1820749.250000
2069    -1820756.000000
2070    -1820763.250000
2071    -1820770.250000
2072    -1820776.875000
2073    -1820783.875000
2074    -1820790.500000
2075    -1820797.375000
2076    -1820804.375000
2077    -1820810.875000
2078    -1820817.750000
2079    -1820824.375000
2080    -1820831.250000
2081    -1820838.500000
2082    -1820844.625000
2083    -1820851.500000
2084    -1820858.500000
2085    -1820865.375000
2086    -1820872.125000
2087    -1820878.625000
2088    -1820885.750000
2089    -1820892.375000
2090    -1820899.125000
2091    -1820905.500000
2092    -1820912.250000
2093    -1820918.750000
2094    -1820926.000000
2095    -1820932.375000
2096    -1820939.000000
2097    -1820945.500000
2098    -1820952.375000
2099    -1820959.125000
2100    -1820965.750000
2101    -1820972.500000
2102    -1820979.000000
2103    -1820985.500000
2104    -1820991.875000
2105    -1820998.500000
2106    -1821005.000000
2107    -1821011.500000
2108    -1821018.000000
2109    -1821024.750000
2110    -1821031.250000
2111    -1821037.875000
2112    -1821044.375000
2113    -1821050.875000
2114    -1821057.125000
2115    -1821063.750000
2116    -1821070.250000
2117    -1821077.000000
2118    -1821083.500000
2119    -1821089.500000
2120    -1821096.500000
2121    -1821103.250000
2122    -1821109.750000
2123    -1821116.375000
2124    -1821123.000000
2125    -1821129.375000
2126    -1821135.875000
2127    -1821142.250000
2128    -1821149.250000
2129    -1821155.250000
2130    -1821162.250000
2131    -1821168.750000
2132    -1821175.625000
2133    -1821181.750000
2134    -1821188.750000
2135    -1821194.750000
2136    -1821201.500000
2137    -1821207.875000
2138    -1821214.750000
2139    -1821221.500000
2140    -1821227.875000
2141    -1821234.375000
2142    -1821240.750000
2143    -1821247.500000
2144    -1821253.750000
2145    -1821260.500000
2146    -1821267.000000
2147    -1821273.625000
2148    -1821280.000000
2149    -1821286.625000
2150    -1821293.375000
2151    -1821299.750000
2152    -1821306.000000
2153    -1821312.875000
2154    -1821319.625000
2155    -1821326.375000
2156    -1821333.000000
2157    -1821339.750000
2158    -1821346.000000
2159    -1821352.750000
2160    -1821359.000000
2161    -1821366.125000
2162    -1821372.250000
2163    -1821378.750000
2164    -1821385.625000
2165    -1821392.000000
2166    -1821398.375000
2167    -1821405.250000
2168    -1821411.750000
2169    -1821418.250000
2170    -1821424.875000
2171    -1821431.375000
2172    -1821438.000000
2173    -1821444.500000
2174    -1821450.750000
2175    -1821457.500000
2176    -1821463.875000
2177    -1821470.500000
2178    -1821477.125000
2179    -1821483.250000
2180    -1821490.000000
2181    -1821496.500000
2182    -1821503.375000
2183    -1821509.875000
2184    -1821516.250000
2185    -1821522.750000
2186    -1821528.500000
2187    -1821535.375000
2188    -1821542.250000
2189    -1821548.750000
2190    -1821554.875000
2191    -1821561.625000
2192    -1821568.250000
2193    -1821574.125000
2194    -1821581.000000
2195    -1821587.750000
2196    -1821594.125000
2197    -1821600.375000
2198    -1821606.625000
2199    -1821613.250000
2200    -1821619.500000
2201    -1821626.250000
2202    -1821632.625000
2203    -1821639.500000
2204    -1821646.000000
2205    -1821652.125000
2206    -1821658.250000
2207    -1821664.875000
2208    -1821671.375000
2209    -1821677.750000
2210    -1821684.250000
2211    -1821690.500000
2212    -1821696.625000
2213    -1821703.000000
2214    -1821709.500000
2215    -1821715.750000
2216    -1821722.500000
2217    -1821728.750000
2218    -1821735.250000
2219    -1821741.625000
2220    -1821747.500000
2221    -1821754.125000
2222    -1821760.375000
2223    -1821767.125000
2224    -1821773.000000
2225    -1821780.000000
2226    -1821786.000000
2227    -1821792.250000
2228    -1821798.750000
2229    -1821804.750000
2230    -1821811.000000
2231    -1821817.500000
2232    -1821823.750000
2233    -1821830.500000
2234    -1821836.500000
2235    -1821843.250000
2236    -1821849.750000
2237    -1821855.750000
2238    -1821862.000000
2239    -1821868.125000
2240    -1821874.750000
2241    -1821880.750000
2242    -1821887.250000
2243    -1821893.750000
2244    -1821900.000000
2245    -1821906.500000
2246    -1821912.500000
2247    -1821918.875000
2248    -1821925.500000
2249    -1821931.500000
2250    -1821937.750000
2251    -1821944.375000
2252    -1821950.500000
2253    -1821957.000000
2254    -1821963.375000
2255    -1821969.375000
2256    -1821976.125000
2257    -1821982.000000
2258    -1821988.125000
2259    -1821994.500000
2260    -1822000.500000
2261    -1822007.250000
2262    -1822013.250000
2263    -1822019.750000
2264    -1822026.000000
2265    -1822032.250000
2266    -1822038.500000
2267    -1822044.750000
2268    -1822050.750000
2269    -1822057.250000
2270    -1822063.750000
2271    -1822069.750000
2272    -1822076.500000
2273    -1822082.500000
2274    -1822088.500000
2275    -1822094.875000
2276    -1822100.750000
2277    -1822107.250000
2278    -1822113.750000
2279    -1822120.125000
2280    -1822126.250000
2281    -1822132.250000
2282    -1822138.250000
2283    -1822144.750000
2284    -1822150.750000
2285    -1822157.250000
2286    -1822163.000000
2287    -1822169.500000
2288    -1822176.000000
2289    -1822181.625000
2290    -1822187.625000
2291    -1822194.000000
2292    -1822200.375000
2293    -1822206.250000
2294    -1822212.250000
2295    -1822218.500000
2296    -1822224.500000
2297    -1822230.875000
2298    -1822236.875000
2299    -1822243.250000
2300    -1822249.250000
2301    -1822255.500000
2302    -1822261.750000
2303    -1822267.750000
2304    -1822273.750000
2305    -1822279.750000
2306    -1822285.875000
2307    -1822292.375000
2308    -1822298.000000
2309    -1822304.500000
2310    -1822310.500000
2311    -1822316.250000
2312    -1822322.750000
2313    -1822329.250000
2314    -1822334.875000
2315    -1822341.250000
2316    -1822347.000000
2317    -1822353.500000
2318    -1822359.250000
2319    -1822365.625000
2320    -1822371.875000
2321    -1822378.000000
2322    -1822384.000000
2323    -1822389.875000
2324    -1822395.750000
2325    -1822401.875000
2326    -1822408.250000
2327    -1822414.125000
2328    -1822420.500000
2329    -1822425.875000
2330    -1822432.375000
2331    -1822438.375000
2332    -1822444.500000
2333    -1822450.250000
2334    -1822456.500000
2335    -1822462.500000
2336    -1822468.375000
2337    -1822474.375000
2338    -1822480.750000
2339    -1822486.625000
2340    -1822492.750000
2341    -1822498.500000
2342    -1822504.750000
2343    -1822510.500000
2344    -1822516.750000
2345    -1822523.000000
2346    -1822528.500000
2347    -1822534.750000
2348    -1822540.750000
2349    -1822546.750000
2350    -1822552.500000
2351    -1822558.375000
2352    -1822564.625000
2353    -1822570.750000
2354    -1822576.500000
2355    -1822582.500000
2356    -1822588.250000
2357    -1822594.875000
2358    -1822600.500000
2359    -1822606.625000
2360    -1822612.500000
2361    -1822618.750000
2362    -1822625.000000
2363    -1822631.000000
2364    -1822636.750000
2365    -1822642.500000
2366    -1822648.750000
2367    -1822654.750000
2368    -1822660.750000
2369    -1822666.875000
2370    -1822673.125000
2371    -1822679.250000
2372    -1822685.250000
2373    -1822691.250000
2374    -1822697.375000
2375    -1822703.625000
2376    -1822709.250000
2377    -1822715.250000
2378    -1822721.500000
2379    -1822728.000000
2380    -1822733.250000
2381    -1822739.500000
2382    -1822745.375000
2383    -1822752.000000
2384    -1822758.000000
2385    -1822763.500000
2386    -1822769.625000
2387    -1822775.500000
2388    -1822781.750000
2389    -1822787.750000
2390    -1822794.000000
2391    -1822799.875000
2392    -1822805.750000
2393    -1822812.000000
2394    -1822817.625000
2395    -1822823.750000
2396    -1822829.750000
2397    -1822835.875000
2398    -1822842.000000
2399    -1822848.375000
2400    -1822854.250000
2401    -1822860.500000
2402    -1822866.250000
2403    -1822872.250000
2404    -1822878.375000
2405    -1822884.250000
2406    -1822890.000000
2407    -1822896.125000
2408    -1822902.000000
2409    -1822907.750000
2410    -1822914.500000
2411    -1822920.250000
2412    -1822926.250000
2413    -1822932.000000
2414    -1822938.250000
2415    -1822944.000000
2416    -1822949.875000
2417    -1822956.000000
2418    -1822962.000000
2419    -1822968.250000
2420    -1822974.000000
2421    -1822980.125000
2422    -1822986.000000
2423    -1822992.250000
2424    -1822998.500000
2425    -1823004.250000
2426    -1823010.000000
2427    -1823016.125000
2428    -1823022.250000
2429    -1823028.125000
2430    -1823034.375000
2431    -1823040.000000
2432    -1823046.250000
2433    -1823052.000000
2434    -1823058.125000
2435    -1823064.000000
2436    -1823070.000000
2437    -1823076.000000
2438    -1823082.250000
2439    -1823088.250000
2440    -1823094.500000
2441    -1823100.000000
2442    -1823106.250000
2443    -1823112.375000
2444    -1823118.375000
2445    -1823124.625000
2446    -1823130.500000
2447    -1823136.250000
2448    -1823142.875000
2449    -1823148.750000
2450    -1823154.375000
2451    -1823160.375000
2452    -1823166.750000
2453    -1823172.750000
2454    -1823178.500000
2455    -1823184.625000
2456    -1823190.750000
2457    -1823196.625000
2458    -1823202.500000
2459    -1823208.750000
2460    -1823214.750000
2461    -1823220.500000
2462    -1823226.625000
2463    -1823232.500000
2464    -1823238.500000
2465    -1823244.500000
2466    -1823251.000000
2467    -1823256.500000
2468    -1823262.500000
2469    -1823268.500000
2470    -1823274.875000
2471    -1823280.750000
2472    -1823286.500000
2473    -1823292.000000
2474    -1823298.750000
2475    -1823304.625000
2476    -1823310.375000
2477    -1823316.000000
2478    -1823322.250000
2479    -1823328.125000
2480    -1823333.500000
2481    -1823339.625000
2482    -1823346.125000
2483    -1823352.000000
2484    -1823358.125000
2485    -1823363.625000
2486    -1823369.750000
2487    -1823375.625000
2488    -1823381.250000
2489    -1823387.625000
2490    -1823393.500000
2491    -1823399.250000
2492    -1823405.500000
2493    -1823411.250000
2494    -1823417.250000
2495    -1823423.250000
2496    -1823429.625000
2497    -1823435.000000
2498    -1823440.500000
2499    -1823446.625000
2500    -1823452.750000
2501    -1823458.500000
2502    -1823464.125000
2503    -1823470.750000
2504    -1823476.000000
2505    -1823482.250000
2506    -1823487.750000
2507    -1823493.750000
2508    -1823499.750000
2509    -1823505.500000
2510    -1823511.000000
2511    -1823516.875000
2512    -1823522.875000
2513    -1823528.750000
2514    -1823534.500000
2515    -1823540.500000
2516    -1823545.500000
2517    -1823551.750000
2518    -1823558.000000
2519    -1823563.750000
2520    -1823569.250000
2521    -1823575.375000
2522    -1823580.750000
2523    -1823586.500000
2524    -1823592.500000
2525    -1823598.250000
2526    -1823603.625000
2527    -1823609.625000
2528    -1823615.375000
2529    -1823621.250000
2530    -1823627.000000
2531    -1823632.250000
2532    -1823638.500000
2533    -1823644.000000
2534    -1823650.125000
2535    -1823655.750000
2536    -1823661.625000
2537    -1823667.250000
2538    -1823672.375000
2539    -1823678.125000
2540    -1823684.000000
2541    -1823689.875000
2542    -1823695.750000
2543    -1823701.500000
2544    -1823707.250000
2545    -1823712.875000
2546    -1823718.375000
2547    -1823724.000000
2548    -1823730.250000
2549    -1823735.250000
2550    -1823741.375000
2551    -1823746.625000
2552    -1823752.250000
2553    -1823758.125000
2554    -1823763.250000
2555    -1823769.250000
2556    -1823774.750000
2557    -1823780.250000
2558    -1823786.500000
2559    -1823791.625000
2560    -1823797.500000
2561    -1823802.750000
2562    -1823808.750000
2563    -1823814.250000
2564    -1823819.750000
2565    -1823824.750000
2566    -1823830.750000
2567    -1823836.500000
2568    -1823841.500000
2569    -1823847.250000
2570    -1823853.000000
2571    -1823858.625000
2572    -1823863.500000
2573    -1823869.250000
2574    -1823874.875000
2575    -1823880.500000
2576    -1823886.000000
2577    -1823891.375000
2578    -1823896.500000
2579    -1823902.250000
2580    -1823907.750000
2581    -1823913.125000
2582    -1823919.000000
2583    -1823924.250000
2584    -1823928.750000
2585    -1823934.750000
2586    -1823940.625000
2587    -1823945.250000
2588    -1823950.625000
2589    -1823956.000000
2590    -1823961.750000
2591    -1823967.000000
2592    -1823972.250000
2593    -1823977.500000
2594    -1823983.125000
2595    -1823988.250000
2596    -1823993.500000
2597    -1823999.000000
2598    -1824004.000000
2599    -1824009.750000
2600    -1824014.500000
2601    -1824020.375000
2602    -1824025.250000
2603    -1824031.000000
2604    -1824036.000000
2605    -1824041.750000
2606    -1824047.000000
2607    -1824051.875000
2608    -1824057.500000
2609    -1824062.375000
2610    -1824067.875000
2611    -1824073.375000
2612    -1824078.750000
2613    -1824083.500000
2614    -1824089.250000
2615    -1824094.250000
2616    -1824099.500000
2617    -1824105.250000
2618    -1824110.375000
2619    -1824115.625000
2620    -1824120.750000
2621    -1824126.000000
2622    -1824131.625000
2623    -1824136.500000
2624    -1824141.750000
2625    -1824147.250000
2626    -1824152.000000
2627    -1824157.375000
2628    -1824163.000000
2629    -1824168.750000
2630    -1824173.500000
2631    -1824179.000000
2632    -1824184.250000
2633    -1824189.250000
2634    -1824194.250000
2635    -1824200.000000
2636    -1824204.750000
2637    -1824210.500000
2638    -1824215.250000
2639    -1824221.000000
2640    -1824225.750000
2641    -1824231.125000
2642    -1824236.625000
2643    -1824241.750000
2644    -1824246.750000
2645    -1824252.250000
2646    -1824257.250000
2647    -1824263.000000
2648    -1824267.625000
2649    -1824273.250000
2650    -1824278.250000
2651    -1824283.500000
2652    -1824289.000000
2653    -1824294.125000
2654    -1824298.875000
2655    -1824304.375000
2656    -1824309.500000
2657    -1824314.500000
2658    -1824319.500000
2659    -1824324.875000
2660    -1824330.500000
2661    -1824335.250000
2662    -1824340.750000
2663    -1824345.500000
2664    -1824351.000000
2665    -1824356.250000
2666    -1824361.375000
2667    -1824366.750000
2668    -1824371.750000
2669    -1824377.250000
2670    -1824382.500000
2671    -1824387.625000
2672    -1824392.500000
2673    -1824398.250000
2674    -1824403.000000
2675    -1824408.625000
2676    -1824413.875000
2677    -1824418.750000
2678    -1824424.000000
2679    -1824429.125000
2680    -1824434.750000
2681    -1824439.750000
2682    -1824444.750000
2683    -1824450.250000
2684    -1824455.500000
2685    -1824460.750000
2686    -1824465.500000
2687    -1824470.750000
2688    -1824476.500000
2689    -1824481.250000
2690    -1824486.500000
2691    -1824492.000000
2692    -1824496.875000
2693    -1824502.250000
2694    -1824507.250000
2695    -1824512.750000
2696    -1824518.250000
2697    -1824523.750000
2698    -1824528.500000
2699    -1824533.250000
2700    -1824539.000000
2701    -1824544.125000
2702    -1824549.375000
2703    -1824554.750000
2704    -1824560.000000
2705    -1824565.000000
2706    -1824570.750000
2707    -1824575.750000
2708    -1824581.000000
2709    -1824586.000000
2710    -1824591.750000
2711    -1824597.000000
2712    -1824602.500000
2713    -1824607.500000
2714    -1824613.000000
2715    -1824617.875000
2716    -1824623.625000
2717    -1824629.000000
2718    -1824634.125000
2719    -1824639.125000
2720    -1824644.750000
2721    -1824649.750000
2722    -1824655.000000
2723    -1824659.750000
2724    -1824665.250000
2725    -1824670.625000
2726    -1824675.750000
2727    -1824681.500000
2728    -1824686.500000
2729    -1824691.750000
2730    -1824697.250000
2731    -1824702.750000
2732    -1824707.750000
2733    -1824713.000000
2734    -1824718.500000
2735    -1824723.750000
2736    -1824728.875000
2737    -1824734.250000
2738    -1824739.625000
2739    -1824745.125000
2740    -1824749.875000
2741    -1824755.625000
2742    -1824760.500000
2743    -1824765.750000
2744    -1824771.250000
2745    -1824776.250000
2746    -1824781.500000
2747    -1824787.125000
2748    -1824792.500000
2749    -1824797.500000
2750    -1824802.625000
2751    -1824808.250000
2752    -1824813.250000
2753    -1824818.500000
2754    -1824824.125000
2755    -1824829.375000
2756    -1824834.250000
2757    -1824839.375000
2758    -1824845.250000
2759    -1824850.250000
2760    -1824856.000000
2761    -1824861.625000
2762    -1824866.375000
2763    -1824872.250000
2764    -1824877.000000
2765    -1824882.375000
2766    -1824887.625000
2767    -1824892.750000
2768    -1824898.000000
2769    -1824903.750000
2770    -1824908.750000
2771    -1824914.000000
2772    -1824919.500000
2773    -1824924.500000
2774    -1824929.500000
2775    -1824934.750000
2776    -1824940.375000
2777    -1824945.750000
2778    -1824951.250000
2779    -1824956.250000
2780    -1824961.500000
2781    -1824966.750000
2782    -1824972.125000
2783    -1824977.500000
2784    -1824982.500000
2785    -1824988.000000
2786    -1824993.125000
2787    -1824998.250000
2788    -1825004.000000
2789    -1825008.750000
2790    -1825014.500000
2791    -1825019.500000
2792    -1825025.000000
2793    -1825030.000000
2794    -1825035.250000
2795    -1825040.625000
2796    -1825045.875000
2797    -1825051.000000
2798    -1825056.375000
2799    -1825061.500000
2800    -1825066.750000
2801    -1825072.000000
2802    -1825077.250000
2803    -1825082.500000
2804    -1825087.750000
2805    -1825093.000000
2806    -1825098.125000
2807    -1825103.500000
2808    -1825108.750000
2809    -1825114.000000
2810    -1825119.000000
2811    -1825124.750000
2812    -1825129.625000
2813    -1825135.000000
2814    -1825140.000000
2815    -1825145.250000
2816    -1825150.375000
2817    -1825155.625000
2818    -1825161.000000
2819    -1825166.125000
2820    -1825171.250000
2821    -1825176.250000
2822    -1825181.500000
2823    -1825186.875000
2824    -1825191.500000
2825    -1825197.250000
2826    -1825202.250000
2827    -1825207.500000
2828    -1825212.375000
2829    -1825217.500000
2830    -1825222.500000
2831    -1825227.875000
2832    -1825233.000000
2833    -1825238.000000
2834    -1825243.250000
2835    -1825248.250000
2836    -1825253.375000
2837    -1825258.500000
2838    -1825263.750000
2839    -1825269.125000
2840    -1825274.000000
2841    -1825279.375000
2842    -1825284.250000
2843    -1825289.875000
2844    -1825294.875000
2845    -1825299.875000
2846    -1825304.875000
2847    -1825310.125000
2848    -1825314.750000
2849    -1825320.000000
2850    -1825325.000000
2851    -1825330.375000
2852    -1825335.375000
2853    -1825340.625000
2854    -1825345.750000
2855    -1825350.750000
2856    -1825356.250000
2857    -1825361.000000
2858    -1825366.125000
2859    -1825371.500000
2860    -1825376.750000
2861    -1825381.625000
2862    -1825386.500000
2863    -1825392.000000
2864    -1825397.125000
2865    -1825402.250000
2866    -1825407.500000
2867    -1825412.750000
2868    -1825417.750000
2869    -1825422.875000
2870    -1825428.000000
2871    -1825433.000000
2872    -1825438.250000
2873    -1825443.750000
2874    -1825449.250000
2875    -1825453.875000
2876    -1825459.250000
2877    -1825464.375000
2878    -1825469.500000
2879    -1825475.000000
2880    -1825479.875000
2881    -1825485.000000
2882    -1825490.500000
2883    -1825495.500000
2884    -1825500.875000
2885    -1825505.750000
2886    -1825511.000000
2887    -1825516.125000
2888    -1825521.500000
2889    -1825526.500000
2890    -1825532.250000
2891    -1825537.375000
2892    -1825542.000000
2893    -1825547.750000
2894    -1825552.875000
2895    -1825558.000000
2896    -1825563.000000
2897    -1825568.250000
2898    -1825573.750000
2899    -1825578.875000
2900    -1825584.000000
2901    -1825589.375000
2902    -1825594.500000
2903    -1825600.000000
2904    -1825605.000000
2905    -1825610.500000
2906    -1825615.875000
2907    -1825621.000000
2908    -1825626.500000
2909    -1825631.500000
2910    -1825636.500000
2911    -1825641.750000
2912    -1825647.125000
2913    -1825652.375000
2914    -1825658.000000
2915    -1825663.125000
2916    -1825668.000000
2917    -1825673.250000
2918    -1825678.625000
2919    -1825684.000000
2920    -1825689.500000
2921    -1825694.500000
2922    -1825700.000000
2923    -1825705.000000
2924    -1825710.875000
2925    -1825715.875000
2926    -1825721.000000
2927    -1825726.250000
2928    -1825731.375000
2929    -1825736.875000
2930    -1825742.375000
2931    -1825747.500000
2932    -1825753.000000
2933    -1825758.750000
2934    -1825763.750000
2935    -1825769.250000
2936    -1825774.250000
2937    -1825780.000000
2938    -1825785.500000
2939    -1825790.625000
2940    -1825796.250000
2941    -1825801.750000
2942    -1825807.125000
2943    -1825812.250000
2944    -1825818.000000
2945    -1825823.250000
2946    -1825828.750000
2947    -1825833.750000
2948    -1825839.125000
2949    -1825844.750000
2950    -1825850.500000
2951    -1825855.750000
2952    -1825861.250000
2953    -1825866.500000
2954    -1825872.250000
2955    -1825877.750000
2956    -1825883.250000
2957    -1825888.500000
2958    -1825894.000000
2959    -1825899.625000
2960    -1825905.125000
2961    -1825910.625000
2962    -1825916.000000
2963    -1825921.500000
2964    -1825927.500000
2965    -1825932.750000
2966    -1825938.250000
2967    -1825944.250000
2968    -1825949.375000
2969    -1825955.000000
2970    -1825960.625000
2971    -1825966.375000
2972    -1825971.625000
2973    -1825977.250000
2974    -1825983.000000
2975    -1825988.500000
2976    -1825994.125000
2977    -1825999.750000
2978    -1826005.000000
2979    -1826010.375000
2980    -1826016.375000
2981    -1826022.000000
2982    -1826027.500000
2983    -1826032.750000
2984    -1826038.500000
2985    -1826044.000000
2986    -1826049.625000
2987    -1826055.500000
2988    -1826061.000000
2989    -1826066.750000
2990    -1826072.500000
2991    -1826077.750000
2992    -1826083.625000
2993    -1826089.125000
2994    -1826095.000000
2995    -1826100.500000
2996    -1826106.125000
2997    -1826112.125000
2998    -1826117.250000
2999    -1826122.875000
3000    -1826128.250000
3001    -1826134.375000
3002    -1826139.500000
3003    -1826145.625000
3004    -1826151.000000
3005    -1826156.500000
3006    -1826162.250000
3007    -1826168.125000
3008    -1826173.500000
3009    -1826179.000000
3010    -1826184.500000
3011    -1826190.250000
3012    -1826195.750000
3013    -1826201.500000
3014    -1826207.375000
3015    -1826212.500000
3016    -1826218.500000
3017    -1826224.000000
3018    -1826230.000000
3019    -1826235.250000
3020    -1826241.000000
3021    -1826246.000000
3022    -1826252.000000
3023    -1826257.500000
3024    -1826263.250000
3025    -1826269.000000
3026    -1826274.000000
3027    -1826279.875000
3028    -1826285.250000
3029    -1826290.875000
3030    -1826296.750000
3031    -1826302.125000
3032    -1826307.750000
3033    -1826313.000000
3034    -1826318.750000
3035    -1826324.500000
3036    -1826330.000000
3037    -1826335.250000
3038    -1826341.125000
3039    -1826346.750000
3040    -1826352.625000
3041    -1826357.500000
3042    -1826363.125000
3043    -1826368.750000
3044    -1826374.750000
3045    -1826380.250000
3046    -1826385.500000
3047    -1826390.750000
3048    -1826396.625000
3049    -1826402.000000
3050    -1826407.500000
3051    -1826412.750000
3052    -1826418.750000
3053    -1826423.750000
3054    -1826429.125000
3055    -1826435.000000
3056    -1826440.000000
3057    -1826445.750000
3058    -1826451.250000
3059    -1826456.375000
3060    -1826461.875000
3061    -1826467.500000
3062    -1826473.000000
3063    -1826478.125000
3064    -1826483.750000
3065    -1826489.125000
3066    -1826494.375000
3067    -1826499.750000
3068    -1826505.250000
3069    -1826511.000000
3070    -1826516.000000
3071    -1826521.375000
3072    -1826526.750000
3073    -1826531.750000
3074    -1826537.750000
3075    -1826543.125000
3076    -1826548.375000
3077    -1826553.625000
3078    -1826559.000000
3079    -1826564.750000
3080    -1826569.750000
3081    -1826575.250000
3082    -1826580.250000
3083    -1826585.750000
3084    -1826591.500000
3085    -1826596.375000
3086    -1826601.750000
3087    -1826607.125000
3088    -1826612.750000
3089    -1826618.000000
3090    -1826623.375000
3091    -1826628.500000
3092    -1826634.250000
3093    -1826639.625000
3094    -1826644.625000
3095    -1826650.000000
3096    -1826655.500000
3097    -1826660.750000
3098    -1826666.375000
3099    -1826671.375000
3100    -1826677.000000
3101    -1826681.875000
3102    -1826687.375000
3103    -1826692.625000
3104    -1826697.750000
3105    -1826703.500000
3106    -1826709.000000
3107    -1826714.125000
3108    -1826719.625000
3109    -1826724.875000
3110    -1826730.250000
3111    -1826735.375000
3112    -1826740.875000
3113    -1826746.125000
3114    -1826751.500000
3115    -1826757.125000
3116    -1826762.125000
3117    -1826767.375000
3118    -1826772.875000
3119    -1826778.000000
3120    -1826783.250000
3121    -1826788.875000
3122    -1826794.625000
3123    -1826799.000000
3124    -1826804.375000
3125    -1826810.250000
3126    -1826815.500000
3127    -1826820.750000
3128    -1826826.000000
3129    -1826831.125000
3130    -1826836.625000
3131    -1826842.000000
3132    -1826847.125000
3133    -1826852.500000
3134    -1826858.000000
3135    -1826863.000000
3136    -1826869.000000
3137    -1826873.875000
3138    -1826879.250000
3139    -1826884.500000
3140    -1826889.750000
3141    -1826895.000000
3142    -1826900.500000
3143    -1826905.500000
3144    -1826911.375000
3145    -1826916.250000
3146    -1826921.750000
3147    -1826927.250000
3148    -1826932.250000
3149    -1826937.875000
3150    -1826943.125000
3151    -1826948.250000
3152    -1826953.750000
3153    -1826958.875000
3154    -1826964.250000
3155    -1826969.750000
3156    -1826975.000000
3157    -1826980.250000
3158    -1826985.750000
3159    -1826990.750000
3160    -1826996.250000
3161    -1827001.250000
3162    -1827006.750000
3163    -1827012.125000
3164    -1827017.500000
3165    -1827022.875000
3166    -1827028.750000
3167    -1827033.500000
3168    -1827039.250000
3169    -1827044.000000
3170    -1827049.250000
3171    -1827054.875000
3172    -1827060.250000
3173    -1827065.500000
3174    -1827070.750000
3175    -1827076.250000
3176    -1827081.250000
3177    -1827086.750000
3178    -1827092.125000
3179    -1827097.250000
3180    -1827102.500000
3181    -1827107.875000
3182    -1827113.375000
3183    -1827118.500000
3184    -1827124.000000
3185    -1827129.500000
3186    -1827134.750000
3187    -1827139.750000
3188    -1827145.250000
3189    -1827150.750000
3190    -1827156.000000
3191    -1827161.250000
3192    -1827166.500000
3193    -1827171.750000
3194    -1827177.000000
3195    -1827182.250000
3196    -1827187.750000
3197    -1827193.000000
3198    -1827198.250000
3199    -1827203.500000
3200    -1827209.000000
3201    -1827214.250000
3202    -1827219.750000
3203    -1827225.125000
3204    -1827230.000000
3205    -1827235.750000
3206    -1827241.000000
3207    -1827246.250000
3208    -1827251.500000
3209    -1827257.000000
3210    -1827262.000000
3211    -1827267.750000
3212    -1827272.750000
3213    -1827278.125000
3214    -1827283.625000
3215    -1827288.750000
3216    -1827294.000000
3217    -1827299.250000
3218    -1827305.000000
3219    -1827310.000000
3220    -1827315.625000
3221    -1827320.875000
3222    -1827326.000000
3223    -1827331.375000
3224    -1827336.875000
3225    -1827342.000000
3226    -1827347.125000
3227    -1827352.375000
3228    -1827358.250000
3229    -1827363.125000
3230    -1827368.250000
3231    -1827373.750000
3232    -1827379.250000
3233    -1827384.125000
3234    -1827389.375000
3235    -1827394.500000
3236    -1827400.250000
3237    -1827405.250000
3238    -1827410.125000
3239    -1827415.875000
3240    -1827421.000000
3241    -1827426.250000
3242    -1827431.250000
3243    -1827436.750000
3244    -1827442.000000
3245    -1827447.250000
3246    -1827452.250000
3247    -1827457.750000
3248    -1827462.375000
3249    -1827467.750000
3250    -1827473.250000
3251    -1827478.500000
3252    -1827483.750000
3253    -1827488.750000
3254    -1827494.250000
3255    -1827499.500000
3256    -1827504.750000
3257    -1827509.750000
3258    -1827514.875000
3259    -1827519.750000
3260    -1827525.000000
3261    -1827530.375000
3262    -1827535.500000
3263    -1827540.500000
3264    -1827545.625000
3265    -1827551.125000
3266    -1827556.250000
3267    -1827561.625000
3268    -1827566.250000
3269    -1827571.250000
3270    -1827576.625000
3271    -1827582.000000
3272    -1827586.750000
3273    -1827592.250000
3274    -1827597.125000
3275    -1827602.375000
3276    -1827607.000000
3277    -1827612.375000
3278    -1827617.500000
3279    -1827622.750000
3280    -1827627.750000
3281    -1827633.250000
3282    -1827637.750000
3283    -1827643.250000
3284    -1827648.375000
3285    -1827652.875000
3286    -1827657.875000
3287    -1827663.250000
3288    -1827668.125000
3289    -1827673.250000
3290    -1827678.250000
3291    -1827683.250000
3292    -1827688.250000
3293    -1827693.500000
3294    -1827698.500000
3295    -1827703.750000
3296    -1827708.500000
3297    -1827713.250000
3298    -1827718.250000
3299    -1827723.250000
3300    -1827728.250000
3301    -1827733.500000
3302    -1827738.250000
3303    -1827742.750000
3304    -1827748.000000
3305    -1827752.750000
3306    -1827757.750000
3307    -1827762.875000
3308    -1827767.750000
3309    -1827772.500000
3310    -1827777.500000
3311    -1827782.250000
3312    -1827787.250000
3313    -1827792.000000
3314    -1827797.000000
3315    -1827801.500000
3316    -1827806.750000
3317    -1827811.625000
3318    -1827816.750000
3319    -1827821.375000
3320    -1827826.250000
3321    -1827831.250000
3322    -1827835.875000
3323    -1827840.750000
3324    -1827845.750000
3325    -1827850.375000
3326    -1827855.375000
3327    -1827860.250000
3328    -1827865.000000
3329    -1827869.750000
3330    -1827874.500000
3331    -1827879.500000
3332    -1827884.125000
3333    -1827888.875000
3334    -1827893.750000
3335    -1827898.125000
3336    -1827903.125000
3337    -1827907.750000
3338    -1827912.500000
3339    -1827917.375000
3340    -1827921.750000
3341    -1827926.500000
3342    -1827931.000000
3343    -1827936.000000
3344    -1827940.000000
3345    -1827944.750000
3346    -1827949.500000
3347    -1827954.125000
3348    -1827959.000000
3349    -1827963.250000
3350    -1827968.125000
3351    -1827972.500000
3352    -1827976.750000
3353    -1827981.250000
3354    -1827986.125000
3355    -1827990.500000
3356    -1827994.875000
3357    -1827999.500000
3358    -1828003.750000
3359    -1828008.250000
3360    -1828012.875000
3361    -1828017.500000
3362    -1828021.750000
3363    -1828026.250000
3364    -1828031.000000
3365    -1828035.125000
3366    -1828039.500000
3367    -1828044.250000
3368    -1828048.500000
3369    -1828053.000000
3370    -1828057.750000
3371    -1828061.500000
3372    -1828066.250000
3373    -1828070.750000
3374    -1828075.000000
3375    -1828079.375000
3376    -1828083.625000
3377    -1828088.000000
3378    -1828092.125000
3379    -1828096.625000
3380    -1828101.250000
3381    -1828105.375000
3382    -1828109.625000
3383    -1828113.750000
3384    -1828118.625000
3385    -1828122.500000
3386    -1828126.750000
3387    -1828131.000000
3388    -1828135.500000
3389    -1828139.500000
3390    -1828143.750000
3391    -1828148.000000
3392    -1828151.875000
3393    -1828156.250000
3394    -1828160.375000
3395    -1828165.000000
3396    -1828169.500000
3397    -1828173.000000
3398    -1828177.375000
3399    -1828181.375000
3400    -1828185.875000
3401    -1828190.000000
3402    -1828194.250000
3403    -1828198.000000
3404    -1828202.250000
3405    -1828206.500000
3406    -1828211.250000
3407    -1828214.875000
3408    -1828219.000000
3409    -1828223.000000
3410    -1828227.125000
3411    -1828231.500000
3412    -1828235.750000
3413    -1828239.500000
3414    -1828243.750000
3415    -1828247.750000
3416    -1828252.000000
3417    -1828256.000000
3418    -1828260.000000
3419    -1828264.000000
3420    -1828268.250000
3421    -1828272.250000
3422    -1828276.625000
3423    -1828280.625000
3424    -1828284.500000
3425    -1828288.375000
3426    -1828292.500000
3427    -1828296.625000
3428    -1828300.625000
3429    -1828304.750000
3430    -1828308.750000
3431    -1828312.750000
3432    -1828316.625000
3433    -1828320.500000
3434    -1828325.000000
3435    -1828328.500000
3436    -1828332.375000
3437    -1828336.750000
3438    -1828340.500000
3439    -1828344.375000
3440    -1828348.750000
3441    -1828352.625000
3442    -1828356.750000
3443    -1828360.750000
3444    -1828364.750000
3445    -1828368.375000
3446    -1828372.500000
3447    -1828376.750000
3448    -1828380.375000
3449    -1828384.500000
3450    -1828388.250000
3451    -1828392.250000
3452    -1828396.125000
3453    -1828400.125000
3454    -1828404.250000
3455    -1828408.250000
3456    -1828412.125000
3457    -1828416.000000
3458    -1828420.000000
3459    -1828424.000000
3460    -1828427.875000
3461    -1828431.625000
3462    -1828435.500000
3463    -1828439.500000
3464    -1828443.125000
3465    -1828447.250000
3466    -1828451.500000
3467    -1828455.500000
3468    -1828458.875000
3469    -1828463.000000
3470    -1828467.000000
3471    -1828471.000000
3472    -1828474.875000
3473    -1828478.750000
3474    -1828482.375000
3475    -1828486.250000
3476    -1828490.250000
3477    -1828494.250000
3478    -1828498.250000
3479    -1828502.000000
3480    -1828505.875000
3481    -1828509.500000
3482    -1828513.500000
3483    -1828517.000000
3484    -1828521.000000
3485    -1828525.000000
3486    -1828529.000000
3487    -1828532.750000
3488    -1828536.500000
3489    -1828540.500000
3490    -1828544.375000
3491    -1828548.500000
3492    -1828552.000000
3493    -1828556.250000
3494    -1828560.000000
3495    -1828564.125000
3496    -1828567.625000
3497    -1828571.500000
3498    -1828575.500000
3499    -1828579.250000
3500    -1828583.000000
3501    -1828586.500000
3502    -1828590.500000
3503    -1828594.250000
3504    -1828598.125000
3505    -1828601.750000
3506    -1828605.625000
3507    -1828609.000000
3508    -1828613.125000
3509    -1828617.000000
3510    -1828620.750000
3511    -1828624.500000
3512    -1828628.125000
3513    -1828632.250000
3514    -1828635.750000
3515    -1828639.750000
3516    -1828643.375000
3517    -1828647.250000
3518    -1828651.000000
3519    -1828654.375000
3520    -1828658.250000
3521    -1828661.875000
3522    -1828665.750000
3523    -1828669.500000
3524    -1828673.000000
3525    -1828676.375000
3526    -1828680.250000
3527    -1828684.250000
3528    -1828688.000000
3529    -1828691.875000
3530    -1828695.250000
3531    -1828698.500000
3532    -1828702.500000
3533    -1828706.250000
3534    -1828709.750000
3535    -1828713.250000
3536    -1828717.000000
3537    -1828720.625000
3538    -1828724.250000
3539    -1828728.000000
3540    -1828731.500000
3541    -1828735.250000
3542    -1828739.000000
3543    -1828742.375000
3544    -1828746.125000
3545    -1828749.750000
3546    -1828753.500000
3547    -1828757.000000
3548    -1828760.500000
3549    -1828764.250000
3550    -1828767.875000
3551    -1828771.750000
3552    -1828774.750000
3553    -1828778.750000
3554    -1828782.250000
3555    -1828785.875000
3556    -1828789.500000
3557    -1828793.125000
3558    -1828796.500000
3559    -1828799.750000
3560    -1828803.500000
3561    -1828807.000000
3562    -1828810.625000
3563    -1828814.625000
3564    -1828817.500000
3565    -1828821.875000
3566    -1828824.750000
3567    -1828828.250000
3568    -1828832.375000
3569    -1828835.750000
3570    -1828839.500000
3571    -1828843.125000
3572    -1828846.875000
3573    -1828850.375000
3574    -1828853.750000
3575    -1828857.250000
3576    -1828861.000000
3577    -1828864.375000
3578    -1828867.750000
3579    -1828871.750000
3580    -1828875.250000
3581    -1828878.750000
3582    -1828881.875000
3583    -1828885.500000
3584    -1828889.250000
3585    -1828892.750000
3586    -1828896.250000
3587    -1828899.875000
3588    -1828903.500000
3589    -1828906.500000
3590    -1828910.250000
3591    -1828913.750000
3592    -1828917.625000
3593    -1828921.000000
3594    -1828924.375000
3595    -1828928.000000
3596    -1828931.625000
3597    -1828934.875000
3598    -1828938.750000
3599    -1828942.250000
3600    -1828945.750000
3601    -1828949.000000
3602    -1828952.875000
3603    -1828956.250000
3604    -1828959.750000
3605    -1828963.000000
3606    -1828966.500000
3607    -1828969.875000
3608    -1828973.750000
3609    -1828977.125000
3610    -1828980.250000
3611    -1828984.000000
3612    -1828987.250000
3613    -1828990.875000
3614    -1828994.250000
3615    -1828997.750000
3616    -1829001.250000
3617    -1829004.875000
3618    -1829007.750000
3619    -1829011.750000
3620    -1829015.000000
3621    -1829018.750000
3622    -1829022.000000
3623    -1829025.250000
3624    -1829029.125000
3625    -1829032.250000
3626    -1829036.000000
3627    -1829039.250000
3628    -1829042.250000
3629    -1829046.250000
3630    -1829049.750000
3631    -1829053.000000
3632    -1829056.000000
3633    -1829059.625000
3634    -1829063.250000
3635    -1829066.500000
3636    -1829069.875000
3637    -1829073.250000
3638    -1829076.875000
3639    -1829080.000000
3640    -1829083.375000
3641    -1829087.250000
3642    -1829090.500000
3643    -1829093.750000
3644    -1829097.250000
3645    -1829100.500000
3646    -1829104.250000
3647    -1829107.500000
3648    -1829110.875000
3649    -1829114.250000
3650    -1829117.625000
3651    -1829121.250000
3652    -1829124.500000
3653    -1829128.000000
3654    -1829131.125000
3655    -1829134.750000
3656    -1829138.000000
3657    -1829141.750000
3658    -1829144.750000
3659    -1829148.500000
3660    -1829152.000000
3661    -1829155.125000
3662    -1829158.500000
3663    -1829162.250000
3664    -1829165.250000
3665    -1829169.125000
3666    -1829172.000000
3667    -1829175.500000
3668    -1829179.125000
3669    -1829182.750000
3670    -1829186.000000
3671    -1829189.375000
3672    -1829192.750000
3673    -1829196.000000
3674    -1829199.375000
3675    -1829202.875000
3676    -1829206.625000
3677    -1829209.750000
3678    -1829213.500000
3679    -1829217.000000
3680    -1829220.250000
3681    -1829223.875000
3682    -1829227.000000
3683    -1829230.625000
3684    -1829233.875000
3685    -1829237.500000
3686    -1829241.000000
3687    -1829244.000000
3688    -1829247.500000
3689    -1829251.250000
3690    -1829254.625000
3691    -1829257.875000
3692    -1829261.250000
3693    -1829264.750000
3694    -1829268.250000
3695    -1829272.000000
3696    -1829275.250000
3697    -1829278.500000
3698    -1829281.750000
3699    -1829285.375000
3700    -1829288.875000
3701    -1829292.500000
3702    -1829295.875000
3703    -1829299.500000
3704    -1829302.750000
3705    -1829306.000000
3706    -1829309.500000
3707    -1829313.000000
3708    -1829316.250000
3709    -1829319.625000
3710    -1829322.875000
3711    -1829326.750000
3712    -1829329.875000
3713    -1829333.625000
3714    -1829337.000000
3715    -1829340.500000
3716    -1829343.750000
3717    -1829347.250000
3718    -1829350.500000
3719    -1829354.125000
3720    -1829357.500000
3721    -1829360.750000
3722    -1829364.125000
3723    -1829367.500000
3724    -1829370.875000
3725    -1829374.625000
3726    -1829377.625000
3727    -1829381.000000
3728    -1829384.750000
3729    -1829388.250000
3730    -1829391.500000
3731    -1829395.250000
3732    -1829398.250000
3733    -1829401.750000
3734    -1829405.125000
3735    -1829408.500000
3736    -1829411.625000
3737    -1829415.250000
3738    -1829418.500000
3739    -1829422.125000
3740    -1829425.500000
3741    -1829428.750000
3742    -1829432.250000
3743    -1829436.000000
3744    -1829439.250000
3745    -1829442.625000
3746    -1829446.375000
3747    -1829449.625000
3748    -1829452.875000
3749    -1829456.375000
3750    -1829459.750000
3751    -1829463.000000
3752    -1829466.500000
3753    -1829470.250000
3754    -1829473.250000
3755    -1829476.625000
3756    -1829480.125000
3757    -1829483.625000
3758    -1829487.000000
3759    -1829490.250000
3760    -1829493.750000
3761    -1829497.000000
3762    -1829500.750000
3763    -1829503.750000
3764    -1829507.500000
3765    -1829510.875000
3766    -1829513.750000
3767    -1829517.375000
3768    -1829521.250000
3769    -1829524.375000
3770    -1829527.875000
3771    -1829531.000000
3772    -1829534.500000
3773    -1829537.875000
3774    -1829541.250000
3775    -1829544.000000
3776    -1829547.750000
3777    -1829551.500000
3778    -1829554.750000
3779    -1829558.125000
3780    -1829561.500000
3781    -1829564.500000
3782    -1829568.000000
3783    -1829571.375000
3784    -1829574.625000
3785    -1829577.875000
3786    -1829581.375000
3787    -1829584.750000
3788    -1829588.000000
3789    -1829591.250000
3790    -1829594.750000
3791    -1829598.000000
3792    -1829601.500000
3793    -1829604.750000
3794    -1829608.250000
3795    -1829611.750000
3796    -1829614.750000
3797    -1829618.000000
3798    -1829621.125000
3799    -1829624.750000
3800    -1829627.625000
3801    -1829631.125000
3802    -1829634.375000
3803    -1829638.000000
3804    -1829641.375000
3805    -1829644.500000
3806    -1829648.000000
3807    -1829651.000000
3808    -1829654.000000
3809    -1829657.500000
3810    -1829660.875000
3811    -1829664.000000
3812    -1829667.250000
3813    -1829670.500000
3814    -1829674.000000
3815    -1829677.250000
3816    -1829680.125000
3817    -1829683.625000
3818    -1829687.000000
3819    -1829690.125000
3820    -1829693.500000
3821    -1829696.625000
3822    -1829700.000000
3823    -1829703.000000
3824    -1829706.500000
3825    -1829709.875000
3826    -1829712.750000
3827    -1829716.000000
3828    -1829719.250000
3829    -1829722.500000
3830    -1829725.875000
3831    -1829728.875000
3832    -1829732.125000
3833    -1829735.000000
3834    -1829738.250000
3835    -1829741.750000
3836    -1829744.750000
3837    -1829748.125000
3838    -1829751.250000
3839    -1829754.500000
3840    -1829757.500000
3841    -1829760.500000
3842    -1829763.750000
3843    -1829767.000000
3844    -1829770.000000
3845    -1829773.375000
3846    -1829776.000000
3847    -1829779.500000
3848    -1829782.625000
3849    -1829785.750000
3850    -1829789.000000
3851    -1829792.000000
3852    -1829795.500000
3853    -1829798.000000
3854    -1829801.375000
3855    -1829804.500000
3856    -1829807.250000
3857    -1829810.375000
3858    -1829813.500000
3859    -1829816.625000
3860    -1829819.750000
3861    -1829823.125000
3862    -1829826.125000
3863    -1829829.250000
3864    -1829832.000000
3865    -1829834.750000
3866    -1829838.250000
3867    -1829841.500000
3868    -1829844.500000
3869    -1829847.250000
3870    -1829850.250000
3871    -1829853.250000
3872    -1829856.500000
3873    -1829859.250000
3874    -1829862.625000
3875    -1829865.250000
3876    -1829868.750000
3877    -1829871.750000
3878    -1829875.000000
3879    -1829877.500000
3880    -1829880.750000
3881    -1829883.750000
3882    -1829886.625000
3883    -1829889.500000
3884    -1829892.750000
3885    -1829895.625000
3886    -1829898.750000
3887    -1829901.875000
3888    -1829904.500000
3889    -1829907.750000
3890    -1829910.750000
3891    -1829914.000000
3892    -1829916.875000
3893    -1829919.750000
3894    -1829922.625000
3895    -1829925.750000
3896    -1829928.750000
3897    -1829931.750000
3898    -1829934.500000
3899    -1829937.750000
3900    -1829940.500000
3901    -1829943.500000
3902    -1829946.375000
3903    -1829949.500000
3904    -1829952.375000
3905    -1829955.250000
3906    -1829958.500000
3907    -1829961.500000
3908    -1829964.250000
3909    -1829967.250000
3910    -1829970.250000
3911    -1829973.000000
3912    -1829976.000000
3913    -1829979.000000
3914    -1829981.875000
3915    -1829984.750000
3916    -1829987.750000
3917    -1829990.875000
3918    -1829993.750000
3919    -1829997.000000
3920    -1829999.250000
3921    -1830002.500000
3922    -1830005.500000
3923    -1830008.500000
3924    -1830011.125000
3925    -1830014.500000
3926    -1830017.375000
3927    -1830020.375000
3928    -1830023.250000
3929    -1830026.250000
3930    -1830029.000000
3931    -1830031.875000
3932    -1830034.875000
3933    -1830037.750000
3934    -1830040.500000
3935    -1830043.750000
3936    -1830046.500000
3937    -1830049.500000
3938    -1830052.750000
3939    -1830055.500000
3940    -1830058.250000
3941    -1830061.125000
3942    -1830064.250000
3943    -1830067.250000
3944    -1830070.250000
3945    -1830072.875000
3946    -1830075.750000
3947    -1830079.000000
3948    -1830081.875000
3949    -1830084.750000
3950    -1830087.500000
3951    -1830090.375000
3952    -1830093.250000
3953    -1830096.000000
3954    -1830099.250000
3955    -1830102.000000
3956    -1830105.000000
3957    -1830107.750000
3958    -1830110.750000
3959    -1830113.875000
3960    -1830117.000000
3961    -1830119.750000
3962    -1830122.625000
3963    -1830125.250000
3964    -1830128.125000
3965    -1830130.500000
3966    -1830133.750000
3967    -1830136.500000
3968    -1830139.375000
3969    -1830142.250000
3970    -1830145.375000
3971    -1830148.250000
3972    -1830151.250000
3973    -1830153.750000
3974    -1830156.750000
3975    -1830159.750000
3976    -1830162.625000
3977    -1830165.500000
3978    -1830168.250000
3979    -1830171.125000
3980    -1830173.875000
3981    -1830177.000000
3982    -1830179.750000
3983    -1830182.750000
3984    -1830185.250000
3985    -1830188.500000
3986    -1830191.500000
3987    -1830194.250000
3988    -1830196.750000
3989    -1830199.750000
3990    -1830202.625000
3991    -1830205.625000
3992    -1830208.625000
3993    -1830211.375000
3994    -1830213.875000
3995    -1830217.000000
3996    -1830219.750000
3997    -1830222.625000
3998    -1830225.875000
3999    -1830228.375000
4000    -1830231.000000
4001    -1830234.000000
4002    -1830236.625000
4003    -1830239.375000
4004    -1830242.250000
4005    -1830245.250000
4006    -1830248.000000
4007    -1830251.000000
4008    -1830253.875000
4009    -1830256.625000
4010    -1830259.375000
4011    -1830262.250000
4012    -1830265.125000
4013    -1830267.750000
4014    -1830270.500000
4015    -1830273.500000
4016    -1830276.250000
4017    -1830279.250000
4018    -1830282.000000
4019    -1830284.750000
4020    -1830287.625000
4021    -1830290.500000
4022    -1830293.125000
4023    -1830296.375000
4024    -1830299.125000
4025    -1830301.750000
4026    -1830304.500000
4027    -1830307.500000
4028    -1830310.250000
4029    -1830313.250000
4030    -1830316.000000
4031    -1830318.750000
4032    -1830321.750000
4033    -1830324.500000
4034    -1830327.250000
4035    -1830330.125000
4036    -1830333.375000
4037    -1830336.125000
4038    -1830338.750000
4039    -1830341.625000
4040    -1830344.250000
4041    -1830347.500000
4042    -1830350.250000
4043    -1830352.750000
4044    -1830355.625000
4045    -1830358.625000
4046    -1830361.250000
4047    -1830364.250000
4048    -1830367.250000
4049    -1830370.000000
4050    -1830372.750000
4051    -1830375.625000
4052    -1830378.500000
4053    -1830381.375000
4054    -1830384.500000
4055    -1830387.500000
4056    -1830390.125000
4057    -1830393.000000
4058    -1830395.750000
4059    -1830398.875000
4060    -1830401.500000
4061    -1830404.375000
4062    -1830407.125000
4063    -1830410.000000
4064    -1830412.750000
4065    -1830416.250000
4066    -1830418.875000
4067    -1830421.500000
4068    -1830424.500000
4069    -1830427.500000
4070    -1830430.125000
4071    -1830433.500000
4072    -1830436.125000
4073    -1830439.250000
4074    -1830441.875000
4075    -1830444.625000
4076    -1830447.875000
4077    -1830450.500000
4078    -1830453.375000
4079    -1830456.000000
4080    -1830459.000000
4081    -1830461.750000
4082    -1830464.750000
4083    -1830467.375000
4084    -1830470.250000
4085    -1830473.125000
4086    -1830475.750000
4087    -1830478.750000
4088    -1830481.625000
4089    -1830484.250000
4090    -1830487.500000
4091    -1830490.250000
4092    -1830492.750000
4093    -1830496.250000
4094    -1830499.000000
4095    -1830501.875000
4096    -1830504.500000
4097    -1830507.250000
4098    -1830510.000000
4099    -1830512.875000
4100    -1830515.750000
4101    -1830518.500000
4102    -1830521.375000
4103    -1830524.375000
4104    -1830527.000000
4105    -1830529.875000
4106    -1830533.000000
4107    -1830535.750000
4108    -1830538.500000
4109    -1830541.500000
4110    -1830544.375000
4111    -1830547.500000
4112    -1830550.250000
4113    -1830552.750000
4114    -1830555.750000
4115    -1830558.500000
4116    -1830561.500000
4117    -1830564.500000
4118    -1830567.000000
4119    -1830569.750000
4120    -1830573.000000
4121    -1830575.625000
4122    -1830578.750000
4123    -1830581.625000
4124    -1830584.250000
4125    -1830587.000000
4126    -1830589.750000
4127    -1830592.875000
4128    -1830596.000000
4129    -1830598.500000
4130    -1830601.500000
4131    -1830604.250000
4132    -1830606.875000
4133    -1830610.000000
4134    -1830612.875000
4135    -1830615.500000
4136    -1830618.625000
4137    -1830621.250000
4138    -1830624.250000
4139    -1830626.875000
4140    -1830629.875000
4141    -1830632.375000
4142    -1830635.750000
4143    -1830638.750000
4144    -1830641.500000
4145    -1830644.250000
4146    -1830647.125000
4147    -1830650.125000
4148    -1830652.875000
4149    -1830655.750000
4150    -1830658.250000
4151    -1830661.250000
4152    -1830664.375000
4153    -1830667.000000
4154    -1830669.750000
4155    -1830672.500000
4156    -1830675.875000
4157    -1830678.500000
4158    -1830681.500000
4159    -1830684.250000
4160    -1830687.000000
4161    -1830690.000000
4162    -1830692.750000
4163    -1830695.500000
4164    -1830698.250000
4165    -1830701.375000
4166    -1830704.250000
4167    -1830706.750000
4168    -1830709.750000
4169    -1830712.500000
4170    -1830715.500000
4171    -1830718.125000
4172    -1830721.500000
4173    -1830723.750000
4174    -1830727.125000
4175    -1830729.750000
4176    -1830732.500000
4177    -1830735.125000
4178    -1830737.750000
4179    -1830740.875000
4180    -1830744.125000
4181    -1830746.625000
4182    -1830749.625000
4183    -1830752.375000
4184    -1830755.125000
4185    -1830758.000000
4186    -1830761.000000
4187    -1830763.625000
4188    -1830766.500000
4189    -1830769.250000
4190    -1830772.500000
4191    -1830775.000000
4192    -1830778.000000
4193    -1830780.750000
4194    -1830783.375000
4195    -1830786.250000
4196    -1830789.125000
4197    -1830791.750000
4198    -1830794.750000
4199    -1830797.375000
4200    -1830800.500000
4201    -1830803.250000
4202    -1830806.125000
4203    -1830808.500000
4204    -1830811.625000
4205    -1830814.250000
4206    -1830816.875000
4207    -1830819.875000
4208    -1830822.750000
4209    -1830825.500000
4210    -1830828.125000
4211    -1830831.125000
4212    -1830834.000000
4213    -1830836.500000
4214    -1830838.875000
4215    -1830842.250000
4216    -1830844.875000
4217    -1830847.500000
4218    -1830850.250000
4219    -1830853.250000
4220    -1830856.000000
4221    -1830858.500000
4222    -1830861.625000
4223    -1830864.250000
4224    -1830867.250000
4225    -1830870.000000
4226    -1830872.250000
4227    -1830875.125000
4228    -1830877.750000
4229    -1830880.625000
4230    -1830883.375000
4231    -1830886.375000
4232    -1830889.000000
4233    -1830891.500000
4234    -1830894.000000
4235    -1830897.000000
4236    -1830899.750000
4237    -1830902.125000
4238    -1830905.250000
4239    -1830908.000000
4240    -1830910.875000
4241    -1830913.250000
4242    -1830915.875000
4243    -1830919.000000
4244    -1830921.250000
4245    -1830924.250000
4246    -1830927.000000
4247    -1830929.625000
4248    -1830932.375000
4249    -1830934.750000
4250    -1830937.500000
4251    -1830940.000000
4252    -1830942.750000
4253    -1830945.500000
4254    -1830948.000000
4255    -1830950.500000
4256    -1830953.250000
4257    -1830956.000000
4258    -1830959.000000
4259    -1830961.250000
4260    -1830964.000000
4261    -1830966.500000
4262    -1830969.250000
4263    -1830971.875000
4264    -1830974.500000
4265    -1830977.000000
4266    -1830980.000000
4267    -1830982.250000
4268    -1830984.750000
4269    -1830987.500000
4270    -1830990.000000
4271    -1830992.625000
4272    -1830995.250000
4273    -1830998.000000
4274    -1831000.750000
4275    -1831003.000000
4276    -1831006.000000
4277    -1831008.625000
4278    -1831011.000000
4279    -1831013.500000
4280    -1831016.000000
4281    -1831018.750000
4282    -1831021.250000
4283    -1831023.875000
4284    -1831026.500000
4285    -1831029.000000
4286    -1831031.625000
4287    -1831034.000000
4288    -1831036.875000
4289    -1831039.500000
4290    -1831041.750000
4291    -1831044.250000
4292    -1831047.000000
4293    -1831049.500000
4294    -1831052.000000
4295    -1831054.500000
4296    -1831057.000000
4297    -1831059.750000
4298    -1831062.000000
4299    -1831064.375000
4300    -1831067.000000
4301    -1831069.500000
4302    -1831071.750000
4303    -1831074.250000
4304    -1831077.000000
4305    -1831079.000000
4306    -1831081.875000
4307    -1831084.250000
4308    -1831086.500000
4309    -1831088.875000
4310    -1831091.250000
4311    -1831093.750000
4312    -1831096.000000
4313    -1831098.625000
4314    -1831101.250000
4315    -1831103.500000
4316    -1831105.750000
4317    -1831108.125000
4318    -1831110.750000
4319    -1831113.000000
4320    -1831115.625000
4321    -1831117.500000
4322    -1831120.250000
4323    -1831122.625000
4324    -1831124.750000
4325    -1831127.250000
4326    -1831129.625000
4327    -1831131.875000
4328    -1831134.125000
4329    -1831136.750000
4330    -1831139.125000
4331    -1831141.250000
4332    -1831143.500000
4333    -1831146.250000
4334    -1831148.500000
4335    -1831150.750000
4336    -1831153.000000
4337    -1831155.500000
4338    -1831157.625000
4339    -1831160.000000
4340    -1831162.375000
4341    -1831164.375000
4342    -1831166.875000
4343    -1831169.375000
4344    -1831171.500000
4345    -1831174.000000
4346    -1831176.375000
4347    -1831178.500000
4348    -1831181.000000
4349    -1831183.250000
4350    -1831185.750000
4351    -1831187.875000
4352    -1831189.750000
4353    -1831192.875000
4354    -1831194.750000
4355    -1831197.250000
4356    -1831199.500000
4357    -1831201.875000
4358    -1831204.250000
4359    -1831206.750000
4360    -1831208.750000
4361    -1831211.000000
4362    -1831213.250000
4363    -1831215.625000
4364    -1831218.000000
4365    -1831220.250000
4366    -1831222.500000
4367    -1831224.875000
4368    -1831227.125000
4369    -1831229.625000
4370    -1831231.875000
4371    -1831234.250000
4372    -1831236.250000
4373    -1831238.500000
4374    -1831241.250000
4375    -1831243.750000
4376    -1831245.625000
4377    -1831248.250000
4378    -1831250.125000
4379    -1831252.250000
4380    -1831255.000000
4381    -1831257.125000
4382    -1831259.125000
4383    -1831261.500000
4384    -1831263.625000
4385    -1831266.250000
4386    -1831268.625000
4387    -1831270.875000
4388    -1831272.750000
4389    -1831275.375000
4390    -1831277.500000
4391    -1831279.500000
4392    -1831282.000000
4393    -1831284.375000
4394    -1831286.500000
4395    -1831288.750000
4396    -1831291.250000
4397    -1831293.500000
4398    -1831296.250000
4399    -1831298.000000
4400    -1831300.125000
4401    -1831302.625000
4402    -1831305.000000
4403    -1831307.250000
4404    -1831309.500000
4405    -1831311.750000
4406    -1831314.125000
4407    -1831316.250000
4408    -1831318.750000
4409    -1831321.250000
4410    -1831323.125000
4411    -1831325.375000
4412    -1831327.750000
4413    -1831330.375000
4414    -1831332.250000
4415    -1831334.500000
4416    -1831336.875000
4417    -1831339.000000
4418    -1831341.625000
4419    -1831343.875000
4420    -1831346.000000
4421    -1831348.250000
4422    -1831350.625000
4423    -1831353.000000
4424    -1831355.250000
4425    -1831357.500000
4426    -1831359.875000
4427    -1831362.000000
4428    -1831364.750000
4429    -1831366.500000
4430    -1831368.750000
4431    -1831371.125000
4432    -1831373.500000
4433    -1831375.750000
4434    -1831377.750000
4435    -1831380.250000
4436    -1831382.500000
4437    -1831384.875000
4438    -1831387.375000
4439    -1831389.625000
4440    -1831391.625000
4441    -1831394.000000
4442    -1831396.500000
4443    -1831399.000000
4444    -1831400.625000
4445    -1831403.250000
4446    -1831405.750000
4447    -1831407.875000
4448    -1831410.250000
4449    -1831412.500000
4450    -1831414.875000
4451    -1831417.375000
4452    -1831419.625000
4453    -1831421.875000
4454    -1831423.875000
4455    -1831426.500000
4456    -1831429.125000
4457    -1831431.250000
4458    -1831433.500000
4459    -1831436.250000
4460    -1831438.250000
4461    -1831440.375000
4462    -1831443.250000
4463    -1831445.500000
4464    -1831447.625000
4465    -1831450.000000
4466    -1831452.500000
4467    -1831454.625000
4468    -1831456.875000
4469    -1831459.000000
4470    -1831461.875000
4471    -1831464.000000
4472    -1831466.250000
4473    -1831468.750000
4474    -1831471.375000
4475    -1831473.500000
4476    -1831475.875000
4477    -1831478.375000
4478    -1831480.750000
4479    -1831482.625000
4480    -1831485.125000
4481    -1831487.750000
4482    -1831490.125000
4483    -1831492.375000
4484    -1831494.750000
4485    -1831497.250000
4486    -1831499.750000
4487    -1831501.750000
4488    -1831504.125000
4489    -1831506.500000
4490    -1831509.000000
4491    -1831511.250000
4492    -1831513.500000
4493    -1831516.375000
4494    -1831518.500000
4495    -1831520.750000
4496    -1831523.125000
4497    -1831525.500000
4498    -1831528.250000
4499    -1831530.500000
4500    -1831532.875000
4501    -1831535.375000
4502    -1831537.750000
4503    -1831540.125000
4504    -1831542.750000
4505    -1831545.375000
4506    -1831547.500000
4507    -1831550.000000
4508    -1831552.375000
4509    -1831555.000000
4510    -1831557.250000
4511    -1831559.750000
4512    -1831562.125000
4513    -1831564.375000
4514    -1831567.250000
4515    -1831569.375000
4516    -1831572.000000
4517    -1831574.250000
4518    -1831576.750000
4519    -1831579.500000
4520    -1831581.500000
4521    -1831584.250000
4522    -1831586.750000
4523    -1831589.000000
4524    -1831591.750000
4525    -1831594.000000
4526    -1831596.250000
4527    -1831599.000000
4528    -1831601.250000
4529    -1831603.750000
4530    -1831606.250000
4531    -1831608.750000
4532    -1831611.250000
4533    -1831613.625000
4534    -1831616.125000
4535    -1831619.000000
4536    -1831621.125000
4537    -1831623.875000
4538    -1831626.250000
4539    -1831628.875000
4540    -1831631.000000
4541    -1831634.000000
4542    -1831636.250000
4543    -1831638.875000
4544    -1831641.750000
4545    -1831644.000000
4546    -1831646.500000
4547    -1831649.000000
4548    -1831651.500000
4549    -1831653.875000
4550    -1831656.500000
4551    -1831659.250000
4552    -1831661.625000
4553    -1831664.375000
4554    -1831666.875000
4555    -1831669.375000
4556    -1831672.250000
4557    -1831675.000000
4558    -1831677.750000
4559    -1831679.750000
4560    -1831682.500000
4561    -1831685.250000
4562    -1831687.625000
4563    -1831690.500000
4564    -1831693.000000
4565    -1831696.000000
4566    -1831698.625000
4567    -1831701.250000
4568    -1831703.875000
4569    -1831706.250000
4570    -1831709.000000
4571    -1831711.500000
4572    -1831714.125000
4573    -1831717.000000
4574    -1831719.750000
4575    -1831722.250000
4576    -1831724.875000
4577    -1831727.750000
4578    -1831730.125000
4579    -1831733.000000
4580    -1831736.000000
4581    -1831738.375000
4582    -1831741.000000
4583    -1831744.250000
4584    -1831746.750000
4585    -1831749.250000
4586    -1831751.750000
4587    -1831754.750000
4588    -1831757.500000
4589    -1831760.375000
4590    -1831763.000000
4591    -1831765.250000
4592    -1831768.500000
4593    -1831771.000000
4594    -1831773.875000
4595    -1831776.750000
4596    -1831779.250000
4597    -1831782.250000
4598    -1831785.000000
4599    -1831787.750000
4600    -1831790.625000
4601    -1831793.250000
4602    -1831795.875000
4603    -1831798.875000
4604    -1831801.750000
4605    -1831804.625000
4606    -1831807.500000
4607    -1831810.500000
4608    -1831812.875000
4609    -1831815.625000
4610    -1831818.875000
4611    -1831821.500000
4612    -1831824.375000
4613    -1831827.250000
4614    -1831829.750000
4615    -1831832.750000
4616    -1831835.500000
4617    -1831838.250000
4618    -1831841.125000
4619    -1831843.750000
4620    -1831846.750000
4621    -1831849.500000
4622    -1831852.500000
4623    -1831855.000000
4624    -1831858.375000
4625    -1831861.000000
4626    -1831863.500000
4627    -1831866.500000
4628    -1831869.500000
4629    -1831872.250000
4630    -1831875.000000
4631    -1831878.000000
4632    -1831880.750000
4633    -1831883.750000
4634    -1831886.500000
4635    -1831889.250000
4636    -1831892.375000
4637    -1831895.250000
4638    -1831898.250000
4639    -1831900.750000
4640    -1831903.625000
4641    -1831906.500000
4642    -1831909.250000
4643    -1831912.000000
4644    -1831914.750000
4645    -1831917.750000
4646    -1831920.500000
4647    -1831923.750000
4648    -1831926.375000
4649    -1831929.250000
4650    -1831931.875000
4651    -1831934.875000
4652    -1831937.250000
4653    -1831940.625000
4654    -1831943.125000
4655    -1831946.000000
4656    -1831948.750000
4657    -1831951.750000
4658    -1831954.500000
4659    -1831957.500000
4660    -1831960.000000
4661    -1831963.375000
4662    -1831965.875000
4663    -1831968.750000
4664    -1831971.625000
4665    -1831974.250000
4666    -1831977.000000
4667    -1831979.875000
4668    -1831983.000000
4669    -1831985.750000
4670    -1831988.500000
4671    -1831991.000000
4672    -1831994.000000
4673    -1831997.125000
4674    -1831999.750000
4675    -1832002.500000
4676    -1832005.000000
4677    -1832008.000000
4678    -1832011.000000
4679    -1832013.750000
4680    -1832016.625000
4681    -1832019.125000
4682    -1832022.000000
4683    -1832025.000000
4684    -1832027.750000
4685    -1832030.750000
4686    -1832033.000000
4687    -1832036.250000
4688    -1832038.750000
4689    -1832041.500000
4690    -1832044.500000
4691    -1832047.000000
4692    -1832050.125000
4693    -1832052.875000
4694    -1832055.500000
4695    -1832058.375000
4696    -1832061.125000
4697    -1832063.750000
4698    -1832066.500000
4699    -1832069.500000
4700    -1832072.000000
4701    -1832074.875000
4702    -1832077.375000
4703    -1832080.000000
4704    -1832083.000000
4705    -1832085.500000
4706    -1832087.875000
4707    -1832090.875000
4708    -1832093.500000
4709    -1832096.625000
4710    -1832099.250000
4711    -1832101.875000
4712    -1832104.625000
4713    -1832107.250000
4714    -1832110.000000
4715    -1832113.000000
4716    -1832115.625000
4717    -1832118.125000
4718    -1832121.125000
4719    -1832123.500000
4720    -1832126.250000
4721    -1832129.000000
4722    -1832131.375000
4723    -1832134.250000
4724    -1832137.000000
4725    -1832139.750000
4726    -1832142.625000
4727    -1832145.250000
4728    -1832147.875000
4729    -1832150.500000
4730    -1832153.000000
4731    -1832155.875000
4732    -1832158.625000
4733    -1832161.375000
4734    -1832164.000000
4735    -1832166.750000
4736    -1832169.375000
4737    -1832171.875000
4738    -1832174.750000
4739    -1832177.500000
4740    -1832180.000000
4741    -1832182.750000
4742    -1832185.500000
4743    -1832187.750000
4744    -1832190.875000
4745    -1832193.500000
4746    -1832196.125000
4747    -1832198.375000
4748    -1832201.750000
4749    -1832204.125000
4750    -1832206.750000
4751    -1832209.250000
4752    -1832212.125000
4753    -1832214.875000
4754    -1832217.250000
4755    -1832220.000000
4756    -1832222.750000
4757    -1832225.500000
4758    -1832228.500000
4759    -1832230.750000
4760    -1832233.625000
4761    -1832236.000000
4762    -1832238.750000
4763    -1832241.625000
4764    -1832244.250000
4765    -1832246.875000
4766    -1832249.750000
4767    -1832252.125000
4768    -1832254.750000
4769    -1832257.750000
4770    -1832260.250000
4771    -1832262.750000
4772    -1832265.375000
4773    -1832268.250000
4774    -1832270.750000
4775    -1832273.500000
4776    -1832276.000000
4777    -1832278.625000
4778    -1832281.250000
4779    -1832284.000000
4780    -1832287.000000
4781    -1832289.375000
4782    -1832291.750000
4783    -1832294.500000
4784    -1832297.000000
4785    -1832300.250000
4786    -1832302.500000
4787    -1832305.000000
4788    -1832308.000000
4789    -1832310.000000
4790    -1832313.000000
4791    -1832315.750000
4792    -1832318.125000
4793    -1832320.750000
4794    -1832323.250000
4795    -1832326.250000
4796    -1832328.750000
4797    -1832331.125000
4798    -1832333.750000
4799    -1832336.500000
4800    -1832339.250000
4801    -1832341.875000
4802    -1832344.500000
4803    -1832347.125000
4804    -1832349.750000
4805    -1832352.375000
4806    -1832355.250000
4807    -1832357.625000
4808    -1832360.375000
4809    -1832362.750000
4810    -1832365.500000
4811    -1832368.250000
4812    -1832371.000000
4813    -1832373.250000
4814    -1832375.875000
4815    -1832378.875000
4816    -1832381.250000
4817    -1832384.000000
4818    -1832386.500000
4819    -1832389.250000
4820    -1832391.625000
4821    -1832394.500000
4822    -1832397.000000
4823    -1832399.875000
4824    -1832401.875000
4825    -1832404.750000
4826    -1832407.250000
4827    -1832409.875000
4828    -1832412.500000
4829    -1832415.125000
4830    -1832417.750000
4831    -1832420.250000
4832    -1832422.750000
4833    -1832425.250000
4834    -1832428.000000
4835    -1832430.625000
4836    -1832433.000000
4837    -1832435.875000
4838    -1832438.250000
4839    -1832441.000000
4840    -1832443.750000
4841    -1832446.250000
4842    -1832448.500000
4843    -1832451.250000
4844    -1832453.750000
4845    -1832456.500000
4846    -1832459.125000
4847    -1832461.875000
4848    -1832464.375000
4849    -1832467.000000
4850    -1832469.750000
4851    -1832472.250000
4852    -1832474.875000
4853    -1832477.625000
4854    -1832480.250000
4855    -1832482.500000
4856    -1832485.375000
4857    -1832488.000000
4858    -1832490.750000
4859    -1832493.250000
4860    -1832496.000000
4861    -1832498.500000
4862    -1832501.000000
4863    -1832503.500000
4864    -1832506.125000
4865    -1832508.750000
4866    -1832511.500000
4867    -1832513.750000
4868    -1832516.750000
4869    -1832519.250000
4870    -1832522.250000
4871    -1832524.625000
4872    -1832527.000000
4873    -1832530.000000
4874    -1832532.750000
4875    -1832535.000000
4876    -1832537.750000
4877    -1832540.250000
4878    -1832543.000000
4879    -1832545.250000
4880    -1832548.000000
4881    -1832550.625000
4882    -1832553.250000
4883    -1832556.000000
4884    -1832558.750000
4885    -1832561.375000
4886    -1832563.625000
4887    -1832566.250000
4888    -1832569.125000
4889    -1832571.750000
4890    -1832574.000000
4891    -1832577.000000
4892    -1832579.500000
4893    -1832582.500000
4894    -1832584.750000
4895    -1832587.625000
4896    -1832590.125000
4897    -1832592.750000
4898    -1832595.500000
4899    -1832598.250000
4900    -1832600.750000
4901    -1832603.625000
4902    -1832606.000000
4903    -1832609.000000
4904    -1832611.625000
4905    -1832614.250000
4906    -1832617.000000
4907    -1832619.500000
4908    -1832622.500000
4909    -1832625.125000
4910    -1832628.000000
4911    -1832630.500000
4912    -1832633.000000
4913    -1832636.000000
4914    -1832638.500000
4915    -1832641.000000
4916    -1832644.000000
4917    -1832646.625000
4918    -1832649.250000
4919    -1832652.000000
4920    -1832654.750000
4921    -1832657.250000
4922    -1832659.875000
4923    -1832662.750000
4924    -1832665.375000
4925    -1832668.250000
4926    -1832670.875000
4927    -1832673.750000
4928    -1832676.250000
4929    -1832679.000000
4930    -1832681.750000
4931    -1832684.375000
4932    -1832687.250000
4933    -1832689.875000
4934    -1832692.750000
4935    -1832695.250000
4936    -1832698.250000
4937    -1832700.625000
4938    -1832703.250000
4939    -1832706.500000
4940    -1832709.125000
4941    -1832712.125000
4942    -1832714.750000
4943    -1832717.500000
4944    -1832720.250000
4945    -1832723.000000
4946    -1832725.500000
4947    -1832728.500000
4948    -1832731.250000
4949    -1832734.250000
4950    -1832736.750000
4951    -1832739.750000
4952    -1832742.750000
4953    -1832745.375000
4954    -1832748.000000
4955    -1832751.125000
4956    -1832753.750000
4957    -1832756.625000
4958    -1832759.250000
4959    -1832762.250000
4960    -1832765.000000
4961    -1832767.750000
4962    -1832770.625000
4963    -1832773.750000
4964    -1832776.500000
4965    -1832779.250000
4966    -1832782.250000
4967    -1832785.000000
4968    -1832787.750000
4969    -1832790.625000
4970    -1832793.750000
4971    -1832796.375000
4972    -1832799.250000
4973    -1832802.125000
4974    -1832804.875000
4975    -1832807.750000
4976    -1832810.750000
4977    -1832813.500000
4978    -1832816.500000
4979    -1832819.500000
4980    -1832822.125000
4981    -1832825.000000
4982    -1832828.000000
4983    -1832830.750000
4984    -1832833.625000
4985    -1832836.500000
4986    -1832839.500000
4987    -1832842.250000
4988    -1832845.250000
4989    -1832848.125000
4990    -1832851.000000
4991    -1832853.625000
4992    -1832856.500000
4993    -1832859.500000
4994    -1832862.250000
4995    -1832865.500000
4996    -1832868.250000
4997    -1832871.000000
4998    -1832874.250000
4999    -1832876.750000
5000    -1832879.625000
5001    -1832882.750000
5002    -1832885.500000
5003    -1832888.500000
5004    -1832891.500000
5005    -1832894.125000
5006    -1832897.125000
5007    -1832899.750000
5008    -1832903.000000
5009    -1832905.625000
5010    -1832908.750000
5011    -1832911.250000
5012    -1832914.500000
5013    -1832917.375000
5014    -1832920.000000
5015    -1832923.125000
5016    -1832926.125000
5017    -1832929.000000
5018    -1832931.750000
5019    -1832934.500000
5020    -1832937.500000
5021    -1832940.750000
5022    -1832943.250000
5023    -1832946.250000
5024    -1832948.875000
5025    -1832952.000000
5026    -1832954.750000
5027    -1832957.750000
5028    -1832960.750000
5029    -1832963.500000
5030    -1832966.500000
5031    -1832969.250000
5032    -1832972.125000
5033    -1832975.000000
5034    -1832977.750000
5035    -1832980.500000
5036    -1832983.625000
5037    -1832986.625000
5038    -1832989.250000
5039    -1832992.000000
5040    -1832994.750000
5041    -1832997.500000
5042    -1833000.500000
5043    -1833003.250000
5044    -1833006.000000
5045    -1833008.750000
5046    -1833011.625000
5047    -1833014.500000
5048    -1833017.250000
5049    -1833020.250000
5050    -1833022.750000
5051    -1833026.125000
5052    -1833028.250000
5053    -1833031.250000
5054    -1833034.000000
5055    -1833036.750000
5056    -1833039.625000
5057    -1833042.250000
5058    -1833045.125000
5059    -1833047.750000
5060    -1833050.500000
5061    -1833053.250000
5062    -1833056.000000
5063    -1833058.750000
5064    -1833061.250000
5065    -1833064.000000
5066    -1833066.750000
5067    -1833069.250000
5068    -1833072.125000
5069    -1833074.625000
5070    -1833077.500000
5071    -1833080.250000
5072    -1833082.750000
5073    -1833085.250000
5074    -1833088.000000
5075    -1833090.750000
5076    -1833093.250000
5077    -1833095.750000
5078    -1833098.750000
5079    -1833101.000000
5080    -1833103.750000
5081    -1833106.375000
5082    -1833108.750000
5083    -1833111.125000
5084    -1833114.000000
5085    -1833116.500000
5086    -1833118.750000
5087    -1833121.500000
5088    -1833124.000000
5089    -1833126.500000
5090    -1833129.125000
5091    -1833131.500000
5092    -1833133.750000
5093    -1833136.250000
5094    -1833138.875000
5095    -1833141.500000
5096    -1833144.000000
5097    -1833146.500000
5098    -1833149.000000
5099    -1833151.375000
5100    -1833153.875000
5101    -1833156.000000
5102    -1833158.625000
5103    -1833161.000000
5104    -1833163.500000
5105    -1833166.000000
5106    -1833168.000000
5107    -1833170.750000
5108    -1833172.750000
5109    -1833175.375000
5110    -1833177.750000
5111    -1833180.250000
5112    -1833182.750000
5113    -1833185.250000
5114    -1833187.375000
5115    -1833189.750000
5116    -1833191.875000
5117    -1833194.625000
5118    -1833196.750000
5119    -1833199.250000
5120    -1833201.500000
5121    -1833203.875000
5122    -1833206.125000
5123    -1833208.500000
5124    -1833210.750000
5125    -1833213.250000
5126    -1833215.250000
5127    -1833217.625000
5128    -1833220.000000
5129    -1833222.375000
5130    -1833224.750000
5131    -1833226.875000
5132    -1833229.000000
5133    -1833231.250000
5134    -1833233.500000
5135    -1833236.000000
5136    -1833238.250000
5137    -1833240.375000
5138    -1833243.125000
5139    -1833245.125000
5140    -1833247.500000
5141    -1833249.750000
5142    -1833251.625000
5143    -1833254.000000
5144    -1833256.500000
5145    -1833258.500000
5146    -1833260.750000
5147    -1833263.000000
5148    -1833265.375000
5149    -1833267.625000
5150    -1833269.750000
5151    -1833272.250000
5152    -1833274.000000
5153    -1833276.500000
5154    -1833278.500000
5155    -1833281.000000
5156    -1833283.250000
5157    -1833285.250000
5158    -1833287.500000
5159    -1833289.500000
5160    -1833291.750000
5161    -1833294.000000
5162    -1833296.000000
5163    -1833298.375000
5164    -1833300.750000
5165    -1833303.000000
5166    -1833305.000000
5167    -1833307.000000
5168    -1833309.500000
5169    -1833311.375000
5170    -1833313.500000
5171    -1833315.750000
5172    -1833317.875000
5173    -1833320.000000
5174    -1833322.250000
5175    -1833324.000000
5176    -1833326.500000
5177    -1833328.375000
5178    -1833330.750000
5179    -1833332.875000
5180    -1833335.000000
5181    -1833337.500000
5182    -1833339.250000
5183    -1833341.375000
5184    -1833343.250000
5185    -1833345.375000
5186    -1833347.500000
5187    -1833349.625000
5188    -1833351.750000
5189    -1833353.750000
5190    -1833355.625000
5191    -1833358.250000
5192    -1833360.000000
5193    -1833362.000000
5194    -1833364.125000
5195    -1833366.125000
5196    -1833368.000000
5197    -1833370.250000
5198    -1833372.375000
5199    -1833374.250000
5200    -1833376.250000
5201    -1833378.500000
5202    -1833380.250000
5203    -1833382.500000
5204    -1833384.500000
5205    -1833386.500000
5206    -1833388.375000
5207    -1833390.500000
5208    -1833392.500000
5209    -1833394.250000
5210    -1833396.125000
5211    -1833398.250000
5212    -1833400.250000
5213    -1833402.250000
5214    -1833404.125000
5215    -1833406.250000
5216    -1833408.000000
5217    -1833410.000000
5218    -1833412.000000
5219    -1833414.000000
5220    -1833416.250000
5221    -1833417.500000
5222    -1833419.875000
5223    -1833421.750000
5224    -1833423.750000
5225    -1833425.625000
5226    -1833427.500000
5227    -1833429.500000
5228    -1833431.375000
5229    -1833433.500000
5230    -1833435.375000
5231    -1833437.000000
5232    -1833439.250000
5233    -1833441.000000
5234    -1833442.875000
5235    -1833445.000000
5236    -1833446.750000
5237    -1833448.500000
5238    -1833450.625000
5239    -1833452.250000
5240    -1833454.250000
5241    -1833456.125000
5242    -1833458.000000
5243    -1833460.000000
5244    -1833461.750000
5245    -1833463.500000
5246    -1833465.750000
5247    -1833467.500000
5248    -1833469.250000
5249    -1833471.000000
5250    -1833472.750000
5251    -1833474.750000
5252    -1833476.750000
5253    -1833478.375000
5254    -1833480.500000
5255    -1833482.125000
5256    -1833484.000000
5257    -1833486.000000
5258    -1833487.500000
5259    -1833489.750000
5260    -1833491.500000
5261    -1833493.375000
5262    -1833495.250000
5263    -1833497.125000
5264    -1833499.125000
5265    -1833500.875000
5266    -1833502.750000
5267    -1833504.500000
5268    -1833506.500000
5269    -1833508.125000
5270    -1833510.125000
5271    -1833511.875000
5272    -1833513.750000
5273    -1833515.500000
5274    -1833517.250000
5275    -1833519.375000
5276    -1833521.375000
5277    -1833523.125000
5278    -1833524.875000
5279    -1833526.875000
5280    -1833528.500000
5281    -1833530.625000
5282    -1833532.500000
5283    -1833534.000000
5284    -1833536.250000
5285    -1833537.875000
5286    -1833539.750000
5287    -1833541.750000
5288    -1833543.250000
5289    -1833545.500000
5290    -1833547.250000
5291    -1833549.250000
5292    -1833551.000000
5293    -1833553.000000
5294    -1833554.500000
5295    -1833556.250000
5296    -1833558.500000
5297    -1833560.000000
5298    -1833562.250000
5299    -1833564.250000
5300    -1833565.750000
5301    -1833567.500000
5302    -1833569.625000
5303    -1833571.375000
5304    -1833573.000000
5305    -1833575.125000
5306    -1833577.000000
5307    -1833578.500000
5308    -1833580.625000
5309    -1833582.375000
5310    -1833584.250000
5311    -1833586.250000
5312    -1833588.125000
5313    -1833590.000000
5314    -1833591.750000
5315    -1833593.875000
5316    -1833595.750000
5317    -1833597.625000
5318    -1833599.500000
5319    -1833601.250000
5320    -1833603.250000
5321    -1833605.250000
5322    -1833607.000000
5323    -1833609.000000
5324    -1833610.750000
5325    -1833612.750000
5326    -1833614.750000
5327    -1833616.500000
5328    -1833618.500000
5329    -1833620.250000
5330    -1833622.250000
5331    -1833624.000000
5332    -1833626.000000
5333    -1833628.000000
5334    -1833630.000000
5335    -1833631.750000
5336    -1833633.750000
5337    -1833635.500000
5338    -1833637.625000
5339    -1833639.500000
5340    -1833641.500000
5341    -1833643.500000
5342    -1833645.250000
5343    -1833647.250000
5344    -1833649.375000
5345    -1833651.250000
5346    -1833653.250000
5347    -1833655.250000
5348    -1833657.125000
5349    -1833658.750000
5350    -1833661.000000
5351    -1833663.000000
5352    -1833665.000000
5353    -1833666.625000
5354    -1833668.750000
5355    -1833671.000000
5356    -1833672.875000
5357    -1833674.625000
5358    -1833676.750000
5359    -1833678.625000
5360    -1833680.625000
5361    -1833682.500000
5362    -1833684.500000
5363    -1833686.750000
5364    -1833688.875000
5365    -1833690.750000
5366    -1833692.750000
5367    -1833694.625000
5368    -1833696.500000
5369    -1833698.625000
5370    -1833700.500000
5371    -1833702.250000
5372    -1833704.625000
5373    -1833706.625000
5374    -1833708.500000
5375    -1833710.625000
5376    -1833713.000000
5377    -1833714.750000
5378    -1833716.500000
5379    -1833718.750000
5380    -1833721.000000
5381    -1833722.875000
5382    -1833724.750000
5383    -1833726.750000
5384    -1833728.750000
5385    -1833731.000000
5386    -1833733.250000
5387    -1833734.875000
5388    -1833737.000000
5389    -1833739.250000
5390    -1833741.125000
5391    -1833743.250000
5392    -1833745.375000
5393    -1833747.500000
5394    -1833749.500000
5395    -1833751.750000
5396    -1833754.000000
5397    -1833755.750000
5398    -1833758.000000
5399    -1833760.000000
5400    -1833762.250000
5401    -1833764.250000
5402    -1833766.250000
5403    -1833768.625000
5404    -1833770.500000
5405    -1833772.625000
5406    -1833774.500000
5407    -1833776.625000
5408    -1833778.875000
5409    -1833781.000000
5410    -1833783.250000
5411    -1833785.500000
5412    -1833787.500000
5413    -1833789.625000
5414    -1833791.750000
5415    -1833794.000000
5416    -1833796.250000
5417    -1833798.375000
5418    -1833800.250000
5419    -1833802.500000
5420    -1833804.500000
5421    -1833806.875000
5422    -1833808.875000
5423    -1833811.250000
5424    -1833813.250000
5425    -1833815.500000
5426    -1833817.500000
5427    -1833820.000000
5428    -1833821.875000
5429    -1833824.125000
5430    -1833826.250000
5431    -1833828.500000
5432    -1833830.750000
5433    -1833833.000000
5434    -1833835.250000
5435    -1833837.250000
5436    -1833839.375000
5437    -1833841.750000
5438    -1833843.625000
5439    -1833846.000000
5440    -1833848.250000
5441    -1833850.375000
5442    -1833852.500000
5443    -1833854.500000
5444    -1833856.750000
5445    -1833858.875000
5446    -1833861.000000
5447    -1833863.375000
5448    -1833865.625000
5449    -1833867.750000
5450    -1833869.625000
5451    -1833872.250000
5452    -1833874.000000
5453    -1833876.375000
5454    -1833878.500000
5455    -1833880.750000
5456    -1833882.750000
5457    -1833885.250000
5458    -1833887.125000
5459    -1833889.500000
5460    -1833891.625000
5461    -1833893.500000
5462    -1833896.000000
5463    -1833898.000000
5464    -1833900.250000
5465    -1833902.250000
5466    -1833904.625000
5467    -1833906.750000
5468    -1833908.625000
5469    -1833910.750000
5470    -1833913.000000
5471    -1833915.250000
5472    -1833917.250000
5473    -1833919.250000
5474    -1833921.500000
5475    -1833923.750000
5476    -1833925.875000
5477    -1833928.000000
5478    -1833930.000000
5479    -1833932.375000
5480    -1833934.500000
5481    -1833936.250000
5482    -1833938.750000
5483    -1833940.750000
5484    -1833942.625000
5485    -1833944.750000
5486    -1833946.625000
5487    -1833948.750000
5488    -1833951.000000
5489    -1833953.000000
5490    -1833955.250000
5491    -1833957.250000
5492    -1833959.000000
5493    -1833961.250000
5494    -1833963.125000
5495    -1833965.500000
5496    -1833967.625000
5497    -1833969.500000
5498    -1833971.375000
5499    -1833973.375000
5500    -1833975.250000
5501    -1833977.500000
5502    -1833979.250000
5503    -1833981.500000
5504    -1833983.750000
5505    -1833985.625000
5506    -1833987.500000
5507    -1833989.500000
5508    -1833991.625000
5509    -1833993.750000
5510    -1833995.750000
5511    -1833997.625000
5512    -1833999.750000
5513    -1834001.500000
5514    -1834003.750000
5515    -1834005.750000
5516    -1834007.625000
5517    -1834009.500000
5518    -1834011.250000
5519    -1834013.625000
5520    -1834015.750000
5521    -1834017.500000
5522    -1834019.375000
5523    -1834021.375000
5524    -1834023.375000
5525    -1834025.000000
5526    -1834027.000000
5527    -1834029.000000
5528    -1834031.000000
5529    -1834033.125000
5530    -1834034.875000
5531    -1834037.000000
5532    -1834038.625000
5533    -1834040.750000
5534    -1834042.250000
5535    -1834044.250000
5536    -1834046.500000
5537    -1834048.250000
5538    -1834050.250000
5539    -1834052.125000
5540    -1834054.000000
5541    -1834056.000000
5542    -1834057.750000
5543    -1834059.500000
5544    -1834061.500000
5545    -1834063.500000
5546    -1834065.250000
5547    -1834067.250000
5548    -1834069.000000
5549    -1834070.875000
5550    -1834072.625000
5551    -1834074.500000
5552    -1834076.375000
5553    -1834078.375000
5554    -1834080.250000
5555    -1834081.750000
5556    -1834084.000000
5557    -1834085.625000
5558    -1834087.500000
5559    -1834089.250000
5560    -1834091.250000
5561    -1834093.125000
5562    -1834094.875000
5563    -1834096.750000
5564    -1834098.500000
5565    -1834100.375000
5566    -1834102.250000
5567    -1834104.000000
5568    -1834105.625000
5569    -1834107.500000
5570    -1834109.500000
5571    -1834111.125000
5572    -1834113.000000
5573    -1834114.750000
5574    -1834116.500000
5575    -1834118.000000
5576    -1834119.750000
5577    -1834121.500000
5578    -1834123.500000
5579    -1834125.250000
5580    -1834126.875000
5581    -1834128.500000
5582    -1834130.375000
5583    -1834132.000000
5584    -1834133.750000
5585    -1834135.500000
5586    -1834137.125000
5587    -1834139.125000
5588    -1834140.750000
5589    -1834142.500000
5590    -1834144.250000
5591    -1834145.750000
5592    -1834147.375000
5593    -1834149.000000
5594    -1834151.000000
5595    -1834152.625000
5596    -1834154.250000
5597    -1834155.875000
5598    -1834157.750000
5599    -1834159.000000
5600    -1834160.750000
5601    -1834162.625000
5602    -1834164.250000
5603    -1834165.750000
5604    -1834167.500000
5605    -1834169.375000
5606    -1834171.125000
5607    -1834172.500000
5608    -1834174.250000
5609    -1834175.875000
5610    -1834177.625000
5611    -1834179.375000
5612    -1834180.625000
5613    -1834182.500000
5614    -1834183.875000
5615    -1834185.500000
5616    -1834187.000000
5617    -1834188.750000
5618    -1834190.375000
5619    -1834191.750000
5620    -1834193.375000
5621    -1834195.250000
5622    -1834196.750000
5623    -1834198.125000
5624    -1834199.625000
5625    -1834201.250000
5626    -1834202.625000
5627    -1834204.500000
5628    -1834205.750000
5629    -1834207.250000
5630    -1834208.875000
5631    -1834210.500000
5632    -1834212.000000
5633    -1834213.500000
5634    -1834215.125000
5635    -1834216.500000
5636    -1834218.000000
5637    -1834219.375000
5638    -1834221.125000
5639    -1834222.750000
5640    -1834224.125000
5641    -1834225.500000
5642    -1834227.125000
5643    -1834228.625000
5644    -1834230.250000
5645    -1834231.625000
5646    -1834233.125000
5647    -1834234.750000
5648    -1834236.000000
5649    -1834237.500000
5650    -1834239.000000
5651    -1834240.500000
5652    -1834241.875000
5653    -1834243.500000
5654    -1834244.875000
5655    -1834246.500000
5656    -1834247.625000
5657    -1834249.250000
5658    -1834250.625000
5659    -1834252.000000
5660    -1834253.500000
5661    -1834254.750000
5662    -1834256.500000
5663    -1834258.000000
5664    -1834259.250000
5665    -1834260.750000
5666    -1834262.125000
5667    -1834263.750000
5668    -1834265.250000
5669    -1834266.500000
5670    -1834268.000000
5671    -1834269.250000
5672    -1834270.750000
5673    -1834272.500000
5674    -1834273.625000
5675    -1834275.250000
5676    -1834276.500000
5677    -1834278.125000
5678    -1834279.500000
5679    -1834280.750000
5680    -1834282.125000
5681    -1834283.500000
5682    -1834284.750000
5683    -1834286.125000
5684    -1834287.500000
5685    -1834288.750000
5686    -1834290.125000
5687    -1834291.500000
5688    -1834292.875000
5689    -1834294.250000
5690    -1834295.625000
5691    -1834297.000000
5692    -1834298.250000
5693    -1834299.375000
5694    -1834301.000000
5695    -1834302.375000
5696    -1834303.500000
5697    -1834304.875000
5698    -1834306.375000
5699    -1834307.750000
5700    -1834308.750000
5701    -1834310.125000
5702    -1834311.500000
5703    -1834312.750000
5704    -1834314.125000
5705    -1834315.500000
5706    -1834316.500000
5707    -1834318.250000
5708    -1834319.125000
5709    -1834320.500000
5710    -1834321.750000
5711    -1834323.000000
5712    -1834324.625000
5713    -1834325.500000
5714    -1834326.750000
5715    -1834328.250000
5716    -1834329.500000
5717    -1834330.875000
5718    -1834332.000000
5719    -1834333.125000
5720    -1834334.500000
5721    -1834335.875000
5722    -1834337.250000
5723    -1834338.250000
5724    -1834339.500000
5725    -1834340.875000
5726    -1834342.250000
5727    -1834343.375000
5728    -1834344.625000
5729    -1834345.875000
5730    -1834347.250000
5731    -1834348.500000
5732    -1834349.625000
5733    -1834350.750000
5734    -1834351.875000
5735    -1834353.125000
5736    -1834354.375000
5737    -1834356.000000
5738    -1834357.125000
5739    -1834358.250000
5740    -1834359.375000
5741    -1834360.500000
5742    -1834361.875000
5743    -1834363.125000
5744    -1834364.250000
5745    -1834365.500000
5746    -1834367.000000
5747    -1834368.000000
5748    -1834369.000000
5749    -1834370.250000
5750    -1834371.500000
5751    -1834373.000000
5752    -1834374.000000
5753    -1834375.250000
5754    -1834376.250000
5755    -1834377.500000
5756    -1834378.750000
5757    -1834379.750000
5758    -1834381.000000
5759    -1834382.250000
5760    -1834383.625000
5761    -1834384.750000
5762    -1834386.125000
5763    -1834387.000000
5764    -1834388.250000
5765    -1834389.500000
5766    -1834390.625000
5767    -1834391.750000
5768    -1834392.750000
5769    -1834394.000000
5770    -1834395.250000
5771    -1834396.500000
5772    -1834397.750000
5773    -1834398.750000
5774    -1834400.000000
5775    -1834401.000000
5776    -1834402.250000
5777    -1834403.500000
5778    -1834404.625000
5779    -1834405.750000
5780    -1834406.875000
5781    -1834407.875000
5782    -1834409.250000
5783    -1834410.250000
5784    -1834411.500000
5785    -1834412.500000
5786    -1834413.500000
5787    -1834414.750000
5788    -1834415.750000
5789    -1834417.125000
5790    -1834418.375000
5791    -1834419.375000
5792    -1834420.500000
5793    -1834421.500000
5794    -1834423.000000
5795    -1834423.875000
5796    -1834425.000000
5797    -1834426.250000
5798    -1834427.500000
5799    -1834428.500000
5800    -1834429.250000
5801    -1834430.875000
5802    -1834431.625000
5803    -1834433.000000
5804    -1834433.875000
5805    -1834435.250000
5806    -1834436.250000
5807    -1834437.375000
5808    -1834438.625000
5809    -1834439.500000
5810    -1834440.750000
5811    -1834441.750000
5812    -1834442.750000
5813    -1834443.750000
5814    -1834445.375000
5815    -1834446.375000
5816    -1834447.500000
5817    -1834448.625000
5818    -1834449.625000
5819    -1834450.500000
5820    -1834452.000000
5821    -1834452.875000
5822    -1834454.000000
5823    -1834455.125000
5824    -1834456.375000
5825    -1834457.250000
5826    -1834458.500000
5827    -1834459.500000
5828    -1834460.875000
5829    -1834462.000000
5830    -1834463.125000
5831    -1834464.250000
5832    -1834465.000000
5833    -1834466.250000
5834    -1834467.500000
5835    -1834468.250000
5836    -1834469.500000
5837    -1834470.750000
5838    -1834471.750000
5839    -1834472.875000
5840    -1834474.000000
5841    -1834475.000000
5842    -1834476.250000
5843    -1834477.500000
5844    -1834478.375000
5845    -1834479.250000
5846    -1834480.750000
5847    -1834481.500000
5848    -1834482.500000
5849    -1834484.000000
5850    -1834485.000000
5851    -1834486.125000
5852    -1834487.250000
5853    -1834488.250000
5854    -1834489.500000
5855    -1834490.500000
5856    -1834491.500000
5857    -1834492.750000
5858    -1834493.625000
5859    -1834495.000000
5860    -1834496.125000
5861    -1834497.375000
5862    -1834498.375000
5863    -1834499.375000
5864    -1834500.375000
5865    -1834501.500000
5866    -1834502.750000
5867    -1834503.875000
5868    -1834504.875000
5869    -1834506.125000
5870    -1834507.250000
5871    -1834508.375000
5872    -1834509.500000
5873    -1834510.500000
5874    -1834511.625000
5875    -1834513.000000
5876    -1834514.000000
5877    -1834515.125000
5878    -1834516.000000
5879    -1834517.125000
5880    -1834518.500000
5881    -1834519.750000
5882    -1834520.750000
5883    -1834521.625000
5884    -1834523.000000
5885    -1834523.875000
5886    -1834525.125000
5887    -1834526.375000
5888    -1834527.250000
5889    -1834528.500000
5890    -1834529.750000
5891    -1834531.000000
5892    -1834531.750000
5893    -1834533.000000
5894    -1834534.000000
5895    -1834535.500000
5896    -1834536.250000
5897    -1834537.500000
5898    -1834538.750000
5899    -1834539.875000
5900    -1834540.625000
5901    -1834541.875000
5902    -1834543.000000
5903    -1834544.500000
5904    -1834545.125000
5905    -1834546.250000
5906    -1834547.750000
5907    -1834548.750000
5908    -1834549.750000
5909    -1834550.750000
5910    -1834552.000000
5911    -1834553.250000
5912    -1834554.500000
5913    -1834555.500000
5914    -1834556.500000
5915    -1834557.750000
5916    -1834558.500000
5917    -1834559.625000
5918    -1834561.000000
5919    -1834562.250000
5920    -1834563.125000
5921    -1834564.250000
5922    -1834565.250000
5923    -1834566.250000
5924    -1834567.625000
5925    -1834569.000000
5926    -1834570.250000
5927    -1834571.000000
5928    -1834572.000000
5929    -1834573.250000
5930    -1834574.125000
5931    -1834575.375000
5932    -1834576.500000
5933    -1834577.375000
5934    -1834578.750000
5935    -1834579.625000
5936    -1834580.750000
5937    -1834581.750000
5938    -1834583.250000
5939    -1834584.250000
5940    -1834585.250000
5941    -1834586.250000
5942    -1834587.375000
5943    -1834588.375000
5944    -1834589.500000
5945    -1834590.750000
5946    -1834592.000000
5947    -1834593.000000
5948    -1834594.125000
5949    -1834595.125000
5950    -1834596.250000
5951    -1834597.250000
5952    -1834598.375000
5953    -1834599.375000
5954    -1834600.500000
5955    -1834601.750000
5956    -1834602.875000
5957    -1834603.875000
5958    -1834605.000000
5959    -1834606.000000
5960    -1834607.000000
5961    -1834608.250000
5962    -1834609.250000
5963    -1834610.375000
5964    -1834611.375000
5965    -1834612.500000
5966    -1834613.375000
5967    -1834614.750000
5968    -1834615.750000
5969    -1834616.625000
5970    -1834617.500000
5971    -1834618.750000
5972    -1834619.875000
5973    -1834621.000000
5974    -1834622.000000
5975    -1834623.000000
5976    -1834624.250000
5977    -1834625.250000
5978    -1834626.500000
5979    -1834627.375000
5980    -1834628.500000
5981    -1834629.375000
5982    -1834630.750000
5983    -1834631.875000
5984    -1834632.875000
5985    -1834634.000000
5986    -1834635.250000
5987    -1834636.250000
5988    -1834637.250000
5989    -1834638.125000
5990    -1834639.500000
5991    -1834640.375000
5992    -1834641.750000
5993    -1834642.500000
5994    -1834643.500000
5995    -1834645.000000
5996    -1834646.000000
5997    -1834646.875000
5998    -1834648.125000
5999    -1834649.125000
6000    -1834650.125000
6001    -1834651.000000
6002    -1834652.250000
6003    -1834653.500000
6004    -1834654.375000
6005    -1834655.500000
6006    -1834656.750000
6007    -1834657.750000
6008    -1834658.750000
6009    -1834660.000000
6010    -1834660.750000
6011    -1834661.750000
6012    -1834663.000000
6013    -1834664.000000
6014    -1834665.125000
6015    -1834666.250000
6016    -1834667.375000
6017    -1834668.500000
6018    -1834669.375000
6019    -1834670.500000
6020    -1834671.500000
6021    -1834672.500000
6022    -1834674.000000
6023    -1834675.000000
6024    -1834676.000000
6025    -1834677.000000
6026    -1834678.375000
6027    -1834679.000000
6028    -1834680.250000
6029    -1834681.375000
6030    -1834682.625000
6031    -1834683.750000
6032    -1834684.750000
6033    -1834686.000000
6034    -1834687.000000
6035    -1834688.000000
6036    -1834689.000000
6037    -1834690.125000
6038    -1834691.000000
6039    -1834692.500000
6040    -1834693.500000
6041    -1834694.500000
6042    -1834695.750000
6043    -1834696.750000
6044    -1834697.750000
6045    -1834699.000000
6046    -1834700.000000
6047    -1834701.125000
6048    -1834702.250000
6049    -1834703.250000
6050    -1834704.750000
6051    -1834705.750000
6052    -1834706.750000
6053    -1834708.000000
6054    -1834708.875000
6055    -1834710.125000
6056    -1834711.250000
6057    -1834712.250000
6058    -1834713.500000
6059    -1834714.500000
6060    -1834715.750000
6061    -1834716.750000
6062    -1834718.000000
6063    -1834719.000000
6064    -1834720.250000
6065    -1834721.500000
6066    -1834722.500000
6067    -1834723.750000
6068    -1834724.750000
6069    -1834726.000000
6070    -1834726.875000
6071    -1834728.375000
6072    -1834729.250000
6073    -1834730.250000
6074    -1834731.500000
6075    -1834732.750000
6076    -1834734.000000
6077    -1834735.125000
6078    -1834736.125000
6079    -1834737.500000
6080    -1834738.250000
6081    -1834739.750000
6082    -1834741.000000
6083    -1834742.000000
6084    -1834742.875000
6085    -1834744.250000
6086    -1834745.500000
6087    -1834746.750000
6088    -1834748.000000
6089    -1834749.000000
6090    -1834750.250000
6091    -1834751.250000
6092    -1834752.500000
6093    -1834753.750000
6094    -1834754.750000
6095    -1834756.000000
6096    -1834757.250000
6097    -1834758.500000
6098    -1834759.625000
6099    -1834760.750000
6100    -1834762.000000
6101    -1834763.375000
6102    -1834764.375000
6103    -1834765.625000
6104    -1834766.750000
6105    -1834768.250000
6106    -1834769.375000
6107    -1834770.625000
6108    -1834771.625000
6109    -1834773.000000
6110    -1834774.000000
6111    -1834775.500000
6112    -1834776.375000
6113    -1834777.750000
6114    -1834778.875000
6115    -1834780.000000
6116    -1834781.500000
6117    -1834782.750000
6118    -1834783.875000
6119    -1834785.000000
6120    -1834786.500000
6121    -1834787.750000
6122    -1834788.750000
6123    -1834790.125000
6124    -1834791.375000
6125    -1834792.750000
6126    -1834794.125000
6127    -1834795.500000
6128    -1834796.375000
6129    -1834797.750000
6130    -1834799.000000
6131    -1834800.375000
6132    -1834801.500000
6133    -1834803.000000
6134    -1834804.250000
6135    -1834805.375000
6136    -1834806.750000
6137    -1834808.125000
6138    -1834809.250000
6139    -1834810.375000
6140    -1834811.750000
6141    -1834813.250000
6142    -1834814.250000
6143    -1834815.500000
6144    -1834816.750000
6145    -1834818.250000
6146    -1834819.625000
6147    -1834821.000000
6148    -1834822.250000
6149    -1834823.750000
6150    -1834824.875000
6151    -1834826.250000
6152    -1834827.625000
6153    -1834828.750000
6154    -1834830.250000
6155    -1834831.625000
6156    -1834832.875000
6157    -1834834.250000
6158    -1834835.375000
6159    -1834836.875000
6160    -1834838.375000
6161    -1834839.500000
6162    -1834841.000000
6163    -1834842.375000
6164    -1834843.500000
6165    -1834845.000000
6166    -1834846.250000
6167    -1834847.750000
6168    -1834849.250000
6169    -1834850.500000
6170    -1834851.875000
6171    -1834853.500000
6172    -1834854.500000
6173    -1834855.875000
6174    -1834857.375000
6175    -1834858.750000
6176    -1834860.000000
6177    -1834861.625000
6178    -1834862.750000
6179    -1834864.250000
6180    -1834865.500000
6181    -1834867.000000
6182    -1834868.250000
6183    -1834869.750000
6184    -1834871.000000
6185    -1834872.500000
6186    -1834873.750000
6187    -1834875.375000
6188    -1834876.750000
6189    -1834878.000000
6190    -1834879.500000
6191    -1834880.750000
6192    -1834882.250000
6193    -1834883.625000
6194    -1834885.000000
6195    -1834886.250000
6196    -1834887.750000
6197    -1834889.000000
6198    -1834890.750000
6199    -1834892.000000
6200    -1834893.250000
6201    -1834895.000000
6202    -1834896.125000
6203    -1834897.500000
6204    -1834899.125000
6205    -1834900.500000
6206    -1834901.875000
6207    -1834903.250000
6208    -1834904.750000
6209    -1834906.250000
6210    -1834907.750000
6211    -1834909.250000
6212    -1834910.375000
6213    -1834911.625000
6214    -1834913.000000
6215    -1834914.500000
6216    -1834916.000000
6217    -1834917.500000
6218    -1834918.750000
6219    -1834920.125000
6220    -1834921.750000
6221    -1834923.000000
6222    -1834924.500000
6223    -1834926.000000
6224    -1834927.375000
6225    -1834928.750000
6226    -1834930.250000
6227    -1834931.750000
6228    -1834933.125000
6229    -1834934.500000
6230    -1834935.750000
6231    -1834937.500000
6232    -1834939.000000
6233    -1834940.375000
6234    -1834941.625000
6235    -1834943.125000
6236    -1834944.750000
6237    -1834946.250000
6238    -1834947.500000
6239    -1834949.125000
6240    -1834950.500000
6241    -1834952.250000
6242    -1834953.500000
6243    -1834955.000000
6244    -1834956.250000
6245    -1834957.750000
6246    -1834959.375000
6247    -1834960.750000
6248    -1834962.000000
6249    -1834963.625000
6250    -1834965.125000
6251    -1834966.500000
6252    -1834968.000000
6253    -1834969.500000
6254    -1834971.000000
6255    -1834972.500000
6256    -1834973.875000
6257    -1834975.625000
6258    -1834977.000000
6259    -1834978.500000
6260    -1834979.875000
6261    -1834981.500000
6262    -1834983.000000
6263    -1834984.250000
6264    -1834985.750000
6265    -1834987.250000
6266    -1834988.750000
6267    -1834990.250000
6268    -1834991.750000
6269    -1834993.250000
6270    -1834994.750000
6271    -1834996.250000
6272    -1834997.750000
6273    -1834999.250000
6274    -1835000.750000
6275    -1835002.125000
6276    -1835003.750000
6277    -1835005.000000
6278    -1835006.750000
6279    -1835008.250000
6280    -1835009.625000
6281    -1835011.250000
6282    -1835012.625000
6283    -1835014.000000
6284    -1835015.750000
6285    -1835017.000000
6286    -1835018.750000
6287    -1835020.125000
6288    -1835021.750000
6289    -1835023.250000
6290    -1835024.625000
6291    -1835026.250000
6292    -1835027.750000
6293    -1835029.000000
6294    -1835030.625000
6295    -1835032.125000
6296    -1835033.750000
6297    -1835035.250000
6298    -1835036.750000
6299    -1835038.375000
6300    -1835039.750000
6301    -1835041.000000
6302    -1835042.750000
6303    -1835044.000000
6304    -1835046.000000
6305    -1835047.250000
6306    -1835048.750000
6307    -1835050.250000
6308    -1835052.125000
6309    -1835053.625000
6310    -1835055.000000
6311    -1835056.250000
6312    -1835057.625000
6313    -1835059.500000
6314    -1835060.750000
6315    -1835062.750000
6316    -1835063.875000
6317    -1835065.625000
6318    -1835067.000000
6319    -1835068.250000
6320    -1835069.750000
6321    -1835071.250000
6322    -1835072.750000
6323    -1835074.500000
6324    -1835075.750000
6325    -1835077.375000
6326    -1835078.750000
6327    -1835080.500000
6328    -1835082.000000
6329    -1835083.500000
6330    -1835085.000000
6331    -1835086.500000
6332    -1835087.875000
6333    -1835089.500000
6334    -1835091.000000
6335    -1835092.250000
6336    -1835093.750000
6337    -1835095.375000
6338    -1835097.000000
6339    -1835098.250000
6340    -1835099.750000
6341    -1835101.250000
6342    -1835102.625000
6343    -1835104.000000
6344    -1835105.625000
6345    -1835107.000000
6346    -1835108.500000
6347    -1835110.000000
6348    -1835111.250000
6349    -1835112.875000
6350    -1835114.250000
6351    -1835115.750000
6352    -1835117.250000
6353    -1835118.500000
6354    -1835120.000000
6355    -1835121.500000
6356    -1835123.125000
6357    -1835124.250000
6358    -1835125.875000
6359    -1835127.250000
6360    -1835128.500000
6361    -1835130.000000
6362    -1835131.750000
6363    -1835133.000000
6364    -1835134.500000
6365    -1835135.750000
6366    -1835137.250000
6367    -1835138.500000
6368    -1835140.000000
6369    -1835141.625000
6370    -1835142.750000
6371    -1835144.375000
6372    -1835145.750000
6373    -1835147.250000
6374    -1835148.500000
6375    -1835150.000000
6376    -1835151.500000
6377    -1835152.750000
6378    -1835154.250000
6379    -1835155.500000
6380    -1835157.000000
6381    -1835158.250000
6382    -1835159.625000
6383    -1835161.250000
6384    -1835162.500000
6385    -1835163.750000
6386    -1835165.250000
6387    -1835166.500000
6388    -1835168.000000
6389    -1835169.125000
6390    -1835170.625000
6391    -1835172.125000
6392    -1835173.500000
6393    -1835174.750000
6394    -1835176.000000
6395    -1835177.500000
6396    -1835178.500000
6397    -1835180.000000
6398    -1835181.125000
6399    -1835182.625000
6400    -1835183.875000
6401    -1835185.250000
6402    -1835186.625000
6403    -1835188.000000
6404    -1835189.500000
6405    -1835190.625000
6406    -1835192.000000
6407    -1835193.500000
6408    -1835194.875000
6409    -1835196.125000
6410    -1835197.250000
6411    -1835198.750000
6412    -1835200.000000
6413    -1835201.125000
6414    -1835202.375000
6415    -1835203.625000
6416    -1835205.250000
6417    -1835206.500000
6418    -1835207.875000
6419    -1835209.250000
6420    -1835210.625000
6421    -1835211.750000
6422    -1835213.000000
6423    -1835214.250000
6424    -1835215.750000
6425    -1835216.625000
6426    -1835218.000000
6427    -1835219.250000
6428    -1835220.500000
6429    -1835221.750000
6430    -1835223.250000
6431    -1835224.750000
6432    -1835225.875000
6433    -1835227.125000
6434    -1835228.375000
6435    -1835229.625000
6436    -1835230.875000
6437    -1835232.000000
6438    -1835233.500000
6439    -1835234.500000
6440    -1835236.000000
6441    -1835237.125000
6442    -1835238.500000
6443    -1835240.000000
6444    -1835241.000000
6445    -1835242.500000
6446    -1835243.750000
6447    -1835244.875000
6448    -1835246.000000
6449    -1835247.625000
6450    -1835248.750000
6451    -1835250.250000
6452    -1835251.750000
6453    -1835252.750000
6454    -1835254.000000
6455    -1835255.375000
6456    -1835256.750000
6457    -1835258.000000
6458    -1835259.250000
6459    -1835260.750000
6460    -1835261.750000
6461    -1835263.250000
6462    -1835264.500000
6463    -1835265.875000
6464    -1835267.250000
6465    -1835268.250000
6466    -1835269.625000
6467    -1835271.000000
6468    -1835272.250000
6469    -1835273.500000
6470    -1835274.750000
6471    -1835276.125000
6472    -1835277.500000
6473    -1835278.500000
6474    -1835279.750000
6475    -1835281.000000
6476    -1835282.500000
6477    -1835283.875000
6478    -1835285.250000
6479    -1835286.500000
6480    -1835287.750000
6481    -1835289.000000
6482    -1835290.250000
6483    -1835291.625000
6484    -1835293.000000
6485    -1835293.875000
6486    -1835295.500000
6487    -1835296.750000
6488    -1835298.000000
6489    -1835299.250000
6490    -1835300.750000
6491    -1835301.750000
6492    -1835303.250000
6493    -1835304.500000
6494    -1835305.875000
6495    -1835307.125000
6496    -1835308.500000
6497    -1835310.000000
6498    -1835311.000000
6499    -1835312.250000
6500    -1835313.625000
6501    -1835315.000000
6502    -1835316.250000
6503    -1835317.500000
6504    -1835318.625000
6505    -1835320.000000
6506    -1835321.500000
6507    -1835322.750000
6508    -1835324.000000
6509    -1835325.250000
6510    -1835326.500000
6511    -1835327.750000
6512    -1835329.000000
6513    -1835330.250000
6514    -1835331.750000
6515    -1835333.000000
6516    -1835334.250000
6517    -1835335.625000
6518    -1835337.000000
6519    -1835338.250000
6520    -1835339.375000
6521    -1835340.625000
6522    -1835342.000000
6523    -1835343.000000
6524    -1835344.500000
6525    -1835345.875000
6526    -1835347.250000
6527    -1835348.500000
6528    -1835349.875000
6529    -1835351.000000
6530    -1835352.250000
6531    -1835353.750000
6532    -1835355.000000
6533    -1835356.000000
6534    -1835357.125000
6535    -1835358.750000
6536    -1835359.625000
6537    -1835361.000000
6538    -1835362.250000
6539    -1835363.500000
6540    -1835365.000000
6541    -1835365.875000
6542    -1835367.375000
6543    -1835368.625000
6544    -1835369.750000
6545    -1835371.125000
6546    -1835372.375000
6547    -1835373.500000
6548    -1835374.750000
6549    -1835376.000000
6550    -1835377.375000
6551    -1835378.500000
6552    -1835379.625000
6553    -1835381.000000
6554    -1835382.000000
6555    -1835383.375000
6556    -1835384.500000
6557    -1835385.750000
6558    -1835386.750000
6559    -1835388.500000
6560    -1835389.500000
6561    -1835390.750000
6562    -1835392.125000
6563    -1835393.125000
6564    -1835394.500000
6565    -1835395.500000
6566    -1835396.875000
6567    -1835398.000000
6568    -1835399.125000
6569    -1835400.500000
6570    -1835401.500000
6571    -1835402.875000
6572    -1835404.000000
6573    -1835405.125000
6574    -1835406.500000
6575    -1835407.500000
6576    -1835409.000000
6577    -1835410.000000
6578    -1835411.250000
6579    -1835412.000000
6580    -1835413.625000
6581    -1835414.625000
6582    -1835416.000000
6583    -1835417.125000
6584    -1835418.250000
6585    -1835419.500000
6586    -1835420.500000
6587    -1835422.000000
6588    -1835423.000000
6589    -1835424.250000
6590    -1835425.250000
6591    -1835426.375000
6592    -1835427.500000
6593    -1835428.750000
6594    -1835430.000000
6595    -1835431.000000
6596    -1835432.250000
6597    -1835433.625000
6598    -1835434.625000
6599    -1835435.500000
6600    -1835436.750000
6601    -1835438.000000
6602    -1835439.125000
6603    -1835440.250000
6604    -1835441.125000
6605    -1835442.500000
6606    -1835443.750000
6607    -1835445.000000
6608    -1835445.875000
6609    -1835447.000000
6610    -1835448.000000
6611    -1835449.250000
6612    -1835450.250000
6613    -1835451.500000
6614    -1835452.750000
6615    -1835453.500000
6616    -1835454.750000
6617    -1835455.875000
6618    -1835456.750000
6619    -1835458.000000
6620    -1835459.125000
6621    -1835460.250000
6622    -1835461.250000
6623    -1835462.250000
6624    -1835463.500000
6625    -1835464.500000
6626    -1835465.750000
6627    -1835466.750000
6628    -1835467.750000
6629    -1835469.125000
6630    -1835469.500000
6631    -1835471.000000
6632    -1835472.125000
6633    -1835473.250000
6634    -1835474.375000
6635    -1835475.250000
6636    -1835476.250000
6637    -1835477.375000
6638    -1835478.500000
6639    -1835479.500000
6640    -1835480.625000
6641    -1835481.500000
6642    -1835482.500000
6643    -1835483.875000
6644    -1835484.750000
6645    -1835485.750000
6646    -1835486.750000
6647    -1835487.625000
6648    -1835489.000000
6649    -1835489.625000
6650    -1835490.750000
6651    -1835492.125000
6652    -1835492.875000
6653    -1835494.000000
6654    -1835494.875000
6655    -1835496.000000
6656    -1835497.000000
6657    -1835497.750000
6658    -1835499.000000
6659    -1835500.000000
6660    -1835501.000000
6661    -1835502.125000
6662    -1835503.000000
6663    -1835504.250000
6664    -1835505.250000
6665    -1835506.250000
6666    -1835507.250000
6667    -1835508.125000
6668    -1835509.250000
6669    -1835510.250000
6670    -1835511.000000
6671    -1835512.375000
6672    -1835513.375000
6673    -1835514.500000
6674    -1835515.250000
6675    -1835516.375000
6676    -1835517.250000
6677    -1835518.500000
6678    -1835519.375000
6679    -1835520.500000
6680    -1835521.500000
6681    -1835522.500000
6682    -1835523.750000
6683    -1835524.500000
6684    -1835525.750000
6685    -1835526.750000
6686    -1835527.750000
6687    -1835528.875000
6688    -1835529.750000
6689    -1835530.500000
6690    -1835531.750000
6691    -1835533.000000
6692    -1835534.125000
6693    -1835534.875000
6694    -1835536.125000
6695    -1835537.000000
6696    -1835538.125000
6697    -1835539.250000
6698    -1835540.375000
6699    -1835541.500000
6700    -1835542.500000
6701    -1835543.375000
6702    -1835544.500000
6703    -1835545.375000
6704    -1835546.875000
6705    -1835547.500000
6706    -1835548.750000
6707    -1835549.750000
6708    -1835551.000000
6709    -1835552.000000
6710    -1835553.000000
6711    -1835554.000000
6712    -1835555.125000
6713    -1835556.375000
6714    -1835557.500000
6715    -1835558.750000
6716    -1835559.750000
6717    -1835560.625000
6718    -1835561.500000
6719    -1835562.750000
6720    -1835563.875000
6721    -1835565.125000
6722    -1835566.250000
6723    -1835567.250000
6724    -1835568.250000
6725    -1835569.625000
6726    -1835570.500000
6727    -1835571.750000
6728    -1835572.875000
6729    -1835573.750000
6730    -1835575.000000
6731    -1835576.125000
6732    -1835577.000000
6733    -1835578.500000
6734    -1835579.500000
6735    -1835580.750000
6736    -1835581.750000
6737    -1835583.000000
6738    -1835583.875000
6739    -1835585.000000
6740    -1835586.250000
6741    -1835587.500000
6742    -1835588.875000
6743    -1835589.875000
6744    -1835590.875000
6745    -1835592.000000
6746    -1835593.250000
6747    -1835594.250000
6748    -1835595.750000
6749    -1835596.750000
6750    -1835598.000000
6751    -1835599.125000
6752    -1835600.250000
6753    -1835601.375000
6754    -1835602.625000
6755    -1835603.750000
6756    -1835605.000000
6757    -1835606.125000
6758    -1835607.500000
6759    -1835608.500000
6760    -1835609.625000
6761    -1835611.125000
6762    -1835612.250000
6763    -1835613.250000
6764    -1835614.500000
6765    -1835615.750000
6766    -1835616.750000
6767    -1835618.250000
6768    -1835619.375000
6769    -1835620.500000
6770    -1835621.750000
6771    -1835623.000000
6772    -1835624.125000
6773    -1835625.250000
6774    -1835626.500000
6775    -1835627.500000
6776    -1835628.875000
6777    -1835630.250000
6778    -1835631.250000
6779    -1835632.500000
6780    -1835633.750000
6781    -1835635.250000
6782    -1835636.250000
6783    -1835637.500000
6784    -1835638.750000
6785    -1835640.000000
6786    -1835641.250000
6787    -1835642.500000
6788    -1835643.750000
6789    -1835645.125000
6790    -1835646.250000
6791    -1835647.375000
6792    -1835648.875000
6793    -1835650.125000
6794    -1835651.250000
6795    -1835652.625000
6796    -1835654.000000
6797    -1835655.250000
6798    -1835656.250000
6799    -1835657.750000
6800    -1835658.875000
6801    -1835660.250000
6802    -1835661.375000
6803    -1835662.875000
6804    -1835664.000000
6805    -1835665.250000
6806    -1835666.625000
6807    -1835668.000000
6808    -1835669.250000
6809    -1835670.625000
6810    -1835672.000000
6811    -1835673.375000
6812    -1835674.750000
6813    -1835676.000000
6814    -1835677.125000
6815    -1835678.625000
6816    -1835679.750000
6817    -1835681.250000
6818    -1835682.625000
6819    -1835683.750000
6820    -1835685.125000
6821    -1835686.625000
6822    -1835688.000000
6823    -1835689.125000
6824    -1835690.500000
6825    -1835691.875000
6826    -1835693.250000
6827    -1835694.750000
6828    -1835696.000000
6829    -1835697.250000
6830    -1835698.750000
6831    -1835700.125000
6832    -1835701.375000
6833    -1835702.750000
6834    -1835704.250000
6835    -1835705.375000
6836    -1835707.000000
6837    -1835708.375000
6838    -1835709.375000
6839    -1835710.875000
6840    -1835712.500000
6841    -1835713.750000
6842    -1835715.000000
6843    -1835716.500000
6844    -1835718.000000
6845    -1835719.250000
6846    -1835720.750000
6847    -1835722.250000
6848    -1835723.625000
6849    -1835724.875000
6850    -1835726.250000
6851    -1835727.875000
6852    -1835729.250000
6853    -1835730.750000
6854    -1835732.375000
6855    -1835733.625000
6856    -1835735.000000
6857    -1835736.500000
6858    -1835737.875000
6859    -1835739.500000
6860    -1835740.750000
6861    -1835742.375000
6862    -1835743.750000
6863    -1835745.250000
6864    -1835746.500000
6865    -1835748.000000
6866    -1835749.500000
6867    -1835751.250000
6868    -1835752.625000
6869    -1835754.250000
6870    -1835755.750000
6871    -1835757.125000
6872    -1835758.750000
6873    -1835760.125000
6874    -1835761.750000
6875    -1835763.125000
6876    -1835764.750000
6877    -1835766.125000
6878    -1835767.625000
6879    -1835769.250000
6880    -1835770.625000
6881    -1835772.250000
6882    -1835773.875000
6883    -1835775.750000
6884    -1835777.000000
6885    -1835778.750000
6886    -1835780.250000
6887    -1835781.750000
6888    -1835783.250000
6889    -1835784.875000
6890    -1835786.375000
6891    -1835788.125000
6892    -1835789.750000
6893    -1835791.375000
6894    -1835792.750000
6895    -1835794.500000
6896    -1835796.000000
6897    -1835797.500000
6898    -1835799.250000
6899    -1835800.750000
6900    -1835802.250000
6901    -1835804.000000
6902    -1835805.625000
6903    -1835807.375000
6904    -1835809.000000
6905    -1835810.625000
6906    -1835812.375000
6907    -1835814.000000
6908    -1835815.500000
6909    -1835817.250000
6910    -1835818.750000
6911    -1835820.500000
6912    -1835822.250000
6913    -1835823.750000
6914    -1835825.375000
6915    -1835827.125000
6916    -1835828.750000
6917    -1835830.625000
6918    -1835832.250000
6919    -1835834.000000
6920    -1835835.625000
6921    -1835837.125000
6922    -1835839.000000
6923    -1835840.625000
6924    -1835842.250000
6925    -1835843.750000
6926    -1835845.750000
6927    -1835847.250000
6928    -1835849.000000
6929    -1835850.625000
6930    -1835852.250000
6931    -1835854.125000
6932    -1835855.750000
6933    -1835857.750000
6934    -1835859.375000
6935    -1835861.000000
6936    -1835862.750000
6937    -1835864.250000
6938    -1835866.125000
6939    -1835867.750000
6940    -1835869.750000
6941    -1835871.500000
6942    -1835873.125000
6943    -1835874.875000
6944    -1835876.750000
6945    -1835878.500000
6946    -1835880.125000
6947    -1835881.875000
6948    -1835883.875000
6949    -1835885.750000
6950    -1835887.250000
6951    -1835888.750000
6952    -1835890.750000
6953    -1835892.500000
6954    -1835894.125000
6955    -1835896.000000
6956    -1835897.750000
6957    -1835899.625000
6958    -1835901.250000
6959    -1835903.250000
6960    -1835905.000000
6961    -1835906.500000
6962    -1835908.375000
6963    -1835910.125000
6964    -1835912.000000
6965    -1835913.500000
6966    -1835915.500000
6967    -1835917.125000
6968    -1835919.000000
6969    -1835920.625000
6970    -1835922.500000
6971    -1835924.125000
6972    -1835926.000000
6973    -1835927.625000
6974    -1835929.500000
6975    -1835931.000000
6976    -1835933.000000
6977    -1835934.750000
6978    -1835936.250000
6979    -1835938.375000
6980    -1835940.250000
6981    -1835941.750000
6982    -1835943.500000
6983    -1835945.250000
6984    -1835947.250000
6985    -1835949.000000
6986    -1835950.750000
6987    -1835952.250000
6988    -1835954.000000
6989    -1835955.875000
6990    -1835957.625000
6991    -1835959.250000
6992    -1835961.000000
6993    -1835962.625000
6994    -1835964.500000
6995    -1835966.125000
6996    -1835967.750000
6997    -1835969.750000
6998    -1835971.500000
6999    -1835973.250000
7000    -1835974.750000
7001    -1835976.500000
7002    -1835978.250000
7003    -1835980.125000
7004    -1835981.750000
7005    -1835983.750000
7006    -1835985.375000
7007    -1835987.000000
7008    -1835988.750000
7009    -1835990.250000
7010    -1835992.125000
7011    -1835993.875000
7012    -1835995.750000
7013    -1835997.375000
7014    -1835999.000000
7015    -1836000.625000
7016    -1836002.500000
7017    -1836004.125000
7018    -1836005.750000
7019    -1836007.625000
7020    -1836009.250000
7021    -1836010.750000
7022    -1836012.500000
7023    -1836014.375000
7024    -1836015.875000
7025    -1836017.500000
7026    -1836019.500000
7027    -1836021.125000
7028    -1836022.750000
7029    -1836024.375000
7030    -1836026.000000
7031    -1836028.000000
7032    -1836029.625000
7033    -1836031.250000
7034    -1836032.750000
7035    -1836034.750000
7036    -1836036.375000
7037    -1836038.125000
7038    -1836039.750000
7039    -1836041.250000
7040    -1836043.250000
7041    -1836044.500000
7042    -1836046.250000
7043    -1836047.875000
7044    -1836049.500000
7045    -1836051.250000
7046    -1836053.000000
7047    -1836054.625000
7048    -1836056.250000
7049    -1836057.875000
7050    -1836059.500000
7051    -1836061.000000
7052    -1836062.875000
7053    -1836064.625000
7054    -1836066.000000
7055    -1836067.750000
7056    -1836069.375000
7057    -1836071.000000
7058    -1836072.625000
7059    -1836074.375000
7060    -1836075.875000
7061    -1836077.500000
7062    -1836079.000000
7063    -1836080.500000
7064    -1836082.250000
7065    -1836083.750000
7066    -1836085.250000
7067    -1836087.000000
7068    -1836088.625000
7069    -1836090.250000
7070    -1836091.625000
7071    -1836093.250000
7072    -1836095.000000
7073    -1836096.500000
7074    -1836098.000000
7075    -1836099.625000
7076    -1836101.125000
7077    -1836102.750000
7078    -1836104.250000
7079    -1836106.000000
7080    -1836107.500000
7081    -1836109.000000
7082    -1836110.750000
7083    -1836112.250000
7084    -1836113.625000
7085    -1836115.250000
7086    -1836116.750000
7087    -1836118.375000
7088    -1836119.750000
7089    -1836121.625000
7090    -1836123.000000
7091    -1836124.500000
7092    -1836126.000000
7093    -1836127.500000
7094    -1836129.000000
7095    -1836130.750000
7096    -1836132.000000
7097    -1836133.500000
7098    -1836135.000000
7099    -1836136.500000
7100    -1836138.000000
7101    -1836139.375000
7102    -1836140.875000
7103    -1836142.375000
7104    -1836143.875000
7105    -1836145.500000
7106    -1836146.750000
7107    -1836148.375000
7108    -1836149.875000
7109    -1836151.250000
7110    -1836152.500000
7111    -1836154.125000
7112    -1836155.625000
7113    -1836157.000000
7114    -1836158.500000
7115    -1836160.000000
7116    -1836161.250000
7117    -1836162.750000
7118    -1836164.250000
7119    -1836165.625000
7120    -1836167.000000
7121    -1836168.500000
7122    -1836169.500000
7123    -1836171.000000
7124    -1836172.375000
7125    -1836173.875000
7126    -1836175.250000
7127    -1836176.625000
7128    -1836177.875000
7129    -1836179.500000
7130    -1836180.500000
7131    -1836182.000000
7132    -1836183.500000
7133    -1836184.875000
7134    -1836186.250000
7135    -1836187.500000
7136    -1836188.875000
7137    -1836190.250000
7138    -1836191.500000
7139    -1836193.000000
7140    -1836194.250000
7141    -1836195.500000
7142    -1836197.000000
7143    -1836198.250000
7144    -1836199.625000
7145    -1836201.000000
7146    -1836202.375000
7147    -1836203.750000
7148    -1836204.875000
7149    -1836206.250000
7150    -1836207.500000
7151    -1836209.000000
7152    -1836210.250000
7153    -1836211.500000
7154    -1836213.000000
7155    -1836214.250000
7156    -1836215.500000
7157    -1836216.750000
7158    -1836218.250000
7159    -1836219.250000
7160    -1836220.750000
7161    -1836221.875000
7162    -1836223.000000
7163    -1836224.250000
7164    -1836225.750000
7165    -1836227.125000
7166    -1836228.250000
7167    -1836229.500000
7168    -1836231.000000
7169    -1836232.000000
7170    -1836233.375000
7171    -1836234.875000
7172    -1836235.750000
7173    -1836237.000000
7174    -1836238.500000
7175    -1836239.625000
7176    -1836241.125000
7177    -1836242.250000
7178    -1836243.375000
7179    -1836244.750000
7180    -1836245.750000
7181    -1836247.125000
7182    -1836248.500000
7183    -1836249.625000
7184    -1836250.750000
7185    -1836252.250000
7186    -1836253.500000
7187    -1836254.750000
7188    -1836255.875000
7189    -1836257.000000
7190    -1836258.250000
7191    -1836259.500000
7192    -1836260.750000
7193    -1836261.875000
7194    -1836263.250000
7195    -1836264.500000
7196    -1836265.750000
7197    -1836267.000000
7198    -1836268.250000
7199    -1836269.250000
7200    -1836270.625000
7201    -1836271.750000
7202    -1836273.000000
7203    -1836274.250000
7204    -1836275.375000
7205    -1836276.500000
7206    -1836277.875000
7207    -1836279.250000
7208    -1836280.375000
7209    -1836281.625000
7210    -1836282.750000
7211    -1836283.875000
7212    -1836285.250000
7213    -1836286.375000
7214    -1836287.750000
7215    -1836288.625000
7216    -1836290.000000
7217    -1836291.000000
7218    -1836292.125000
7219    -1836293.500000
7220    -1836294.875000
7221    -1836295.750000
7222    -1836297.000000
7223    -1836298.250000
7224    -1836299.625000
7225    -1836300.625000
7226    -1836302.000000
7227    -1836303.000000
7228    -1836304.250000
7229    -1836305.375000
7230    -1836306.500000
7231    -1836307.750000
7232    -1836309.125000
7233    -1836310.125000
7234    -1836311.250000
7235    -1836312.500000
7236    -1836313.625000
7237    -1836314.625000
7238    -1836316.000000
7239    -1836317.000000
7240    -1836318.250000
7241    -1836319.250000
7242    -1836320.500000
7243    -1836321.625000
7244    -1836322.750000
7245    -1836324.000000
7246    -1836325.000000
7247    -1836326.125000
7248    -1836327.250000
7249    -1836328.625000
7250    -1836329.750000
7251    -1836330.750000
7252    -1836331.875000
7253    -1836333.125000
7254    -1836334.250000
7255    -1836335.375000
7256    -1836336.625000
7257    -1836337.750000
7258    -1836338.875000
7259    -1836340.000000
7260    -1836341.000000
7261    -1836342.250000
7262    -1836343.250000
7263    -1836344.375000
7264    -1836345.750000
7265    -1836346.750000
7266    -1836347.750000
7267    -1836349.000000
7268    -1836350.000000
7269    -1836351.000000
7270    -1836352.250000
7271    -1836353.375000
7272    -1836354.250000
7273    -1836355.625000
7274    -1836357.000000
7275    -1836357.875000
7276    -1836359.000000
7277    -1836360.125000
7278    -1836361.125000
7279    -1836362.375000
7280    -1836363.250000
7281    -1836364.500000
7282    -1836365.375000
7283    -1836366.750000
7284    -1836367.750000
7285    -1836368.750000
7286    -1836369.750000
7287    -1836370.875000
7288    -1836372.125000
7289    -1836373.125000
7290    -1836374.375000
7291    -1836375.250000
7292    -1836376.250000
7293    -1836377.500000
7294    -1836378.500000
7295    -1836379.500000
7296    -1836380.500000
7297    -1836381.625000
7298    -1836382.750000
7299    -1836384.000000
7300    -1836384.875000
7301    -1836385.750000
7302    -1836387.000000
7303    -1836388.000000
7304    -1836389.000000
7305    -1836390.000000
7306    -1836391.000000
7307    -1836391.875000
7308    -1836393.000000
7309    -1836394.250000
7310    -1836395.250000
7311    -1836396.250000
7312    -1836397.250000
7313    -1836398.375000
7314    -1836399.375000
7315    -1836400.375000
7316    -1836401.375000
7317    -1836402.500000
7318    -1836403.500000
7319    -1836404.500000
7320    -1836405.250000
7321    -1836406.250000
7322    -1836407.500000
7323    -1836408.500000
7324    -1836409.375000
7325    -1836410.250000
7326    -1836411.500000
7327    -1836412.375000
7328    -1836413.375000
7329    -1836414.250000
7330    -1836415.250000
7331    -1836416.250000
7332    -1836417.000000
7333    -1836417.875000
7334    -1836418.750000
7335    -1836420.000000
7336    -1836420.750000
7337    -1836421.750000
7338    -1836422.625000
7339    -1836423.750000
7340    -1836424.625000
7341    -1836425.625000
7342    -1836426.375000
7343    -1836427.500000
7344    -1836428.375000
7345    -1836429.250000
7346    -1836430.000000
7347    -1836431.125000
7348    -1836432.000000
7349    -1836433.000000
7350    -1836433.750000
7351    -1836434.750000
7352    -1836435.625000
7353    -1836436.750000
7354    -1836437.500000
7355    -1836438.500000
7356    -1836439.375000
7357    -1836440.000000
7358    -1836441.000000
7359    -1836441.875000
7360    -1836442.750000
7361    -1836443.625000
7362    -1836444.500000
7363    -1836445.500000
7364    -1836446.375000
7365    -1836447.250000
7366    -1836448.250000
7367    -1836449.000000
7368    -1836450.000000
7369    -1836451.000000
7370    -1836451.750000
7371    -1836452.750000
7372    -1836453.750000
7373    -1836454.500000
7374    -1836455.375000
7375    -1836456.250000
7376    -1836457.125000
7377    -1836457.875000
7378    -1836458.875000
7379    -1836459.750000
7380    -1836460.500000
7381    -1836461.500000
7382    -1836462.500000
7383    -1836463.250000
7384    -1836464.125000
7385    -1836465.000000
7386    -1836466.125000
7387    -1836466.750000
7388    -1836467.625000
7389    -1836468.500000
7390    -1836469.250000
7391    -1836470.250000
7392    -1836471.125000
7393    -1836472.000000
7394    -1836472.875000
7395    -1836473.750000
7396    -1836474.750000
7397    -1836475.500000
7398    -1836476.250000
7399    -1836477.125000
7400    -1836478.250000
7401    -1836479.000000
7402    -1836479.750000
7403    -1836480.750000
7404    -1836481.500000
7405    -1836482.500000
7406    -1836483.375000
7407    -1836484.250000
7408    -1836485.000000
7409    -1836485.875000
7410    -1836486.750000
7411    -1836487.750000
7412    -1836488.500000
7413    -1836489.500000
7414    -1836490.250000
7415    -1836491.125000
7416    -1836492.000000
7417    -1836493.000000
7418    -1836493.750000
7419    -1836494.750000
7420    -1836495.500000
7421    -1836496.500000
7422    -1836497.375000
7423    -1836498.250000
7424    -1836499.000000
7425    -1836500.000000
7426    -1836500.750000
7427    -1836501.750000
7428    -1836502.500000
7429    -1836503.500000
7430    -1836504.250000
7431    -1836505.250000
7432    -1836506.000000
7433    -1836507.000000
7434    -1836507.750000
7435    -1836508.750000
7436    -1836509.500000
7437    -1836510.500000
7438    -1836511.500000
7439    -1836512.375000
7440    -1836513.250000
7441    -1836514.125000
7442    -1836515.000000
7443    -1836516.000000
7444    -1836516.750000
7445    -1836517.625000
7446    -1836518.375000
7447    -1836519.500000
7448    -1836520.125000
7449    -1836521.125000
7450    -1836522.000000
7451    -1836523.000000
7452    -1836523.875000
7453    -1836524.750000
7454    -1836525.750000
7455    -1836526.625000
7456    -1836527.375000
7457    -1836528.125000
7458    -1836529.250000
7459    -1836530.250000
7460    -1836531.250000
7461    -1836532.000000
7462    -1836533.000000
7463    -1836533.750000
7464    -1836534.750000
7465    -1836535.500000
7466    -1836536.625000
7467    -1836537.500000
7468    -1836538.250000
7469    -1836539.125000
7470    -1836540.000000
7471    -1836540.875000
7472    -1836542.000000
7473    -1836542.875000
7474    -1836543.750000
7475    -1836544.500000
7476    -1836545.500000
7477    -1836546.250000
7478    -1836547.375000
7479    -1836548.000000
7480    -1836549.000000
7481    -1836550.000000
7482    -1836550.750000
7483    -1836551.750000
7484    -1836552.750000
7485    -1836553.500000
7486    -1836554.500000
7487    -1836555.250000
7488    -1836556.250000
7489    -1836557.000000
7490    -1836558.000000
7491    -1836559.000000
7492    -1836559.750000
7493    -1836560.750000
7494    -1836561.500000
7495    -1836562.500000
7496    -1836563.500000
7497    -1836564.000000
7498    -1836565.000000
7499    -1836566.000000
7500    -1836567.000000
7501    -1836568.000000
7502    -1836568.750000
7503    -1836569.500000
7504    -1836570.500000
7505    -1836571.250000
7506    -1836572.125000
7507    -1836573.125000
7508    -1836574.000000
7509    -1836574.750000
7510    -1836575.750000
7511    -1836576.500000
7512    -1836577.250000
7513    -1836578.250000
7514    -1836579.250000
7515    -1836580.000000
7516    -1836580.750000
7517    -1836581.625000
7518    -1836582.625000
7519    -1836583.500000
7520    -1836584.250000
7521    -1836585.250000
7522    -1836586.000000
7523    -1836587.000000
7524    -1836587.750000
7525    -1836588.750000
7526    -1836589.625000
7527    -1836590.500000
7528    -1836591.375000
7529    -1836592.125000
7530    -1836593.000000
7531    -1836593.750000
7532    -1836594.500000
7533    -1836595.250000
7534    -1836596.125000
7535    -1836596.875000
7536    -1836597.750000
7537    -1836598.750000
7538    -1836599.625000
7539    -1836600.375000
7540    -1836601.000000
7541    -1836602.000000
7542    -1836602.750000
7543    -1836603.500000
7544    -1836604.250000
7545    -1836605.125000
7546    -1836606.000000
7547    -1836606.750000
7548    -1836607.750000
7549    -1836608.500000
7550    -1836609.250000
7551    -1836610.250000
7552    -1836610.625000
7553    -1836611.500000
7554    -1836612.250000
7555    -1836613.000000
7556    -1836613.750000
7557    -1836614.750000
7558    -1836615.500000
7559    -1836616.375000
7560    -1836617.000000
7561    -1836617.750000
7562    -1836618.625000
7563    -1836619.375000
7564    -1836620.125000
7565    -1836621.000000
7566    -1836621.625000
7567    -1836622.375000
7568    -1836623.125000
7569    -1836624.000000
7570    -1836624.750000
7571    -1836625.500000
7572    -1836626.500000
7573    -1836627.000000
7574    -1836627.875000
7575    -1836628.750000
7576    -1836629.250000
7577    -1836630.000000
7578    -1836631.000000
7579    -1836631.750000
7580    -1836632.375000
7581    -1836633.250000
7582    -1836633.750000
7583    -1836634.625000
7584    -1836635.500000
7585    -1836636.125000
7586    -1836637.000000
7587    -1836637.750000
7588    -1836638.250000
7589    -1836639.250000
7590    -1836640.000000
7591    -1836640.875000
7592    -1836641.500000
7593    -1836642.125000
7594    -1836643.000000
7595    -1836643.750000
7596    -1836644.375000
7597    -1836645.000000
7598    -1836645.875000
7599    -1836646.750000
7600    -1836647.375000
7601    -1836648.000000
7602    -1836648.875000
7603    -1836649.750000
7604    -1836650.250000
7605    -1836651.125000
7606    -1836652.000000
7607    -1836652.500000
7608    -1836653.125000
7609    -1836654.000000
7610    -1836654.750000
7611    -1836655.500000
7612    -1836656.250000
7613    -1836656.875000
7614    -1836657.750000
7615    -1836658.375000
7616    -1836659.000000
7617    -1836659.750000
7618    -1836660.625000
7619    -1836661.250000
7620    -1836662.125000
7621    -1836662.875000
7622    -1836663.500000
7623    -1836664.250000
7624    -1836664.875000
7625    -1836665.750000
7626    -1836666.375000
7627    -1836666.875000
7628    -1836667.750000
7629    -1836668.625000
7630    -1836669.250000
7631    -1836670.125000
7632    -1836670.750000
7633    -1836671.500000
7634    -1836672.000000
7635    -1836672.750000
7636    -1836673.750000
7637    -1836674.250000
7638    -1836674.750000
7639    -1836675.625000
7640    -1836676.500000
7641    -1836677.000000
7642    -1836677.750000
7643    -1836678.375000
7644    -1836679.000000
7645    -1836679.750000
7646    -1836680.750000
7647    -1836681.125000
7648    -1836681.750000
7649    -1836682.500000
7650    -1836683.250000
7651    -1836683.750000
7652    -1836684.250000
7653    -1836685.125000
7654    -1836685.750000
7655    -1836686.500000
7656    -1836687.000000
7657    -1836687.750000
7658    -1836688.375000
7659    -1836689.250000
7660    -1836689.750000
7661    -1836690.750000
7662    -1836691.250000
7663    -1836692.000000
7664    -1836692.500000
7665    -1836693.250000
7666    -1836693.750000
7667    -1836694.625000
7668    -1836695.000000
7669    -1836695.750000
7670    -1836696.375000
7671    -1836697.250000
7672    -1836697.875000
7673    -1836698.500000
7674    -1836699.125000
7675    -1836699.750000
7676    -1836700.500000
7677    -1836701.125000
7678    -1836701.875000
7679    -1836702.250000
7680    -1836703.000000
7681    -1836703.625000
7682    -1836704.250000
7683    -1836705.000000
7684    -1836705.625000
7685    -1836706.125000
7686    -1836707.000000
7687    -1836707.375000
7688    -1836708.000000
7689    -1836708.750000
7690    -1836709.250000
7691    -1836710.000000
7692    -1836710.750000
7693    -1836711.250000
7694    -1836712.000000
7695    -1836712.500000
7696    -1836713.125000
7697    -1836713.750000
7698    -1836714.500000
7699    -1836715.000000
7700    -1836715.750000
7701    -1836716.250000
7702    -1836716.875000
7703    -1836717.500000
7704    -1836718.250000
7705    -1836718.750000
7706    -1836719.500000
7707    -1836720.000000
7708    -1836720.625000
7709    -1836721.250000
7710    -1836722.000000
7711    -1836722.750000
7712    -1836723.125000
7713    -1836723.500000
7714    -1836724.375000
7715    -1836725.000000
7716    -1836725.750000
7717    -1836726.250000
7718    -1836726.750000
7719    -1836727.500000
7720    -1836728.125000
7721    -1836728.750000
7722    -1836729.250000
7723    -1836729.750000
7724    -1836730.500000
7725    -1836731.375000
7726    -1836732.000000
7727    -1836732.500000
7728    -1836733.000000
7729    -1836733.625000
7730    -1836734.250000
7731    -1836735.000000
7732    -1836735.500000
7733    -1836736.250000
7734    -1836736.625000
7735    -1836737.250000
7736    -1836738.000000
7737    -1836738.500000
7738    -1836739.375000
7739    -1836739.750000
7740    -1836740.500000
7741    -1836741.250000
7742    -1836741.750000
7743    -1836742.250000
7744    -1836742.875000
7745    -1836743.500000
7746    -1836744.000000
7747    -1836744.750000
7748    -1836745.500000
7749    -1836746.000000
7750    -1836746.500000
7751    -1836747.250000
7752    -1836747.750000
7753    -1836748.250000
7754    -1836749.000000
7755    -1836750.000000
7756    -1836750.500000
7757    -1836751.250000
7758    -1836751.500000
7759    -1836752.500000
7760    -1836753.000000
7761    -1836753.500000
7762    -1836754.250000
7763    -1836755.125000
7764    -1836755.500000
7765    -1836756.250000
7766    -1836756.750000
7767    -1836757.625000
7768    -1836758.375000
7769    -1836759.000000
7770    -1836759.375000
7771    -1836760.125000
7772    -1836761.000000
7773    -1836761.625000
7774    -1836762.250000
7775    -1836762.875000
7776    -1836763.625000
7777    -1836764.250000
7778    -1836764.750000
7779    -1836765.750000
7780    -1836766.250000
7781    -1836767.125000
7782    -1836767.750000
7783    -1836768.500000
7784    -1836769.000000
7785    -1836769.750000
7786    -1836770.500000
7787    -1836771.250000
7788    -1836772.000000
7789    -1836772.500000
7790    -1836773.250000
7791    -1836774.000000
7792    -1836774.625000
7793    -1836775.375000
7794    -1836776.250000
7795    -1836776.750000
7796    -1836777.625000
7797    -1836778.250000
7798    -1836779.125000
7799    -1836779.875000
7800    -1836780.500000
7801    -1836781.500000
7802    -1836782.000000
7803    -1836782.750000
7804    -1836783.250000
7805    -1836784.125000
7806    -1836784.875000
7807    -1836785.625000
7808    -1836786.375000
7809    -1836787.375000
7810    -1836788.250000
7811    -1836788.750000
7812    -1836789.625000
7813    -1836790.375000
7814    -1836790.875000
7815    -1836792.000000
7816    -1836792.500000
7817    -1836793.250000
7818    -1836794.000000
7819    -1836795.000000
7820    -1836795.625000
7821    -1836796.500000
7822    -1836797.250000
7823    -1836798.125000
7824    -1836799.000000
7825    -1836799.750000
7826    -1836800.625000
7827    -1836801.250000
7828    -1836802.125000
7829    -1836803.000000
7830    -1836803.625000
7831    -1836804.500000
7832    -1836805.250000
7833    -1836806.125000
7834    -1836807.000000
7835    -1836807.875000
7836    -1836808.750000
7837    -1836809.500000
7838    -1836810.375000
7839    -1836811.250000
7840    -1836811.875000
7841    -1836812.750000
7842    -1836813.750000
7843    -1836814.625000
7844    -1836815.250000
7845    -1836816.250000
7846    -1836817.250000
7847    -1836818.000000
7848    -1836819.125000
7849    -1836819.750000
7850    -1836820.500000
7851    -1836821.375000
7852    -1836822.250000
7853    -1836823.000000
7854    -1836824.000000
7855    -1836825.000000
7856    -1836825.625000
7857    -1836826.500000
7858    -1836827.375000
7859    -1836828.250000
7860    -1836829.125000
7861    -1836830.250000
7862    -1836831.000000
7863    -1836832.125000
7864    -1836832.875000
7865    -1836833.500000
7866    -1836834.500000
7867    -1836835.500000
7868    -1836836.375000
7869    -1836837.250000
7870    -1836838.250000
7871    -1836839.000000
7872    -1836840.250000
7873    -1836841.000000
7874    -1836842.000000
7875    -1836842.750000
7876    -1836843.625000
7877    -1836844.750000
7878    -1836845.500000
7879    -1836846.625000
7880    -1836847.250000
7881    -1836848.625000
7882    -1836849.375000
7883    -1836850.250000
7884    -1836851.250000
7885    -1836852.250000
7886    -1836853.125000
7887    -1836854.250000
7888    -1836855.125000
7889    -1836856.000000
7890    -1836857.000000
7891    -1836857.875000
7892    -1836858.750000
7893    -1836859.750000
7894    -1836860.750000
7895    -1836861.750000
7896    -1836862.750000
7897    -1836863.625000
7898    -1836864.500000
7899    -1836865.500000
7900    -1836866.500000
7901    -1836867.625000
7902    -1836868.625000
7903    -1836869.375000
7904    -1836870.500000
7905    -1836871.250000
7906    -1836872.500000
7907    -1836873.250000
7908    -1836874.375000
7909    -1836875.250000
7910    -1836876.250000
7911    -1836877.250000
7912    -1836878.250000
7913    -1836879.250000
7914    -1836880.250000
7915    -1836881.250000
7916    -1836882.125000
7917    -1836883.250000
7918    -1836884.125000
7919    -1836885.000000
7920    -1836886.000000
7921    -1836887.250000
7922    -1836888.125000
7923    -1836888.875000
7924    -1836890.000000
7925    -1836891.250000
7926    -1836891.875000
7927    -1836893.000000
7928    -1836893.750000
7929    -1836895.000000
7930    -1836895.750000
7931    -1836896.750000
7932    -1836898.000000
7933    -1836899.000000
7934    -1836899.750000
7935    -1836900.750000
7936    -1836902.000000
7937    -1836902.625000
7938    -1836904.000000
7939    -1836904.750000
7940    -1836905.750000
7941    -1836906.750000
7942    -1836907.750000
7943    -1836908.750000
7944    -1836909.500000
7945    -1836910.500000
7946    -1836911.500000
7947    -1836912.625000
7948    -1836913.750000
7949    -1836914.625000
7950    -1836915.625000
7951    -1836916.625000
7952    -1836917.500000
7953    -1836918.750000
7954    -1836919.500000
7955    -1836920.625000
7956    -1836921.250000
7957    -1836922.500000
7958    -1836923.625000
7959    -1836924.500000
7960    -1836925.750000
7961    -1836926.500000
7962    -1836927.500000
7963    -1836928.375000
7964    -1836929.500000
7965    -1836930.500000
7966    -1836931.375000
7967    -1836932.500000
7968    -1836933.500000
7969    -1836934.500000
7970    -1836935.250000
7971    -1836936.500000
7972    -1836937.500000
7973    -1836938.500000
7974    -1836939.250000
7975    -1836940.250000
7976    -1836941.250000
7977    -1836942.250000
7978    -1836943.250000
7979    -1836944.250000
7980    -1836945.375000
7981    -1836946.375000
7982    -1836947.375000
7983    -1836948.375000
7984    -1836949.250000
7985    -1836950.125000
7986    -1836951.125000
7987    -1836952.000000
7988    -1836953.250000
7989    -1836954.125000
7990    -1836955.250000
7991    -1836956.000000
7992    -1836957.250000
7993    -1836958.125000
7994    -1836959.000000
7995    -1836960.000000
7996    -1836961.000000
7997    -1836962.000000
7998    -1836963.250000
7999    -1836964.000000
8000    -1836965.000000
8001    -1836966.000000
8002    -1836967.000000
8003    -1836968.000000
8004    -1836969.000000
8005    -1836969.875000
8006    -1836971.000000
8007    -1836971.750000
8008    -1836972.750000
8009    -1836973.875000
8010    -1836974.875000
8011    -1836975.875000
8012    -1836976.750000
8013    -1836977.750000
8014    -1836978.750000
8015    -1836979.500000
8016    -1836980.750000
8017    -1836981.750000
8018    -1836982.750000
8019    -1836983.500000
8020    -1836984.750000
8021    -1836985.625000
8022    -1836986.500000
8023    -1836987.500000
8024    -1836988.625000
8025    -1836989.500000
8026    -1836990.500000
8027    -1836991.500000
8028    -1836992.500000
8029    -1836993.375000
8030    -1836994.500000
8031    -1836995.375000
8032    -1836996.250000
8033    -1836997.125000
8034    -1836998.250000
8035    -1836999.125000
8036    -1837000.250000
8037    -1837001.125000
8038    -1837002.250000
8039    -1837003.250000
8040    -1837004.125000
8041    -1837005.000000
8042    -1837006.000000
8043    -1837007.000000
8044    -1837007.875000
8045    -1837009.000000
8046    -1837009.875000
8047    -1837011.000000
8048    -1837011.750000
8049    -1837013.000000
8050    -1837014.000000
8051    -1837014.750000
8052    -1837015.750000
8053    -1837016.500000
8054    -1837017.750000
8055    -1837018.625000
8056    -1837019.750000
8057    -1837020.750000
8058    -1837021.750000
8059    -1837022.750000
8060    -1837023.750000
8061    -1837024.750000
8062    -1837025.500000
8063    -1837026.500000
8064    -1837027.500000
8065    -1837028.750000
8066    -1837029.625000
8067    -1837030.500000
8068    -1837031.625000
8069    -1837032.500000
8070    -1837033.500000
8071    -1837034.750000
8072    -1837035.500000
8073    -1837036.750000
8074    -1837037.500000
8075    -1837038.500000
8076    -1837039.375000
8077    -1837040.250000
8078    -1837041.375000
8079    -1837042.500000
8080    -1837043.500000
8081    -1837044.500000
8082    -1837045.375000
8083    -1837046.375000
8084    -1837047.375000
8085    -1837048.375000
8086    -1837049.500000
8087    -1837050.250000
8088    -1837051.500000
8089    -1837052.250000
8090    -1837053.125000
8091    -1837054.250000
8092    -1837055.250000
8093    -1837056.125000
8094    -1837057.250000
8095    -1837058.000000
8096    -1837059.250000
8097    -1837060.000000
8098    -1837061.125000
8099    -1837062.250000
8100    -1837063.000000
8101    -1837064.000000
8102    -1837065.000000
8103    -1837066.000000
8104    -1837067.000000
8105    -1837068.000000
8106    -1837069.000000
8107    -1837070.000000
8108    -1837071.000000
8109    -1837072.125000
8110    -1837072.750000
8111    -1837073.875000
8112    -1837074.875000
8113    -1837075.750000
8114    -1837077.000000
8115    -1837078.000000
8116    -1837079.000000
8117    -1837080.000000
8118    -1837081.000000
8119    -1837082.000000
8120    -1837083.000000
8121    -1837083.750000
8122    -1837084.750000
8123    -1837085.750000
8124    -1837086.625000
8125    -1837088.000000
8126    -1837088.750000
8127    -1837089.750000
8128    -1837090.500000
8129    -1837091.625000
8130    -1837092.625000
8131    -1837093.625000
8132    -1837094.500000
8133    -1837095.625000
8134    -1837096.500000
8135    -1837097.625000
8136    -1837098.500000
8137    -1837099.250000
8138    -1837100.500000
8139    -1837101.625000
8140    -1837102.375000
8141    -1837103.250000
8142    -1837104.250000
8143    -1837105.250000
8144    -1837106.375000
8145    -1837107.250000
8146    -1837108.000000
8147    -1837109.250000
8148    -1837110.250000
8149    -1837111.250000
8150    -1837112.250000
8151    -1837113.000000
8152    -1837114.000000
8153    -1837114.875000
8154    -1837116.000000
8155    -1837117.125000
8156    -1837118.000000
8157    -1837118.750000
8158    -1837119.875000
8159    -1837120.875000
8160    -1837121.750000
8161    -1837122.750000
8162    -1837123.500000
8163    -1837124.750000
8164    -1837125.500000
8165    -1837126.500000
8166    -1837127.500000
8167    -1837128.500000
8168    -1837129.500000
8169    -1837130.375000
8170    -1837131.375000
8171    -1837132.250000
8172    -1837133.250000
8173    -1837134.000000
8174    -1837135.125000
8175    -1837136.250000
8176    -1837137.000000
8177    -1837138.000000
8178    -1837139.000000
8179    -1837139.875000
8180    -1837140.875000
8181    -1837141.875000
8182    -1837142.875000
8183    -1837143.750000
8184    -1837144.625000
8185    -1837145.625000
8186    -1837146.500000
8187    -1837147.500000
8188    -1837148.500000
8189    -1837149.250000
8190    -1837150.375000
8191    -1837151.250000
8192    -1837152.250000
8193    -1837153.125000
8194    -1837154.000000
8195    -1837154.875000
8196    -1837156.000000
8197    -1837156.750000
8198    -1837157.875000
8199    -1837158.750000
8200    -1837159.750000
8201    -1837160.500000
8202    -1837161.500000
8203    -1837162.500000
8204    -1837163.625000
8205    -1837164.500000
8206    -1837165.375000
8207    -1837166.500000
8208    -1837167.500000
8209    -1837168.375000
8210    -1837169.250000
8211    -1837170.375000
8212    -1837171.125000
8213    -1837172.000000
8214    -1837173.000000
8215    -1837174.000000
8216    -1837175.000000
8217    -1837175.750000
8218    -1837176.750000
8219    -1837177.750000
8220    -1837178.875000
8221    -1837179.750000
8222    -1837180.750000
8223    -1837181.750000
8224    -1837182.875000
8225    -1837183.500000
8226    -1837184.750000
8227    -1837185.750000
8228    -1837186.625000
8229    -1837187.875000
8230    -1837188.875000
8231    -1837189.625000
8232    -1837190.750000
8233    -1837191.500000
8234    -1837192.750000
8235    -1837193.500000
8236    -1837194.625000
8237    -1837195.750000
8238    -1837196.625000
8239    -1837197.625000
8240    -1837198.500000
8241    -1837199.750000
8242    -1837200.750000
8243    -1837201.750000
8244    -1837202.750000
8245    -1837203.750000
8246    -1837204.750000
8247    -1837205.625000
8248    -1837206.750000
8249    -1837207.625000
8250    -1837208.750000
8251    -1837209.750000
8252    -1837210.750000
8253    -1837211.750000
8254    -1837212.750000
8255    -1837213.750000
8256    -1837214.750000
8257    -1837215.875000
8258    -1837217.000000
8259    -1837217.750000
8260    -1837219.000000
8261    -1837219.500000
8262    -1837221.000000
8263    -1837221.750000
8264    -1837222.875000
8265    -1837224.000000
8266    -1837224.750000
8267    -1837226.000000
8268    -1837227.000000
8269    -1837228.000000
8270    -1837228.875000
8271    -1837229.750000
8272    -1837231.000000
8273    -1837231.750000
8274    -1837233.000000
8275    -1837234.000000
8276    -1837234.750000
8277    -1837236.125000
8278    -1837236.875000
8279    -1837238.000000
8280    -1837238.875000
8281    -1837240.000000
8282    -1837241.250000
8283    -1837242.125000
8284    -1837243.250000
8285    -1837244.000000
8286    -1837244.875000
8287    -1837246.000000
8288    -1837247.250000
8289    -1837248.000000
8290    -1837249.000000
8291    -1837250.250000
8292    -1837251.250000
8293    -1837252.000000
8294    -1837252.875000
8295    -1837254.000000
8296    -1837255.125000
8297    -1837255.875000
8298    -1837256.750000
8299    -1837257.750000
8300    -1837259.000000
8301    -1837260.000000
8302    -1837261.000000
8303    -1837262.000000
8304    -1837263.000000
8305    -1837263.750000
8306    -1837264.750000
8307    -1837265.875000
8308    -1837267.125000
8309    -1837267.875000
8310    -1837269.000000
8311    -1837269.875000
8312    -1837270.750000
8313    -1837271.750000
8314    -1837272.750000
8315    -1837273.625000
8316    -1837274.875000
8317    -1837275.750000
8318    -1837276.750000
8319    -1837277.750000
8320    -1837278.750000
8321    -1837279.875000
8322    -1837280.750000
8323    -1837281.750000
8324    -1837282.750000
8325    -1837283.500000
8326    -1837284.500000
8327    -1837285.250000
8328    -1837286.250000
8329    -1837287.500000
8330    -1837288.375000
8331    -1837289.375000
8332    -1837290.250000
8333    -1837291.250000
8334    -1837292.250000
8335    -1837293.125000
8336    -1837294.250000
8337    -1837294.875000
8338    -1837296.125000
8339    -1837297.125000
8340    -1837298.250000
8341    -1837299.000000
8342    -1837300.125000
8343    -1837300.875000
8344    -1837302.000000
8345    -1837303.000000
8346    -1837304.000000
8347    -1837305.000000
8348    -1837305.875000
8349    -1837306.750000
8350    -1837307.750000
8351    -1837309.000000
8352    -1837309.750000
8353    -1837311.000000
8354    -1837311.750000
8355    -1837312.750000
8356    -1837313.750000
8357    -1837314.750000
8358    -1837315.500000
8359    -1837316.625000
8360    -1837317.500000
8361    -1837318.750000
8362    -1837319.500000
8363    -1837320.500000
8364    -1837321.500000
8365    -1837322.500000
8366    -1837323.500000
8367    -1837324.500000
8368    -1837325.500000
8369    -1837326.375000
8370    -1837327.500000
8371    -1837328.250000
8372    -1837329.500000
8373    -1837330.500000
8374    -1837331.250000
8375    -1837332.500000
8376    -1837333.250000
8377    -1837334.250000
8378    -1837335.250000
8379    -1837336.375000
8380    -1837337.250000
8381    -1837338.375000
8382    -1837339.250000
8383    -1837340.250000
8384    -1837341.250000
8385    -1837342.250000
8386    -1837343.250000
8387    -1837344.250000
8388    -1837345.250000
8389    -1837346.250000
8390    -1837347.125000
8391    -1837348.375000
8392    -1837349.125000
8393    -1837350.000000
8394    -1837351.250000
8395    -1837352.250000
8396    -1837353.000000
8397    -1837354.000000
8398    -1837355.375000
8399    -1837356.250000
8400    -1837357.250000
8401    -1837358.000000
8402    -1837359.125000
8403    -1837360.250000
8404    -1837361.375000
8405    -1837362.375000
8406    -1837363.250000
8407    -1837364.125000
8408    -1837365.250000
8409    -1837366.125000
8410    -1837367.250000
8411    -1837368.250000
8412    -1837369.375000
8413    -1837370.500000
8414    -1837371.625000
8415    -1837372.750000
8416    -1837373.625000
8417    -1837374.750000
8418    -1837375.625000
8419    -1837376.750000
8420    -1837377.750000
8421    -1837378.500000
8422    -1837379.750000
8423    -1837380.875000
8424    -1837382.000000
8425    -1837383.000000
8426    -1837384.000000
8427    -1837385.250000
8428    -1837386.000000
8429    -1837387.250000
8430    -1837388.375000
8431    -1837389.000000
8432    -1837390.250000
8433    -1837391.250000
8434    -1837392.125000
8435    -1837393.250000
8436    -1837394.375000
8437    -1837395.500000
8438    -1837396.500000
8439    -1837397.500000
8440    -1837398.625000
8441    -1837399.500000
8442    -1837400.750000
8443    -1837402.000000
8444    -1837402.750000
8445    -1837404.000000
8446    -1837405.000000
8447    -1837406.000000
8448    -1837406.875000
8449    -1837408.000000
8450    -1837409.375000
8451    -1837410.250000
8452    -1837411.250000
8453    -1837412.500000
8454    -1837413.500000
8455    -1837414.500000
8456    -1837415.500000
8457    -1837416.625000
8458    -1837417.750000
8459    -1837418.875000
8460    -1837419.750000
8461    -1837421.000000
8462    -1837422.250000
8463    -1837423.000000
8464    -1837424.000000
8465    -1837425.250000
8466    -1837426.125000
8467    -1837427.500000
8468    -1837428.375000
8469    -1837429.375000
8470    -1837430.375000
8471    -1837431.500000
8472    -1837432.750000
8473    -1837433.875000
8474    -1837434.750000
8475    -1837435.875000
8476    -1837437.000000
8477    -1837438.000000
8478    -1837439.125000
8479    -1837440.250000
8480    -1837441.500000
8481    -1837442.500000
8482    -1837443.750000
8483    -1837444.500000
8484    -1837445.625000
8485    -1837446.875000
8486    -1837448.125000
8487    -1837449.250000
8488    -1837450.250000
8489    -1837451.250000
8490    -1837452.375000
8491    -1837453.500000
8492    -1837454.750000
8493    -1837455.750000
8494    -1837457.000000
8495    -1837458.000000
8496    -1837459.250000
8497    -1837460.125000
8498    -1837461.375000
8499    -1837462.500000
8500    -1837463.625000
8501    -1837464.750000
8502    -1837466.000000
8503    -1837467.125000
8504    -1837468.125000
8505    -1837469.250000
8506    -1837470.500000
8507    -1837471.750000
8508    -1837472.625000
8509    -1837474.125000
8510    -1837475.000000
8511    -1837476.500000
8512    -1837477.500000
8513    -1837478.500000
8514    -1837479.875000
8515    -1837481.000000
8516    -1837482.125000
8517    -1837483.500000
8518    -1837484.750000
8519    -1837485.625000
8520    -1837487.000000
8521    -1837488.000000
8522    -1837489.500000
8523    -1837490.500000
8524    -1837491.500000
8525    -1837492.750000
8526    -1837494.250000
8527    -1837495.250000
8528    -1837496.750000
8529    -1837497.750000
8530    -1837498.750000
8531    -1837500.250000
8532    -1837501.250000
8533    -1837502.500000
8534    -1837503.750000
8535    -1837505.250000
8536    -1837506.500000
8537    -1837507.750000
8538    -1837509.000000
8539    -1837510.000000
8540    -1837511.375000
8541    -1837512.625000
8542    -1837513.875000
8543    -1837515.250000
8544    -1837516.375000
8545    -1837517.750000
8546    -1837519.000000
8547    -1837520.250000
8548    -1837521.750000
8549    -1837522.750000
8550    -1837524.125000
8551    -1837525.500000
8552    -1837526.750000
8553    -1837528.000000
8554    -1837529.375000
8555    -1837530.750000
8556    -1837532.125000
8557    -1837533.250000
8558    -1837534.750000
8559    -1837536.000000
8560    -1837537.500000
8561    -1837538.750000
8562    -1837540.000000
8563    -1837541.375000
8564    -1837542.750000
8565    -1837544.000000
8566    -1837545.750000
8567    -1837547.000000
8568    -1837548.250000
8569    -1837549.500000
8570    -1837551.125000
8571    -1837552.375000
8572    -1837553.750000
8573    -1837555.250000
8574    -1837556.750000
8575    -1837558.125000
8576    -1837559.500000
8577    -1837561.000000
8578    -1837562.500000
8579    -1837563.625000
8580    -1837565.375000
8581    -1837566.625000
8582    -1837568.000000
8583    -1837569.500000
8584    -1837571.125000
8585    -1837572.375000
8586    -1837573.875000
8587    -1837575.250000
8588    -1837576.750000
8589    -1837578.000000
8590    -1837579.750000
8591    -1837581.125000
8592    -1837582.500000
8593    -1837584.000000
8594    -1837585.500000
8595    -1837587.250000
8596    -1837588.750000
8597    -1837590.125000
8598    -1837591.750000
8599    -1837593.000000
8600    -1837594.500000
8601    -1837596.125000
8602    -1837597.500000
8603    -1837599.125000
8604    -1837600.625000
8605    -1837602.250000
8606    -1837603.625000
8607    -1837605.000000
8608    -1837606.500000
8609    -1837608.250000
8610    -1837609.750000
8611    -1837611.375000
8612    -1837612.875000
8613    -1837614.000000
8614    -1837615.875000
8615    -1837617.250000
8616    -1837619.000000
8617    -1837620.625000
8618    -1837622.125000
8619    -1837623.750000
8620    -1837625.000000
8621    -1837626.875000
8622    -1837628.500000
8623    -1837630.000000
8624    -1837631.375000
8625    -1837632.875000
8626    -1837634.750000
8627    -1837636.000000
8628    -1837637.625000
8629    -1837639.125000
8630    -1837640.750000
8631    -1837642.250000
8632    -1837643.875000
8633    -1837645.500000
8634    -1837647.000000
8635    -1837648.500000
8636    -1837650.250000
8637    -1837651.625000
8638    -1837653.375000
8639    -1837654.875000
8640    -1837656.625000
8641    -1837658.000000
8642    -1837659.625000
8643    -1837661.250000
8644    -1837663.000000
8645    -1837664.250000
8646    -1837666.000000
8647    -1837667.500000
8648    -1837669.000000
8649    -1837670.750000
8650    -1837672.000000
8651    -1837673.750000
8652    -1837675.250000
8653    -1837676.750000
8654    -1837678.250000
8655    -1837679.875000
8656    -1837681.625000
8657    -1837683.000000
8658    -1837684.500000
8659    -1837686.375000
8660    -1837687.750000
8661    -1837689.500000
8662    -1837690.875000
8663    -1837692.500000
8664    -1837694.250000
8665    -1837695.875000
8666    -1837697.000000
8667    -1837698.875000
8668    -1837700.250000
8669    -1837701.875000
8670    -1837703.625000
8671    -1837705.125000
8672    -1837706.500000
8673    -1837708.000000
8674    -1837709.500000
8675    -1837711.250000
8676    -1837712.750000
8677    -1837714.375000
8678    -1837715.875000
8679    -1837717.500000
8680    -1837719.000000
8681    -1837720.625000
8682    -1837722.250000
8683    -1837723.500000
8684    -1837725.250000
8685    -1837726.750000
8686    -1837728.250000
8687    -1837729.875000
8688    -1837731.375000
8689    -1837732.875000
8690    -1837734.500000
8691    -1837736.000000
8692    -1837737.250000
8693    -1837738.750000
8694    -1837740.375000
8695    -1837741.875000
8696    -1837743.500000
8697    -1837745.000000
8698    -1837746.500000
8699    -1837747.750000
8700    -1837749.500000
8701    -1837751.000000
8702    -1837752.500000
8703    -1837754.000000
8704    -1837755.500000
8705    -1837756.875000
8706    -1837758.375000
8707    -1837760.125000
8708    -1837761.500000
8709    -1837763.000000
8710    -1837764.500000
8711    -1837765.875000
8712    -1837767.375000
8713    -1837768.750000
8714    -1837770.250000
8715    -1837771.750000
8716    -1837773.500000
8717    -1837774.500000
8718    -1837776.000000
8719    -1837777.750000
8720    -1837779.000000
8721    -1837780.500000
8722    -1837781.750000
8723    -1837783.250000
8724    -1837784.875000
8725    -1837786.250000
8726    -1837787.625000
8727    -1837789.000000
8728    -1837790.375000
8729    -1837792.000000
8730    -1837793.375000
8731    -1837794.750000
8732    -1837796.125000
8733    -1837797.750000
8734    -1837799.000000
8735    -1837800.500000
8736    -1837801.750000
8737    -1837803.250000
8738    -1837804.750000
8739    -1837806.125000
8740    -1837807.500000
8741    -1837809.000000
8742    -1837810.250000
8743    -1837811.875000
8744    -1837813.000000
8745    -1837814.500000
8746    -1837815.750000
8747    -1837817.250000
8748    -1837818.625000
8749    -1837819.875000
8750    -1837821.250000
8751    -1837822.750000
8752    -1837824.125000
8753    -1837825.375000
8754    -1837826.750000
8755    -1837828.250000
8756    -1837829.625000
8757    -1837831.000000
8758    -1837832.125000
8759    -1837833.625000
8760    -1837835.000000
8761    -1837836.125000
8762    -1837837.500000
8763    -1837838.750000
8764    -1837840.125000
8765    -1837841.500000
8766    -1837842.750000
8767    -1837844.125000
8768    -1837845.500000
8769    -1837846.500000
8770    -1837848.000000
8771    -1837849.125000
8772    -1837850.625000
8773    -1837851.875000
8774    -1837853.000000
8775    -1837854.250000
8776    -1837855.500000
8777    -1837856.750000
8778    -1837858.000000
8779    -1837859.250000
8780    -1837860.500000
8781    -1837861.875000
8782    -1837863.000000
8783    -1837864.250000
8784    -1837865.500000
8785    -1837866.875000
8786    -1837868.125000
8787    -1837869.125000
8788    -1837870.375000
8789    -1837871.750000
8790    -1837872.875000
8791    -1837874.000000
8792    -1837875.250000
8793    -1837876.250000
8794    -1837877.500000
8795    -1837878.625000
8796    -1837879.750000
8797    -1837881.000000
8798    -1837882.000000
8799    -1837883.625000
8800    -1837884.500000
8801    -1837885.750000
8802    -1837886.875000
8803    -1837888.000000
8804    -1837889.000000
8805    -1837890.250000
8806    -1837891.250000
8807    -1837892.375000
8808    -1837893.625000
8809    -1837894.500000
8810    -1837896.000000
8811    -1837896.875000
8812    -1837898.000000
8813    -1837899.250000
8814    -1837900.250000
8815    -1837901.500000
8816    -1837902.500000
8817    -1837903.750000
8818    -1837904.500000
8819    -1837905.750000
8820    -1837906.875000
8821    -1837908.125000
8822    -1837909.000000
8823    -1837910.125000
8824    -1837911.250000
8825    -1837912.000000
8826    -1837913.250000
8827    -1837914.375000
8828    -1837915.125000
8829    -1837916.500000
8830    -1837917.500000
8831    -1837918.625000
8832    -1837919.750000
8833    -1837920.625000
8834    -1837921.625000
8835    -1837922.750000
8836    -1837923.625000
8837    -1837924.875000
8838    -1837925.750000
8839    -1837926.875000
8840    -1837928.000000
8841    -1837928.875000
8842    -1837930.000000
8843    -1837931.000000
8844    -1837932.125000
8845    -1837932.875000
8846    -1837934.000000
8847    -1837935.250000
8848    -1837936.250000
8849    -1837937.000000
8850    -1837938.125000
8851    -1837939.125000
8852    -1837940.000000
8853    -1837941.125000
8854    -1837942.250000
8855    -1837943.250000
8856    -1837944.250000
8857    -1837945.375000
8858    -1837946.125000
8859    -1837947.125000
8860    -1837948.250000
8861    -1837949.000000
8862    -1837950.250000
8863    -1837951.250000
8864    -1837952.125000
8865    -1837953.250000
8866    -1837954.125000
8867    -1837955.250000
8868    -1837956.000000
8869    -1837957.000000
8870    -1837958.000000
8871    -1837959.000000
8872    -1837960.000000
8873    -1837961.000000
8874    -1837961.750000
8875    -1837962.750000
8876    -1837963.750000
8877    -1837964.625000
8878    -1837965.750000
8879    -1837966.875000
8880    -1837967.500000
8881    -1837968.750000
8882    -1837969.750000
8883    -1837970.500000
8884    -1837971.500000
8885    -1837972.500000
8886    -1837973.375000
8887    -1837974.750000
8888    -1837975.500000
8889    -1837976.375000
8890    -1837977.750000
8891    -1837978.250000
8892    -1837979.250000
8893    -1837980.375000
8894    -1837981.375000
8895    -1837982.250000
8896    -1837983.250000
8897    -1837984.125000
8898    -1837985.125000
8899    -1837985.750000
8900    -1837987.125000
8901    -1837988.000000
8902    -1837989.000000
8903    -1837990.000000
8904    -1837991.000000
8905    -1837992.000000
8906    -1837992.750000
8907    -1837993.750000
8908    -1837994.750000
8909    -1837995.750000
8910    -1837996.750000
8911    -1837997.625000
8912    -1837998.500000
8913    -1837999.500000
8914    -1838000.500000
8915    -1838001.500000
8916    -1838002.375000
8917    -1838003.250000
8918    -1838004.375000
8919    -1838005.500000
8920    -1838006.125000
8921    -1838007.250000
8922    -1838008.000000
8923    -1838009.125000
8924    -1838009.875000
8925    -1838011.000000
8926    -1838012.000000
8927    -1838013.250000
8928    -1838014.000000
8929    -1838015.125000
8930    -1838016.000000
8931    -1838016.875000
8932    -1838017.750000
8933    -1838018.625000
8934    -1838019.500000
8935    -1838020.625000
8936    -1838021.500000
8937    -1838022.375000
8938    -1838023.375000
8939    -1838024.250000
8940    -1838025.500000
8941    -1838026.500000
8942    -1838027.250000
8943    -1838028.250000
8944    -1838029.125000
8945    -1838030.250000
8946    -1838031.125000
8947    -1838032.000000
8948    -1838033.125000
8949    -1838034.250000
8950    -1838035.000000
8951    -1838036.000000
8952    -1838037.000000
8953    -1838038.000000
8954    -1838039.000000
8955    -1838040.000000
8956    -1838041.000000
8957    -1838042.000000
8958    -1838042.875000
8959    -1838043.750000
8960    -1838044.750000
8961    -1838045.750000
8962    -1838046.750000
8963    -1838047.750000
8964    -1838048.750000
8965    -1838049.875000
8966    -1838050.750000
8967    -1838051.500000
8968    -1838052.500000
8969    -1838053.500000
8970    -1838054.750000
8971    -1838055.375000
8972    -1838056.500000
8973    -1838057.250000
8974    -1838058.500000
8975    -1838059.500000
8976    -1838060.375000
8977    -1838061.500000
8978    -1838062.750000
8979    -1838063.750000
8980    -1838064.500000
8981    -1838065.500000
8982    -1838066.500000
8983    -1838067.500000
8984    -1838068.500000
8985    -1838069.500000
8986    -1838070.500000
8987    -1838071.375000
8988    -1838072.500000
8989    -1838073.500000
8990    -1838074.625000
8991    -1838075.750000
8992    -1838076.750000
8993    -1838078.000000
8994    -1838078.750000
8995    -1838079.875000
8996    -1838081.000000
8997    -1838082.000000
8998    -1838083.000000
8999    -1838084.000000
9000    -1838085.000000
9001    -1838086.000000
9002    -1838087.000000
9003    -1838088.250000
9004    -1838089.250000
9005    -1838090.250000
9006    -1838091.375000
9007    -1838092.250000
9008    -1838093.500000
9009    -1838094.500000
9010    -1838095.750000
9011    -1838096.750000
9012    -1838097.750000
9013    -1838098.750000
9014    -1838099.750000
9015    -1838100.750000
9016    -1838102.000000
9017    -1838103.125000
9018    -1838104.000000
9019    -1838105.250000
9020    -1838106.125000
9021    -1838107.250000
9022    -1838108.250000
9023    -1838109.375000
9024    -1838110.500000
9025    -1838111.500000
9026    -1838112.625000
9027    -1838113.625000
9028    -1838114.500000
9029    -1838115.750000
9030    -1838117.000000
9031    -1838117.875000
9032    -1838119.000000
9033    -1838120.000000
9034    -1838121.000000
9035    -1838122.250000
9036    -1838123.250000
9037    -1838124.250000
9038    -1838125.500000
9039    -1838126.500000
9040    -1838127.500000
9041    -1838128.500000
9042    -1838129.625000
9043    -1838130.750000
9044    -1838131.750000
9045    -1838132.750000
9046    -1838134.000000
9047    -1838135.000000
9048    -1838136.000000
9049    -1838137.000000
9050    -1838138.000000
9051    -1838139.250000
9052    -1838140.375000
9053    -1838141.500000
9054    -1838142.625000
9055    -1838143.625000
9056    -1838144.500000
9057    -1838145.750000
9058    -1838146.750000
9059    -1838147.750000
9060    -1838148.750000
9061    -1838149.750000
9062    -1838150.875000
9063    -1838152.000000
9064    -1838153.000000
9065    -1838154.000000
9066    -1838155.000000
9067    -1838156.000000
9068    -1838157.375000
9069    -1838158.250000
9070    -1838159.500000
9071    -1838160.375000
9072    -1838161.500000
9073    -1838162.500000
9074    -1838163.375000
9075    -1838164.500000
9076    -1838165.500000
9077    -1838166.750000
9078    -1838167.625000
9079    -1838168.625000
9080    -1838169.750000
9081    -1838170.750000
9082    -1838171.750000
9083    -1838172.750000
9084    -1838174.000000
9085    -1838175.000000
9086    -1838175.875000
9087    -1838176.875000
9088    -1838178.125000
9089    -1838179.250000
9090    -1838180.000000
9091    -1838181.000000
9092    -1838182.000000
9093    -1838183.000000
9094    -1838183.875000
9095    -1838185.125000
9096    -1838186.250000
9097    -1838187.250000
9098    -1838188.375000
9099    -1838189.125000
9100    -1838190.250000
9101    -1838190.875000
9102    -1838192.000000
9103    -1838193.125000
9104    -1838194.250000
9105    -1838195.000000
9106    -1838196.250000
9107    -1838197.250000
9108    -1838198.125000
9109    -1838199.000000
9110    -1838200.125000
9111    -1838201.000000
9112    -1838202.250000
9113    -1838203.125000
9114    -1838203.875000
9115    -1838204.875000
9116    -1838206.000000
9117    -1838207.000000
9118    -1838207.875000
9119    -1838208.875000
9120    -1838210.000000
9121    -1838210.875000
9122    -1838211.750000
9123    -1838212.750000
9124    -1838213.750000
9125    -1838214.750000
9126    -1838215.750000
9127    -1838216.500000
9128    -1838217.500000
9129    -1838218.375000
9130    -1838219.500000
9131    -1838220.500000
9132    -1838221.375000
9133    -1838222.250000
9134    -1838223.250000
9135    -1838224.250000
9136    -1838225.250000
9137    -1838226.250000
9138    -1838227.250000
9139    -1838228.125000
9140    -1838229.125000
9141    -1838230.000000
9142    -1838231.000000
9143    -1838231.750000
9144    -1838232.750000
9145    -1838233.750000
9146    -1838234.750000
9147    -1838235.875000
9148    -1838236.750000
9149    -1838237.750000
9150    -1838238.625000
9151    -1838239.875000
9152    -1838240.625000
9153    -1838241.500000
9154    -1838242.500000
9155    -1838243.375000
9156    -1838244.250000
9157    -1838245.250000
9158    -1838246.125000
9159    -1838247.125000
9160    -1838248.250000
9161    -1838249.125000
9162    -1838250.000000
9163    -1838251.000000
9164    -1838251.875000
9165    -1838252.875000
9166    -1838254.000000
9167    -1838254.750000
9168    -1838255.625000
9169    -1838257.000000
9170    -1838257.750000
9171    -1838258.500000
9172    -1838259.250000
9173    -1838260.250000
9174    -1838261.500000
9175    -1838262.250000
9176    -1838263.250000
9177    -1838264.125000
9178    -1838265.000000
9179    -1838266.000000
9180    -1838267.000000
9181    -1838267.875000
9182    -1838268.750000
9183    -1838269.875000
9184    -1838270.875000
9185    -1838271.750000
9186    -1838272.500000
9187    -1838273.750000
9188    -1838274.500000
9189    -1838275.500000
9190    -1838276.375000
9191    -1838277.250000
9192    -1838278.250000
9193    -1838279.000000
9194    -1838280.000000
9195    -1838281.000000
9196    -1838282.000000
9197    -1838283.000000
9198    -1838283.750000
9199    -1838284.750000
9200    -1838285.625000
9201    -1838286.500000
9202    -1838287.500000
9203    -1838288.500000
9204    -1838289.625000
9205    -1838290.500000
9206    -1838291.500000
9207    -1838292.500000
9208    -1838293.375000
9209    -1838294.000000
9210    -1838295.250000
9211    -1838296.500000
9212    -1838297.000000
9213    -1838298.125000
9214    -1838299.000000
9215    -1838300.000000
9216    -1838300.875000
9217    -1838301.875000
9218    -1838302.625000
9219    -1838304.125000
9220    -1838304.750000
9221    -1838305.750000
9222    -1838306.500000
9223    -1838307.750000
9224    -1838308.500000
9225    -1838309.750000
9226    -1838310.625000
9227    -1838311.500000
9228    -1838312.500000
9229    -1838313.500000
9230    -1838314.500000
9231    -1838315.375000
9232    -1838316.375000
9233    -1838317.500000
9234    -1838318.500000
9235    -1838319.250000
9236    -1838320.250000
9237    -1838321.250000
9238    -1838322.250000
9239    -1838323.250000
9240    -1838324.250000
9241    -1838325.000000
9242    -1838326.375000
9243    -1838327.250000
9244    -1838328.250000
9245    -1838329.250000
9246    -1838330.250000
9247    -1838331.000000
9248    -1838332.250000
9249    -1838332.875000
9250    -1838334.000000
9251    -1838335.000000
9252    -1838336.000000
9253    -1838336.750000
9254    -1838338.000000
9255    -1838338.875000
9256    -1838339.750000
9257    -1838341.000000
9258    -1838341.750000
9259    -1838342.750000
9260    -1838344.000000
9261    -1838345.125000
9262    -1838346.000000
9263    -1838347.000000
9264    -1838347.875000
9265    -1838349.000000
9266    -1838350.000000
9267    -1838351.000000
9268    -1838352.000000
9269    -1838352.750000
9270    -1838353.875000
9271    -1838354.750000
9272    -1838355.875000
9273    -1838356.875000
9274    -1838357.875000
9275    -1838358.750000
9276    -1838360.125000
9277    -1838361.125000
9278    -1838362.125000
9279    -1838363.000000
9280    -1838364.250000
9281    -1838365.000000
9282    -1838366.250000
9283    -1838367.250000
9284    -1838368.250000
9285    -1838369.250000
9286    -1838370.250000
9287    -1838371.375000
9288    -1838372.500000
9289    -1838373.500000
9290    -1838374.750000
9291    -1838375.750000
9292    -1838376.750000
9293    -1838378.000000
9294    -1838378.875000
9295    -1838380.000000
9296    -1838381.000000
9297    -1838382.000000
9298    -1838383.250000
9299    -1838384.000000
9300    -1838385.000000
9301    -1838386.250000
9302    -1838387.250000
9303    -1838388.250000
9304    -1838389.625000
9305    -1838390.750000
9306    -1838391.750000
9307    -1838392.750000
9308    -1838393.750000
9309    -1838394.875000
9310    -1838396.125000
9311    -1838397.125000
9312    -1838398.000000
9313    -1838399.125000
9314    -1838400.250000
9315    -1838401.250000
9316    -1838402.625000
9317    -1838403.375000
9318    -1838404.500000
9319    -1838405.750000
9320    -1838407.000000
9321    -1838407.750000
9322    -1838408.875000
9323    -1838410.000000
9324    -1838411.000000
9325    -1838412.125000
9326    -1838413.000000
9327    -1838414.375000
9328    -1838415.375000
9329    -1838416.500000
9330    -1838417.500000
9331    -1838418.750000
9332    -1838419.750000
9333    -1838421.000000
9334    -1838421.875000
9335    -1838423.000000
9336    -1838424.000000
9337    -1838425.250000
9338    -1838426.375000
9339    -1838427.500000
9340    -1838428.500000
9341    -1838429.500000
9342    -1838430.500000
9343    -1838431.750000
9344    -1838432.750000
9345    -1838433.625000
9346    -1838435.000000
9347    -1838435.875000
9348    -1838437.000000
9349    -1838438.000000
9350    -1838439.125000
9351    -1838440.000000
9352    -1838441.250000
9353    -1838442.125000
9354    -1838443.500000
9355    -1838444.250000
9356    -1838445.500000
9357    -1838446.250000
9358    -1838447.500000
9359    -1838448.250000
9360    -1838449.500000
9361    -1838450.250000
9362    -1838451.500000
9363    -1838452.500000
9364    -1838453.500000
9365    -1838454.375000
9366    -1838455.500000
9367    -1838456.375000
9368    -1838457.500000
9369    -1838458.500000
9370    -1838459.375000
9371    -1838460.500000
9372    -1838461.500000
9373    -1838462.500000
9374    -1838463.375000
9375    -1838464.500000
9376    -1838465.500000
9377    -1838466.500000
9378    -1838467.375000
9379    -1838468.375000
9380    -1838469.250000
9381    -1838470.250000
9382    -1838471.125000
9383    -1838472.250000
9384    -1838473.125000
9385    -1838474.125000
9386    -1838475.125000
9387    -1838476.000000
9388    -1838477.000000
9389    -1838478.125000
9390    -1838479.000000
9391    -1838479.875000
9392    -1838480.750000
9393    -1838482.000000
9394    -1838482.750000
9395    -1838484.000000
9396    -1838484.750000
9397    -1838485.500000
9398    -1838486.500000
9399    -1838487.375000
9400    -1838488.375000
9401    -1838489.500000
9402    -1838490.250000
9403    -1838491.250000
9404    -1838492.000000
9405    -1838493.000000
9406    -1838494.000000
9407    -1838494.750000
9408    -1838495.625000
9409    -1838496.500000
9410    -1838497.500000
9411    -1838498.500000
9412    -1838499.375000
9413    -1838500.500000
9414    -1838501.250000
9415    -1838502.250000
9416    -1838503.125000
9417    -1838504.000000
9418    -1838504.750000
9419    -1838505.750000
9420    -1838506.625000
9421    -1838507.750000
9422    -1838508.625000
9423    -1838509.500000
9424    -1838510.375000
9425    -1838511.250000
9426    -1838512.125000
9427    -1838513.000000
9428    -1838513.750000
9429    -1838514.625000
9430    -1838515.500000
9431    -1838516.500000
9432    -1838517.375000
9433    -1838518.250000
9434    -1838519.250000
9435    -1838520.250000
9436    -1838521.250000
9437    -1838521.875000
9438    -1838522.750000
9439    -1838523.500000
9440    -1838524.500000
9441    -1838525.375000
9442    -1838526.500000
9443    -1838527.000000
9444    -1838528.250000
9445    -1838529.000000
9446    -1838529.750000
9447    -1838530.750000
9448    -1838531.625000
9449    -1838532.250000
9450    -1838533.250000
9451    -1838534.250000
9452    -1838535.000000
9453    -1838535.625000
9454    -1838536.500000
9455    -1838537.250000
9456    -1838538.250000
9457    -1838539.250000
9458    -1838540.000000
9459    -1838540.875000
9460    -1838541.750000
9461    -1838542.625000
9462    -1838543.500000
9463    -1838544.500000
9464    -1838545.250000
9465    -1838546.000000
9466    -1838547.000000
9467    -1838547.875000
9468    -1838548.625000
9469    -1838549.250000
9470    -1838550.250000
9471    -1838551.125000
9472    -1838552.000000
9473    -1838552.750000
9474    -1838553.625000
9475    -1838554.500000
9476    -1838555.500000
9477    -1838556.125000
9478    -1838557.125000
9479    -1838557.875000
9480    -1838558.750000
9481    -1838559.500000
9482    -1838560.375000
9483    -1838561.000000
9484    -1838562.000000
9485    -1838562.750000
9486    -1838563.750000
9487    -1838564.500000
9488    -1838565.125000
9489    -1838566.125000
9490    -1838567.000000
9491    -1838567.750000
9492    -1838568.750000
9493    -1838569.250000
9494    -1838570.250000
9495    -1838571.000000
9496    -1838571.875000
9497    -1838572.500000
9498    -1838573.500000
9499    -1838574.250000
9500    -1838575.000000
9501    -1838575.750000
9502    -1838576.750000
9503    -1838577.250000
9504    -1838578.125000
9505    -1838579.000000
9506    -1838579.750000
9507    -1838580.500000
9508    -1838581.500000
9509    -1838582.000000
9510    -1838582.750000
9511    -1838583.625000
9512    -1838584.375000
9513    -1838585.000000
9514    -1838586.000000
9515    -1838586.625000
9516    -1838587.250000
9517    -1838588.125000
9518    -1838589.000000
9519    -1838589.625000
9520    -1838590.500000
9521    -1838591.250000
9522    -1838592.000000
9523    -1838592.750000
9524    -1838593.375000
9525    -1838594.375000
9526    -1838595.000000
9527    -1838595.750000
9528    -1838596.500000
9529    -1838597.000000
9530    -1838597.875000
9531    -1838598.750000
9532    -1838599.500000
9533    -1838600.250000
9534    -1838601.000000
9535    -1838601.625000
9536    -1838602.500000
9537    -1838603.250000
9538    -1838604.000000
9539    -1838604.625000
9540    -1838605.500000
9541    -1838606.000000
9542    -1838606.750000
9543    -1838607.500000
9544    -1838608.375000
9545    -1838609.000000
9546    -1838609.875000
9547    -1838610.500000
9548    -1838611.250000
9549    -1838611.875000
9550    -1838612.500000
9551    -1838613.375000
9552    -1838614.000000
9553    -1838614.750000
9554    -1838615.375000
9555    -1838616.250000
9556    -1838616.875000
9557    -1838617.500000
9558    -1838618.375000
9559    -1838618.875000
9560    -1838619.625000
9561    -1838620.500000
9562    -1838621.250000
9563    -1838621.750000
9564    -1838622.500000
9565    -1838623.250000
9566    -1838623.750000
9567    -1838624.625000
9568    -1838625.375000
9569    -1838626.000000
9570    -1838626.750000
9571    -1838627.375000
9572    -1838628.250000
9573    -1838628.750000
9574    -1838629.500000
9575    -1838630.250000
9576    -1838631.000000
9577    -1838631.625000
9578    -1838632.375000
9579    -1838632.875000
9580    -1838633.875000
9581    -1838634.375000
9582    -1838635.125000
9583    -1838635.875000
9584    -1838636.625000
9585    -1838636.875000
9586    -1838637.750000
9587    -1838638.500000
9588    -1838639.250000
9589    -1838640.000000
9590    -1838640.750000
9591    -1838641.375000
9592    -1838642.000000
9593    -1838642.750000
9594    -1838643.250000
9595    -1838643.875000
9596    -1838644.750000
9597    -1838645.500000
9598    -1838646.125000
9599    -1838646.875000
9600    -1838647.500000
9601    -1838648.000000
9602    -1838648.750000
9603    -1838649.625000
9604    -1838650.250000
9605    -1838650.875000
9606    -1838651.500000
9607    -1838652.250000
9608    -1838652.750000
9609    -1838653.375000
9610    -1838654.125000
9611    -1838654.750000
9612    -1838655.375000
9613    -1838656.250000
9614    -1838657.000000
9615    -1838657.500000
9616    -1838658.000000
9617    -1838658.875000
9618    -1838659.500000
9619    -1838660.250000
9620    -1838660.750000
9621    -1838661.500000
9622    -1838662.125000
9623    -1838662.875000
9624    -1838663.625000
9625    -1838664.250000
9626    -1838665.000000
9627    -1838665.500000
9628    -1838666.000000
9629    -1838666.750000
9630    -1838667.500000
9631    -1838667.875000
9632    -1838668.625000
9633    -1838669.250000
9634    -1838670.000000
9635    -1838670.750000
9636    -1838671.375000
9637    -1838672.125000
9638    -1838672.750000
9639    -1838673.375000
9640    -1838674.000000
9641    -1838674.500000
9642    -1838675.375000
9643    -1838675.750000
9644    -1838676.500000
9645    -1838677.250000
9646    -1838677.875000
9647    -1838678.750000
9648    -1838679.125000
9649    -1838680.250000
9650    -1838680.500000
9651    -1838681.375000
9652    -1838682.000000
9653    -1838682.500000
9654    -1838683.000000
9655    -1838684.000000
9656    -1838684.750000
9657    -1838685.250000
9658    -1838685.750000
9659    -1838686.500000
9660    -1838687.000000
9661    -1838687.875000
9662    -1838688.500000
9663    -1838689.000000
9664    -1838689.750000
9665    -1838690.500000
9666    -1838691.250000
9667    -1838692.000000
9668    -1838692.500000
9669    -1838693.250000
9670    -1838693.875000
9671    -1838694.375000
9672    -1838695.000000
9673    -1838695.750000
9674    -1838696.500000
9675    -1838697.000000
9676    -1838697.750000
9677    -1838698.375000
9678    -1838699.250000
9679    -1838699.750000
9680    -1838700.375000
9681    -1838701.000000
9682    -1838701.750000
9683    -1838702.500000
9684    -1838703.000000
9685    -1838703.625000
9686    -1838704.500000
9687    -1838705.125000
9688    -1838705.750000
9689    -1838706.375000
9690    -1838706.875000
9691    -1838707.625000
9692    -1838708.500000
9693    -1838709.000000
9694    -1838709.750000
9695    -1838710.250000
9696    -1838711.000000
9697    -1838711.500000
9698    -1838712.250000
9699    -1838713.000000
9700    -1838713.625000
9701    -1838714.375000
9702    -1838714.875000
9703    -1838715.625000
9704    -1838716.375000
9705    -1838717.000000
9706    -1838717.625000
9707    -1838718.250000
9708    -1838719.000000
9709    -1838719.750000
9710    -1838720.375000
9711    -1838720.875000
9712    -1838721.625000
9713    -1838722.125000
9714    -1838723.000000
9715    -1838723.500000
9716    -1838724.250000
9717    -1838725.000000
9718    -1838725.500000
9719    -1838726.250000
9720    -1838726.875000
9721    -1838727.625000
9722    -1838728.250000
9723    -1838729.000000
9724    -1838729.750000
9725    -1838730.500000
9726    -1838731.000000
9727    -1838731.875000
9728    -1838732.500000
9729    -1838733.125000
9730    -1838733.625000
9731    -1838734.500000
9732    -1838735.125000
9733    -1838735.875000
9734    -1838736.500000
9735    -1838737.250000
9736    -1838738.000000
9737    -1838738.750000
9738    -1838739.250000
9739    -1838740.000000
9740    -1838740.500000
9741    -1838741.500000
9742    -1838742.000000
9743    -1838742.500000
9744    -1838743.500000
9745    -1838744.250000
9746    -1838745.000000
9747    -1838745.625000
9748    -1838746.125000
9749    -1838746.750000
9750    -1838747.750000
9751    -1838748.500000
9752    -1838748.875000
9753    -1838749.750000
9754    -1838750.375000
9755    -1838751.250000
9756    -1838751.875000
9757    -1838752.500000
9758    -1838753.250000
9759    -1838754.000000
9760    -1838754.750000
9761    -1838755.250000
9762    -1838756.000000
9763    -1838756.875000
9764    -1838757.500000
9765    -1838758.125000
9766    -1838758.875000
9767    -1838759.750000
9768    -1838760.250000
9769    -1838761.000000
9770    -1838761.750000
9771    -1838762.375000
9772    -1838763.250000
9773    -1838763.750000
9774    -1838764.750000
9775    -1838765.375000
9776    -1838766.000000
9777    -1838766.750000
9778    -1838767.625000
9779    -1838768.125000
9780    -1838768.750000
9781    -1838769.500000
9782    -1838770.250000
9783    -1838771.000000
9784    -1838771.625000
9785    -1838772.375000
9786    -1838773.250000
9787    -1838773.875000
9788    -1838774.500000
9789    -1838775.250000
9790    -1838776.000000
9791    -1838776.750000
9792    -1838777.500000
9793    -1838778.125000
9794    -1838778.875000
9795    -1838779.750000
9796    -1838780.375000
9797    -1838781.000000
9798    -1838781.750000
9799    -1838782.500000
9800    -1838783.375000
9801    -1838783.875000
9802    -1838784.500000
9803    -1838785.375000
9804    -1838786.000000
9805    -1838786.750000
9806    -1838787.625000
9807    -1838788.375000
9808    -1838788.875000
9809    -1838789.750000
9810    -1838790.500000
9811    -1838791.250000
9812    -1838792.000000
9813    -1838792.500000
9814    -1838793.250000
9815    -1838794.000000
9816    -1838794.750000
9817    -1838795.625000
9818    -1838796.250000
9819    -1838797.000000
9820    -1838797.750000
9821    -1838798.500000
9822    -1838799.125000
9823    -1838800.000000
9824    -1838800.750000
9825    -1838801.500000
9826    -1838802.250000
9827    -1838802.875000
9828    -1838803.625000
9829    -1838804.500000
9830    -1838805.125000
9831    -1838805.750000
9832    -1838806.375000
9833    -1838807.250000
9834    -1838807.875000
9835    -1838809.000000
9836    -1838809.500000
9837    -1838810.000000
9838    -1838810.875000
9839    -1838811.625000
9840    -1838812.375000
9841    -1838813.250000
9842    -1838814.000000
9843    -1838814.625000
9844    -1838815.500000
9845    -1838816.250000
9846    -1838816.875000
9847    -1838817.500000
9848    -1838818.375000
9849    -1838819.000000
9850    -1838819.750000
9851    -1838820.625000
9852    -1838821.500000
9853    -1838822.250000
9854    -1838822.750000
9855    -1838823.500000
9856    -1838824.250000
9857    -1838825.000000
9858    -1838825.875000
9859    -1838826.500000
9860    -1838827.250000
9861    -1838827.875000
9862    -1838828.750000
9863    -1838829.750000
9864    -1838830.250000
9865    -1838830.875000
9866    -1838831.750000
9867    -1838832.375000
9868    -1838833.250000
9869    -1838833.875000
9870    -1838834.750000
9871    -1838835.750000
9872    -1838836.250000
9873    -1838837.000000
9874    -1838837.750000
9875    -1838838.500000
9876    -1838839.250000
9877    -1838840.125000
9878    -1838841.000000
9879    -1838841.750000
9880    -1838842.375000
9881    -1838843.125000
9882    -1838843.875000
9883    -1838844.750000
9884    -1838845.500000
9885    -1838846.250000
9886    -1838846.875000
9887    -1838847.750000
9888    -1838848.625000
9889    -1838849.250000
9890    -1838850.125000
9891    -1838850.750000
9892    -1838851.500000
9893    -1838852.250000
9894    -1838853.000000
9895    -1838854.000000
9896    -1838854.750000
9897    -1838855.250000
9898    -1838856.125000
9899    -1838856.750000
9900    -1838857.500000
9901    -1838858.250000
9902    -1838859.125000
9903    -1838859.750000
9904    -1838860.625000
9905    -1838861.500000
9906    -1838862.000000
9907    -1838862.875000
9908    -1838863.500000
9909    -1838864.250000
9910    -1838865.000000
9911    -1838865.875000
9912    -1838866.625000
9913    -1838867.250000
9914    -1838868.125000
9915    -1838868.750000
9916    -1838869.750000
9917    -1838870.500000
9918    -1838871.000000
9919    -1838871.875000
9920    -1838872.500000
9921    -1838873.250000
9922    -1838874.125000
9923    -1838874.750000
9924    -1838875.625000
9925    -1838876.125000
9926    -1838877.000000
9927    -1838877.750000
9928    -1838878.500000
9929    -1838879.125000
9930    -1838879.750000
9931    -1838880.625000
9932    -1838881.500000
9933    -1838882.250000
9934    -1838882.875000
9935    -1838883.750000
9936    -1838884.500000
9937    -1838885.000000
9938    -1838886.000000
9939    -1838886.500000
9940    -1838887.125000
9941    -1838887.750000
9942    -1838888.625000
9943    -1838889.500000
9944    -1838890.125000
9945    -1838890.750000
9946    -1838891.500000
9947    -1838892.250000
9948    -1838893.000000
9949    -1838893.625000
9950    -1838894.375000
9951    -1838895.250000
9952    -1838896.000000
9953    -1838896.625000
9954    -1838897.500000
9955    -1838898.250000
9956    -1838898.875000
9957    -1838899.375000
9958    -1838900.250000
9959    -1838900.750000
9960    -1838901.500000
9961    -1838902.250000
9962    -1838903.000000
9963    -1838903.750000
9964    -1838904.250000
9965    -1838905.250000
9966    -1838905.750000
9967    -1838906.500000
9968    -1838907.125000
9969    -1838907.750000
9970    -1838908.625000
9971    -1838909.500000
9972    -1838910.125000
9973    -1838910.625000
9974    -1838911.250000
9975    -1838912.000000
9976    -1838912.750000
9977    -1838913.500000
9978    -1838914.250000
9979    -1838914.750000
9980    -1838915.500000
9981    -1838916.000000
9982    -1838916.750000
9983    -1838917.375000
9984    -1838918.250000
9985    -1838918.875000
9986    -1838919.500000
9987    -1838920.250000
9988    -1838921.000000
9989    -1838921.500000
9990    -1838922.250000
9991    -1838922.750000
9992    -1838923.500000
9993    -1838924.000000
9994    -1838924.750000
9995    -1838925.250000
9996    -1838926.250000
9997    -1838926.875000
9998    -1838927.375000
9999    -1838928.250000
10000   -1838928.875000
10001   -1838929.250000
10002   -1838929.875000
10003   -1838930.500000
10004   -1838931.500000
10005   -1838932.000000
10006   -1838932.500000
10007   -1838933.375000
10008   -1838934.250000
10009   -1838934.625000
10010   -1838935.125000
10011   -1838935.750000
10012   -1838936.500000
10013   -1838937.125000
10014   -1838937.500000
10015   -1838938.500000
10016   -1838939.000000
10017   -1838939.750000
10018   -1838940.375000
10019   -1838941.000000
10020   -1838941.750000
10021   -1838942.250000
10022   -1838943.125000
10023   -1838943.625000
10024   -1838944.250000
10025   -1838944.750000
10026   -1838945.500000
10027   -1838946.250000
10028   -1838946.750000
10029   -1838947.500000
10030   -1838948.250000
10031   -1838948.750000
10032   -1838949.500000
10033   -1838950.250000
10034   -1838950.750000
10035   -1838951.375000
10036   -1838951.875000
10037   -1838952.625000
10038   -1838953.250000
10039   -1838953.875000
10040   -1838954.500000
10041   -1838955.125000
10042   -1838955.750000
10043   -1838956.500000
10044   -1838957.125000
10045   -1838957.750000
10046   -1838958.250000
10047   -1838959.000000
10048   -1838959.750000
10049   -1838960.125000
10050   -1838960.875000
10051   -1838961.500000
10052   -1838962.250000
10053   -1838962.750000
10054   -1838963.250000
10055   -1838964.000000
10056   -1838964.500000
10057   -1838965.500000
10058   -1838966.000000
10059   -1838966.750000
10060   -1838967.125000
10061   -1838967.750000
10062   -1838968.250000
10063   -1838969.000000
10064   -1838969.750000
10065   -1838970.375000
10066   -1838970.875000
10067   -1838971.500000
10068   -1838972.125000
10069   -1838972.750000
10070   -1838973.500000
10071   -1838974.000000
10072   -1838974.750000
10073   -1838975.250000
10074   -1838975.750000
10075   -1838976.500000
10076   -1838977.250000
10077   -1838977.875000
10078   -1838978.500000
10079   -1838978.875000
10080   -1838979.750000
10081   -1838980.375000
10082   -1838980.875000
10083   -1838981.375000
10084   -1838982.250000
10085   -1838983.000000
10086   -1838983.500000
10087   -1838984.000000
10088   -1838984.625000
10089   -1838985.250000
10090   -1838986.000000
10091   -1838986.500000
10092   -1838987.250000
10093   -1838987.875000
10094   -1838988.500000
10095   -1838989.000000
10096   -1838989.750000
10097   -1838990.375000
10098   -1838990.750000
10099   -1838991.625000
10100   -1838992.250000
10101   -1838992.750000
10102   -1838993.375000
10103   -1838994.000000
10104   -1838994.625000
10105   -1838995.125000
10106   -1838995.750000
10107   -1838996.375000
10108   -1838997.000000
10109   -1838997.500000
10110   -1838998.250000
10111   -1838998.625000
10112   -1838999.250000
10113   -1838999.750000
10114   -1839000.500000
10115   -1839000.875000
10116   -1839001.625000
10117   -1839002.250000
10118   -1839002.625000
10119   -1839003.250000
10120   -1839003.875000
10121   -1839004.500000
10122   -1839005.000000
10123   -1839005.625000
10124   -1839006.250000
10125   -1839006.750000
10126   -1839007.500000
10127   -1839008.000000
10128   -1839008.500000
10129   -1839009.125000
10130   -1839009.750000
10131   -1839010.250000
10132   -1839011.000000
10133   -1839011.500000
10134   -1839012.000000
10135   -1839012.500000
10136   -1839013.250000
10137   -1839013.750000
10138   -1839014.375000
10139   -1839015.000000
10140   -1839015.750000
10141   -1839016.250000
10142   -1839016.750000
10143   -1839017.250000
10144   -1839017.750000
10145   -1839018.500000
10146   -1839019.250000
10147   -1839019.500000
10148   -1839020.375000
10149   -1839020.625000
10150   -1839021.250000
10151   -1839022.000000
10152   -1839022.500000
10153   -1839023.000000
10154   -1839023.500000
10155   -1839024.000000
10156   -1839024.750000
10157   -1839025.375000
10158   -1839026.000000
10159   -1839026.500000
10160   -1839027.000000
10161   -1839027.625000
10162   -1839028.000000
10163   -1839028.750000
10164   -1839029.250000
10165   -1839029.750000
10166   -1839030.500000
10167   -1839031.000000
10168   -1839031.750000
10169   -1839032.250000
10170   -1839032.875000
10171   -1839033.375000
10172   -1839034.250000
10173   -1839034.750000
10174   -1839035.375000
10175   -1839036.000000
10176   -1839036.250000
10177   -1839037.125000
10178   -1839037.625000
10179   -1839038.250000
10180   -1839038.750000
10181   -1839039.375000
10182   -1839040.125000
10183   -1839040.750000
10184   -1839041.250000
10185   -1839041.750000
10186   -1839042.500000
10187   -1839043.250000
10188   -1839043.750000
10189   -1839044.125000
10190   -1839044.750000
10191   -1839045.625000
10192   -1839046.000000
10193   -1839046.625000
10194   -1839047.375000
10195   -1839048.000000
10196   -1839048.500000
10197   -1839049.125000
10198   -1839050.000000
10199   -1839050.500000
10200   -1839051.000000
10201   -1839051.500000
10202   -1839052.250000
10203   -1839053.000000
10204   -1839053.500000
10205   -1839054.250000
10206   -1839054.875000
10207   -1839055.500000
10208   -1839056.125000
10209   -1839056.875000
10210   -1839057.125000
10211   -1839058.000000
10212   -1839058.625000
10213   -1839059.375000
10214   -1839060.000000
10215   -1839060.625000
10216   -1839061.375000
10217   -1839061.750000
10218   -1839062.500000
10219   -1839063.250000
10220   -1839063.750000
10221   -1839064.500000
10222   -1839065.125000
10223   -1839065.750000
10224   -1839066.625000
10225   -1839067.250000
10226   -1839068.000000
10227   -1839068.750000
10228   -1839069.250000
10229   -1839070.000000
10230   -1839070.750000
10231   -1839071.500000
10232   -1839072.250000
10233   -1839072.750000
10234   -1839073.500000
10235   -1839074.125000
10236   -1839074.875000
10237   -1839075.500000
10238   -1839076.250000
10239   -1839076.875000
10240   -1839077.500000
10241   -1839078.500000
10242   -1839079.250000
10243   -1839080.125000
10244   -1839080.750000
10245   -1839081.250000
10246   -1839082.000000
10247   -1839082.750000
10248   -1839083.375000
10249   -1839084.250000
10250   -1839085.000000
10251   -1839085.750000
10252   -1839086.375000
10253   -1839087.000000
10254   -1839087.875000
10255   -1839088.625000
10256   -1839089.500000
10257   -1839090.250000
10258   -1839091.000000
10259   -1839091.750000
10260   -1839092.625000
10261   -1839093.375000
10262   -1839093.875000
10263   -1839094.750000
10264   -1839095.500000
10265   -1839096.250000
10266   -1839097.250000
10267   -1839097.750000
10268   -1839098.750000
10269   -1839099.500000
10270   -1839100.250000
10271   -1839101.125000
10272   -1839102.000000
10273   -1839102.625000
10274   -1839103.250000
10275   -1839104.125000
10276   -1839105.000000
10277   -1839106.000000
10278   -1839106.875000
10279   -1839107.500000
10280   -1839108.500000
10281   -1839109.375000
10282   -1839110.250000
10283   -1839110.625000
10284   -1839111.750000
10285   -1839112.500000
10286   -1839113.125000
10287   -1839114.250000
10288   -1839115.000000
10289   -1839115.875000
10290   -1839116.625000
10291   -1839117.500000
10292   -1839118.375000
10293   -1839119.250000
10294   -1839120.250000
10295   -1839121.000000
10296   -1839122.000000
10297   -1839122.750000
10298   -1839123.750000
10299   -1839124.500000
10300   -1839125.375000
10301   -1839126.375000
10302   -1839127.000000
10303   -1839128.000000
10304   -1839129.000000
10305   -1839129.875000
10306   -1839130.750000
10307   -1839131.500000
10308   -1839132.500000
10309   -1839133.500000
10310   -1839134.250000
10311   -1839135.375000
10312   -1839136.250000
10313   -1839137.000000
10314   -1839138.125000
10315   -1839138.875000
10316   -1839139.750000
10317   -1839140.750000
10318   -1839141.750000
10319   -1839142.625000
10320   -1839143.500000
10321   -1839144.500000
10322   -1839145.375000
10323   -1839146.250000
10324   -1839147.375000
10325   -1839148.250000
10326   -1839149.250000
10327   -1839150.250000
10328   -1839151.000000
10329   -1839152.000000
10330   -1839153.000000
10331   -1839154.000000
10332   -1839154.750000
10333   -1839155.875000
10334   -1839156.750000
10335   -1839157.750000
10336   -1839158.625000
10337   -1839159.750000
10338   -1839160.750000
10339   -1839161.500000
10340   -1839162.375000
10341   -1839163.750000
10342   -1839164.500000
10343   -1839165.500000
10344   -1839166.500000
10345   -1839167.500000
10346   -1839168.500000
10347   -1839169.250000
10348   -1839170.500000
10349   -1839171.375000
10350   -1839172.375000
10351   -1839173.250000
10352   -1839174.375000
10353   -1839175.250000
10354   -1839176.500000
10355   -1839177.625000
10356   -1839178.375000
10357   -1839179.500000
10358   -1839180.500000
10359   -1839181.625000
10360   -1839182.500000
10361   -1839183.500000
10362   -1839184.500000
10363   -1839185.625000
10364   -1839186.625000
10365   -1839187.625000
10366   -1839188.625000
10367   -1839189.750000
10368   -1839190.750000
10369   -1839191.750000
10370   -1839192.750000
10371   -1839193.750000
10372   -1839195.000000
10373   -1839196.000000
10374   -1839196.875000
10375   -1839198.000000
10376   -1839199.125000
10377   -1839200.125000
10378   -1839201.250000
10379   -1839202.125000
10380   -1839203.250000
10381   -1839204.250000
10382   -1839205.500000
10383   -1839206.500000
10384   -1839207.500000
10385   -1839208.625000
10386   -1839209.750000
10387   -1839210.750000
10388   -1839211.750000
10389   -1839212.875000
10390   -1839214.000000
10391   -1839215.000000
10392   -1839216.250000
10393   -1839217.125000
10394   -1839218.375000
10395   -1839219.375000
10396   -1839220.500000
10397   -1839221.625000
10398   -1839222.750000
10399   -1839223.750000
10400   -1839225.000000
10401   -1839226.000000
10402   -1839227.000000
10403   -1839228.125000
10404   -1839229.375000
10405   -1839230.375000
10406   -1839231.500000
10407   -1839232.750000
10408   -1839233.750000
10409   -1839235.000000
10410   -1839235.875000
10411   -1839237.000000
10412   -1839238.000000
10413   -1839239.125000
10414   -1839240.250000
10415   -1839241.375000
10416   -1839242.500000
10417   -1839243.750000
10418   -1839244.750000
10419   -1839245.750000
10420   -1839246.875000
10421   -1839248.000000
10422   -1839249.125000
10423   -1839250.375000
10424   -1839251.375000
10425   -1839252.500000
10426   -1839253.500000
10427   -1839254.750000
10428   -1839256.000000
10429   -1839257.000000
10430   -1839257.875000
10431   -1839259.125000
10432   -1839260.250000
10433   -1839261.500000
10434   -1839262.500000
10435   -1839263.750000
10436   -1839264.750000
10437   -1839265.875000
10438   -1839267.000000
10439   -1839268.000000
10440   -1839269.000000
10441   -1839270.250000
10442   -1839271.375000
10443   -1839272.500000
10444   -1839273.625000
10445   -1839274.750000
10446   -1839275.875000
10447   -1839276.875000
10448   -1839278.000000
10449   -1839279.000000
10450   -1839280.250000
10451   -1839281.125000
10452   -1839282.250000
10453   -1839283.500000
10454   -1839284.500000
10455   -1839285.750000
10456   -1839286.500000
10457   -1839287.625000
10458   -1839288.625000
10459   -1839290.000000
10460   -1839291.250000
10461   -1839292.250000
10462   -1839293.125000
10463   -1839294.250000
10464   -1839295.250000
10465   -1839296.375000
10466   -1839297.625000
10467   -1839298.500000
10468   -1839299.500000
10469   -1839300.750000
10470   -1839301.750000
10471   -1839302.875000
10472   -1839304.000000
10473   -1839305.000000
10474   -1839305.875000
10475   -1839307.125000
10476   -1839308.000000
10477   -1839309.250000
10478   -1839310.250000
10479   -1839311.250000
10480   -1839312.375000
10481   -1839313.250000
10482   -1839314.250000
10483   -1839315.125000
10484   -1839316.375000
10485   -1839317.250000
10486   -1839318.000000
10487   -1839319.125000
10488   -1839320.000000
10489   -1839321.000000
10490   -1839322.000000
10491   -1839323.125000
10492   -1839324.250000
10493   -1839325.125000
10494   -1839326.000000
10495   -1839326.750000
10496   -1839328.000000
10497   -1839329.000000
10498   -1839330.000000
10499   -1839331.000000
10500   -1839332.000000
10501   -1839332.750000
10502   -1839333.875000
10503   -1839334.750000
10504   -1839335.625000
10505   -1839336.625000
10506   -1839337.500000
10507   -1839338.750000
10508   -1839339.625000
10509   -1839340.500000
10510   -1839341.250000
10511   -1839342.250000
10512   -1839343.250000
10513   -1839344.375000
10514   -1839345.250000
10515   -1839346.000000
10516   -1839347.000000
10517   -1839348.000000
10518   -1839348.750000
10519   -1839349.875000
10520   -1839350.750000
10521   -1839352.000000
10522   -1839352.625000
10523   -1839353.500000
10524   -1839354.500000
10525   -1839355.250000
10526   -1839356.500000
10527   -1839357.500000
10528   -1839358.500000
10529   -1839359.375000
10530   -1839360.125000
10531   -1839361.125000
10532   -1839362.250000
10533   -1839363.000000
10534   -1839364.000000
10535   -1839365.000000
10536   -1839366.000000
10537   -1839366.750000
10538   -1839367.625000
10539   -1839368.625000
10540   -1839369.625000
10541   -1839370.625000
10542   -1839371.250000
10543   -1839372.500000
10544   -1839373.250000
10545   -1839374.125000
10546   -1839375.375000
10547   -1839376.250000
10548   -1839377.250000
10549   -1839378.125000
10550   -1839379.125000
10551   -1839380.000000
10552   -1839380.750000
10553   -1839382.250000
10554   -1839383.000000
10555   -1839383.750000
10556   -1839384.875000
10557   -1839385.625000
10558   -1839386.625000
10559   -1839387.750000
10560   -1839388.625000
10561   -1839389.750000
10562   -1839390.625000
10563   -1839391.750000
10564   -1839392.750000
10565   -1839393.500000
10566   -1839394.500000
10567   -1839395.500000
10568   -1839396.750000
10569   -1839397.625000
10570   -1839398.500000
10571   -1839399.500000
10572   -1839400.750000
10573   -1839401.750000
10574   -1839402.500000
10575   -1839403.500000
10576   -1839404.500000
10577   -1839405.750000
10578   -1839406.750000
10579   -1839407.500000
10580   -1839408.500000
10581   -1839409.750000
10582   -1839410.875000
10583   -1839411.750000
10584   -1839412.875000
10585   -1839414.125000
10586   -1839414.875000
10587   -1839416.000000
10588   -1839417.000000
10589   -1839418.250000
10590   -1839419.250000
10591   -1839420.250000
10592   -1839421.250000
10593   -1839422.500000
10594   -1839423.500000
10595   -1839424.500000
10596   -1839425.625000
10597   -1839426.750000
10598   -1839428.000000
10599   -1839428.750000
10600   -1839430.250000
10601   -1839431.250000
10602   -1839432.125000
10603   -1839433.500000
10604   -1839434.250000
10605   -1839435.500000
10606   -1839436.750000
10607   -1839437.875000
10608   -1839438.750000
10609   -1839440.250000
10610   -1839441.250000
10611   -1839442.500000
10612   -1839443.500000
10613   -1839444.875000
10614   -1839446.000000
10615   -1839446.875000
10616   -1839448.000000
10617   -1839449.250000
10618   -1839450.375000
10619   -1839451.625000
10620   -1839452.875000
10621   -1839454.000000
10622   -1839455.375000
10623   -1839456.500000
10624   -1839457.500000
10625   -1839458.750000
10626   -1839459.750000
10627   -1839461.000000
10628   -1839462.250000
10629   -1839463.250000
10630   -1839464.500000
10631   -1839465.750000
10632   -1839467.000000
10633   -1839468.000000
10634   -1839469.500000
10635   -1839470.625000
10636   -1839471.875000
10637   -1839473.000000
10638   -1839474.375000
10639   -1839475.500000
10640   -1839476.500000
10641   -1839478.000000
10642   -1839479.250000
10643   -1839480.375000
10644   -1839481.500000
10645   -1839483.000000
10646   -1839484.250000
10647   -1839485.500000
10648   -1839486.625000
10649   -1839487.875000
10650   -1839489.250000
10651   -1839490.500000
10652   -1839491.750000
10653   -1839492.875000
10654   -1839494.250000
10655   -1839495.500000
10656   -1839496.500000
10657   -1839498.000000
10658   -1839499.250000
10659   -1839500.750000
10660   -1839501.750000
10661   -1839503.125000
10662   -1839504.250000
10663   -1839505.750000
10664   -1839507.000000
10665   -1839508.375000
10666   -1839509.750000
10667   -1839511.000000
10668   -1839512.000000
10669   -1839513.750000
10670   -1839515.000000
10671   -1839516.125000
10672   -1839517.500000
10673   -1839518.750000
10674   -1839520.000000
10675   -1839521.500000
10676   -1839522.750000
10677   -1839524.125000
10678   -1839525.375000
10679   -1839526.750000
10680   -1839528.125000
10681   -1839529.375000
10682   -1839530.750000
10683   -1839532.250000
10684   -1839533.375000
10685   -1839534.750000
10686   -1839536.000000
10687   -1839537.500000
10688   -1839538.875000
10689   -1839540.375000
10690   -1839541.500000
10691   -1839543.000000
10692   -1839544.500000
10693   -1839545.750000
10694   -1839547.000000
10695   -1839548.250000
10696   -1839549.875000
10697   -1839551.250000
10698   -1839552.750000
10699   -1839554.125000
10700   -1839555.375000
10701   -1839556.750000
10702   -1839558.000000
10703   -1839559.500000
10704   -1839561.000000
10705   -1839562.000000
10706   -1839563.500000
10707   -1839565.000000
10708   -1839566.250000
10709   -1839567.625000
10710   -1839569.250000
10711   -1839570.625000
10712   -1839572.000000
10713   -1839573.250000
10714   -1839574.750000
10715   -1839576.250000
10716   -1839577.500000
10717   -1839578.750000
10718   -1839580.375000
10719   -1839581.500000
10720   -1839583.000000
10721   -1839584.500000
10722   -1839586.000000
10723   -1839587.125000
10724   -1839588.625000
10725   -1839590.000000
10726   -1839591.500000
10727   -1839593.000000
10728   -1839594.125000
10729   -1839595.500000
10730   -1839596.875000
10731   -1839598.500000
10732   -1839599.500000
10733   -1839601.000000
10734   -1839602.500000
10735   -1839603.750000
10736   -1839605.250000
10737   -1839606.500000
10738   -1839607.750000
10739   -1839609.375000
10740   -1839610.750000
10741   -1839612.000000
10742   -1839613.500000
10743   -1839614.875000
10744   -1839616.125000
10745   -1839617.500000
10746   -1839619.000000
10747   -1839620.250000
10748   -1839621.625000
10749   -1839623.000000
10750   -1839624.500000
10751   -1839625.750000
10752   -1839627.000000
10753   -1839628.500000
10754   -1839629.750000
10755   -1839631.250000
10756   -1839632.625000
10757   -1839634.000000
10758   -1839635.250000
10759   -1839636.500000
10760   -1839637.750000
10761   -1839639.125000
10762   -1839640.500000
10763   -1839642.000000
10764   -1839643.250000
10765   -1839644.500000
10766   -1839646.125000
10767   -1839647.375000
10768   -1839648.625000
10769   -1839650.000000
10770   -1839651.125000
10771   -1839652.500000
10772   -1839653.750000
10773   -1839655.000000
10774   -1839656.375000
10775   -1839657.500000
10776   -1839658.750000
10777   -1839660.125000
10778   -1839661.250000
10779   -1839662.500000
10780   -1839663.750000
10781   -1839665.125000
10782   -1839666.500000
10783   -1839667.625000
10784   -1839668.875000
10785   -1839670.000000
10786   -1839671.500000
10787   -1839672.750000
10788   -1839673.750000
10789   -1839675.250000
10790   -1839676.500000
10791   -1839677.500000
10792   -1839679.000000
10793   -1839680.000000
10794   -1839681.125000
10795   -1839682.500000
10796   -1839683.500000
10797   -1839684.875000
10798   -1839686.000000
10799   -1839687.250000
10800   -1839688.500000
10801   -1839689.625000
10802   -1839690.750000
10803   -1839692.250000
10804   -1839693.250000
10805   -1839694.500000
10806   -1839695.500000
10807   -1839696.875000
10808   -1839698.125000
10809   -1839699.250000
10810   -1839700.250000
10811   -1839701.500000
10812   -1839702.750000
10813   -1839703.750000
10814   -1839705.000000
10815   -1839706.000000
10816   -1839707.250000
10817   -1839708.250000
10818   -1839709.375000
10819   -1839710.625000
10820   -1839711.875000
10821   -1839713.000000
10822   -1839714.000000
10823   -1839715.125000
10824   -1839716.250000
10825   -1839717.125000
10826   -1839718.500000
10827   -1839719.375000
10828   -1839720.500000
10829   -1839721.750000
10830   -1839723.000000
10831   -1839723.750000
10832   -1839725.000000
10833   -1839726.250000
10834   -1839727.250000
10835   -1839728.375000
10836   -1839729.500000
10837   -1839730.500000
10838   -1839731.500000
10839   -1839732.500000
10840   -1839733.625000
10841   -1839734.750000
10842   -1839735.625000
10843   -1839736.750000
10844   -1839738.000000
10845   -1839739.125000
10846   -1839740.000000
10847   -1839741.125000
10848   -1839742.000000
10849   -1839743.000000
10850   -1839744.250000
10851   -1839745.250000
10852   -1839746.250000
10853   -1839747.375000
10854   -1839748.500000
10855   -1839749.375000
10856   -1839750.500000
10857   -1839751.500000
10858   -1839752.500000
10859   -1839753.625000
10860   -1839754.750000
10861   -1839755.250000
10862   -1839756.500000
10863   -1839757.375000
10864   -1839758.500000
10865   -1839759.375000
10866   -1839760.375000
10867   -1839761.500000
10868   -1839762.250000
10869   -1839763.250000
10870   -1839764.125000
10871   -1839765.250000
10872   -1839766.000000
10873   -1839767.250000
10874   -1839768.000000
10875   -1839769.000000
10876   -1839770.000000
10877   -1839771.000000
10878   -1839772.000000
10879   -1839773.000000
10880   -1839773.875000
10881   -1839774.750000
10882   -1839775.750000
10883   -1839776.625000
10884   -1839777.625000
10885   -1839778.625000
10886   -1839779.375000
10887   -1839780.250000
10888   -1839781.375000
10889   -1839782.375000
10890   -1839783.500000
10891   -1839784.125000
10892   -1839785.125000
10893   -1839786.000000
10894   -1839786.875000
10895   -1839787.750000
10896   -1839789.000000
10897   -1839789.750000
10898   -1839790.625000
10899   -1839791.250000
10900   -1839792.375000
10901   -1839793.250000
10902   -1839794.000000
10903   -1839795.000000
10904   -1839796.250000
10905   -1839797.000000
10906   -1839798.000000
10907   -1839798.500000
10908   -1839799.625000
10909   -1839800.500000
10910   -1839801.250000
10911   -1839802.500000
10912   -1839803.125000
10913   -1839804.125000
10914   -1839804.750000
10915   -1839805.625000
10916   -1839806.750000
10917   -1839807.500000
10918   -1839808.250000
10919   -1839809.000000
10920   -1839810.000000
10921   -1839810.875000
10922   -1839811.750000
10923   -1839812.750000
10924   -1839813.375000
10925   -1839814.125000
10926   -1839815.125000
10927   -1839815.750000
10928   -1839816.500000
10929   -1839817.500000
10930   -1839818.375000
10931   -1839819.250000
10932   -1839819.875000
10933   -1839820.750000
10934   -1839821.625000
10935   -1839822.250000
10936   -1839823.250000
10937   -1839824.125000
10938   -1839824.750000
10939   -1839825.750000
10940   -1839826.250000
10941   -1839827.250000
10942   -1839828.125000
10943   -1839828.750000
10944   -1839829.750000
10945   -1839830.250000
10946   -1839831.250000
10947   -1839832.000000
10948   -1839832.750000
10949   -1839833.625000
10950   -1839834.000000
10951   -1839835.250000
10952   -1839835.875000
10953   -1839836.625000
10954   -1839837.250000
10955   -1839838.000000
10956   -1839838.625000
10957   -1839839.500000
10958   -1839840.250000
10959   -1839841.000000
10960   -1839841.625000
10961   -1839842.750000
10962   -1839843.500000
10963   -1839844.125000
10964   -1839844.750000
10965   -1839845.625000
10966   -1839846.250000
10967   -1839846.875000
10968   -1839847.750000
10969   -1839848.500000
10970   -1839849.125000
10971   -1839849.875000
10972   -1839850.500000
10973   -1839851.000000
10974   -1839852.250000
10975   -1839852.875000
10976   -1839853.625000
10977   -1839854.125000
10978   -1839855.000000
10979   -1839855.500000
10980   -1839856.375000
10981   -1839857.125000
10982   -1839857.500000
10983   -1839858.375000
10984   -1839859.125000
10985   -1839859.625000
10986   -1839860.500000
10987   -1839861.125000
10988   -1839861.750000
10989   -1839862.500000
10990   -1839863.000000
10991   -1839864.000000
10992   -1839864.625000
10993   -1839865.250000
10994   -1839865.875000
10995   -1839866.750000
10996   -1839867.375000
10997   -1839868.000000
10998   -1839868.625000
10999   -1839869.500000
11000   -1839870.000000
11001   -1839870.750000
11002   -1839871.500000
11003   -1839872.250000
11004   -1839872.500000
11005   -1839873.500000
11006   -1839874.000000
11007   -1839874.750000
11008   -1839875.500000
11009   -1839876.125000
11010   -1839876.750000
11011   -1839877.500000
11012   -1839878.125000
11013   -1839878.875000
11014   -1839879.500000
11015   -1839880.250000
11016   -1839880.750000
11017   -1839881.500000
11018   -1839882.125000
11019   -1839882.750000
11020   -1839883.500000
11021   -1839884.000000
11022   -1839884.750000
11023   -1839885.375000
11024   -1839886.250000
11025   -1839886.750000
11026   -1839887.500000
11027   -1839888.000000
11028   -1839888.750000
11029   -1839889.500000
11030   -1839890.125000
11031   -1839890.875000
11032   -1839891.500000
11033   -1839892.000000
11034   -1839892.625000
11035   -1839893.375000
11036   -1839894.000000
11037   -1839894.500000
11038   -1839895.250000
11039   -1839896.000000
11040   -1839896.625000
11041   -1839897.125000
11042   -1839897.750000
11043   -1839898.500000
11044   -1839899.375000
11045   -1839899.875000
11046   -1839900.375000
11047   -1839901.125000
11048   -1839901.750000
11049   -1839902.500000
11050   -1839903.125000
11051   -1839903.875000
11052   -1839904.250000
11053   -1839904.875000
11054   -1839905.500000
11055   -1839906.500000
11056   -1839907.000000
11057   -1839907.500000
11058   -1839908.000000
11059   -1839908.875000
11060   -1839909.500000
11061   -1839910.000000
11062   -1839910.750000
11063   -1839911.375000
11064   -1839912.000000
11065   -1839912.750000
11066   -1839913.375000
11067   -1839914.000000
11068   -1839914.750000
11069   -1839915.250000
11070   -1839915.750000
11071   -1839916.500000
11072   -1839917.250000
11073   -1839917.750000
11074   -1839918.250000
11075   -1839919.000000
11076   -1839919.500000
11077   -1839920.125000
11078   -1839920.750000
11079   -1839921.500000
11080   -1839922.000000
11081   -1839922.875000
11082   -1839923.250000
11083   -1839924.000000
11084   -1839924.500000
11085   -1839925.250000
11086   -1839925.875000
11087   -1839926.625000
11088   -1839927.000000
11089   -1839927.750000
11090   -1839928.000000
11091   -1839929.000000
11092   -1839929.500000
11093   -1839930.125000
11094   -1839930.500000
11095   -1839931.500000
11096   -1839932.000000
11097   -1839932.500000
11098   -1839933.000000
11099   -1839933.875000
11100   -1839934.500000
11101   -1839934.875000
11102   -1839936.000000
11103   -1839936.250000
11104   -1839936.750000
11105   -1839937.500000
11106   -1839938.000000
11107   -1839938.500000
11108   -1839939.000000
11109   -1839940.000000
11110   -1839940.250000
11111   -1839941.000000
11112   -1839941.750000
11113   -1839942.000000
11114   -1839942.625000
11115   -1839943.500000
11116   -1839944.000000
11117   -1839944.750000
11118   -1839945.250000
11119   -1839946.000000
11120   -1839946.375000
11121   -1839947.000000
11122   -1839947.750000
11123   -1839948.250000
11124   -1839948.750000
11125   -1839949.625000
11126   -1839950.000000
11127   -1839950.875000
11128   -1839951.250000
11129   -1839951.875000
11130   -1839952.625000
11131   -1839953.250000
11132   -1839953.750000
11133   -1839954.375000
11134   -1839955.250000
11135   -1839955.750000
11136   -1839956.125000
11137   -1839956.875000
11138   -1839957.500000
11139   -1839958.250000
11140   -1839959.000000
11141   -1839959.250000
11142   -1839960.000000
11143   -1839960.750000
11144   -1839961.250000
11145   -1839962.000000
11146   -1839962.625000
11147   -1839963.000000
11148   -1839963.750000
11149   -1839964.625000
11150   -1839965.250000
11151   -1839965.750000
11152   -1839966.750000
11153   -1839966.750000
11154   -1839967.625000
11155   -1839968.250000
11156   -1839969.000000
11157   -1839969.750000
11158   -1839970.375000
11159   -1839971.125000
11160   -1839971.875000
11161   -1839972.250000
11162   -1839973.125000
11163   -1839973.500000
11164   -1839974.500000
11165   -1839975.250000
11166   -1839975.625000
11167   -1839976.250000
11168   -1839976.750000
11169   -1839977.625000
11170   -1839978.250000
11171   -1839978.750000
11172   -1839979.625000
11173   -1839980.375000
11174   -1839981.000000
11175   -1839981.750000
11176   -1839982.375000
11177   -1839983.000000
11178   -1839983.875000
11179   -1839984.500000
11180   -1839985.000000
11181   -1839985.875000
11182   -1839986.250000
11183   -1839987.000000
11184   -1839988.000000
11185   -1839988.625000
11186   -1839989.250000
11187   -1839989.750000
11188   -1839990.625000
11189   -1839991.250000
11190   -1839992.250000
11191   -1839992.750000
11192   -1839993.250000
11193   -1839994.250000
11194   -1839994.875000
11195   -1839995.750000
11196   -1839996.250000
11197   -1839997.000000
11198   -1839997.750000
11199   -1839998.500000
11200   -1839999.000000
11201   -1839999.625000
11202   -1840000.500000
11203   -1840001.250000
11204   -1840002.000000
11205   -1840002.875000
11206   -1840003.500000
11207   -1840004.250000
11208   -1840005.000000
11209   -1840005.500000
11210   -1840006.375000
11211   -1840006.875000
11212   -1840007.875000
11213   -1840008.500000
11214   -1840009.125000
11215   -1840010.000000
11216   -1840010.500000
11217   -1840011.250000
11218   -1840012.125000
11219   -1840012.625000
11220   -1840013.500000
11221   -1840014.250000
11222   -1840015.000000
11223   -1840015.625000
11224   -1840016.375000
11225   -1840017.375000
11226   -1840018.000000
11227   -1840018.625000
11228   -1840019.500000
11229   -1840020.250000
11230   -1840020.750000
11231   -1840021.625000
11232   -1840022.500000
11233   -1840023.125000
11234   -1840023.750000
11235   -1840024.500000
11236   -1840025.250000
11237   -1840026.250000
11238   -1840026.750000
11239   -1840027.500000
11240   -1840028.250000
11241   -1840029.125000
11242   -1840029.875000
11243   -1840030.500000
11244   -1840031.250000
11245   -1840032.000000
11246   -1840032.750000
11247   -1840033.375000
11248   -1840034.250000
11249   -1840035.125000
11250   -1840035.750000
11251   -1840036.250000
11252   -1840037.500000
11253   -1840038.000000
11254   -1840038.875000
11255   -1840039.500000
11256   -1840040.125000
11257   -1840041.125000
11258   -1840041.750000
11259   -1840042.750000
11260   -1840043.250000
11261   -1840044.000000
11262   -1840044.750000
11263   -1840045.750000
11264   -1840046.500000
11265   -1840047.250000
11266   -1840047.750000
11267   -1840048.750000
11268   -1840049.375000
11269   -1840050.000000
11270   -1840051.000000
11271   -1840051.500000
11272   -1840052.500000
11273   -1840053.125000
11274   -1840054.000000
11275   -1840054.625000
11276   -1840055.500000
11277   -1840056.125000
11278   -1840057.000000
11279   -1840057.500000
11280   -1840058.500000
11281   -1840059.000000
11282   -1840059.750000
11283   -1840060.500000
11284   -1840061.375000
11285   -1840062.250000
11286   -1840062.750000
11287   -1840063.750000
11288   -1840064.375000
11289   -1840065.125000
11290   -1840065.875000
11291   -1840066.750000
11292   -1840067.250000
11293   -1840068.250000
11294   -1840069.000000
11295   -1840069.500000
11296   -1840070.250000
11297   -1840071.125000
11298   -1840072.000000
11299   -1840072.500000
11300   -1840073.375000
11301   -1840074.250000
11302   -1840074.750000
11303   -1840075.750000
11304   -1840076.375000
11305   -1840077.125000
11306   -1840078.000000
11307   -1840078.625000
11308   -1840079.375000
11309   -1840080.000000
11310   -1840080.750000
11311   -1840081.750000
11312   -1840082.500000
11313   -1840083.250000
11314   -1840083.750000
11315   -1840084.875000
11316   -1840085.500000
11317   -1840086.375000
11318   -1840087.000000
11319   -1840087.750000
11320   -1840088.500000
11321   -1840089.250000
11322   -1840090.250000
11323   -1840090.875000
11324   -1840091.750000
11325   -1840092.375000
11326   -1840093.500000
11327   -1840094.250000
11328   -1840095.125000
11329   -1840095.750000
11330   -1840096.500000
11331   -1840097.500000
11332   -1840098.000000
11333   -1840098.750000
11334   -1840099.500000
11335   -1840100.250000
11336   -1840101.125000
11337   -1840102.000000
11338   -1840102.750000
11339   -1840103.375000
11340   -1840104.125000
11341   -1840105.000000
11342   -1840105.625000
11343   -1840106.500000
11344   -1840107.375000
11345   -1840108.000000
11346   -1840108.875000
11347   -1840109.625000
11348   -1840110.500000
11349   -1840111.250000
11350   -1840112.125000
11351   -1840112.875000
11352   -1840113.750000
11353   -1840114.375000
11354   -1840115.250000
11355   -1840116.000000
11356   -1840116.625000
11357   -1840117.500000
11358   -1840118.250000
11359   -1840119.250000
11360   -1840120.000000
11361   -1840120.625000
11362   -1840121.500000
11363   -1840122.250000
11364   -1840123.000000
11365   -1840123.750000
11366   -1840124.750000
11367   -1840125.500000
11368   -1840126.250000
11369   -1840127.000000
11370   -1840128.000000
11371   -1840128.750000
11372   -1840129.500000
11373   -1840130.250000
11374   -1840131.125000
11375   -1840132.000000
11376   -1840132.500000
11377   -1840133.500000
11378   -1840134.500000
11379   -1840135.125000
11380   -1840135.875000
11381   -1840136.750000
11382   -1840137.750000
11383   -1840138.500000
11384   -1840139.000000
11385   -1840140.125000
11386   -1840141.000000
11387   -1840141.625000
11388   -1840142.500000
11389   -1840143.375000
11390   -1840144.250000
11391   -1840145.000000
11392   -1840146.000000
11393   -1840146.625000
11394   -1840147.500000
11395   -1840148.250000
11396   -1840149.125000
11397   -1840150.000000
11398   -1840151.000000
11399   -1840151.500000
11400   -1840152.500000
11401   -1840153.500000
11402   -1840154.500000
11403   -1840155.250000
11404   -1840155.875000
11405   -1840157.000000
11406   -1840157.625000
11407   -1840158.500000
11408   -1840159.250000
11409   -1840160.250000
11410   -1840161.000000
11411   -1840161.875000
11412   -1840162.500000
11413   -1840163.500000
11414   -1840164.375000
11415   -1840165.375000
11416   -1840166.125000
11417   -1840167.000000
11418   -1840167.875000
11419   -1840168.625000
11420   -1840169.750000
11421   -1840170.625000
11422   -1840171.375000
11423   -1840172.250000
11424   -1840173.000000
11425   -1840174.125000
11426   -1840175.000000
11427   -1840175.750000
11428   -1840176.750000
11429   -1840177.500000
11430   -1840178.375000
11431   -1840179.250000
11432   -1840180.000000
11433   -1840181.250000
11434   -1840182.125000
11435   -1840183.000000
11436   -1840184.000000
11437   -1840184.750000
11438   -1840185.625000
11439   -1840186.625000
11440   -1840187.375000
11441   -1840188.250000
11442   -1840189.250000
11443   -1840190.000000
11444   -1840191.000000
11445   -1840191.875000
11446   -1840192.875000
11447   -1840193.750000
11448   -1840194.750000
11449   -1840195.750000
11450   -1840196.500000
11451   -1840197.500000
11452   -1840198.500000
11453   -1840199.375000
11454   -1840200.250000
11455   -1840201.250000
11456   -1840202.250000
11457   -1840203.250000
11458   -1840204.125000
11459   -1840205.125000
11460   -1840206.000000
11461   -1840207.000000
11462   -1840208.000000
11463   -1840208.750000
11464   -1840210.125000
11465   -1840210.750000
11466   -1840211.750000
11467   -1840212.750000
11468   -1840213.625000
11469   -1840214.625000
11470   -1840215.500000
11471   -1840216.750000
11472   -1840217.500000
11473   -1840218.750000
11474   -1840219.750000
11475   -1840220.625000
11476   -1840221.500000
11477   -1840222.500000
11478   -1840223.500000
11479   -1840224.625000
11480   -1840225.500000
11481   -1840226.625000
11482   -1840227.750000
11483   -1840228.500000
11484   -1840229.625000
11485   -1840230.750000
11486   -1840231.625000
11487   -1840232.500000
11488   -1840233.750000
11489   -1840234.750000
11490   -1840235.750000
11491   -1840236.750000
11492   -1840237.625000
11493   -1840238.750000
11494   -1840239.750000
11495   -1840240.625000
11496   -1840242.000000
11497   -1840243.000000
11498   -1840244.000000
11499   -1840245.000000
11500   -1840246.125000
11501   -1840247.000000
11502   -1840248.250000
11503   -1840249.125000
11504   -1840250.000000
11505   -1840251.250000
11506   -1840252.250000
11507   -1840253.250000
11508   -1840254.500000
11509   -1840255.500000
11510   -1840256.625000
11511   -1840257.500000
11512   -1840258.750000
11513   -1840259.750000
11514   -1840260.750000
11515   -1840261.750000
11516   -1840262.750000
11517   -1840263.750000
11518   -1840265.000000
11519   -1840266.000000
11520   -1840267.250000
11521   -1840268.000000
11522   -1840269.000000
11523   -1840270.375000
11524   -1840271.250000
11525   -1840272.250000
11526   -1840273.250000
11527   -1840274.375000
11528   -1840275.375000
11529   -1840276.250000
11530   -1840277.375000
11531   -1840278.625000
11532   -1840279.750000
11533   -1840280.500000
11534   -1840281.625000
11535   -1840282.750000
11536   -1840283.625000
11537   -1840284.750000
11538   -1840285.875000
11539   -1840286.750000
11540   -1840287.750000
11541   -1840288.625000
11542   -1840290.125000
11543   -1840291.000000
11544   -1840292.000000
11545   -1840292.875000
11546   -1840293.875000
11547   -1840295.125000
11548   -1840296.000000
11549   -1840297.000000
11550   -1840298.000000
11551   -1840299.000000
11552   -1840300.125000
11553   -1840301.000000
11554   -1840302.000000
11555   -1840303.000000
11556   -1840304.000000
11557   -1840305.000000
11558   -1840306.125000
11559   -1840307.125000
11560   -1840308.000000
11561   -1840308.875000
11562   -1840309.875000
11563   -1840311.000000
11564   -1840312.000000
11565   -1840313.000000
11566   -1840314.000000
11567   -1840315.000000
11568   -1840316.000000
11569   -1840316.875000
11570   -1840317.875000
11571   -1840318.875000
11572   -1840319.750000
11573   -1840320.875000
11574   -1840321.750000
11575   -1840322.875000
11576   -1840324.000000
11577   -1840324.750000
11578   -1840325.750000
11579   -1840326.625000
11580   -1840327.750000
11581   -1840328.750000
11582   -1840329.750000
11583   -1840330.500000
11584   -1840331.500000
11585   -1840332.500000
11586   -1840333.250000
11587   -1840334.250000
11588   -1840335.250000
11589   -1840336.250000
11590   -1840337.250000
11591   -1840338.125000
11592   -1840339.250000
11593   -1840340.000000
11594   -1840341.000000
11595   -1840341.875000
11596   -1840342.875000
11597   -1840343.750000
11598   -1840344.875000
11599   -1840345.750000
11600   -1840346.750000
11601   -1840347.625000
11602   -1840348.500000
11603   -1840349.500000
11604   -1840350.500000
11605   -1840351.375000
11606   -1840352.375000
11607   -1840353.250000
11608   -1840354.125000
11609   -1840355.000000
11610   -1840356.125000
11611   -1840356.875000
11612   -1840358.000000
11613   -1840359.000000
11614   -1840359.750000
11615   -1840361.000000
11616   -1840361.875000
11617   -1840362.875000
11618   -1840363.750000
11619   -1840364.625000
11620   -1840365.625000
11621   -1840366.500000
11622   -1840367.375000
11623   -1840368.500000
11624   -1840369.375000
11625   -1840370.250000
11626   -1840371.250000
11627   -1840372.125000
11628   -1840373.000000
11629   -1840374.000000
11630   -1840374.875000
11631   -1840375.750000
11632   -1840376.750000
11633   -1840377.750000
11634   -1840378.750000
11635   -1840379.500000
11636   -1840380.625000
11637   -1840381.250000
11638   -1840382.375000
11639   -1840383.000000
11640   -1840384.000000
11641   -1840385.000000
11642   -1840386.000000
11643   -1840386.875000
11644   -1840387.750000
11645   -1840388.750000
11646   -1840389.750000
11647   -1840390.750000
11648   -1840391.500000
11649   -1840392.500000
11650   -1840393.250000
11651   -1840394.000000
11652   -1840395.000000
11653   -1840396.000000
11654   -1840396.875000
11655   -1840397.875000
11656   -1840398.750000
11657   -1840399.500000
11658   -1840400.625000
11659   -1840401.250000
11660   -1840402.250000
11661   -1840403.250000
11662   -1840404.000000
11663   -1840404.875000
11664   -1840405.875000
11665   -1840406.750000
11666   -1840407.625000
11667   -1840408.500000
11668   -1840409.250000
11669   -1840410.125000
11670   -1840411.250000
11671   -1840412.000000
11672   -1840413.000000
11673   -1840413.750000
11674   -1840414.500000
11675   -1840415.625000
11676   -1840416.625000
11677   -1840417.250000
11678   -1840418.125000
11679   -1840419.000000
11680   -1840420.000000
11681   -1840420.750000
11682   -1840421.750000
11683   -1840422.500000
11684   -1840423.500000
11685   -1840424.500000
11686   -1840425.250000
11687   -1840426.000000
11688   -1840427.125000
11689   -1840427.875000
11690   -1840428.875000
11691   -1840429.750000
11692   -1840430.500000
11693   -1840431.625000
11694   -1840432.500000
11695   -1840433.250000
11696   -1840434.000000
11697   -1840435.000000
11698   -1840435.750000
11699   -1840436.750000
11700   -1840437.625000
11701   -1840438.375000
11702   -1840439.375000
11703   -1840440.250000
11704   -1840441.250000
11705   -1840441.750000
11706   -1840443.000000
11707   -1840443.750000
11708   -1840444.500000
11709   -1840445.500000
11710   -1840446.250000
11711   -1840447.250000
11712   -1840448.000000
11713   -1840448.750000
11714   -1840449.750000
11715   -1840450.375000
11716   -1840451.250000
11717   -1840452.250000
11718   -1840453.250000
11719   -1840454.000000
11720   -1840454.750000
11721   -1840455.750000
11722   -1840456.375000
11723   -1840457.375000
11724   -1840458.125000
11725   -1840459.000000
11726   -1840460.000000
11727   -1840460.750000
11728   -1840461.500000
11729   -1840462.500000
11730   -1840463.500000
11731   -1840464.250000
11732   -1840465.125000
11733   -1840466.000000
11734   -1840467.000000
11735   -1840467.500000
11736   -1840468.750000
11737   -1840469.250000
11738   -1840470.250000
11739   -1840471.000000
11740   -1840472.000000
11741   -1840472.625000
11742   -1840473.625000
11743   -1840474.500000
11744   -1840475.250000
11745   -1840476.125000
11746   -1840477.000000
11747   -1840477.875000
11748   -1840478.625000
11749   -1840479.500000
11750   -1840480.250000
11751   -1840481.250000
11752   -1840482.250000
11753   -1840483.000000
11754   -1840483.750000
11755   -1840484.625000
11756   -1840485.500000
11757   -1840486.250000
11758   -1840487.000000
11759   -1840487.750000
11760   -1840488.875000
11761   -1840489.500000
11762   -1840490.250000
11763   -1840491.125000
11764   -1840492.000000
11765   -1840492.750000
11766   -1840493.500000
11767   -1840494.375000
11768   -1840495.250000
11769   -1840496.000000
11770   -1840496.875000
11771   -1840497.625000
11772   -1840498.375000
11773   -1840499.250000
11774   -1840500.125000
11775   -1840500.875000
11776   -1840501.750000
11777   -1840502.625000
11778   -1840503.500000
11779   -1840504.000000
11780   -1840505.000000
11781   -1840505.750000
11782   -1840506.500000
11783   -1840507.250000
11784   -1840508.250000
11785   -1840509.000000
11786   -1840509.750000
11787   -1840510.500000
11788   -1840511.000000
11789   -1840512.000000
11790   -1840512.750000
11791   -1840513.750000
11792   -1840514.375000
11793   -1840515.250000
11794   -1840516.250000
11795   -1840516.500000
11796   -1840517.500000
11797   -1840518.250000
11798   -1840519.125000
11799   -1840520.000000
11800   -1840520.625000
11801   -1840521.375000
11802   -1840522.250000
11803   -1840522.750000
11804   -1840523.750000
11805   -1840524.500000
11806   -1840525.375000
11807   -1840526.125000
11808   -1840526.625000
11809   -1840527.500000
11810   -1840528.375000
11811   -1840529.000000
11812   -1840529.750000
11813   -1840530.750000
11814   -1840531.250000
11815   -1840532.000000
11816   -1840533.000000
11817   -1840533.625000
11818   -1840534.250000
11819   -1840535.000000
11820   -1840535.750000
11821   -1840536.500000
11822   -1840537.250000
11823   -1840538.000000
11824   -1840538.750000
11825   -1840539.375000
11826   -1840540.250000
11827   -1840540.625000
11828   -1840541.500000
11829   -1840542.625000
11830   -1840543.125000
11831   -1840543.625000
11832   -1840544.375000
11833   -1840545.250000
11834   -1840546.000000
11835   -1840546.500000
11836   -1840547.250000
11837   -1840547.750000
11838   -1840548.500000
11839   -1840549.250000
11840   -1840550.000000
11841   -1840550.750000
11842   -1840551.375000
11843   -1840552.000000
11844   -1840552.500000
11845   -1840553.250000
11846   -1840554.000000
11847   -1840554.500000
11848   -1840555.250000
11849   -1840556.000000
11850   -1840556.750000
11851   -1840557.625000
11852   -1840558.000000
11853   -1840558.500000
11854   -1840559.375000
11855   -1840560.125000
11856   -1840560.750000
11857   -1840561.250000
11858   -1840562.000000
11859   -1840562.625000
11860   -1840563.250000
11861   -1840563.875000
11862   -1840564.500000
11863   -1840565.250000
11864   -1840565.875000
11865   -1840566.500000
11866   -1840567.125000
11867   -1840567.875000
11868   -1840568.500000
11869   -1840569.000000
11870   -1840569.750000
11871   -1840570.250000
11872   -1840570.875000
11873   -1840571.625000
11874   -1840572.250000
11875   -1840572.750000
11876   -1840573.375000
11877   -1840574.250000
11878   -1840574.750000
11879   -1840575.500000
11880   -1840576.125000
11881   -1840576.500000
11882   -1840577.250000
11883   -1840577.750000
11884   -1840578.500000
11885   -1840579.000000
11886   -1840579.500000
11887   -1840580.250000
11888   -1840580.875000
11889   -1840581.500000
11890   -1840582.000000
11891   -1840582.875000
11892   -1840583.250000
11893   -1840584.000000
11894   -1840584.500000
11895   -1840585.125000
11896   -1840585.625000
11897   -1840586.375000
11898   -1840587.000000
11899   -1840587.250000
11900   -1840588.250000
11901   -1840588.750000
11902   -1840589.125000
11903   -1840590.000000
11904   -1840590.500000
11905   -1840591.250000
11906   -1840591.500000
11907   -1840592.125000
11908   -1840592.750000
11909   -1840593.250000
11910   -1840594.000000
11911   -1840594.625000
11912   -1840595.125000
11913   -1840595.750000
11914   -1840596.250000
11915   -1840596.750000
11916   -1840597.250000
11917   -1840597.875000
11918   -1840598.500000
11919   -1840599.000000
11920   -1840599.500000
11921   -1840600.000000
11922   -1840600.625000
11923   -1840601.000000
11924   -1840601.625000
11925   -1840602.250000
11926   -1840602.750000
11927   -1840603.375000
11928   -1840603.875000
11929   -1840604.500000
11930   -1840605.000000
11931   -1840605.500000
11932   -1840606.125000
11933   -1840606.625000
11934   -1840607.250000
11935   -1840607.625000
11936   -1840608.250000
11937   -1840608.625000
11938   -1840609.500000
11939   -1840610.000000
11940   -1840610.250000
11941   -1840611.000000
11942   -1840611.500000
11943   -1840612.125000
11944   -1840612.500000
11945   -1840613.000000
11946   -1840613.750000
11947   -1840614.250000
11948   -1840614.750000
11949   -1840615.250000
11950   -1840615.625000
11951   -1840616.250000
11952   -1840616.750000
11953   -1840617.500000
11954   -1840617.875000
11955   -1840618.500000
11956   -1840619.000000
11957   -1840619.500000
11958   -1840620.125000
11959   -1840620.750000
11960   -1840621.125000
11961   -1840621.500000
11962   -1840622.250000
11963   -1840622.750000
11964   -1840623.250000
11965   -1840624.000000
11966   -1840624.500000
11967   -1840625.125000
11968   -1840625.750000
11969   -1840626.125000
11970   -1840626.750000
11971   -1840627.250000
11972   -1840627.750000
11973   -1840628.125000
11974   -1840628.750000
11975   -1840629.250000
11976   -1840629.875000
11977   -1840630.500000
11978   -1840631.000000
11979   -1840631.625000
11980   -1840632.250000
11981   -1840632.625000
11982   -1840633.250000
11983   -1840633.750000
11984   -1840634.250000
11985   -1840635.000000
11986   -1840635.375000
11987   -1840636.000000
11988   -1840636.500000
11989   -1840637.000000
11990   -1840637.500000
11991   -1840638.250000
11992   -1840638.500000
11993   -1840639.000000
11994   -1840639.500000
11995   -1840640.000000
11996   -1840640.625000
11997   -1840641.375000
11998   -1840641.875000
11999   -1840642.375000
12000   -1840643.000000
12001   -1840643.625000
12002   -1840644.250000
12003   -1840644.750000
12004   -1840645.250000
12005   -1840645.750000
12006   -1840646.250000
12007   -1840646.875000
12008   -1840647.375000
12009   -1840648.125000
12010   -1840648.500000
12011   -1840649.000000
12012   -1840649.750000
12013   -1840650.125000
12014   -1840650.625000
12015   -1840651.500000
12016   -1840651.750000
12017   -1840652.500000
12018   -1840653.250000
12019   -1840653.500000
12020   -1840654.000000
12021   -1840654.750000
12022   -1840655.250000
12023   -1840655.875000
12024   -1840656.500000
12025   -1840657.000000
12026   -1840657.500000
12027   -1840658.250000
12028   -1840658.375000
12029   -1840659.375000
12030   -1840659.625000
12031   -1840660.250000
12032   -1840661.000000
12033   -1840661.375000
12034   -1840661.875000
12035   -1840662.625000
12036   -1840663.000000
12037   -1840663.500000
12038   -1840664.125000
12039   -1840664.875000
12040   -1840665.375000
12041   -1840665.750000
12042   -1840666.500000
12043   -1840667.250000
12044   -1840667.500000
12045   -1840668.250000
12046   -1840668.875000
12047   -1840669.250000
12048   -1840669.875000
12049   -1840670.750000
12050   -1840671.000000
12051   -1840671.500000
12052   -1840672.250000
12053   -1840672.750000
12054   -1840673.250000
12055   -1840673.875000
12056   -1840674.500000
12057   -1840675.125000
12058   -1840675.750000
12059   -1840676.125000
12060   -1840676.750000
12061   -1840677.250000
12062   -1840678.000000
12063   -1840678.375000
12064   -1840679.000000
12065   -1840679.500000
12066   -1840680.250000
12067   -1840681.000000
12068   -1840681.500000
12069   -1840682.000000
12070   -1840682.625000
12071   -1840683.250000
12072   -1840683.875000
12073   -1840684.250000
12074   -1840685.000000
12075   -1840685.500000
12076   -1840686.125000
12077   -1840686.500000
12078   -1840687.250000
12079   -1840688.000000
12080   -1840688.500000
12081   -1840689.125000
12082   -1840689.625000
12083   -1840690.250000
12084   -1840690.750000
12085   -1840691.500000
12086   -1840692.000000
12087   -1840692.750000
12088   -1840693.250000
12089   -1840694.000000
12090   -1840694.500000
12091   -1840695.250000
12092   -1840695.625000
12093   -1840696.375000
12094   -1840696.875000
12095   -1840697.500000
12096   -1840698.125000
12097   -1840698.625000
12098   -1840699.250000
12099   -1840699.750000
12100   -1840700.500000
12101   -1840701.000000
12102   -1840701.625000
12103   -1840702.250000
12104   -1840703.000000
12105   -1840703.375000
12106   -1840704.250000
12107   -1840704.750000
12108   -1840705.250000
12109   -1840705.750000
12110   -1840706.375000
12111   -1840707.125000
12112   -1840707.625000
12113   -1840708.250000
12114   -1840709.000000
12115   -1840709.750000
12116   -1840710.000000
12117   -1840710.750000
12118   -1840711.250000
12119   -1840712.000000
12120   -1840712.500000
12121   -1840713.000000
12122   -1840713.750000
12123   -1840714.375000
12124   -1840714.750000
12125   -1840715.375000
12126   -1840716.000000
12127   -1840716.500000
12128   -1840717.000000
12129   -1840717.750000
12130   -1840718.375000
12131   -1840719.000000
12132   -1840719.750000
12133   -1840720.125000
12134   -1840720.875000
12135   -1840721.250000
12136   -1840722.000000
12137   -1840722.500000
12138   -1840723.125000
12139   -1840723.625000
12140   -1840724.250000
12141   -1840724.750000
12142   -1840725.250000
12143   -1840726.000000
12144   -1840726.500000
12145   -1840726.875000
12146   -1840727.750000
12147   -1840728.000000
12148   -1840728.750000
12149   -1840729.375000
12150   -1840729.750000
12151   -1840730.500000
12152   -1840731.000000
12153   -1840731.750000
12154   -1840732.125000
12155   -1840732.625000
12156   -1840733.250000
12157   -1840733.875000
12158   -1840734.375000
12159   -1840735.000000
12160   -1840735.625000
12161   -1840736.125000
12162   -1840736.500000
12163   -1840737.000000
12164   -1840737.500000
12165   -1840738.125000
12166   -1840738.750000
12167   -1840739.125000
12168   -1840739.750000
12169   -1840740.375000
12170   -1840740.875000
12171   -1840741.625000
12172   -1840742.125000
12173   -1840742.500000
12174   -1840743.125000
12175   -1840743.500000
12176   -1840744.000000
12177   -1840744.625000
12178   -1840745.125000
12179   -1840745.750000
12180   -1840746.250000
12181   -1840746.750000
12182   -1840747.250000
12183   -1840747.750000
12184   -1840748.250000
12185   -1840749.000000
12186   -1840749.625000
12187   -1840749.875000
12188   -1840750.625000
12189   -1840751.000000
12190   -1840751.625000
12191   -1840751.875000
12192   -1840752.500000
12193   -1840753.250000
12194   -1840753.750000
12195   -1840754.125000
12196   -1840754.500000
12197   -1840755.250000
12198   -1840755.500000
12199   -1840756.125000
12200   -1840756.500000
12201   -1840757.250000
12202   -1840757.750000
12203   -1840758.250000
12204   -1840758.500000
12205   -1840759.250000
12206   -1840759.750000
12207   -1840760.125000
12208   -1840760.625000
12209   -1840761.250000
12210   -1840761.750000
12211   -1840762.000000
12212   -1840762.750000
12213   -1840763.000000
12214   -1840763.750000
12215   -1840764.250000
12216   -1840764.750000
12217   -1840765.125000
12218   -1840765.750000
12219   -1840766.000000
12220   -1840766.500000
12221   -1840767.000000
12222   -1840767.625000
12223   -1840768.250000
12224   -1840768.500000
12225   -1840769.000000
12226   -1840769.500000
12227   -1840770.000000
12228   -1840770.500000
12229   -1840771.000000
12230   -1840771.500000
12231   -1840771.750000
12232   -1840772.500000
12233   -1840772.750000
12234   -1840773.250000
12235   -1840773.750000
12236   -1840774.375000
12237   -1840774.750000
12238   -1840775.375000
12239   -1840775.625000
12240   -1840776.250000
12241   -1840776.750000
12242   -1840777.375000
12243   -1840777.500000
12244   -1840778.000000
12245   -1840778.500000
12246   -1840779.000000
12247   -1840779.500000
12248   -1840780.000000
12249   -1840780.375000
12250   -1840780.875000
12251   -1840781.250000
12252   -1840781.625000
12253   -1840782.250000
12254   -1840782.750000
12255   -1840783.125000
12256   -1840783.750000
12257   -1840784.250000
12258   -1840784.500000
12259   -1840784.750000
12260   -1840785.375000
12261   -1840785.875000
12262   -1840786.375000
12263   -1840787.000000
12264   -1840787.250000
12265   -1840787.750000
12266   -1840788.250000
12267   -1840788.500000
12268   -1840789.125000
12269   -1840789.375000
12270   -1840789.875000
12271   -1840790.500000
12272   -1840790.750000
12273   -1840791.625000
12274   -1840791.875000
12275   -1840792.500000
12276   -1840793.000000
12277   -1840793.250000
12278   -1840793.875000
12279   -1840794.250000
12280   -1840794.750000
12281   -1840795.125000
12282   -1840795.500000
12283   -1840796.000000
12284   -1840796.250000
12285   -1840796.750000
12286   -1840797.250000
12287   -1840797.625000
12288   -1840798.250000
12289   -1840798.500000
12290   -1840799.000000
12291   -1840799.375000
12292   -1840799.750000
12293   -1840800.250000
12294   -1840800.750000
12295   -1840801.125000
12296   -1840801.500000
12297   -1840802.000000
12298   -1840802.500000
12299   -1840803.000000
12300   -1840803.250000
12301   -1840803.500000
12302   -1840804.000000
12303   -1840804.500000
12304   -1840804.875000
12305   -1840805.375000
12306   -1840805.875000
12307   -1840806.250000
12308   -1840806.750000
12309   -1840807.000000
12310   -1840807.375000
12311   -1840808.000000
12312   -1840808.250000
12313   -1840809.000000
12314   -1840809.250000
12315   -1840809.500000
12316   -1840810.000000
12317   -1840810.500000
12318   -1840810.875000
12319   -1840811.375000
12320   -1840811.750000
12321   -1840812.250000
12322   -1840812.625000
12323   -1840812.875000
12324   -1840813.500000
12325   -1840813.750000
12326   -1840814.250000
12327   -1840814.500000
12328   -1840815.000000
12329   -1840815.375000
12330   -1840815.875000
12331   -1840816.250000
12332   -1840816.750000
12333   -1840817.000000
12334   -1840817.500000
12335   -1840817.875000
12336   -1840818.250000
12337   -1840818.750000
12338   -1840819.000000
12339   -1840819.500000
12340   -1840819.500000
12341   -1840820.250000
12342   -1840820.375000
12343   -1840820.875000
12344   -1840821.500000
12345   -1840821.500000
12346   -1840822.125000
12347   -1840822.250000
12348   -1840822.750000
12349   -1840823.250000
12350   -1840823.750000
12351   -1840823.750000
12352   -1840824.250000
12353   -1840824.750000
12354   -1840825.000000
12355   -1840825.375000
12356   -1840825.875000
12357   -1840826.375000
12358   -1840826.500000
12359   -1840827.000000
12360   -1840827.250000
12361   -1840827.750000
12362   -1840828.000000
12363   -1840828.250000
12364   -1840828.750000
12365   -1840829.250000
12366   -1840829.500000
12367   -1840829.750000
12368   -1840830.250000
12369   -1840830.500000
12370   -1840831.000000
12371   -1840831.375000
12372   -1840831.750000
12373   -1840832.000000
12374   -1840832.250000
12375   -1840832.750000
12376   -1840833.000000
12377   -1840833.250000
12378   -1840833.750000
12379   -1840834.000000
12380   -1840834.375000
12381   -1840834.750000
12382   -1840835.125000
12383   -1840835.500000
12384   -1840835.875000
12385   -1840836.250000
12386   -1840836.500000
12387   -1840836.750000
12388   -1840837.125000
12389   -1840837.500000
12390   -1840837.750000
12391   -1840838.250000
12392   -1840838.500000
12393   -1840839.000000
12394   -1840839.250000
12395   -1840839.750000
12396   -1840840.000000
12397   -1840840.250000
12398   -1840840.625000
12399   -1840840.875000
12400   -1840841.250000
12401   -1840841.625000
12402   -1840842.000000
12403   -1840842.375000
12404   -1840842.750000
12405   -1840843.000000
12406   -1840843.500000
12407   -1840843.500000
12408   -1840844.000000
12409   -1840844.375000
12410   -1840844.625000
12411   -1840845.250000
12412   -1840845.250000
12413   -1840845.625000
12414   -1840846.250000
12415   -1840846.375000
12416   -1840846.875000
12417   -1840847.000000
12418   -1840847.500000
12419   -1840847.750000
12420   -1840848.250000
12421   -1840848.375000
12422   -1840849.000000
12423   -1840849.000000
12424   -1840849.500000
12425   -1840849.750000
12426   -1840850.250000
12427   -1840850.500000
12428   -1840850.875000
12429   -1840851.250000
12430   -1840851.750000
12431   -1840851.875000
12432   -1840852.250000
12433   -1840852.750000
12434   -1840852.875000
12435   -1840853.250000
12436   -1840853.750000
12437   -1840854.000000
12438   -1840854.500000
12439   -1840854.625000
12440   -1840855.250000
12441   -1840855.500000
12442   -1840855.875000
12443   -1840856.125000
12444   -1840856.500000
12445   -1840856.875000
12446   -1840857.250000
12447   -1840857.750000
12448   -1840858.000000
12449   -1840858.250000
12450   -1840858.625000
12451   -1840859.000000
12452   -1840859.500000
12453   -1840859.750000
12454   -1840860.250000
12455   -1840860.500000
12456   -1840861.000000
12457   -1840861.250000
12458   -1840861.750000
12459   -1840862.000000
12460   -1840862.375000
12461   -1840863.000000
12462   -1840863.250000
12463   -1840863.375000
12464   -1840864.000000
12465   -1840864.250000
12466   -1840864.750000
12467   -1840865.000000
12468   -1840865.375000
12469   -1840865.750000
12470   -1840866.250000
12471   -1840866.500000
12472   -1840867.000000
12473   -1840867.250000
12474   -1840867.750000
12475   -1840868.000000
12476   -1840868.500000
12477   -1840868.750000
12478   -1840869.250000
12479   -1840869.500000
12480   -1840870.000000
12481   -1840870.375000
12482   -1840870.500000
12483   -1840871.125000
12484   -1840871.500000
12485   -1840871.750000
12486   -1840872.250000
12487   -1840872.500000
12488   -1840872.750000
12489   -1840873.500000
12490   -1840873.875000
12491   -1840874.250000
12492   -1840874.875000
12493   -1840875.000000
12494   -1840875.250000
12495   -1840875.750000
12496   -1840876.250000
12497   -1840876.500000
12498   -1840876.750000
12499   -1840877.375000
12500   -1840877.750000
12501   -1840878.125000
12502   -1840878.500000
12503   -1840878.750000
12504   -1840879.125000
12505   -1840879.500000
12506   -1840879.750000
12507   -1840880.500000
12508   -1840880.750000
12509   -1840881.250000
12510   -1840881.625000
12511   -1840882.000000
12512   -1840882.250000
12513   -1840882.750000
12514   -1840883.250000
12515   -1840883.500000
12516   -1840883.750000
12517   -1840884.250000
12518   -1840884.500000
12519   -1840885.000000
12520   -1840885.500000
12521   -1840886.000000
12522   -1840886.250000
12523   -1840886.500000
12524   -1840886.875000
12525   -1840887.375000
12526   -1840887.750000
12527   -1840888.000000
12528   -1840888.500000
12529   -1840889.000000
12530   -1840889.375000
12531   -1840889.750000
12532   -1840890.000000
12533   -1840890.375000
12534   -1840891.000000
12535   -1840891.125000
12536   -1840891.625000
12537   -1840892.000000
12538   -1840892.500000
12539   -1840892.750000
12540   -1840893.125000
12541   -1840893.500000
12542   -1840893.875000
12543   -1840894.250000
12544   -1840894.750000
12545   -1840895.000000
12546   -1840895.375000
12547   -1840895.750000
12548   -1840896.000000
12549   -1840896.375000
12550   -1840897.000000
12551   -1840897.000000
12552   -1840897.625000
12553   -1840897.875000
12554   -1840898.250000
12555   -1840898.500000
12556   -1840899.125000
12557   -1840899.625000
12558   -1840899.875000
12559   -1840900.250000
12560   -1840900.500000
12561   -1840900.750000
12562   -1840901.375000
12563   -1840901.750000
12564   -1840902.000000
12565   -1840902.375000
12566   -1840902.750000
12567   -1840903.125000
12568   -1840903.750000
12569   -1840904.000000
12570   -1840904.000000
12571   -1840904.375000
12572   -1840904.750000
12573   -1840905.375000
12574   -1840905.750000
12575   -1840906.000000
12576   -1840906.500000
12577   -1840906.750000
12578   -1840907.250000
12579   -1840907.750000
12580   -1840907.875000
12581   -1840908.250000
12582   -1840908.500000
12583   -1840909.000000
12584   -1840909.375000
12585   -1840909.750000
12586   -1840910.000000
12587   -1840910.500000
12588   -1840910.750000
12589   -1840911.125000
12590   -1840911.250000
12591   -1840912.000000
12592   -1840912.375000
12593   -1840912.750000
12594   -1840913.000000
12595   -1840913.250000
12596   -1840913.750000
12597   -1840914.125000
12598   -1840914.375000
12599   -1840914.750000
12600   -1840915.250000
12601   -1840915.500000
12602   -1840915.750000
12603   -1840916.375000
12604   -1840916.625000
12605   -1840917.000000
12606   -1840917.250000
12607   -1840917.750000
12608   -1840918.125000
12609   -1840918.500000
12610   -1840918.750000
12611   -1840919.125000
12612   -1840919.375000
12613   -1840919.875000
12614   -1840920.250000
12615   -1840920.625000
12616   -1840920.875000
12617   -1840921.250000
12618   -1840921.750000
12619   -1840922.125000
12620   -1840922.250000
12621   -1840922.500000
12622   -1840923.000000
12623   -1840923.500000
12624   -1840923.750000
12625   -1840924.125000
12626   -1840924.250000
12627   -1840924.750000
12628   -1840925.125000
12629   -1840925.500000
12630   -1840926.000000
12631   -1840926.250000
12632   -1840926.500000
12633   -1840927.000000
12634   -1840927.375000
12635   -1840927.625000
12636   -1840928.000000
12637   -1840928.375000
12638   -1840928.750000
12639   -1840929.250000
12640   -1840929.375000
12641   -1840929.750000
12642   -1840930.250000
12643   -1840930.500000
12644   -1840930.750000
12645   -1840931.250000
12646   -1840931.625000
12647   -1840932.125000
12648   -1840932.250000
12649   -1840932.500000
12650   -1840933.125000
12651   -1840933.250000
12652   -1840933.625000
12653   -1840934.125000
12654   -1840934.375000
12655   -1840934.750000
12656   -1840935.250000
12657   -1840935.375000
12658   -1840935.750000
12659   -1840936.125000
12660   -1840936.500000
12661   -1840936.750000
12662   -1840937.250000
12663   -1840937.500000
12664   -1840937.875000
12665   -1840938.250000
12666   -1840938.500000
12667   -1840939.000000
12668   -1840939.250000
12669   -1840939.750000
12670   -1840940.000000
12671   -1840940.250000
12672   -1840940.500000
12673   -1840941.250000
12674   -1840941.375000
12675   -1840941.750000
12676   -1840942.125000
12677   -1840942.375000
12678   -1840942.875000
12679   -1840943.000000
12680   -1840943.500000
12681   -1840943.750000
12682   -1840944.125000
12683   -1840944.500000
12684   -1840944.875000
12685   -1840945.125000
12686   -1840945.625000
12687   -1840945.875000
12688   -1840946.250000
12689   -1840946.625000
12690   -1840947.000000
12691   -1840947.250000
12692   -1840947.500000
12693   -1840948.000000
12694   -1840948.500000
12695   -1840948.750000
12696   -1840949.000000
12697   -1840949.500000
12698   -1840949.750000
12699   -1840950.125000
12700   -1840950.250000
12701   -1840950.750000
12702   -1840951.125000
12703   -1840951.375000
12704   -1840951.875000
12705   -1840952.000000
12706   -1840952.500000
12707   -1840952.750000
12708   -1840953.000000
12709   -1840953.500000
12710   -1840953.750000
12711   -1840954.250000
12712   -1840954.500000
12713   -1840954.750000
12714   -1840955.250000
12715   -1840955.375000
12716   -1840955.750000
12717   -1840956.250000
12718   -1840956.375000
12719   -1840956.875000
12720   -1840957.250000
12721   -1840957.375000
12722   -1840957.750000
12723   -1840958.250000
12724   -1840958.500000
12725   -1840958.875000
12726   -1840959.250000
12727   -1840959.500000
12728   -1840959.750000
12729   -1840960.125000
12730   -1840960.500000
12731   -1840960.750000
12732   -1840961.000000
12733   -1840961.500000
12734   -1840961.750000
12735   -1840962.000000
12736   -1840962.250000
12737   -1840962.625000
12738   -1840963.000000
12739   -1840963.000000
12740   -1840963.625000
12741   -1840964.000000
12742   -1840964.125000
12743   -1840964.500000
12744   -1840964.750000
12745   -1840965.125000
12746   -1840965.500000
12747   -1840965.625000
12748   -1840966.000000
12749   -1840966.250000
12750   -1840966.625000
12751   -1840966.750000
12752   -1840967.250000
12753   -1840967.250000
12754   -1840967.750000
12755   -1840968.000000
12756   -1840968.250000
12757   -1840968.500000
12758   -1840969.000000
12759   -1840969.250000
12760   -1840969.375000
12761   -1840969.750000
12762   -1840970.000000
12763   -1840970.250000
12764   -1840970.625000
12765   -1840971.000000
12766   -1840971.125000
12767   -1840971.375000
12768   -1840971.625000
12769   -1840972.125000
12770   -1840972.250000
12771   -1840972.750000
12772   -1840972.750000
12773   -1840973.125000
12774   -1840973.375000
12775   -1840973.750000
12776   -1840974.000000
12777   -1840974.250000
12778   -1840974.375000
12779   -1840974.625000
12780   -1840974.875000
12781   -1840975.250000
12782   -1840975.500000
12783   -1840975.875000
12784   -1840976.000000
12785   -1840976.250000
12786   -1840976.500000
12787   -1840976.750000
12788   -1840977.000000
12789   -1840977.250000
12790   -1840977.500000
12791   -1840977.875000
12792   -1840978.250000
12793   -1840978.375000
12794   -1840978.750000
12795   -1840978.875000
12796   -1840979.000000
12797   -1840979.250000
12798   -1840979.625000
12799   -1840980.000000
12800   -1840980.125000
12801   -1840980.250000
12802   -1840980.500000
12803   -1840980.750000
12804   -1840981.250000
12805   -1840981.375000
12806   -1840981.500000
12807   -1840981.625000
12808   -1840982.000000
12809   -1840982.250000
12810   -1840982.500000
12811   -1840982.500000
12812   -1840983.000000
12813   -1840983.125000
12814   -1840983.375000
12815   -1840983.625000
12816   -1840983.750000
12817   -1840984.125000
12818   -1840984.250000
12819   -1840984.625000
12820   -1840984.625000
12821   -1840985.125000
12822   -1840985.250000
12823   -1840985.500000
12824   -1840985.750000
12825   -1840985.875000
12826   -1840986.000000
12827   -1840986.250000
12828   -1840986.750000
12829   -1840986.750000
12830   -1840987.000000
12831   -1840987.250000
12832   -1840987.500000
12833   -1840987.750000
12834   -1840988.000000
12835   -1840988.250000
12836   -1840988.250000
12837   -1840988.625000
12838   -1840988.750000
12839   -1840989.000000
12840   -1840989.250000
12841   -1840989.375000
12842   -1840989.625000
12843   -1840989.875000
12844   -1840990.125000
12845   -1840990.250000
12846   -1840990.500000
12847   -1840990.750000
12848   -1840991.000000
12849   -1840991.125000
12850   -1840991.250000
12851   -1840991.625000
12852   -1840991.875000
12853   -1840992.000000
12854   -1840992.125000
12855   -1840992.625000
12856   -1840992.750000
12857   -1840992.750000
12858   -1840993.000000
12859   -1840993.250000
12860   -1840993.500000
12861   -1840994.000000
12862   -1840993.875000
12863   -1840994.000000
12864   -1840994.375000
12865   -1840994.500000
12866   -1840994.750000
12867   -1840995.000000
12868   -1840995.375000
12869   -1840995.500000
12870   -1840995.625000
12871   -1840995.625000
12872   -1840996.000000
12873   -1840996.250000
12874   -1840996.250000
12875   -1840996.500000
12876   -1840996.750000
12877   -1840997.000000
12878   -1840997.375000
12879   -1840997.375000
12880   -1840997.750000
12881   -1840998.000000
12882   -1840998.000000
12883   -1840998.250000
12884   -1840998.500000
12885   -1840998.625000
12886   -1840998.750000
12887   -1840999.000000
12888   -1840999.250000
12889   -1840999.500000
12890   -1840999.625000
12891   -1840999.750000
12892   -1841000.250000
12893   -1841000.250000
12894   -1841000.375000
12895   -1841000.750000
12896   -1841001.000000
12897   -1841001.000000
12898   -1841001.250000
12899   -1841001.375000
12900   -1841001.625000
12901   -1841001.875000
12902   -1841001.875000
12903   -1841002.250000
12904   -1841002.250000
12905   -1841002.500000
12906   -1841002.750000
12907   -1841002.875000
12908   -1841003.250000
12909   -1841003.250000
12910   -1841003.500000
12911   -1841003.625000
12912   -1841003.750000
12913   -1841004.250000
12914   -1841004.125000
12915   -1841004.375000
12916   -1841004.500000
12917   -1841004.750000
12918   -1841004.875000
12919   -1841005.000000
12920   -1841005.250000
12921   -1841005.375000
12922   -1841005.500000
12923   -1841005.750000
12924   -1841006.000000
12925   -1841006.125000
12926   -1841006.375000
12927   -1841006.500000
12928   -1841006.500000
12929   -1841006.750000
12930   -1841007.000000
12931   -1841007.250000
12932   -1841007.250000
12933   -1841007.500000
12934   -1841007.750000
12935   -1841007.875000
12936   -1841008.000000
12937   -1841008.250000
12938   -1841008.250000
12939   -1841008.625000
12940   -1841008.625000
12941   -1841009.000000
12942   -1841009.000000
12943   -1841009.125000
12944   -1841009.375000
12945   -1841009.500000
12946   -1841009.625000
12947   -1841009.750000
12948   -1841010.000000
12949   -1841010.250000
12950   -1841010.375000
12951   -1841010.500000
12952   -1841010.750000
12953   -1841010.750000
12954   -1841011.000000
12955   -1841011.125000
12956   -1841011.375000
12957   -1841011.500000
12958   -1841011.750000
12959   -1841011.875000
12960   -1841012.000000
12961   -1841012.250000
12962   -1841012.500000
12963   -1841012.375000
12964   -1841012.750000
12965   -1841012.750000
12966   -1841013.125000
12967   -1841013.000000
12968   -1841013.250000
12969   -1841013.500000
12970   -1841013.625000
12971   -1841013.750000
12972   -1841014.000000
12973   -1841014.000000
12974   -1841014.250000
12975   -1841014.500000
12976   -1841014.500000
