Step            Loss
--------------------
1       12668.889648
2        9242.764648
3        5807.840332
4        2381.983887
5       -1050.906616
6       -4477.992188
7       -7906.461426
8       -11337.976562
9       -14765.156250
10      -18196.277344
11      -21625.242188
12      -25054.337891
13      -28481.404297
14      -31910.392578
15      -35343.410156
16      -38770.226562
17      -42205.171875
18      -45635.843750
19      -49071.285156
20      -52501.171875
21      -55937.824219
22      -59378.570312
23      -62816.089844
24      -66256.390625
25      -69696.312500
26      -73143.625000
27      -76588.273438
28      -80034.078125
29      -83485.906250
30      -86933.578125
31      -90397.445312
32      -93851.218750
33      -97312.296875
34      -100774.968750
35      -104242.515625
36      -107707.859375
37      -111182.343750
38      -114663.007812
39      -118142.218750
40      -121627.093750
41      -125117.359375
42      -128606.867188
43      -132103.718750
44      -135607.234375
45      -139106.906250
46      -142616.656250
47      -146130.921875
48      -149649.593750
49      -153175.593750
50      -156704.109375
51      -160240.734375
52      -163777.218750
53      -167323.062500
54      -170869.875000
55      -174424.734375
56      -177989.500000
57      -181553.703125
58      -185127.000000
59      -188702.593750
60      -192286.593750
61      -195876.812500
62      -199475.921875
63      -203078.343750
64      -206684.156250
65      -210300.718750
66      -213922.781250
67      -217553.171875
68      -221185.281250
69      -224828.843750
70      -228476.906250
71      -232129.546875
72      -235790.921875
73      -239455.468750
74      -243135.781250
75      -246818.593750
76      -250506.187500
77      -254203.578125
78      -257913.406250
79      -261620.562500
80      -265336.781250
81      -269062.812500
82      -272796.312500
83      -276538.531250
84      -280281.218750
85      -284037.625000
86      -287796.437500
87      -291574.000000
88      -295347.937500
89      -299133.312500
90      -302922.312500
91      -306723.062500
92      -310530.593750
93      -314342.437500
94      -318163.781250
95      -321996.687500
96      -325836.156250
97      -329678.562500
98      -333529.000000
99      -337389.062500
100     -341257.562500
101     -345135.062500
102     -349013.656250
103     -352904.875000
104     -356802.625000
105     -360705.687500
106     -364619.187500
107     -368538.750000
108     -372464.625000
109     -376396.312500
110     -380337.781250
111     -384288.500000
112     -388240.906250
113     -392204.062500
114     -396175.500000
115     -400152.375000
116     -404134.906250
117     -408124.625000
118     -412122.312500
119     -416127.593750
120     -420140.406250
121     -424161.187500
122     -428184.000000
123     -432214.625000
124     -436254.750000
125     -440292.375000
126     -444345.375000
127     -448402.750000
128     -452469.500000
129     -456539.187500
130     -460617.062500
131     -464695.906250
132     -468788.812500
133     -472879.250000
134     -476978.750000
135     -481084.031250
136     -485196.375000
137     -489310.687500
138     -493434.687500
139     -497566.906250
140     -501697.062500
141     -505838.562500
142     -509976.437500
143     -514131.125000
144     -518283.156250
145     -522444.062500
146     -526609.687500
147     -530774.125000
148     -534946.000000
149     -539122.375000
150     -543304.000000
151     -547488.125000
152     -551680.250000
153     -555871.875000
154     -560073.375000
155     -564276.750000
156     -568480.500000
157     -572690.437500
158     -576900.125000
159     -581117.437500
160     -585342.250000
161     -589562.875000
162     -593793.750000
163     -598012.375000
164     -602250.312500
165     -606484.000000
166     -610720.500000
167     -614957.750000
168     -619208.500000
169     -623444.437500
170     -627693.750000
171     -631937.187500
172     -636191.375000
173     -640440.625000
174     -644697.937500
175     -648952.875000
176     -653202.937500
177     -657460.625000
178     -661719.625000
179     -665978.875000
180     -670237.062500
181     -674502.125000
182     -678762.875000
183     -683024.875000
184     -687285.750000
185     -691552.000000
186     -695816.875000
187     -700079.500000
188     -704339.750000
189     -708607.937500
190     -712863.750000
191     -717129.500000
192     -721390.875000
193     -725652.562500
194     -729903.750000
195     -734161.812500
196     -738425.625000
197     -742683.687500
198     -746936.687500
199     -751193.500000
200     -755445.500000
201     -759695.375000
202     -763943.375000
203     -768189.000000
204     -772437.750000
205     -776678.250000
206     -780919.312500
207     -785153.250000
208     -789385.625000
209     -793617.250000
210     -797841.750000
211     -802076.375000
212     -806294.062500
213     -810517.062500
214     -814730.187500
215     -818948.562500
216     -823156.062500
217     -827364.875000
218     -831562.562500
219     -835761.750000
220     -839956.687500
221     -844154.187500
222     -848325.687500
223     -852508.750000
224     -856684.500000
225     -860861.500000
226     -865018.125000
227     -869186.250000
228     -873344.687500
229     -877496.250000
230     -881640.500000
231     -885785.625000
232     -889917.812500
233     -894047.812500
234     -898170.812500
235     -902289.437500
236     -906406.250000
237     -910512.187500
238     -914612.000000
239     -918707.125000
240     -922793.500000
241     -926881.437500
242     -930950.750000
243     -935024.937500
244     -939089.500000
245     -943144.312500
246     -947196.812500
247     -951236.375000
248     -955267.250000
249     -959299.375000
250     -963317.000000
251     -967335.375000
252     -971333.687500
253     -975339.250000
254     -979332.500000
255     -983313.500000
256     -987292.875000
257     -991252.625000
258     -995212.125000
259     -999164.187500
260     -1003109.937500
261     -1007043.250000
262     -1010973.000000
263     -1014895.062500
264     -1018804.375000
265     -1022703.000000
266     -1026600.937500
267     -1030476.000000
268     -1034357.250000
269     -1038219.125000
270     -1042080.250000
271     -1045928.750000
272     -1049770.500000
273     -1053592.625000
274     -1057422.000000
275     -1061232.000000
276     -1065026.375000
277     -1068819.500000
278     -1072598.750000
279     -1076377.000000
280     -1080137.000000
281     -1083890.375000
282     -1087629.500000
283     -1091359.875000
284     -1095085.000000
285     -1098798.500000
286     -1102501.375000
287     -1106187.750000
288     -1109872.125000
289     -1113544.000000
290     -1117202.500000
291     -1120846.750000
292     -1124489.875000
293     -1128116.500000
294     -1131732.500000
295     -1135344.250000
296     -1138935.250000
297     -1142519.250000
298     -1146092.000000
299     -1149661.000000
300     -1153212.625000
301     -1156751.750000
302     -1160282.000000
303     -1163806.750000
304     -1167308.750000
305     -1170807.875000
306     -1174292.750000
307     -1177769.750000
308     -1181230.625000
309     -1184679.750000
310     -1188124.750000
311     -1191547.125000
312     -1194969.000000
313     -1198375.500000
314     -1201775.500000
315     -1205149.750000
316     -1208520.500000
317     -1211885.625000
318     -1215237.500000
319     -1218567.250000
320     -1221893.125000
321     -1225200.000000
322     -1228503.750000
323     -1231782.125000
324     -1235063.500000
325     -1238322.750000
326     -1241578.000000
327     -1244813.625000
328     -1248043.375000
329     -1251254.000000
330     -1254456.875000
331     -1257644.375000
332     -1260824.000000
333     -1263991.375000
334     -1267146.500000
335     -1270286.750000
336     -1273417.000000
337     -1276537.625000
338     -1279636.500000
339     -1282728.750000
340     -1285809.625000
341     -1288873.000000
342     -1291927.000000
343     -1294973.750000
344     -1298005.125000
345     -1301021.875000
346     -1304030.250000
347     -1307015.750000
348     -1309990.500000
349     -1312962.750000
350     -1315918.375000
351     -1318858.250000
352     -1321784.500000
353     -1324708.000000
354     -1327609.750000
355     -1330499.750000
356     -1333377.750000
357     -1336247.000000
358     -1339097.500000
359     -1341940.000000
360     -1344768.750000
361     -1347580.250000
362     -1350386.750000
363     -1353176.000000
364     -1355949.750000
365     -1358712.750000
366     -1361466.125000
367     -1364204.750000
368     -1366925.625000
369     -1369640.750000
370     -1372344.000000
371     -1375031.500000
372     -1377708.125000
373     -1380379.000000
374     -1383019.250000
375     -1385660.375000
376     -1388281.750000
377     -1390888.750000
378     -1393487.125000
379     -1396077.000000
380     -1398652.000000
381     -1401201.500000
382     -1403754.625000
383     -1406290.875000
384     -1408809.000000
385     -1411320.625000
386     -1413813.750000
387     -1416300.750000
388     -1418775.750000
389     -1421232.500000
390     -1423684.625000
391     -1426112.750000
392     -1428539.250000
393     -1430945.000000
394     -1433340.000000
395     -1435732.000000
396     -1438104.375000
397     -1440465.875000
398     -1442808.750000
399     -1445152.875000
400     -1447473.625000
401     -1449771.750000
402     -1452078.750000
403     -1454358.000000
404     -1456630.500000
405     -1458886.875000
406     -1461136.875000
407     -1463368.500000
408     -1465594.250000
409     -1467806.125000
410     -1470005.500000
411     -1472186.500000
412     -1474360.250000
413     -1476518.000000
414     -1478667.625000
415     -1480802.625000
416     -1482918.625000
417     -1485029.125000
418     -1487124.250000
419     -1489208.000000
420     -1491278.000000
421     -1493344.125000
422     -1495387.250000
423     -1497419.500000
424     -1499445.750000
425     -1501460.125000
426     -1503460.625000
427     -1505446.500000
428     -1507418.750000
429     -1509382.750000
430     -1511330.750000
431     -1513273.000000
432     -1515198.000000
433     -1517115.500000
434     -1519013.625000
435     -1520908.750000
436     -1522796.750000
437     -1524658.625000
438     -1526510.875000
439     -1528351.000000
440     -1530179.250000
441     -1531994.000000
442     -1533795.750000
443     -1535589.375000
444     -1537369.875000
445     -1539144.250000
446     -1540901.875000
447     -1542645.375000
448     -1544380.000000
449     -1546103.250000
450     -1547814.125000
451     -1549518.250000
452     -1551206.250000
453     -1552886.625000
454     -1554551.500000
455     -1556208.500000
456     -1557857.875000
457     -1559489.875000
458     -1561112.500000
459     -1562722.875000
460     -1564326.000000
461     -1565914.500000
462     -1567498.250000
463     -1569064.500000
464     -1570629.000000
465     -1572176.000000
466     -1573715.625000
467     -1575241.500000
468     -1576761.250000
469     -1578260.750000
470     -1579758.875000
471     -1581244.125000
472     -1582723.625000
473     -1584191.250000
474     -1585647.000000
475     -1587097.000000
476     -1588529.000000
477     -1589955.000000
478     -1591375.125000
479     -1592780.000000
480     -1594174.625000
481     -1595560.375000
482     -1596939.500000
483     -1598304.750000
484     -1599666.500000
485     -1601014.000000
486     -1602346.500000
487     -1603673.250000
488     -1604994.250000
489     -1606301.750000
490     -1607599.250000
491     -1608890.375000
492     -1610168.500000
493     -1611434.000000
494     -1612693.000000
495     -1613946.750000
496     -1615185.500000
497     -1616418.000000
498     -1617637.000000
499     -1618845.500000
500     -1620046.500000
501     -1621235.750000
502     -1622425.000000
503     -1623598.500000
504     -1624764.000000
505     -1625919.500000
506     -1627068.000000
507     -1628207.250000
508     -1629331.500000
509     -1630453.250000
510     -1631564.750000
511     -1632666.625000
512     -1633759.625000
513     -1634848.000000
514     -1635924.750000
515     -1636996.250000
516     -1638055.000000
517     -1639106.500000
518     -1640144.625000
519     -1641179.750000
520     -1642201.125000
521     -1643221.000000
522     -1644232.500000
523     -1645230.750000
524     -1646220.750000
525     -1647201.750000
526     -1648173.250000
527     -1649146.000000
528     -1650105.375000
529     -1651057.875000
530     -1651998.250000
531     -1652933.500000
532     -1653856.625000
533     -1654775.750000
534     -1655692.250000
535     -1656593.500000
536     -1657488.000000
537     -1658380.000000
538     -1659256.250000
539     -1660129.375000
540     -1660998.125000
541     -1661854.000000
542     -1662706.750000
543     -1663550.375000
544     -1664388.750000
545     -1665216.250000
546     -1666040.000000
547     -1666855.500000
548     -1667658.250000
549     -1668462.375000
550     -1669254.000000
551     -1670040.250000
552     -1670820.750000
553     -1671587.250000
554     -1672354.250000
555     -1673117.875000
556     -1673861.875000
557     -1674606.750000
558     -1675345.125000
559     -1676072.500000
560     -1676800.250000
561     -1677514.750000
562     -1678225.750000
563     -1678934.500000
564     -1679632.000000
565     -1680320.125000
566     -1681009.000000
567     -1681693.000000
568     -1682366.250000
569     -1683035.375000
570     -1683700.125000
571     -1684358.125000
572     -1685012.625000
573     -1685658.250000
574     -1686296.000000
575     -1686931.625000
576     -1687556.500000
577     -1688181.750000
578     -1688800.250000
579     -1689409.500000
580     -1690015.250000
581     -1690613.500000
582     -1691205.750000
583     -1691793.875000
584     -1692375.000000
585     -1692951.500000
586     -1693522.000000
587     -1694085.750000
588     -1694646.750000
589     -1695200.375000
590     -1695751.750000
591     -1696295.000000
592     -1696833.500000
593     -1697369.250000
594     -1697900.000000
595     -1698424.000000
596     -1698944.500000
597     -1699465.500000
598     -1699976.000000
599     -1700487.750000
600     -1700990.750000
601     -1701489.000000
602     -1701989.000000
603     -1702475.750000
604     -1702966.125000
605     -1703443.250000
606     -1703924.500000
607     -1704393.500000
608     -1704863.125000
609     -1705332.000000
610     -1705790.000000
611     -1706249.000000
612     -1706698.250000
613     -1707148.500000
614     -1707595.875000
615     -1708034.750000
616     -1708475.750000
617     -1708909.250000
618     -1709339.000000
619     -1709765.750000
620     -1710187.125000
621     -1710606.000000
622     -1711019.250000
623     -1711430.375000
624     -1711838.250000
625     -1712241.750000
626     -1712639.500000
627     -1713036.500000
628     -1713427.250000
629     -1713815.750000
630     -1714202.000000
631     -1714586.250000
632     -1714963.750000
633     -1715340.000000
634     -1715712.375000
635     -1716082.500000
636     -1716447.250000
637     -1716807.125000
638     -1717164.625000
639     -1717522.000000
640     -1717875.625000
641     -1718224.250000
642     -1718567.750000
643     -1718909.625000
644     -1719249.000000
645     -1719585.375000
646     -1719918.000000
647     -1720248.875000
648     -1720574.125000
649     -1720899.500000
650     -1721221.500000
651     -1721537.750000
652     -1721854.625000
653     -1722166.000000
654     -1722477.750000
655     -1722784.000000
656     -1723089.250000
657     -1723392.500000
658     -1723693.875000
659     -1723992.750000
660     -1724288.500000
661     -1724581.250000
662     -1724872.250000
663     -1725160.625000
664     -1725446.250000
665     -1725729.250000
666     -1726010.500000
667     -1726287.875000
668     -1726564.375000
669     -1726838.500000
670     -1727108.250000
671     -1727380.250000
672     -1727643.500000
673     -1727909.375000
674     -1728171.125000
675     -1728432.250000
676     -1728689.250000
677     -1728944.875000
678     -1729200.500000
679     -1729452.500000
680     -1729703.000000
681     -1729949.500000
682     -1730196.250000
683     -1730441.375000
684     -1730685.250000
685     -1730926.000000
686     -1731165.375000
687     -1731400.125000
688     -1731637.000000
689     -1731870.000000
690     -1732101.750000
691     -1732333.500000
692     -1732562.500000
693     -1732789.125000
694     -1733014.625000
695     -1733239.500000
696     -1733462.000000
697     -1733682.500000
698     -1733901.250000
699     -1734117.250000
700     -1734333.750000
701     -1734547.500000
702     -1734762.000000
703     -1734972.375000
704     -1735182.250000
705     -1735390.125000
706     -1735596.000000
707     -1735801.250000
708     -1736004.875000
709     -1736207.625000
710     -1736408.500000
711     -1736608.500000
712     -1736805.625000
713     -1737004.875000
714     -1737200.875000
715     -1737395.250000
716     -1737589.000000
717     -1737779.000000
718     -1737973.250000
719     -1738161.750000
720     -1738349.500000
721     -1738538.250000
722     -1738723.500000
723     -1738907.000000
724     -1739092.500000
725     -1739273.500000
726     -1739456.000000
727     -1739636.750000
728     -1739814.625000
729     -1739993.750000
730     -1740170.375000
731     -1740346.000000
732     -1740518.750000
733     -1740693.000000
734     -1740862.750000
735     -1741033.250000
736     -1741204.000000
737     -1741372.750000
738     -1741539.250000
739     -1741705.500000
740     -1741871.125000
741     -1742033.750000
742     -1742197.750000
743     -1742359.000000
744     -1742521.500000
745     -1742680.000000
746     -1742840.375000
747     -1742998.000000
748     -1743155.250000
749     -1743310.250000
750     -1743465.750000
751     -1743620.250000
752     -1743773.125000
753     -1743926.000000
754     -1744076.250000
755     -1744227.625000
756     -1744379.000000
757     -1744527.750000
758     -1744674.500000
759     -1744822.000000
760     -1744968.750000
761     -1745113.500000
762     -1745258.000000
763     -1745401.250000
764     -1745545.500000
765     -1745687.375000
766     -1745829.000000
767     -1745969.500000
768     -1746110.250000
769     -1746249.125000
770     -1746388.000000
771     -1746525.125000
772     -1746663.750000
773     -1746799.375000
774     -1746935.500000
775     -1747070.500000
776     -1747203.750000
777     -1747337.750000
778     -1747470.750000
779     -1747602.750000
780     -1747734.750000
781     -1747865.000000
782     -1747994.750000
783     -1748124.750000
784     -1748251.500000
785     -1748379.750000
786     -1748506.750000
787     -1748633.500000
788     -1748760.250000
789     -1748884.000000
790     -1749009.000000
791     -1749133.000000
792     -1749253.750000
793     -1749377.000000
794     -1749497.875000
795     -1749617.875000
796     -1749739.500000
797     -1749859.000000
798     -1749978.125000
799     -1750095.250000
800     -1750212.875000
801     -1750329.125000
802     -1750445.000000
803     -1750561.875000
804     -1750676.750000
805     -1750791.125000
806     -1750905.000000
807     -1751017.375000
808     -1751129.750000
809     -1751242.750000
810     -1751352.750000
811     -1751465.000000
812     -1751574.500000
813     -1751685.875000
814     -1751793.750000
815     -1751902.375000
816     -1752010.250000
817     -1752118.250000
818     -1752224.250000
819     -1752330.750000
820     -1752435.750000
821     -1752541.500000
822     -1752645.625000
823     -1752748.375000
824     -1752852.125000
825     -1752954.625000
826     -1753057.500000
827     -1753159.750000
828     -1753260.375000
829     -1753361.750000
830     -1753462.000000
831     -1753561.875000
832     -1753659.500000
833     -1753759.500000
834     -1753858.250000
835     -1753955.500000
836     -1754051.750000
837     -1754149.250000
838     -1754245.250000
839     -1754340.500000
840     -1754435.500000
841     -1754529.625000
842     -1754623.625000
843     -1754716.500000
844     -1754810.500000
845     -1754902.500000
846     -1754993.250000
847     -1755085.625000
848     -1755176.500000
849     -1755268.000000
850     -1755357.500000
851     -1755447.250000
852     -1755537.000000
853     -1755626.000000
854     -1755714.750000
855     -1755802.125000
856     -1755889.750000
857     -1755977.500000
858     -1756063.625000
859     -1756149.750000
860     -1756236.250000
861     -1756322.250000
862     -1756406.875000
863     -1756491.625000
864     -1756576.500000
865     -1756660.875000
866     -1756745.000000
867     -1756826.750000
868     -1756911.000000
869     -1756993.500000
870     -1757076.375000
871     -1757158.250000
872     -1757240.250000
873     -1757321.250000
874     -1757402.250000
875     -1757483.125000
876     -1757563.500000
877     -1757643.625000
878     -1757722.500000
879     -1757802.250000
880     -1757881.500000
881     -1757959.250000
882     -1758037.000000
883     -1758114.250000
884     -1758192.000000
885     -1758270.250000
886     -1758346.000000
887     -1758423.250000
888     -1758498.375000
889     -1758573.750000
890     -1758648.375000
891     -1758724.250000
892     -1758797.875000
893     -1758873.375000
894     -1758946.000000
895     -1759020.000000
896     -1759094.000000
897     -1759166.500000
898     -1759238.750000
899     -1759312.750000
900     -1759383.750000
901     -1759456.000000
902     -1759528.500000
903     -1759600.250000
904     -1759671.125000
905     -1759741.375000
906     -1759811.375000
907     -1759881.250000
908     -1759951.500000
909     -1760019.750000
910     -1760089.500000
911     -1760158.500000
912     -1760225.750000
913     -1760294.000000
914     -1760361.375000
915     -1760428.500000
916     -1760496.375000
917     -1760563.500000
918     -1760631.000000
919     -1760696.250000
920     -1760762.625000
921     -1760828.500000
922     -1760894.250000
923     -1760960.000000
924     -1761025.375000
925     -1761090.750000
926     -1761154.375000
927     -1761219.875000
928     -1761283.750000
929     -1761348.000000
930     -1761412.000000
931     -1761474.125000
932     -1761537.750000
933     -1761601.250000
934     -1761663.250000
935     -1761726.000000
936     -1761787.750000
937     -1761849.500000
938     -1761911.500000
939     -1761972.750000
940     -1762034.250000
941     -1762094.000000
942     -1762155.500000
943     -1762216.000000
944     -1762275.625000
945     -1762335.750000
946     -1762395.500000
947     -1762454.750000
948     -1762515.250000
949     -1762574.750000
950     -1762634.000000
951     -1762691.875000
952     -1762750.250000
953     -1762809.500000
954     -1762867.125000
955     -1762925.750000
956     -1762983.875000
957     -1763041.875000
958     -1763099.875000
959     -1763156.750000
960     -1763213.250000
961     -1763270.250000
962     -1763326.250000
963     -1763383.750000
964     -1763439.250000
965     -1763495.500000
966     -1763551.000000
967     -1763606.250000
968     -1763662.250000
969     -1763717.875000
970     -1763772.625000
971     -1763827.250000
972     -1763882.250000
973     -1763936.500000
974     -1763990.875000
975     -1764045.250000
976     -1764098.250000
977     -1764152.375000
978     -1764206.250000
979     -1764259.500000
980     -1764313.000000
981     -1764366.000000
982     -1764419.250000
983     -1764471.750000
984     -1764523.500000
985     -1764575.125000
986     -1764627.375000
987     -1764679.875000
988     -1764731.750000
989     -1764782.000000
990     -1764832.500000
991     -1764884.500000
992     -1764935.000000
993     -1764986.000000
994     -1765036.500000
995     -1765086.875000
996     -1765137.500000
997     -1765187.750000
998     -1765237.625000
999     -1765286.875000
1000    -1765336.875000
1001    -1765386.250000
1002    -1765435.500000
1003    -1765484.875000
1004    -1765534.750000
1005    -1765583.625000
1006    -1765632.500000
1007    -1765680.750000
1008    -1765728.125000
1009    -1765776.500000
1010    -1765825.000000
1011    -1765872.625000
1012    -1765920.500000
1013    -1765967.250000
1014    -1766015.250000
1015    -1766062.625000
1016    -1766109.250000
1017    -1766155.750000
1018    -1766203.250000
1019    -1766250.250000
1020    -1766297.000000
1021    -1766343.875000
1022    -1766389.000000
1023    -1766435.625000
1024    -1766480.875000
1025    -1766527.000000
1026    -1766572.750000
1027    -1766618.500000
1028    -1766664.375000
1029    -1766709.125000
1030    -1766754.500000
1031    -1766798.750000
1032    -1766844.125000
1033    -1766888.000000
1034    -1766933.500000
1035    -1766977.250000
1036    -1767021.000000
1037    -1767065.750000
1038    -1767110.500000
1039    -1767153.375000
1040    -1767198.125000
1041    -1767241.000000
1042    -1767284.750000
1043    -1767328.250000
1044    -1767371.500000
1045    -1767414.000000
1046    -1767458.000000
1047    -1767500.000000
1048    -1767542.750000
1049    -1767585.000000
1050    -1767628.625000
1051    -1767669.750000
1052    -1767712.250000
1053    -1767754.500000
1054    -1767796.000000
1055    -1767838.250000
1056    -1767880.125000
1057    -1767922.125000
1058    -1767963.875000
1059    -1768005.875000
1060    -1768047.375000
1061    -1768088.500000
1062    -1768129.375000
1063    -1768169.750000
1064    -1768211.250000
1065    -1768252.500000
1066    -1768292.500000
1067    -1768333.750000
1068    -1768373.750000
1069    -1768414.750000
1070    -1768454.500000
1071    -1768495.000000
1072    -1768534.875000
1073    -1768574.500000
1074    -1768614.750000
1075    -1768655.125000
1076    -1768694.500000
1077    -1768733.750000
1078    -1768772.375000
1079    -1768812.250000
1080    -1768850.750000
1081    -1768891.125000
1082    -1768930.000000
1083    -1768969.750000
1084    -1769007.750000
1085    -1769047.000000
1086    -1769085.750000
1087    -1769123.750000
1088    -1769162.500000
1089    -1769201.000000
1090    -1769239.250000
1091    -1769277.750000
1092    -1769316.250000
1093    -1769353.625000
1094    -1769392.250000
1095    -1769430.000000
1096    -1769468.375000
1097    -1769505.250000
1098    -1769542.625000
1099    -1769580.125000
1100    -1769617.750000
1101    -1769655.750000
1102    -1769692.750000
1103    -1769730.125000
1104    -1769767.250000
1105    -1769804.500000
1106    -1769841.625000
1107    -1769877.375000
1108    -1769914.875000
1109    -1769950.500000
1110    -1769987.000000
1111    -1770024.000000
1112    -1770059.500000
1113    -1770096.250000
1114    -1770132.250000
1115    -1770169.500000
1116    -1770204.750000
1117    -1770240.500000
1118    -1770275.875000
1119    -1770311.250000
1120    -1770348.000000
1121    -1770383.000000
1122    -1770418.250000
1123    -1770453.625000
1124    -1770488.875000
1125    -1770524.250000
1126    -1770559.000000
1127    -1770593.500000
1128    -1770628.875000
1129    -1770663.500000
1130    -1770698.000000
1131    -1770733.500000
1132    -1770767.500000
1133    -1770802.250000
1134    -1770836.500000
1135    -1770871.500000
1136    -1770906.000000
1137    -1770940.000000
1138    -1770973.750000
1139    -1771008.000000
1140    -1771042.125000
1141    -1771076.375000
1142    -1771109.375000
1143    -1771143.000000
1144    -1771176.500000
1145    -1771209.750000
1146    -1771243.500000
1147    -1771277.125000
1148    -1771310.125000
1149    -1771344.250000
1150    -1771377.125000
1151    -1771409.750000
1152    -1771443.125000
1153    -1771475.750000
1154    -1771508.250000
1155    -1771540.500000
1156    -1771574.750000
1157    -1771606.375000
1158    -1771639.250000
1159    -1771671.750000
1160    -1771703.625000
1161    -1771735.500000
1162    -1771767.875000
1163    -1771800.375000
1164    -1771833.000000
1165    -1771864.500000
1166    -1771897.125000
1167    -1771929.000000
1168    -1771960.250000
1169    -1771992.500000
1170    -1772024.000000
1171    -1772056.000000
1172    -1772087.750000
1173    -1772119.000000
1174    -1772150.750000
1175    -1772182.500000
1176    -1772213.250000
1177    -1772244.750000
1178    -1772276.250000
1179    -1772306.250000
1180    -1772336.875000
1181    -1772368.250000
1182    -1772399.125000
1183    -1772430.500000
1184    -1772461.000000
1185    -1772491.375000
1186    -1772521.750000
1187    -1772552.750000
1188    -1772583.000000
1189    -1772614.000000
1190    -1772643.750000
1191    -1772673.625000
1192    -1772704.000000
1193    -1772734.500000
1194    -1772764.000000
1195    -1772795.000000
1196    -1772824.250000
1197    -1772853.750000
1198    -1772883.750000
1199    -1772913.625000
1200    -1772943.250000
1201    -1772973.125000
1202    -1773002.500000
1203    -1773032.625000
1204    -1773062.250000
1205    -1773091.250000
1206    -1773120.625000
1207    -1773150.125000
1208    -1773178.875000
1209    -1773208.375000
1210    -1773237.750000
1211    -1773267.000000
1212    -1773295.625000
1213    -1773324.000000
1214    -1773353.750000
1215    -1773382.000000
1216    -1773410.250000
1217    -1773438.750000
1218    -1773468.250000
1219    -1773496.500000
1220    -1773524.500000
1221    -1773553.750000
1222    -1773582.000000
1223    -1773609.750000
1224    -1773638.000000
1225    -1773666.750000
1226    -1773694.875000
1227    -1773722.750000
1228    -1773750.500000
1229    -1773778.750000
1230    -1773807.000000
1231    -1773834.750000
1232    -1773862.250000
1233    -1773889.625000
1234    -1773918.250000
1235    -1773945.125000
1236    -1773973.500000
1237    -1774001.500000
1238    -1774028.875000
1239    -1774056.500000
1240    -1774084.250000
1241    -1774111.500000
1242    -1774139.750000
1243    -1774167.375000
1244    -1774194.500000
1245    -1774221.125000
1246    -1774248.250000
1247    -1774275.625000
1248    -1774304.625000
1249    -1774330.250000
1250    -1774358.250000
1251    -1774384.625000
1252    -1774411.750000
1253    -1774438.250000
1254    -1774465.750000
1255    -1774492.000000
1256    -1774518.875000
1257    -1774545.750000
1258    -1774572.625000
1259    -1774598.875000
1260    -1774625.500000
1261    -1774652.250000
1262    -1774678.375000
1263    -1774704.875000
1264    -1774731.750000
1265    -1774757.000000
1266    -1774784.250000
1267    -1774810.500000
1268    -1774836.500000
1269    -1774862.750000
1270    -1774888.500000
1271    -1774914.500000
1272    -1774939.750000
1273    -1774966.125000
1274    -1774992.000000
1275    -1775017.000000
1276    -1775042.875000
1277    -1775069.000000
1278    -1775094.500000
1279    -1775120.750000
1280    -1775145.375000
1281    -1775170.500000
1282    -1775195.500000
1283    -1775221.250000
1284    -1775246.500000
1285    -1775271.375000
1286    -1775296.250000
1287    -1775321.750000
1288    -1775346.375000
1289    -1775372.000000
1290    -1775396.750000
1291    -1775421.250000
1292    -1775446.750000
1293    -1775470.750000
1294    -1775496.250000
1295    -1775520.500000
1296    -1775544.875000
1297    -1775569.500000
1298    -1775593.750000
1299    -1775618.250000
1300    -1775643.250000
1301    -1775667.500000
1302    -1775692.000000
1303    -1775715.875000
1304    -1775740.750000
1305    -1775764.500000
1306    -1775789.000000
1307    -1775813.500000
1308    -1775837.000000
1309    -1775861.625000
1310    -1775884.750000
1311    -1775909.000000
1312    -1775932.750000
1313    -1775957.125000
1314    -1775980.375000
1315    -1776004.250000
1316    -1776027.250000
1317    -1776051.250000
1318    -1776075.250000
1319    -1776098.000000
1320    -1776121.875000
1321    -1776145.250000
1322    -1776168.750000
1323    -1776192.250000
1324    -1776215.125000
1325    -1776238.375000
1326    -1776262.000000
1327    -1776285.250000
1328    -1776307.375000
1329    -1776331.125000
1330    -1776353.750000
1331    -1776377.000000
1332    -1776399.625000
1333    -1776422.500000
1334    -1776445.250000
1335    -1776468.250000
1336    -1776491.000000
1337    -1776514.000000
1338    -1776535.875000
1339    -1776559.000000
1340    -1776582.000000
1341    -1776604.375000
1342    -1776626.625000
1343    -1776648.875000
1344    -1776671.750000
1345    -1776694.000000
1346    -1776716.500000
1347    -1776738.250000
1348    -1776760.500000
1349    -1776782.375000
1350    -1776805.000000
1351    -1776826.750000
1352    -1776849.250000
1353    -1776870.750000
1354    -1776893.250000
1355    -1776914.875000
1356    -1776937.125000
1357    -1776958.125000
1358    -1776980.125000
1359    -1777002.000000
1360    -1777023.125000
1361    -1777045.250000
1362    -1777066.500000
1363    -1777088.375000
1364    -1777110.500000
1365    -1777131.125000
1366    -1777152.625000
1367    -1777174.375000
1368    -1777195.750000
1369    -1777216.500000
1370    -1777238.250000
1371    -1777259.625000
1372    -1777280.500000
1373    -1777301.000000
1374    -1777322.125000
1375    -1777343.250000
1376    -1777364.500000
1377    -1777385.625000
1378    -1777406.500000
1379    -1777427.375000
1380    -1777448.000000
1381    -1777469.000000
1382    -1777490.000000
1383    -1777510.000000
1384    -1777531.125000
1385    -1777551.500000
1386    -1777572.250000
1387    -1777592.125000
1388    -1777612.750000
1389    -1777633.750000
1390    -1777653.750000
1391    -1777674.375000
1392    -1777693.750000
1393    -1777714.750000
1394    -1777734.625000
1395    -1777754.625000
1396    -1777774.625000
1397    -1777795.250000
1398    -1777815.250000
1399    -1777835.000000
1400    -1777854.500000
1401    -1777874.750000
1402    -1777894.250000
1403    -1777913.625000
1404    -1777933.750000
1405    -1777953.125000
1406    -1777973.375000
1407    -1777993.125000
1408    -1778012.500000
1409    -1778031.875000
1410    -1778051.000000
1411    -1778070.875000
1412    -1778090.250000
1413    -1778110.250000
1414    -1778128.500000
1415    -1778149.000000
1416    -1778168.500000
1417    -1778187.250000
1418    -1778205.500000
1419    -1778225.750000
1420    -1778244.500000
1421    -1778263.375000
1422    -1778282.250000
1423    -1778301.000000
1424    -1778320.875000
1425    -1778339.500000
1426    -1778358.000000
1427    -1778376.750000
1428    -1778395.125000
1429    -1778414.250000
1430    -1778433.000000
1431    -1778451.250000
1432    -1778469.125000
1433    -1778488.000000
1434    -1778506.750000
1435    -1778524.750000
1436    -1778543.625000
1437    -1778561.000000
1438    -1778579.750000
1439    -1778598.500000
1440    -1778616.000000
1441    -1778634.500000
1442    -1778652.250000
1443    -1778670.750000
1444    -1778689.000000
1445    -1778707.000000
1446    -1778724.500000
1447    -1778742.750000
1448    -1778760.875000
1449    -1778778.875000
1450    -1778797.000000
1451    -1778814.375000
1452    -1778832.750000
1453    -1778850.500000
1454    -1778868.875000
1455    -1778886.500000
1456    -1778904.125000
1457    -1778922.000000
1458    -1778939.250000
1459    -1778957.625000
1460    -1778974.500000
1461    -1778992.000000
1462    -1779009.625000
1463    -1779027.625000
1464    -1779044.750000
1465    -1779062.250000
1466    -1779079.375000
1467    -1779097.500000
1468    -1779114.625000
1469    -1779132.500000
1470    -1779149.250000
1471    -1779166.000000
1472    -1779183.750000
1473    -1779200.750000
1474    -1779218.000000
1475    -1779235.000000
1476    -1779252.750000
1477    -1779269.125000
1478    -1779286.750000
1479    -1779303.625000
1480    -1779320.625000
1481    -1779337.500000
1482    -1779354.250000
1483    -1779371.250000
1484    -1779388.250000
1485    -1779405.000000
1486    -1779422.250000
1487    -1779439.000000
1488    -1779456.125000
1489    -1779472.750000
1490    -1779489.000000
1491    -1779505.750000
1492    -1779522.750000
1493    -1779539.375000
1494    -1779556.000000
1495    -1779572.750000
1496    -1779589.250000
1497    -1779606.000000
1498    -1779622.250000
1499    -1779638.375000
1500    -1779655.250000
1501    -1779671.750000
1502    -1779687.375000
1503    -1779704.750000
1504    -1779721.250000
1505    -1779737.125000
1506    -1779753.125000
1507    -1779768.750000
1508    -1779785.500000
1509    -1779802.000000
1510    -1779818.250000
1511    -1779833.625000
1512    -1779850.250000
1513    -1779865.500000
1514    -1779882.250000
1515    -1779897.625000
1516    -1779913.500000
1517    -1779929.750000
1518    -1779946.000000
1519    -1779961.500000
1520    -1779977.250000
1521    -1779993.000000
1522    -1780009.000000
1523    -1780024.750000
1524    -1780040.625000
1525    -1780055.875000
1526    -1780071.750000
1527    -1780087.875000
1528    -1780103.750000
1529    -1780119.000000
1530    -1780134.500000
1531    -1780150.000000
1532    -1780165.625000
1533    -1780181.250000
1534    -1780196.250000
1535    -1780211.625000
1536    -1780227.500000
1537    -1780242.750000
1538    -1780258.250000
1539    -1780273.375000
1540    -1780288.750000
1541    -1780304.250000
1542    -1780319.500000
1543    -1780334.125000
1544    -1780349.500000
1545    -1780364.500000
1546    -1780380.000000
1547    -1780395.000000
1548    -1780409.750000
1549    -1780424.750000
1550    -1780440.250000
1551    -1780455.000000
1552    -1780470.250000
1553    -1780485.375000
1554    -1780499.750000
1555    -1780515.000000
1556    -1780529.875000
1557    -1780544.500000
1558    -1780559.875000
1559    -1780574.000000
1560    -1780589.000000
1561    -1780604.500000
1562    -1780618.250000
1563    -1780633.750000
1564    -1780648.000000
1565    -1780662.750000
1566    -1780677.125000
1567    -1780691.750000
1568    -1780706.250000
1569    -1780721.000000
1570    -1780735.750000
1571    -1780750.250000
1572    -1780764.375000
1573    -1780778.750000
1574    -1780793.500000
1575    -1780807.250000
1576    -1780822.125000
1577    -1780837.000000
1578    -1780850.750000
1579    -1780865.250000
1580    -1780879.375000
1581    -1780893.875000
1582    -1780907.500000
1583    -1780921.750000
1584    -1780935.750000
1585    -1780949.875000
1586    -1780964.250000
1587    -1780978.625000
1588    -1780992.125000
1589    -1781006.250000
1590    -1781020.250000
1591    -1781034.250000
1592    -1781048.250000
1593    -1781062.125000
1594    -1781076.500000
1595    -1781089.750000
1596    -1781103.875000
1597    -1781117.500000
1598    -1781132.000000
1599    -1781144.875000
1600    -1781159.250000
1601    -1781172.750000
1602    -1781186.375000
1603    -1781199.750000
1604    -1781213.500000
1605    -1781227.250000
1606    -1781240.750000
1607    -1781254.500000
1608    -1781268.125000
1609    -1781281.000000
1610    -1781294.500000
1611    -1781308.125000
1612    -1781321.625000
1613    -1781335.250000
1614    -1781348.250000
1615    -1781361.625000
1616    -1781375.125000
1617    -1781388.500000
1618    -1781401.500000
1619    -1781414.750000
1620    -1781428.375000
1621    -1781441.250000
1622    -1781454.875000
1623    -1781467.875000
1624    -1781480.750000
1625    -1781494.375000
1626    -1781507.250000
1627    -1781520.750000
1628    -1781533.750000
1629    -1781546.125000
1630    -1781559.625000
1631    -1781572.500000
1632    -1781585.750000
1633    -1781598.625000
1634    -1781611.500000
1635    -1781624.625000
1636    -1781637.250000
1637    -1781650.250000
1638    -1781662.625000
1639    -1781675.750000
1640    -1781689.000000
1641    -1781701.250000
1642    -1781713.625000
1643    -1781726.625000
1644    -1781739.375000
1645    -1781751.750000
1646    -1781764.750000
1647    -1781776.750000
1648    -1781789.875000
1649    -1781802.250000
1650    -1781814.875000
1651    -1781827.125000
1652    -1781839.500000
1653    -1781852.250000
1654    -1781864.250000
1655    -1781876.750000
1656    -1781889.500000
1657    -1781901.625000
1658    -1781914.000000
1659    -1781926.750000
1660    -1781938.875000
1661    -1781950.750000
1662    -1781963.250000
1663    -1781975.625000
1664    -1781987.750000
1665    -1782000.250000
1666    -1782012.250000
1667    -1782024.625000
1668    -1782037.250000
1669    -1782049.000000
1670    -1782061.750000
1671    -1782073.500000
1672    -1782085.750000
1673    -1782097.750000
1674    -1782110.000000
1675    -1782122.000000
1676    -1782134.250000
1677    -1782146.250000
1678    -1782158.250000
1679    -1782170.500000
1680    -1782182.250000
1681    -1782194.000000
1682    -1782206.250000
1683    -1782218.500000
1684    -1782231.000000
1685    -1782242.750000
1686    -1782254.625000
1687    -1782266.250000
1688    -1782278.375000
1689    -1782290.000000
1690    -1782302.250000
1691    -1782314.500000
1692    -1782326.000000
1693    -1782337.375000
1694    -1782349.625000
1695    -1782361.625000
1696    -1782373.250000
1697    -1782385.375000
1698    -1782397.000000
1699    -1782408.500000
1700    -1782420.750000
1701    -1782432.500000
1702    -1782443.750000
1703    -1782456.250000
1704    -1782467.500000
1705    -1782479.500000
1706    -1782491.250000
1707    -1782502.375000
1708    -1782514.500000
1709    -1782526.125000
1710    -1782537.125000
1711    -1782549.250000
1712    -1782561.000000
1713    -1782572.625000
1714    -1782583.750000
1715    -1782596.000000
1716    -1782607.500000
1717    -1782618.875000
1718    -1782630.625000
1719    -1782641.625000
1720    -1782653.750000
1721    -1782664.875000
1722    -1782676.500000
1723    -1782688.250000
1724    -1782699.750000
1725    -1782711.250000
1726    -1782722.750000
1727    -1782734.250000
1728    -1782745.750000
1729    -1782757.250000
1730    -1782768.750000
1731    -1782780.125000
1732    -1782791.750000
1733    -1782803.500000
1734    -1782814.500000
1735    -1782826.125000
1736    -1782837.250000
1737    -1782848.625000
1738    -1782860.000000
1739    -1782871.500000
1740    -1782883.000000
1741    -1782894.250000
1742    -1782905.750000
1743    -1782916.875000
1744    -1782928.500000
1745    -1782940.500000
1746    -1782951.625000
1747    -1782962.750000
1748    -1782974.250000
1749    -1782985.250000
1750    -1782996.875000
1751    -1783008.000000
1752    -1783019.625000
1753    -1783030.375000
1754    -1783042.000000
1755    -1783053.250000
1756    -1783065.250000
1757    -1783075.875000
1758    -1783087.000000
1759    -1783098.250000
1760    -1783109.750000
1761    -1783121.375000
1762    -1783131.875000
1763    -1783143.500000
1764    -1783154.625000
1765    -1783165.125000
1766    -1783176.625000
1767    -1783187.500000
1768    -1783198.875000
1769    -1783210.000000
1770    -1783220.750000
1771    -1783231.750000
1772    -1783242.500000
1773    -1783253.500000
1774    -1783264.750000
1775    -1783275.750000
1776    -1783287.000000
1777    -1783297.625000
1778    -1783308.750000
1779    -1783319.750000
1780    -1783331.000000
1781    -1783341.875000
1782    -1783353.250000
1783    -1783364.000000
1784    -1783375.375000
1785    -1783386.500000
1786    -1783397.000000
1787    -1783408.125000
1788    -1783418.750000
1789    -1783430.250000
1790    -1783441.125000
1791    -1783452.250000
1792    -1783463.000000
1793    -1783474.250000
1794    -1783484.750000
1795    -1783495.750000
1796    -1783507.250000
1797    -1783517.750000
1798    -1783528.500000
1799    -1783540.000000
1800    -1783550.750000
1801    -1783561.750000
1802    -1783573.000000
1803    -1783583.250000
1804    -1783593.750000
1805    -1783604.750000
1806    -1783616.000000
1807    -1783627.250000
1808    -1783637.750000
1809    -1783648.500000
1810    -1783659.500000
1811    -1783670.500000
1812    -1783681.000000
1813    -1783691.500000
1814    -1783702.500000
1815    -1783713.125000
1816    -1783724.125000
1817    -1783734.500000
1818    -1783745.500000
1819    -1783755.750000
1820    -1783767.250000
1821    -1783777.375000
1822    -1783788.250000
1823    -1783799.250000
1824    -1783810.000000
1825    -1783820.625000
1826    -1783831.500000
1827    -1783842.000000
1828    -1783853.000000
1829    -1783863.750000
1830    -1783873.750000
1831    -1783884.500000
1832    -1783895.625000
1833    -1783906.125000
1834    -1783916.500000
1835    -1783927.125000
1836    -1783938.000000
1837    -1783948.500000
1838    -1783959.250000
1839    -1783969.125000
1840    -1783980.250000
1841    -1783990.500000
1842    -1784000.875000
1843    -1784011.750000
1844    -1784022.375000
1845    -1784032.750000
1846    -1784043.750000
1847    -1784053.875000
1848    -1784064.250000
1849    -1784075.250000
1850    -1784085.250000
1851    -1784095.750000
1852    -1784106.625000
1853    -1784117.000000
1854    -1784127.250000
1855    -1784137.750000
1856    -1784148.000000
1857    -1784158.750000
1858    -1784169.250000
1859    -1784180.125000
1860    -1784190.250000
1861    -1784201.000000
1862    -1784211.000000
1863    -1784221.750000
1864    -1784231.750000
1865    -1784242.625000
1866    -1784253.500000
1867    -1784263.375000
1868    -1784274.000000
1869    -1784284.125000
1870    -1784294.875000
1871    -1784305.750000
1872    -1784315.000000
1873    -1784325.375000
1874    -1784335.750000
1875    -1784346.750000
1876    -1784356.250000
1877    -1784366.750000
1878    -1784377.125000
1879    -1784387.375000
1880    -1784397.750000
1881    -1784407.750000
1882    -1784418.250000
1883    -1784429.000000
1884    -1784439.000000
1885    -1784449.000000
1886    -1784459.750000
1887    -1784469.750000
1888    -1784480.250000
1889    -1784490.000000
1890    -1784501.000000
1891    -1784511.000000
1892    -1784520.500000
1893    -1784531.000000
1894    -1784541.250000
1895    -1784551.250000
1896    -1784561.875000
1897    -1784572.000000
1898    -1784582.000000
1899    -1784592.250000
1900    -1784602.000000
1901    -1784612.625000
1902    -1784622.750000
1903    -1784633.250000
1904    -1784642.875000
1905    -1784653.500000
1906    -1784663.000000
1907    -1784673.500000
1908    -1784683.375000
1909    -1784693.625000
1910    -1784704.000000
1911    -1784713.750000
1912    -1784723.500000
1913    -1784734.250000
1914    -1784743.875000
1915    -1784754.375000
1916    -1784764.750000
1917    -1784774.375000
1918    -1784784.750000
1919    -1784794.250000
1920    -1784804.500000
1921    -1784815.000000
1922    -1784824.500000
1923    -1784835.125000
1924    -1784845.375000
1925    -1784855.625000
1926    -1784865.750000
1927    -1784875.250000
1928    -1784885.750000
1929    -1784895.250000
1930    -1784905.500000
1931    -1784915.625000
1932    -1784925.750000
1933    -1784935.500000
1934    -1784945.500000
1935    -1784955.250000
1936    -1784965.000000
1937    -1784975.125000
1938    -1784984.750000
1939    -1784994.750000
1940    -1785004.500000
1941    -1785014.375000
1942    -1785024.000000
1943    -1785033.750000
1944    -1785043.750000
1945    -1785053.375000
1946    -1785063.625000
1947    -1785072.750000
1948    -1785083.250000
1949    -1785093.250000
1950    -1785102.500000
1951    -1785112.750000
1952    -1785122.625000
1953    -1785132.375000
1954    -1785141.875000
1955    -1785151.750000
1956    -1785161.625000
1957    -1785171.375000
1958    -1785180.750000
1959    -1785191.000000
1960    -1785200.750000
1961    -1785210.375000
1962    -1785219.875000
1963    -1785230.125000
1964    -1785239.750000
1965    -1785249.500000
1966    -1785259.250000
1967    -1785269.250000
1968    -1785278.750000
1969    -1785288.625000
1970    -1785297.750000
1971    -1785307.750000
1972    -1785317.625000
1973    -1785326.750000
1974    -1785336.500000
1975    -1785346.000000
1976    -1785355.750000
1977    -1785365.250000
1978    -1785375.500000
1979    -1785384.625000
1980    -1785394.250000
1981    -1785404.000000
1982    -1785413.750000
1983    -1785422.750000
1984    -1785432.375000
1985    -1785442.250000
1986    -1785451.375000
1987    -1785460.250000
1988    -1785470.500000
1989    -1785479.500000
1990    -1785489.250000
1991    -1785499.000000
1992    -1785508.250000
1993    -1785517.375000
1994    -1785527.750000
1995    -1785536.375000
1996    -1785546.000000
1997    -1785555.500000
1998    -1785565.000000
1999    -1785574.625000
2000    -1785583.875000
2001    -1785592.750000
2002    -1785602.250000
2003    -1785612.000000
2004    -1785621.250000
2005    -1785630.750000
2006    -1785640.125000
2007    -1785648.875000
2008    -1785659.000000
2009    -1785668.000000
2010    -1785677.375000
2011    -1785686.250000
2012    -1785695.750000
2013    -1785705.250000
2014    -1785715.000000
2015    -1785724.000000
2016    -1785733.250000
2017    -1785742.500000
2018    -1785751.500000
2019    -1785761.375000
2020    -1785770.000000
2021    -1785779.500000
2022    -1785788.250000
2023    -1785797.500000
2024    -1785806.750000
2025    -1785816.125000
2026    -1785825.250000
2027    -1785834.250000
2028    -1785843.000000
2029    -1785852.500000
2030    -1785861.750000
2031    -1785870.750000
2032    -1785879.500000
2033    -1785888.750000
2034    -1785898.000000
2035    -1785906.625000
2036    -1785915.625000
2037    -1785924.500000
2038    -1785933.500000
2039    -1785943.000000
2040    -1785951.000000
2041    -1785960.375000
2042    -1785969.500000
2043    -1785978.500000
2044    -1785987.500000
2045    -1785996.375000
2046    -1786005.000000
2047    -1786013.750000
2048    -1786022.500000
2049    -1786031.375000
2050    -1786040.500000
2051    -1786049.625000
2052    -1786058.250000
2053    -1786066.500000
2054    -1786075.375000
2055    -1786084.250000
2056    -1786093.250000
2057    -1786101.500000
2058    -1786110.500000
2059    -1786119.250000
2060    -1786128.000000
2061    -1786136.750000
2062    -1786145.250000
2063    -1786153.750000
2064    -1786162.750000
2065    -1786171.625000
2066    -1786180.000000
2067    -1786188.250000
2068    -1786196.875000
2069    -1786205.750000
2070    -1786214.375000
2071    -1786223.125000
2072    -1786231.500000
2073    -1786239.625000
2074    -1786248.125000
2075    -1786257.125000
2076    -1786265.250000
2077    -1786274.000000
2078    -1786282.750000
2079    -1786291.250000
2080    -1786299.625000
2081    -1786307.500000
2082    -1786316.375000
2083    -1786325.000000
2084    -1786333.000000
2085    -1786341.875000
2086    -1786350.250000
2087    -1786358.500000
2088    -1786366.625000
2089    -1786375.000000
2090    -1786383.750000
2091    -1786392.125000
2092    -1786400.250000
2093    -1786408.500000
2094    -1786416.875000
2095    -1786425.625000
2096    -1786433.750000
2097    -1786442.250000
2098    -1786450.125000
2099    -1786458.500000
2100    -1786467.000000
2101    -1786475.250000
2102    -1786483.500000
2103    -1786491.500000
2104    -1786500.125000
2105    -1786508.500000
2106    -1786516.500000
2107    -1786524.750000
2108    -1786533.125000
2109    -1786541.250000
2110    -1786549.500000
2111    -1786558.250000
2112    -1786566.250000
2113    -1786574.250000
2114    -1786582.750000
2115    -1786590.750000
2116    -1786598.500000
2117    -1786607.000000
2118    -1786615.250000
2119    -1786623.500000
2120    -1786631.500000
2121    -1786639.500000
2122    -1786647.625000
2123    -1786656.125000
2124    -1786664.375000
2125    -1786672.000000
2126    -1786680.750000
2127    -1786688.500000
2128    -1786696.875000
2129    -1786704.750000
2130    -1786712.875000
2131    -1786721.250000
2132    -1786729.375000
2133    -1786737.375000
2134    -1786745.000000
2135    -1786753.000000
2136    -1786761.000000
2137    -1786768.750000
2138    -1786777.000000
2139    -1786785.000000
2140    -1786793.250000
2141    -1786801.125000
2142    -1786809.000000
2143    -1786817.375000
2144    -1786824.875000
2145    -1786833.000000
2146    -1786841.250000
2147    -1786849.125000
2148    -1786856.750000
2149    -1786865.000000
2150    -1786872.750000
2151    -1786880.875000
2152    -1786887.875000
2153    -1786895.875000
2154    -1786903.625000
2155    -1786911.750000
2156    -1786919.500000
2157    -1786927.250000
2158    -1786935.250000
2159    -1786943.125000
2160    -1786950.750000
2161    -1786958.500000
2162    -1786966.375000
2163    -1786974.000000
2164    -1786982.000000
2165    -1786989.625000
2166    -1786997.250000
2167    -1787005.375000
2168    -1787012.625000
2169    -1787020.500000
2170    -1787028.250000
2171    -1787036.500000
2172    -1787043.750000
2173    -1787051.500000
2174    -1787059.375000
2175    -1787067.000000
2176    -1787074.750000
2177    -1787082.125000
2178    -1787089.500000
2179    -1787097.375000
2180    -1787105.250000
2181    -1787113.000000
2182    -1787120.125000
2183    -1787128.000000
2184    -1787136.000000
2185    -1787143.500000
2186    -1787151.500000
2187    -1787158.500000
2188    -1787166.125000
2189    -1787173.750000
2190    -1787181.000000
2191    -1787188.750000
2192    -1787196.625000
2193    -1787204.500000
2194    -1787212.125000
2195    -1787219.375000
2196    -1787227.000000
2197    -1787234.875000
2198    -1787242.000000
2199    -1787249.375000
2200    -1787257.500000
2201    -1787264.750000
2202    -1787272.500000
2203    -1787280.000000
2204    -1787287.250000
2205    -1787294.750000
2206    -1787302.125000
2207    -1787309.500000
2208    -1787317.000000
2209    -1787324.500000
2210    -1787332.250000
2211    -1787339.750000
2212    -1787347.250000
2213    -1787354.250000
2214    -1787362.000000
2215    -1787369.000000
2216    -1787377.000000
2217    -1787384.250000
2218    -1787391.250000
2219    -1787398.750000
2220    -1787406.000000
2221    -1787413.500000
2222    -1787420.875000
2223    -1787428.375000
2224    -1787436.000000
2225    -1787442.750000
2226    -1787450.750000
2227    -1787457.500000
2228    -1787464.750000
2229    -1787472.750000
2230    -1787479.625000
2231    -1787487.250000
2232    -1787494.500000
2233    -1787501.875000
2234    -1787509.125000
2235    -1787516.625000
2236    -1787523.500000
2237    -1787530.750000
2238    -1787538.000000
2239    -1787545.250000
2240    -1787552.875000
2241    -1787559.750000
2242    -1787567.000000
2243    -1787574.250000
2244    -1787581.750000
2245    -1787589.125000
2246    -1787596.000000
2247    -1787603.125000
2248    -1787610.250000
2249    -1787618.000000
2250    -1787625.125000
2251    -1787632.000000
2252    -1787639.000000
2253    -1787646.125000
2254    -1787653.375000
2255    -1787660.500000
2256    -1787668.000000
2257    -1787674.750000
2258    -1787682.000000
2259    -1787689.000000
2260    -1787696.000000
2261    -1787703.000000
2262    -1787710.000000
2263    -1787717.000000
2264    -1787724.250000
2265    -1787731.250000
2266    -1787738.250000
2267    -1787745.250000
2268    -1787752.625000
2269    -1787759.250000
2270    -1787766.375000
2271    -1787773.125000
2272    -1787780.250000
2273    -1787787.250000
2274    -1787794.375000
2275    -1787801.750000
2276    -1787808.250000
2277    -1787815.250000
2278    -1787822.500000
2279    -1787829.250000
2280    -1787836.375000
2281    -1787843.125000
2282    -1787849.750000
2283    -1787856.750000
2284    -1787863.625000
2285    -1787870.750000
2286    -1787877.875000
2287    -1787885.000000
2288    -1787891.875000
2289    -1787898.500000
2290    -1787905.500000
2291    -1787912.250000
2292    -1787919.000000
2293    -1787926.000000
2294    -1787933.375000
2295    -1787940.000000
2296    -1787947.000000
2297    -1787954.000000
2298    -1787960.500000
2299    -1787967.250000
2300    -1787974.250000
2301    -1787981.000000
2302    -1787987.875000
2303    -1787995.000000
2304    -1788001.875000
2305    -1788008.750000
2306    -1788015.500000
2307    -1788022.750000
2308    -1788029.500000
2309    -1788036.250000
2310    -1788043.250000
2311    -1788050.000000
2312    -1788056.500000
2313    -1788063.500000
2314    -1788070.000000
2315    -1788077.250000
2316    -1788084.125000
2317    -1788090.500000
2318    -1788098.000000
2319    -1788104.250000
2320    -1788111.125000
2321    -1788118.500000
2322    -1788124.875000
2323    -1788131.750000
2324    -1788138.250000
2325    -1788145.750000
2326    -1788152.250000
2327    -1788159.000000
2328    -1788165.500000
2329    -1788172.125000
2330    -1788179.250000
2331    -1788186.000000
2332    -1788192.750000
2333    -1788199.625000
2334    -1788206.250000
2335    -1788213.375000
2336    -1788220.000000
2337    -1788226.500000
2338    -1788233.250000
2339    -1788240.250000
2340    -1788246.750000
2341    -1788253.750000
2342    -1788260.375000
2343    -1788267.500000
2344    -1788274.125000
2345    -1788280.625000
2346    -1788287.875000
2347    -1788294.125000
2348    -1788301.000000
2349    -1788308.000000
2350    -1788314.625000
2351    -1788321.250000
2352    -1788328.125000
2353    -1788335.000000
2354    -1788341.750000
2355    -1788348.500000
2356    -1788355.250000
2357    -1788362.000000
2358    -1788369.125000
2359    -1788376.000000
2360    -1788382.625000
2361    -1788389.000000
2362    -1788396.500000
2363    -1788402.750000
2364    -1788409.750000
2365    -1788417.000000
2366    -1788423.000000
2367    -1788430.125000
2368    -1788436.750000
2369    -1788443.625000
2370    -1788450.250000
2371    -1788457.375000
2372    -1788464.000000
2373    -1788470.625000
2374    -1788478.000000
2375    -1788484.625000
2376    -1788491.000000
2377    -1788498.250000
2378    -1788505.500000
2379    -1788512.000000
2380    -1788519.000000
2381    -1788525.375000
2382    -1788531.750000
2383    -1788539.250000
2384    -1788546.000000
2385    -1788552.500000
2386    -1788560.000000
2387    -1788566.625000
2388    -1788573.500000
2389    -1788580.125000
2390    -1788587.000000
2391    -1788593.750000
2392    -1788600.500000
2393    -1788607.250000
2394    -1788614.250000
2395    -1788621.250000
2396    -1788628.375000
2397    -1788634.750000
2398    -1788641.500000
2399    -1788648.250000
2400    -1788655.125000
2401    -1788662.125000
2402    -1788669.125000
2403    -1788675.500000
2404    -1788683.000000
2405    -1788689.250000
2406    -1788696.500000
2407    -1788703.375000
2408    -1788710.250000
2409    -1788717.250000
2410    -1788723.750000
2411    -1788731.125000
2412    -1788737.250000
2413    -1788744.125000
2414    -1788750.750000
2415    -1788757.500000
2416    -1788765.000000
2417    -1788771.625000
2418    -1788778.500000
2419    -1788785.250000
2420    -1788791.500000
2421    -1788798.875000
2422    -1788805.500000
2423    -1788812.375000
2424    -1788819.000000
2425    -1788825.625000
2426    -1788833.000000
2427    -1788839.250000
2428    -1788846.500000
2429    -1788853.125000
2430    -1788860.000000
2431    -1788866.625000
2432    -1788873.250000
2433    -1788880.125000
2434    -1788887.250000
2435    -1788894.125000
2436    -1788900.500000
2437    -1788907.375000
2438    -1788914.000000
2439    -1788921.375000
2440    -1788927.750000
2441    -1788934.500000
2442    -1788941.250000
2443    -1788948.000000
2444    -1788954.625000
2445    -1788961.375000
2446    -1788968.250000
2447    -1788975.250000
2448    -1788981.750000
2449    -1788988.750000
2450    -1788995.500000
2451    -1789002.000000
2452    -1789008.500000
2453    -1789014.750000
2454    -1789021.250000
2455    -1789028.125000
2456    -1789035.000000
2457    -1789041.750000
2458    -1789048.875000
2459    -1789055.750000
2460    -1789062.000000
2461    -1789068.500000
2462    -1789074.875000
2463    -1789082.000000
2464    -1789088.000000
2465    -1789095.500000
2466    -1789102.250000
2467    -1789108.500000
2468    -1789115.250000
2469    -1789122.500000
2470    -1789128.750000
2471    -1789135.500000
2472    -1789142.500000
2473    -1789148.750000
2474    -1789155.250000
2475    -1789162.500000
2476    -1789169.250000
2477    -1789175.375000
2478    -1789182.750000
2479    -1789189.375000
2480    -1789195.625000
2481    -1789202.250000
2482    -1789209.000000
2483    -1789215.125000
2484    -1789222.250000
2485    -1789228.500000
2486    -1789235.250000
2487    -1789242.000000
2488    -1789248.500000
2489    -1789254.375000
2490    -1789261.250000
2491    -1789268.250000
2492    -1789275.250000
2493    -1789281.250000
2494    -1789288.250000
2495    -1789294.500000
2496    -1789301.125000
2497    -1789307.500000
2498    -1789314.250000
2499    -1789321.250000
2500    -1789327.750000
2501    -1789334.250000
2502    -1789340.875000
2503    -1789347.500000
2504    -1789353.875000
2505    -1789360.500000
2506    -1789367.000000
2507    -1789373.500000
2508    -1789380.000000
2509    -1789386.500000
2510    -1789393.125000
2511    -1789399.875000
2512    -1789406.000000
2513    -1789412.375000
2514    -1789418.750000
2515    -1789425.500000
2516    -1789431.750000
2517    -1789438.750000
2518    -1789445.250000
2519    -1789451.625000
2520    -1789458.000000
2521    -1789465.000000
2522    -1789471.250000
2523    -1789477.625000
2524    -1789483.750000
2525    -1789490.250000
2526    -1789496.750000
2527    -1789503.375000
2528    -1789509.500000
2529    -1789516.250000
2530    -1789522.250000
2531    -1789528.875000
2532    -1789535.500000
2533    -1789541.500000
2534    -1789548.500000
2535    -1789554.375000
2536    -1789560.750000
2537    -1789567.625000
2538    -1789573.750000
2539    -1789580.125000
2540    -1789586.500000
2541    -1789593.000000
2542    -1789599.375000
2543    -1789606.000000
2544    -1789611.875000
2545    -1789618.500000
2546    -1789625.000000
2547    -1789631.500000
2548    -1789637.500000
2549    -1789643.750000
2550    -1789650.375000
2551    -1789656.500000
2552    -1789663.000000
2553    -1789669.125000
2554    -1789675.625000
2555    -1789681.500000
2556    -1789688.375000
2557    -1789694.375000
2558    -1789701.000000
2559    -1789707.000000
2560    -1789713.250000
2561    -1789719.750000
2562    -1789725.875000
2563    -1789732.250000
2564    -1789738.250000
2565    -1789744.500000
2566    -1789750.375000
2567    -1789756.875000
2568    -1789762.875000
2569    -1789769.375000
2570    -1789775.750000
2571    -1789781.625000
2572    -1789787.750000
2573    -1789794.250000
2574    -1789800.750000
2575    -1789806.500000
2576    -1789812.875000
2577    -1789819.125000
2578    -1789824.875000
2579    -1789831.125000
2580    -1789837.500000
2581    -1789843.750000
2582    -1789849.375000
2583    -1789855.500000
2584    -1789861.750000
2585    -1789868.000000
2586    -1789874.250000
2587    -1789880.000000
2588    -1789886.250000
2589    -1789892.000000
2590    -1789898.375000
2591    -1789904.625000
2592    -1789910.250000
2593    -1789916.500000
2594    -1789922.500000
2595    -1789928.500000
2596    -1789934.250000
2597    -1789940.750000
2598    -1789946.500000
2599    -1789952.375000
2600    -1789958.875000
2601    -1789964.250000
2602    -1789970.500000
2603    -1789976.375000
2604    -1789982.375000
2605    -1789988.000000
2606    -1789994.125000
2607    -1789999.875000
2608    -1790006.000000
2609    -1790011.875000
2610    -1790017.625000
2611    -1790023.750000
2612    -1790029.500000
2613    -1790035.000000
2614    -1790041.000000
2615    -1790047.000000
2616    -1790052.625000
2617    -1790058.500000
2618    -1790064.250000
2619    -1790069.750000
2620    -1790076.000000
2621    -1790081.500000
2622    -1790087.500000
2623    -1790093.250000
2624    -1790099.000000
2625    -1790104.750000
2626    -1790110.125000
2627    -1790115.750000
2628    -1790121.750000
2629    -1790127.500000
2630    -1790133.000000
2631    -1790138.500000
2632    -1790144.500000
2633    -1790150.125000
2634    -1790156.000000
2635    -1790161.000000
2636    -1790166.750000
2637    -1790172.000000
2638    -1790177.750000
2639    -1790183.125000
2640    -1790189.000000
2641    -1790194.250000
2642    -1790200.000000
2643    -1790205.750000
2644    -1790211.000000
2645    -1790216.500000
2646    -1790222.125000
2647    -1790227.500000
2648    -1790233.250000
2649    -1790238.875000
2650    -1790243.750000
2651    -1790249.375000
2652    -1790254.500000
2653    -1790260.500000
2654    -1790266.125000
2655    -1790271.250000
2656    -1790276.750000
2657    -1790282.250000
2658    -1790287.875000
2659    -1790293.000000
2660    -1790298.625000
2661    -1790304.000000
2662    -1790309.125000
2663    -1790314.750000
2664    -1790320.250000
2665    -1790325.625000
2666    -1790331.375000
2667    -1790336.375000
2668    -1790341.750000
2669    -1790347.500000
2670    -1790352.625000
2671    -1790358.125000
2672    -1790363.625000
2673    -1790369.000000
2674    -1790374.500000
2675    -1790379.500000
2676    -1790384.875000
2677    -1790390.125000
2678    -1790396.000000
2679    -1790401.500000
2680    -1790406.625000
2681    -1790412.000000
2682    -1790417.500000
2683    -1790422.500000
2684    -1790427.875000
2685    -1790433.250000
2686    -1790438.250000
2687    -1790443.625000
2688    -1790448.875000
2689    -1790454.625000
2690    -1790459.750000
2691    -1790464.875000
2692    -1790470.250000
2693    -1790475.625000
2694    -1790480.500000
2695    -1790486.250000
2696    -1790491.250000
2697    -1790496.250000
2698    -1790501.375000
2699    -1790506.625000
2700    -1790512.250000
2701    -1790517.500000
2702    -1790522.625000
2703    -1790527.625000
2704    -1790533.000000
2705    -1790538.250000
2706    -1790543.375000
2707    -1790548.500000
2708    -1790553.500000
2709    -1790558.750000
2710    -1790563.750000
2711    -1790569.000000
2712    -1790574.250000
2713    -1790579.625000
2714    -1790584.500000
2715    -1790589.375000
2716    -1790594.625000
2717    -1790600.000000
2718    -1790605.250000
2719    -1790609.750000
2720    -1790615.250000
2721    -1790620.250000
2722    -1790625.125000
2723    -1790630.125000
2724    -1790635.500000
2725    -1790640.500000
2726    -1790645.000000
2727    -1790650.500000
2728    -1790655.500000
2729    -1790660.500000
2730    -1790665.375000
2731    -1790670.250000
2732    -1790675.250000
2733    -1790680.625000
2734    -1790685.375000
2735    -1790690.625000
2736    -1790695.750000
2737    -1790700.500000
2738    -1790705.500000
2739    -1790710.375000
2740    -1790715.750000
2741    -1790720.375000
2742    -1790725.375000
2743    -1790730.625000
2744    -1790735.500000
2745    -1790740.625000
2746    -1790745.750000
2747    -1790750.500000
2748    -1790755.000000
2749    -1790759.500000
2750    -1790764.750000
2751    -1790769.500000
2752    -1790775.000000
2753    -1790779.750000
2754    -1790784.750000
2755    -1790789.500000
2756    -1790794.250000
2757    -1790799.000000
2758    -1790804.000000
2759    -1790808.750000
2760    -1790813.750000
2761    -1790818.250000
2762    -1790822.750000
2763    -1790827.750000
2764    -1790832.250000
2765    -1790837.375000
2766    -1790842.000000
2767    -1790846.750000
2768    -1790851.500000
2769    -1790856.000000
2770    -1790860.750000
2771    -1790865.500000
2772    -1790870.250000
2773    -1790875.000000
2774    -1790879.750000
2775    -1790884.375000
2776    -1790889.000000
2777    -1790894.000000
2778    -1790898.250000
2779    -1790903.000000
2780    -1790907.250000
2781    -1790911.875000
2782    -1790916.500000
2783    -1790921.500000
2784    -1790926.000000
2785    -1790930.500000
2786    -1790935.375000
2787    -1790939.750000
2788    -1790944.125000
2789    -1790948.500000
2790    -1790953.500000
2791    -1790957.750000
2792    -1790962.375000
2793    -1790967.125000
2794    -1790971.500000
2795    -1790976.000000
2796    -1790980.375000
2797    -1790984.875000
2798    -1790989.250000
2799    -1790994.125000
2800    -1790998.500000
2801    -1791003.000000
2802    -1791007.750000
2803    -1791012.250000
2804    -1791016.250000
2805    -1791021.000000
2806    -1791025.000000
2807    -1791029.500000
2808    -1791034.000000
2809    -1791038.500000
2810    -1791043.000000
2811    -1791047.625000
2812    -1791051.750000
2813    -1791056.500000
2814    -1791060.875000
2815    -1791064.875000
2816    -1791070.000000
2817    -1791074.125000
2818    -1791078.500000
2819    -1791082.750000
2820    -1791087.250000
2821    -1791091.625000
2822    -1791095.750000
2823    -1791100.750000
2824    -1791104.625000
2825    -1791109.250000
2826    -1791113.125000
2827    -1791117.875000
2828    -1791122.000000
2829    -1791126.250000
2830    -1791130.750000
2831    -1791135.000000
2832    -1791139.375000
2833    -1791143.500000
2834    -1791147.625000
2835    -1791152.375000
2836    -1791156.875000
2837    -1791161.250000
2838    -1791165.250000
2839    -1791169.500000
2840    -1791173.500000
2841    -1791177.750000
2842    -1791182.000000
2843    -1791186.250000
2844    -1791190.750000
2845    -1791194.750000
2846    -1791198.750000
2847    -1791202.875000
2848    -1791207.500000
2849    -1791211.750000
2850    -1791216.000000
2851    -1791220.250000
2852    -1791224.250000
2853    -1791228.500000
2854    -1791232.625000
2855    -1791237.250000
2856    -1791240.750000
2857    -1791245.000000
2858    -1791249.500000
2859    -1791253.625000
2860    -1791257.750000
2861    -1791262.000000
2862    -1791266.000000
2863    -1791270.250000
2864    -1791274.375000
2865    -1791278.500000
2866    -1791282.500000
2867    -1791286.250000
2868    -1791290.750000
2869    -1791294.750000
2870    -1791299.125000
2871    -1791303.000000
2872    -1791307.375000
2873    -1791311.250000
2874    -1791315.125000
2875    -1791319.500000
2876    -1791323.500000
2877    -1791327.500000
2878    -1791331.750000
2879    -1791335.750000
2880    -1791339.500000
2881    -1791343.750000
2882    -1791347.875000
2883    -1791351.750000
2884    -1791355.750000
2885    -1791360.000000
2886    -1791363.875000
2887    -1791367.750000
2888    -1791371.625000
2889    -1791375.750000
2890    -1791379.750000
2891    -1791383.750000
2892    -1791387.750000
2893    -1791392.000000
2894    -1791395.750000
2895    -1791400.000000
2896    -1791404.125000
2897    -1791408.000000
2898    -1791412.000000
2899    -1791416.000000
2900    -1791419.500000
2901    -1791423.750000
2902    -1791427.500000
2903    -1791431.875000
2904    -1791435.250000
2905    -1791439.250000
2906    -1791443.500000
2907    -1791447.000000
2908    -1791451.250000
2909    -1791455.000000
2910    -1791458.750000
2911    -1791462.750000
2912    -1791467.000000
2913    -1791470.500000
2914    -1791474.250000
2915    -1791478.125000
2916    -1791482.000000
2917    -1791486.000000
2918    -1791490.000000
2919    -1791493.500000
2920    -1791497.750000
2921    -1791501.750000
2922    -1791505.500000
2923    -1791509.000000
2924    -1791513.250000
2925    -1791517.000000
2926    -1791521.000000
2927    -1791524.750000
2928    -1791528.500000
2929    -1791532.625000
2930    -1791536.000000
2931    -1791540.250000
2932    -1791544.000000
2933    -1791547.875000
2934    -1791551.500000
2935    -1791555.500000
2936    -1791559.250000
2937    -1791563.250000
2938    -1791567.000000
2939    -1791570.875000
2940    -1791575.000000
2941    -1791578.750000
2942    -1791582.375000
2943    -1791586.750000
2944    -1791589.875000
2945    -1791594.250000
2946    -1791597.750000
2947    -1791601.500000
2948    -1791605.375000
2949    -1791609.000000
2950    -1791613.000000
2951    -1791617.000000
2952    -1791620.750000
2953    -1791624.750000
2954    -1791628.250000
2955    -1791632.375000
2956    -1791636.125000
2957    -1791639.750000
2958    -1791643.625000
2959    -1791647.625000
2960    -1791651.375000
2961    -1791655.000000
2962    -1791659.000000
2963    -1791662.875000
2964    -1791666.625000
2965    -1791670.625000
2966    -1791674.250000
2967    -1791678.250000
2968    -1791682.125000
2969    -1791685.875000
2970    -1791689.625000
2971    -1791693.500000
2972    -1791697.500000
2973    -1791701.375000
2974    -1791705.375000
2975    -1791708.875000
2976    -1791712.750000
2977    -1791717.000000
2978    -1791720.750000
2979    -1791724.250000
2980    -1791727.875000
2981    -1791731.875000
2982    -1791735.500000
2983    -1791739.250000
2984    -1791743.250000
2985    -1791747.250000
2986    -1791751.000000
2987    -1791755.125000
2988    -1791758.750000
2989    -1791762.500000
2990    -1791766.750000
2991    -1791770.500000
2992    -1791774.000000
2993    -1791777.750000
2994    -1791781.500000
2995    -1791785.500000
2996    -1791789.500000
2997    -1791793.125000
2998    -1791797.125000
2999    -1791800.875000
3000    -1791804.375000
3001    -1791808.375000
3002    -1791812.500000
3003    -1791816.000000
3004    -1791820.000000
3005    -1791823.500000
3006    -1791827.250000
3007    -1791831.500000
3008    -1791835.250000
3009    -1791838.750000
3010    -1791842.750000
3011    -1791846.500000
3012    -1791850.250000
3013    -1791854.000000
3014    -1791858.125000
3015    -1791861.625000
3016    -1791865.250000
3017    -1791869.250000
3018    -1791873.125000
3019    -1791876.750000
3020    -1791880.625000
3021    -1791884.500000
3022    -1791888.000000
3023    -1791891.750000
3024    -1791895.750000
3025    -1791899.625000
3026    -1791903.375000
3027    -1791907.000000
3028    -1791910.750000
3029    -1791914.625000
3030    -1791918.500000
3031    -1791922.250000
3032    -1791925.875000
3033    -1791929.500000
3034    -1791933.250000
3035    -1791937.000000
3036    -1791940.750000
3037    -1791944.750000
3038    -1791948.000000
3039    -1791952.000000
3040    -1791955.500000
3041    -1791959.250000
3042    -1791962.875000
3043    -1791966.375000
3044    -1791970.250000
3045    -1791974.000000
3046    -1791977.625000
3047    -1791981.500000
3048    -1791985.000000
3049    -1791988.750000
3050    -1791992.500000
3051    -1791996.125000
3052    -1791999.750000
3053    -1792003.250000
3054    -1792007.250000
3055    -1792010.750000
3056    -1792014.625000
3057    -1792018.500000
3058    -1792021.750000
3059    -1792025.250000
3060    -1792029.125000
3061    -1792032.750000
3062    -1792036.375000
3063    -1792040.250000
3064    -1792043.750000
3065    -1792047.750000
3066    -1792051.125000
3067    -1792054.875000
3068    -1792058.500000
3069    -1792062.125000
3070    -1792065.625000
3071    -1792069.250000
3072    -1792072.875000
3073    -1792076.250000
3074    -1792080.375000
3075    -1792084.000000
3076    -1792087.500000
3077    -1792090.875000
3078    -1792094.750000
3079    -1792098.625000
3080    -1792102.375000
3081    -1792105.750000
3082    -1792109.250000
3083    -1792112.875000
3084    -1792116.750000
3085    -1792120.000000
3086    -1792124.000000
3087    -1792127.250000
3088    -1792131.000000
3089    -1792134.500000
3090    -1792138.250000
3091    -1792141.875000
3092    -1792145.500000
3093    -1792149.000000
3094    -1792152.500000
3095    -1792156.375000
3096    -1792160.000000
3097    -1792163.625000
3098    -1792167.250000
3099    -1792170.250000
3100    -1792174.375000
3101    -1792177.750000
3102    -1792181.250000
3103    -1792184.875000
3104    -1792188.500000
3105    -1792192.250000
3106    -1792196.125000
3107    -1792199.500000
3108    -1792203.000000
3109    -1792206.500000
3110    -1792210.000000
3111    -1792213.625000
3112    -1792217.125000
3113    -1792220.750000
3114    -1792224.500000
3115    -1792227.875000
3116    -1792231.875000
3117    -1792234.750000
3118    -1792238.625000
3119    -1792242.250000
3120    -1792245.750000
3121    -1792249.500000
3122    -1792253.000000
3123    -1792256.500000
3124    -1792260.250000
3125    -1792263.375000
3126    -1792267.250000
3127    -1792270.750000
3128    -1792274.250000
3129    -1792278.000000
3130    -1792281.500000
3131    -1792285.375000
3132    -1792288.375000
3133    -1792292.250000
3134    -1792295.750000
3135    -1792299.250000
3136    -1792303.000000
3137    -1792306.625000
3138    -1792310.250000
3139    -1792313.750000
3140    -1792317.250000
3141    -1792321.250000
3142    -1792324.750000
3143    -1792328.500000
3144    -1792331.750000
3145    -1792335.750000
3146    -1792339.125000
3147    -1792343.000000
3148    -1792346.375000
3149    -1792350.250000
3150    -1792353.875000
3151    -1792357.375000
3152    -1792360.750000
3153    -1792364.625000
3154    -1792368.250000
3155    -1792371.750000
3156    -1792375.625000
3157    -1792379.250000
3158    -1792383.000000
3159    -1792386.875000
3160    -1792390.500000
3161    -1792394.250000
3162    -1792397.750000
3163    -1792401.625000
3164    -1792405.250000
3165    -1792408.750000
3166    -1792412.625000
3167    -1792416.625000
3168    -1792420.250000
3169    -1792423.875000
3170    -1792427.500000
3171    -1792431.375000
3172    -1792435.250000
3173    -1792439.000000
3174    -1792442.500000
3175    -1792446.250000
3176    -1792450.000000
3177    -1792453.875000
3178    -1792457.375000
3179    -1792461.250000
3180    -1792465.000000
3181    -1792468.750000
3182    -1792472.625000
3183    -1792476.250000
3184    -1792480.250000
3185    -1792483.875000
3186    -1792488.000000
3187    -1792491.750000
3188    -1792495.500000
3189    -1792499.250000
3190    -1792503.375000
3191    -1792507.000000
3192    -1792510.750000
3193    -1792514.625000
3194    -1792518.500000
3195    -1792522.000000
3196    -1792526.125000
3197    -1792529.750000
3198    -1792533.750000
3199    -1792537.500000
3200    -1792541.500000
3201    -1792545.250000
3202    -1792549.250000
3203    -1792553.250000
3204    -1792557.250000
3205    -1792560.875000
3206    -1792564.750000
3207    -1792568.625000
3208    -1792572.500000
3209    -1792576.500000
3210    -1792580.500000
3211    -1792584.250000
3212    -1792588.375000
3213    -1792592.500000
3214    -1792596.375000
3215    -1792600.250000
3216    -1792604.375000
3217    -1792608.500000
3218    -1792612.375000
3219    -1792616.375000
3220    -1792620.250000
3221    -1792624.000000
3222    -1792628.125000
3223    -1792632.000000
3224    -1792636.125000
3225    -1792640.250000
3226    -1792644.375000
3227    -1792648.250000
3228    -1792652.625000
3229    -1792656.000000
3230    -1792660.125000
3231    -1792664.000000
3232    -1792668.250000
3233    -1792672.250000
3234    -1792676.250000
3235    -1792680.250000
3236    -1792684.250000
3237    -1792688.250000
3238    -1792692.250000
3239    -1792696.250000
3240    -1792700.250000
3241    -1792704.000000
3242    -1792708.250000
3243    -1792712.250000
3244    -1792716.375000
3245    -1792720.500000
3246    -1792724.375000
3247    -1792728.375000
3248    -1792732.500000
3249    -1792736.625000
3250    -1792740.750000
3251    -1792745.000000
3252    -1792749.125000
3253    -1792753.000000
3254    -1792757.000000
3255    -1792761.125000
3256    -1792765.125000
3257    -1792769.250000
3258    -1792773.750000
3259    -1792777.625000
3260    -1792781.750000
3261    -1792785.875000
3262    -1792790.250000
3263    -1792794.500000
3264    -1792798.500000
3265    -1792802.250000
3266    -1792806.500000
3267    -1792810.750000
3268    -1792814.875000
3269    -1792819.250000
3270    -1792823.500000
3271    -1792827.375000
3272    -1792831.375000
3273    -1792835.625000
3274    -1792839.500000
3275    -1792844.250000
3276    -1792848.250000
3277    -1792852.250000
3278    -1792856.625000
3279    -1792860.750000
3280    -1792865.000000
3281    -1792869.125000
3282    -1792873.250000
3283    -1792877.750000
3284    -1792881.500000
3285    -1792885.875000
3286    -1792889.750000
3287    -1792894.000000
3288    -1792898.375000
3289    -1792902.500000
3290    -1792906.750000
3291    -1792911.000000
3292    -1792915.000000
3293    -1792919.250000
3294    -1792923.375000
3295    -1792927.750000
3296    -1792931.750000
3297    -1792936.375000
3298    -1792940.125000
3299    -1792944.375000
3300    -1792948.750000
3301    -1792953.250000
3302    -1792957.250000
3303    -1792961.250000
3304    -1792965.750000
3305    -1792969.875000
3306    -1792974.000000
3307    -1792978.250000
3308    -1792982.500000
3309    -1792986.875000
3310    -1792990.875000
3311    -1792995.250000
3312    -1792999.500000
3313    -1793004.000000
3314    -1793008.000000
3315    -1793011.875000
3316    -1793016.250000
3317    -1793020.500000
3318    -1793024.625000
3319    -1793029.000000
3320    -1793032.875000
3321    -1793037.250000
3322    -1793041.500000
3323    -1793045.750000
3324    -1793050.000000
3325    -1793054.000000
3326    -1793058.500000
3327    -1793062.625000
3328    -1793066.750000
3329    -1793071.500000
3330    -1793075.500000
3331    -1793079.750000
3332    -1793084.250000
3333    -1793088.375000
3334    -1793092.750000
3335    -1793096.750000
3336    -1793101.000000
3337    -1793105.250000
3338    -1793109.500000
3339    -1793114.125000
3340    -1793118.000000
3341    -1793122.625000
3342    -1793126.500000
3343    -1793130.500000
3344    -1793135.000000
3345    -1793139.250000
3346    -1793143.375000
3347    -1793148.125000
3348    -1793152.250000
3349    -1793156.250000
3350    -1793160.500000
3351    -1793164.750000
3352    -1793169.000000
3353    -1793173.250000
3354    -1793177.375000
3355    -1793181.750000
3356    -1793186.125000
3357    -1793190.375000
3358    -1793194.500000
3359    -1793198.750000
3360    -1793203.375000
3361    -1793207.250000
3362    -1793211.375000
3363    -1793215.875000
3364    -1793220.375000
3365    -1793224.250000
3366    -1793228.750000
3367    -1793233.000000
3368    -1793237.250000
3369    -1793241.375000
3370    -1793245.500000
3371    -1793249.750000
3372    -1793253.875000
3373    -1793258.250000
3374    -1793262.750000
3375    -1793266.750000
3376    -1793271.000000
3377    -1793275.000000
3378    -1793279.500000
3379    -1793283.500000
3380    -1793287.625000
3381    -1793292.000000
3382    -1793296.000000
3383    -1793300.250000
3384    -1793304.500000
3385    -1793308.875000
3386    -1793313.000000
3387    -1793317.125000
3388    -1793321.000000
3389    -1793325.500000
3390    -1793329.625000
3391    -1793333.750000
3392    -1793337.875000
3393    -1793342.125000
3394    -1793346.250000
3395    -1793350.500000
3396    -1793354.750000
3397    -1793359.000000
3398    -1793363.000000
3399    -1793367.250000
3400    -1793371.750000
3401    -1793375.500000
3402    -1793379.625000
3403    -1793383.750000
3404    -1793388.000000
3405    -1793392.250000
3406    -1793396.375000
3407    -1793400.250000
3408    -1793404.375000
3409    -1793408.500000
3410    -1793413.000000
3411    -1793416.750000
3412    -1793420.875000
3413    -1793425.125000
3414    -1793429.000000
3415    -1793433.625000
3416    -1793437.375000
3417    -1793441.500000
3418    -1793445.500000
3419    -1793449.750000
3420    -1793453.500000
3421    -1793458.000000
3422    -1793461.750000
3423    -1793465.875000
3424    -1793469.875000
3425    -1793474.000000
3426    -1793478.250000
3427    -1793482.250000
3428    -1793486.125000
3429    -1793490.250000
3430    -1793494.500000
3431    -1793498.500000
3432    -1793502.250000
3433    -1793506.500000
3434    -1793510.375000
3435    -1793514.625000
3436    -1793518.375000
3437    -1793522.500000
3438    -1793526.375000
3439    -1793530.000000
3440    -1793534.250000
3441    -1793538.250000
3442    -1793542.125000
3443    -1793546.000000
3444    -1793550.250000
3445    -1793554.000000
3446    -1793558.125000
3447    -1793562.000000
3448    -1793565.750000
3449    -1793569.625000
3450    -1793573.750000
3451    -1793577.500000
3452    -1793581.500000
3453    -1793585.500000
3454    -1793589.375000
3455    -1793593.000000
3456    -1793596.750000
3457    -1793600.750000
3458    -1793604.875000
3459    -1793608.875000
3460    -1793612.875000
3461    -1793616.375000
3462    -1793620.000000
3463    -1793623.875000
3464    -1793627.875000
3465    -1793632.000000
3466    -1793635.875000
3467    -1793639.750000
3468    -1793643.250000
3469    -1793647.125000
3470    -1793651.000000
3471    -1793654.875000
3472    -1793658.500000
3473    -1793662.250000
3474    -1793666.000000
3475    -1793669.500000
3476    -1793673.500000
3477    -1793677.500000
3478    -1793681.000000
3479    -1793684.750000
3480    -1793688.750000
3481    -1793692.250000
3482    -1793696.000000
3483    -1793699.625000
3484    -1793703.125000
3485    -1793707.000000
3486    -1793711.000000
3487    -1793714.500000
3488    -1793718.625000
3489    -1793722.000000
3490    -1793725.750000
3491    -1793729.250000
3492    -1793733.000000
3493    -1793736.625000
3494    -1793740.375000
3495    -1793743.750000
3496    -1793747.500000
3497    -1793751.500000
3498    -1793754.625000
3499    -1793758.500000
3500    -1793761.875000
3501    -1793765.750000
3502    -1793769.000000
3503    -1793773.000000
3504    -1793776.500000
3505    -1793779.875000
3506    -1793784.000000
3507    -1793787.250000
3508    -1793790.500000
3509    -1793793.750000
3510    -1793798.000000
3511    -1793801.375000
3512    -1793804.500000
3513    -1793808.250000
3514    -1793812.000000
3515    -1793815.375000
3516    -1793818.625000
3517    -1793822.375000
3518    -1793825.750000
3519    -1793829.375000
3520    -1793832.000000
3521    -1793835.875000
3522    -1793839.000000
3523    -1793842.250000
3524    -1793845.875000
3525    -1793849.125000
3526    -1793852.750000
3527    -1793856.125000
3528    -1793859.500000
3529    -1793863.000000
3530    -1793866.000000
3531    -1793869.500000
3532    -1793872.750000
3533    -1793876.000000
3534    -1793879.125000
3535    -1793882.500000
3536    -1793885.375000
3537    -1793889.375000
3538    -1793892.500000
3539    -1793895.750000
3540    -1793898.750000
3541    -1793902.000000
3542    -1793905.250000
3543    -1793908.500000
3544    -1793912.125000
3545    -1793915.250000
3546    -1793918.500000
3547    -1793921.625000
3548    -1793924.750000
3549    -1793927.875000
3550    -1793931.000000
3551    -1793934.750000
3552    -1793937.625000
3553    -1793940.500000
3554    -1793943.750000
3555    -1793947.250000
3556    -1793950.500000
3557    -1793953.500000
3558    -1793957.000000
3559    -1793959.750000
3560    -1793963.000000
3561    -1793966.125000
3562    -1793969.000000
3563    -1793972.000000
3564    -1793975.750000
3565    -1793978.500000
3566    -1793981.625000
3567    -1793984.625000
3568    -1793987.750000
3569    -1793991.000000
3570    -1793994.000000
3571    -1793997.500000
3572    -1794000.250000
3573    -1794003.500000
3574    -1794006.500000
3575    -1794009.500000
3576    -1794012.125000
3577    -1794015.375000
3578    -1794018.125000
3579    -1794021.500000
3580    -1794024.500000
3581    -1794027.750000
3582    -1794030.500000
3583    -1794033.250000
3584    -1794036.500000
3585    -1794039.500000
3586    -1794042.750000
3587    -1794045.375000
3588    -1794048.250000
3589    -1794051.500000
3590    -1794054.250000
3591    -1794057.000000
3592    -1794060.125000
3593    -1794063.000000
3594    -1794066.000000
3595    -1794068.625000
3596    -1794071.750000
3597    -1794074.625000
3598    -1794077.500000
3599    -1794080.750000
3600    -1794083.625000
3601    -1794085.875000
3602    -1794089.250000
3603    -1794092.500000
3604    -1794094.750000
3605    -1794097.750000
3606    -1794100.500000
3607    -1794103.375000
3608    -1794106.500000
3609    -1794109.125000
3610    -1794112.250000
3611    -1794114.875000
3612    -1794118.000000
3613    -1794120.500000
3614    -1794123.500000
3615    -1794125.750000
3616    -1794129.000000
3617    -1794131.750000
3618    -1794134.625000
3619    -1794137.500000
3620    -1794140.250000
3621    -1794143.250000
3622    -1794145.750000
3623    -1794148.375000
3624    -1794151.250000
3625    -1794154.000000
3626    -1794157.000000
3627    -1794159.500000
3628    -1794162.750000
3629    -1794165.000000
3630    -1794167.875000
3631    -1794170.500000
3632    -1794173.250000
3633    -1794176.125000
3634    -1794178.750000
3635    -1794181.625000
3636    -1794184.250000
3637    -1794186.750000
3638    -1794189.375000
3639    -1794192.000000
3640    -1794195.000000
3641    -1794197.750000
3642    -1794200.250000
3643    -1794203.000000
3644    -1794205.750000
3645    -1794208.625000
3646    -1794211.250000
3647    -1794213.625000
3648    -1794216.250000
3649    -1794219.125000
3650    -1794221.750000
3651    -1794224.000000
3652    -1794226.875000
3653    -1794229.500000
3654    -1794231.875000
3655    -1794234.625000
3656    -1794237.250000
3657    -1794239.875000
3658    -1794242.375000
3659    -1794244.750000
3660    -1794247.500000
3661    -1794250.000000
3662    -1794252.750000
3663    -1794255.500000
3664    -1794257.875000
3665    -1794260.500000
3666    -1794263.375000
3667    -1794265.875000
3668    -1794268.250000
3669    -1794270.750000
3670    -1794273.250000
3671    -1794275.500000
3672    -1794278.500000
3673    -1794281.250000
3674    -1794283.500000
3675    -1794286.250000
3676    -1794288.750000
3677    -1794291.000000
3678    -1794293.625000
3679    -1794296.250000
3680    -1794298.750000
3681    -1794301.125000
3682    -1794303.750000
3683    -1794306.250000
3684    -1794309.000000
3685    -1794311.250000
3686    -1794314.000000
3687    -1794316.250000
3688    -1794318.500000
3689    -1794321.500000
3690    -1794324.250000
3691    -1794326.750000
3692    -1794329.000000
3693    -1794331.750000
3694    -1794334.000000
3695    -1794336.750000
3696    -1794339.250000
3697    -1794341.625000
3698    -1794344.375000
3699    -1794346.875000
3700    -1794349.125000
3701    -1794351.875000
3702    -1794354.375000
3703    -1794357.000000
3704    -1794359.500000
3705    -1794362.125000
3706    -1794364.500000
3707    -1794367.000000
3708    -1794369.500000
3709    -1794371.750000
3710    -1794375.000000
3711    -1794377.125000
3712    -1794379.500000
3713    -1794382.125000
3714    -1794384.500000
3715    -1794387.375000
3716    -1794390.000000
3717    -1794392.125000
3718    -1794395.000000
3719    -1794397.250000
3720    -1794399.750000
3721    -1794402.000000
3722    -1794404.750000
3723    -1794407.250000
3724    -1794409.500000
3725    -1794412.000000
3726    -1794414.625000
3727    -1794417.250000
3728    -1794419.500000
3729    -1794421.750000
3730    -1794424.250000
3731    -1794426.750000
3732    -1794429.500000
3733    -1794432.000000
3734    -1794434.250000
3735    -1794436.750000
3736    -1794439.375000
3737    -1794441.750000
3738    -1794444.000000
3739    -1794446.500000
3740    -1794449.000000
3741    -1794451.125000
3742    -1794454.000000
3743    -1794456.250000
3744    -1794458.750000
3745    -1794461.000000
3746    -1794463.625000
3747    -1794466.125000
3748    -1794468.500000
3749    -1794471.250000
3750    -1794473.375000
3751    -1794476.000000
3752    -1794478.250000
3753    -1794481.000000
3754    -1794483.250000
3755    -1794485.625000
3756    -1794488.000000
3757    -1794490.125000
3758    -1794493.000000
3759    -1794495.125000
3760    -1794497.500000
3761    -1794500.000000
3762    -1794502.500000
3763    -1794504.750000
3764    -1794507.500000
3765    -1794510.000000
3766    -1794512.500000
3767    -1794514.500000
3768    -1794517.000000
3769    -1794519.500000
3770    -1794521.750000
3771    -1794524.250000
3772    -1794526.500000
3773    -1794529.000000
3774    -1794531.125000
3775    -1794533.750000
3776    -1794535.750000
3777    -1794538.250000
3778    -1794540.750000
3779    -1794543.500000
3780    -1794545.750000
3781    -1794548.125000
3782    -1794550.500000
3783    -1794553.000000
3784    -1794555.250000
3785    -1794557.875000
3786    -1794560.000000
3787    -1794562.375000
3788    -1794564.750000
3789    -1794567.375000
3790    -1794569.500000
3791    -1794572.125000
3792    -1794574.375000
3793    -1794576.750000
3794    -1794579.000000
3795    -1794581.625000
3796    -1794584.000000
3797    -1794586.000000
3798    -1794588.750000
3799    -1794591.000000
3800    -1794593.500000
3801    -1794596.000000
3802    -1794598.250000
3803    -1794600.500000
3804    -1794603.000000
3805    -1794605.625000
3806    -1794608.000000
3807    -1794610.375000
3808    -1794612.750000
3809    -1794615.125000
3810    -1794617.500000
3811    -1794619.500000
3812    -1794622.125000
3813    -1794624.250000
3814    -1794626.875000
3815    -1794629.500000
3816    -1794631.625000
3817    -1794633.875000
3818    -1794636.500000
3819    -1794638.500000
3820    -1794641.125000
3821    -1794643.500000
3822    -1794646.000000
3823    -1794648.000000
3824    -1794650.750000
3825    -1794653.250000
3826    -1794655.500000
3827    -1794658.000000
3828    -1794660.500000
3829    -1794662.625000
3830    -1794665.000000
3831    -1794667.375000
3832    -1794669.875000
3833    -1794672.375000
3834    -1794674.625000
3835    -1794677.000000
3836    -1794679.500000
3837    -1794681.750000
3838    -1794684.000000
3839    -1794686.625000
3840    -1794689.250000
3841    -1794691.625000
3842    -1794693.875000
3843    -1794696.000000
3844    -1794698.500000
3845    -1794700.875000
3846    -1794703.500000
3847    -1794705.875000
3848    -1794708.500000
3849    -1794710.625000
3850    -1794713.000000
3851    -1794715.250000
3852    -1794717.750000
3853    -1794720.250000
3854    -1794722.750000
3855    -1794725.000000
3856    -1794727.625000
3857    -1794730.000000
3858    -1794732.250000
3859    -1794734.750000
3860    -1794737.000000
3861    -1794739.500000
3862    -1794742.125000
3863    -1794744.500000
3864    -1794747.000000
3865    -1794749.500000
3866    -1794752.000000
3867    -1794754.250000
3868    -1794756.750000
3869    -1794759.375000
3870    -1794761.625000
3871    -1794764.250000
3872    -1794766.750000
3873    -1794769.000000
3874    -1794771.500000
3875    -1794774.000000
3876    -1794776.500000
3877    -1794778.750000
3878    -1794781.375000
3879    -1794784.000000
3880    -1794786.500000
3881    -1794788.750000
3882    -1794791.375000
3883    -1794793.875000
3884    -1794796.000000
3885    -1794798.750000
3886    -1794801.250000
3887    -1794803.375000
3888    -1794806.125000
3889    -1794808.500000
3890    -1794811.000000
3891    -1794813.250000
3892    -1794816.000000
3893    -1794818.375000
3894    -1794820.875000
3895    -1794823.375000
3896    -1794826.250000
3897    -1794828.500000
3898    -1794830.875000
3899    -1794833.375000
3900    -1794835.750000
3901    -1794838.250000
3902    -1794841.000000
3903    -1794843.500000
3904    -1794845.750000
3905    -1794848.375000
3906    -1794850.625000
3907    -1794853.250000
3908    -1794856.000000
3909    -1794858.000000
3910    -1794860.625000
3911    -1794863.000000
3912    -1794865.875000
3913    -1794868.250000
3914    -1794870.875000
3915    -1794873.500000
3916    -1794875.750000
3917    -1794878.250000
3918    -1794880.500000
3919    -1794883.375000
3920    -1794885.500000
3921    -1794888.375000
3922    -1794890.750000
3923    -1794893.375000
3924    -1794895.625000
3925    -1794898.250000
3926    -1794900.625000
3927    -1794903.250000
3928    -1794905.750000
3929    -1794908.375000
3930    -1794910.750000
3931    -1794913.500000
3932    -1794916.000000
3933    -1794918.125000
3934    -1794920.625000
3935    -1794923.250000
3936    -1794926.000000
3937    -1794928.250000
3938    -1794930.750000
3939    -1794933.250000
3940    -1794935.500000
3941    -1794938.500000
3942    -1794941.000000
3943    -1794943.500000
3944    -1794945.750000
3945    -1794948.750000
3946    -1794950.875000
3947    -1794953.500000
3948    -1794955.875000
3949    -1794958.500000
3950    -1794961.125000
3951    -1794963.625000
3952    -1794966.000000
3953    -1794968.875000
3954    -1794971.250000
3955    -1794974.000000
3956    -1794976.250000
3957    -1794978.750000
3958    -1794981.750000
3959    -1794983.750000
3960    -1794986.500000
3961    -1794989.000000
3962    -1794991.750000
3963    -1794994.125000
3964    -1794997.000000
3965    -1794999.500000
3966    -1795001.750000
3967    -1795004.375000
3968    -1795007.250000
3969    -1795009.875000
3970    -1795012.375000
3971    -1795015.000000
3972    -1795017.250000
3973    -1795020.250000
3974    -1795022.750000
3975    -1795025.000000
3976    -1795028.000000
3977    -1795030.500000
3978    -1795033.250000
3979    -1795035.375000
3980    -1795038.625000
3981    -1795041.000000
3982    -1795043.500000
3983    -1795046.250000
3984    -1795049.000000
3985    -1795051.500000
3986    -1795054.250000
3987    -1795056.500000
3988    -1795059.500000
3989    -1795062.000000
3990    -1795064.875000
3991    -1795067.500000
3992    -1795070.250000
3993    -1795072.875000
3994    -1795075.750000
3995    -1795078.125000
3996    -1795080.750000
3997    -1795083.250000
3998    -1795086.250000
3999    -1795089.250000
4000    -1795091.500000
4001    -1795094.250000
4002    -1795097.000000
4003    -1795099.750000
4004    -1795102.250000
4005    -1795105.125000
4006    -1795107.750000
4007    -1795110.750000
4008    -1795113.375000
4009    -1795116.250000
4010    -1795119.000000
4011    -1795121.250000
4012    -1795124.000000
4013    -1795126.875000
4014    -1795129.750000
4015    -1795132.500000
4016    -1795135.000000
4017    -1795138.250000
4018    -1795140.500000
4019    -1795143.375000
4020    -1795146.250000
4021    -1795148.750000
4022    -1795151.750000
4023    -1795154.625000
4024    -1795157.125000
4025    -1795160.000000
4026    -1795162.750000
4027    -1795165.500000
4028    -1795168.250000
4029    -1795171.000000
4030    -1795174.000000
4031    -1795177.000000
4032    -1795179.500000
4033    -1795182.250000
4034    -1795185.000000
4035    -1795187.875000
4036    -1795190.875000
4037    -1795193.125000
4038    -1795196.250000
4039    -1795199.000000
4040    -1795202.000000
4041    -1795205.000000
4042    -1795207.375000
4043    -1795210.250000
4044    -1795213.000000
4045    -1795215.750000
4046    -1795218.500000
4047    -1795221.500000
4048    -1795224.250000
4049    -1795226.875000
4050    -1795230.125000
4051    -1795233.000000
4052    -1795235.375000
4053    -1795238.750000
4054    -1795241.375000
4055    -1795244.375000
4056    -1795247.000000
4057    -1795249.875000
4058    -1795252.625000
4059    -1795255.250000
4060    -1795258.000000
4061    -1795261.000000
4062    -1795263.875000
4063    -1795266.250000
4064    -1795269.500000
4065    -1795272.000000
4066    -1795275.000000
4067    -1795277.750000
4068    -1795280.500000
4069    -1795283.750000
4070    -1795286.500000
4071    -1795289.250000
4072    -1795291.875000
4073    -1795294.625000
4074    -1795297.500000
4075    -1795300.250000
4076    -1795303.375000
4077    -1795306.250000
4078    -1795309.000000
4079    -1795311.500000
4080    -1795314.500000
4081    -1795317.125000
4082    -1795320.000000
4083    -1795322.750000
4084    -1795325.875000
4085    -1795328.500000
4086    -1795331.000000
4087    -1795334.250000
4088    -1795337.000000
4089    -1795339.625000
4090    -1795342.500000
4091    -1795345.125000
4092    -1795348.250000
4093    -1795351.125000
4094    -1795353.875000
4095    -1795356.250000
4096    -1795359.250000
4097    -1795362.000000
4098    -1795365.125000
4099    -1795367.750000
4100    -1795371.000000
4101    -1795373.750000
4102    -1795376.500000
4103    -1795379.500000
4104    -1795382.000000
4105    -1795385.000000
4106    -1795387.500000
4107    -1795390.250000
4108    -1795393.500000
4109    -1795396.250000
4110    -1795399.250000
4111    -1795401.875000
4112    -1795404.750000
4113    -1795407.500000
4114    -1795410.375000
4115    -1795413.250000
4116    -1795416.125000
4117    -1795418.875000
4118    -1795421.625000
4119    -1795425.000000
4120    -1795427.500000
4121    -1795430.750000
4122    -1795433.750000
4123    -1795436.375000
4124    -1795439.125000
4125    -1795442.125000
4126    -1795444.750000
4127    -1795448.000000
4128    -1795450.500000
4129    -1795453.500000
4130    -1795456.500000
4131    -1795459.500000
4132    -1795462.250000
4133    -1795465.125000
4134    -1795468.125000
4135    -1795471.000000
4136    -1795474.000000
4137    -1795477.000000
4138    -1795480.000000
4139    -1795482.750000
4140    -1795485.750000
4141    -1795488.500000
4142    -1795491.500000
4143    -1795494.250000
4144    -1795497.250000
4145    -1795500.125000
4146    -1795503.250000
4147    -1795506.250000
4148    -1795509.000000
4149    -1795512.000000
4150    -1795515.125000
4151    -1795518.000000
4152    -1795520.625000
4153    -1795523.625000
4154    -1795526.500000
4155    -1795529.750000
4156    -1795532.500000
4157    -1795535.500000
4158    -1795538.250000
4159    -1795541.000000
4160    -1795544.125000
4161    -1795547.250000
4162    -1795550.250000
4163    -1795553.375000
4164    -1795556.000000
4165    -1795559.000000
4166    -1795561.500000
4167    -1795565.000000
4168    -1795567.875000
4169    -1795570.875000
4170    -1795573.500000
4171    -1795576.750000
4172    -1795579.500000
4173    -1795582.500000
4174    -1795585.250000
4175    -1795588.375000
4176    -1795591.375000
4177    -1795594.500000
4178    -1795597.375000
4179    -1795600.750000
4180    -1795603.625000
4181    -1795606.500000
4182    -1795609.500000
4183    -1795612.250000
4184    -1795615.375000
4185    -1795618.250000
4186    -1795621.500000
4187    -1795624.500000
4188    -1795627.750000
4189    -1795630.500000
4190    -1795633.500000
4191    -1795636.500000
4192    -1795639.500000
4193    -1795642.750000
4194    -1795645.625000
4195    -1795648.875000
4196    -1795651.750000
4197    -1795654.500000
4198    -1795657.500000
4199    -1795660.625000
4200    -1795663.625000
4201    -1795666.750000
4202    -1795669.375000
4203    -1795672.750000
4204    -1795675.750000
4205    -1795678.750000
4206    -1795681.750000
4207    -1795684.750000
4208    -1795687.875000
4209    -1795690.750000
4210    -1795693.875000
4211    -1795697.000000
4212    -1795700.125000
4213    -1795703.000000
4214    -1795706.000000
4215    -1795709.250000
4216    -1795711.875000
4217    -1795715.250000
4218    -1795718.250000
4219    -1795721.250000
4220    -1795724.250000
4221    -1795727.500000
4222    -1795730.625000
4223    -1795733.125000
4224    -1795736.500000
4225    -1795739.375000
4226    -1795742.500000
4227    -1795745.625000
4228    -1795748.750000
4229    -1795751.750000
4230    -1795754.750000
4231    -1795758.000000
4232    -1795760.875000
4233    -1795763.750000
4234    -1795767.125000
4235    -1795770.000000
4236    -1795773.250000
4237    -1795776.125000
4238    -1795778.875000
4239    -1795782.375000
4240    -1795785.500000
4241    -1795788.000000
4242    -1795791.625000
4243    -1795794.500000
4244    -1795797.500000
4245    -1795800.375000
4246    -1795803.500000
4247    -1795806.625000
4248    -1795809.875000
4249    -1795812.750000
4250    -1795816.000000
4251    -1795818.875000
4252    -1795821.750000
4253    -1795825.000000
4254    -1795828.000000
4255    -1795831.000000
4256    -1795834.000000
4257    -1795837.375000
4258    -1795840.000000
4259    -1795843.000000
4260    -1795846.500000
4261    -1795849.125000
4262    -1795852.500000
4263    -1795855.250000
4264    -1795858.625000
4265    -1795861.500000
4266    -1795864.375000
4267    -1795867.250000
4268    -1795870.500000
4269    -1795873.250000
4270    -1795876.250000
4271    -1795879.000000
4272    -1795882.000000
4273    -1795885.000000
4274    -1795887.875000
4275    -1795890.875000
4276    -1795894.250000
4277    -1795896.500000
4278    -1795900.125000
4279    -1795903.000000
4280    -1795905.750000
4281    -1795908.625000
4282    -1795911.750000
4283    -1795914.750000
4284    -1795917.625000
4285    -1795920.375000
4286    -1795923.250000
4287    -1795926.000000
4288    -1795928.875000
4289    -1795931.750000
4290    -1795934.875000
4291    -1795937.875000
4292    -1795940.750000
4293    -1795943.500000
4294    -1795946.125000
4295    -1795949.000000
4296    -1795952.000000
4297    -1795954.875000
4298    -1795957.625000
4299    -1795960.625000
4300    -1795963.625000
4301    -1795966.500000
4302    -1795969.250000
4303    -1795972.125000
4304    -1795974.625000
4305    -1795977.625000
4306    -1795980.500000
4307    -1795983.250000
4308    -1795986.125000
4309    -1795989.000000
4310    -1795991.750000
4311    -1795994.500000
4312    -1795997.250000
4313    -1795999.875000
4314    -1796002.750000
4315    -1796005.500000
4316    -1796008.750000
4317    -1796011.375000
4318    -1796014.125000
4319    -1796016.750000
4320    -1796019.500000
4321    -1796022.250000
4322    -1796025.000000
4323    -1796027.750000
4324    -1796030.750000
4325    -1796033.000000
4326    -1796035.500000
4327    -1796038.500000
4328    -1796041.000000
4329    -1796043.750000
4330    -1796046.250000
4331    -1796048.750000
4332    -1796051.625000
4333    -1796054.250000
4334    -1796057.250000
4335    -1796059.750000
4336    -1796062.375000
4337    -1796064.750000
4338    -1796067.500000
4339    -1796070.125000
4340    -1796073.000000
4341    -1796075.500000
4342    -1796078.250000
4343    -1796080.625000
4344    -1796083.000000
4345    -1796085.625000
4346    -1796088.250000
4347    -1796090.750000
4348    -1796093.250000
4349    -1796096.000000
4350    -1796098.750000
4351    -1796100.750000
4352    -1796103.500000
4353    -1796106.000000
4354    -1796108.500000
4355    -1796111.000000
4356    -1796113.500000
4357    -1796116.000000
4358    -1796118.250000
4359    -1796120.875000
4360    -1796123.250000
4361    -1796126.000000
4362    -1796128.375000
4363    -1796130.750000
4364    -1796133.500000
4365    -1796136.000000
4366    -1796138.250000
4367    -1796140.750000
4368    -1796143.250000
4369    -1796145.750000
4370    -1796148.250000
4371    -1796150.750000
4372    -1796152.875000
4373    -1796155.500000
4374    -1796158.000000
4375    -1796160.375000
4376    -1796162.750000
4377    -1796165.000000
4378    -1796167.500000
4379    -1796169.750000
4380    -1796172.250000
4381    -1796174.875000
4382    -1796177.000000
4383    -1796179.750000
4384    -1796182.000000
4385    -1796184.500000
4386    -1796186.750000
4387    -1796188.750000
4388    -1796191.500000
4389    -1796193.500000
4390    -1796196.000000
4391    -1796198.500000
4392    -1796200.750000
4393    -1796202.875000
4394    -1796205.500000
4395    -1796207.750000
4396    -1796210.000000
4397    -1796212.250000
4398    -1796214.500000
4399    -1796216.750000
4400    -1796219.250000
4401    -1796221.375000
4402    -1796223.750000
4403    -1796226.000000
4404    -1796228.000000
4405    -1796230.375000
4406    -1796232.625000
4407    -1796235.000000
4408    -1796236.875000
4409    -1796239.375000
4410    -1796241.750000
4411    -1796244.125000
4412    -1796246.250000
4413    -1796248.500000
4414    -1796250.750000
4415    -1796252.875000
4416    -1796255.125000
4417    -1796257.250000
4418    -1796259.500000
4419    -1796261.875000
4420    -1796264.125000
4421    -1796266.500000
4422    -1796268.500000
4423    -1796270.625000
4424    -1796273.000000
4425    -1796275.250000
4426    -1796277.250000
4427    -1796279.375000
4428    -1796282.000000
4429    -1796284.000000
4430    -1796286.250000
4431    -1796288.500000
4432    -1796290.500000
4433    -1796292.500000
4434    -1796295.000000
4435    -1796297.125000
4436    -1796299.250000
4437    -1796301.750000
4438    -1796303.875000
4439    -1796306.000000
4440    -1796308.375000
4441    -1796310.375000
4442    -1796312.750000
4443    -1796314.750000
4444    -1796316.750000
4445    -1796319.250000
4446    -1796321.375000
4447    -1796323.250000
4448    -1796325.750000
4449    -1796328.000000
4450    -1796330.000000
4451    -1796332.250000
4452    -1796334.500000
4453    -1796336.625000
4454    -1796338.750000
4455    -1796341.000000
4456    -1796343.000000
4457    -1796345.000000
4458    -1796347.500000
4459    -1796349.625000
4460    -1796351.750000
4461    -1796354.000000
4462    -1796356.000000
4463    -1796358.125000
4464    -1796360.250000
4465    -1796362.875000
4466    -1796364.750000
4467    -1796367.000000
4468    -1796369.250000
4469    -1796371.500000
4470    -1796373.250000
4471    -1796375.625000
4472    -1796378.000000
4473    -1796379.875000
4474    -1796382.250000
4475    -1796384.500000
4476    -1796386.500000
4477    -1796388.750000
4478    -1796390.875000
4479    -1796392.750000
4480    -1796395.000000
4481    -1796397.250000
4482    -1796399.500000
4483    -1796401.500000
4484    -1796403.500000
4485    -1796405.750000
4486    -1796408.000000
4487    -1796410.500000
4488    -1796412.500000
4489    -1796414.500000
4490    -1796416.875000
4491    -1796418.750000
4492    -1796420.875000
4493    -1796423.125000
4494    -1796425.250000
4495    -1796427.500000
4496    -1796429.375000
4497    -1796431.625000
4498    -1796434.000000
4499    -1796435.875000
4500    -1796438.250000
4501    -1796440.500000
4502    -1796442.250000
4503    -1796444.500000
4504    -1796446.750000
4505    -1796448.875000
4506    -1796451.000000
4507    -1796453.500000
4508    -1796455.250000
4509    -1796457.250000
4510    -1796459.750000
4511    -1796461.625000
4512    -1796463.875000
4513    -1796466.125000
4514    -1796467.875000
4515    -1796470.500000
4516    -1796472.500000
4517    -1796474.750000
4518    -1796476.750000
4519    -1796478.750000
4520    -1796480.750000
4521    -1796483.000000
4522    -1796485.000000
4523    -1796487.250000
4524    -1796489.625000
4525    -1796491.500000
4526    -1796493.625000
4527    -1796495.875000
4528    -1796497.875000
4529    -1796499.500000
4530    -1796502.000000
4531    -1796504.000000
4532    -1796506.250000
4533    -1796508.500000
4534    -1796510.375000
4535    -1796512.500000
4536    -1796514.500000
4537    -1796516.750000
4538    -1796518.750000
4539    -1796521.250000
4540    -1796523.000000
4541    -1796525.250000
4542    -1796527.375000
4543    -1796529.750000
4544    -1796531.500000
4545    -1796533.750000
4546    -1796535.750000
4547    -1796537.750000
4548    -1796540.000000
4549    -1796541.875000
4550    -1796544.000000
4551    -1796546.250000
4552    -1796548.125000
4553    -1796550.500000
4554    -1796552.625000
4555    -1796554.750000
4556    -1796556.750000
4557    -1796558.875000
4558    -1796561.000000
4559    -1796563.000000
4560    -1796564.750000
4561    -1796567.000000
4562    -1796569.500000
4563    -1796571.750000
4564    -1796573.250000
4565    -1796575.250000
4566    -1796577.250000
4567    -1796579.750000
4568    -1796581.625000
4569    -1796584.000000
4570    -1796585.750000
4571    -1796588.000000
4572    -1796590.125000
4573    -1796592.250000
4574    -1796594.375000
4575    -1796596.500000
4576    -1796598.500000
4577    -1796600.500000
4578    -1796602.500000
4579    -1796604.750000
4580    -1796606.875000
4581    -1796609.000000
4582    -1796611.000000
4583    -1796613.250000
4584    -1796615.375000
4585    -1796617.500000
4586    -1796619.250000
4587    -1796621.500000
4588    -1796623.750000
4589    -1796626.000000
4590    -1796627.750000
4591    -1796630.125000
4592    -1796632.000000
4593    -1796634.000000
4594    -1796636.500000
4595    -1796638.375000
4596    -1796640.750000
4597    -1796642.500000
4598    -1796645.000000
4599    -1796646.875000
4600    -1796648.750000
4601    -1796651.000000
4602    -1796653.125000
4603    -1796655.250000
4604    -1796657.500000
4605    -1796659.375000
4606    -1796661.500000
4607    -1796663.750000
4608    -1796665.750000
4609    -1796668.000000
4610    -1796670.000000
4611    -1796672.000000
4612    -1796674.000000
4613    -1796676.250000
4614    -1796678.250000
4615    -1796680.250000
4616    -1796682.500000
4617    -1796684.625000
4618    -1796686.625000
4619    -1796688.750000
4620    -1796690.750000
4621    -1796693.000000
4622    -1796694.625000
4623    -1796697.125000
4624    -1796699.250000
4625    -1796701.250000
4626    -1796702.875000
4627    -1796705.000000
4628    -1796707.250000
4629    -1796709.625000
4630    -1796711.375000
4631    -1796713.250000
4632    -1796715.750000
4633    -1796717.750000
4634    -1796719.875000
4635    -1796722.000000
4636    -1796724.000000
4637    -1796726.125000
4638    -1796728.250000
4639    -1796730.125000
4640    -1796732.500000
4641    -1796734.500000
4642    -1796736.750000
4643    -1796738.625000
4644    -1796740.750000
4645    -1796743.000000
4646    -1796745.125000
4647    -1796747.125000
4648    -1796749.250000
4649    -1796751.500000
4650    -1796753.500000
4651    -1796755.750000
4652    -1796757.500000
4653    -1796759.625000
4654    -1796761.875000
4655    -1796763.750000
4656    -1796765.875000
4657    -1796767.875000
4658    -1796770.250000
4659    -1796772.125000
4660    -1796774.500000
4661    -1796776.375000
4662    -1796778.500000
4663    -1796780.750000
4664    -1796782.625000
4665    -1796784.750000
4666    -1796787.000000
4667    -1796789.000000
4668    -1796791.125000
4669    -1796793.375000
4670    -1796795.000000
4671    -1796797.500000
4672    -1796799.500000
4673    -1796801.875000
4674    -1796803.750000
4675    -1796806.000000
4676    -1796807.750000
4677    -1796810.250000
4678    -1796812.125000
4679    -1796814.500000
4680    -1796816.500000
4681    -1796818.875000
4682    -1796820.750000
4683    -1796823.125000
4684    -1796825.125000
4685    -1796827.250000
4686    -1796829.375000
4687    -1796831.500000
4688    -1796833.750000
4689    -1796835.875000
4690    -1796838.000000
4691    -1796840.125000
4692    -1796842.500000
4693    -1796844.500000
4694    -1796846.750000
4695    -1796848.750000
4696    -1796851.000000
4697    -1796853.125000
4698    -1796855.250000
4699    -1796857.625000
4700    -1796859.750000
4701    -1796861.750000
4702    -1796863.750000
4703    -1796866.250000
4704    -1796868.000000
4705    -1796870.250000
4706    -1796872.750000
4707    -1796875.000000
4708    -1796876.875000
4709    -1796879.000000
4710    -1796881.500000
4711    -1796883.500000
4712    -1796885.625000
4713    -1796887.500000
4714    -1796890.125000
4715    -1796892.250000
4716    -1796894.250000
4717    -1796896.625000
4718    -1796898.875000
4719    -1796900.875000
4720    -1796903.000000
4721    -1796905.500000
4722    -1796907.250000
4723    -1796909.500000
4724    -1796912.000000
4725    -1796914.000000
4726    -1796916.000000
4727    -1796918.250000
4728    -1796920.750000
4729    -1796922.500000
4730    -1796924.750000
4731    -1796927.250000
4732    -1796929.250000
4733    -1796931.500000
4734    -1796933.625000
4735    -1796935.875000
4736    -1796938.125000
4737    -1796940.250000
4738    -1796942.375000
4739    -1796944.750000
4740    -1796946.500000
4741    -1796949.000000
4742    -1796950.875000
4743    -1796953.500000
4744    -1796955.500000
4745    -1796957.875000
4746    -1796960.000000
4747    -1796962.750000
4748    -1796964.375000
4749    -1796966.875000
4750    -1796969.000000
4751    -1796971.250000
4752    -1796973.375000
4753    -1796975.750000
4754    -1796977.750000
4755    -1796980.000000
4756    -1796982.250000
4757    -1796984.250000
4758    -1796986.375000
4759    -1796989.000000
4760    -1796991.250000
4761    -1796993.500000
4762    -1796995.500000
4763    -1796997.750000
4764    -1797000.000000
4765    -1797002.250000
4766    -1797004.250000
4767    -1797006.625000
4768    -1797008.875000
4769    -1797011.250000
4770    -1797013.375000
4771    -1797015.625000
4772    -1797017.500000
4773    -1797019.750000
4774    -1797022.250000
4775    -1797024.500000
4776    -1797026.750000
4777    -1797028.875000
4778    -1797031.250000
4779    -1797033.750000
4780    -1797035.625000
4781    -1797038.250000
4782    -1797040.250000
4783    -1797042.250000
4784    -1797044.750000
4785    -1797046.875000
4786    -1797049.125000
4787    -1797051.250000
4788    -1797053.750000
4789    -1797056.250000
4790    -1797058.250000
4791    -1797060.500000
4792    -1797062.750000
4793    -1797064.875000
4794    -1797067.250000
4795    -1797069.750000
4796    -1797072.125000
4797    -1797074.125000
4798    -1797076.375000
4799    -1797078.625000
4800    -1797081.250000
4801    -1797083.250000
4802    -1797085.750000
4803    -1797087.875000
4804    -1797089.875000
4805    -1797092.500000
4806    -1797094.875000
4807    -1797097.250000
4808    -1797099.375000
4809    -1797102.000000
4810    -1797104.250000
4811    -1797106.250000
4812    -1797108.625000
4813    -1797111.250000
4814    -1797113.250000
4815    -1797115.625000
4816    -1797117.875000
4817    -1797119.875000
4818    -1797122.250000
4819    -1797124.625000
4820    -1797127.000000
4821    -1797129.250000
4822    -1797131.250000
4823    -1797133.750000
4824    -1797136.000000
4825    -1797138.625000
4826    -1797140.625000
4827    -1797142.625000
4828    -1797145.250000
4829    -1797147.500000
4830    -1797149.375000
4831    -1797152.125000
4832    -1797154.500000
4833    -1797156.875000
4834    -1797158.750000
4835    -1797161.250000
4836    -1797163.375000
4837    -1797165.750000
4838    -1797168.000000
4839    -1797170.500000
4840    -1797172.375000
4841    -1797175.000000
4842    -1797177.000000
4843    -1797179.375000
4844    -1797181.750000
4845    -1797183.875000
4846    -1797186.125000
4847    -1797188.375000
4848    -1797190.750000
4849    -1797193.000000
4850    -1797195.250000
4851    -1797197.625000
4852    -1797199.875000
4853    -1797202.000000
4854    -1797204.250000
4855    -1797206.500000
4856    -1797209.000000
4857    -1797210.875000
4858    -1797213.500000
4859    -1797215.500000
4860    -1797218.000000
4861    -1797220.000000
4862    -1797222.375000
4863    -1797224.375000
4864    -1797226.750000
4865    -1797229.000000
4866    -1797231.375000
4867    -1797233.500000
4868    -1797235.500000
4869    -1797238.000000
4870    -1797240.250000
4871    -1797242.750000
4872    -1797244.500000
4873    -1797247.250000
4874    -1797249.250000
4875    -1797251.375000
4876    -1797253.750000
4877    -1797256.125000
4878    -1797258.250000
4879    -1797260.375000
4880    -1797262.500000
4881    -1797264.625000
4882    -1797266.750000
4883    -1797269.000000
4884    -1797271.125000
4885    -1797273.250000
4886    -1797275.500000
4887    -1797277.625000
4888    -1797280.000000
4889    -1797282.125000
4890    -1797284.250000
4891    -1797286.250000
4892    -1797288.500000
4893    -1797290.750000
4894    -1797292.875000
4895    -1797295.250000
4896    -1797297.250000
4897    -1797299.500000
4898    -1797301.500000
4899    -1797303.750000
4900    -1797306.000000
4901    -1797307.875000
4902    -1797310.250000
4903    -1797312.500000
4904    -1797314.500000
4905    -1797316.625000
4906    -1797318.750000
4907    -1797321.000000
4908    -1797323.125000
4909    -1797325.500000
4910    -1797327.625000
4911    -1797329.750000
4912    -1797331.875000
4913    -1797333.750000
4914    -1797336.000000
4915    -1797338.500000
4916    -1797340.125000
4917    -1797342.625000
4918    -1797344.750000
4919    -1797347.000000
4920    -1797348.750000
4921    -1797351.000000
4922    -1797353.250000
4923    -1797355.750000
4924    -1797357.625000
4925    -1797359.625000
4926    -1797362.000000
4927    -1797363.750000
4928    -1797366.000000
4929    -1797368.250000
4930    -1797370.500000
4931    -1797372.250000
4932    -1797374.750000
4933    -1797376.750000
4934    -1797379.000000
4935    -1797381.000000
4936    -1797383.250000
4937    -1797385.500000
4938    -1797387.625000
4939    -1797389.750000
4940    -1797391.750000
4941    -1797393.875000
4942    -1797396.125000
4943    -1797398.375000
4944    -1797400.750000
4945    -1797402.500000
4946    -1797404.875000
4947    -1797407.250000
4948    -1797409.250000
4949    -1797411.250000
4950    -1797413.500000
4951    -1797415.500000
4952    -1797418.000000
4953    -1797420.125000
4954    -1797422.250000
4955    -1797424.250000
4956    -1797426.500000
4957    -1797429.000000
4958    -1797431.125000
4959    -1797433.500000
4960    -1797435.250000
4961    -1797437.500000
4962    -1797439.750000
4963    -1797441.875000
4964    -1797444.000000
4965    -1797446.250000
4966    -1797448.750000
4967    -1797450.750000
4968    -1797453.000000
4969    -1797455.000000
4970    -1797457.375000
4971    -1797459.500000
4972    -1797461.875000
4973    -1797463.750000
4974    -1797466.250000
4975    -1797468.125000
4976    -1797470.500000
4977    -1797472.750000
4978    -1797475.000000
4979    -1797477.000000
4980    -1797479.500000
4981    -1797481.500000
4982    -1797483.750000
4983    -1797486.250000
4984    -1797488.000000
4985    -1797490.500000
4986    -1797492.500000
4987    -1797494.625000
4988    -1797496.750000
4989    -1797499.250000
4990    -1797501.000000
4991    -1797503.500000
4992    -1797505.750000
4993    -1797507.750000
4994    -1797510.250000
4995    -1797512.375000
4996    -1797514.500000
4997    -1797517.000000
4998    -1797519.000000
4999    -1797521.500000
5000    -1797523.500000
5001    -1797525.375000
5002    -1797527.750000
5003    -1797530.000000
5004    -1797532.250000
5005    -1797534.500000
5006    -1797536.500000
5007    -1797538.750000
5008    -1797541.125000
5009    -1797543.250000
5010    -1797545.500000
5011    -1797547.750000
5012    -1797550.000000
5013    -1797552.250000
5014    -1797554.500000
5015    -1797556.875000
5016    -1797558.750000
5017    -1797561.125000
5018    -1797563.250000
5019    -1797565.500000
5020    -1797567.750000
5021    -1797569.875000
5022    -1797572.250000
5023    -1797574.750000
5024    -1797577.000000
5025    -1797579.250000
5026    -1797581.250000
5027    -1797583.625000
5028    -1797585.750000
5029    -1797587.875000
5030    -1797590.250000
5031    -1797592.250000
5032    -1797594.375000
5033    -1797596.625000
5034    -1797599.000000
5035    -1797601.250000
5036    -1797603.250000
5037    -1797605.500000
5038    -1797607.750000
5039    -1797610.000000
5040    -1797612.125000
5041    -1797614.250000
5042    -1797616.750000
5043    -1797619.000000
5044    -1797621.250000
5045    -1797623.500000
5046    -1797626.000000
5047    -1797627.625000
5048    -1797630.000000
5049    -1797632.375000
5050    -1797634.750000
5051    -1797636.750000
5052    -1797639.000000
5053    -1797641.000000
5054    -1797643.625000
5055    -1797645.625000
5056    -1797648.000000
5057    -1797650.000000
5058    -1797652.250000
5059    -1797654.500000
5060    -1797656.875000
5061    -1797659.250000
5062    -1797661.500000
5063    -1797663.250000
5064    -1797665.875000
5065    -1797668.000000
5066    -1797670.250000
5067    -1797672.875000
5068    -1797674.750000
5069    -1797677.375000
5070    -1797679.250000
5071    -1797681.375000
5072    -1797683.625000
5073    -1797686.000000
5074    -1797688.250000
5075    -1797690.375000
5076    -1797692.875000
5077    -1797694.875000
5078    -1797697.125000
5079    -1797699.625000
5080    -1797701.750000
5081    -1797703.875000
5082    -1797706.250000
5083    -1797708.625000
5084    -1797710.750000
5085    -1797713.000000
5086    -1797715.125000
5087    -1797717.250000
5088    -1797719.375000
5089    -1797721.750000
5090    -1797724.000000
5091    -1797726.250000
5092    -1797728.500000
5093    -1797730.750000
5094    -1797733.000000
5095    -1797735.250000
5096    -1797737.500000
5097    -1797739.500000
5098    -1797741.750000
5099    -1797744.125000
5100    -1797746.250000
5101    -1797748.375000
5102    -1797750.500000
5103    -1797753.000000
5104    -1797754.750000
5105    -1797757.250000
5106    -1797759.500000
5107    -1797761.750000
5108    -1797763.750000
5109    -1797765.875000
5110    -1797768.125000
5111    -1797770.500000
5112    -1797772.750000
5113    -1797775.000000
5114    -1797777.125000
5115    -1797779.250000
5116    -1797781.250000
5117    -1797783.500000
5118    -1797785.750000
5119    -1797787.625000
5120    -1797790.250000
5121    -1797791.875000
5122    -1797794.375000
5123    -1797796.375000
5124    -1797798.625000
5125    -1797800.750000
5126    -1797802.625000
5127    -1797805.000000
5128    -1797807.125000
5129    -1797809.250000
5130    -1797811.375000
5131    -1797813.500000
5132    -1797815.500000
5133    -1797817.625000
5134    -1797819.625000
5135    -1797821.875000
5136    -1797824.000000
5137    -1797826.250000
5138    -1797828.375000
5139    -1797830.250000
5140    -1797832.250000
5141    -1797834.500000
5142    -1797836.875000
5143    -1797838.750000
5144    -1797840.875000
5145    -1797843.000000
5146    -1797845.000000
5147    -1797847.000000
5148    -1797849.000000
5149    -1797851.375000
5150    -1797853.375000
5151    -1797855.250000
5152    -1797857.375000
5153    -1797859.500000
5154    -1797861.125000
5155    -1797863.500000
5156    -1797865.500000
5157    -1797867.250000
5158    -1797869.375000
5159    -1797871.250000
5160    -1797873.250000
5161    -1797875.500000
5162    -1797877.500000
5163    -1797879.375000
5164    -1797881.375000
5165    -1797883.250000
5166    -1797885.250000
5167    -1797887.250000
5168    -1797889.250000
5169    -1797891.250000
5170    -1797893.125000
5171    -1797895.250000
5172    -1797897.000000
5173    -1797899.250000
5174    -1797901.000000
5175    -1797903.000000
5176    -1797904.750000
5177    -1797906.875000
5178    -1797908.750000
5179    -1797910.500000
5180    -1797912.500000
5181    -1797914.375000
5182    -1797916.250000
5183    -1797918.375000
5184    -1797920.250000
5185    -1797922.000000
5186    -1797924.125000
5187    -1797925.750000
5188    -1797927.750000
5189    -1797929.500000
5190    -1797931.250000
5191    -1797933.000000
5192    -1797934.750000
5193    -1797936.750000
5194    -1797938.375000
5195    -1797940.250000
5196    -1797942.000000
5197    -1797943.750000
5198    -1797945.750000
5199    -1797947.500000
5200    -1797949.250000
5201    -1797950.875000
5202    -1797952.750000
5203    -1797954.500000
5204    -1797956.250000
5205    -1797958.000000
5206    -1797959.750000
5207    -1797961.750000
5208    -1797963.250000
5209    -1797965.000000
5210    -1797967.000000
5211    -1797968.750000
5212    -1797970.250000
5213    -1797972.000000
5214    -1797973.750000
5215    -1797975.500000
5216    -1797977.250000
5217    -1797979.250000
5218    -1797980.750000
5219    -1797982.250000
5220    -1797984.000000
5221    -1797986.000000
5222    -1797987.750000
5223    -1797989.250000
5224    -1797991.125000
5225    -1797992.750000
5226    -1797994.500000
5227    -1797996.000000
5228    -1797997.500000
5229    -1797999.500000
5230    -1798000.875000
5231    -1798002.500000
5232    -1798004.250000
5233    -1798005.750000
5234    -1798007.250000
5235    -1798009.000000
5236    -1798010.125000
5237    -1798012.125000
5238    -1798013.625000
5239    -1798015.500000
5240    -1798017.250000
5241    -1798018.625000
5242    -1798020.250000
5243    -1798021.750000
5244    -1798023.250000
5245    -1798024.875000
5246    -1798026.500000
5247    -1798027.875000
5248    -1798029.500000
5249    -1798030.875000
5250    -1798032.500000
5251    -1798034.250000
5252    -1798035.375000
5253    -1798037.250000
5254    -1798038.750000
5255    -1798040.500000
5256    -1798042.000000
5257    -1798043.375000
5258    -1798044.750000
5259    -1798046.125000
5260    -1798047.750000
5261    -1798049.500000
5262    -1798051.250000
5263    -1798052.500000
5264    -1798054.250000
5265    -1798055.250000
5266    -1798056.875000
5267    -1798058.625000
5268    -1798060.000000
5269    -1798061.750000
5270    -1798063.250000
5271    -1798064.625000
5272    -1798066.000000
5273    -1798067.500000
5274    -1798069.125000
5275    -1798070.625000
5276    -1798072.000000
5277    -1798073.750000
5278    -1798075.250000
5279    -1798076.625000
5280    -1798078.125000
5281    -1798079.625000
5282    -1798081.000000
5283    -1798082.375000
5284    -1798084.000000
5285    -1798085.625000
5286    -1798086.750000
5287    -1798088.750000
5288    -1798090.125000
5289    -1798091.500000
5290    -1798093.250000
5291    -1798094.250000
5292    -1798095.875000
5293    -1798097.500000
5294    -1798099.000000
5295    -1798100.750000
5296    -1798101.875000
5297    -1798103.375000
5298    -1798104.875000
5299    -1798106.500000
5300    -1798108.000000
5301    -1798109.250000
5302    -1798111.125000
5303    -1798112.375000
5304    -1798113.750000
5305    -1798115.250000
5306    -1798116.875000
5307    -1798118.500000
5308    -1798119.875000
5309    -1798121.250000
5310    -1798122.750000
5311    -1798124.250000
5312    -1798125.750000
5313    -1798127.250000
5314    -1798128.500000
5315    -1798130.000000
5316    -1798131.250000
5317    -1798132.500000
5318    -1798134.000000
5319    -1798135.625000
5320    -1798137.250000
5321    -1798138.500000
5322    -1798139.750000
5323    -1798141.500000
5324    -1798142.875000
5325    -1798144.250000
5326    -1798145.750000
5327    -1798147.625000
5328    -1798148.750000
5329    -1798150.500000
5330    -1798151.750000
5331    -1798153.250000
5332    -1798154.750000
5333    -1798156.000000
5334    -1798157.625000
5335    -1798158.500000
5336    -1798160.000000
5337    -1798161.750000
5338    -1798163.250000
5339    -1798164.875000
5340    -1798166.250000
5341    -1798167.625000
5342    -1798169.375000
5343    -1798170.750000
5344    -1798172.125000
5345    -1798173.875000
5346    -1798175.250000
5347    -1798176.500000
5348    -1798178.000000
5349    -1798179.500000
5350    -1798181.250000
5351    -1798182.500000
5352    -1798184.000000
5353    -1798185.500000
5354    -1798187.250000
5355    -1798188.375000
5356    -1798190.000000
5357    -1798191.500000
5358    -1798193.125000
5359    -1798194.750000
5360    -1798196.000000
5361    -1798197.500000
5362    -1798199.250000
5363    -1798200.500000
5364    -1798202.250000
5365    -1798203.500000
5366    -1798205.125000
5367    -1798206.500000
5368    -1798208.000000
5369    -1798209.500000
5370    -1798211.000000
5371    -1798213.000000
5372    -1798214.375000
5373    -1798215.875000
5374    -1798217.250000
5375    -1798218.750000
5376    -1798220.375000
5377    -1798221.875000
5378    -1798223.500000
5379    -1798224.750000
5380    -1798226.500000
5381    -1798228.000000
5382    -1798229.750000
5383    -1798231.250000
5384    -1798232.500000
5385    -1798234.250000
5386    -1798236.000000
5387    -1798237.500000
5388    -1798238.750000
5389    -1798240.500000
5390    -1798242.375000
5391    -1798243.750000
5392    -1798245.250000
5393    -1798246.750000
5394    -1798248.250000
5395    -1798249.875000
5396    -1798251.500000
5397    -1798252.875000
5398    -1798254.625000
5399    -1798256.250000
5400    -1798257.875000
5401    -1798259.500000
5402    -1798261.000000
5403    -1798262.500000
5404    -1798264.375000
5405    -1798266.000000
5406    -1798267.500000
5407    -1798269.000000
5408    -1798270.750000
5409    -1798272.375000
5410    -1798274.000000
5411    -1798275.750000
5412    -1798277.375000
5413    -1798279.125000
5414    -1798280.750000
5415    -1798282.250000
5416    -1798284.000000
5417    -1798285.625000
5418    -1798287.500000
5419    -1798289.125000
5420    -1798290.750000
5421    -1798292.000000
5422    -1798294.000000
5423    -1798295.250000
5424    -1798297.000000
5425    -1798299.000000
5426    -1798300.500000
5427    -1798302.000000
5428    -1798303.875000
5429    -1798305.750000
5430    -1798307.375000
5431    -1798309.000000
5432    -1798310.500000
5433    -1798312.375000
5434    -1798314.125000
5435    -1798315.625000
5436    -1798317.250000
5437    -1798319.000000
5438    -1798320.750000
5439    -1798322.750000
5440    -1798324.750000
5441    -1798326.250000
5442    -1798327.875000
5443    -1798329.500000
5444    -1798331.000000
5445    -1798332.500000
5446    -1798334.375000
5447    -1798336.000000
5448    -1798337.875000
5449    -1798339.500000
5450    -1798341.125000
5451    -1798343.000000
5452    -1798344.500000
5453    -1798346.125000
5454    -1798347.875000
5455    -1798349.500000
5456    -1798351.250000
5457    -1798353.000000
5458    -1798354.500000
5459    -1798356.500000
5460    -1798358.250000
5461    -1798359.875000
5462    -1798361.500000
5463    -1798363.375000
5464    -1798365.125000
5465    -1798366.625000
5466    -1798368.250000
5467    -1798369.875000
5468    -1798371.500000
5469    -1798373.625000
5470    -1798375.250000
5471    -1798376.875000
5472    -1798378.750000
5473    -1798380.375000
5474    -1798382.000000
5475    -1798384.000000
5476    -1798385.625000
5477    -1798387.250000
5478    -1798389.000000
5479    -1798390.750000
5480    -1798392.500000
5481    -1798394.250000
5482    -1798395.875000
5483    -1798397.750000
5484    -1798399.500000
5485    -1798401.000000
5486    -1798402.875000
5487    -1798404.625000
5488    -1798406.500000
5489    -1798408.250000
5490    -1798409.750000
5491    -1798411.750000
5492    -1798413.500000
5493    -1798415.500000
5494    -1798417.000000
5495    -1798418.875000
5496    -1798420.250000
5497    -1798422.250000
5498    -1798424.000000
5499    -1798425.625000
5500    -1798427.375000
5501    -1798429.000000
5502    -1798431.000000
5503    -1798432.500000
5504    -1798434.250000
5505    -1798436.125000
5506    -1798437.750000
5507    -1798439.500000
5508    -1798441.250000
5509    -1798443.125000
5510    -1798444.750000
5511    -1798446.625000
5512    -1798448.500000
5513    -1798450.125000
5514    -1798451.750000
5515    -1798453.500000
5516    -1798455.250000
5517    -1798457.000000
5518    -1798458.500000
5519    -1798460.500000
5520    -1798462.250000
5521    -1798464.000000
5522    -1798465.625000
5523    -1798467.375000
5524    -1798469.000000
5525    -1798470.750000
5526    -1798472.750000
5527    -1798474.250000
5528    -1798476.125000
5529    -1798477.875000
5530    -1798479.625000
5531    -1798481.250000
5532    -1798483.000000
5533    -1798484.750000
5534    -1798486.750000
5535    -1798488.750000
5536    -1798490.000000
5537    -1798491.625000
5538    -1798493.750000
5539    -1798495.250000
5540    -1798497.125000
5541    -1798498.750000
5542    -1798500.625000
5543    -1798502.250000
5544    -1798504.000000
5545    -1798505.750000
5546    -1798507.500000
5547    -1798509.375000
5548    -1798511.125000
5549    -1798512.375000
5550    -1798514.250000
5551    -1798516.000000
5552    -1798518.000000
5553    -1798519.750000
5554    -1798521.375000
5555    -1798523.000000
5556    -1798524.750000
5557    -1798526.375000
5558    -1798528.375000
5559    -1798529.875000
5560    -1798531.875000
5561    -1798533.250000
5562    -1798535.000000
5563    -1798536.750000
5564    -1798538.500000
5565    -1798540.250000
5566    -1798542.000000
5567    -1798543.500000
5568    -1798545.250000
5569    -1798547.000000
5570    -1798548.500000
5571    -1798550.250000
5572    -1798552.250000
5573    -1798553.750000
5574    -1798555.375000
5575    -1798557.250000
5576    -1798558.875000
5577    -1798560.625000
5578    -1798562.375000
5579    -1798563.875000
5580    -1798565.750000
5581    -1798567.125000
5582    -1798569.000000
5583    -1798570.375000
5584    -1798572.375000
5585    -1798574.250000
5586    -1798575.750000
5587    -1798577.625000
5588    -1798579.250000
5589    -1798580.875000
5590    -1798582.500000
5591    -1798584.125000
5592    -1798585.875000
5593    -1798587.625000
5594    -1798589.250000
5595    -1798590.875000
5596    -1798592.625000
5597    -1798594.375000
5598    -1798596.000000
5599    -1798597.750000
5600    -1798599.000000
5601    -1798600.875000
5602    -1798602.500000
5603    -1798604.250000
5604    -1798605.750000
5605    -1798607.500000
5606    -1798609.375000
5607    -1798611.000000
5608    -1798612.750000
5609    -1798614.250000
5610    -1798615.750000
5611    -1798617.500000
5612    -1798619.250000
5613    -1798620.750000
5614    -1798622.500000
5615    -1798624.000000
5616    -1798626.000000
5617    -1798627.250000
5618    -1798629.000000
5619    -1798630.750000
5620    -1798632.250000
5621    -1798634.000000
5622    -1798635.875000
5623    -1798637.250000
5624    -1798639.250000
5625    -1798640.500000
5626    -1798642.500000
5627    -1798644.000000
5628    -1798645.625000
5629    -1798647.125000
5630    -1798648.500000
5631    -1798650.500000
5632    -1798652.250000
5633    -1798653.750000
5634    -1798655.000000
5635    -1798657.000000
5636    -1798658.625000
5637    -1798660.375000
5638    -1798662.000000
5639    -1798663.500000
5640    -1798665.250000
5641    -1798666.750000
5642    -1798668.375000
5643    -1798669.625000
5644    -1798671.500000
5645    -1798673.250000
5646    -1798674.750000
5647    -1798676.375000
5648    -1798678.125000
5649    -1798679.875000
5650    -1798681.125000
5651    -1798683.000000
5652    -1798684.875000
5653    -1798686.500000
5654    -1798687.750000
5655    -1798689.250000
5656    -1798691.000000
5657    -1798692.750000
5658    -1798694.375000
5659    -1798696.125000
5660    -1798698.000000
5661    -1798699.375000
5662    -1798701.000000
5663    -1798702.625000
5664    -1798704.500000
5665    -1798705.875000
5666    -1798707.375000
5667    -1798709.000000
5668    -1798710.625000
5669    -1798712.250000
5670    -1798713.750000
5671    -1798715.500000
5672    -1798717.125000
5673    -1798718.875000
5674    -1798720.375000
5675    -1798721.750000
5676    -1798723.250000
5677    -1798725.000000
5678    -1798726.625000
5679    -1798728.250000
5680    -1798730.000000
5681    -1798731.500000
5682    -1798733.000000
5683    -1798734.875000
5684    -1798736.250000
5685    -1798738.250000
5686    -1798739.500000
5687    -1798741.000000
5688    -1798742.750000
5689    -1798744.625000
5690    -1798746.000000
5691    -1798747.750000
5692    -1798749.250000
5693    -1798751.000000
5694    -1798752.500000
5695    -1798754.000000
5696    -1798755.750000
5697    -1798757.500000
5698    -1798759.000000
5699    -1798760.750000
5700    -1798762.125000
5701    -1798764.000000
5702    -1798765.250000
5703    -1798767.125000
5704    -1798769.000000
5705    -1798770.500000
5706    -1798772.250000
5707    -1798773.500000
5708    -1798775.250000
5709    -1798777.000000
5710    -1798778.750000
5711    -1798780.375000
5712    -1798781.750000
5713    -1798783.500000
5714    -1798785.250000
5715    -1798786.875000
5716    -1798788.250000
5717    -1798790.250000
5718    -1798791.500000
5719    -1798793.250000
5720    -1798795.125000
5721    -1798796.625000
5722    -1798798.000000
5723    -1798799.500000
5724    -1798801.375000
5725    -1798803.000000
5726    -1798804.375000
5727    -1798806.250000
5728    -1798808.000000
5729    -1798809.500000
5730    -1798811.125000
5731    -1798813.000000
5732    -1798814.500000
5733    -1798816.125000
5734    -1798817.750000
5735    -1798819.500000
5736    -1798820.750000
5737    -1798822.750000
5738    -1798824.250000
5739    -1798825.750000
5740    -1798827.375000
5741    -1798829.250000
5742    -1798830.875000
5743    -1798832.500000
5744    -1798834.125000
5745    -1798835.875000
5746    -1798837.625000
5747    -1798839.125000
5748    -1798840.375000
5749    -1798842.000000
5750    -1798844.000000
5751    -1798845.750000
5752    -1798847.250000
5753    -1798849.250000
5754    -1798850.750000
5755    -1798852.375000
5756    -1798854.000000
5757    -1798855.750000
5758    -1798857.250000
5759    -1798859.000000
5760    -1798860.750000
5761    -1798862.250000
5762    -1798864.000000
5763    -1798865.500000
5764    -1798867.000000
5765    -1798868.500000
5766    -1798870.375000
5767    -1798872.000000
5768    -1798873.750000
5769    -1798875.250000
5770    -1798877.000000
5771    -1798878.625000
5772    -1798880.250000
5773    -1798882.000000
5774    -1798883.750000
5775    -1798885.250000
5776    -1798887.125000
5777    -1798888.500000
5778    -1798889.750000
5779    -1798892.000000
5780    -1798893.750000
5781    -1798895.250000
5782    -1798896.750000
5783    -1798898.500000
5784    -1798900.125000
5785    -1798901.750000
5786    -1798903.375000
5787    -1798905.125000
5788    -1798907.125000
5789    -1798908.500000
5790    -1798910.250000
5791    -1798911.875000
5792    -1798913.500000
5793    -1798915.000000
5794    -1798917.000000
5795    -1798918.000000
5796    -1798920.250000
5797    -1798921.750000
5798    -1798923.375000
5799    -1798925.250000
5800    -1798926.875000
5801    -1798928.750000
5802    -1798930.375000
5803    -1798931.875000
5804    -1798933.625000
5805    -1798935.250000
5806    -1798937.250000
5807    -1798938.750000
5808    -1798940.500000
5809    -1798942.250000
5810    -1798944.125000
5811    -1798945.625000
5812    -1798947.250000
5813    -1798948.750000
5814    -1798950.750000
5815    -1798952.125000
5816    -1798954.125000
5817    -1798955.750000
5818    -1798957.500000
5819    -1798959.500000
5820    -1798961.250000
5821    -1798962.875000
5822    -1798964.625000
5823    -1798966.250000
5824    -1798968.125000
5825    -1798969.500000
5826    -1798971.625000
5827    -1798973.500000
5828    -1798975.000000
5829    -1798976.750000
5830    -1798978.250000
5831    -1798980.500000
5832    -1798982.000000
5833    -1798984.000000
5834    -1798985.500000
5835    -1798987.000000
5836    -1798989.000000
5837    -1798991.000000
5838    -1798992.875000
5839    -1798994.250000
5840    -1798996.000000
5841    -1798998.000000
5842    -1798999.875000
5843    -1799001.625000
5844    -1799003.375000
5845    -1799005.250000
5846    -1799006.875000
5847    -1799008.875000
5848    -1799010.500000
5849    -1799012.375000
5850    -1799013.875000
5851    -1799016.000000
5852    -1799017.750000
5853    -1799019.750000
5854    -1799021.250000
5855    -1799023.375000
5856    -1799025.000000
5857    -1799026.875000
5858    -1799028.750000
5859    -1799030.500000
5860    -1799032.750000
5861    -1799034.500000
5862    -1799036.125000
5863    -1799038.000000
5864    -1799039.750000
5865    -1799041.500000
5866    -1799043.250000
5867    -1799045.250000
5868    -1799047.250000
5869    -1799048.625000
5870    -1799050.750000
5871    -1799052.500000
5872    -1799054.000000
5873    -1799056.125000
5874    -1799058.125000
5875    -1799060.000000
5876    -1799061.625000
5877    -1799063.750000
5878    -1799065.750000
5879    -1799067.250000
5880    -1799069.125000
5881    -1799071.250000
5882    -1799073.000000
5883    -1799074.875000
5884    -1799076.625000
5885    -1799078.750000
5886    -1799080.500000
5887    -1799082.375000
5888    -1799084.125000
5889    -1799086.250000
5890    -1799088.125000
5891    -1799089.625000
5892    -1799091.500000
5893    -1799093.500000
5894    -1799095.500000
5895    -1799097.250000
5896    -1799099.250000
5897    -1799101.125000
5898    -1799102.875000
5899    -1799104.750000
5900    -1799106.500000
5901    -1799108.500000
5902    -1799110.625000
5903    -1799112.500000
5904    -1799114.250000
5905    -1799116.125000
5906    -1799118.000000
5907    -1799120.000000
5908    -1799121.875000
5909    -1799123.750000
5910    -1799125.500000
5911    -1799127.500000
5912    -1799129.500000
5913    -1799131.500000
5914    -1799133.500000
5915    -1799135.500000
5916    -1799137.000000
5917    -1799139.250000
5918    -1799141.000000
5919    -1799143.250000
5920    -1799145.125000
5921    -1799147.125000
5922    -1799149.000000
5923    -1799151.000000
5924    -1799153.000000
5925    -1799154.875000
5926    -1799156.875000
5927    -1799158.875000
5928    -1799160.750000
5929    -1799162.875000
5930    -1799164.750000
5931    -1799166.750000
5932    -1799168.625000
5933    -1799170.250000
5934    -1799172.500000
5935    -1799174.375000
5936    -1799176.250000
5937    -1799178.250000
5938    -1799180.500000
5939    -1799182.250000
5940    -1799184.375000
5941    -1799186.500000
5942    -1799188.250000
5943    -1799190.375000
5944    -1799192.125000
5945    -1799194.000000
5946    -1799196.000000
5947    -1799198.250000
5948    -1799200.000000
5949    -1799202.125000
5950    -1799204.125000
5951    -1799206.000000
5952    -1799207.750000
5953    -1799210.000000
5954    -1799212.000000
5955    -1799213.875000
5956    -1799215.875000
5957    -1799217.500000
5958    -1799219.750000
5959    -1799221.875000
5960    -1799223.500000
5961    -1799225.750000
5962    -1799227.625000
5963    -1799229.500000
5964    -1799231.250000
5965    -1799233.500000
5966    -1799235.375000
5967    -1799237.500000
5968    -1799239.500000
5969    -1799241.500000
5970    -1799243.375000
5971    -1799245.250000
5972    -1799247.500000
5973    -1799249.250000
5974    -1799251.250000
5975    -1799253.250000
5976    -1799255.500000
5977    -1799257.250000
5978    -1799259.125000
5979    -1799261.000000
5980    -1799263.000000
5981    -1799265.000000
5982    -1799267.000000
5983    -1799269.000000
5984    -1799270.875000
5985    -1799273.000000
5986    -1799275.000000
5987    -1799277.250000
5988    -1799279.250000
5989    -1799281.000000
5990    -1799283.000000
5991    -1799284.875000
5992    -1799287.125000
5993    -1799288.875000
5994    -1799291.000000
5995    -1799292.500000
5996    -1799294.750000
5997    -1799297.000000
5998    -1799298.875000
5999    -1799301.000000
6000    -1799303.000000
6001    -1799304.750000
6002    -1799306.875000
6003    -1799308.750000
6004    -1799310.500000
6005    -1799312.625000
6006    -1799314.625000
6007    -1799316.375000
6008    -1799318.875000
6009    -1799320.750000
6010    -1799322.625000
6011    -1799324.250000
6012    -1799326.500000
6013    -1799328.500000
6014    -1799330.125000
6015    -1799332.375000
6016    -1799334.000000
6017    -1799336.250000
6018    -1799338.250000
6019    -1799340.125000
6020    -1799342.000000
6021    -1799344.000000
6022    -1799346.250000
6023    -1799348.000000
6024    -1799350.000000
6025    -1799352.000000
6026    -1799353.750000
6027    -1799356.000000
6028    -1799357.875000
6029    -1799359.750000
6030    -1799361.750000
6031    -1799363.875000
6032    -1799365.750000
6033    -1799367.750000
6034    -1799369.500000
6035    -1799371.875000
6036    -1799373.750000
6037    -1799375.500000
6038    -1799377.500000
6039    -1799379.625000
6040    -1799381.250000
6041    -1799383.375000
6042    -1799385.250000
6043    -1799387.250000
6044    -1799389.500000
6045    -1799391.375000
6046    -1799393.250000
6047    -1799395.000000
6048    -1799397.125000
6049    -1799399.250000
6050    -1799401.125000
6051    -1799403.000000
6052    -1799405.250000
6053    -1799407.000000
6054    -1799408.750000
6055    -1799411.250000
6056    -1799412.750000
6057    -1799414.750000
6058    -1799416.500000
6059    -1799418.500000
6060    -1799420.750000
6061    -1799422.375000
6062    -1799424.375000
6063    -1799426.625000
6064    -1799428.500000
6065    -1799430.250000
6066    -1799432.375000
6067    -1799434.125000
6068    -1799436.250000
6069    -1799438.250000
6070    -1799440.000000
6071    -1799442.125000
6072    -1799444.000000
6073    -1799445.750000
6074    -1799447.625000
6075    -1799449.500000
6076    -1799452.000000
6077    -1799453.625000
6078    -1799455.750000
6079    -1799457.500000
6080    -1799459.250000
6081    -1799461.250000
6082    -1799463.500000
6083    -1799465.250000
6084    -1799467.000000
6085    -1799469.250000
6086    -1799470.750000
6087    -1799472.750000
6088    -1799474.875000
6089    -1799476.625000
6090    -1799478.500000
6091    -1799480.250000
6092    -1799482.500000
6093    -1799484.375000
6094    -1799486.250000
6095    -1799488.375000
6096    -1799490.000000
6097    -1799491.750000
6098    -1799493.500000
6099    -1799495.750000
6100    -1799497.500000
6101    -1799499.250000
6102    -1799501.125000
6103    -1799503.000000
6104    -1799504.875000
6105    -1799506.875000
6106    -1799508.750000
6107    -1799510.500000
6108    -1799512.750000
6109    -1799514.500000
6110    -1799516.250000
6111    -1799518.250000
6112    -1799520.250000
6113    -1799521.875000
6114    -1799523.750000
6115    -1799525.750000
6116    -1799527.750000
6117    -1799529.500000
6118    -1799531.500000
6119    -1799533.000000
6120    -1799534.750000
6121    -1799537.250000
6122    -1799539.000000
6123    -1799540.500000
6124    -1799542.500000
6125    -1799544.375000
6126    -1799546.000000
6127    -1799548.000000
6128    -1799550.000000
6129    -1799551.625000
6130    -1799553.500000
6131    -1799555.625000
6132    -1799557.125000
6133    -1799559.125000
6134    -1799561.250000
6135    -1799562.500000
6136    -1799564.625000
6137    -1799566.500000
6138    -1799568.125000
6139    -1799570.000000
6140    -1799571.625000
6141    -1799573.500000
6142    -1799575.500000
6143    -1799577.250000
6144    -1799579.000000
6145    -1799580.750000
6146    -1799582.750000
6147    -1799584.375000
6148    -1799586.250000
6149    -1799588.125000
6150    -1799589.750000
6151    -1799591.625000
6152    -1799593.500000
6153    -1799595.250000
6154    -1799597.000000
6155    -1799599.000000
6156    -1799600.500000
6157    -1799602.250000
6158    -1799604.000000
6159    -1799605.750000
6160    -1799607.750000
6161    -1799609.375000
6162    -1799611.500000
6163    -1799612.875000
6164    -1799614.500000
6165    -1799616.250000
6166    -1799618.000000
6167    -1799619.500000
6168    -1799621.500000
6169    -1799623.125000
6170    -1799624.875000
6171    -1799626.625000
6172    -1799628.000000
6173    -1799629.750000
6174    -1799631.625000
6175    -1799633.500000
6176    -1799635.000000
6177    -1799636.500000
6178    -1799638.125000
6179    -1799640.000000
6180    -1799641.500000
6181    -1799643.625000
6182    -1799645.125000
6183    -1799646.375000
6184    -1799648.250000
6185    -1799650.000000
6186    -1799651.750000
6187    -1799653.125000
6188    -1799654.875000
6189    -1799656.625000
6190    -1799658.250000
6191    -1799659.625000
6192    -1799661.250000
6193    -1799662.750000
6194    -1799664.500000
6195    -1799666.250000
6196    -1799667.750000
6197    -1799669.500000
6198    -1799671.000000
6199    -1799672.750000
6200    -1799674.125000
6201    -1799675.875000
6202    -1799677.500000
6203    -1799679.250000
6204    -1799680.500000
6205    -1799682.250000
6206    -1799683.750000
6207    -1799685.500000
6208    -1799687.000000
6209    -1799688.500000
6210    -1799690.000000
6211    -1799691.625000
6212    -1799693.250000
6213    -1799695.000000
6214    -1799696.375000
6215    -1799698.125000
6216    -1799699.750000
6217    -1799701.000000
6218    -1799702.500000
6219    -1799704.000000
6220    -1799705.500000
6221    -1799707.250000
6222    -1799708.750000
6223    -1799710.500000
6224    -1799711.750000
6225    -1799713.625000
6226    -1799715.000000
6227    -1799716.500000
6228    -1799718.000000
6229    -1799719.500000
6230    -1799721.000000
6231    -1799722.500000
6232    -1799724.000000
6233    -1799725.250000
6234    -1799726.750000
6235    -1799728.375000
6236    -1799729.750000
6237    -1799731.250000
6238    -1799732.625000
6239    -1799734.250000
6240    -1799735.750000
6241    -1799737.250000
6242    -1799738.625000
6243    -1799739.875000
6244    -1799741.375000
6245    -1799742.875000
6246    -1799744.375000
6247    -1799745.750000
6248    -1799747.000000
6249    -1799748.750000
6250    -1799750.000000
6251    -1799751.750000
6252    -1799752.500000
6253    -1799754.250000
6254    -1799755.500000
6255    -1799757.000000
6256    -1799758.500000
6257    -1799759.750000
6258    -1799761.000000
6259    -1799762.750000
6260    -1799763.750000
6261    -1799765.250000
6262    -1799766.500000
6263    -1799768.000000
6264    -1799769.250000
6265    -1799771.125000
6266    -1799772.000000
6267    -1799773.375000
6268    -1799774.875000
6269    -1799776.250000
6270    -1799777.750000
6271    -1799778.750000
6272    -1799780.250000
6273    -1799781.500000
6274    -1799782.875000
6275    -1799784.125000
6276    -1799785.500000
6277    -1799786.750000
6278    -1799788.000000
6279    -1799789.250000
6280    -1799790.750000
6281    -1799792.000000
6282    -1799793.375000
6283    -1799794.750000
6284    -1799796.000000
6285    -1799797.375000
6286    -1799798.750000
6287    -1799799.750000
6288    -1799801.500000
6289    -1799802.500000
6290    -1799803.750000
6291    -1799805.250000
6292    -1799806.250000
6293    -1799807.750000
6294    -1799809.000000
6295    -1799810.250000
6296    -1799811.625000
6297    -1799812.500000
6298    -1799814.125000
6299    -1799815.375000
6300    -1799816.375000
6301    -1799817.750000
6302    -1799819.000000
6303    -1799820.250000
6304    -1799821.750000
6305    -1799822.750000
6306    -1799824.000000
6307    -1799825.000000
6308    -1799826.500000
6309    -1799827.625000
6310    -1799829.000000
6311    -1799830.125000
6312    -1799831.250000
6313    -1799832.500000
6314    -1799833.875000
6315    -1799835.000000
6316    -1799836.375000
6317    -1799837.750000
6318    -1799838.875000
6319    -1799840.000000
6320    -1799841.000000
6321    -1799842.500000
6322    -1799843.625000
6323    -1799845.250000
6324    -1799846.250000
6325    -1799847.125000
6326    -1799848.625000
6327    -1799849.625000
6328    -1799850.750000
6329    -1799852.250000
6330    -1799853.375000
6331    -1799854.375000
6332    -1799855.875000
6333    -1799857.000000
6334    -1799858.250000
6335    -1799859.500000
6336    -1799860.750000
6337    -1799862.125000
6338    -1799863.000000
6339    -1799864.500000
6340    -1799865.625000
6341    -1799866.750000
6342    -1799868.125000
6343    -1799869.500000
6344    -1799870.375000
6345    -1799871.500000
6346    -1799872.750000
6347    -1799874.250000
6348    -1799875.375000
6349    -1799876.625000
6350    -1799877.750000
6351    -1799879.000000
6352    -1799880.250000
6353    -1799881.625000
6354    -1799882.250000
6355    -1799883.750000
6356    -1799884.750000
6357    -1799886.125000
6358    -1799887.375000
6359    -1799888.750000
6360    -1799890.000000
6361    -1799891.250000
6362    -1799892.250000
6363    -1799893.375000
6364    -1799894.625000
6365    -1799895.625000
6366    -1799897.000000
6367    -1799898.250000
6368    -1799899.250000
6369    -1799900.625000
6370    -1799901.750000
6371    -1799902.750000
6372    -1799904.250000
6373    -1799905.500000
6374    -1799906.750000
6375    -1799907.625000
6376    -1799909.000000
6377    -1799910.000000
6378    -1799911.250000
6379    -1799912.500000
6380    -1799913.750000
6381    -1799915.000000
6382    -1799916.250000
6383    -1799917.500000
6384    -1799918.375000
6385    -1799919.625000
6386    -1799920.750000
6387    -1799922.250000
6388    -1799923.500000
6389    -1799924.250000
6390    -1799925.500000
6391    -1799927.000000
6392    -1799928.000000
6393    -1799929.125000
6394    -1799930.375000
6395    -1799931.750000
6396    -1799932.750000
6397    -1799934.000000
6398    -1799934.750000
6399    -1799936.125000
6400    -1799937.500000
6401    -1799938.250000
6402    -1799939.750000
6403    -1799940.875000
6404    -1799942.000000
6405    -1799943.000000
6406    -1799944.375000
6407    -1799945.250000
6408    -1799946.500000
6409    -1799947.875000
6410    -1799949.500000
6411    -1799950.250000
6412    -1799951.250000
6413    -1799952.375000
6414    -1799953.500000
6415    -1799954.750000
6416    -1799955.625000
6417    -1799956.875000
6418    -1799958.375000
6419    -1799959.250000
6420    -1799960.500000
6421    -1799961.500000
6422    -1799962.875000
6423    -1799964.000000
6424    -1799965.000000
6425    -1799966.250000
6426    -1799967.500000
6427    -1799968.625000
6428    -1799969.625000
6429    -1799970.750000
6430    -1799971.875000
6431    -1799973.000000
6432    -1799974.250000
6433    -1799975.625000
6434    -1799976.750000
6435    -1799977.750000
6436    -1799978.625000
6437    -1799980.000000
6438    -1799981.250000
6439    -1799982.250000
6440    -1799983.500000
6441    -1799984.625000
6442    -1799985.625000
6443    -1799987.000000
6444    -1799987.750000
6445    -1799989.000000
6446    -1799990.500000
6447    -1799991.500000
6448    -1799992.500000
6449    -1799993.500000
6450    -1799994.750000
6451    -1799996.000000
6452    -1799997.250000
6453    -1799998.250000
6454    -1799999.375000
6455    -1800000.250000
6456    -1800001.500000
6457    -1800003.000000
6458    -1800004.125000
6459    -1800005.000000
6460    -1800006.000000
6461    -1800007.125000
6462    -1800008.375000
6463    -1800009.750000
6464    -1800010.750000
6465    -1800012.000000
6466    -1800013.250000
6467    -1800014.000000
6468    -1800015.250000
6469    -1800016.500000
6470    -1800017.375000
6471    -1800018.625000
6472    -1800020.000000
6473    -1800020.750000
6474    -1800022.000000
6475    -1800023.250000
6476    -1800024.375000
6477    -1800025.250000
6478    -1800026.500000
6479    -1800027.875000
6480    -1800029.000000
6481    -1800030.125000
6482    -1800031.000000
6483    -1800032.500000
6484    -1800033.500000
6485    -1800034.625000
6486    -1800035.875000
6487    -1800037.000000
6488    -1800038.250000
6489    -1800039.250000
6490    -1800040.500000
6491    -1800041.750000
6492    -1800043.125000
6493    -1800044.000000
6494    -1800045.375000
6495    -1800046.625000
6496    -1800047.500000
6497    -1800049.000000
6498    -1800050.000000
6499    -1800051.250000
6500    -1800052.500000
6501    -1800053.500000
6502    -1800055.000000
6503    -1800056.000000
6504    -1800057.500000
6505    -1800058.500000
6506    -1800059.875000
6507    -1800061.000000
6508    -1800062.000000
6509    -1800063.500000
6510    -1800064.750000
6511    -1800065.750000
6512    -1800067.000000
6513    -1800068.125000
6514    -1800069.500000
6515    -1800070.500000
6516    -1800072.000000
6517    -1800073.375000
6518    -1800074.375000
6519    -1800075.500000
6520    -1800076.875000
6521    -1800078.250000
6522    -1800079.625000
6523    -1800080.750000
6524    -1800081.750000
6525    -1800083.125000
6526    -1800084.375000
6527    -1800085.500000
6528    -1800086.500000
6529    -1800088.000000
6530    -1800089.250000
6531    -1800090.625000
6532    -1800091.750000
6533    -1800093.000000
6534    -1800094.500000
6535    -1800095.500000
6536    -1800097.000000
6537    -1800098.250000
6538    -1800099.500000
6539    -1800100.875000
6540    -1800102.000000
6541    -1800103.500000
6542    -1800104.625000
6543    -1800105.875000
6544    -1800107.000000
6545    -1800108.500000
6546    -1800109.750000
6547    -1800111.000000
6548    -1800112.250000
6549    -1800113.500000
6550    -1800114.750000
6551    -1800116.250000
6552    -1800117.500000
6553    -1800118.875000
6554    -1800120.125000
6555    -1800121.250000
6556    -1800122.250000
6557    -1800124.000000
6558    -1800125.000000
6559    -1800126.750000
6560    -1800127.875000
6561    -1800129.250000
6562    -1800130.500000
6563    -1800131.750000
6564    -1800133.250000
6565    -1800134.500000
6566    -1800136.000000
6567    -1800137.250000
6568    -1800138.500000
6569    -1800139.500000
6570    -1800141.000000
6571    -1800142.375000
6572    -1800143.875000
6573    -1800144.875000
6574    -1800146.375000
6575    -1800147.500000
6576    -1800149.125000
6577    -1800150.375000
6578    -1800151.500000
6579    -1800152.875000
6580    -1800154.500000
6581    -1800155.750000
6582    -1800157.000000
6583    -1800158.500000
6584    -1800160.000000
6585    -1800161.250000
6586    -1800162.500000
6587    -1800164.000000
6588    -1800165.250000
6589    -1800166.750000
6590    -1800167.750000
6591    -1800169.375000
6592    -1800170.500000
6593    -1800172.000000
6594    -1800173.250000
6595    -1800175.000000
6596    -1800176.125000
6597    -1800177.750000
6598    -1800178.750000
6599    -1800180.250000
6600    -1800182.000000
6601    -1800182.750000
6602    -1800184.500000
6603    -1800185.750000
6604    -1800186.750000
6605    -1800188.375000
6606    -1800189.875000
6607    -1800191.125000
6608    -1800192.500000
6609    -1800193.875000
6610    -1800195.500000
6611    -1800196.750000
6612    -1800198.125000
6613    -1800199.500000
6614    -1800201.000000
6615    -1800202.000000
6616    -1800203.750000
6617    -1800205.250000
6618    -1800206.500000
6619    -1800207.750000
6620    -1800209.250000
6621    -1800210.875000
6622    -1800212.250000
6623    -1800213.375000
6624    -1800215.125000
6625    -1800216.500000
6626    -1800217.750000
6627    -1800219.250000
6628    -1800220.625000
6629    -1800221.875000
6630    -1800223.500000
6631    -1800225.000000
6632    -1800226.250000
6633    -1800227.625000
6634    -1800229.000000
6635    -1800230.500000
6636    -1800232.000000
6637    -1800233.375000
6638    -1800234.750000
6639    -1800236.250000
6640    -1800237.625000
6641    -1800238.875000
6642    -1800240.375000
6643    -1800242.000000
6644    -1800243.250000
6645    -1800244.875000
6646    -1800246.375000
6647    -1800247.625000
6648    -1800249.375000
6649    -1800250.750000
6650    -1800252.250000
6651    -1800253.500000
6652    -1800255.000000
6653    -1800256.500000
6654    -1800258.250000
6655    -1800259.500000
6656    -1800261.000000
6657    -1800262.375000
6658    -1800263.750000
6659    -1800265.375000
6660    -1800266.750000
6661    -1800267.875000
6662    -1800269.500000
6663    -1800271.000000
6664    -1800272.250000
6665    -1800273.875000
6666    -1800275.250000
6667    -1800276.750000
6668    -1800278.250000
6669    -1800279.625000
6670    -1800281.000000
6671    -1800282.250000
6672    -1800284.125000
6673    -1800285.625000
6674    -1800287.000000
6675    -1800288.500000
6676    -1800290.000000
6677    -1800291.500000
6678    -1800293.000000
6679    -1800294.375000
6680    -1800295.875000
6681    -1800297.250000
6682    -1800298.750000
6683    -1800300.250000
6684    -1800301.625000
6685    -1800303.000000
6686    -1800304.750000
6687    -1800306.250000
6688    -1800307.750000
6689    -1800309.250000
6690    -1800310.375000
6691    -1800312.000000
6692    -1800313.375000
6693    -1800314.875000
6694    -1800316.500000
6695    -1800318.250000
6696    -1800319.000000
6697    -1800320.625000
6698    -1800322.250000
6699    -1800323.750000
6700    -1800325.000000
6701    -1800326.500000
6702    -1800328.000000
6703    -1800329.750000
6704    -1800330.875000
6705    -1800332.625000
6706    -1800334.000000
6707    -1800335.500000
6708    -1800337.000000
6709    -1800338.625000
6710    -1800339.750000
6711    -1800341.500000
6712    -1800342.875000
6713    -1800344.250000
6714    -1800345.750000
6715    -1800347.250000
6716    -1800348.750000
6717    -1800350.250000
6718    -1800351.625000
6719    -1800353.250000
6720    -1800354.750000
6721    -1800356.125000
6722    -1800357.500000
6723    -1800358.875000
6724    -1800360.750000
6725    -1800362.250000
6726    -1800363.625000
6727    -1800365.125000
6728    -1800366.500000
6729    -1800368.000000
6730    -1800369.500000
6731    -1800371.250000
6732    -1800372.625000
6733    -1800374.000000
6734    -1800375.375000
6735    -1800377.000000
6736    -1800378.750000
6737    -1800380.250000
6738    -1800381.500000
6739    -1800383.000000
6740    -1800384.375000
6741    -1800385.750000
6742    -1800387.250000
6743    -1800388.875000
6744    -1800390.625000
6745    -1800392.250000
6746    -1800393.500000
6747    -1800395.000000
6748    -1800396.500000
6749    -1800398.000000
6750    -1800399.375000
6751    -1800401.000000
6752    -1800402.750000
6753    -1800404.000000
6754    -1800405.500000
6755    -1800406.750000
6756    -1800408.625000
6757    -1800409.875000
6758    -1800411.500000
6759    -1800412.750000
6760    -1800414.375000
6761    -1800415.875000
6762    -1800417.500000
6763    -1800419.000000
6764    -1800420.500000
6765    -1800422.000000
6766    -1800423.250000
6767    -1800424.750000
6768    -1800426.250000
6769    -1800427.875000
6770    -1800429.500000
6771    -1800430.750000
6772    -1800432.375000
6773    -1800434.000000
6774    -1800435.250000
6775    -1800436.625000
6776    -1800438.500000
6777    -1800439.750000
6778    -1800441.500000
6779    -1800442.875000
6780    -1800444.250000
6781    -1800445.625000
6782    -1800447.250000
6783    -1800448.750000
6784    -1800450.000000
6785    -1800451.875000
6786    -1800453.250000
6787    -1800454.875000
6788    -1800456.125000
6789    -1800457.375000
6790    -1800458.750000
6791    -1800460.250000
6792    -1800462.000000
6793    -1800463.375000
6794    -1800464.750000
6795    -1800466.500000
6796    -1800467.750000
6797    -1800469.125000
6798    -1800470.750000
6799    -1800472.250000
6800    -1800473.875000
6801    -1800475.000000
6802    -1800476.500000
6803    -1800478.125000
6804    -1800479.625000
6805    -1800481.000000
6806    -1800482.500000
6807    -1800484.000000
6808    -1800485.250000
6809    -1800486.750000
6810    -1800488.250000
6811    -1800489.750000
6812    -1800491.000000
6813    -1800492.250000
6814    -1800493.750000
6815    -1800495.500000
6816    -1800496.750000
6817    -1800498.250000
6818    -1800499.750000
6819    -1800501.000000
6820    -1800502.625000
6821    -1800504.000000
6822    -1800505.250000
6823    -1800506.875000
6824    -1800508.125000
6825    -1800509.750000
6826    -1800511.125000
6827    -1800512.375000
6828    -1800514.000000
6829    -1800515.500000
6830    -1800516.750000
6831    -1800518.000000
6832    -1800519.500000
6833    -1800520.875000
6834    -1800522.125000
6835    -1800523.750000
6836    -1800525.250000
6837    -1800526.500000
6838    -1800527.750000
6839    -1800529.250000
6840    -1800530.500000
6841    -1800532.000000
6842    -1800533.250000
6843    -1800535.000000
6844    -1800536.000000
6845    -1800537.500000
6846    -1800538.750000
6847    -1800540.000000
6848    -1800541.375000
6849    -1800542.750000
6850    -1800544.125000
6851    -1800545.625000
6852    -1800546.750000
6853    -1800548.250000
6854    -1800549.750000
6855    -1800550.750000
6856    -1800552.125000
6857    -1800553.375000
6858    -1800554.750000
6859    -1800556.000000
6860    -1800557.250000
6861    -1800558.750000
6862    -1800560.125000
6863    -1800561.375000
6864    -1800562.500000
6865    -1800563.750000
6866    -1800565.000000
6867    -1800566.500000
6868    -1800567.750000
6869    -1800568.750000
6870    -1800570.375000
6871    -1800571.250000
6872    -1800572.750000
6873    -1800574.000000
6874    -1800575.375000
6875    -1800576.500000
6876    -1800577.875000
6877    -1800579.125000
6878    -1800580.250000
6879    -1800581.625000
6880    -1800582.875000
6881    -1800584.000000
6882    -1800585.250000
6883    -1800586.375000
6884    -1800587.750000
6885    -1800589.125000
6886    -1800590.500000
6887    -1800591.625000
6888    -1800593.000000
6889    -1800594.000000
6890    -1800595.500000
6891    -1800596.625000
6892    -1800598.000000
6893    -1800599.000000
6894    -1800600.250000
6895    -1800601.375000
6896    -1800602.875000
6897    -1800604.125000
6898    -1800605.250000
6899    -1800606.500000
6900    -1800607.750000
6901    -1800609.000000
6902    -1800610.000000
6903    -1800611.250000
6904    -1800612.375000
6905    -1800613.750000
6906    -1800614.750000
6907    -1800616.250000
6908    -1800617.250000
6909    -1800618.625000
6910    -1800619.625000
6911    -1800621.000000
6912    -1800622.000000
6913    -1800623.500000
6914    -1800624.500000
6915    -1800625.750000
6916    -1800626.750000
6917    -1800627.875000
6918    -1800629.000000
6919    -1800630.375000
6920    -1800631.500000
6921    -1800632.500000
6922    -1800633.875000
6923    -1800635.000000
6924    -1800636.250000
6925    -1800637.500000
6926    -1800638.500000
6927    -1800639.750000
6928    -1800640.875000
6929    -1800642.125000
6930    -1800643.250000
6931    -1800644.250000
6932    -1800645.250000
6933    -1800646.750000
6934    -1800648.000000
6935    -1800649.000000
6936    -1800650.250000
6937    -1800651.500000
6938    -1800652.500000
6939    -1800653.875000
6940    -1800654.875000
6941    -1800656.250000
6942    -1800657.250000
6943    -1800658.250000
6944    -1800659.500000
6945    -1800660.500000
6946    -1800661.875000
6947    -1800662.750000
6948    -1800664.250000
6949    -1800665.250000
6950    -1800666.500000
6951    -1800667.500000
6952    -1800668.750000
6953    -1800669.875000
6954    -1800671.000000
6955    -1800672.000000
6956    -1800673.250000
6957    -1800674.500000
6958    -1800675.500000
6959    -1800676.750000
6960    -1800678.000000
6961    -1800679.000000
6962    -1800680.250000
6963    -1800681.250000
6964    -1800682.500000
6965    -1800683.500000
6966    -1800684.750000
6967    -1800685.750000
6968    -1800686.750000
6969    -1800688.125000
6970    -1800689.250000
6971    -1800690.500000
6972    -1800691.500000
6973    -1800692.750000
6974    -1800693.750000
6975    -1800695.000000
6976    -1800696.250000
6977    -1800697.375000
6978    -1800698.375000
6979    -1800699.250000
6980    -1800700.750000
6981    -1800701.625000
6982    -1800703.000000
6983    -1800704.000000
6984    -1800705.250000
6985    -1800706.250000
6986    -1800707.500000
6987    -1800708.375000
6988    -1800709.500000
6989    -1800710.750000
6990    -1800712.000000
6991    -1800713.000000
6992    -1800713.875000
6993    -1800715.000000
6994    -1800716.250000
6995    -1800717.375000
6996    -1800718.750000
6997    -1800719.500000
6998    -1800720.875000
6999    -1800721.875000
7000    -1800723.000000
7001    -1800724.125000
7002    -1800725.375000
7003    -1800726.625000
7004    -1800727.625000
7005    -1800728.750000
7006    -1800729.750000
7007    -1800730.875000
7008    -1800732.125000
7009    -1800733.500000
7010    -1800734.375000
7011    -1800735.500000
7012    -1800736.750000
7013    -1800738.125000
7014    -1800739.000000
7015    -1800740.000000
7016    -1800741.375000
7017    -1800742.375000
7018    -1800743.750000
7019    -1800745.000000
7020    -1800746.000000
7021    -1800747.250000
7022    -1800748.250000
7023    -1800749.250000
7024    -1800750.500000
7025    -1800751.625000
7026    -1800752.875000
7027    -1800754.125000
7028    -1800755.250000
7029    -1800756.250000
7030    -1800757.500000
7031    -1800758.625000
7032    -1800759.875000
7033    -1800761.000000
7034    -1800762.375000
7035    -1800763.375000
7036    -1800764.750000
7037    -1800765.750000
7038    -1800767.000000
7039    -1800768.125000
7040    -1800769.500000
7041    -1800770.625000
7042    -1800771.625000
7043    -1800773.125000
7044    -1800773.750000
7045    -1800775.250000
7046    -1800776.625000
7047    -1800777.750000
7048    -1800779.000000
7049    -1800780.250000
7050    -1800781.625000
7051    -1800782.500000
7052    -1800784.250000
7053    -1800785.000000
7054    -1800786.125000
7055    -1800787.500000
7056    -1800788.750000
7057    -1800789.750000
7058    -1800791.000000
7059    -1800792.500000
7060    -1800793.500000
7061    -1800794.875000
7062    -1800796.000000
7063    -1800797.250000
7064    -1800798.625000
7065    -1800799.750000
7066    -1800801.000000
7067    -1800802.500000
7068    -1800803.750000
7069    -1800804.750000
7070    -1800806.000000
7071    -1800807.500000
7072    -1800808.625000
7073    -1800809.625000
7074    -1800811.125000
7075    -1800812.250000
7076    -1800813.500000
7077    -1800814.750000
7078    -1800816.000000
7079    -1800817.000000
7080    -1800818.375000
7081    -1800819.750000
7082    -1800820.875000
7083    -1800822.000000
7084    -1800823.500000
7085    -1800824.625000
7086    -1800825.750000
7087    -1800826.750000
7088    -1800828.125000
7089    -1800829.375000
7090    -1800830.500000
7091    -1800831.875000
7092    -1800833.250000
7093    -1800834.500000
7094    -1800835.500000
7095    -1800836.875000
7096    -1800838.000000
7097    -1800839.250000
7098    -1800840.625000
7099    -1800841.750000
7100    -1800843.000000
7101    -1800844.250000
7102    -1800845.750000
7103    -1800846.500000
7104    -1800848.000000
7105    -1800849.250000
7106    -1800850.750000
7107    -1800851.875000
7108    -1800853.000000
7109    -1800854.250000
7110    -1800855.500000
7111    -1800856.750000
7112    -1800858.000000
7113    -1800859.250000
7114    -1800860.500000
7115    -1800861.875000
7116    -1800863.000000
7117    -1800864.250000
7118    -1800865.875000
7119    -1800867.125000
7120    -1800868.250000
7121    -1800869.500000
7122    -1800870.750000
7123    -1800872.000000
7124    -1800873.250000
7125    -1800874.375000
7126    -1800875.750000
7127    -1800876.875000
7128    -1800878.250000
7129    -1800879.625000
7130    -1800881.125000
7131    -1800882.375000
7132    -1800883.500000
7133    -1800884.875000
7134    -1800886.250000
7135    -1800887.625000
7136    -1800888.750000
7137    -1800890.000000
7138    -1800891.250000
7139    -1800892.500000
7140    -1800894.000000
7141    -1800895.375000
7142    -1800896.500000
7143    -1800898.000000
7144    -1800899.250000
7145    -1800900.500000
7146    -1800901.875000
7147    -1800903.000000
7148    -1800904.250000
7149    -1800905.625000
7150    -1800907.250000
7151    -1800908.250000
7152    -1800909.750000
7153    -1800911.250000
7154    -1800912.250000
7155    -1800913.625000
7156    -1800914.875000
7157    -1800916.250000
7158    -1800917.500000
7159    -1800919.125000
7160    -1800920.250000
7161    -1800921.625000
7162    -1800922.750000
7163    -1800924.000000
7164    -1800925.500000
7165    -1800926.750000
7166    -1800928.125000
7167    -1800929.250000
7168    -1800930.750000
7169    -1800932.000000
7170    -1800933.250000
7171    -1800934.750000
7172    -1800935.750000
7173    -1800937.375000
7174    -1800938.750000
7175    -1800940.000000
7176    -1800941.000000
7177    -1800942.625000
7178    -1800944.000000
7179    -1800945.500000
7180    -1800946.500000
7181    -1800948.125000
7182    -1800949.375000
7183    -1800950.500000
7184    -1800952.000000
7185    -1800953.250000
7186    -1800954.500000
7187    -1800956.000000
7188    -1800956.875000
7189    -1800958.625000
7190    -1800960.000000
7191    -1800961.250000
7192    -1800962.500000
7193    -1800964.000000
7194    -1800965.250000
7195    -1800966.625000
7196    -1800968.000000
7197    -1800969.250000
7198    -1800970.500000
7199    -1800972.000000
7200    -1800973.250000
7201    -1800974.750000
7202    -1800975.875000
7203    -1800977.000000
7204    -1800978.500000
7205    -1800980.000000
7206    -1800981.250000
7207    -1800982.500000
7208    -1800983.750000
7209    -1800985.250000
7210    -1800986.625000
7211    -1800988.000000
7212    -1800989.000000
7213    -1800990.500000
7214    -1800991.750000
7215    -1800993.125000
7216    -1800994.500000
7217    -1800995.750000
7218    -1800997.000000
7219    -1800998.250000
7220    -1800999.250000
7221    -1801000.750000
7222    -1801002.250000
7223    -1801003.250000
7224    -1801004.750000
7225    -1801005.750000
7226    -1801007.250000
7227    -1801008.500000
7228    -1801009.750000
7229    -1801011.000000
7230    -1801012.125000
7231    -1801013.625000
7232    -1801014.875000
7233    -1801016.250000
7234    -1801017.250000
7235    -1801018.500000
7236    -1801019.750000
7237    -1801021.000000
7238    -1801022.500000
7239    -1801023.500000
7240    -1801024.750000
7241    -1801026.000000
7242    -1801027.250000
7243    -1801028.750000
7244    -1801029.750000
7245    -1801031.000000
7246    -1801032.250000
7247    -1801033.750000
7248    -1801034.625000
7249    -1801036.000000
7250    -1801037.000000
7251    -1801038.250000
7252    -1801039.500000
7253    -1801040.750000
7254    -1801042.000000
7255    -1801043.250000
7256    -1801044.500000
7257    -1801045.750000
7258    -1801046.875000
7259    -1801048.000000
7260    -1801049.250000
7261    -1801050.500000
7262    -1801051.625000
7263    -1801052.625000
7264    -1801053.875000
7265    -1801055.250000
7266    -1801056.375000
7267    -1801057.625000
7268    -1801058.625000
7269    -1801060.000000
7270    -1801061.250000
7271    -1801062.000000
7272    -1801063.500000
7273    -1801064.625000
7274    -1801066.000000
7275    -1801067.000000
7276    -1801068.125000
7277    -1801069.250000
7278    -1801070.500000
7279    -1801071.625000
7280    -1801072.750000
7281    -1801073.750000
7282    -1801075.000000
7283    -1801076.500000
7284    -1801077.250000
7285    -1801078.250000
7286    -1801079.750000
7287    -1801081.000000
7288    -1801082.250000
7289    -1801083.125000
7290    -1801084.125000
7291    -1801085.250000
7292    -1801086.750000
7293    -1801087.750000
7294    -1801088.750000
7295    -1801090.000000
7296    -1801091.000000
7297    -1801092.375000
7298    -1801093.625000
7299    -1801094.750000
7300    -1801095.750000
7301    -1801097.000000
7302    -1801098.000000
7303    -1801099.250000
7304    -1801100.500000
7305    -1801101.500000
7306    -1801103.000000
7307    -1801104.000000
7308    -1801105.000000
7309    -1801106.250000
7310    -1801107.250000
7311    -1801108.375000
7312    -1801109.500000
7313    -1801110.875000
7314    -1801112.250000
7315    -1801113.125000
7316    -1801114.250000
7317    -1801115.375000
7318    -1801116.500000
7319    -1801117.750000
7320    -1801118.875000
7321    -1801120.000000
7322    -1801121.250000
7323    -1801122.250000
7324    -1801123.500000
7325    -1801124.500000
7326    -1801125.750000
7327    -1801126.750000
7328    -1801127.750000
7329    -1801129.000000
7330    -1801130.000000
7331    -1801131.500000
7332    -1801132.625000
7333    -1801133.750000
7334    -1801134.875000
7335    -1801136.000000
7336    -1801137.250000
7337    -1801138.500000
7338    -1801139.500000
7339    -1801140.625000
7340    -1801141.750000
7341    -1801142.875000
7342    -1801144.000000
7343    -1801145.250000
7344    -1801146.250000
7345    -1801147.500000
7346    -1801148.250000
7347    -1801149.625000
7348    -1801150.750000
7349    -1801152.125000
7350    -1801153.125000
7351    -1801154.375000
7352    -1801155.375000
7353    -1801156.750000
7354    -1801157.875000
7355    -1801159.125000
7356    -1801160.250000
7357    -1801161.250000
7358    -1801162.250000
7359    -1801163.625000
7360    -1801164.625000
7361    -1801165.500000
7362    -1801166.875000
7363    -1801168.000000
7364    -1801169.250000
7365    -1801170.500000
7366    -1801171.500000
7367    -1801172.750000
7368    -1801173.750000
7369    -1801175.000000
7370    -1801176.125000
7371    -1801177.250000
7372    -1801178.375000
7373    -1801179.500000
7374    -1801180.750000
7375    -1801181.500000
7376    -1801183.000000
7377    -1801184.000000
7378    -1801185.250000
7379    -1801186.375000
7380    -1801187.750000
7381    -1801188.750000
7382    -1801190.000000
7383    -1801191.000000
7384    -1801192.500000
7385    -1801193.375000
7386    -1801194.500000
7387    -1801195.750000
7388    -1801197.250000
7389    -1801198.000000
7390    -1801199.125000
7391    -1801200.250000
7392    -1801201.500000
7393    -1801202.625000
7394    -1801203.750000
7395    -1801205.000000
7396    -1801206.000000
7397    -1801207.125000
7398    -1801208.500000
7399    -1801209.375000
7400    -1801210.500000
7401    -1801211.750000
7402    -1801213.000000
7403    -1801214.125000
7404    -1801215.250000
7405    -1801216.500000
7406    -1801217.750000
7407    -1801218.750000
7408    -1801219.875000
7409    -1801221.250000
7410    -1801222.375000
7411    -1801223.500000
7412    -1801224.250000
7413    -1801225.750000
7414    -1801226.500000
7415    -1801228.000000
7416    -1801229.000000
7417    -1801230.625000
7418    -1801231.500000
7419    -1801232.625000
7420    -1801233.750000
7421    -1801234.875000
7422    -1801236.125000
7423    -1801237.125000
7424    -1801238.375000
7425    -1801239.375000
7426    -1801240.500000
7427    -1801241.625000
7428    -1801242.750000
7429    -1801243.750000
7430    -1801245.250000
7431    -1801246.250000
7432    -1801247.125000
7433    -1801248.500000
7434    -1801249.500000
7435    -1801250.625000
7436    -1801251.500000
7437    -1801252.750000
7438    -1801253.625000
7439    -1801254.750000
7440    -1801255.750000
7441    -1801257.000000
7442    -1801258.250000
7443    -1801259.375000
7444    -1801260.250000
7445    -1801261.375000
7446    -1801262.625000
7447    -1801263.750000
7448    -1801264.750000
7449    -1801265.750000
7450    -1801266.750000
7451    -1801268.000000
7452    -1801269.250000
7453    -1801270.250000
7454    -1801271.250000
7455    -1801272.250000
7456    -1801273.500000
7457    -1801274.500000
7458    -1801275.250000
7459    -1801276.500000
7460    -1801277.500000
7461    -1801278.750000
7462    -1801279.750000
7463    -1801280.750000
7464    -1801281.875000
7465    -1801282.875000
7466    -1801284.000000
7467    -1801285.125000
7468    -1801286.000000
7469    -1801287.250000
7470    -1801288.000000
7471    -1801289.125000
7472    -1801290.125000
7473    -1801291.250000
7474    -1801292.250000
7475    -1801293.375000
7476    -1801294.375000
7477    -1801295.250000
7478    -1801296.250000
7479    -1801297.250000
7480    -1801298.500000
7481    -1801299.500000
7482    -1801300.500000
7483    -1801301.500000
7484    -1801302.500000
7485    -1801303.500000
7486    -1801304.625000
7487    -1801305.625000
7488    -1801306.625000
7489    -1801307.500000
7490    -1801308.750000
7491    -1801309.875000
7492    -1801310.750000
7493    -1801311.750000
7494    -1801312.750000
7495    -1801313.750000
7496    -1801314.875000
7497    -1801315.500000
7498    -1801316.750000
7499    -1801317.750000
7500    -1801318.750000
7501    -1801319.875000
7502    -1801320.750000
7503    -1801321.750000
7504    -1801322.750000
7505    -1801323.750000
7506    -1801324.875000
7507    -1801325.875000
7508    -1801326.625000
7509    -1801327.750000
7510    -1801328.750000
7511    -1801329.875000
7512    -1801331.000000
7513    -1801332.000000
7514    -1801332.875000
7515    -1801333.750000
7516    -1801334.750000
7517    -1801335.750000
7518    -1801336.875000
7519    -1801337.875000
7520    -1801338.750000
7521    -1801339.750000
7522    -1801341.000000
7523    -1801342.000000
7524    -1801342.750000
7525    -1801344.000000
7526    -1801345.000000
7527    -1801345.875000
7528    -1801346.875000
7529    -1801347.875000
7530    -1801348.750000
7531    -1801349.625000
7532    -1801350.875000
7533    -1801351.875000
7534    -1801353.000000
7535    -1801353.750000
7536    -1801354.750000
7537    -1801356.125000
7538    -1801356.750000
7539    -1801358.000000
7540    -1801358.875000
7541    -1801360.000000
7542    -1801360.750000
7543    -1801361.750000
7544    -1801362.875000
7545    -1801363.875000
7546    -1801364.875000
7547    -1801365.750000
7548    -1801367.000000
7549    -1801367.750000
7550    -1801369.000000
7551    -1801369.750000
7552    -1801371.000000
7553    -1801372.125000
7554    -1801373.000000
7555    -1801374.000000
7556    -1801375.000000
7557    -1801376.000000
7558    -1801377.000000
7559    -1801378.000000
7560    -1801379.000000
7561    -1801380.000000
7562    -1801381.000000
7563    -1801382.000000
7564    -1801383.250000
7565    -1801384.125000
7566    -1801384.875000
7567    -1801386.250000
7568    -1801387.000000
7569    -1801387.875000
7570    -1801388.875000
7571    -1801390.125000
7572    -1801390.875000
7573    -1801392.125000
7574    -1801392.875000
7575    -1801394.250000
7576    -1801395.250000
7577    -1801396.250000
7578    -1801397.125000
7579    -1801398.250000
7580    -1801399.000000
7581    -1801399.875000
7582    -1801401.000000
7583    -1801402.000000
7584    -1801403.250000
7585    -1801404.000000
7586    -1801405.125000
7587    -1801405.875000
7588    -1801407.125000
7589    -1801408.000000
7590    -1801409.125000
7591    -1801410.000000
7592    -1801411.250000
7593    -1801412.125000
7594    -1801413.000000
7595    -1801414.000000
7596    -1801415.000000
7597    -1801416.000000
7598    -1801417.125000
7599    -1801418.000000
7600    -1801419.125000
7601    -1801420.000000
7602    -1801421.000000
7603    -1801422.125000
7604    -1801423.250000
7605    -1801424.125000
7606    -1801425.250000
7607    -1801426.125000
7608    -1801427.125000
7609    -1801428.250000
7610    -1801428.875000
7611    -1801430.000000
7612    -1801431.000000
7613    -1801432.125000
7614    -1801433.000000
7615    -1801433.875000
7616    -1801435.000000
7617    -1801436.000000
7618    -1801437.250000
7619    -1801438.000000
7620    -1801439.000000
7621    -1801439.875000
7622    -1801441.000000
7623    -1801442.250000
7624    -1801442.750000
7625    -1801444.000000
7626    -1801445.125000
7627    -1801445.750000
7628    -1801446.750000
7629    -1801448.000000
7630    -1801449.000000
7631    -1801450.000000
7632    -1801451.000000
7633    -1801451.875000
7634    -1801453.000000
7635    -1801454.000000
7636    -1801454.875000
7637    -1801456.000000
7638    -1801456.750000
7639    -1801457.750000
7640    -1801459.000000
7641    -1801459.750000
7642    -1801460.750000
7643    -1801461.875000
7644    -1801463.000000
7645    -1801463.875000
7646    -1801464.750000
7647    -1801465.875000
7648    -1801466.625000
7649    -1801467.750000
7650    -1801468.750000
7651    -1801469.750000
7652    -1801470.500000
7653    -1801471.625000
7654    -1801472.750000
7655    -1801473.750000
7656    -1801474.500000
7657    -1801475.750000
7658    -1801476.750000
7659    -1801477.750000
7660    -1801478.750000
7661    -1801480.000000
7662    -1801480.750000
7663    -1801481.750000
7664    -1801482.625000
7665    -1801483.750000
7666    -1801484.750000
7667    -1801485.750000
7668    -1801486.750000
7669    -1801487.750000
7670    -1801488.750000
7671    -1801489.750000
7672    -1801490.500000
7673    -1801491.500000
7674    -1801492.625000
7675    -1801493.625000
7676    -1801494.750000
7677    -1801495.500000
7678    -1801496.625000
7679    -1801497.750000
7680    -1801498.500000
7681    -1801499.750000
7682    -1801500.500000
7683    -1801501.625000
7684    -1801502.750000
7685    -1801503.750000
7686    -1801504.750000
7687    -1801505.750000
7688    -1801506.500000
7689    -1801507.625000
7690    -1801508.625000
7691    -1801509.500000
7692    -1801510.625000
7693    -1801511.625000
7694    -1801512.500000
7695    -1801513.500000
7696    -1801514.500000
7697    -1801515.500000
7698    -1801516.500000
7699    -1801517.500000
7700    -1801518.500000
7701    -1801519.625000
7702    -1801520.500000
7703    -1801521.625000
7704    -1801522.500000
7705    -1801523.500000
7706    -1801524.375000
7707    -1801525.500000
7708    -1801526.500000
7709    -1801527.500000
7710    -1801528.500000
7711    -1801529.250000
7712    -1801530.250000
7713    -1801531.500000
7714    -1801532.500000
7715    -1801533.375000
7716    -1801534.500000
7717    -1801535.375000
7718    -1801536.250000
7719    -1801537.250000
7720    -1801538.250000
7721    -1801539.250000
7722    -1801540.250000
7723    -1801541.125000
7724    -1801542.250000
7725    -1801543.000000
7726    -1801544.250000
7727    -1801545.250000
7728    -1801546.125000
7729    -1801547.125000
7730    -1801548.125000
7731    -1801549.000000
7732    -1801550.000000
7733    -1801551.000000
7734    -1801552.000000
7735    -1801553.000000
7736    -1801554.000000
7737    -1801555.000000
7738    -1801556.000000
7739    -1801556.750000
7740    -1801557.875000
7741    -1801558.750000
7742    -1801559.750000
7743    -1801560.750000
7744    -1801561.750000
7745    -1801562.500000
7746    -1801563.375000
7747    -1801564.500000
7748    -1801565.625000
7749    -1801566.250000
7750    -1801567.250000
7751    -1801568.375000
7752    -1801569.250000
7753    -1801570.250000
7754    -1801571.000000
7755    -1801572.125000
7756    -1801573.000000
7757    -1801574.000000
7758    -1801575.000000
7759    -1801576.000000
7760    -1801577.000000
7761    -1801577.750000
7762    -1801578.750000
7763    -1801579.625000
7764    -1801580.750000
7765    -1801581.500000
7766    -1801582.500000
7767    -1801583.375000
7768    -1801584.250000
7769    -1801585.375000
7770    -1801586.250000
7771    -1801587.250000
7772    -1801588.250000
7773    -1801589.250000
7774    -1801590.000000
7775    -1801591.000000
7776    -1801592.125000
7777    -1801593.000000
7778    -1801593.750000
7779    -1801595.000000
7780    -1801595.750000
7781    -1801596.875000
7782    -1801597.750000
7783    -1801598.500000
7784    -1801599.500000
7785    -1801600.625000
7786    -1801601.500000
7787    -1801602.500000
7788    -1801603.375000
7789    -1801604.250000
7790    -1801605.000000
7791    -1801606.125000
7792    -1801606.750000
7793    -1801608.000000
7794    -1801608.750000
7795    -1801609.750000
7796    -1801610.750000
7797    -1801611.500000
7798    -1801612.750000
7799    -1801613.500000
7800    -1801614.500000
7801    -1801615.500000
7802    -1801616.250000
7803    -1801617.250000
7804    -1801618.125000
7805    -1801619.000000
7806    -1801620.000000
7807    -1801620.750000
7808    -1801621.875000
7809    -1801622.750000
7810    -1801623.500000
7811    -1801624.625000
7812    -1801625.625000
7813    -1801626.375000
7814    -1801627.000000
7815    -1801628.250000
7816    -1801629.250000
7817    -1801630.000000
7818    -1801631.000000
7819    -1801632.000000
7820    -1801632.875000
7821    -1801633.750000
7822    -1801634.750000
7823    -1801635.750000
7824    -1801636.500000
7825    -1801637.500000
7826    -1801638.250000
7827    -1801639.250000
7828    -1801640.250000
7829    -1801641.125000
7830    -1801642.125000
7831    -1801643.000000
7832    -1801644.125000
7833    -1801644.750000
7834    -1801645.750000
7835    -1801646.750000
7836    -1801647.750000
7837    -1801648.500000
7838    -1801649.500000
7839    -1801650.375000
7840    -1801651.375000
7841    -1801652.250000
7842    -1801653.125000
7843    -1801654.000000
7844    -1801654.875000
7845    -1801655.750000
7846    -1801656.750000
7847    -1801657.750000
7848    -1801658.625000
7849    -1801659.625000
7850    -1801660.625000
7851    -1801661.250000
7852    -1801662.250000
7853    -1801663.250000
7854    -1801664.000000
7855    -1801665.000000
7856    -1801666.000000
7857    -1801667.000000
7858    -1801667.750000
7859    -1801668.625000
7860    -1801669.500000
7861    -1801670.375000
7862    -1801671.375000
7863    -1801672.250000
7864    -1801673.250000
7865    -1801674.000000
7866    -1801675.000000
7867    -1801675.750000
7868    -1801676.500000
7869    -1801677.500000
7870    -1801678.625000
7871    -1801679.500000
7872    -1801680.250000
7873    -1801681.000000
7874    -1801682.125000
7875    -1801683.000000
7876    -1801684.000000
7877    -1801684.750000
7878    -1801685.750000
7879    -1801686.500000
7880    -1801687.625000
7881    -1801688.500000
7882    -1801689.375000
7883    -1801690.000000
7884    -1801691.125000
7885    -1801691.875000
7886    -1801692.875000
7887    -1801693.500000
7888    -1801694.500000
7889    -1801695.500000
7890    -1801696.250000
7891    -1801697.000000
7892    -1801698.250000
7893    -1801698.875000
7894    -1801699.750000
7895    -1801700.750000
7896    -1801701.500000
7897    -1801702.500000
7898    -1801703.500000
7899    -1801704.250000
7900    -1801705.125000
7901    -1801705.875000
7902    -1801706.875000
7903    -1801707.500000
7904    -1801708.625000
7905    -1801709.375000
7906    -1801710.500000
7907    -1801711.000000
7908    -1801711.875000
7909    -1801712.750000
7910    -1801713.625000
7911    -1801714.500000
7912    -1801715.250000
7913    -1801716.000000
7914    -1801717.250000
7915    -1801718.000000
7916    -1801718.750000
7917    -1801719.500000
7918    -1801720.500000
7919    -1801721.125000
7920    -1801721.875000
7921    -1801722.750000
7922    -1801723.750000
7923    -1801724.500000
7924    -1801725.500000
7925    -1801726.250000
7926    -1801727.125000
7927    -1801727.750000
7928    -1801728.750000
7929    -1801729.500000
7930    -1801730.500000
7931    -1801731.500000
7932    -1801732.250000
7933    -1801733.000000
7934    -1801733.750000
7935    -1801734.625000
7936    -1801735.250000
7937    -1801736.250000
7938    -1801737.250000
7939    -1801737.750000
7940    -1801738.875000
7941    -1801739.625000
7942    -1801740.250000
7943    -1801741.000000
7944    -1801741.750000
7945    -1801742.750000
7946    -1801743.250000
7947    -1801744.250000
7948    -1801745.000000
7949    -1801745.750000
7950    -1801746.250000
7951    -1801747.500000
7952    -1801748.375000
7953    -1801749.250000
7954    -1801749.875000
7955    -1801750.750000
7956    -1801751.500000
7957    -1801752.375000
7958    -1801753.250000
7959    -1801753.875000
7960    -1801754.500000
7961    -1801755.500000
7962    -1801756.250000
7963    -1801757.250000
7964    -1801758.125000
7965    -1801758.750000
7966    -1801759.500000
7967    -1801760.250000
7968    -1801761.125000
7969    -1801762.125000
7970    -1801763.250000
7971    -1801763.750000
7972    -1801764.500000
7973    -1801765.250000
7974    -1801766.000000
7975    -1801766.875000
7976    -1801767.875000
7977    -1801768.500000
7978    -1801769.250000
7979    -1801770.250000
7980    -1801771.000000
7981    -1801771.500000
7982    -1801772.375000
7983    -1801773.250000
7984    -1801774.250000
7985    -1801775.000000
7986    -1801775.500000
7987    -1801776.500000
7988    -1801777.250000
7989    -1801778.125000
7990    -1801779.000000
7991    -1801779.750000
7992    -1801780.375000
7993    -1801781.500000
7994    -1801782.250000
7995    -1801783.000000
7996    -1801783.625000
7997    -1801784.375000
7998    -1801785.500000
7999    -1801786.250000
8000    -1801787.000000
8001    -1801787.750000
8002    -1801788.875000
8003    -1801789.500000
8004    -1801790.250000
8005    -1801791.000000
8006    -1801791.875000
8007    -1801792.875000
8008    -1801793.625000
8009    -1801794.500000
8010    -1801795.250000
8011    -1801796.000000
8012    -1801797.125000
8013    -1801797.625000
8014    -1801798.500000
8015    -1801799.500000
8016    -1801800.125000
8017    -1801801.000000
8018    -1801802.000000
8019    -1801802.750000
8020    -1801803.500000
8021    -1801804.250000
8022    -1801805.250000
8023    -1801806.125000
8024    -1801807.000000
8025    -1801807.750000
8026    -1801808.375000
8027    -1801809.375000
8028    -1801810.250000
8029    -1801811.250000
8030    -1801811.875000
8031    -1801812.875000
8032    -1801813.500000
8033    -1801814.625000
8034    -1801815.500000
8035    -1801816.375000
8036    -1801817.250000
8037    -1801818.125000
8038    -1801818.875000
8039    -1801819.750000
8040    -1801820.625000
8041    -1801821.375000
8042    -1801822.500000
8043    -1801823.250000
8044    -1801824.250000
8045    -1801825.000000
8046    -1801826.000000
8047    -1801826.750000
8048    -1801827.500000
8049    -1801828.500000
8050    -1801829.625000
8051    -1801830.375000
8052    -1801831.500000
8053    -1801832.375000
8054    -1801833.000000
8055    -1801834.000000
8056    -1801834.875000
8057    -1801835.750000
8058    -1801836.750000
8059    -1801837.375000
8060    -1801838.375000
8061    -1801839.500000
8062    -1801840.500000
8063    -1801841.375000
8064    -1801842.125000
8065    -1801843.250000
8066    -1801844.000000
8067    -1801845.250000
8068    -1801845.500000
8069    -1801846.625000
8070    -1801848.000000
8071    -1801848.625000
8072    -1801849.500000
8073    -1801850.500000
8074    -1801851.750000
8075    -1801852.625000
8076    -1801853.250000
8077    -1801854.250000
8078    -1801855.250000
8079    -1801856.375000
8080    -1801857.250000
8081    -1801858.250000
8082    -1801859.250000
8083    -1801860.125000
8084    -1801861.125000
8085    -1801862.000000
8086    -1801863.000000
8087    -1801863.875000
8088    -1801865.000000
8089    -1801865.875000
8090    -1801866.875000
8091    -1801867.875000
8092    -1801869.000000
8093    -1801869.750000
8094    -1801871.000000
8095    -1801871.875000
8096    -1801872.750000
8097    -1801874.000000
8098    -1801874.750000
8099    -1801875.875000
8100    -1801877.000000
8101    -1801877.875000
8102    -1801878.750000
8103    -1801880.125000
8104    -1801881.000000
8105    -1801881.875000
8106    -1801883.000000
8107    -1801884.000000
8108    -1801885.000000
8109    -1801886.375000
8110    -1801887.250000
8111    -1801888.125000
8112    -1801889.250000
8113    -1801890.250000
8114    -1801891.375000
8115    -1801892.250000
8116    -1801893.375000
8117    -1801894.250000
8118    -1801895.625000
8119    -1801896.250000
8120    -1801897.750000
8121    -1801898.625000
8122    -1801900.000000
8123    -1801901.000000
8124    -1801902.000000
8125    -1801903.000000
8126    -1801904.125000
8127    -1801905.250000
8128    -1801906.375000
8129    -1801907.250000
8130    -1801908.750000
8131    -1801909.625000
8132    -1801911.000000
8133    -1801911.750000
8134    -1801912.750000
8135    -1801914.000000
8136    -1801915.250000
8137    -1801916.125000
8138    -1801917.375000
8139    -1801918.500000
8140    -1801919.750000
8141    -1801920.875000
8142    -1801921.875000
8143    -1801923.125000
8144    -1801924.250000
8145    -1801925.375000
8146    -1801926.500000
8147    -1801927.500000
8148    -1801928.750000
8149    -1801930.000000
8150    -1801931.250000
8151    -1801932.000000
8152    -1801933.375000
8153    -1801934.500000
8154    -1801935.875000
8155    -1801937.000000
8156    -1801938.250000
8157    -1801939.375000
8158    -1801940.375000
8159    -1801941.625000
8160    -1801942.750000
8161    -1801944.000000
8162    -1801945.125000
8163    -1801946.250000
8164    -1801947.375000
8165    -1801948.750000
8166    -1801949.750000
8167    -1801951.000000
8168    -1801952.250000
8169    -1801953.500000
8170    -1801954.625000
8171    -1801956.000000
8172    -1801956.750000
8173    -1801958.250000
8174    -1801959.500000
8175    -1801960.750000
8176    -1801961.750000
8177    -1801963.250000
8178    -1801964.375000
8179    -1801965.500000
8180    -1801966.750000
8181    -1801967.875000
8182    -1801969.250000
8183    -1801970.500000
8184    -1801971.750000
8185    -1801972.875000
8186    -1801974.250000
8187    -1801975.500000
8188    -1801976.500000
8189    -1801977.750000
8190    -1801979.125000
8191    -1801980.375000
8192    -1801981.375000
8193    -1801982.750000
8194    -1801983.875000
8195    -1801985.250000
8196    -1801986.500000
8197    -1801987.625000
8198    -1801988.750000
8199    -1801990.250000
8200    -1801991.375000
8201    -1801992.375000
8202    -1801993.750000
8203    -1801995.000000
8204    -1801996.500000
8205    -1801997.500000
8206    -1801998.750000
8207    -1802000.250000
8208    -1802001.375000
8209    -1802002.750000
8210    -1802003.750000
8211    -1802005.000000
8212    -1802006.250000
8213    -1802007.500000
8214    -1802008.625000
8215    -1802010.000000
8216    -1802011.250000
8217    -1802012.500000
8218    -1802013.750000
8219    -1802014.750000
8220    -1802016.000000
8221    -1802017.500000
8222    -1802018.625000
8223    -1802019.875000
8224    -1802021.000000
8225    -1802022.250000
8226    -1802023.625000
8227    -1802025.000000
8228    -1802026.250000
8229    -1802027.500000
8230    -1802028.750000
8231    -1802029.875000
8232    -1802031.250000
8233    -1802032.250000
8234    -1802033.500000
8235    -1802034.875000
8236    -1802036.250000
8237    -1802037.500000
8238    -1802038.625000
8239    -1802039.750000
8240    -1802041.125000
8241    -1802042.250000
8242    -1802043.500000
8243    -1802044.875000
8244    -1802046.000000
8245    -1802047.125000
8246    -1802048.375000
8247    -1802049.500000
8248    -1802050.875000
8249    -1802052.250000
8250    -1802053.500000
8251    -1802054.750000
8252    -1802056.000000
8253    -1802056.875000
8254    -1802058.250000
8255    -1802059.500000
8256    -1802060.750000
8257    -1802062.000000
8258    -1802063.000000
8259    -1802064.125000
8260    -1802065.500000
8261    -1802066.750000
8262    -1802068.000000
8263    -1802069.250000
8264    -1802070.500000
8265    -1802071.625000
8266    -1802072.750000
8267    -1802074.000000
8268    -1802075.250000
8269    -1802076.500000
8270    -1802077.750000
8271    -1802078.750000
8272    -1802080.125000
8273    -1802081.250000
8274    -1802082.375000
8275    -1802083.625000
8276    -1802085.000000
8277    -1802086.000000
8278    -1802087.250000
8279    -1802088.500000
8280    -1802089.625000
8281    -1802090.875000
8282    -1802092.250000
8283    -1802093.125000
8284    -1802094.500000
8285    -1802095.750000
8286    -1802096.750000
8287    -1802098.000000
8288    -1802099.250000
8289    -1802100.500000
8290    -1802101.750000
8291    -1802102.625000
8292    -1802103.875000
8293    -1802105.000000
8294    -1802106.250000
8295    -1802107.375000
8296    -1802108.625000
8297    -1802109.750000
8298    -1802110.750000
8299    -1802112.000000
8300    -1802113.250000
8301    -1802114.250000
8302    -1802115.500000
8303    -1802116.625000
8304    -1802117.500000
8305    -1802119.000000
8306    -1802119.750000
8307    -1802121.000000
8308    -1802122.250000
8309    -1802123.500000
8310    -1802124.750000
8311    -1802125.625000
8312    -1802127.000000
8313    -1802128.000000
8314    -1802129.000000
8315    -1802130.250000
8316    -1802131.375000
8317    -1802132.500000
8318    -1802133.500000
8319    -1802134.750000
8320    -1802135.750000
8321    -1802137.000000
8322    -1802138.000000
8323    -1802139.000000
8324    -1802140.375000
8325    -1802141.375000
8326    -1802142.500000
8327    -1802143.750000
8328    -1802144.500000
8329    -1802145.750000
8330    -1802146.750000
8331    -1802147.875000
8332    -1802148.750000
8333    -1802150.125000
8334    -1802151.125000
8335    -1802152.250000
8336    -1802153.250000
8337    -1802154.250000
8338    -1802155.250000
8339    -1802156.375000
8340    -1802157.250000
8341    -1802158.500000
8342    -1802159.375000
8343    -1802160.500000
8344    -1802161.500000
8345    -1802162.500000
8346    -1802163.625000
8347    -1802164.750000
8348    -1802165.625000
8349    -1802166.500000
8350    -1802168.000000
8351    -1802168.750000
8352    -1802169.875000
8353    -1802170.750000
8354    -1802172.000000
8355    -1802173.000000
8356    -1802174.000000
8357    -1802174.875000
8358    -1802176.000000
8359    -1802177.000000
8360    -1802178.250000
8361    -1802179.250000
8362    -1802180.125000
8363    -1802181.250000
8364    -1802182.000000
8365    -1802183.250000
8366    -1802184.250000
8367    -1802185.000000
8368    -1802186.000000
8369    -1802187.125000
8370    -1802188.000000
8371    -1802189.000000
8372    -1802190.000000
8373    -1802191.125000
8374    -1802191.875000
8375    -1802193.000000
8376    -1802194.000000
8377    -1802194.875000
8378    -1802195.750000
8379    -1802196.875000
8380    -1802197.750000
8381    -1802198.625000
8382    -1802199.750000
8383    -1802200.500000
8384    -1802201.500000
8385    -1802202.500000
8386    -1802203.375000
8387    -1802204.500000
8388    -1802205.375000
8389    -1802206.250000
8390    -1802207.250000
8391    -1802208.375000
8392    -1802209.250000
8393    -1802210.000000
8394    -1802211.250000
8395    -1802211.875000
8396    -1802213.000000
8397    -1802214.000000
8398    -1802215.000000
8399    -1802215.750000
8400    -1802216.625000
8401    -1802217.750000
8402    -1802218.750000
8403    -1802219.625000
8404    -1802220.750000
8405    -1802221.625000
8406    -1802222.250000
8407    -1802223.125000
8408    -1802224.375000
8409    -1802225.250000
8410    -1802226.000000
8411    -1802227.250000
8412    -1802228.000000
8413    -1802228.750000
8414    -1802230.000000
8415    -1802231.000000
8416    -1802231.625000
8417    -1802232.625000
8418    -1802233.500000
8419    -1802234.375000
8420    -1802235.250000
8421    -1802236.125000
8422    -1802237.250000
8423    -1802238.375000
8424    -1802239.000000
8425    -1802240.000000
8426    -1802240.750000
8427    -1802241.750000
8428    -1802242.500000
8429    -1802243.625000
8430    -1802244.500000
8431    -1802245.500000
8432    -1802246.375000
8433    -1802247.125000
8434    -1802248.000000
8435    -1802249.000000
8436    -1802250.000000
8437    -1802250.750000
8438    -1802251.625000
8439    -1802252.750000
8440    -1802253.500000
8441    -1802254.500000
8442    -1802255.125000
8443    -1802256.250000
8444    -1802257.000000
8445    -1802258.000000
8446    -1802258.750000
8447    -1802259.625000
8448    -1802260.750000
8449    -1802261.625000
8450    -1802262.500000
8451    -1802263.250000
8452    -1802264.500000
8453    -1802265.250000
8454    -1802266.250000
8455    -1802267.000000
8456    -1802267.875000
8457    -1802268.750000
8458    -1802269.625000
8459    -1802270.625000
8460    -1802271.500000
8461    -1802272.250000
8462    -1802273.125000
8463    -1802274.125000
8464    -1802275.000000
8465    -1802276.000000
8466    -1802276.875000
8467    -1802278.000000
8468    -1802278.750000
8469    -1802279.500000
8470    -1802280.500000
8471    -1802281.250000
8472    -1802282.250000
8473    -1802283.250000
8474    -1802284.125000
8475    -1802285.250000
8476    -1802285.750000
8477    -1802286.750000
8478    -1802287.750000
8479    -1802288.750000
8480    -1802289.625000
8481    -1802290.500000
8482    -1802291.250000
8483    -1802292.250000
8484    -1802293.125000
8485    -1802294.250000
8486    -1802295.000000
8487    -1802296.000000
8488    -1802296.750000
8489    -1802297.750000
8490    -1802298.500000
8491    -1802299.250000
8492    -1802300.500000
8493    -1802301.250000
8494    -1802302.250000
8495    -1802303.125000
8496    -1802304.000000
8497    -1802305.000000
8498    -1802305.750000
8499    -1802306.750000
8500    -1802307.875000
8501    -1802308.500000
8502    -1802309.625000
8503    -1802310.500000
8504    -1802311.375000
8505    -1802312.250000
8506    -1802313.000000
8507    -1802314.000000
8508    -1802315.000000
8509    -1802316.000000
8510    -1802316.750000
8511    -1802317.750000
8512    -1802318.750000
8513    -1802319.500000
8514    -1802320.375000
8515    -1802321.250000
8516    -1802322.250000
8517    -1802323.250000
8518    -1802324.000000
8519    -1802324.875000
8520    -1802325.625000
8521    -1802326.750000
8522    -1802327.750000
8523    -1802328.500000
8524    -1802329.250000
8525    -1802330.250000
8526    -1802331.000000
8527    -1802332.000000
8528    -1802333.000000
8529    -1802333.750000
8530    -1802334.625000
8531    -1802335.625000
8532    -1802336.375000
8533    -1802337.375000
8534    -1802338.125000
8535    -1802339.125000
8536    -1802339.750000
8537    -1802340.750000
8538    -1802341.750000
8539    -1802342.500000
8540    -1802343.500000
8541    -1802344.250000
8542    -1802345.250000
8543    -1802346.000000
8544    -1802346.875000
8545    -1802347.750000
8546    -1802348.875000
8547    -1802349.375000
8548    -1802350.250000
8549    -1802350.875000
8550    -1802352.250000
8551    -1802352.750000
8552    -1802353.625000
8553    -1802354.500000
8554    -1802355.250000
8555    -1802356.000000
8556    -1802357.125000
8557    -1802358.000000
8558    -1802358.750000
8559    -1802359.625000
8560    -1802360.625000
8561    -1802361.250000
8562    -1802362.000000
8563    -1802362.875000
8564    -1802363.875000
8565    -1802364.750000
8566    -1802365.625000
8567    -1802366.250000
8568    -1802367.250000
8569    -1802368.125000
8570    -1802368.750000
8571    -1802369.750000
8572    -1802370.500000
8573    -1802371.250000
8574    -1802372.250000
8575    -1802373.000000
8576    -1802374.000000
8577    -1802374.750000
8578    -1802375.625000
8579    -1802376.250000
8580    -1802377.125000
8581    -1802378.000000
8582    -1802378.625000
8583    -1802379.500000
8584    -1802380.375000
8585    -1802381.375000
8586    -1802382.000000
8587    -1802382.750000
8588    -1802383.750000
8589    -1802384.500000
8590    -1802385.250000
8591    -1802386.125000
8592    -1802386.750000
8593    -1802387.875000
8594    -1802388.500000
8595    -1802389.250000
8596    -1802390.000000
8597    -1802391.000000
8598    -1802391.625000
8599    -1802392.500000
8600    -1802393.250000
8601    -1802394.125000
8602    -1802394.875000
8603    -1802395.625000
8604    -1802396.500000
8605    -1802397.250000
8606    -1802398.125000
8607    -1802399.000000
8608    -1802399.500000
8609    -1802400.250000
8610    -1802401.125000
8611    -1802402.000000
8612    -1802402.750000
8613    -1802403.625000
8614    -1802404.250000
8615    -1802405.125000
8616    -1802405.750000
8617    -1802406.500000
8618    -1802407.250000
8619    -1802408.000000
8620    -1802408.750000
8621    -1802409.625000
8622    -1802410.250000
8623    -1802411.000000
8624    -1802411.750000
8625    -1802412.500000
8626    -1802413.250000
8627    -1802413.875000
8628    -1802414.750000
8629    -1802415.500000
8630    -1802416.125000
8631    -1802416.750000
8632    -1802417.625000
8633    -1802418.250000
8634    -1802419.000000
8635    -1802419.750000
8636    -1802420.500000
8637    -1802421.250000
8638    -1802421.750000
8639    -1802422.625000
8640    -1802423.375000
8641    -1802424.125000
8642    -1802424.750000
8643    -1802425.500000
8644    -1802426.250000
8645    -1802427.000000
8646    -1802427.500000
8647    -1802428.125000
8648    -1802429.000000
8649    -1802429.625000
8650    -1802430.250000
8651    -1802431.000000
8652    -1802431.625000
8653    -1802432.250000
8654    -1802433.000000
8655    -1802433.500000
8656    -1802434.375000
8657    -1802435.000000
8658    -1802435.500000
8659    -1802436.375000
8660    -1802436.875000
8661    -1802437.625000
8662    -1802438.250000
8663    -1802439.000000
8664    -1802439.625000
8665    -1802440.250000
8666    -1802440.875000
8667    -1802441.500000
8668    -1802442.250000
8669    -1802442.750000
8670    -1802443.500000
8671    -1802444.125000
8672    -1802444.750000
8673    -1802445.250000
8674    -1802446.000000
8675    -1802446.500000
8676    -1802447.250000
8677    -1802447.875000
8678    -1802448.500000
8679    -1802449.000000
8680    -1802449.750000
8681    -1802450.375000
8682    -1802451.000000
8683    -1802451.750000
8684    -1802452.000000
8685    -1802452.750000
8686    -1802453.375000
8687    -1802454.000000
8688    -1802454.500000
8689    -1802455.125000
8690    -1802455.750000
8691    -1802456.500000
8692    -1802457.125000
8693    -1802457.750000
8694    -1802458.250000
8695    -1802458.750000
8696    -1802459.500000
8697    -1802460.250000
8698    -1802460.625000
8699    -1802461.250000
8700    -1802462.000000
8701    -1802462.500000
8702    -1802463.000000
8703    -1802463.500000
8704    -1802464.250000
8705    -1802464.750000
8706    -1802465.375000
8707    -1802466.000000
8708    -1802466.625000
8709    -1802467.250000
8710    -1802467.750000
8711    -1802468.375000
8712    -1802469.000000
8713    -1802469.625000
8714    -1802470.000000
8715    -1802470.750000
8716    -1802471.250000
8717    -1802471.875000
8718    -1802472.500000
8719    -1802473.000000
8720    -1802473.625000
8721    -1802474.250000
8722    -1802474.750000
8723    -1802475.375000
8724    -1802475.875000
8725    -1802476.500000
8726    -1802477.125000
8727    -1802477.500000
8728    -1802478.250000
8729    -1802478.750000
8730    -1802479.375000
8731    -1802479.875000
8732    -1802480.500000
8733    -1802481.000000
8734    -1802481.750000
8735    -1802482.250000
8736    -1802482.750000
8737    -1802483.375000
8738    -1802483.875000
8739    -1802484.375000
8740    -1802485.125000
8741    -1802485.500000
8742    -1802486.125000
8743    -1802486.625000
8744    -1802487.250000
8745    -1802487.750000
8746    -1802488.375000
8747    -1802489.000000
8748    -1802489.500000
8749    -1802490.000000
8750    -1802490.625000
8751    -1802491.000000
8752    -1802491.500000
8753    -1802492.250000
8754    -1802492.750000
8755    -1802493.250000
8756    -1802494.000000
8757    -1802494.250000
8758    -1802495.000000
8759    -1802495.500000
8760    -1802496.000000
8761    -1802496.625000
8762    -1802497.000000
8763    -1802497.500000
8764    -1802498.125000
8765    -1802498.625000
8766    -1802499.250000
8767    -1802499.750000
8768    -1802500.375000
8769    -1802500.750000
8770    -1802501.250000
8771    -1802501.875000
8772    -1802502.375000
8773    -1802503.000000
8774    -1802503.500000
8775    -1802503.750000
8776    -1802504.500000
8777    -1802505.125000
8778    -1802505.500000
8779    -1802506.125000
8780    -1802506.625000
8781    -1802507.125000
8782    -1802507.500000
8783    -1802508.125000
8784    -1802508.625000
8785    -1802509.125000
8786    -1802509.500000
8787    -1802510.250000
8788    -1802510.750000
8789    -1802511.125000
8790    -1802511.750000
8791    -1802512.250000
8792    -1802512.750000
8793    -1802513.375000
8794    -1802513.875000
8795    -1802514.250000
8796    -1802514.750000
8797    -1802515.250000
8798    -1802515.750000
8799    -1802516.375000
8800    -1802516.750000
8801    -1802517.375000
8802    -1802517.750000
8803    -1802518.375000
8804    -1802518.750000
8805    -1802519.250000
8806    -1802519.875000
8807    -1802520.375000
8808    -1802521.000000
8809    -1802521.500000
8810    -1802521.750000
8811    -1802522.500000
8812    -1802522.750000
8813    -1802523.250000
8814    -1802524.000000
8815    -1802524.500000
8816    -1802525.000000
8817    -1802525.250000
8818    -1802525.875000
8819    -1802526.375000
8820    -1802527.000000
8821    -1802527.250000
8822    -1802527.750000
8823    -1802528.250000
8824    -1802528.875000
8825    -1802529.375000
8826    -1802529.875000
8827    -1802530.250000
8828    -1802530.750000
8829    -1802531.375000
8830    -1802532.000000
8831    -1802532.375000
8832    -1802532.875000
8833    -1802533.250000
8834    -1802533.750000
8835    -1802534.250000
8836    -1802534.875000
8837    -1802535.250000
8838    -1802535.750000
8839    -1802536.250000
8840    -1802536.750000
8841    -1802537.250000
8842    -1802537.750000
8843    -1802538.250000
8844    -1802538.625000
8845    -1802539.000000
8846    -1802539.750000
8847    -1802540.250000
8848    -1802540.750000
8849    -1802541.250000
8850    -1802541.750000
8851    -1802542.250000
8852    -1802542.750000
8853    -1802543.250000
8854    -1802543.625000
8855    -1802544.125000
8856    -1802544.500000
8857    -1802545.000000
8858    -1802545.500000
8859    -1802546.000000
8860    -1802546.250000
8861    -1802547.000000
8862    -1802547.500000
8863    -1802547.875000
8864    -1802548.500000
8865    -1802548.875000
8866    -1802549.250000
8867    -1802549.875000
8868    -1802550.375000
8869    -1802551.000000
8870    -1802551.250000
8871    -1802551.750000
8872    -1802552.250000
8873    -1802552.625000
8874    -1802553.250000
8875    -1802553.750000
8876    -1802554.250000
8877    -1802554.625000
8878    -1802555.250000
8879    -1802555.625000
8880    -1802556.000000
8881    -1802556.500000
8882    -1802557.250000
8883    -1802557.500000
8884    -1802558.000000
8885    -1802558.500000
8886    -1802558.875000
8887    -1802559.500000
8888    -1802560.000000
8889    -1802560.375000
8890    -1802560.875000
8891    -1802561.500000
8892    -1802562.000000
8893    -1802562.375000
8894    -1802562.875000
8895    -1802563.250000
8896    -1802563.750000
8897    -1802564.250000
8898    -1802564.750000
8899    -1802565.250000
8900    -1802565.750000
8901    -1802566.250000
8902    -1802566.750000
8903    -1802567.250000
8904    -1802567.750000
8905    -1802568.000000
8906    -1802568.500000
8907    -1802569.000000
8908    -1802569.500000
8909    -1802570.000000
8910    -1802570.500000
8911    -1802571.000000
8912    -1802571.500000
8913    -1802572.000000
8914    -1802572.375000
8915    -1802572.875000
8916    -1802573.250000
8917    -1802573.875000
8918    -1802574.375000
8919    -1802574.750000
8920    -1802575.250000
8921    -1802575.750000
8922    -1802576.375000
8923    -1802576.750000
8924    -1802577.250000
8925    -1802577.750000
8926    -1802578.250000
8927    -1802578.500000
8928    -1802579.250000
8929    -1802579.625000
8930    -1802580.125000
8931    -1802580.625000
8932    -1802581.125000
8933    -1802581.750000
8934    -1802582.125000
8935    -1802582.625000
8936    -1802583.125000
8937    -1802583.500000
8938    -1802584.000000
8939    -1802584.500000
8940    -1802584.750000
8941    -1802585.375000
8942    -1802585.875000
8943    -1802586.375000
8944    -1802586.875000
8945    -1802587.375000
8946    -1802587.875000
8947    -1802588.250000
8948    -1802588.625000
8949    -1802589.250000
8950    -1802589.750000
8951    -1802590.250000
8952    -1802590.750000
8953    -1802591.250000
8954    -1802591.625000
8955    -1802592.250000
8956    -1802592.625000
8957    -1802593.000000
8958    -1802593.750000
8959    -1802594.000000
8960    -1802594.500000
8961    -1802595.000000
8962    -1802595.375000
8963    -1802596.000000
8964    -1802596.500000
8965    -1802596.875000
8966    -1802597.500000
8967    -1802598.000000
8968    -1802598.375000
8969    -1802599.000000
8970    -1802599.250000
8971    -1802599.750000
8972    -1802600.125000
8973    -1802600.750000
8974    -1802601.250000
8975    -1802601.500000
8976    -1802602.125000
8977    -1802602.750000
8978    -1802603.000000
8979    -1802603.500000
8980    -1802604.000000
8981    -1802604.375000
8982    -1802604.875000
8983    -1802605.250000
8984    -1802605.750000
8985    -1802606.250000
8986    -1802606.750000
8987    -1802607.250000
8988    -1802607.625000
8989    -1802608.000000
8990    -1802608.500000
8991    -1802609.000000
8992    -1802609.375000
8993    -1802610.000000
8994    -1802610.500000
8995    -1802610.750000
8996    -1802611.250000
8997    -1802611.750000
8998    -1802612.250000
8999    -1802612.625000
9000    -1802613.125000
9001    -1802613.625000
9002    -1802614.000000
9003    -1802614.375000
9004    -1802615.000000
9005    -1802615.250000
9006    -1802615.875000
9007    -1802616.250000
9008    -1802616.750000
9009    -1802617.250000
9010    -1802617.500000
9011    -1802618.125000
9012    -1802618.500000
9013    -1802618.750000
9014    -1802619.250000
9015    -1802619.625000
9016    -1802620.125000
9017    -1802620.625000
9018    -1802621.250000
9019    -1802621.500000
9020    -1802621.750000
9021    -1802622.250000
9022    -1802622.750000
9023    -1802623.000000
9024    -1802623.500000
9025    -1802624.000000
9026    -1802624.250000
9027    -1802624.750000
9028    -1802625.250000
9029    -1802625.625000
9030    -1802626.250000
9031    -1802626.500000
9032    -1802627.000000
9033    -1802627.250000
9034    -1802627.750000
9035    -1802628.250000
9036    -1802628.500000
9037    -1802629.000000
9038    -1802629.375000
9039    -1802629.875000
9040    -1802630.375000
9041    -1802630.750000
9042    -1802631.000000
9043    -1802631.500000
9044    -1802631.875000
9045    -1802632.500000
9046    -1802632.875000
9047    -1802633.250000
9048    -1802633.750000
9049    -1802634.250000
9050    -1802634.500000
9051    -1802635.000000
9052    -1802635.500000
9053    -1802635.750000
9054    -1802636.250000
9055    -1802636.750000
9056    -1802637.000000
9057    -1802637.500000
9058    -1802638.000000
9059    -1802638.250000
9060    -1802638.750000
9061    -1802639.000000
9062    -1802639.500000
9063    -1802640.000000
9064    -1802640.375000
9065    -1802641.000000
9066    -1802641.375000
9067    -1802641.875000
9068    -1802642.125000
9069    -1802642.625000
9070    -1802643.000000
9071    -1802643.500000
9072    -1802643.750000
9073    -1802644.250000
9074    -1802644.750000
9075    -1802645.125000
9076    -1802645.625000
9077    -1802645.875000
9078    -1802646.625000
9079    -1802646.875000
9080    -1802647.250000
9081    -1802647.750000
9082    -1802648.000000
9083    -1802648.375000
9084    -1802648.875000
9085    -1802649.250000
9086    -1802649.750000
9087    -1802650.125000
9088    -1802650.500000
9089    -1802651.000000
9090    -1802651.500000
9091    -1802651.750000
9092    -1802652.250000
9093    -1802652.750000
9094    -1802653.000000
9095    -1802653.375000
9096    -1802653.875000
9097    -1802654.375000
9098    -1802654.750000
9099    -1802655.250000
9100    -1802655.625000
9101    -1802656.000000
9102    -1802656.500000
9103    -1802656.750000
9104    -1802657.250000
9105    -1802657.750000
9106    -1802658.250000
9107    -1802658.750000
9108    -1802659.125000
9109    -1802659.500000
9110    -1802659.875000
9111    -1802660.250000
9112    -1802660.875000
9113    -1802661.250000
9114    -1802661.625000
9115    -1802662.125000
9116    -1802662.625000
9117    -1802662.875000
9118    -1802663.375000
9119    -1802663.750000
9120    -1802664.500000
9121    -1802664.750000
9122    -1802665.250000
9123    -1802665.500000
9124    -1802666.000000
9125    -1802666.375000
9126    -1802667.000000
9127    -1802667.500000
9128    -1802667.750000
9129    -1802668.250000
9130    -1802668.625000
9131    -1802669.125000
9132    -1802669.500000
9133    -1802670.000000
9134    -1802670.375000
9135    -1802671.000000
9136    -1802671.500000
9137    -1802671.750000
9138    -1802672.375000
9139    -1802672.750000
9140    -1802673.250000
9141    -1802673.750000
9142    -1802674.250000
9143    -1802674.750000
9144    -1802675.125000
9145    -1802675.625000
9146    -1802676.000000
9147    -1802676.500000
9148    -1802677.000000
9149    -1802677.375000
9150    -1802678.000000
9151    -1802678.375000
9152    -1802678.875000
9153    -1802679.250000
9154    -1802679.875000
9155    -1802680.250000
9156    -1802680.750000
9157    -1802681.250000
9158    -1802681.625000
9159    -1802682.000000
9160    -1802682.750000
9161    -1802683.000000
9162    -1802683.625000
9163    -1802684.000000
9164    -1802684.500000
9165    -1802685.125000
9166    -1802685.625000
9167    -1802686.125000
9168    -1802686.500000
9169    -1802687.250000
9170    -1802687.750000
9171    -1802688.250000
9172    -1802688.625000
9173    -1802689.000000
9174    -1802689.625000
9175    -1802690.125000
9176    -1802690.625000
9177    -1802691.250000
9178    -1802691.750000
9179    -1802692.125000
9180    -1802692.750000
9181    -1802693.250000
9182    -1802693.750000
9183    -1802694.250000
9184    -1802694.750000
9185    -1802695.250000
9186    -1802695.750000
9187    -1802696.500000
9188    -1802696.875000
9189    -1802697.500000
9190    -1802698.000000
9191    -1802698.500000
9192    -1802699.000000
9193    -1802699.500000
9194    -1802700.000000
9195    -1802700.625000
9196    -1802701.250000
9197    -1802701.750000
9198    -1802702.125000
9199    -1802702.875000
9200    -1802703.250000
9201    -1802703.875000
9202    -1802704.375000
9203    -1802705.000000
9204    -1802705.375000
9205    -1802706.125000
9206    -1802706.500000
9207    -1802707.125000
9208    -1802707.500000
9209    -1802708.125000
9210    -1802708.750000
9211    -1802709.250000
9212    -1802709.750000
9213    -1802710.250000
9214    -1802710.875000
9215    -1802711.500000
9216    -1802712.000000
9217    -1802712.500000
9218    -1802713.250000
9219    -1802713.750000
9220    -1802714.375000
9221    -1802714.875000
9222    -1802715.250000
9223    -1802716.000000
9224    -1802716.500000
9225    -1802717.000000
9226    -1802717.500000
9227    -1802718.125000
9228    -1802718.750000
9229    -1802719.250000
9230    -1802719.750000
9231    -1802720.375000
9232    -1802721.000000
9233    -1802721.625000
9234    -1802722.125000
9235    -1802722.750000
9236    -1802723.375000
9237    -1802724.000000
9238    -1802724.250000
9239    -1802725.000000
9240    -1802725.500000
9241    -1802726.125000
9242    -1802726.750000
9243    -1802727.250000
9244    -1802728.000000
9245    -1802728.500000
9246    -1802729.125000
9247    -1802729.750000
9248    -1802730.250000
9249    -1802731.000000
9250    -1802731.375000
9251    -1802732.000000
9252    -1802732.750000
9253    -1802733.375000
9254    -1802733.750000
9255    -1802734.500000
9256    -1802735.000000
9257    -1802735.375000
9258    -1802736.250000
9259    -1802736.750000
9260    -1802737.375000
9261    -1802738.000000
9262    -1802738.500000
9263    -1802739.125000
9264    -1802739.750000
9265    -1802740.500000
9266    -1802741.125000
9267    -1802741.750000
9268    -1802742.250000
9269    -1802742.750000
9270    -1802743.500000
9271    -1802744.125000
9272    -1802744.750000
9273    -1802745.250000
9274    -1802746.000000
9275    -1802746.750000
9276    -1802747.250000
9277    -1802747.875000
9278    -1802748.500000
9279    -1802749.125000
9280    -1802749.750000
9281    -1802750.375000
9282    -1802750.750000
9283    -1802751.500000
9284    -1802752.250000
9285    -1802752.750000
9286    -1802753.500000
9287    -1802754.000000
9288    -1802754.750000
9289    -1802755.250000
9290    -1802755.875000
9291    -1802756.500000
9292    -1802757.250000
9293    -1802757.750000
9294    -1802758.375000
9295    -1802759.000000
9296    -1802759.500000
9297    -1802760.250000
9298    -1802760.750000
9299    -1802761.625000
9300    -1802762.125000
9301    -1802762.750000
9302    -1802763.250000
9303    -1802764.000000
9304    -1802764.500000
9305    -1802765.250000
9306    -1802766.000000
9307    -1802766.500000
9308    -1802767.250000
9309    -1802767.750000
9310    -1802768.500000
9311    -1802768.875000
9312    -1802769.750000
9313    -1802770.250000
9314    -1802770.875000
9315    -1802771.500000
9316    -1802772.250000
9317    -1802772.750000
9318    -1802773.250000
9319    -1802774.125000
9320    -1802774.750000
9321    -1802775.375000
9322    -1802775.875000
9323    -1802776.500000
9324    -1802777.375000
9325    -1802777.875000
9326    -1802778.500000
9327    -1802779.250000
9328    -1802779.750000
9329    -1802780.500000
9330    -1802781.250000
9331    -1802781.750000
9332    -1802782.500000
9333    -1802783.000000
9334    -1802783.625000
9335    -1802784.500000
9336    -1802784.875000
9337    -1802785.500000
9338    -1802786.125000
9339    -1802786.625000
9340    -1802787.500000
9341    -1802788.125000
9342    -1802788.500000
9343    -1802789.375000
9344    -1802789.875000
9345    -1802790.500000
9346    -1802791.000000
9347    -1802791.750000
9348    -1802792.250000
9349    -1802793.000000
9350    -1802793.500000
9351    -1802794.250000
9352    -1802795.000000
9353    -1802795.500000
9354    -1802796.000000
9355    -1802796.625000
9356    -1802797.250000
9357    -1802797.875000
9358    -1802798.500000
9359    -1802799.000000
9360    -1802799.750000
9361    -1802800.125000
9362    -1802801.000000
9363    -1802801.625000
9364    -1802802.250000
9365    -1802803.000000
9366    -1802803.500000
9367    -1802804.000000
9368    -1802804.750000
9369    -1802805.250000
9370    -1802805.875000
9371    -1802806.375000
9372    -1802807.000000
9373    -1802807.750000
9374    -1802808.250000
9375    -1802808.875000
9376    -1802809.500000
9377    -1802810.250000
9378    -1802810.875000
9379    -1802811.375000
9380    -1802812.000000
9381    -1802812.750000
9382    -1802813.000000
9383    -1802813.750000
9384    -1802814.250000
9385    -1802815.000000
9386    -1802815.375000
9387    -1802816.250000
9388    -1802816.750000
9389    -1802817.500000
9390    -1802817.875000
9391    -1802818.625000
9392    -1802819.000000
9393    -1802819.750000
9394    -1802820.250000
9395    -1802820.750000
9396    -1802821.375000
9397    -1802822.125000
9398    -1802822.750000
9399    -1802823.375000
9400    -1802823.875000
9401    -1802824.500000
9402    -1802825.250000
9403    -1802825.500000
9404    -1802826.250000
9405    -1802827.000000
9406    -1802827.500000
9407    -1802828.250000
9408    -1802828.750000
9409    -1802829.250000
9410    -1802829.875000
9411    -1802830.500000
9412    -1802831.000000
9413    -1802831.500000
9414    -1802832.250000
9415    -1802832.750000
9416    -1802833.250000
9417    -1802833.750000
9418    -1802834.250000
9419    -1802834.625000
9420    -1802835.500000
9421    -1802836.000000
9422    -1802836.500000
9423    -1802837.125000
9424    -1802837.750000
9425    -1802838.375000
9426    -1802838.875000
9427    -1802839.500000
9428    -1802840.125000
9429    -1802840.625000
9430    -1802841.125000
9431    -1802841.750000
9432    -1802842.375000
9433    -1802842.750000
9434    -1802843.250000
9435    -1802843.750000
9436    -1802844.500000
9437    -1802845.000000
9438    -1802845.500000
9439    -1802846.250000
9440    -1802846.625000
9441    -1802847.250000
9442    -1802847.500000
9443    -1802848.000000
9444    -1802848.750000
9445    -1802849.250000
9446    -1802849.875000
9447    -1802850.250000
9448    -1802850.875000
9449    -1802851.375000
9450    -1802852.000000
9451    -1802852.375000
9452    -1802853.000000
9453    -1802853.500000
9454    -1802854.250000
9455    -1802854.625000
9456    -1802855.250000
9457    -1802855.750000
9458    -1802856.375000
9459    -1802856.750000
9460    -1802857.250000
9461    -1802857.750000
9462    -1802858.250000
9463    -1802858.875000
9464    -1802859.375000
9465    -1802860.000000
9466    -1802860.250000
9467    -1802861.000000
9468    -1802861.500000
9469    -1802862.000000
9470    -1802862.500000
9471    -1802863.000000
9472    -1802863.625000
9473    -1802864.125000
9474    -1802864.500000
9475    -1802865.125000
9476    -1802865.750000
9477    -1802866.250000
9478    -1802866.625000
9479    -1802867.250000
9480    -1802867.750000
9481    -1802868.250000
9482    -1802868.875000
9483    -1802869.375000
9484    -1802870.000000
9485    -1802870.375000
9486    -1802870.875000
9487    -1802871.250000
9488    -1802872.000000
9489    -1802872.375000
9490    -1802873.000000
9491    -1802873.500000
9492    -1802874.000000
9493    -1802874.500000
9494    -1802875.000000
9495    -1802875.500000
9496    -1802876.000000
9497    -1802876.500000
9498    -1802876.875000
9499    -1802877.250000
9500    -1802877.750000
9501    -1802878.250000
9502    -1802878.875000
9503    -1802879.250000
9504    -1802879.750000
9505    -1802880.250000
9506    -1802880.750000
9507    -1802881.250000
9508    -1802881.625000
9509    -1802882.000000
9510    -1802882.500000
9511    -1802883.250000
9512    -1802883.500000
9513    -1802884.125000
9514    -1802884.750000
9515    -1802885.000000
9516    -1802885.500000
9517    -1802886.000000
9518    -1802886.625000
9519    -1802886.875000
9520    -1802887.250000
9521    -1802887.875000
9522    -1802888.250000
9523    -1802888.750000
9524    -1802889.375000
9525    -1802889.875000
9526    -1802890.250000
9527    -1802890.750000
9528    -1802891.250000
9529    -1802891.875000
9530    -1802892.375000
9531    -1802892.750000
9532    -1802893.250000
9533    -1802893.750000
9534    -1802894.250000
9535    -1802894.750000
9536    -1802895.250000
9537    -1802895.750000
9538    -1802896.125000
9539    -1802896.500000
9540    -1802897.000000
9541    -1802897.500000
9542    -1802897.875000
9543    -1802898.500000
9544    -1802899.000000
9545    -1802899.500000
9546    -1802900.000000
9547    -1802900.625000
9548    -1802901.000000
9549    -1802901.500000
9550    -1802902.000000
9551    -1802902.500000
9552    -1802903.000000
9553    -1802903.500000
9554    -1802903.750000
9555    -1802904.250000
9556    -1802904.875000
9557    -1802905.500000
9558    -1802905.875000
9559    -1802906.250000
9560    -1802906.625000
9561    -1802907.375000
9562    -1802907.625000
9563    -1802908.125000
9564    -1802908.625000
9565    -1802909.250000
9566    -1802909.750000
9567    -1802910.125000
9568    -1802910.500000
9569    -1802911.125000
9570    -1802911.625000
9571    -1802912.000000
9572    -1802912.500000
9573    -1802913.000000
9574    -1802913.500000
9575    -1802914.125000
9576    -1802914.625000
9577    -1802915.000000
9578    -1802915.500000
9579    -1802915.875000
9580    -1802916.375000
9581    -1802917.000000
9582    -1802917.375000
9583    -1802918.000000
9584    -1802918.250000
9585    -1802918.750000
9586    -1802919.250000
9587    -1802919.750000
9588    -1802920.125000
9589    -1802920.750000
9590    -1802921.250000
9591    -1802921.750000
9592    -1802922.250000
9593    -1802922.625000
9594    -1802923.125000
9595    -1802923.750000
9596    -1802924.250000
9597    -1802924.500000
9598    -1802925.125000
9599    -1802925.625000
9600    -1802926.000000
9601    -1802926.500000
9602    -1802926.875000
9603    -1802927.375000
9604    -1802927.750000
9605    -1802928.375000
9606    -1802928.750000
9607    -1802929.250000
9608    -1802929.625000
9609    -1802930.250000
9610    -1802930.500000
9611    -1802931.125000
9612    -1802931.500000
9613    -1802932.000000
9614    -1802932.250000
9615    -1802932.750000
9616    -1802933.250000
9617    -1802933.750000
9618    -1802934.125000
9619    -1802934.750000
9620    -1802935.000000
9621    -1802935.500000
9622    -1802936.000000
9623    -1802936.500000
9624    -1802937.000000
9625    -1802937.500000
9626    -1802937.625000
9627    -1802938.250000
9628    -1802938.750000
9629    -1802939.250000
9630    -1802939.500000
9631    -1802940.000000
9632    -1802940.625000
9633    -1802941.000000
9634    -1802941.500000
9635    -1802942.000000
9636    -1802942.375000
9637    -1802943.000000
9638    -1802943.500000
9639    -1802943.750000
9640    -1802944.125000
9641    -1802944.625000
9642    -1802945.125000
9643    -1802945.500000
9644    -1802946.125000
9645    -1802946.500000
9646    -1802946.750000
9647    -1802947.250000
9648    -1802947.750000
9649    -1802948.250000
9650    -1802948.750000
9651    -1802949.000000
9652    -1802949.500000
9653    -1802950.000000
9654    -1802950.375000
9655    -1802950.875000
9656    -1802951.500000
9657    -1802951.750000
9658    -1802952.125000
9659    -1802952.500000
9660    -1802953.125000
9661    -1802953.250000
9662    -1802954.000000
9663    -1802954.500000
9664    -1802954.750000
9665    -1802955.250000
9666    -1802955.500000
9667    -1802955.750000
9668    -1802956.500000
9669    -1802956.750000
9670    -1802957.250000
9671    -1802957.750000
9672    -1802958.000000
9673    -1802958.625000
9674    -1802959.000000
9675    -1802959.500000
9676    -1802959.875000
9677    -1802960.250000
9678    -1802960.750000
9679    -1802961.125000
9680    -1802961.500000
9681    -1802962.000000
9682    -1802962.250000
9683    -1802962.750000
9684    -1802963.000000
9685    -1802963.500000
9686    -1802964.000000
9687    -1802964.250000
9688    -1802964.875000
9689    -1802965.250000
9690    -1802965.625000
9691    -1802966.125000
9692    -1802966.500000
9693    -1802967.000000
9694    -1802967.250000
9695    -1802967.750000
9696    -1802967.875000
9697    -1802968.250000
9698    -1802969.000000
9699    -1802969.250000
9700    -1802969.500000
9701    -1802970.125000
9702    -1802970.500000
9703    -1802971.000000
9704    -1802971.250000
9705    -1802971.750000
9706    -1802972.125000
9707    -1802972.500000
9708    -1802972.875000
9709    -1802973.125000
9710    -1802973.750000
9711    -1802974.000000
9712    -1802974.500000
9713    -1802974.875000
9714    -1802975.125000
9715    -1802975.500000
9716    -1802976.125000
9717    -1802976.375000
9718    -1802976.750000
9719    -1802977.250000
9720    -1802977.750000
9721    -1802978.000000
9722    -1802978.250000
9723    -1802978.750000
9724    -1802979.250000
9725    -1802979.500000
9726    -1802979.875000
9727    -1802980.250000
9728    -1802980.625000
9729    -1802981.000000
9730    -1802981.500000
9731    -1802981.750000
9732    -1802982.250000
9733    -1802982.500000
9734    -1802983.000000
9735    -1802983.375000
9736    -1802983.750000
9737    -1802984.125000
9738    -1802984.500000
9739    -1802984.875000
9740    -1802985.250000
9741    -1802985.750000
9742    -1802986.125000
9743    -1802986.625000
9744    -1802987.000000
9745    -1802987.375000
9746    -1802987.750000
9747    -1802988.250000
9748    -1802988.375000
9749    -1802989.000000
9750    -1802989.250000
9751    -1802989.750000
9752    -1802990.000000
9753    -1802990.500000
9754    -1802991.000000
9755    -1802991.250000
9756    -1802991.750000
9757    -1802992.125000
9758    -1802992.500000
9759    -1802992.750000
9760    -1802993.250000
9761    -1802993.750000
9762    -1802994.000000
9763    -1802994.500000
9764    -1802994.875000
9765    -1802995.250000
9766    -1802995.750000
9767    -1802996.250000
9768    -1802996.625000
9769    -1802997.000000
9770    -1802997.250000
9771    -1802997.875000
9772    -1802998.375000
9773    -1802998.625000
9774    -1802999.000000
9775    -1802999.500000
9776    -1803000.000000
9777    -1803000.250000
9778    -1803000.750000
9779    -1803001.250000
9780    -1803001.750000
9781    -1803002.000000
9782    -1803002.625000
9783    -1803002.750000
9784    -1803003.375000
9785    -1803004.000000
9786    -1803004.250000
9787    -1803004.750000
9788    -1803004.875000
9789    -1803005.500000
9790    -1803006.000000
9791    -1803006.250000
9792    -1803006.875000
9793    -1803007.375000
9794    -1803007.750000
9795    -1803008.250000
9796    -1803008.750000
9797    -1803009.000000
9798    -1803009.625000
9799    -1803010.125000
9800    -1803010.500000
9801    -1803011.000000
9802    -1803011.375000
9803    -1803011.750000
9804    -1803012.250000
9805    -1803013.000000
9806    -1803013.250000
9807    -1803013.625000
9808    -1803014.125000
9809    -1803014.625000
9810    -1803015.000000
9811    -1803015.625000
9812    -1803016.000000
9813    -1803016.500000
9814    -1803017.000000
9815    -1803017.250000
9816    -1803017.875000
9817    -1803018.500000
9818    -1803018.750000
9819    -1803019.250000
9820    -1803019.750000
9821    -1803020.500000
9822    -1803020.750000
9823    -1803021.375000
9824    -1803021.625000
9825    -1803022.250000
9826    -1803022.750000
9827    -1803023.125000
9828    -1803023.750000
9829    -1803024.250000
9830    -1803024.625000
9831    -1803025.125000
9832    -1803025.500000
9833    -1803026.000000
9834    -1803026.500000
9835    -1803027.000000
9836    -1803027.500000
9837    -1803028.000000
9838    -1803028.500000
9839    -1803028.875000
9840    -1803029.375000
9841    -1803029.750000
9842    -1803030.250000
9843    -1803030.750000
9844    -1803031.250000
9845    -1803031.625000
9846    -1803032.125000
9847    -1803032.750000
9848    -1803033.250000
9849    -1803033.500000
9850    -1803034.250000
9851    -1803034.625000
9852    -1803035.250000
9853    -1803035.625000
9854    -1803036.125000
9855    -1803036.750000
9856    -1803037.000000
9857    -1803037.625000
9858    -1803038.125000
9859    -1803038.500000
9860    -1803039.000000
9861    -1803039.500000
9862    -1803040.000000
9863    -1803040.500000
9864    -1803041.000000
9865    -1803041.500000
9866    -1803042.000000
9867    -1803042.500000
9868    -1803042.875000
9869    -1803043.500000
9870    -1803044.000000
9871    -1803044.625000
9872    -1803045.000000
9873    -1803045.500000
9874    -1803045.875000
9875    -1803046.375000
9876    -1803047.000000
9877    -1803047.625000
9878    -1803048.000000
9879    -1803048.500000
9880    -1803049.250000
9881    -1803049.500000
9882    -1803050.000000
9883    -1803050.500000
9884    -1803051.000000
9885    -1803051.500000
9886    -1803052.000000
9887    -1803052.500000
9888    -1803053.000000
9889    -1803053.500000
9890    -1803054.125000
9891    -1803054.500000
9892    -1803055.000000
9893    -1803055.625000
9894    -1803056.250000
9895    -1803056.625000
9896    -1803057.250000
9897    -1803057.750000
9898    -1803058.125000
9899    -1803058.750000
9900    -1803059.375000
9901    -1803059.750000
9902    -1803060.375000
9903    -1803060.750000
9904    -1803061.250000
9905    -1803061.750000
9906    -1803062.375000
9907    -1803062.750000
9908    -1803063.125000
9909    -1803063.625000
9910    -1803064.375000
9911    -1803064.875000
9912    -1803065.375000
9913    -1803065.750000
9914    -1803066.375000
9915    -1803067.000000
9916    -1803067.500000
9917    -1803067.875000
9918    -1803068.500000
9919    -1803069.000000
9920    -1803069.500000
9921    -1803070.000000
9922    -1803070.500000
9923    -1803070.875000
9924    -1803071.500000
9925    -1803072.250000
9926    -1803072.625000
9927    -1803073.000000
9928    -1803073.500000
9929    -1803074.250000
9930    -1803074.750000
9931    -1803075.125000
9932    -1803075.625000
9933    -1803076.250000
9934    -1803076.750000
9935    -1803077.375000
9936    -1803077.750000
9937    -1803078.250000
9938    -1803079.000000
9939    -1803079.375000
9940    -1803080.000000
9941    -1803080.250000
9942    -1803081.000000
9943    -1803081.500000
9944    -1803082.000000
9945    -1803082.500000
9946    -1803083.125000
9947    -1803083.500000
9948    -1803084.000000
9949    -1803084.500000
9950    -1803085.125000
9951    -1803085.500000
9952    -1803086.125000
9953    -1803086.750000
9954    -1803087.250000
9955    -1803087.750000
9956    -1803088.250000
9957    -1803088.875000
9958    -1803089.500000
9959    -1803089.750000
9960    -1803090.500000
9961    -1803090.875000
9962    -1803091.625000
9963    -1803092.000000
9964    -1803092.500000
9965    -1803093.125000
9966    -1803093.500000
9967    -1803094.125000
9968    -1803094.750000
9969    -1803095.250000
9970    -1803095.750000
9971    -1803096.250000
9972    -1803096.875000
9973    -1803097.250000
9974    -1803098.125000
9975    -1803098.750000
9976    -1803099.125000
9977    -1803099.625000
9978    -1803100.250000
9979    -1803100.750000
9980    -1803101.250000
9981    -1803102.000000
9982    -1803102.250000
9983    -1803103.000000
9984    -1803103.375000
9985    -1803104.000000
9986    -1803104.500000
9987    -1803105.000000
9988    -1803105.625000
9989    -1803106.000000
9990    -1803106.750000
9991    -1803107.250000
9992    -1803107.875000
9993    -1803108.250000
9994    -1803109.000000
9995    -1803109.375000
9996    -1803110.000000
9997    -1803110.500000
9998    -1803111.000000
9999    -1803111.750000
10000   -1803112.250000
10001   -1803112.750000
10002   -1803113.375000
10003   -1803113.875000
10004   -1803114.500000
10005   -1803115.250000
10006   -1803115.500000
10007   -1803116.000000
10008   -1803116.750000
10009   -1803117.250000
10010   -1803117.875000
10011   -1803118.500000
10012   -1803118.875000
10013   -1803119.500000
10014   -1803120.125000
10015   -1803120.625000
10016   -1803121.250000
10017   -1803121.750000
10018   -1803122.250000
10019   -1803122.875000
10020   -1803123.500000
10021   -1803124.000000
10022   -1803124.750000
10023   -1803125.250000
10024   -1803125.750000
10025   -1803126.500000
10026   -1803126.875000
10027   -1803127.500000
10028   -1803128.125000
10029   -1803128.375000
10030   -1803129.250000
10031   -1803129.500000
10032   -1803130.250000
10033   -1803130.875000
10034   -1803131.500000
10035   -1803132.125000
10036   -1803132.750000
10037   -1803133.250000
10038   -1803133.750000
10039   -1803134.500000
10040   -1803135.000000
10041   -1803135.625000
10042   -1803136.250000
10043   -1803136.625000
10044   -1803137.375000
10045   -1803137.875000
10046   -1803138.500000
10047   -1803139.125000
10048   -1803139.750000
10049   -1803140.375000
10050   -1803140.875000
10051   -1803141.250000
10052   -1803142.125000
10053   -1803142.750000
10054   -1803143.250000
10055   -1803143.875000
10056   -1803144.500000
10057   -1803145.125000
10058   -1803145.750000
10059   -1803146.375000
10060   -1803146.875000
10061   -1803147.625000
10062   -1803148.000000
10063   -1803148.750000
10064   -1803149.250000
10065   -1803150.000000
10066   -1803150.500000
10067   -1803151.125000
10068   -1803151.750000
10069   -1803152.250000
10070   -1803153.125000
10071   -1803153.750000
10072   -1803154.250000
10073   -1803155.000000
10074   -1803155.500000
10075   -1803156.125000
10076   -1803156.500000
10077   -1803157.125000
10078   -1803157.875000
10079   -1803158.500000
10080   -1803159.250000
10081   -1803159.875000
10082   -1803160.500000
10083   -1803161.125000
10084   -1803161.750000
10085   -1803162.250000
10086   -1803163.000000
10087   -1803163.500000
10088   -1803164.125000
10089   -1803164.750000
10090   -1803165.500000
10091   -1803166.125000
10092   -1803166.625000
10093   -1803167.250000
10094   -1803168.000000
10095   -1803168.625000
10096   -1803169.250000
10097   -1803170.000000
10098   -1803170.500000
10099   -1803171.125000
10100   -1803171.750000
10101   -1803172.375000
10102   -1803173.125000
10103   -1803173.750000
10104   -1803174.250000
10105   -1803175.000000
10106   -1803175.625000
10107   -1803176.250000
10108   -1803176.875000
10109   -1803177.500000
10110   -1803178.000000
10111   -1803178.750000
10112   -1803179.500000
10113   -1803180.000000
10114   -1803180.750000
10115   -1803181.250000
10116   -1803182.125000
10117   -1803182.625000
10118   -1803183.250000
10119   -1803183.750000
10120   -1803184.250000
10121   -1803185.125000
10122   -1803185.750000
10123   -1803186.375000
10124   -1803187.000000
10125   -1803187.500000
10126   -1803188.375000
10127   -1803188.750000
10128   -1803189.625000
10129   -1803190.000000
10130   -1803190.500000
10131   -1803191.375000
10132   -1803192.000000
10133   -1803192.500000
10134   -1803193.250000
10135   -1803193.750000
10136   -1803194.250000
10137   -1803195.000000
10138   -1803195.750000
10139   -1803196.250000
10140   -1803197.000000
10141   -1803197.500000
10142   -1803198.125000
10143   -1803198.750000
10144   -1803199.500000
10145   -1803200.000000
10146   -1803200.625000
10147   -1803201.375000
10148   -1803202.000000
10149   -1803202.500000
10150   -1803203.000000
10151   -1803203.750000
10152   -1803204.375000
10153   -1803204.750000
10154   -1803205.500000
10155   -1803206.125000
10156   -1803207.000000
10157   -1803207.250000
10158   -1803208.000000
10159   -1803208.625000
10160   -1803209.250000
10161   -1803209.625000
10162   -1803210.250000
10163   -1803210.750000
10164   -1803211.500000
10165   -1803212.000000
10166   -1803212.875000
10167   -1803213.375000
10168   -1803213.750000
10169   -1803214.250000
10170   -1803214.875000
10171   -1803215.625000
10172   -1803216.000000
10173   -1803216.750000
10174   -1803217.250000
10175   -1803217.750000
10176   -1803218.500000
10177   -1803219.000000
10178   -1803219.500000
10179   -1803220.250000
10180   -1803220.875000
10181   -1803221.500000
10182   -1803222.000000
10183   -1803222.625000
10184   -1803223.000000
10185   -1803223.750000
10186   -1803224.250000
10187   -1803224.875000
10188   -1803225.250000
10189   -1803225.750000
10190   -1803226.500000
10191   -1803227.000000
10192   -1803227.625000
10193   -1803228.250000
10194   -1803228.750000
10195   -1803229.250000
10196   -1803229.750000
10197   -1803230.375000
10198   -1803231.000000
10199   -1803231.500000
10200   -1803232.000000
10201   -1803232.500000
10202   -1803233.000000
10203   -1803233.625000
10204   -1803234.125000
10205   -1803234.500000
10206   -1803235.250000
10207   -1803236.000000
10208   -1803236.375000
10209   -1803236.875000
10210   -1803237.500000
10211   -1803237.750000
10212   -1803238.375000
10213   -1803239.000000
10214   -1803239.500000
10215   -1803240.000000
10216   -1803240.750000
10217   -1803241.125000
10218   -1803241.500000
10219   -1803242.125000
10220   -1803242.750000
10221   -1803243.125000
10222   -1803243.625000
10223   -1803244.250000
10224   -1803244.500000
10225   -1803245.250000
10226   -1803245.750000
10227   -1803246.250000
10228   -1803246.750000
10229   -1803247.250000
10230   -1803247.750000
10231   -1803248.250000
10232   -1803248.875000
10233   -1803249.250000
10234   -1803249.750000
10235   -1803250.250000
10236   -1803250.750000
10237   -1803251.250000
10238   -1803251.750000
10239   -1803252.250000
10240   -1803252.750000
10241   -1803253.250000
10242   -1803253.750000
10243   -1803254.250000
10244   -1803254.625000
10245   -1803255.250000
10246   -1803255.750000
10247   -1803256.375000
10248   -1803256.750000
10249   -1803257.125000
10250   -1803257.625000
10251   -1803258.250000
10252   -1803258.500000
10253   -1803259.000000
10254   -1803259.625000
10255   -1803260.000000
10256   -1803260.625000
10257   -1803261.000000
10258   -1803261.500000
10259   -1803262.250000
10260   -1803262.500000
10261   -1803263.000000
10262   -1803263.500000
10263   -1803263.750000
10264   -1803264.625000
10265   -1803265.000000
10266   -1803265.500000
10267   -1803265.875000
10268   -1803266.500000
10269   -1803266.625000
10270   -1803267.375000
10271   -1803267.875000
10272   -1803268.250000
10273   -1803268.750000
10274   -1803269.250000
10275   -1803269.500000
10276   -1803270.250000
10277   -1803270.500000
10278   -1803271.000000
10279   -1803271.750000
10280   -1803272.250000
10281   -1803272.625000
10282   -1803272.875000
10283   -1803273.500000
10284   -1803274.000000
10285   -1803274.500000
10286   -1803274.875000
10287   -1803275.250000
10288   -1803275.875000
10289   -1803276.375000
10290   -1803277.000000
10291   -1803277.125000
10292   -1803277.750000
10293   -1803278.500000
10294   -1803278.875000
10295   -1803279.250000
10296   -1803279.875000
10297   -1803280.250000
10298   -1803280.500000
10299   -1803281.250000
10300   -1803281.750000
10301   -1803282.250000
10302   -1803282.500000
10303   -1803283.000000
10304   -1803283.500000
10305   -1803284.000000
10306   -1803284.625000
10307   -1803285.125000
10308   -1803285.750000
10309   -1803286.125000
10310   -1803286.750000
10311   -1803287.125000
10312   -1803287.500000
10313   -1803288.000000
10314   -1803288.375000
10315   -1803289.000000
10316   -1803289.375000
10317   -1803289.750000
10318   -1803290.250000
10319   -1803290.750000
10320   -1803291.250000
10321   -1803291.750000
10322   -1803292.250000
10323   -1803292.625000
10324   -1803293.000000
10325   -1803293.500000
10326   -1803294.125000
10327   -1803294.500000
10328   -1803295.000000
10329   -1803295.500000
10330   -1803295.875000
10331   -1803296.500000
10332   -1803297.000000
10333   -1803297.250000
10334   -1803297.875000
10335   -1803298.375000
10336   -1803298.875000
10337   -1803299.375000
10338   -1803299.875000
10339   -1803300.250000
10340   -1803300.750000
10341   -1803301.250000
10342   -1803301.750000
10343   -1803302.250000
10344   -1803302.750000
10345   -1803303.250000
10346   -1803303.750000
10347   -1803304.000000
10348   -1803304.500000
10349   -1803305.000000
10350   -1803305.500000
10351   -1803306.000000
10352   -1803306.500000
10353   -1803306.875000
10354   -1803307.500000
10355   -1803308.000000
10356   -1803308.500000
10357   -1803309.000000
10358   -1803309.375000
10359   -1803310.250000
10360   -1803310.500000
10361   -1803310.875000
10362   -1803311.500000
10363   -1803312.000000
10364   -1803312.625000
10365   -1803313.000000
10366   -1803313.500000
10367   -1803313.875000
10368   -1803314.500000
10369   -1803315.000000
10370   -1803315.500000
10371   -1803316.250000
10372   -1803316.625000
10373   -1803316.875000
10374   -1803317.625000
10375   -1803318.000000
10376   -1803318.500000
10377   -1803319.000000
10378   -1803319.750000
10379   -1803320.250000
10380   -1803320.625000
10381   -1803321.125000
10382   -1803321.500000
10383   -1803322.125000
10384   -1803322.750000
10385   -1803323.000000
10386   -1803323.750000
10387   -1803324.250000
10388   -1803324.750000
10389   -1803325.375000
10390   -1803325.500000
10391   -1803326.125000
10392   -1803326.750000
10393   -1803327.000000
10394   -1803327.750000
10395   -1803328.000000
10396   -1803328.500000
10397   -1803329.125000
10398   -1803329.750000
10399   -1803330.375000
10400   -1803330.750000
10401   -1803331.500000
10402   -1803331.875000
10403   -1803332.250000
10404   -1803332.875000
10405   -1803333.250000
10406   -1803333.750000
10407   -1803334.375000
10408   -1803335.000000
10409   -1803335.500000
10410   -1803336.000000
10411   -1803336.500000
10412   -1803337.000000
10413   -1803337.750000
10414   -1803338.250000
10415   -1803338.500000
10416   -1803339.250000
10417   -1803339.750000
10418   -1803340.125000
10419   -1803340.750000
10420   -1803341.250000
10421   -1803342.000000
10422   -1803342.250000
10423   -1803342.750000
10424   -1803343.250000
10425   -1803343.750000
10426   -1803344.250000
10427   -1803344.750000
10428   -1803345.500000
10429   -1803346.000000
10430   -1803346.625000
10431   -1803346.875000
10432   -1803347.500000
10433   -1803348.000000
10434   -1803348.625000
10435   -1803349.125000
10436   -1803349.500000
10437   -1803350.125000
10438   -1803350.500000
10439   -1803351.000000
10440   -1803351.750000
10441   -1803352.000000
10442   -1803352.750000
10443   -1803353.250000
10444   -1803353.750000
10445   -1803354.250000
10446   -1803354.750000
10447   -1803355.500000
10448   -1803355.875000
10449   -1803356.375000
10450   -1803356.750000
10451   -1803357.500000
10452   -1803357.875000
10453   -1803358.500000
10454   -1803359.000000
10455   -1803359.375000
10456   -1803360.000000
10457   -1803360.375000
10458   -1803361.000000
10459   -1803361.500000
10460   -1803362.000000
10461   -1803362.500000
10462   -1803363.125000
10463   -1803363.625000
10464   -1803364.250000
10465   -1803364.500000
10466   -1803365.250000
10467   -1803365.750000
10468   -1803366.250000
10469   -1803366.875000
10470   -1803367.250000
10471   -1803367.875000
10472   -1803368.125000
10473   -1803369.000000
10474   -1803369.250000
10475   -1803369.750000
10476   -1803370.500000
10477   -1803370.750000
10478   -1803371.500000
10479   -1803371.750000
10480   -1803372.500000
10481   -1803372.875000
10482   -1803373.500000
10483   -1803374.000000
10484   -1803374.375000
10485   -1803375.000000
10486   -1803375.500000
10487   -1803376.000000
10488   -1803376.625000
10489   -1803377.000000
10490   -1803377.500000
10491   -1803378.000000
10492   -1803378.500000
10493   -1803379.000000
10494   -1803379.500000
10495   -1803380.000000
10496   -1803380.375000
10497   -1803381.000000
10498   -1803381.500000
10499   -1803381.750000
10500   -1803382.375000
10501   -1803382.875000
10502   -1803383.250000
10503   -1803383.750000
10504   -1803384.375000
10505   -1803384.875000
10506   -1803385.500000
10507   -1803385.875000
10508   -1803386.500000
10509   -1803386.625000
10510   -1803387.250000
10511   -1803388.000000
10512   -1803388.250000
10513   -1803388.750000
10514   -1803389.250000
10515   -1803389.750000
10516   -1803390.125000
10517   -1803390.625000
10518   -1803390.875000
10519   -1803391.500000
10520   -1803392.000000
10521   -1803392.375000
10522   -1803393.000000
10523   -1803393.375000
10524   -1803394.000000
10525   -1803394.500000
10526   -1803394.750000
10527   -1803395.250000
10528   -1803395.750000
10529   -1803396.250000
10530   -1803396.750000
10531   -1803397.250000
10532   -1803397.875000
10533   -1803398.250000
10534   -1803398.625000
10535   -1803399.000000
10536   -1803399.625000
10537   -1803400.000000
10538   -1803400.500000
10539   -1803401.000000
10540   -1803401.500000
10541   -1803402.000000
10542   -1803402.375000
10543   -1803402.875000
10544   -1803403.250000
10545   -1803403.750000
10546   -1803404.250000
10547   -1803404.625000
10548   -1803405.000000
10549   -1803405.500000
10550   -1803406.000000
10551   -1803406.500000
10552   -1803407.000000
10553   -1803407.375000
10554   -1803407.750000
10555   -1803408.375000
10556   -1803408.625000
10557   -1803409.250000
10558   -1803409.500000
10559   -1803410.000000
10560   -1803410.625000
10561   -1803411.000000
10562   -1803411.500000
10563   -1803411.875000
10564   -1803412.375000
10565   -1803412.750000
10566   -1803413.250000
10567   -1803413.500000
10568   -1803414.000000
10569   -1803414.625000
10570   -1803415.000000
10571   -1803415.500000
10572   -1803416.000000
10573   -1803416.500000
10574   -1803417.000000
10575   -1803417.375000
10576   -1803417.750000
10577   -1803418.500000
10578   -1803418.750000
10579   -1803419.000000
10580   -1803419.750000
10581   -1803420.250000
10582   -1803420.250000
10583   -1803421.000000
10584   -1803421.500000
10585   -1803421.750000
10586   -1803422.250000
10587   -1803422.750000
10588   -1803423.250000
10589   -1803423.750000
10590   -1803424.000000
10591   -1803424.500000
10592   -1803425.125000
10593   -1803425.375000
10594   -1803425.750000
10595   -1803426.250000
10596   -1803426.875000
10597   -1803427.000000
10598   -1803427.625000
10599   -1803428.125000
10600   -1803428.500000
10601   -1803429.000000
10602   -1803429.500000
10603   -1803430.000000
10604   -1803430.250000
10605   -1803431.000000
10606   -1803431.250000
10607   -1803431.625000
10608   -1803432.000000
10609   -1803432.625000
10610   -1803433.000000
10611   -1803433.500000
10612   -1803433.875000
10613   -1803434.500000
10614   -1803435.000000
10615   -1803435.375000
10616   -1803435.750000
10617   -1803436.250000
10618   -1803436.500000
10619   -1803437.000000
10620   -1803437.500000
10621   -1803438.000000
10622   -1803438.375000
10623   -1803439.000000
10624   -1803439.250000
10625   -1803440.000000
10626   -1803440.375000
10627   -1803440.750000
10628   -1803441.250000
10629   -1803441.750000
10630   -1803442.250000
10631   -1803442.625000
10632   -1803443.000000
10633   -1803443.500000
10634   -1803444.000000
10635   -1803444.500000
10636   -1803444.750000
10637   -1803445.250000
10638   -1803446.000000
10639   -1803446.500000
10640   -1803446.875000
10641   -1803447.250000
10642   -1803447.500000
10643   -1803448.250000
10644   -1803448.750000
10645   -1803449.125000
10646   -1803449.750000
10647   -1803450.000000
10648   -1803450.625000
10649   -1803451.000000
10650   -1803451.500000
10651   -1803452.000000
10652   -1803452.250000
10653   -1803452.875000
10654   -1803453.500000
10655   -1803453.750000
10656   -1803454.500000
10657   -1803454.875000
10658   -1803455.250000
10659   -1803455.875000
10660   -1803456.250000
10661   -1803456.750000
10662   -1803457.250000
10663   -1803457.500000
10664   -1803458.000000
10665   -1803458.750000
10666   -1803459.375000
10667   -1803459.750000
10668   -1803460.250000
10669   -1803460.500000
10670   -1803461.250000
10671   -1803461.750000
10672   -1803462.000000
10673   -1803462.625000
10674   -1803463.000000
10675   -1803463.625000
10676   -1803464.125000
10677   -1803464.500000
10678   -1803465.000000
10679   -1803465.500000
10680   -1803466.000000
10681   -1803466.500000
10682   -1803467.000000
10683   -1803467.375000
10684   -1803468.000000
10685   -1803468.625000
10686   -1803469.000000
10687   -1803469.500000
10688   -1803470.000000
10689   -1803470.500000
10690   -1803470.750000
10691   -1803471.250000
10692   -1803471.875000
10693   -1803472.500000
10694   -1803472.750000
10695   -1803473.500000
10696   -1803473.625000
10697   -1803474.125000
10698   -1803474.875000
10699   -1803475.375000
10700   -1803475.750000
10701   -1803476.250000
10702   -1803477.000000
10703   -1803477.250000
10704   -1803477.750000
10705   -1803478.375000
10706   -1803478.875000
10707   -1803479.250000
10708   -1803479.875000
10709   -1803480.250000
10710   -1803480.875000
10711   -1803481.500000
10712   -1803482.000000
10713   -1803482.250000
10714   -1803482.750000
10715   -1803483.500000
10716   -1803484.000000
10717   -1803484.500000
10718   -1803485.000000
10719   -1803485.625000
10720   -1803486.125000
10721   -1803486.500000
10722   -1803487.000000
10723   -1803487.750000
10724   -1803488.000000
10725   -1803488.500000
10726   -1803489.000000
10727   -1803489.750000
10728   -1803490.250000
10729   -1803490.750000
10730   -1803491.250000
10731   -1803491.875000
10732   -1803492.250000
10733   -1803492.875000
10734   -1803493.625000
10735   -1803494.000000
10736   -1803494.500000
10737   -1803495.125000
10738   -1803495.625000
10739   -1803496.125000
10740   -1803496.625000
10741   -1803497.375000
10742   -1803497.750000
10743   -1803498.375000
10744   -1803499.000000
10745   -1803499.500000
10746   -1803500.000000
10747   -1803500.500000
10748   -1803501.000000
10749   -1803501.625000
10750   -1803502.375000
10751   -1803502.750000
10752   -1803503.375000
10753   -1803504.000000
10754   -1803504.500000
10755   -1803505.125000
10756   -1803505.500000
10757   -1803506.125000
10758   -1803506.750000
10759   -1803507.250000
10760   -1803508.000000
10761   -1803508.250000
10762   -1803509.250000
10763   -1803509.625000
10764   -1803510.125000
10765   -1803510.750000
10766   -1803511.375000
10767   -1803511.875000
10768   -1803512.500000
10769   -1803513.000000
10770   -1803513.750000
10771   -1803514.250000
10772   -1803514.875000
10773   -1803515.500000
10774   -1803516.000000
10775   -1803516.750000
10776   -1803517.125000
10777   -1803517.750000
10778   -1803518.250000
10779   -1803518.875000
10780   -1803519.750000
10781   -1803520.250000
10782   -1803520.500000
10783   -1803521.250000
10784   -1803521.875000
10785   -1803522.750000
10786   -1803523.000000
10787   -1803523.750000
10788   -1803524.250000
10789   -1803524.750000
10790   -1803525.500000
10791   -1803526.000000
10792   -1803526.750000
10793   -1803527.500000
10794   -1803527.875000
10795   -1803528.750000
10796   -1803529.250000
10797   -1803529.750000
10798   -1803530.250000
10799   -1803530.750000
10800   -1803531.500000
10801   -1803532.125000
10802   -1803532.625000
10803   -1803533.250000
10804   -1803534.000000
10805   -1803534.500000
10806   -1803535.250000
10807   -1803535.750000
10808   -1803536.500000
10809   -1803536.750000
10810   -1803537.500000
10811   -1803538.125000
10812   -1803538.750000
10813   -1803539.500000
10814   -1803540.000000
10815   -1803540.500000
10816   -1803541.000000
10817   -1803541.750000
10818   -1803542.250000
10819   -1803543.000000
10820   -1803543.375000
10821   -1803544.125000
10822   -1803544.750000
10823   -1803545.250000
10824   -1803545.875000
10825   -1803546.625000
10826   -1803547.125000
10827   -1803547.625000
10828   -1803548.250000
10829   -1803548.750000
10830   -1803549.250000
10831   -1803550.000000
10832   -1803550.500000
10833   -1803551.250000
10834   -1803551.750000
10835   -1803552.500000
10836   -1803552.750000
10837   -1803553.500000
10838   -1803554.125000
10839   -1803554.875000
10840   -1803555.250000
10841   -1803556.000000
10842   -1803556.500000
10843   -1803557.000000
10844   -1803557.500000
10845   -1803558.250000
10846   -1803558.750000
10847   -1803559.375000
10848   -1803560.000000
10849   -1803560.500000
10850   -1803561.125000
10851   -1803561.500000
10852   -1803562.375000
10853   -1803562.875000
10854   -1803563.500000
10855   -1803564.000000
10856   -1803564.500000
10857   -1803565.250000
10858   -1803565.750000
10859   -1803566.375000
10860   -1803567.000000
10861   -1803567.250000
10862   -1803567.875000
10863   -1803568.500000
10864   -1803569.250000
10865   -1803569.625000
10866   -1803570.250000
10867   -1803570.750000
10868   -1803571.250000
10869   -1803571.750000
10870   -1803572.375000
10871   -1803573.000000
10872   -1803573.625000
10873   -1803574.000000
10874   -1803574.500000
10875   -1803575.000000
10876   -1803575.750000
10877   -1803576.000000
10878   -1803576.750000
10879   -1803577.250000
10880   -1803577.750000
10881   -1803578.250000
10882   -1803578.875000
10883   -1803579.375000
10884   -1803579.750000
10885   -1803580.250000
10886   -1803580.750000
10887   -1803581.250000
10888   -1803581.875000
10889   -1803582.625000
10890   -1803582.875000
10891   -1803583.500000
10892   -1803584.000000
10893   -1803584.500000
10894   -1803584.875000
10895   -1803585.250000
10896   -1803586.000000
10897   -1803586.375000
10898   -1803587.000000
10899   -1803587.500000
10900   -1803587.875000
10901   -1803588.375000
10902   -1803589.000000
10903   -1803589.500000
10904   -1803589.750000
10905   -1803590.375000
10906   -1803590.750000
10907   -1803591.250000
10908   -1803591.625000
10909   -1803592.375000
10910   -1803592.750000
10911   -1803593.250000
10912   -1803593.625000
10913   -1803594.125000
10914   -1803594.750000
10915   -1803595.250000
10916   -1803595.500000
10917   -1803596.000000
10918   -1803596.500000
10919   -1803597.000000
10920   -1803597.375000
10921   -1803597.875000
10922   -1803598.250000
10923   -1803598.750000
10924   -1803599.250000
10925   -1803599.750000
10926   -1803600.125000
10927   -1803600.625000
10928   -1803601.000000
10929   -1803601.500000
10930   -1803602.000000
10931   -1803602.500000
10932   -1803602.875000
10933   -1803603.250000
10934   -1803603.750000
10935   -1803604.250000
10936   -1803604.500000
10937   -1803605.000000
10938   -1803605.250000
10939   -1803605.875000
10940   -1803606.375000
10941   -1803606.625000
10942   -1803607.000000
10943   -1803607.375000
10944   -1803608.000000
10945   -1803608.250000
10946   -1803608.500000
10947   -1803609.000000
10948   -1803609.500000
10949   -1803610.000000
10950   -1803610.250000
10951   -1803610.750000
10952   -1803611.250000
10953   -1803611.500000
10954   -1803611.750000
10955   -1803612.250000
10956   -1803612.625000
10957   -1803613.125000
10958   -1803613.500000
10959   -1803613.875000
10960   -1803614.250000
10961   -1803614.625000
10962   -1803615.125000
10963   -1803615.250000
10964   -1803615.625000
10965   -1803616.250000
10966   -1803616.500000
10967   -1803617.000000
10968   -1803617.125000
10969   -1803617.625000
10970   -1803618.000000
10971   -1803618.250000
10972   -1803618.750000
10973   -1803619.000000
10974   -1803619.375000
10975   -1803619.875000
10976   -1803620.250000
10977   -1803620.250000
10978   -1803620.750000
10979   -1803621.000000
10980   -1803621.500000
10981   -1803621.750000
10982   -1803622.250000
10983   -1803622.500000
10984   -1803622.750000
10985   -1803623.250000
10986   -1803623.625000
10987   -1803623.750000
10988   -1803624.250000
10989   -1803624.750000
10990   -1803625.000000
10991   -1803625.250000
10992   -1803625.500000
10993   -1803625.750000
10994   -1803626.250000
10995   -1803626.500000
10996   -1803626.750000
10997   -1803627.250000
10998   -1803627.625000
10999   -1803627.875000
11000   -1803628.250000
11001   -1803628.500000
11002   -1803628.875000
11003   -1803629.000000
11004   -1803629.250000
11005   -1803629.750000
11006   -1803629.875000
11007   -1803630.375000
11008   -1803630.500000
11009   -1803630.750000
11010   -1803631.250000
11011   -1803631.500000
11012   -1803631.750000
11013   -1803632.000000
11014   -1803632.250000
11015   -1803632.750000
11016   -1803633.250000
11017   -1803633.500000
11018   -1803633.500000
11019   -1803634.000000
11020   -1803634.250000
11021   -1803634.500000
11022   -1803635.000000
11023   -1803635.000000
11024   -1803635.500000
11025   -1803635.875000
11026   -1803636.250000
11027   -1803636.500000
11028   -1803636.500000
11029   -1803637.000000
11030   -1803637.250000
11031   -1803637.625000
11032   -1803637.750000
11033   -1803638.250000
11034   -1803638.500000
11035   -1803638.750000
11036   -1803639.125000
11037   -1803639.500000
11038   -1803639.750000
11039   -1803640.000000
11040   -1803640.250000
11041   -1803640.500000
11042   -1803640.750000
11043   -1803641.250000
11044   -1803641.750000
11045   -1803642.000000
11046   -1803642.000000
11047   -1803642.500000
11048   -1803642.750000
11049   -1803643.125000
11050   -1803643.250000
11051   -1803643.625000
11052   -1803644.000000
11053   -1803644.250000
11054   -1803644.750000
11055   -1803645.000000
11056   -1803645.250000
11057   -1803645.500000
11058   -1803646.125000
11059   -1803646.125000
11060   -1803646.500000
11061   -1803647.000000
11062   -1803647.125000
11063   -1803647.500000
11064   -1803647.625000
11065   -1803648.000000
11066   -1803648.500000
11067   -1803648.875000
11068   -1803649.125000
11069   -1803649.250000
11070   -1803649.750000
11071   -1803650.000000
11072   -1803650.250000
11073   -1803650.750000
11074   -1803651.000000
11075   -1803651.250000
11076   -1803651.750000
11077   -1803652.000000
11078   -1803652.250000
11079   -1803652.750000
11080   -1803652.875000
11081   -1803653.250000
11082   -1803653.750000
11083   -1803653.875000
11084   -1803654.500000
11085   -1803654.750000
11086   -1803655.125000
11087   -1803655.375000
11088   -1803655.500000
11089   -1803656.000000
11090   -1803656.250000
11091   -1803656.750000
11092   -1803657.000000
11093   -1803657.375000
11094   -1803657.625000
11095   -1803658.000000
11096   -1803658.500000
11097   -1803658.625000
11098   -1803659.125000
11099   -1803659.500000
11100   -1803660.000000
11101   -1803660.000000
11102   -1803660.625000
11103   -1803660.750000
11104   -1803661.250000
11105   -1803661.500000
11106   -1803662.000000
11107   -1803662.500000
11108   -1803662.750000
11109   -1803663.000000
11110   -1803663.250000
11111   -1803663.875000
11112   -1803664.000000
11113   -1803664.625000
11114   -1803664.750000
11115   -1803665.250000
11116   -1803665.500000
11117   -1803665.875000
11118   -1803666.250000
11119   -1803666.625000
11120   -1803667.125000
11121   -1803667.500000
11122   -1803667.875000
11123   -1803668.250000
11124   -1803668.500000
11125   -1803669.000000
11126   -1803669.375000
11127   -1803670.000000
11128   -1803670.500000
11129   -1803670.750000
11130   -1803670.750000
11131   -1803671.250000
11132   -1803671.750000
11133   -1803672.000000
11134   -1803672.625000
11135   -1803672.750000
11136   -1803673.250000
11137   -1803673.750000
11138   -1803674.250000
11139   -1803674.500000
11140   -1803675.000000
11141   -1803675.375000
11142   -1803675.500000
11143   -1803676.000000
11144   -1803676.250000
11145   -1803676.875000
11146   -1803677.250000
11147   -1803677.750000
11148   -1803678.000000
11149   -1803678.500000
11150   -1803678.750000
11151   -1803679.250000
11152   -1803679.750000
11153   -1803680.000000
11154   -1803680.500000
11155   -1803681.000000
11156   -1803681.500000
11157   -1803681.750000
11158   -1803682.250000
11159   -1803682.500000
11160   -1803683.000000
11161   -1803683.375000
11162   -1803684.000000
11163   -1803684.000000
11164   -1803684.500000
11165   -1803685.000000
11166   -1803685.500000
11167   -1803686.000000
11168   -1803686.375000
11169   -1803686.750000
11170   -1803687.250000
11171   -1803687.750000
11172   -1803688.000000
11173   -1803688.500000
11174   -1803688.750000
11175   -1803689.250000
11176   -1803689.750000
11177   -1803690.250000
11178   -1803690.500000
11179   -1803691.000000
11180   -1803691.375000
11181   -1803691.750000
11182   -1803692.250000
11183   -1803692.625000
11184   -1803693.000000
11185   -1803693.875000
11186   -1803694.000000
11187   -1803694.250000
11188   -1803694.750000
11189   -1803695.250000
11190   -1803695.750000
11191   -1803696.250000
11192   -1803696.500000
11193   -1803697.000000
11194   -1803697.375000
11195   -1803697.750000
11196   -1803698.125000
11197   -1803698.500000
11198   -1803699.125000
11199   -1803699.500000
11200   -1803699.750000
11201   -1803700.375000
11202   -1803700.750000
11203   -1803701.250000
11204   -1803701.750000
11205   -1803702.000000
11206   -1803702.375000
11207   -1803702.875000
11208   -1803703.250000
11209   -1803703.750000
11210   -1803704.250000
11211   -1803704.625000
11212   -1803705.000000
11213   -1803705.500000
11214   -1803706.000000
11215   -1803706.250000
11216   -1803706.625000
11217   -1803707.250000
11218   -1803707.500000
11219   -1803708.000000
11220   -1803708.375000
11221   -1803708.875000
11222   -1803709.250000
11223   -1803709.500000
11224   -1803710.250000
11225   -1803710.500000
11226   -1803710.875000
11227   -1803711.250000
11228   -1803711.750000
11229   -1803712.250000
11230   -1803712.625000
11231   -1803713.000000
11232   -1803713.500000
11233   -1803713.750000
11234   -1803714.500000
11235   -1803714.625000
11236   -1803715.125000
11237   -1803715.500000
11238   -1803715.750000
11239   -1803716.125000
11240   -1803716.625000
11241   -1803717.125000
11242   -1803717.375000
11243   -1803718.000000
11244   -1803718.375000
11245   -1803718.500000
11246   -1803719.000000
11247   -1803719.500000
11248   -1803720.000000
11249   -1803720.250000
11250   -1803720.875000
11251   -1803721.000000
11252   -1803721.750000
11253   -1803722.000000
11254   -1803722.250000
11255   -1803722.875000
11256   -1803723.000000
11257   -1803723.625000
11258   -1803723.875000
11259   -1803724.250000
11260   -1803724.875000
11261   -1803725.250000
11262   -1803725.500000
11263   -1803726.000000
11264   -1803726.375000
11265   -1803726.500000
11266   -1803727.250000
11267   -1803727.500000
11268   -1803727.750000
11269   -1803728.250000
11270   -1803728.750000
11271   -1803729.125000
11272   -1803729.500000
11273   -1803729.750000
11274   -1803730.250000
11275   -1803730.500000
11276   -1803731.250000
11277   -1803731.500000
11278   -1803731.750000
11279   -1803732.125000
11280   -1803732.750000
11281   -1803733.000000
11282   -1803733.250000
11283   -1803733.750000
11284   -1803734.250000
11285   -1803734.500000
11286   -1803735.000000
11287   -1803735.500000
11288   -1803735.750000
11289   -1803736.125000
11290   -1803736.500000
11291   -1803736.875000
11292   -1803737.250000
11293   -1803737.625000
11294   -1803738.125000
11295   -1803738.375000
11296   -1803738.750000
11297   -1803739.250000
11298   -1803739.750000
11299   -1803740.000000
11300   -1803740.500000
11301   -1803740.750000
11302   -1803741.250000
11303   -1803741.500000
11304   -1803742.125000
11305   -1803742.375000
11306   -1803742.750000
11307   -1803743.250000
11308   -1803743.500000
11309   -1803744.000000
11310   -1803744.250000
11311   -1803744.750000
11312   -1803745.125000
11313   -1803745.250000
11314   -1803745.875000
11315   -1803746.500000
11316   -1803746.625000
11317   -1803747.250000
11318   -1803747.500000
11319   -1803748.000000
11320   -1803748.250000
11321   -1803748.750000
11322   -1803749.000000
11323   -1803749.375000
11324   -1803749.750000
11325   -1803750.125000
11326   -1803750.500000
11327   -1803751.000000
11328   -1803751.250000
11329   -1803751.875000
11330   -1803751.875000
11331   -1803752.500000
11332   -1803752.875000
11333   -1803753.250000
11334   -1803753.500000
11335   -1803754.000000
11336   -1803754.250000
11337   -1803755.000000
11338   -1803755.250000
11339   -1803755.875000
11340   -1803756.125000
11341   -1803756.375000
11342   -1803756.750000
11343   -1803757.250000
11344   -1803757.625000
11345   -1803758.125000
11346   -1803758.250000
11347   -1803759.000000
11348   -1803759.125000
11349   -1803759.750000
11350   -1803760.250000
11351   -1803760.500000
11352   -1803760.875000
11353   -1803761.250000
11354   -1803761.625000
11355   -1803762.125000
11356   -1803762.500000
11357   -1803763.000000
11358   -1803763.375000
11359   -1803763.750000
11360   -1803764.125000
11361   -1803764.500000
11362   -1803765.250000
11363   -1803765.500000
11364   -1803766.000000
11365   -1803766.250000
11366   -1803766.750000
11367   -1803767.125000
11368   -1803767.500000
11369   -1803768.000000
11370   -1803768.375000
11371   -1803768.750000
11372   -1803769.250000
11373   -1803769.625000
11374   -1803769.750000
11375   -1803770.500000
11376   -1803771.000000
11377   -1803771.000000
11378   -1803771.750000
11379   -1803772.000000
11380   -1803772.500000
11381   -1803772.875000
11382   -1803773.125000
11383   -1803773.750000
11384   -1803774.125000
11385   -1803774.500000
11386   -1803774.750000
11387   -1803775.500000
11388   -1803775.750000
11389   -1803776.125000
11390   -1803776.500000
11391   -1803776.875000
11392   -1803777.375000
11393   -1803777.750000
11394   -1803778.250000
11395   -1803778.875000
11396   -1803779.000000
11397   -1803779.250000
11398   -1803779.625000
11399   -1803780.250000
11400   -1803780.625000
11401   -1803781.250000
11402   -1803781.500000
11403   -1803782.000000
11404   -1803782.375000
11405   -1803782.750000
11406   -1803783.250000
11407   -1803783.625000
11408   -1803784.000000
11409   -1803784.250000
11410   -1803784.750000
11411   -1803785.250000
11412   -1803785.625000
11413   -1803786.000000
11414   -1803786.500000
11415   -1803786.750000
11416   -1803787.250000
11417   -1803787.500000
11418   -1803788.000000
11419   -1803788.375000
11420   -1803788.875000
11421   -1803789.250000
11422   -1803789.625000
11423   -1803790.000000
11424   -1803790.500000
11425   -1803790.750000
11426   -1803791.125000
11427   -1803791.750000
11428   -1803792.000000
11429   -1803792.375000
11430   -1803792.875000
11431   -1803793.250000
11432   -1803793.750000
11433   -1803794.000000
11434   -1803794.375000
11435   -1803794.625000
11436   -1803795.250000
11437   -1803795.750000
11438   -1803796.000000
11439   -1803796.250000
11440   -1803796.750000
11441   -1803797.000000
11442   -1803797.500000
11443   -1803797.875000
11444   -1803798.250000
11445   -1803798.625000
11446   -1803799.000000
11447   -1803799.500000
11448   -1803799.750000
11449   -1803800.250000
11450   -1803800.375000
11451   -1803801.000000
11452   -1803801.250000
11453   -1803801.750000
11454   -1803801.750000
11455   -1803802.500000
11456   -1803802.750000
11457   -1803803.250000
11458   -1803803.625000
11459   -1803804.125000
11460   -1803804.500000
11461   -1803804.750000
11462   -1803805.000000
11463   -1803805.500000
11464   -1803806.000000
11465   -1803806.250000
11466   -1803806.500000
11467   -1803806.875000
11468   -1803807.375000
11469   -1803807.625000
11470   -1803808.000000
11471   -1803808.250000
11472   -1803808.750000
11473   -1803809.000000
11474   -1803809.500000
11475   -1803809.750000
11476   -1803810.250000
11477   -1803810.500000
11478   -1803810.750000
11479   -1803811.250000
11480   -1803811.625000
11481   -1803811.750000
11482   -1803812.125000
11483   -1803812.500000
11484   -1803813.000000
11485   -1803813.250000
11486   -1803813.500000
11487   -1803813.750000
11488   -1803814.250000
11489   -1803814.750000
11490   -1803815.000000
11491   -1803815.375000
11492   -1803815.625000
11493   -1803816.000000
11494   -1803816.375000
11495   -1803816.875000
11496   -1803817.250000
11497   -1803817.250000
11498   -1803817.750000
11499   -1803818.125000
11500   -1803818.500000
11501   -1803818.750000
11502   -1803819.000000
11503   -1803819.375000
11504   -1803819.500000
11505   -1803819.875000
11506   -1803820.250000
11507   -1803820.500000
11508   -1803820.750000
11509   -1803821.250000
11510   -1803821.500000
11511   -1803821.875000
11512   -1803822.000000
11513   -1803822.500000
11514   -1803822.750000
11515   -1803823.125000
11516   -1803823.375000
11517   -1803823.625000
11518   -1803824.000000
11519   -1803824.125000
11520   -1803824.750000
11521   -1803824.750000
11522   -1803825.000000
11523   -1803825.500000
11524   -1803825.750000
11525   -1803826.000000
11526   -1803826.625000
11527   -1803827.000000
11528   -1803827.000000
11529   -1803827.375000
11530   -1803827.875000
11531   -1803827.875000
11532   -1803828.375000
11533   -1803828.750000
11534   -1803829.000000
11535   -1803829.375000
11536   -1803829.500000
11537   -1803829.750000
11538   -1803830.250000
11539   -1803830.500000
11540   -1803830.750000
11541   -1803831.125000
11542   -1803831.250000
11543   -1803831.750000
11544   -1803832.000000
11545   -1803832.250000
11546   -1803832.500000
11547   -1803833.000000
11548   -1803833.250000
11549   -1803833.625000
11550   -1803833.750000
11551   -1803834.250000
11552   -1803834.375000
11553   -1803834.750000
11554   -1803834.750000
11555   -1803835.375000
11556   -1803835.500000
11557   -1803836.000000
11558   -1803836.000000
11559   -1803836.500000
11560   -1803837.000000
11561   -1803837.000000
11562   -1803837.250000
11563   -1803837.750000
11564   -1803838.000000
11565   -1803838.250000
11566   -1803838.375000
11567   -1803838.750000
11568   -1803839.000000
11569   -1803839.375000
11570   -1803839.625000
11571   -1803840.000000
11572   -1803840.125000
11573   -1803840.500000
11574   -1803840.875000
11575   -1803841.125000
11576   -1803841.500000
11577   -1803841.750000
11578   -1803842.000000
11579   -1803842.125000
11580   -1803842.500000
11581   -1803843.000000
11582   -1803843.250000
11583   -1803843.500000
11584   -1803843.750000
11585   -1803844.000000
11586   -1803844.250000
11587   -1803844.750000
11588   -1803844.750000
11589   -1803845.125000
11590   -1803845.250000
11591   -1803845.750000
11592   -1803846.250000
11593   -1803846.250000
11594   -1803846.625000
11595   -1803846.750000
11596   -1803847.250000
11597   -1803847.500000
11598   -1803847.875000
11599   -1803848.000000
11600   -1803848.250000
11601   -1803848.500000
11602   -1803848.875000
11603   -1803849.125000
11604   -1803849.500000
11605   -1803849.625000
11606   -1803850.000000
11607   -1803850.250000
11608   -1803850.500000
11609   -1803850.750000
11610   -1803851.250000
11611   -1803851.500000
11612   -1803851.750000
11613   -1803852.125000
11614   -1803852.500000
11615   -1803852.750000
11616   -1803853.000000
11617   -1803853.000000
11618   -1803853.250000
11619   -1803853.625000
11620   -1803853.875000
11621   -1803854.125000
11622   -1803854.750000
11623   -1803854.750000
11624   -1803855.000000
11625   -1803855.250000
11626   -1803855.750000
11627   -1803855.875000
11628   -1803856.125000
11629   -1803856.375000
11630   -1803856.750000
11631   -1803856.875000
11632   -1803857.375000
11633   -1803857.500000
11634   -1803857.750000
11635   -1803857.875000
11636   -1803858.125000
11637   -1803858.500000
11638   -1803859.000000
11639   -1803859.000000
11640   -1803859.375000
11641   -1803859.500000
11642   -1803859.875000
11643   -1803860.000000
11644   -1803860.125000
11645   -1803860.500000
11646   -1803860.750000
11647   -1803861.000000
11648   -1803861.250000
11649   -1803861.625000
11650   -1803861.625000
11651   -1803862.000000
11652   -1803862.250000
11653   -1803862.500000
11654   -1803862.750000
11655   -1803863.000000
11656   -1803863.250000
11657   -1803863.625000
11658   -1803863.875000
11659   -1803864.000000
11660   -1803864.250000
11661   -1803864.500000
11662   -1803864.875000
11663   -1803865.000000
11664   -1803865.250000
11665   -1803865.625000
11666   -1803865.750000
11667   -1803866.000000
11668   -1803866.250000
11669   -1803866.250000
11670   -1803866.500000
11671   -1803866.875000
11672   -1803867.000000
11673   -1803867.250000
11674   -1803867.625000
11675   -1803867.750000
11676   -1803868.000000
11677   -1803868.250000
11678   -1803868.500000
11679   -1803868.750000
11680   -1803868.875000
11681   -1803869.125000
11682   -1803869.500000
11683   -1803869.750000
11684   -1803870.000000
11685   -1803870.000000
11686   -1803870.500000
11687   -1803870.500000
11688   -1803871.000000
11689   -1803871.000000
11690   -1803871.500000
11691   -1803871.750000
11692   -1803872.000000
11693   -1803872.000000
11694   -1803872.500000
11695   -1803872.500000
11696   -1803872.750000
11697   -1803873.125000
11698   -1803873.250000
11699   -1803873.500000
11700   -1803873.750000
11701   -1803873.875000
11702   -1803874.250000
11703   -1803874.375000
11704   -1803874.625000
11705   -1803875.000000
11706   -1803875.250000
11707   -1803875.375000
11708   -1803875.500000
11709   -1803876.000000
11710   -1803876.000000
11711   -1803876.250000
11712   -1803876.500000
11713   -1803876.750000
11714   -1803877.000000
11715   -1803877.125000
11716   -1803877.500000
11717   -1803877.750000
11718   -1803877.875000
11719   -1803878.250000
11720   -1803878.250000
11721   -1803878.500000
11722   -1803878.750000
11723   -1803878.750000
11724   -1803879.125000
11725   -1803879.500000
11726   -1803879.625000
11727   -1803880.000000
11728   -1803880.125000
11729   -1803880.250000
11730   -1803880.750000
11731   -1803880.875000
11732   -1803881.000000
11733   -1803881.250000
11734   -1803881.500000
11735   -1803881.750000
11736   -1803882.000000
11737   -1803882.375000
11738   -1803882.500000
11739   -1803883.000000
11740   -1803883.000000
11741   -1803883.375000
11742   -1803883.500000
11743   -1803884.000000
11744   -1803883.750000
11745   -1803884.125000
11746   -1803884.500000
11747   -1803884.750000
11748   -1803885.000000
11749   -1803885.250000
11750   -1803885.375000
11751   -1803885.500000
11752   -1803885.875000
11753   -1803886.250000
11754   -1803886.375000
11755   -1803886.625000
11756   -1803886.750000
11757   -1803887.000000
11758   -1803887.500000
11759   -1803887.750000
11760   -1803887.750000
11761   -1803888.000000
11762   -1803888.250000
11763   -1803888.500000
11764   -1803888.750000
11765   -1803889.250000
11766   -1803889.500000
11767   -1803889.500000
11768   -1803889.875000
11769   -1803890.000000
11770   -1803890.250000
11771   -1803890.500000
11772   -1803890.875000
11773   -1803891.000000
11774   -1803891.375000
11775   -1803891.625000
11776   -1803892.000000
11777   -1803892.250000
11778   -1803892.500000
11779   -1803892.500000
11780   -1803892.875000
11781   -1803893.000000
11782   -1803893.375000
11783   -1803893.750000
11784   -1803894.125000
11785   -1803894.125000
11786   -1803894.500000
11787   -1803894.625000
11788   -1803895.000000
11789   -1803895.250000
11790   -1803895.625000
11791   -1803895.875000
11792   -1803896.250000
11793   -1803896.500000
11794   -1803896.750000
11795   -1803897.000000
11796   -1803897.375000
11797   -1803897.500000
11798   -1803898.000000
11799   -1803898.250000
11800   -1803898.500000
11801   -1803899.000000
11802   -1803899.000000
11803   -1803899.250000
11804   -1803899.625000
11805   -1803899.875000
11806   -1803900.250000
11807   -1803900.625000
11808   -1803900.875000
11809   -1803901.125000
11810   -1803901.500000
11811   -1803901.875000
11812   -1803902.000000
11813   -1803902.250000
11814   -1803902.625000
11815   -1803902.875000
11816   -1803903.500000
11817   -1803903.625000
11818   -1803904.250000
11819   -1803904.375000
11820   -1803904.750000
11821   -1803905.000000
11822   -1803905.375000
11823   -1803905.500000
11824   -1803906.000000
11825   -1803906.125000
11826   -1803906.625000
11827   -1803907.000000
11828   -1803907.375000
11829   -1803907.625000
11830   -1803908.000000
11831   -1803908.375000
11832   -1803908.750000
11833   -1803909.000000
11834   -1803909.375000
11835   -1803909.500000
11836   -1803910.125000
11837   -1803910.375000
11838   -1803910.750000
11839   -1803911.250000
11840   -1803911.750000
11841   -1803912.000000
11842   -1803912.250000
11843   -1803912.500000
11844   -1803913.000000
11845   -1803913.500000
11846   -1803913.750000
11847   -1803914.125000
11848   -1803914.375000
11849   -1803914.625000
11850   -1803915.250000
11851   -1803915.500000
11852   -1803916.000000
11853   -1803916.250000
11854   -1803916.500000
11855   -1803917.125000
11856   -1803917.375000
11857   -1803917.750000
11858   -1803918.000000
11859   -1803918.375000
11860   -1803918.875000
11861   -1803919.375000
11862   -1803919.625000
11863   -1803919.750000
11864   -1803920.250000
11865   -1803920.750000
11866   -1803921.250000
11867   -1803921.625000
11868   -1803921.875000
11869   -1803922.375000
11870   -1803922.625000
11871   -1803923.250000
11872   -1803923.500000
11873   -1803923.750000
11874   -1803924.375000
11875   -1803924.750000
11876   -1803924.875000
11877   -1803925.250000
11878   -1803925.875000
11879   -1803926.125000
11880   -1803926.750000
11881   -1803927.000000
11882   -1803927.500000
11883   -1803927.875000
11884   -1803928.250000
11885   -1803928.375000
11886   -1803928.750000
11887   -1803929.500000
11888   -1803929.750000
11889   -1803930.250000
11890   -1803930.500000
11891   -1803931.125000
11892   -1803931.500000
11893   -1803931.750000
11894   -1803932.250000
11895   -1803932.500000
11896   -1803933.000000
11897   -1803933.375000
11898   -1803933.750000
11899   -1803934.250000
11900   -1803934.500000
11901   -1803935.000000
11902   -1803935.375000
11903   -1803935.750000
11904   -1803936.250000
11905   -1803936.750000
11906   -1803937.000000
11907   -1803937.375000
11908   -1803937.750000
11909   -1803938.000000
11910   -1803938.750000
11911   -1803939.125000
11912   -1803939.500000
11913   -1803939.750000
11914   -1803940.250000
11915   -1803940.750000
11916   -1803941.125000
11917   -1803941.500000
11918   -1803941.625000
11919   -1803942.000000
11920   -1803942.500000
11921   -1803943.125000
11922   -1803943.250000
11923   -1803943.750000
11924   -1803944.000000
11925   -1803944.500000
11926   -1803945.000000
11927   -1803945.500000
11928   -1803945.750000
11929   -1803946.000000
11930   -1803946.500000
11931   -1803947.000000
11932   -1803947.500000
11933   -1803947.750000
11934   -1803948.125000
11935   -1803948.500000
11936   -1803949.000000
11937   -1803949.500000
11938   -1803949.750000
11939   -1803950.250000
11940   -1803950.500000
11941   -1803950.875000
11942   -1803951.500000
11943   -1803951.875000
11944   -1803952.250000
11945   -1803952.750000
11946   -1803952.875000
11947   -1803953.500000
11948   -1803954.000000
11949   -1803954.250000
11950   -1803954.750000
11951   -1803955.000000
11952   -1803955.500000
11953   -1803956.000000
11954   -1803956.500000
11955   -1803957.000000
11956   -1803957.250000
11957   -1803957.500000
11958   -1803958.250000
11959   -1803958.500000
11960   -1803959.000000
11961   -1803959.250000
11962   -1803959.500000
11963   -1803960.125000
11964   -1803960.625000
11965   -1803961.000000
11966   -1803961.500000
11967   -1803962.000000
11968   -1803962.500000
11969   -1803962.625000
11970   -1803963.125000
11971   -1803963.500000
11972   -1803964.125000
11973   -1803964.375000
11974   -1803964.750000
11975   -1803965.250000
11976   -1803965.625000
11977   -1803966.250000
11978   -1803966.500000
11979   -1803967.000000
11980   -1803967.750000
11981   -1803968.125000
11982   -1803968.500000
11983   -1803968.750000
11984   -1803969.250000
11985   -1803969.625000
11986   -1803970.125000
11987   -1803970.375000
11988   -1803971.125000
11989   -1803971.625000
11990   -1803972.000000
11991   -1803972.500000
11992   -1803972.750000
11993   -1803973.250000
11994   -1803973.500000
11995   -1803974.250000
11996   -1803974.750000
11997   -1803975.250000
11998   -1803975.500000
11999   -1803976.125000
12000   -1803976.500000
12001   -1803976.750000
12002   -1803977.250000
12003   -1803977.500000
12004   -1803978.250000
12005   -1803978.750000
12006   -1803979.250000
12007   -1803979.625000
12008   -1803980.000000
12009   -1803980.500000
12010   -1803980.875000
12011   -1803981.625000
12012   -1803982.000000
12013   -1803982.375000
12014   -1803982.750000
12015   -1803983.125000
12016   -1803983.750000
12017   -1803984.375000
12018   -1803984.750000
12019   -1803985.250000
12020   -1803985.625000
12021   -1803986.000000
12022   -1803986.500000
12023   -1803987.125000
12024   -1803987.500000
12025   -1803988.250000
12026   -1803988.500000
12027   -1803989.250000
12028   -1803989.500000
12029   -1803990.000000
12030   -1803990.375000
12031   -1803991.000000
12032   -1803991.375000
12033   -1803992.000000
12034   -1803992.500000
12035   -1803992.750000
12036   -1803993.250000
12037   -1803993.750000
12038   -1803994.250000
12039   -1803994.625000
12040   -1803995.125000
12041   -1803995.500000
12042   -1803996.000000
12043   -1803996.625000
12044   -1803996.875000
12045   -1803997.250000
12046   -1803997.875000
12047   -1803998.375000
12048   -1803999.000000
12049   -1803999.375000
12050   -1803999.750000
12051   -1804000.125000
12052   -1804000.750000
12053   -1804001.000000
12054   -1804001.625000
12055   -1804002.000000
12056   -1804002.500000
12057   -1804003.125000
12058   -1804003.625000
12059   -1804004.000000
12060   -1804004.500000
12061   -1804005.000000
12062   -1804005.250000
12063   -1804006.000000
12064   -1804006.250000
12065   -1804006.875000
12066   -1804007.250000
12067   -1804007.750000
12068   -1804008.125000
12069   -1804008.750000
12070   -1804009.125000
12071   -1804009.625000
12072   -1804010.250000
12073   -1804010.750000
12074   -1804011.250000
12075   -1804011.500000
12076   -1804012.125000
12077   -1804012.625000
12078   -1804013.000000
12079   -1804013.500000
12080   -1804014.000000
12081   -1804014.750000
12082   -1804015.000000
12083   -1804015.500000
12084   -1804016.000000
12085   -1804016.500000
12086   -1804017.000000
12087   -1804017.500000
12088   -1804017.750000
12089   -1804018.500000
12090   -1804019.000000
12091   -1804019.375000
12092   -1804020.000000
12093   -1804020.500000
12094   -1804021.000000
12095   -1804021.375000
12096   -1804022.000000
12097   -1804022.500000
12098   -1804022.875000
12099   -1804023.500000
12100   -1804024.125000
12101   -1804024.500000
12102   -1804025.000000
12103   -1804025.500000
12104   -1804026.000000
12105   -1804026.500000
12106   -1804027.000000
12107   -1804027.625000
12108   -1804028.000000
12109   -1804028.500000
12110   -1804029.125000
12111   -1804029.500000
12112   -1804030.250000
12113   -1804030.625000
12114   -1804031.125000
12115   -1804031.750000
12116   -1804032.250000
12117   -1804032.750000
12118   -1804033.375000
12119   -1804033.875000
12120   -1804034.500000
12121   -1804034.750000
12122   -1804035.375000
12123   -1804035.750000
12124   -1804036.625000
12125   -1804037.000000
12126   -1804037.500000
12127   -1804038.000000
12128   -1804038.750000
12129   -1804039.125000
12130   -1804039.750000
12131   -1804040.250000
12132   -1804040.750000
12133   -1804041.500000
12134   -1804041.750000
12135   -1804042.500000
12136   -1804043.250000
12137   -1804043.500000
12138   -1804044.250000
12139   -1804044.625000
12140   -1804045.125000
12141   -1804045.750000
12142   -1804046.250000
12143   -1804046.875000
12144   -1804047.500000
12145   -1804048.000000
12146   -1804048.625000
12147   -1804049.250000
12148   -1804049.750000
12149   -1804050.250000
12150   -1804050.875000
12151   -1804051.500000
12152   -1804052.000000
12153   -1804052.750000
12154   -1804053.125000
12155   -1804053.750000
12156   -1804054.375000
12157   -1804054.750000
12158   -1804055.500000
12159   -1804056.125000
12160   -1804056.500000
12161   -1804057.500000
12162   -1804057.875000
12163   -1804058.250000
12164   -1804058.750000
12165   -1804059.500000
12166   -1804060.000000
12167   -1804060.625000
12168   -1804061.125000
12169   -1804061.625000
12170   -1804062.375000
12171   -1804063.000000
12172   -1804063.375000
12173   -1804064.125000
12174   -1804064.750000
12175   -1804065.250000
12176   -1804066.000000
12177   -1804066.500000
12178   -1804067.125000
12179   -1804067.750000
12180   -1804068.250000
12181   -1804068.750000
12182   -1804069.375000
12183   -1804069.875000
12184   -1804070.500000
12185   -1804071.250000
12186   -1804071.625000
12187   -1804072.375000
12188   -1804073.250000
12189   -1804073.500000
12190   -1804074.250000
12191   -1804074.875000
12192   -1804075.250000
12193   -1804076.000000
12194   -1804076.500000
12195   -1804077.000000
12196   -1804077.750000
12197   -1804078.250000
12198   -1804079.125000
12199   -1804079.500000
12200   -1804080.000000
12201   -1804080.625000
12202   -1804081.250000
12203   -1804081.750000
12204   -1804082.500000
12205   -1804083.000000
12206   -1804083.500000
12207   -1804084.250000
12208   -1804084.750000
12209   -1804085.250000
12210   -1804086.000000
12211   -1804086.750000
12212   -1804087.250000
12213   -1804087.750000
12214   -1804088.500000
12215   -1804088.875000
12216   -1804089.625000
12217   -1804090.000000
12218   -1804090.750000
12219   -1804091.250000
12220   -1804091.750000
12221   -1804092.500000
12222   -1804093.000000
12223   -1804093.750000
12224   -1804094.250000
12225   -1804094.750000
12226   -1804095.500000
12227   -1804095.875000
12228   -1804096.500000
12229   -1804097.125000
12230   -1804097.750000
12231   -1804098.500000
12232   -1804099.000000
12233   -1804099.500000
12234   -1804100.250000
12235   -1804100.750000
12236   -1804101.250000
12237   -1804101.750000
12238   -1804102.250000
12239   -1804103.000000
12240   -1804103.500000
12241   -1804104.000000
12242   -1804104.875000
12243   -1804105.125000
12244   -1804105.750000
12245   -1804106.500000
12246   -1804107.000000
12247   -1804107.750000
12248   -1804108.250000
12249   -1804108.625000
12250   -1804109.500000
12251   -1804109.875000
12252   -1804110.375000
12253   -1804111.000000
12254   -1804111.750000
12255   -1804112.250000
12256   -1804112.875000
12257   -1804113.375000
12258   -1804114.000000
12259   -1804114.500000
12260   -1804115.000000
12261   -1804115.750000
12262   -1804116.250000
12263   -1804117.125000
12264   -1804117.500000
12265   -1804118.125000
12266   -1804118.750000
12267   -1804119.250000
12268   -1804120.000000
12269   -1804120.500000
12270   -1804121.125000
12271   -1804121.875000
12272   -1804122.250000
12273   -1804123.000000
12274   -1804123.750000
12275   -1804124.250000
12276   -1804124.875000
12277   -1804125.500000
12278   -1804126.000000
12279   -1804126.625000
12280   -1804127.250000
12281   -1804128.000000
12282   -1804128.500000
12283   -1804129.000000
12284   -1804129.750000
12285   -1804130.250000
12286   -1804131.000000
12287   -1804131.500000
12288   -1804132.125000
12289   -1804132.750000
12290   -1804133.500000
12291   -1804133.875000
12292   -1804134.625000
12293   -1804135.375000
12294   -1804136.000000
12295   -1804136.500000
12296   -1804137.125000
12297   -1804138.000000
12298   -1804138.500000
12299   -1804139.000000
12300   -1804140.000000
12301   -1804140.500000
12302   -1804141.125000
12303   -1804141.750000
12304   -1804142.500000
12305   -1804143.250000
12306   -1804144.000000
12307   -1804144.750000
12308   -1804145.000000
12309   -1804145.875000
12310   -1804146.500000
12311   -1804147.125000
12312   -1804148.000000
12313   -1804148.750000
12314   -1804149.250000
12315   -1804150.000000
12316   -1804150.750000
12317   -1804151.250000
12318   -1804152.000000
12319   -1804152.625000
12320   -1804153.500000
12321   -1804154.250000
12322   -1804154.750000
12323   -1804155.750000
12324   -1804156.250000
12325   -1804157.125000
12326   -1804157.750000
12327   -1804158.625000
12328   -1804159.250000
12329   -1804160.000000
12330   -1804160.750000
12331   -1804161.500000
12332   -1804162.125000
12333   -1804163.000000
12334   -1804163.500000
12335   -1804164.250000
12336   -1804165.250000
12337   -1804166.000000
12338   -1804166.750000
12339   -1804167.500000
12340   -1804168.000000
12341   -1804169.000000
12342   -1804169.750000
12343   -1804170.500000
12344   -1804171.250000
12345   -1804172.000000
12346   -1804172.875000
12347   -1804173.625000
12348   -1804174.500000
12349   -1804175.250000
12350   -1804176.000000
12351   -1804176.750000
12352   -1804177.500000
12353   -1804178.375000
12354   -1804179.250000
12355   -1804180.000000
12356   -1804180.750000
12357   -1804181.625000
12358   -1804182.500000
12359   -1804183.250000
12360   -1804184.250000
12361   -1804184.750000
12362   -1804185.500000
12363   -1804186.250000
12364   -1804187.125000
12365   -1804187.875000
12366   -1804188.875000
12367   -1804189.750000
12368   -1804190.500000
12369   -1804191.250000
12370   -1804192.000000
12371   -1804193.000000
12372   -1804193.625000
12373   -1804194.750000
12374   -1804195.250000
12375   -1804196.125000
12376   -1804197.000000
12377   -1804197.750000
12378   -1804198.875000
12379   -1804199.500000
12380   -1804200.250000
12381   -1804201.000000
12382   -1804202.000000
12383   -1804202.875000
12384   -1804203.625000
12385   -1804204.375000
12386   -1804205.250000
12387   -1804206.000000
12388   -1804206.750000
12389   -1804207.750000
12390   -1804208.250000
12391   -1804209.250000
12392   -1804210.000000
12393   -1804210.750000
12394   -1804211.875000
12395   -1804212.375000
12396   -1804213.500000
12397   -1804214.250000
12398   -1804215.000000
12399   -1804215.750000
12400   -1804216.625000
12401   -1804217.500000
12402   -1804218.250000
12403   -1804219.250000
12404   -1804220.000000
12405   -1804220.875000
12406   -1804221.375000
12407   -1804222.375000
12408   -1804223.125000
12409   -1804224.125000
12410   -1804224.750000
12411   -1804225.750000
12412   -1804226.625000
12413   -1804227.375000
12414   -1804228.125000
12415   -1804229.000000
12416   -1804230.000000
12417   -1804230.625000
12418   -1804231.500000
12419   -1804232.250000
12420   -1804233.000000
12421   -1804234.000000
12422   -1804234.750000
12423   -1804235.750000
12424   -1804236.375000
12425   -1804237.375000
12426   -1804238.000000
12427   -1804238.875000
12428   -1804239.750000
12429   -1804240.500000
12430   -1804241.500000
12431   -1804242.125000
12432   -1804242.750000
12433   -1804243.875000
12434   -1804244.750000
12435   -1804245.375000
12436   -1804246.375000
12437   -1804247.000000
12438   -1804247.750000
12439   -1804248.500000
12440   -1804249.375000
12441   -1804250.250000
12442   -1804251.000000
12443   -1804251.875000
12444   -1804252.750000
12445   -1804253.500000
12446   -1804254.250000
12447   -1804255.000000
12448   -1804255.750000
12449   -1804256.500000
12450   -1804257.375000
12451   -1804258.250000
12452   -1804259.000000
12453   -1804259.750000
12454   -1804260.250000
12455   -1804261.250000
12456   -1804262.000000
12457   -1804263.000000
12458   -1804263.750000
12459   -1804264.500000
12460   -1804265.250000
12461   -1804266.000000
12462   -1804266.750000
12463   -1804267.750000
12464   -1804268.250000
12465   -1804269.000000
12466   -1804269.750000
12467   -1804270.500000
12468   -1804271.500000
12469   -1804272.250000
12470   -1804273.000000
12471   -1804274.000000
12472   -1804274.500000
12473   -1804275.250000
12474   -1804276.000000
12475   -1804276.750000
12476   -1804277.500000
12477   -1804278.250000
12478   -1804279.000000
12479   -1804280.000000
12480   -1804280.500000
12481   -1804281.250000
12482   -1804282.125000
12483   -1804282.875000
12484   -1804283.625000
12485   -1804284.250000
12486   -1804285.000000
12487   -1804285.875000
12488   -1804286.625000
12489   -1804287.250000
12490   -1804288.000000
12491   -1804288.625000
12492   -1804289.500000
12493   -1804290.250000
12494   -1804291.000000
12495   -1804291.625000
12496   -1804292.500000
12497   -1804293.000000
12498   -1804294.000000
12499   -1804294.750000
12500   -1804295.500000
12501   -1804296.250000
12502   -1804296.750000
12503   -1804297.625000
12504   -1804298.500000
12505   -1804299.000000
12506   -1804299.875000
12507   -1804300.500000
12508   -1804301.250000
12509   -1804302.000000
12510   -1804302.750000
12511   -1804303.500000
12512   -1804304.500000
12513   -1804304.750000
12514   -1804305.750000
12515   -1804306.375000
12516   -1804307.250000
12517   -1804308.000000
12518   -1804308.625000
12519   -1804309.250000
12520   -1804310.000000
12521   -1804310.750000
12522   -1804311.500000
12523   -1804312.125000
12524   -1804312.875000
12525   -1804313.625000
12526   -1804314.375000
12527   -1804315.000000
12528   -1804315.875000
12529   -1804316.250000
12530   -1804317.250000
12531   -1804318.000000
12532   -1804318.625000
12533   -1804319.375000
12534   -1804319.875000
12535   -1804320.750000
12536   -1804321.250000
12537   -1804322.250000
12538   -1804322.750000
12539   -1804323.250000
12540   -1804324.250000
12541   -1804325.000000
12542   -1804325.750000
12543   -1804326.375000
12544   -1804327.000000
12545   -1804328.000000
12546   -1804328.500000
12547   -1804329.250000
12548   -1804329.875000
12549   -1804330.500000
12550   -1804331.250000
12551   -1804332.000000
12552   -1804332.500000
12553   -1804333.250000
12554   -1804334.000000
12555   -1804334.750000
12556   -1804335.500000
12557   -1804336.000000
12558   -1804336.500000
12559   -1804337.500000
12560   -1804338.000000
12561   -1804338.875000
12562   -1804339.500000
12563   -1804340.000000
12564   -1804340.500000
12565   -1804341.250000
12566   -1804342.000000
12567   -1804342.500000
12568   -1804343.250000
12569   -1804343.750000
12570   -1804344.500000
12571   -1804345.250000
12572   -1804345.625000
12573   -1804346.250000
12574   -1804347.000000
12575   -1804347.625000
12576   -1804348.375000
12577   -1804349.000000
12578   -1804349.500000
12579   -1804350.250000
12580   -1804350.875000
12581   -1804351.625000
12582   -1804352.250000
12583   -1804352.750000
12584   -1804353.375000
12585   -1804354.000000
12586   -1804354.500000
12587   -1804355.250000
12588   -1804355.750000
12589   -1804356.250000
12590   -1804357.000000
12591   -1804357.250000
12592   -1804358.000000
12593   -1804358.750000
12594   -1804359.500000
12595   -1804360.125000
12596   -1804360.500000
12597   -1804361.000000
12598   -1804361.625000
12599   -1804362.250000
12600   -1804363.000000
12601   -1804363.375000
12602   -1804363.875000
12603   -1804364.500000
12604   -1804365.000000
12605   -1804365.750000
12606   -1804366.250000
12607   -1804367.000000
12608   -1804367.375000
12609   -1804367.875000
12610   -1804368.500000
12611   -1804369.000000
12612   -1804369.500000
12613   -1804370.000000
12614   -1804370.500000
12615   -1804371.000000
12616   -1804371.750000
12617   -1804372.250000
12618   -1804372.750000
12619   -1804373.250000
12620   -1804373.875000
12621   -1804374.250000
12622   -1804374.750000
12623   -1804375.375000
12624   -1804375.875000
12625   -1804376.250000
12626   -1804376.500000
12627   -1804377.125000
12628   -1804377.750000
12629   -1804378.000000
12630   -1804378.625000
12631   -1804379.125000
12632   -1804379.500000
12633   -1804380.000000
12634   -1804380.500000
12635   -1804380.750000
12636   -1804381.375000
12637   -1804381.750000
12638   -1804382.250000
12639   -1804382.750000
12640   -1804383.000000
12641   -1804383.375000
12642   -1804384.250000
12643   -1804384.500000
12644   -1804385.000000
12645   -1804385.375000
12646   -1804385.750000
12647   -1804386.000000
12648   -1804386.500000
12649   -1804387.000000
12650   -1804387.500000
12651   -1804387.875000
12652   -1804388.250000
12653   -1804388.750000
12654   -1804389.125000
12655   -1804389.500000
12656   -1804390.125000
12657   -1804390.250000
12658   -1804390.750000
12659   -1804391.250000
12660   -1804391.625000
12661   -1804392.125000
12662   -1804392.625000
12663   -1804392.750000
12664   -1804393.125000
12665   -1804393.750000
12666   -1804393.875000
12667   -1804394.500000
12668   -1804394.750000
12669   -1804395.250000
12670   -1804395.750000
12671   -1804396.250000
12672   -1804396.500000
12673   -1804396.875000
12674   -1804397.250000
12675   -1804397.750000
12676   -1804398.125000
12677   -1804398.375000
12678   -1804398.750000
12679   -1804399.250000
12680   -1804399.750000
12681   -1804400.000000
12682   -1804400.500000
12683   -1804400.750000
12684   -1804401.250000
12685   -1804401.500000
12686   -1804402.000000
12687   -1804402.375000
12688   -1804402.750000
12689   -1804403.000000
12690   -1804403.750000
12691   -1804403.875000
12692   -1804404.250000
12693   -1804404.500000
12694   -1804404.875000
12695   -1804405.375000
12696   -1804405.750000
12697   -1804406.250000
12698   -1804406.500000
12699   -1804406.750000
12700   -1804407.250000
12701   -1804407.500000
12702   -1804407.875000
12703   -1804408.250000
12704   -1804408.750000
12705   -1804409.250000
12706   -1804409.625000
12707   -1804409.750000
12708   -1804410.250000
12709   -1804410.500000
12710   -1804411.000000
12711   -1804411.375000
12712   -1804411.750000
12713   -1804412.000000
12714   -1804412.375000
12715   -1804412.750000
12716   -1804413.250000
12717   -1804413.500000
12718   -1804414.000000
12719   -1804414.500000
12720   -1804414.750000
12721   -1804415.125000
12722   -1804415.500000
12723   -1804415.750000
12724   -1804416.000000
12725   -1804416.500000
12726   -1804417.000000
12727   -1804417.250000
12728   -1804417.750000
12729   -1804418.000000
12730   -1804418.250000
12731   -1804418.750000
12732   -1804419.125000
12733   -1804419.500000
12734   -1804419.625000
12735   -1804420.000000
12736   -1804420.625000
12737   -1804421.000000
12738   -1804421.250000
12739   -1804421.750000
12740   -1804422.000000
12741   -1804422.500000
12742   -1804422.625000
12743   -1804423.000000
12744   -1804423.500000
12745   -1804423.875000
12746   -1804424.250000
12747   -1804424.750000
12748   -1804425.000000
12749   -1804425.250000
12750   -1804425.500000
12751   -1804425.875000
12752   -1804426.125000
12753   -1804426.625000
12754   -1804427.000000
12755   -1804427.500000
12756   -1804427.750000
12757   -1804428.250000
12758   -1804428.375000
12759   -1804428.750000
12760   -1804429.250000
12761   -1804429.625000
12762   -1804430.000000
12763   -1804430.125000
12764   -1804430.625000
12765   -1804431.000000
12766   -1804431.375000
12767   -1804431.625000
12768   -1804432.125000
12769   -1804432.500000
12770   -1804432.750000
12771   -1804433.125000
12772   -1804433.500000
12773   -1804433.750000
12774   -1804434.250000
12775   -1804434.625000
12776   -1804435.000000
12777   -1804435.125000
12778   -1804435.750000
12779   -1804436.000000
12780   -1804436.500000
12781   -1804437.000000
12782   -1804437.250000
12783   -1804437.500000
12784   -1804437.875000
12785   -1804438.250000
12786   -1804438.750000
12787   -1804438.750000
12788   -1804439.250000
12789   -1804439.750000
12790   -1804440.125000
12791   -1804440.500000
12792   -1804440.750000
12793   -1804441.125000
12794   -1804441.625000
12795   -1804441.750000
12796   -1804442.125000
12797   -1804442.500000
12798   -1804442.875000
12799   -1804443.375000
12800   -1804443.500000
12801   -1804444.125000
12802   -1804444.250000
12803   -1804444.625000
12804   -1804445.000000
12805   -1804445.500000
12806   -1804445.750000
12807   -1804446.250000
12808   -1804446.625000
12809   -1804446.875000
12810   -1804447.500000
12811   -1804447.750000
12812   -1804448.250000
12813   -1804448.500000
12814   -1804448.625000
12815   -1804449.125000
12816   -1804449.500000
12817   -1804450.000000
12818   -1804450.000000
12819   -1804450.500000
12820   -1804451.000000
12821   -1804451.500000
12822   -1804451.750000
12823   -1804452.250000
12824   -1804452.625000
12825   -1804452.750000
12826   -1804453.250000
12827   -1804453.375000
12828   -1804453.750000
12829   -1804454.250000
12830   -1804454.750000
12831   -1804455.125000
12832   -1804455.500000
12833   -1804455.875000
12834   -1804456.125000
12835   -1804456.375000
12836   -1804457.000000
12837   -1804457.250000
12838   -1804457.625000
12839   -1804458.000000
12840   -1804458.250000
12841   -1804458.750000
12842   -1804459.000000
12843   -1804459.500000
12844   -1804459.875000
12845   -1804460.250000
12846   -1804460.625000
12847   -1804461.125000
12848   -1804461.375000
12849   -1804461.625000
12850   -1804462.125000
12851   -1804462.375000
12852   -1804462.750000
12853   -1804463.125000
12854   -1804463.750000
12855   -1804464.250000
12856   -1804464.500000
12857   -1804464.750000
12858   -1804465.125000
12859   -1804465.500000
12860   -1804465.750000
12861   -1804466.250000
12862   -1804466.750000
12863   -1804467.000000
12864   -1804467.500000
12865   -1804467.750000
12866   -1804468.125000
12867   -1804468.750000
12868   -1804469.000000
12869   -1804469.375000
12870   -1804469.500000
12871   -1804470.000000
12872   -1804470.250000
12873   -1804470.875000
12874   -1804471.250000
12875   -1804471.500000
12876   -1804471.750000
12877   -1804472.250000
12878   -1804472.750000
12879   -1804473.250000
12880   -1804473.625000
12881   -1804473.750000
12882   -1804474.125000
12883   -1804474.625000
12884   -1804474.875000
12885   -1804475.375000
12886   -1804475.625000
12887   -1804476.000000
12888   -1804476.375000
12889   -1804476.750000
12890   -1804477.125000
12891   -1804477.750000
12892   -1804477.875000
12893   -1804478.375000
12894   -1804478.750000
12895   -1804479.125000
12896   -1804479.375000
12897   -1804479.750000
12898   -1804480.250000
12899   -1804480.625000
12900   -1804480.875000
12901   -1804481.375000
12902   -1804481.750000
12903   -1804482.250000
12904   -1804482.250000
12905   -1804482.750000
12906   -1804483.250000
12907   -1804483.750000
12908   -1804484.000000
12909   -1804484.375000
12910   -1804484.750000
12911   -1804485.000000
12912   -1804485.500000
12913   -1804485.875000
12914   -1804486.500000
12915   -1804486.750000
12916   -1804487.250000
12917   -1804487.500000
12918   -1804488.000000
12919   -1804488.500000
12920   -1804488.625000
12921   -1804489.000000
12922   -1804489.375000
12923   -1804489.750000
12924   -1804490.125000
12925   -1804490.500000
12926   -1804491.000000
12927   -1804491.375000
12928   -1804491.750000
12929   -1804492.125000
12930   -1804492.500000
12931   -1804492.875000
12932   -1804493.500000
12933   -1804493.750000
12934   -1804494.375000
12935   -1804494.500000
12936   -1804495.000000
12937   -1804495.250000
12938   -1804495.875000
12939   -1804496.250000
12940   -1804496.500000
12941   -1804497.125000
12942   -1804497.500000
12943   -1804497.875000
12944   -1804498.500000
12945   -1804499.000000
12946   -1804499.250000
12947   -1804499.625000
12948   -1804500.000000
12949   -1804500.625000
12950   -1804500.875000
12951   -1804501.375000
12952   -1804501.625000
12953   -1804502.000000
12954   -1804502.500000
12955   -1804502.875000
12956   -1804503.250000
12957   -1804503.750000
12958   -1804504.250000
12959   -1804504.500000
12960   -1804504.875000
12961   -1804505.500000
12962   -1804505.875000
12963   -1804506.250000
12964   -1804506.750000
12965   -1804507.125000
12966   -1804507.750000
12967   -1804508.000000
12968   -1804508.250000
12969   -1804508.750000
12970   -1804509.250000
12971   -1804509.750000
12972   -1804510.000000
12973   -1804510.500000
12974   -1804511.125000
12975   -1804511.500000
12976   -1804512.000000
12977   -1804512.250000
12978   -1804512.750000
12979   -1804513.375000
12980   -1804513.500000
12981   -1804514.250000
12982   -1804514.625000
12983   -1804515.125000
12984   -1804515.500000
12985   -1804515.875000
12986   -1804516.250000
12987   -1804516.750000
12988   -1804517.125000
12989   -1804517.750000
12990   -1804518.250000
12991   -1804518.375000
12992   -1804518.875000
12993   -1804519.500000
12994   -1804520.000000
12995   -1804520.250000
12996   -1804520.750000
12997   -1804521.375000
12998   -1804521.625000
12999   -1804522.000000
13000   -1804522.625000
13001   -1804523.000000
13002   -1804523.500000
13003   -1804524.000000
13004   -1804524.500000
13005   -1804524.625000
13006   -1804525.250000
13007   -1804525.875000
13008   -1804526.375000
13009   -1804526.750000
13010   -1804527.125000
13011   -1804527.625000
13012   -1804528.125000
13013   -1804528.625000
13014   -1804528.875000
13015   -1804529.500000
13016   -1804529.750000
13017   -1804530.250000
13018   -1804530.875000
13019   -1804531.125000
13020   -1804531.750000
13021   -1804532.250000
13022   -1804532.750000
13023   -1804533.250000
13024   -1804533.750000
13025   -1804534.000000
13026   -1804534.625000
13027   -1804535.000000
13028   -1804535.375000
13029   -1804535.875000
13030   -1804536.375000
13031   -1804537.000000
13032   -1804537.500000
13033   -1804538.000000
13034   -1804538.375000
13035   -1804538.750000
13036   -1804539.250000
13037   -1804539.750000
13038   -1804540.125000
13039   -1804540.500000
13040   -1804541.250000
13041   -1804541.625000
13042   -1804542.000000
13043   -1804542.500000
13044   -1804543.000000
13045   -1804543.500000
13046   -1804543.875000
13047   -1804544.375000
13048   -1804545.000000
13049   -1804545.250000
13050   -1804545.875000
13051   -1804546.250000
13052   -1804546.750000
13053   -1804547.000000
13054   -1804547.625000
13055   -1804548.250000
13056   -1804548.750000
13057   -1804549.250000
13058   -1804549.750000
13059   -1804550.125000
13060   -1804550.625000
13061   -1804551.000000
13062   -1804551.625000
13063   -1804552.125000
13064   -1804552.500000
13065   -1804553.000000
13066   -1804553.375000
13067   -1804554.125000
13068   -1804554.375000
13069   -1804555.000000
13070   -1804555.250000
13071   -1804555.875000
13072   -1804556.500000
13073   -1804556.875000
13074   -1804557.250000
13075   -1804557.750000
13076   -1804558.500000
13077   -1804558.750000
13078   -1804559.250000
13079   -1804559.625000
13080   -1804560.250000
13081   -1804560.750000
13082   -1804561.250000
13083   -1804561.750000
13084   -1804562.250000
13085   -1804562.750000
13086   -1804563.250000
13087   -1804563.625000
13088   -1804564.000000
13089   -1804564.750000
13090   -1804565.000000
13091   -1804565.500000
13092   -1804566.000000
13093   -1804566.500000
13094   -1804567.000000
13095   -1804567.625000
13096   -1804567.750000
13097   -1804568.500000
13098   -1804569.000000
13099   -1804569.250000
13100   -1804570.000000
13101   -1804570.500000
13102   -1804570.875000
13103   -1804571.375000
13104   -1804571.750000
13105   -1804572.500000
13106   -1804572.750000
13107   -1804573.375000
13108   -1804574.000000
13109   -1804574.375000
13110   -1804574.750000
13111   -1804575.375000
13112   -1804576.000000
13113   -1804576.250000
13114   -1804577.000000
13115   -1804577.375000
13116   -1804577.750000
13117   -1804578.250000
13118   -1804578.875000
13119   -1804579.375000
13120   -1804579.750000
13121   -1804580.500000
13122   -1804580.875000
13123   -1804581.250000
13124   -1804582.000000
13125   -1804582.375000
13126   -1804582.750000
13127   -1804583.375000
13128   -1804584.000000
13129   -1804584.250000
13130   -1804584.625000
13131   -1804585.375000
13132   -1804586.000000
13133   -1804586.500000
13134   -1804587.000000
13135   -1804587.500000
13136   -1804587.875000
13137   -1804588.500000
13138   -1804589.000000
13139   -1804589.500000
13140   -1804589.750000
13141   -1804590.375000
13142   -1804590.875000
13143   -1804591.250000
13144   -1804592.000000
13145   -1804592.250000
13146   -1804592.875000
13147   -1804593.375000
13148   -1804593.750000
13149   -1804594.375000
13150   -1804595.000000
13151   -1804595.250000
13152   -1804595.750000
13153   -1804596.250000
13154   -1804596.875000
13155   -1804597.375000
13156   -1804597.625000
13157   -1804598.250000
13158   -1804598.875000
13159   -1804599.250000
13160   -1804599.750000
13161   -1804600.125000
13162   -1804600.625000
13163   -1804601.250000
13164   -1804601.750000
13165   -1804602.250000
13166   -1804602.750000
13167   -1804603.125000
13168   -1804603.750000
13169   -1804604.125000
13170   -1804604.750000
13171   -1804605.125000
13172   -1804605.750000
13173   -1804606.125000
13174   -1804606.750000
13175   -1804607.125000
13176   -1804607.500000
13177   -1804608.000000
13178   -1804608.500000
13179   -1804609.125000
13180   -1804609.500000
13181   -1804610.000000
13182   -1804610.500000
13183   -1804611.000000
13184   -1804611.500000
13185   -1804612.000000
13186   -1804612.375000
13187   -1804612.875000
13188   -1804613.375000
13189   -1804613.750000
13190   -1804614.250000
13191   -1804614.750000
13192   -1804615.250000
13193   -1804615.875000
13194   -1804616.250000
13195   -1804616.750000
13196   -1804617.000000
13197   -1804617.625000
13198   -1804618.125000
13199   -1804618.625000
13200   -1804619.000000
13201   -1804619.500000
13202   -1804620.000000
13203   -1804620.500000
13204   -1804620.875000
13205   -1804621.250000
13206   -1804621.750000
13207   -1804622.250000
13208   -1804622.750000
13209   -1804623.125000
13210   -1804623.750000
13211   -1804623.875000
13212   -1804624.625000
13213   -1804625.000000
13214   -1804625.500000
13215   -1804626.000000
13216   -1804626.375000
13217   -1804626.750000
13218   -1804627.250000
13219   -1804627.750000
13220   -1804628.250000
13221   -1804628.625000
13222   -1804629.000000
13223   -1804629.625000
13224   -1804630.000000
13225   -1804630.375000
13226   -1804630.750000
13227   -1804631.250000
13228   -1804631.875000
13229   -1804632.250000
13230   -1804632.625000
13231   -1804633.000000
13232   -1804633.250000
13233   -1804633.875000
13234   -1804634.375000
13235   -1804634.500000
13236   -1804635.000000
13237   -1804635.500000
13238   -1804636.000000
13239   -1804636.250000
13240   -1804636.750000
13241   -1804637.250000
13242   -1804637.500000
13243   -1804638.000000
13244   -1804638.375000
13245   -1804638.625000
13246   -1804639.250000
13247   -1804639.500000
13248   -1804639.875000
13249   -1804640.250000
13250   -1804640.750000
13251   -1804641.250000
13252   -1804641.750000
13253   -1804642.000000
13254   -1804642.375000
13255   -1804642.750000
13256   -1804643.250000
13257   -1804643.625000
13258   -1804644.000000
13259   -1804644.500000
13260   -1804644.750000
13261   -1804645.000000
13262   -1804645.500000
13263   -1804645.875000
13264   -1804646.125000
13265   -1804646.625000
13266   -1804647.125000
13267   -1804647.500000
13268   -1804647.875000
13269   -1804648.250000
13270   -1804648.500000
13271   -1804649.000000
13272   -1804649.250000
13273   -1804649.750000
13274   -1804650.000000
13275   -1804650.500000
13276   -1804650.875000
13277   -1804651.250000
13278   -1804651.500000
13279   -1804651.875000
13280   -1804652.375000
13281   -1804652.750000
13282   -1804653.000000
13283   -1804653.250000
13284   -1804653.750000
13285   -1804654.250000
13286   -1804654.375000
13287   -1804654.625000
13288   -1804655.000000
13289   -1804655.750000
13290   -1804655.875000
13291   -1804656.125000
13292   -1804656.500000
13293   -1804656.750000
13294   -1804657.250000
13295   -1804657.750000
13296   -1804657.750000
13297   -1804658.250000
13298   -1804658.625000
13299   -1804659.000000
13300   -1804659.125000
13301   -1804659.750000
13302   -1804660.250000
13303   -1804660.500000
13304   -1804660.625000
13305   -1804661.000000
13306   -1804661.375000
13307   -1804661.625000
13308   -1804662.125000
13309   -1804662.375000
13310   -1804662.750000
13311   -1804663.000000
13312   -1804663.500000
13313   -1804663.750000
13314   -1804664.250000
13315   -1804664.500000
13316   -1804664.875000
13317   -1804665.250000
13318   -1804665.500000
13319   -1804666.000000
13320   -1804666.125000
13321   -1804666.500000
13322   -1804666.875000
13323   -1804667.250000
13324   -1804667.500000
13325   -1804667.750000
13326   -1804668.250000
13327   -1804668.500000
13328   -1804668.875000
13329   -1804669.125000
13330   -1804669.500000
13331   -1804669.875000
13332   -1804670.000000
13333   -1804670.375000
13334   -1804670.750000
13335   -1804671.250000
13336   -1804671.500000
13337   -1804671.750000
13338   -1804672.000000
13339   -1804672.375000
13340   -1804672.750000
13341   -1804672.875000
13342   -1804673.250000
13343   -1804673.625000
13344   -1804674.000000
13345   -1804674.250000
13346   -1804674.625000
13347   -1804675.000000
13348   -1804675.250000
13349   -1804675.500000
13350   -1804675.875000
13351   -1804676.250000
13352   -1804676.625000
13353   -1804676.750000
13354   -1804677.125000
13355   -1804677.500000
13356   -1804677.500000
13357   -1804678.000000
13358   -1804678.250000
13359   -1804678.750000
13360   -1804679.000000
13361   -1804679.250000
13362   -1804679.625000
13363   -1804680.000000
13364   -1804680.125000
13365   -1804680.500000
13366   -1804680.875000
13367   -1804681.000000
13368   -1804681.500000
13369   -1804681.750000
13370   -1804682.000000
13371   -1804682.500000
13372   -1804682.625000
13373   -1804683.000000
13374   -1804683.250000
13375   -1804683.500000
13376   -1804683.750000
13377   -1804684.125000
13378   -1804684.375000
13379   -1804684.750000
13380   -1804685.000000
13381   -1804685.250000
13382   -1804685.500000
13383   -1804685.875000
13384   -1804686.125000
13385   -1804686.500000
13386   -1804686.750000
13387   -1804687.125000
13388   -1804687.250000
13389   -1804687.750000
13390   -1804687.875000
13391   -1804688.250000
13392   -1804688.500000
13393   -1804689.000000
13394   -1804689.250000
13395   -1804689.625000
13396   -1804689.750000
13397   -1804690.000000
13398   -1804690.500000
13399   -1804690.750000
13400   -1804691.000000
13401   -1804691.250000
13402   -1804691.500000
13403   -1804691.875000
13404   -1804692.250000
13405   -1804692.500000
13406   -1804692.750000
13407   -1804693.000000
13408   -1804693.500000
13409   -1804693.750000
13410   -1804694.000000
13411   -1804694.250000
13412   -1804694.750000
13413   -1804695.000000
13414   -1804695.250000
13415   -1804695.500000
13416   -1804695.750000
13417   -1804696.125000
13418   -1804696.500000
13419   -1804696.750000
13420   -1804697.000000
13421   -1804697.500000
13422   -1804697.750000
13423   -1804698.000000
13424   -1804698.250000
13425   -1804698.500000
13426   -1804698.875000
13427   -1804699.250000
13428   -1804699.500000
13429   -1804699.750000
13430   -1804700.000000
13431   -1804700.375000
13432   -1804700.750000
13433   -1804701.000000
13434   -1804701.375000
13435   -1804701.500000
13436   -1804701.875000
13437   -1804702.250000
13438   -1804702.500000
13439   -1804702.875000
13440   -1804703.250000
13441   -1804703.500000
13442   -1804703.750000
13443   -1804704.125000
13444   -1804704.375000
13445   -1804704.750000
13446   -1804705.125000
13447   -1804705.375000
13448   -1804705.750000
13449   -1804706.000000
13450   -1804706.250000
13451   -1804706.500000
13452   -1804706.875000
13453   -1804707.375000
13454   -1804707.500000
13455   -1804708.125000
13456   -1804708.250000
13457   -1804708.500000
13458   -1804708.750000
13459   -1804709.125000
13460   -1804709.500000
13461   -1804709.750000
13462   -1804710.250000
13463   -1804710.375000
13464   -1804710.750000
13465   -1804711.125000
13466   -1804711.500000
13467   -1804711.750000
13468   -1804712.000000
13469   -1804712.250000
13470   -1804712.500000
13471   -1804712.875000
13472   -1804713.250000
13473   -1804713.750000
13474   -1804714.000000
13475   -1804714.250000
13476   -1804714.625000
13477   -1804715.000000
13478   -1804715.250000
13479   -1804715.750000
13480   -1804715.750000
13481   -1804716.250000
13482   -1804716.500000
13483   -1804716.750000
13484   -1804717.125000
13485   -1804717.625000
13486   -1804717.875000
13487   -1804718.250000
13488   -1804718.500000
13489   -1804719.000000
13490   -1804719.125000
13491   -1804719.500000
13492   -1804720.000000
13493   -1804720.250000
13494   -1804720.625000
13495   -1804721.000000
13496   -1804721.250000
13497   -1804721.625000
13498   -1804721.750000
13499   -1804722.250000
13500   -1804722.625000
13501   -1804722.750000
13502   -1804723.250000
13503   -1804723.500000
13504   -1804724.000000
13505   -1804724.375000
13506   -1804724.500000
13507   -1804724.875000
13508   -1804725.250000
13509   -1804725.500000
13510   -1804726.000000
13511   -1804726.375000
13512   -1804726.625000
13513   -1804726.875000
13514   -1804727.250000
13515   -1804727.750000
13516   -1804728.000000
13517   -1804728.250000
13518   -1804728.750000
13519   -1804729.000000
13520   -1804729.500000
13521   -1804729.750000
13522   -1804730.000000
13523   -1804730.750000
13524   -1804731.000000
13525   -1804731.250000
13526   -1804731.500000
13527   -1804731.750000
13528   -1804732.250000
13529   -1804732.500000
13530   -1804732.875000
13531   -1804733.375000
13532   -1804733.750000
13533   -1804734.125000
13534   -1804734.375000
13535   -1804734.875000
13536   -1804735.125000
13537   -1804735.500000
13538   -1804736.000000
13539   -1804736.250000
13540   -1804736.625000
13541   -1804736.875000
13542   -1804737.500000
13543   -1804737.750000
13544   -1804738.000000
13545   -1804738.500000
13546   -1804738.750000
13547   -1804739.250000
13548   -1804739.750000
13549   -1804740.000000
13550   -1804740.375000
13551   -1804740.625000
13552   -1804741.125000
13553   -1804741.500000
13554   -1804741.750000
13555   -1804742.000000
13556   -1804742.625000
13557   -1804743.000000
13558   -1804743.250000
13559   -1804743.750000
13560   -1804744.250000
13561   -1804744.500000
13562   -1804745.000000
13563   -1804745.250000
13564   -1804745.750000
13565   -1804746.125000
13566   -1804746.500000
13567   -1804747.000000
13568   -1804747.250000
13569   -1804747.750000
13570   -1804748.000000
13571   -1804748.500000
13572   -1804748.875000
13573   -1804749.250000
13574   -1804749.750000
13575   -1804750.250000
13576   -1804750.500000
13577   -1804751.000000
13578   -1804751.375000
13579   -1804751.750000
13580   -1804752.125000
13581   -1804752.375000
13582   -1804753.000000
13583   -1804753.375000
13584   -1804753.750000
13585   -1804754.125000
13586   -1804754.500000
13587   -1804755.000000
13588   -1804755.500000
13589   -1804755.750000
13590   -1804756.250000
13591   -1804756.625000
13592   -1804757.000000
13593   -1804757.500000
13594   -1804757.750000
13595   -1804758.125000
13596   -1804758.625000
13597   -1804759.125000
13598   -1804759.500000
13599   -1804760.000000
13600   -1804760.375000
13601   -1804760.750000
13602   -1804761.250000
13603   -1804761.750000
13604   -1804762.125000
13605   -1804762.500000
13606   -1804762.875000
13607   -1804763.375000
13608   -1804763.750000
13609   -1804764.125000
13610   -1804764.750000
13611   -1804765.000000
13612   -1804765.500000
13613   -1804765.750000
13614   -1804766.250000
13615   -1804766.750000
13616   -1804767.000000
13617   -1804767.500000
13618   -1804767.875000
13619   -1804768.250000
13620   -1804768.750000
13621   -1804769.000000
13622   -1804769.375000
13623   -1804769.750000
13624   -1804770.375000
13625   -1804770.750000
13626   -1804771.125000
13627   -1804771.500000
13628   -1804772.000000
13629   -1804772.250000
13630   -1804772.750000
13631   -1804773.000000
13632   -1804773.500000
13633   -1804774.000000
13634   -1804774.375000
13635   -1804774.625000
13636   -1804775.250000
13637   -1804775.500000
13638   -1804776.000000
13639   -1804776.250000
13640   -1804776.750000
13641   -1804777.000000
13642   -1804777.500000
13643   -1804777.875000
13644   -1804778.375000
13645   -1804778.750000
13646   -1804779.125000
13647   -1804779.625000
13648   -1804780.000000
13649   -1804780.500000
13650   -1804780.750000
13651   -1804781.000000
13652   -1804781.375000
13653   -1804782.125000
13654   -1804782.250000
13655   -1804782.875000
13656   -1804783.125000
13657   -1804783.625000
13658   -1804784.000000
13659   -1804784.500000
13660   -1804785.000000
13661   -1804785.125000
13662   -1804785.750000
13663   -1804786.000000
13664   -1804786.500000
13665   -1804786.625000
13666   -1804787.250000
13667   -1804787.500000
13668   -1804788.000000
13669   -1804788.375000
13670   -1804788.625000
13671   -1804789.125000
13672   -1804789.500000
13673   -1804790.000000
13674   -1804790.250000
13675   -1804790.750000
13676   -1804791.250000
13677   -1804791.500000
13678   -1804791.750000
13679   -1804792.375000
13680   -1804792.750000
13681   -1804793.000000
13682   -1804793.625000
13683   -1804794.000000
13684   -1804794.250000
13685   -1804794.750000
13686   -1804795.250000
13687   -1804795.500000
13688   -1804796.000000
13689   -1804796.375000
13690   -1804797.000000
13691   -1804797.250000
13692   -1804797.625000
13693   -1804798.000000
13694   -1804798.500000
13695   -1804799.000000
13696   -1804799.125000
13697   -1804799.750000
13698   -1804800.250000
13699   -1804800.500000
13700   -1804800.875000
13701   -1804801.375000
13702   -1804801.625000
13703   -1804802.125000
13704   -1804802.500000
13705   -1804803.000000
13706   -1804803.375000
13707   -1804803.750000
13708   -1804804.250000
13709   -1804804.750000
13710   -1804805.000000
13711   -1804805.500000
13712   -1804805.875000
13713   -1804806.250000
13714   -1804806.750000
13715   -1804807.000000
13716   -1804807.500000
13717   -1804808.000000
13718   -1804808.375000
13719   -1804808.875000
13720   -1804809.375000
13721   -1804809.750000
13722   -1804810.250000
13723   -1804810.500000
13724   -1804811.000000
13725   -1804811.250000
13726   -1804811.750000
13727   -1804812.250000
13728   -1804812.750000
13729   -1804813.125000
13730   -1804813.750000
13731   -1804814.000000
13732   -1804814.500000
13733   -1804815.000000
13734   -1804815.250000
13735   -1804815.750000
13736   -1804816.250000
13737   -1804816.750000
13738   -1804817.250000
13739   -1804817.500000
13740   -1804818.125000
13741   -1804818.500000
13742   -1804819.125000
13743   -1804819.500000
13744   -1804820.000000
13745   -1804820.500000
13746   -1804820.750000
13747   -1804821.250000
13748   -1804821.875000
13749   -1804822.125000
13750   -1804822.750000
13751   -1804823.000000
13752   -1804823.500000
13753   -1804824.000000
13754   -1804824.500000
13755   -1804825.000000
13756   -1804825.500000
13757   -1804825.750000
13758   -1804826.250000
13759   -1804826.750000
13760   -1804827.250000
13761   -1804827.750000
13762   -1804828.250000
13763   -1804828.750000
13764   -1804829.250000
13765   -1804829.500000
13766   -1804830.000000
13767   -1804830.500000
13768   -1804831.000000
13769   -1804831.500000
13770   -1804831.875000
13771   -1804832.375000
13772   -1804832.875000
13773   -1804833.500000
13774   -1804833.750000
13775   -1804834.250000
13776   -1804834.750000
13777   -1804835.250000
13778   -1804835.625000
13779   -1804836.000000
13780   -1804836.625000
13781   -1804837.000000
13782   -1804837.500000
13783   -1804838.125000
13784   -1804838.500000
13785   -1804839.000000
13786   -1804839.500000
13787   -1804839.875000
13788   -1804840.500000
13789   -1804840.875000
13790   -1804841.500000
13791   -1804841.750000
13792   -1804842.250000
13793   -1804842.750000
13794   -1804843.125000
13795   -1804843.750000
13796   -1804844.500000
13797   -1804844.875000
13798   -1804845.250000
13799   -1804845.750000
13800   -1804846.250000
13801   -1804846.750000
13802   -1804847.125000
13803   -1804847.750000
13804   -1804848.125000
13805   -1804848.500000
13806   -1804849.250000
13807   -1804849.500000
13808   -1804850.125000
13809   -1804850.375000
13810   -1804851.250000
13811   -1804851.500000
13812   -1804852.000000
13813   -1804852.500000
13814   -1804853.000000
13815   -1804853.375000
13816   -1804854.000000
13817   -1804854.500000
13818   -1804854.750000
13819   -1804855.375000
13820   -1804856.000000
13821   -1804856.375000
13822   -1804856.750000
13823   -1804857.250000
13824   -1804857.750000
13825   -1804858.250000
13826   -1804858.750000
13827   -1804859.250000
13828   -1804859.500000
13829   -1804860.000000
13830   -1804860.500000
13831   -1804860.750000
13832   -1804861.250000
13833   -1804861.625000
13834   -1804862.250000
13835   -1804862.750000
13836   -1804863.250000
13837   -1804863.500000
13838   -1804864.000000
13839   -1804864.375000
13840   -1804865.000000
13841   -1804865.250000
13842   -1804865.750000
13843   -1804866.125000
13844   -1804866.750000
13845   -1804867.250000
13846   -1804867.500000
13847   -1804867.875000
13848   -1804868.375000
13849   -1804869.000000
13850   -1804869.125000
13851   -1804869.625000
13852   -1804870.250000
13853   -1804870.625000
13854   -1804871.000000
13855   -1804871.375000
13856   -1804871.875000
13857   -1804872.250000
13858   -1804872.625000
13859   -1804873.125000
13860   -1804873.500000
13861   -1804874.000000
13862   -1804874.625000
13863   -1804874.750000
13864   -1804875.250000
13865   -1804875.625000
13866   -1804876.000000
13867   -1804876.625000
13868   -1804877.000000
13869   -1804877.375000
13870   -1804877.750000
13871   -1804878.000000
13872   -1804878.500000
13873   -1804879.000000
13874   -1804879.250000
13875   -1804879.750000
13876   -1804880.250000
13877   -1804880.625000
13878   -1804881.000000
13879   -1804881.500000
13880   -1804882.000000
13881   -1804882.125000
13882   -1804882.500000
13883   -1804883.000000
13884   -1804883.250000
13885   -1804883.625000
13886   -1804884.000000
13887   -1804884.500000
13888   -1804885.000000
13889   -1804885.250000
13890   -1804885.750000
13891   -1804886.000000
13892   -1804886.625000
13893   -1804886.750000
13894   -1804887.250000
13895   -1804887.500000
13896   -1804887.750000
13897   -1804888.500000
13898   -1804888.625000
13899   -1804889.000000
13900   -1804889.500000
13901   -1804889.750000
13902   -1804890.125000
13903   -1804890.625000
13904   -1804891.000000
13905   -1804891.250000
13906   -1804891.500000
13907   -1804891.875000
13908   -1804892.500000
13909   -1804892.750000
13910   -1804893.250000
13911   -1804893.375000
13912   -1804893.750000
13913   -1804894.000000
13914   -1804894.375000
13915   -1804894.750000
13916   -1804895.000000
13917   -1804895.375000
13918   -1804895.750000
13919   -1804896.000000
13920   -1804896.500000
13921   -1804896.750000
13922   -1804897.250000
13923   -1804897.500000
13924   -1804897.875000
13925   -1804898.125000
13926   -1804898.500000
13927   -1804898.750000
13928   -1804899.125000
13929   -1804899.500000
13930   -1804899.750000
13931   -1804900.125000
13932   -1804900.500000
13933   -1804900.750000
13934   -1804900.875000
13935   -1804901.250000
13936   -1804901.625000
13937   -1804901.875000
13938   -1804902.250000
13939   -1804902.750000
13940   -1804902.875000
13941   -1804903.000000
13942   -1804903.500000
13943   -1804903.750000
13944   -1804904.250000
13945   -1804904.375000
13946   -1804904.750000
13947   -1804904.875000
13948   -1804905.125000
13949   -1804905.500000
13950   -1804905.750000
13951   -1804906.125000
13952   -1804906.500000
13953   -1804906.750000
13954   -1804907.250000
13955   -1804907.375000
13956   -1804907.625000
13957   -1804907.750000
13958   -1804908.000000
13959   -1804908.500000
13960   -1804908.750000
13961   -1804909.000000
13962   -1804909.250000
13963   -1804909.625000
13964   -1804910.000000
13965   -1804910.000000
13966   -1804910.250000
13967   -1804910.625000
13968   -1804910.625000
13969   -1804911.000000
13970   -1804911.375000
13971   -1804911.750000
13972   -1804911.750000
13973   -1804912.000000
13974   -1804912.250000
13975   -1804912.500000
13976   -1804912.750000
13977   -1804913.000000
13978   -1804913.250000
13979   -1804913.625000
13980   -1804913.750000
13981   -1804913.750000
13982   -1804914.125000
13983   -1804914.500000
13984   -1804914.750000
13985   -1804915.000000
13986   -1804915.125000
13987   -1804915.500000
13988   -1804915.500000
13989   -1804915.750000
13990   -1804915.875000
13991   -1804916.250000
13992   -1804916.500000
13993   -1804916.625000
13994   -1804917.000000
13995   -1804917.000000
13996   -1804917.375000
13997   -1804917.500000
13998   -1804917.625000
13999   -1804918.000000
14000   -1804918.375000
14001   -1804918.375000
14002   -1804918.750000
14003   -1804919.000000
14004   -1804919.000000
14005   -1804919.250000
14006   -1804919.500000
14007   -1804919.625000
14008   -1804920.000000
14009   -1804920.250000
14010   -1804920.250000
14011   -1804920.500000
14012   -1804920.625000
14013   -1804921.000000
14014   -1804921.000000
14015   -1804921.250000
14016   -1804921.500000
14017   -1804921.500000
14018   -1804921.625000
14019   -1804922.000000
14020   -1804922.000000
14021   -1804922.250000
14022   -1804922.500000
14023   -1804922.750000
14024   -1804923.000000
14025   -1804923.000000
14026   -1804923.250000
14027   -1804923.375000
14028   -1804923.500000
14029   -1804923.750000
14030   -1804924.000000
14031   -1804924.000000
14032   -1804924.250000
14033   -1804924.500000
14034   -1804924.625000
14035   -1804924.750000
14036   -1804925.000000
14037   -1804925.250000
14038   -1804925.250000
14039   -1804925.500000
14040   -1804925.625000
14041   -1804925.875000
14042   -1804926.000000
14043   -1804926.250000
14044   -1804926.250000
14045   -1804926.500000
14046   -1804926.625000
14047   -1804926.875000
14048   -1804927.000000
14049   -1804927.000000
14050   -1804927.250000
14051   -1804927.375000
14052   -1804927.625000
14053   -1804927.750000
14054   -1804927.875000
14055   -1804928.000000
14056   -1804928.250000
14057   -1804928.500000
14058   -1804928.500000
14059   -1804928.500000
14060   -1804928.875000
14061   -1804929.000000
14062   -1804929.250000
14063   -1804929.375000
14064   -1804929.500000
14065   -1804929.750000
14066   -1804929.875000
14067   -1804930.000000
14068   -1804930.125000
14069   -1804930.375000
14070   -1804930.500000
14071   -1804930.750000
14072   -1804930.750000
14073   -1804930.875000
14074   -1804931.250000
14075   -1804931.250000
14076   -1804931.500000
14077   -1804931.500000
14078   -1804931.750000
14079   -1804931.875000
14080   -1804932.000000
14081   -1804932.250000
14082   -1804932.500000
14083   -1804932.500000
14084   -1804932.625000
14085   -1804933.000000
14086   -1804933.125000
14087   -1804933.125000
14088   -1804933.250000
14089   -1804933.500000
14090   -1804933.750000
14091   -1804933.875000
14092   -1804934.000000
14093   -1804934.250000
14094   -1804934.250000
14095   -1804934.500000
14096   -1804934.750000
14097   -1804934.750000
14098   -1804935.000000
14099   -1804935.000000
14100   -1804935.250000
14101   -1804935.500000
14102   -1804935.500000
14103   -1804935.875000
14104   -1804936.000000
14105   -1804936.000000
14106   -1804936.375000
14107   -1804936.500000
14108   -1804936.750000
14109   -1804936.875000
14110   -1804937.000000
14111   -1804937.250000
14112   -1804937.250000
14113   -1804937.500000
14114   -1804937.750000
14115   -1804937.875000
14116   -1804938.000000
14117   -1804938.125000
14118   -1804938.250000
