Step            Loss
--------------------
1        8469.453125
2        5059.739258
3        1647.749512
4       -1759.728516
5       -5170.540527
6       -8577.600586
7       -11985.916016
8       -15394.808594
9       -18805.507812
10      -22215.125000
11      -25625.015625
12      -29034.740234
13      -32446.544922
14      -35859.246094
15      -39270.367188
16      -42683.929688
17      -46093.121094
18      -49510.656250
19      -52927.824219
20      -56346.000000
21      -59764.507812
22      -63188.710938
23      -66607.367188
24      -70030.968750
25      -73457.093750
26      -76884.078125
27      -80314.476562
28      -83746.195312
29      -87180.421875
30      -90618.296875
31      -94057.812500
32      -97501.718750
33      -100945.640625
34      -104398.195312
35      -107850.054688
36      -111305.578125
37      -114766.929688
38      -118225.671875
39      -121696.468750
40      -125163.437500
41      -128643.500000
42      -132120.937500
43      -135604.031250
44      -139095.218750
45      -142586.750000
46      -146086.843750
47      -149585.968750
48      -153096.484375
49      -156602.593750
50      -160125.375000
51      -163648.765625
52      -167172.125000
53      -170715.156250
54      -174251.781250
55      -177797.531250
56      -181347.921875
57      -184904.187500
58      -188468.359375
59      -192035.031250
60      -195615.546875
61      -199193.687500
62      -202786.937500
63      -206378.312500
64      -209983.968750
65      -213590.187500
66      -217203.562500
67      -220826.937500
68      -224456.468750
69      -228090.125000
70      -231731.875000
71      -235384.750000
72      -239036.406250
73      -242699.687500
74      -246373.125000
75      -250053.437500
76      -253739.281250
77      -257428.343750
78      -261128.265625
79      -264836.875000
80      -268553.250000
81      -272275.125000
82      -276008.406250
83      -279741.187500
84      -283487.250000
85      -287242.187500
86      -291001.843750
87      -294767.750000
88      -298546.500000
89      -302329.875000
90      -306124.562500
91      -309918.593750
92      -313724.218750
93      -317540.062500
94      -321364.062500
95      -325191.812500
96      -329027.375000
97      -332878.187500
98      -336731.125000
99      -340590.312500
100     -344454.312500
101     -348331.968750
102     -352217.000000
103     -356106.968750
104     -360008.062500
105     -363917.750000
106     -367825.937500
107     -371748.812500
108     -375676.312500
109     -379612.750000
110     -383556.375000
111     -387511.625000
112     -391467.937500
113     -395435.812500
114     -399407.937500
115     -403387.312500
116     -407376.437500
117     -411366.187500
118     -415370.625000
119     -419377.562500
120     -423392.968750
121     -427419.593750
122     -431445.968750
123     -435482.906250
124     -439522.687500
125     -443577.250000
126     -447625.625000
127     -451694.437500
128     -455760.031250
129     -459836.750000
130     -463914.687500
131     -468006.250000
132     -472099.187500
133     -476197.000000
134     -480302.750000
135     -484416.562500
136     -488535.187500
137     -492653.937500
138     -496782.750000
139     -500915.250000
140     -505050.875000
141     -509200.250000
142     -513350.875000
143     -517507.718750
144     -521668.375000
145     -525829.125000
146     -530001.125000
147     -534170.625000
148     -538355.375000
149     -542542.750000
150     -546725.687500
151     -550920.750000
152     -555112.937500
153     -559319.500000
154     -563518.750000
155     -567733.375000
156     -571942.625000
157     -576153.750000
158     -580375.500000
159     -584598.750000
160     -588826.500000
161     -593058.250000
162     -597281.500000
163     -601523.250000
164     -605759.125000
165     -609994.625000
166     -614242.750000
167     -618489.750000
168     -622735.562500
169     -626986.125000
170     -631247.250000
171     -635493.375000
172     -639748.125000
173     -644009.125000
174     -648267.000000
175     -652523.250000
176     -656786.187500
177     -661048.875000
178     -665314.750000
179     -669573.687500
180     -673845.625000
181     -678108.812500
182     -682377.125000
183     -686641.750000
184     -690910.687500
185     -695182.812500
186     -699451.187500
187     -703713.750000
188     -707980.375000
189     -712253.812500
190     -716517.750000
191     -720780.625000
192     -725048.750000
193     -729312.750000
194     -733570.250000
195     -737830.187500
196     -742094.000000
197     -746354.062500
198     -750619.000000
199     -754872.937500
200     -759127.000000
201     -763379.187500
202     -767628.500000
203     -771881.000000
204     -776120.625000
205     -780363.375000
206     -784606.500000
207     -788848.500000
208     -793084.500000
209     -797313.625000
210     -801540.437500
211     -805773.437500
212     -809998.875000
213     -814215.750000
214     -818429.250000
215     -822644.250000
216     -826852.812500
217     -831056.375000
218     -835261.750000
219     -839459.000000
220     -843656.937500
221     -847837.625000
222     -852023.000000
223     -856204.375000
224     -860379.500000
225     -864548.875000
226     -868711.000000
227     -872875.000000
228     -877031.875000
229     -881185.687500
230     -885327.500000
231     -889461.562500
232     -893603.062500
233     -897731.875000
234     -901855.187500
235     -905967.125000
236     -910081.250000
237     -914185.625000
238     -918286.625000
239     -922375.750000
240     -926457.750000
241     -930543.875000
242     -934611.750000
243     -938680.250000
244     -942737.187500
245     -946786.875000
246     -950833.625000
247     -954871.312500
248     -958904.875000
249     -962926.250000
250     -966935.937500
251     -970947.937500
252     -974944.562500
253     -978942.000000
254     -982923.875000
255     -986901.875000
256     -990874.125000
257     -994831.125000
258     -998786.750000
259     -1002729.000000
260     -1006659.500000
261     -1010595.500000
262     -1014511.875000
263     -1018422.312500
264     -1022324.500000
265     -1026222.000000
266     -1030100.500000
267     -1033982.625000
268     -1037843.875000
269     -1041699.750000
270     -1045548.625000
271     -1049385.625000
272     -1053216.625000
273     -1057031.875000
274     -1060842.375000
275     -1064649.750000
276     -1068434.000000
277     -1072217.000000
278     -1075986.000000
279     -1079749.000000
280     -1083497.625000
281     -1087241.000000
282     -1090975.750000
283     -1094690.375000
284     -1098401.250000
285     -1102104.375000
286     -1105790.000000
287     -1109477.125000
288     -1113148.750000
289     -1116807.125000
290     -1120458.750000
291     -1124093.500000
292     -1127727.000000
293     -1131342.750000
294     -1134943.750000
295     -1138544.000000
296     -1142128.375000
297     -1145699.250000
298     -1149261.250000
299     -1152813.750000
300     -1156357.750000
301     -1159886.125000
302     -1163411.375000
303     -1166918.250000
304     -1170416.500000
305     -1173900.500000
306     -1177375.375000
307     -1180838.000000
308     -1184293.625000
309     -1187730.875000
310     -1191159.750000
311     -1194579.750000
312     -1197987.250000
313     -1201383.750000
314     -1204767.375000
315     -1208132.500000
316     -1211498.000000
317     -1214849.000000
318     -1218177.625000
319     -1221503.250000
320     -1224819.125000
321     -1228117.125000
322     -1231402.375000
323     -1234683.250000
324     -1237954.250000
325     -1241202.500000
326     -1244444.500000
327     -1247674.750000
328     -1250897.500000
329     -1254103.000000
330     -1257299.250000
331     -1260485.125000
332     -1263655.000000
333     -1266813.375000
334     -1269957.750000
335     -1273092.375000
336     -1276208.000000
337     -1279319.000000
338     -1282417.750000
339     -1285503.625000
340     -1288568.125000
341     -1291626.625000
342     -1294670.500000
343     -1297708.750000
344     -1300730.000000
345     -1303734.500000
346     -1306732.250000
347     -1309719.500000
348     -1312691.250000
349     -1315645.750000
350     -1318584.500000
351     -1321530.750000
352     -1324442.250000
353     -1327354.250000
354     -1330244.250000
355     -1333130.625000
356     -1336002.500000
357     -1338859.625000
358     -1341698.500000
359     -1344533.750000
360     -1347354.000000
361     -1350164.250000
362     -1352960.500000
363     -1355737.500000
364     -1358505.750000
365     -1361267.500000
366     -1364007.500000
367     -1366742.375000
368     -1369460.500000
369     -1372168.750000
370     -1374862.500000
371     -1377536.000000
372     -1380210.500000
373     -1382866.250000
374     -1385507.250000
375     -1388134.375000
376     -1390753.625000
377     -1393353.875000
378     -1395949.000000
379     -1398527.000000
380     -1401088.000000
381     -1403644.125000
382     -1406183.875000
383     -1408712.000000
384     -1411230.125000
385     -1413734.875000
386     -1416222.250000
387     -1418704.500000
388     -1421164.250000
389     -1423617.250000
390     -1426060.500000
391     -1428483.500000
392     -1430893.125000
393     -1433292.000000
394     -1435684.000000
395     -1438054.875000
396     -1440421.750000
397     -1442771.750000
398     -1445118.375000
399     -1447445.000000
400     -1449762.500000
401     -1452066.000000
402     -1454355.125000
403     -1456638.000000
404     -1458905.625000
405     -1461155.750000
406     -1463396.750000
407     -1465624.500000
408     -1467836.250000
409     -1470038.125000
410     -1472222.250000
411     -1474398.250000
412     -1476565.000000
413     -1478719.625000
414     -1480859.500000
415     -1482986.000000
416     -1485103.750000
417     -1487202.000000
418     -1489295.375000
419     -1491373.750000
420     -1493440.875000
421     -1495494.625000
422     -1497535.500000
423     -1499562.000000
424     -1501581.500000
425     -1503592.750000
426     -1505582.125000
427     -1507574.125000
428     -1509536.625000
429     -1511494.750000
430     -1513446.250000
431     -1515377.625000
432     -1517298.500000
433     -1519215.250000
434     -1521110.125000
435     -1522990.250000
436     -1524873.875000
437     -1526740.875000
438     -1528593.000000
439     -1530440.000000
440     -1532267.250000
441     -1534083.500000
442     -1535890.750000
443     -1537681.500000
444     -1539471.250000
445     -1541242.250000
446     -1542999.750000
447     -1544747.750000
448     -1546487.875000
449     -1548215.500000
450     -1549928.250000
451     -1551633.500000
452     -1553329.000000
453     -1555005.750000
454     -1556674.000000
455     -1558330.250000
456     -1559982.250000
457     -1561620.500000
458     -1563243.250000
459     -1564857.625000
460     -1566456.125000
461     -1568054.250000
462     -1569636.500000
463     -1571204.250000
464     -1572765.500000
465     -1574310.750000
466     -1575853.875000
467     -1577383.750000
468     -1578896.250000
469     -1580401.000000
470     -1581901.250000
471     -1583386.000000
472     -1584864.250000
473     -1586331.000000
474     -1587782.250000
475     -1589225.750000
476     -1590659.000000
477     -1592084.500000
478     -1593496.750000
479     -1594901.125000
480     -1596295.250000
481     -1597677.750000
482     -1599048.375000
483     -1600412.250000
484     -1601764.250000
485     -1603104.375000
486     -1604432.750000
487     -1605758.750000
488     -1607068.750000
489     -1608372.000000
490     -1609662.000000
491     -1610946.875000
492     -1612222.250000
493     -1613488.250000
494     -1614739.875000
495     -1615986.500000
496     -1617220.250000
497     -1618448.875000
498     -1619668.500000
499     -1620872.250000
500     -1622070.250000
501     -1623261.250000
502     -1624444.500000
503     -1625615.500000
504     -1626775.250000
505     -1627931.000000
506     -1629070.750000
507     -1630204.500000
508     -1631336.250000
509     -1632454.000000
510     -1633560.500000
511     -1634661.875000
512     -1635748.750000
513     -1636834.750000
514     -1637912.125000
515     -1638977.625000
516     -1640041.250000
517     -1641087.000000
518     -1642129.875000
519     -1643163.250000
520     -1644187.125000
521     -1645208.375000
522     -1646214.500000
523     -1647216.125000
524     -1648210.375000
525     -1649191.250000
526     -1650169.500000
527     -1651135.875000
528     -1652096.000000
529     -1653046.875000
530     -1653981.375000
531     -1654920.000000
532     -1655846.000000
533     -1656759.250000
534     -1657670.625000
535     -1658570.375000
536     -1659462.875000
537     -1660351.375000
538     -1661228.125000
539     -1662098.250000
540     -1662967.875000
541     -1663822.750000
542     -1664671.000000
543     -1665517.500000
544     -1666352.500000
545     -1667185.750000
546     -1668008.750000
547     -1668821.250000
548     -1669628.875000
549     -1670428.250000
550     -1671220.875000
551     -1672011.250000
552     -1672791.000000
553     -1673561.875000
554     -1674331.500000
555     -1675086.375000
556     -1675838.750000
557     -1676583.750000
558     -1677322.500000
559     -1678052.500000
560     -1678775.000000
561     -1679498.250000
562     -1680210.125000
563     -1680921.000000
564     -1681614.500000
565     -1682311.500000
566     -1683003.125000
567     -1683684.000000
568     -1684363.000000
569     -1685032.125000
570     -1685697.750000
571     -1686357.000000
572     -1687012.000000
573     -1687662.250000
574     -1688300.500000
575     -1688936.250000
576     -1689566.500000
577     -1690194.750000
578     -1690809.750000
579     -1691422.125000
580     -1692031.625000
581     -1692636.125000
582     -1693234.000000
583     -1693828.500000
584     -1694412.000000
585     -1694991.875000
586     -1695569.000000
587     -1696142.375000
588     -1696707.000000
589     -1697270.500000
590     -1697821.750000
591     -1698372.625000
592     -1698914.125000
593     -1699451.875000
594     -1699987.500000
595     -1700515.500000
596     -1701042.250000
597     -1701563.625000
598     -1702076.625000
599     -1702588.000000
600     -1703094.125000
601     -1703595.000000
602     -1704094.750000
603     -1704585.875000
604     -1705076.750000
605     -1705556.375000
606     -1706043.750000
607     -1706517.500000
608     -1706990.250000
609     -1707455.000000
610     -1707915.500000
611     -1708373.500000
612     -1708827.625000
613     -1709278.250000
614     -1709719.750000
615     -1710162.250000
616     -1710598.250000
617     -1711030.000000
618     -1711458.250000
619     -1711882.250000
620     -1712304.250000
621     -1712721.500000
622     -1713135.125000
623     -1713541.500000
624     -1713949.250000
625     -1714352.000000
626     -1714751.500000
627     -1715147.125000
628     -1715536.625000
629     -1715927.250000
630     -1716311.875000
631     -1716691.250000
632     -1717071.875000
633     -1717446.250000
634     -1717816.500000
635     -1718184.750000
636     -1718548.125000
637     -1718909.500000
638     -1719265.250000
639     -1719623.750000
640     -1719974.500000
641     -1720325.375000
642     -1720669.875000
643     -1721013.500000
644     -1721353.375000
645     -1721691.375000
646     -1722024.250000
647     -1722356.875000
648     -1722684.500000
649     -1723011.500000
650     -1723333.750000
651     -1723654.000000
652     -1723973.000000
653     -1724287.250000
654     -1724602.250000
655     -1724908.000000
656     -1725216.250000
657     -1725521.500000
658     -1725822.125000
659     -1726124.250000
660     -1726417.250000
661     -1726712.625000
662     -1727000.875000
663     -1727292.750000
664     -1727579.000000
665     -1727863.250000
666     -1728145.750000
667     -1728426.375000
668     -1728704.750000
669     -1728978.500000
670     -1729251.250000
671     -1729522.125000
672     -1729789.500000
673     -1730055.125000
674     -1730319.250000
675     -1730577.500000
676     -1730841.250000
677     -1731096.000000
678     -1731351.750000
679     -1731603.875000
680     -1731852.500000
681     -1732102.000000
682     -1732345.250000
683     -1732590.250000
684     -1732830.000000
685     -1733069.875000
686     -1733306.500000
687     -1733540.750000
688     -1733774.250000
689     -1734005.625000
690     -1734235.250000
691     -1734463.000000
692     -1734687.500000
693     -1734913.125000
694     -1735132.250000
695     -1735354.000000
696     -1735571.500000
697     -1735790.000000
698     -1736002.750000
699     -1736216.500000
700     -1736428.250000
701     -1736639.250000
702     -1736846.000000
703     -1737052.250000
704     -1737256.875000
705     -1737462.250000
706     -1737660.000000
707     -1737862.125000
708     -1738058.750000
709     -1738259.500000
710     -1738452.750000
711     -1738645.875000
712     -1738838.250000
713     -1739029.750000
714     -1739217.500000
715     -1739406.250000
716     -1739591.125000
717     -1739775.625000
718     -1739958.000000
719     -1740140.500000
720     -1740320.500000
721     -1740499.125000
722     -1740676.500000
723     -1740852.500000
724     -1741025.750000
725     -1741200.000000
726     -1741372.250000
727     -1741542.000000
728     -1741712.125000
729     -1741878.625000
730     -1742044.375000
731     -1742211.125000
732     -1742375.250000
733     -1742538.375000
734     -1742699.375000
735     -1742860.000000
736     -1743017.125000
737     -1743175.250000
738     -1743330.250000
739     -1743486.625000
740     -1743639.250000
741     -1743791.250000
742     -1743944.375000
743     -1744094.500000
744     -1744245.000000
745     -1744393.375000
746     -1744541.875000
747     -1744689.750000
748     -1744834.000000
749     -1744980.500000
750     -1745124.000000
751     -1745265.125000
752     -1745408.250000
753     -1745549.375000
754     -1745689.875000
755     -1745827.250000
756     -1745967.750000
757     -1746103.875000
758     -1746241.000000
759     -1746377.625000
760     -1746511.750000
761     -1746646.125000
762     -1746780.250000
763     -1746911.875000
764     -1747043.500000
765     -1747174.000000
766     -1747304.250000
767     -1747433.125000
768     -1747561.750000
769     -1747687.500000
770     -1747817.125000
771     -1747940.750000
772     -1748068.625000
773     -1748190.750000
774     -1748316.000000
775     -1748439.250000
776     -1748561.500000
777     -1748683.500000
778     -1748803.750000
779     -1748924.000000
780     -1749043.750000
781     -1749163.125000
782     -1749279.625000
783     -1749398.250000
784     -1749514.500000
785     -1749631.250000
786     -1749747.375000
787     -1749862.250000
788     -1749975.500000
789     -1750089.875000
790     -1750201.375000
791     -1750315.625000
792     -1750425.750000
793     -1750536.000000
794     -1750645.750000
795     -1750755.375000
796     -1750863.750000
797     -1750973.125000
798     -1751079.250000
799     -1751186.000000
800     -1751292.000000
801     -1751397.750000
802     -1751502.500000
803     -1751607.000000
804     -1751711.000000
805     -1751814.750000
806     -1751916.750000
807     -1752018.750000
808     -1752121.500000
809     -1752222.000000
810     -1752322.500000
811     -1752422.750000
812     -1752522.750000
813     -1752620.250000
814     -1752718.875000
815     -1752816.750000
816     -1752914.750000
817     -1753010.500000
818     -1753107.875000
819     -1753203.250000
820     -1753298.375000
821     -1753392.500000
822     -1753485.500000
823     -1753580.750000
824     -1753673.000000
825     -1753766.000000
826     -1753857.125000
827     -1753948.250000
828     -1754040.500000
829     -1754131.125000
830     -1754220.375000
831     -1754310.750000
832     -1754400.500000
833     -1754488.875000
834     -1754577.750000
835     -1754665.000000
836     -1754752.500000
837     -1754839.875000
838     -1754926.750000
839     -1755013.500000
840     -1755098.375000
841     -1755184.625000
842     -1755269.250000
843     -1755353.875000
844     -1755439.000000
845     -1755522.875000
846     -1755605.875000
847     -1755688.750000
848     -1755772.375000
849     -1755854.750000
850     -1755937.125000
851     -1756018.750000
852     -1756100.750000
853     -1756181.375000
854     -1756262.125000
855     -1756341.750000
856     -1756422.250000
857     -1756501.125000
858     -1756579.250000
859     -1756659.250000
860     -1756736.250000
861     -1756814.000000
862     -1756891.750000
863     -1756969.000000
864     -1757045.000000
865     -1757122.125000
866     -1757198.000000
867     -1757274.000000
868     -1757349.000000
869     -1757425.000000
870     -1757498.625000
871     -1757574.000000
872     -1757646.500000
873     -1757720.250000
874     -1757792.250000
875     -1757864.625000
876     -1757937.000000
877     -1758008.750000
878     -1758080.000000
879     -1758152.000000
880     -1758223.250000
881     -1758293.125000
882     -1758364.000000
883     -1758434.500000
884     -1758503.500000
885     -1758573.000000
886     -1758642.750000
887     -1758710.750000
888     -1758779.500000
889     -1758849.000000
890     -1758916.500000
891     -1758983.750000
892     -1759051.875000
893     -1759120.000000
894     -1759186.250000
895     -1759254.000000
896     -1759320.250000
897     -1759386.500000
898     -1759452.375000
899     -1759518.500000
900     -1759583.750000
901     -1759649.125000
902     -1759714.625000
903     -1759779.500000
904     -1759843.250000
905     -1759908.625000
906     -1759972.875000
907     -1760036.750000
908     -1760100.375000
909     -1760163.500000
910     -1760226.500000
911     -1760289.625000
912     -1760352.750000
913     -1760414.750000
914     -1760477.750000
915     -1760539.375000
916     -1760601.500000
917     -1760662.500000
918     -1760725.875000
919     -1760786.000000
920     -1760848.250000
921     -1760907.625000
922     -1760968.500000
923     -1761029.250000
924     -1761088.750000
925     -1761149.750000
926     -1761208.250000
927     -1761268.500000
928     -1761328.750000
929     -1761387.250000
930     -1761445.875000
931     -1761505.375000
932     -1761563.250000
933     -1761621.250000
934     -1761679.500000
935     -1761737.250000
936     -1761793.875000
937     -1761851.750000
938     -1761909.375000
939     -1761965.875000
940     -1762023.000000
941     -1762079.125000
942     -1762135.250000
943     -1762191.000000
944     -1762247.375000
945     -1762303.000000
946     -1762358.000000
947     -1762414.000000
948     -1762468.875000
949     -1762524.125000
950     -1762578.625000
951     -1762633.250000
952     -1762687.125000
953     -1762741.375000
954     -1762795.125000
955     -1762847.875000
956     -1762902.500000
957     -1762955.000000
958     -1763008.500000
959     -1763062.375000
960     -1763114.125000
961     -1763166.750000
962     -1763219.000000
963     -1763272.500000
964     -1763324.125000
965     -1763374.750000
966     -1763427.250000
967     -1763478.250000
968     -1763529.500000
969     -1763580.250000
970     -1763632.250000
971     -1763683.125000
972     -1763733.250000
973     -1763783.750000
974     -1763833.500000
975     -1763885.000000
976     -1763934.750000
977     -1763984.500000
978     -1764034.250000
979     -1764084.250000
980     -1764134.500000
981     -1764184.000000
982     -1764231.750000
983     -1764282.000000
984     -1764331.250000
985     -1764380.250000
986     -1764428.875000
987     -1764477.500000
988     -1764525.000000
989     -1764573.750000
990     -1764621.500000
991     -1764669.500000
992     -1764716.750000
993     -1764764.500000
994     -1764812.000000
995     -1764859.250000
996     -1764907.000000
997     -1764953.125000
998     -1765000.000000
999     -1765045.250000
1000    -1765093.125000
1001    -1765138.875000
1002    -1765185.250000
1003    -1765231.250000
1004    -1765277.750000
1005    -1765322.625000
1006    -1765368.500000
1007    -1765414.000000
1008    -1765458.500000
1009    -1765504.500000
1010    -1765549.250000
1011    -1765594.625000
1012    -1765639.500000
1013    -1765684.125000
1014    -1765728.625000
1015    -1765772.875000
1016    -1765817.750000
1017    -1765861.375000
1018    -1765905.750000
1019    -1765949.625000
1020    -1765993.875000
1021    -1766038.000000
1022    -1766081.250000
1023    -1766124.875000
1024    -1766168.875000
1025    -1766211.750000
1026    -1766255.375000
1027    -1766298.000000
1028    -1766341.250000
1029    -1766384.250000
1030    -1766427.125000
1031    -1766470.375000
1032    -1766513.000000
1033    -1766555.250000
1034    -1766597.750000
1035    -1766641.000000
1036    -1766682.750000
1037    -1766725.125000
1038    -1766768.125000
1039    -1766809.250000
1040    -1766851.125000
1041    -1766893.500000
1042    -1766935.375000
1043    -1766977.500000
1044    -1767018.500000
1045    -1767060.625000
1046    -1767101.375000
1047    -1767143.250000
1048    -1767184.750000
1049    -1767226.000000
1050    -1767266.375000
1051    -1767306.750000
1052    -1767347.500000
1053    -1767388.250000
1054    -1767428.750000
1055    -1767468.750000
1056    -1767509.125000
1057    -1767549.125000
1058    -1767588.875000
1059    -1767629.250000
1060    -1767669.000000
1061    -1767709.125000
1062    -1767748.500000
1063    -1767788.375000
1064    -1767827.000000
1065    -1767867.500000
1066    -1767907.000000
1067    -1767945.750000
1068    -1767984.750000
1069    -1768024.000000
1070    -1768063.250000
1071    -1768102.125000
1072    -1768140.625000
1073    -1768180.000000
1074    -1768218.500000
1075    -1768257.250000
1076    -1768296.750000
1077    -1768334.875000
1078    -1768372.500000
1079    -1768411.125000
1080    -1768449.000000
1081    -1768487.500000
1082    -1768525.250000
1083    -1768563.875000
1084    -1768601.000000
1085    -1768638.625000
1086    -1768675.750000
1087    -1768714.000000
1088    -1768751.750000
1089    -1768788.500000
1090    -1768826.250000
1091    -1768863.500000
1092    -1768900.625000
1093    -1768937.625000
1094    -1768974.625000
1095    -1769011.000000
1096    -1769048.375000
1097    -1769085.500000
1098    -1769121.750000
1099    -1769159.000000
1100    -1769195.000000
1101    -1769231.625000
1102    -1769267.250000
1103    -1769304.000000
1104    -1769339.750000
1105    -1769374.875000
1106    -1769411.875000
1107    -1769447.500000
1108    -1769483.500000
1109    -1769518.250000
1110    -1769554.000000
1111    -1769589.125000
1112    -1769624.000000
1113    -1769659.125000
1114    -1769694.625000
1115    -1769729.250000
1116    -1769764.250000
1117    -1769798.750000
1118    -1769833.500000
1119    -1769868.125000
1120    -1769903.000000
1121    -1769937.250000
1122    -1769971.875000
1123    -1770006.000000
1124    -1770039.875000
1125    -1770075.000000
1126    -1770108.500000
1127    -1770142.875000
1128    -1770176.500000
1129    -1770211.250000
1130    -1770245.125000
1131    -1770277.500000
1132    -1770310.750000
1133    -1770345.375000
1134    -1770378.750000
1135    -1770413.250000
1136    -1770446.000000
1137    -1770479.750000
1138    -1770512.625000
1139    -1770546.500000
1140    -1770579.125000
1141    -1770612.500000
1142    -1770644.500000
1143    -1770677.500000
1144    -1770710.750000
1145    -1770742.750000
1146    -1770775.500000
1147    -1770808.750000
1148    -1770842.000000
1149    -1770873.250000
1150    -1770906.250000
1151    -1770938.750000
1152    -1770970.750000
1153    -1771002.750000
1154    -1771035.500000
1155    -1771067.375000
1156    -1771099.750000
1157    -1771131.625000
1158    -1771164.000000
1159    -1771195.500000
1160    -1771227.500000
1161    -1771259.375000
1162    -1771291.250000
1163    -1771322.750000
1164    -1771354.500000
1165    -1771385.875000
1166    -1771416.750000
1167    -1771449.000000
1168    -1771480.500000
1169    -1771511.500000
1170    -1771542.750000
1171    -1771574.000000
1172    -1771605.125000
1173    -1771636.500000
1174    -1771667.375000
1175    -1771698.375000
1176    -1771729.250000
1177    -1771759.750000
1178    -1771791.000000
1179    -1771821.250000
1180    -1771851.625000
1181    -1771883.125000
1182    -1771913.125000
1183    -1771943.250000
1184    -1771973.250000
1185    -1772004.000000
1186    -1772033.750000
1187    -1772064.500000
1188    -1772094.125000
1189    -1772124.250000
1190    -1772154.250000
1191    -1772184.500000
1192    -1772213.875000
1193    -1772243.500000
1194    -1772273.750000
1195    -1772303.375000
1196    -1772334.000000
1197    -1772362.875000
1198    -1772392.250000
1199    -1772421.750000
1200    -1772452.000000
1201    -1772481.000000
1202    -1772510.500000
1203    -1772539.875000
1204    -1772569.500000
1205    -1772598.875000
1206    -1772627.500000
1207    -1772657.250000
1208    -1772685.750000
1209    -1772715.125000
1210    -1772743.375000
1211    -1772772.750000
1212    -1772802.125000
1213    -1772831.125000
1214    -1772859.500000
1215    -1772888.250000
1216    -1772917.375000
1217    -1772945.750000
1218    -1772974.625000
1219    -1773002.750000
1220    -1773030.750000
1221    -1773059.500000
1222    -1773088.500000
1223    -1773116.750000
1224    -1773144.625000
1225    -1773173.375000
1226    -1773202.125000
1227    -1773229.000000
1228    -1773257.125000
1229    -1773285.500000
1230    -1773313.750000
1231    -1773341.250000
1232    -1773369.375000
1233    -1773397.000000
1234    -1773425.750000
1235    -1773453.750000
1236    -1773481.375000
1237    -1773508.750000
1238    -1773536.125000
1239    -1773564.000000
1240    -1773591.625000
1241    -1773619.125000
1242    -1773646.625000
1243    -1773673.750000
1244    -1773701.500000
1245    -1773729.125000
1246    -1773756.125000
1247    -1773783.750000
1248    -1773811.625000
1249    -1773838.750000
1250    -1773865.375000
1251    -1773892.125000
1252    -1773919.375000
1253    -1773947.375000
1254    -1773973.125000
1255    -1774001.500000
1256    -1774028.875000
1257    -1774054.500000
1258    -1774081.500000
1259    -1774108.750000
1260    -1774135.250000
1261    -1774162.625000
1262    -1774189.250000
1263    -1774215.125000
1264    -1774241.750000
1265    -1774269.125000
1266    -1774294.750000
1267    -1774322.250000
1268    -1774348.500000
1269    -1774375.000000
1270    -1774401.000000
1271    -1774427.125000
1272    -1774453.125000
1273    -1774479.000000
1274    -1774505.750000
1275    -1774531.625000
1276    -1774557.375000
1277    -1774582.875000
1278    -1774609.000000
1279    -1774634.500000
1280    -1774660.250000
1281    -1774686.625000
1282    -1774712.250000
1283    -1774737.750000
1284    -1774762.750000
1285    -1774787.375000
1286    -1774813.000000
1287    -1774838.500000
1288    -1774863.750000
1289    -1774889.625000
1290    -1774914.000000
1291    -1774939.250000
1292    -1774963.875000
1293    -1774989.250000
1294    -1775013.875000
1295    -1775038.625000
1296    -1775063.125000
1297    -1775088.625000
1298    -1775112.750000
1299    -1775137.500000
1300    -1775162.125000
1301    -1775186.625000
1302    -1775210.750000
1303    -1775235.250000
1304    -1775259.750000
1305    -1775284.250000
1306    -1775309.125000
1307    -1775333.375000
1308    -1775357.500000
1309    -1775381.875000
1310    -1775405.875000
1311    -1775429.625000
1312    -1775454.125000
1313    -1775477.875000
1314    -1775501.750000
1315    -1775525.375000
1316    -1775549.750000
1317    -1775572.625000
1318    -1775597.000000
1319    -1775620.750000
1320    -1775644.000000
1321    -1775667.750000
1322    -1775690.875000
1323    -1775714.750000
1324    -1775738.500000
1325    -1775761.875000
1326    -1775785.250000
1327    -1775809.250000
1328    -1775832.375000
1329    -1775855.625000
1330    -1775878.250000
1331    -1775902.250000
1332    -1775925.875000
1333    -1775948.875000
1334    -1775971.750000
1335    -1775995.250000
1336    -1776018.125000
1337    -1776041.500000
1338    -1776064.000000
1339    -1776087.250000
1340    -1776110.500000
1341    -1776133.250000
1342    -1776156.000000
1343    -1776178.750000
1344    -1776201.000000
1345    -1776224.750000
1346    -1776247.000000
1347    -1776270.500000
1348    -1776293.000000
1349    -1776314.750000
1350    -1776338.000000
1351    -1776360.000000
1352    -1776382.500000
1353    -1776404.625000
1354    -1776427.000000
1355    -1776448.875000
1356    -1776471.500000
1357    -1776493.750000
1358    -1776516.125000
1359    -1776537.875000
1360    -1776559.625000
1361    -1776582.625000
1362    -1776604.375000
1363    -1776625.750000
1364    -1776648.500000
1365    -1776671.000000
1366    -1776692.000000
1367    -1776713.375000
1368    -1776735.750000
1369    -1776757.000000
1370    -1776778.750000
1371    -1776801.000000
1372    -1776822.500000
1373    -1776843.500000
1374    -1776865.375000
1375    -1776887.375000
1376    -1776907.750000
1377    -1776929.500000
1378    -1776951.500000
1379    -1776972.500000
1380    -1776993.875000
1381    -1777014.500000
1382    -1777036.250000
1383    -1777057.375000
1384    -1777077.250000
1385    -1777099.500000
1386    -1777120.625000
1387    -1777141.250000
1388    -1777162.500000
1389    -1777183.750000
1390    -1777203.500000
1391    -1777225.000000
1392    -1777246.000000
1393    -1777266.625000
1394    -1777287.625000
1395    -1777308.250000
1396    -1777328.500000
1397    -1777348.750000
1398    -1777370.125000
1399    -1777390.500000
1400    -1777410.500000
1401    -1777431.125000
1402    -1777451.500000
1403    -1777472.250000
1404    -1777492.250000
1405    -1777513.250000
1406    -1777533.250000
1407    -1777553.500000
1408    -1777574.000000
1409    -1777594.000000
1410    -1777613.750000
1411    -1777634.250000
1412    -1777654.000000
1413    -1777674.500000
1414    -1777694.250000
1415    -1777714.375000
1416    -1777734.000000
1417    -1777753.750000
1418    -1777774.000000
1419    -1777793.500000
1420    -1777813.625000
1421    -1777833.625000
1422    -1777853.500000
1423    -1777873.000000
1424    -1777892.750000
1425    -1777913.000000
1426    -1777932.375000
1427    -1777951.375000
1428    -1777971.250000
1429    -1777990.250000
1430    -1778010.625000
1431    -1778029.500000
1432    -1778049.000000
1433    -1778068.750000
1434    -1778088.000000
1435    -1778107.250000
1436    -1778126.250000
1437    -1778145.875000
1438    -1778164.750000
1439    -1778183.500000
1440    -1778203.000000
1441    -1778222.375000
1442    -1778241.500000
1443    -1778260.500000
1444    -1778280.125000
1445    -1778298.875000
1446    -1778317.000000
1447    -1778336.500000
1448    -1778355.750000
1449    -1778375.125000
1450    -1778393.125000
1451    -1778412.000000
1452    -1778430.500000
1453    -1778450.000000
1454    -1778468.750000
1455    -1778487.500000
1456    -1778505.750000
1457    -1778523.625000
1458    -1778543.125000
1459    -1778562.250000
1460    -1778581.250000
1461    -1778599.625000
1462    -1778618.125000
1463    -1778636.125000
1464    -1778655.625000
1465    -1778673.000000
1466    -1778691.250000
1467    -1778710.000000
1468    -1778728.500000
1469    -1778747.000000
1470    -1778765.000000
1471    -1778783.500000
1472    -1778801.125000
1473    -1778819.750000
1474    -1778838.500000
1475    -1778856.250000
1476    -1778874.750000
1477    -1778892.250000
1478    -1778910.750000
1479    -1778928.375000
1480    -1778946.375000
1481    -1778964.750000
1482    -1778982.500000
1483    -1779000.500000
1484    -1779018.250000
1485    -1779036.750000
1486    -1779054.000000
1487    -1779071.875000
1488    -1779090.375000
1489    -1779108.250000
1490    -1779125.375000
1491    -1779143.500000
1492    -1779161.000000
1493    -1779178.750000
1494    -1779196.250000
1495    -1779214.250000
1496    -1779232.000000
1497    -1779248.875000
1498    -1779266.625000
1499    -1779284.750000
1500    -1779302.000000
1501    -1779319.875000
1502    -1779337.250000
1503    -1779354.750000
1504    -1779372.750000
1505    -1779389.625000
1506    -1779407.375000
1507    -1779425.125000
1508    -1779442.250000
1509    -1779459.750000
1510    -1779477.250000
1511    -1779494.750000
1512    -1779511.500000
1513    -1779530.000000
1514    -1779546.750000
1515    -1779563.750000
1516    -1779580.750000
1517    -1779598.625000
1518    -1779615.875000
1519    -1779632.500000
1520    -1779650.125000
1521    -1779667.500000
1522    -1779684.000000
1523    -1779701.000000
1524    -1779718.000000
1525    -1779735.250000
1526    -1779752.875000
1527    -1779769.250000
1528    -1779786.750000
1529    -1779804.250000
1530    -1779821.000000
1531    -1779838.250000
1532    -1779855.750000
1533    -1779872.000000
1534    -1779889.625000
1535    -1779906.750000
1536    -1779923.375000
1537    -1779940.375000
1538    -1779957.500000
1539    -1779974.250000
1540    -1779991.250000
1541    -1780008.250000
1542    -1780025.375000
1543    -1780041.500000
1544    -1780058.500000
1545    -1780075.000000
1546    -1780092.125000
1547    -1780108.625000
1548    -1780125.750000
1549    -1780142.250000
1550    -1780159.500000
1551    -1780175.750000
1552    -1780192.000000
1553    -1780208.500000
1554    -1780224.750000
1555    -1780241.875000
1556    -1780258.500000
1557    -1780275.125000
1558    -1780291.750000
1559    -1780307.750000
1560    -1780324.750000
1561    -1780341.500000
1562    -1780357.750000
1563    -1780374.250000
1564    -1780390.500000
1565    -1780407.250000
1566    -1780423.000000
1567    -1780440.250000
1568    -1780456.500000
1569    -1780472.875000
1570    -1780489.250000
1571    -1780505.500000
1572    -1780521.625000
1573    -1780538.625000
1574    -1780555.125000
1575    -1780571.500000
1576    -1780588.000000
1577    -1780603.750000
1578    -1780619.750000
1579    -1780636.500000
1580    -1780652.750000
1581    -1780669.500000
1582    -1780685.500000
1583    -1780701.750000
1584    -1780717.500000
1585    -1780734.000000
1586    -1780750.625000
1587    -1780766.750000
1588    -1780783.000000
1589    -1780799.500000
1590    -1780815.625000
1591    -1780831.875000
1592    -1780848.000000
1593    -1780863.875000
1594    -1780880.750000
1595    -1780896.750000
1596    -1780913.125000
1597    -1780929.250000
1598    -1780945.000000
1599    -1780961.250000
1600    -1780977.375000
1601    -1780994.250000
1602    -1781010.000000
1603    -1781026.250000
1604    -1781042.500000
1605    -1781058.500000
1606    -1781074.875000
1607    -1781090.750000
1608    -1781107.375000
1609    -1781123.000000
1610    -1781139.250000
1611    -1781155.500000
1612    -1781171.750000
1613    -1781188.000000
1614    -1781204.125000
1615    -1781220.000000
1616    -1781236.000000
1617    -1781252.375000
1618    -1781268.625000
1619    -1781284.750000
1620    -1781300.500000
1621    -1781316.250000
1622    -1781332.500000
1623    -1781348.750000
1624    -1781364.500000
1625    -1781380.250000
1626    -1781396.000000
1627    -1781412.500000
1628    -1781427.500000
1629    -1781444.750000
1630    -1781459.875000
1631    -1781475.500000
1632    -1781491.625000
1633    -1781507.750000
1634    -1781523.875000
1635    -1781540.000000
1636    -1781555.000000
1637    -1781571.000000
1638    -1781586.500000
1639    -1781602.750000
1640    -1781618.500000
1641    -1781634.000000
1642    -1781649.500000
1643    -1781665.375000
1644    -1781681.750000
1645    -1781697.125000
1646    -1781712.625000
1647    -1781728.250000
1648    -1781744.375000
1649    -1781759.750000
1650    -1781775.750000
1651    -1781791.000000
1652    -1781806.500000
1653    -1781822.250000
1654    -1781837.875000
1655    -1781853.125000
1656    -1781869.000000
1657    -1781885.000000
1658    -1781900.000000
1659    -1781916.000000
1660    -1781931.625000
1661    -1781947.250000
1662    -1781962.375000
1663    -1781977.500000
1664    -1781992.750000
1665    -1782008.500000
1666    -1782023.125000
1667    -1782039.875000
1668    -1782054.000000
1669    -1782069.750000
1670    -1782084.750000
1671    -1782100.250000
1672    -1782116.000000
1673    -1782130.750000
1674    -1782146.250000
1675    -1782161.750000
1676    -1782177.500000
1677    -1782192.250000
1678    -1782207.500000
1679    -1782222.375000
1680    -1782237.750000
1681    -1782253.250000
1682    -1782268.250000
1683    -1782283.250000
1684    -1782298.500000
1685    -1782313.500000
1686    -1782328.875000
1687    -1782343.750000
1688    -1782358.750000
1689    -1782373.875000
1690    -1782389.000000
1691    -1782404.000000
1692    -1782419.000000
1693    -1782433.750000
1694    -1782448.750000
1695    -1782463.750000
1696    -1782478.250000
1697    -1782493.375000
1698    -1782508.250000
1699    -1782523.000000
1700    -1782537.750000
1701    -1782552.250000
1702    -1782567.500000
1703    -1782581.875000
1704    -1782597.000000
1705    -1782611.125000
1706    -1782626.125000
1707    -1782641.000000
1708    -1782655.875000
1709    -1782670.375000
1710    -1782685.375000
1711    -1782699.875000
1712    -1782714.250000
1713    -1782729.375000
1714    -1782743.750000
1715    -1782758.500000
1716    -1782772.500000
1717    -1782787.250000
1718    -1782801.625000
1719    -1782816.250000
1720    -1782830.500000
1721    -1782845.500000
1722    -1782860.250000
1723    -1782874.250000
1724    -1782888.750000
1725    -1782903.500000
1726    -1782916.875000
1727    -1782932.250000
1728    -1782946.125000
1729    -1782960.625000
1730    -1782974.875000
1731    -1782988.875000
1732    -1783003.500000
1733    -1783017.250000
1734    -1783031.750000
1735    -1783046.000000
1736    -1783060.625000
1737    -1783074.125000
1738    -1783088.750000
1739    -1783102.375000
1740    -1783116.625000
1741    -1783131.250000
1742    -1783144.875000
1743    -1783159.000000
1744    -1783173.125000
1745    -1783186.875000
1746    -1783201.125000
1747    -1783215.000000
1748    -1783229.000000
1749    -1783243.250000
1750    -1783256.500000
1751    -1783271.000000
1752    -1783285.000000
1753    -1783298.250000
1754    -1783312.375000
1755    -1783326.250000
1756    -1783339.750000
1757    -1783353.875000
1758    -1783367.750000
1759    -1783381.750000
1760    -1783395.250000
1761    -1783408.750000
1762    -1783422.625000
1763    -1783436.250000
1764    -1783449.625000
1765    -1783463.250000
1766    -1783477.500000
1767    -1783490.250000
1768    -1783504.750000
1769    -1783518.500000
1770    -1783531.500000
1771    -1783545.500000
1772    -1783559.125000
1773    -1783572.250000
1774    -1783585.625000
1775    -1783598.875000
1776    -1783612.500000
1777    -1783626.375000
1778    -1783639.625000
1779    -1783653.250000
1780    -1783666.250000
1781    -1783680.000000
1782    -1783693.250000
1783    -1783706.250000
1784    -1783719.500000
1785    -1783732.500000
1786    -1783746.500000
1787    -1783759.500000
1788    -1783772.500000
1789    -1783786.375000
1790    -1783799.000000
1791    -1783812.250000
1792    -1783825.750000
1793    -1783838.375000
1794    -1783852.000000
1795    -1783865.500000
1796    -1783878.250000
1797    -1783891.375000
1798    -1783904.750000
1799    -1783917.750000
1800    -1783931.000000
1801    -1783943.625000
1802    -1783956.750000
1803    -1783969.750000
1804    -1783983.000000
1805    -1783996.125000
1806    -1784009.125000
1807    -1784022.000000
1808    -1784034.625000
1809    -1784047.625000
1810    -1784060.250000
1811    -1784073.750000
1812    -1784086.000000
1813    -1784098.625000
1814    -1784112.250000
1815    -1784124.250000
1816    -1784137.500000
1817    -1784150.000000
1818    -1784162.500000
1819    -1784175.375000
1820    -1784187.875000
1821    -1784200.250000
1822    -1784213.250000
1823    -1784225.500000
1824    -1784237.750000
1825    -1784250.875000
1826    -1784263.250000
1827    -1784276.250000
1828    -1784288.375000
1829    -1784300.250000
1830    -1784313.000000
1831    -1784325.375000
1832    -1784337.750000
1833    -1784350.000000
1834    -1784362.500000
1835    -1784375.000000
1836    -1784386.750000
1837    -1784399.250000
1838    -1784411.750000
1839    -1784423.750000
1840    -1784436.250000
1841    -1784448.000000
1842    -1784460.750000
1843    -1784472.875000
1844    -1784484.750000
1845    -1784496.625000
1846    -1784509.000000
1847    -1784521.000000
1848    -1784533.250000
1849    -1784545.500000
1850    -1784557.750000
1851    -1784569.625000
1852    -1784581.500000
1853    -1784593.125000
1854    -1784604.750000
1855    -1784617.500000
1856    -1784629.625000
1857    -1784641.000000
1858    -1784653.000000
1859    -1784665.125000
1860    -1784677.250000
1861    -1784689.250000
1862    -1784700.750000
1863    -1784712.375000
1864    -1784724.250000
1865    -1784736.125000
1866    -1784748.750000
1867    -1784760.250000
1868    -1784771.750000
1869    -1784783.375000
1870    -1784795.000000
1871    -1784806.750000
1872    -1784818.750000
1873    -1784830.500000
1874    -1784842.375000
1875    -1784853.750000
1876    -1784865.500000
1877    -1784877.750000
1878    -1784889.500000
1879    -1784900.375000
1880    -1784912.500000
1881    -1784924.125000
1882    -1784935.750000
1883    -1784947.125000
1884    -1784958.375000
1885    -1784970.000000
1886    -1784982.000000
1887    -1784992.875000
1888    -1785004.250000
1889    -1785016.125000
1890    -1785027.750000
1891    -1785039.000000
1892    -1785050.500000
1893    -1785061.625000
1894    -1785073.625000
1895    -1785085.000000
1896    -1785096.375000
1897    -1785107.750000
1898    -1785118.875000
1899    -1785129.875000
1900    -1785141.000000
1901    -1785152.250000
1902    -1785163.875000
1903    -1785174.875000
1904    -1785186.000000
1905    -1785197.250000
1906    -1785208.500000
1907    -1785219.500000
1908    -1785231.000000
1909    -1785242.000000
1910    -1785253.000000
1911    -1785264.250000
1912    -1785275.125000
1913    -1785286.000000
1914    -1785297.750000
1915    -1785308.875000
1916    -1785319.500000
1917    -1785331.000000
1918    -1785342.375000
1919    -1785353.125000
1920    -1785364.250000
1921    -1785375.250000
1922    -1785386.750000
1923    -1785397.500000
1924    -1785408.250000
1925    -1785419.250000
1926    -1785430.750000
1927    -1785441.625000
1928    -1785452.250000
1929    -1785463.500000
1930    -1785474.250000
1931    -1785485.250000
1932    -1785496.500000
1933    -1785507.250000
1934    -1785518.125000
1935    -1785529.000000
1936    -1785540.125000
1937    -1785551.000000
1938    -1785561.375000
1939    -1785572.500000
1940    -1785583.875000
1941    -1785594.250000
1942    -1785604.875000
1943    -1785615.875000
1944    -1785626.250000
1945    -1785637.250000
1946    -1785647.625000
1947    -1785659.000000
1948    -1785670.000000
1949    -1785679.875000
1950    -1785690.250000
1951    -1785701.250000
1952    -1785711.625000
1953    -1785722.500000
1954    -1785733.000000
1955    -1785744.000000
1956    -1785754.125000
1957    -1785764.250000
1958    -1785774.750000
1959    -1785785.250000
1960    -1785796.500000
1961    -1785806.500000
1962    -1785817.375000
1963    -1785828.000000
1964    -1785838.375000
1965    -1785848.500000
1966    -1785859.000000
1967    -1785869.500000
1968    -1785880.500000
1969    -1785889.750000
1970    -1785901.000000
1971    -1785910.750000
1972    -1785921.750000
1973    -1785932.000000
1974    -1785942.250000
1975    -1785953.000000
1976    -1785962.750000
1977    -1785973.750000
1978    -1785983.750000
1979    -1785994.000000
1980    -1786004.625000
1981    -1786014.875000
1982    -1786025.375000
1983    -1786035.125000
1984    -1786045.250000
1985    -1786055.500000
1986    -1786065.875000
1987    -1786076.000000
1988    -1786086.750000
1989    -1786096.500000
1990    -1786105.875000
1991    -1786116.750000
1992    -1786126.250000
1993    -1786136.500000
1994    -1786146.875000
1995    -1786156.500000
1996    -1786166.500000
1997    -1786176.625000
1998    -1786186.500000
1999    -1786196.250000
2000    -1786206.375000
2001    -1786216.500000
2002    -1786226.250000
2003    -1786235.875000
2004    -1786246.000000
2005    -1786256.000000
2006    -1786265.500000
2007    -1786275.500000
2008    -1786285.000000
2009    -1786294.750000
2010    -1786304.750000
2011    -1786314.500000
2012    -1786324.250000
2013    -1786333.875000
2014    -1786343.375000
2015    -1786353.250000
2016    -1786363.125000
2017    -1786372.750000
2018    -1786382.125000
2019    -1786391.625000
2020    -1786401.500000
2021    -1786410.875000
2022    -1786420.750000
2023    -1786430.250000
2024    -1786439.625000
2025    -1786448.875000
2026    -1786458.000000
2027    -1786467.750000
2028    -1786477.750000
2029    -1786486.500000
2030    -1786495.750000
2031    -1786505.500000
2032    -1786514.500000
2033    -1786524.000000
2034    -1786533.125000
2035    -1786541.875000
2036    -1786551.625000
2037    -1786560.750000
2038    -1786570.375000
2039    -1786579.750000
2040    -1786588.625000
2041    -1786597.500000
2042    -1786607.000000
2043    -1786616.250000
2044    -1786625.375000
2045    -1786634.500000
2046    -1786643.500000
2047    -1786652.875000
2048    -1786661.625000
2049    -1786670.875000
2050    -1786680.000000
2051    -1786688.750000
2052    -1786697.875000
2053    -1786706.750000
2054    -1786716.125000
2055    -1786725.375000
2056    -1786734.500000
2057    -1786743.500000
2058    -1786751.875000
2059    -1786760.750000
2060    -1786770.500000
2061    -1786778.750000
2062    -1786787.625000
2063    -1786796.375000
2064    -1786805.250000
2065    -1786814.250000
2066    -1786823.000000
2067    -1786831.625000
2068    -1786840.500000
2069    -1786849.000000
2070    -1786858.250000
2071    -1786866.875000
2072    -1786875.500000
2073    -1786884.250000
2074    -1786892.750000
2075    -1786901.500000
2076    -1786910.750000
2077    -1786918.625000
2078    -1786927.875000
2079    -1786935.875000
2080    -1786944.250000
2081    -1786952.625000
2082    -1786961.250000
2083    -1786970.125000
2084    -1786978.750000
2085    -1786987.000000
2086    -1786996.000000
2087    -1787004.000000
2088    -1787012.750000
2089    -1787020.875000
2090    -1787029.500000
2091    -1787037.500000
2092    -1787046.250000
2093    -1787054.250000
2094    -1787062.750000
2095    -1787070.875000
2096    -1787079.500000
2097    -1787087.250000
2098    -1787095.875000
2099    -1787104.250000
2100    -1787112.375000
2101    -1787120.500000
2102    -1787128.375000
2103    -1787137.000000
2104    -1787145.250000
2105    -1787153.500000
2106    -1787161.500000
2107    -1787169.250000
2108    -1787178.000000
2109    -1787185.750000
2110    -1787194.000000
2111    -1787202.000000
2112    -1787210.125000
2113    -1787218.375000
2114    -1787226.250000
2115    -1787234.250000
2116    -1787242.500000
2117    -1787250.250000
2118    -1787258.500000
2119    -1787266.500000
2120    -1787274.000000
2121    -1787282.500000
2122    -1787290.750000
2123    -1787298.125000
2124    -1787306.125000
2125    -1787313.750000
2126    -1787322.000000
2127    -1787329.625000
2128    -1787337.500000
2129    -1787345.625000
2130    -1787353.000000
2131    -1787361.000000
2132    -1787369.000000
2133    -1787376.625000
2134    -1787384.375000
2135    -1787392.250000
2136    -1787399.750000
2137    -1787407.750000
2138    -1787415.500000
2139    -1787423.250000
2140    -1787430.875000
2141    -1787438.875000
2142    -1787446.500000
2143    -1787453.875000
2144    -1787461.375000
2145    -1787469.500000
2146    -1787477.375000
2147    -1787484.750000
2148    -1787492.250000
2149    -1787500.000000
2150    -1787507.500000
2151    -1787515.250000
2152    -1787522.750000
2153    -1787529.750000
2154    -1787537.750000
2155    -1787545.250000
2156    -1787552.750000
2157    -1787560.500000
2158    -1787567.750000
2159    -1787575.250000
2160    -1787582.750000
2161    -1787590.125000
2162    -1787597.750000
2163    -1787605.250000
2164    -1787612.500000
2165    -1787620.000000
2166    -1787627.375000
2167    -1787634.875000
2168    -1787642.250000
2169    -1787649.625000
2170    -1787657.000000
2171    -1787664.500000
2172    -1787671.625000
2173    -1787679.250000
2174    -1787686.375000
2175    -1787693.375000
2176    -1787701.125000
2177    -1787708.375000
2178    -1787715.500000
2179    -1787723.000000
2180    -1787730.250000
2181    -1787737.250000
2182    -1787744.875000
2183    -1787752.250000
2184    -1787759.375000
2185    -1787766.750000
2186    -1787773.750000
2187    -1787781.250000
2188    -1787788.250000
2189    -1787795.250000
2190    -1787802.750000
2191    -1787809.750000
2192    -1787817.000000
2193    -1787824.250000
2194    -1787831.125000
2195    -1787838.500000
2196    -1787845.625000
2197    -1787852.500000
2198    -1787859.625000
2199    -1787866.750000
2200    -1787874.000000
2201    -1787881.125000
2202    -1787888.125000
2203    -1787895.125000
2204    -1787902.375000
2205    -1787909.000000
2206    -1787916.000000
2207    -1787923.375000
2208    -1787930.000000
2209    -1787937.375000
2210    -1787944.500000
2211    -1787951.125000
2212    -1787958.250000
2213    -1787965.000000
2214    -1787972.000000
2215    -1787978.750000
2216    -1787985.750000
2217    -1787992.625000
2218    -1787999.625000
2219    -1788006.750000
2220    -1788013.375000
2221    -1788020.500000
2222    -1788027.500000
2223    -1788034.500000
2224    -1788041.000000
2225    -1788048.000000
2226    -1788055.000000
2227    -1788061.750000
2228    -1788068.625000
2229    -1788075.750000
2230    -1788082.250000
2231    -1788089.625000
2232    -1788096.250000
2233    -1788103.250000
2234    -1788110.000000
2235    -1788117.000000
2236    -1788123.750000
2237    -1788130.750000
2238    -1788137.375000
2239    -1788144.250000
2240    -1788151.000000
2241    -1788158.000000
2242    -1788164.750000
2243    -1788171.750000
2244    -1788178.375000
2245    -1788185.625000
2246    -1788192.250000
2247    -1788199.000000
2248    -1788206.000000
2249    -1788212.750000
2250    -1788219.250000
2251    -1788226.500000
2252    -1788233.500000
2253    -1788240.125000
2254    -1788247.000000
2255    -1788253.750000
2256    -1788260.250000
2257    -1788267.625000
2258    -1788274.125000
2259    -1788281.000000
2260    -1788288.000000
2261    -1788294.250000
2262    -1788301.250000
2263    -1788308.000000
2264    -1788314.875000
2265    -1788322.000000
2266    -1788328.375000
2267    -1788335.750000
2268    -1788342.250000
2269    -1788348.750000
2270    -1788355.750000
2271    -1788362.750000
2272    -1788369.375000
2273    -1788375.750000
2274    -1788383.250000
2275    -1788390.000000
2276    -1788396.500000
2277    -1788403.500000
2278    -1788410.625000
2279    -1788417.250000
2280    -1788423.750000
2281    -1788430.250000
2282    -1788437.250000
2283    -1788444.625000
2284    -1788450.750000
2285    -1788458.000000
2286    -1788464.625000
2287    -1788471.750000
2288    -1788478.250000
2289    -1788485.000000
2290    -1788492.250000
2291    -1788498.500000
2292    -1788505.875000
2293    -1788512.250000
2294    -1788519.375000
2295    -1788525.875000
2296    -1788532.875000
2297    -1788539.625000
2298    -1788546.500000
2299    -1788553.000000
2300    -1788559.500000
2301    -1788566.750000
2302    -1788573.750000
2303    -1788579.875000
2304    -1788587.125000
2305    -1788594.000000
2306    -1788600.875000
2307    -1788607.500000
2308    -1788614.500000
2309    -1788621.000000
2310    -1788627.875000
2311    -1788634.500000
2312    -1788641.500000
2313    -1788648.000000
2314    -1788654.750000
2315    -1788661.750000
2316    -1788668.000000
2317    -1788675.375000
2318    -1788681.875000
2319    -1788688.500000
2320    -1788695.500000
2321    -1788702.000000
2322    -1788708.375000
2323    -1788715.625000
2324    -1788722.125000
2325    -1788728.750000
2326    -1788735.500000
2327    -1788742.250000
2328    -1788748.625000
2329    -1788755.875000
2330    -1788762.750000
2331    -1788769.375000
2332    -1788776.125000
2333    -1788782.500000
2334    -1788789.625000
2335    -1788796.250000
2336    -1788803.125000
2337    -1788809.750000
2338    -1788816.500000
2339    -1788823.000000
2340    -1788830.250000
2341    -1788836.750000
2342    -1788843.250000
2343    -1788850.250000
2344    -1788857.250000
2345    -1788863.500000
2346    -1788870.250000
2347    -1788877.250000
2348    -1788883.750000
2349    -1788890.500000
2350    -1788897.250000
2351    -1788903.875000
2352    -1788910.500000
2353    -1788917.250000
2354    -1788924.250000
2355    -1788930.750000
2356    -1788937.625000
2357    -1788944.375000
2358    -1788950.750000
2359    -1788957.625000
2360    -1788964.375000
2361    -1788970.750000
2362    -1788977.750000
2363    -1788984.500000
2364    -1788991.125000
2365    -1788998.375000
2366    -1789004.750000
2367    -1789011.750000
2368    -1789018.250000
2369    -1789024.750000
2370    -1789031.375000
2371    -1789038.500000
2372    -1789045.000000
2373    -1789051.375000
2374    -1789058.750000
2375    -1789065.125000
2376    -1789071.750000
2377    -1789078.250000
2378    -1789085.500000
2379    -1789091.750000
2380    -1789098.250000
2381    -1789105.000000
2382    -1789111.500000
2383    -1789118.625000
2384    -1789125.250000
2385    -1789131.625000
2386    -1789138.750000
2387    -1789145.250000
2388    -1789151.750000
2389    -1789158.500000
2390    -1789165.000000
2391    -1789172.000000
2392    -1789178.125000
2393    -1789185.000000
2394    -1789192.000000
2395    -1789198.625000
2396    -1789205.250000
2397    -1789212.000000
2398    -1789218.625000
2399    -1789225.000000
2400    -1789231.750000
2401    -1789238.625000
2402    -1789245.250000
2403    -1789252.000000
2404    -1789258.500000
2405    -1789265.375000
2406    -1789272.125000
2407    -1789278.500000
2408    -1789285.125000
2409    -1789292.250000
2410    -1789298.750000
2411    -1789305.750000
2412    -1789311.750000
2413    -1789318.750000
2414    -1789325.250000
2415    -1789332.000000
2416    -1789338.750000
2417    -1789345.250000
2418    -1789352.000000
2419    -1789358.375000
2420    -1789365.250000
2421    -1789371.750000
2422    -1789378.250000
2423    -1789385.250000
2424    -1789391.625000
2425    -1789398.250000
2426    -1789405.000000
2427    -1789411.375000
2428    -1789418.125000
2429    -1789425.000000
2430    -1789431.125000
2431    -1789438.375000
2432    -1789444.875000
2433    -1789451.625000
2434    -1789458.000000
2435    -1789464.500000
2436    -1789471.500000
2437    -1789478.000000
2438    -1789484.500000
2439    -1789491.000000
2440    -1789497.750000
2441    -1789504.500000
2442    -1789511.375000
2443    -1789517.500000
2444    -1789524.125000
2445    -1789530.750000
2446    -1789537.625000
2447    -1789544.000000
2448    -1789551.000000
2449    -1789557.375000
2450    -1789564.250000
2451    -1789571.000000
2452    -1789577.500000
2453    -1789583.875000
2454    -1789590.500000
2455    -1789596.750000
2456    -1789603.750000
2457    -1789610.500000
2458    -1789616.750000
2459    -1789623.500000
2460    -1789629.750000
2461    -1789636.250000
2462    -1789643.000000
2463    -1789649.500000
2464    -1789656.500000
2465    -1789662.625000
2466    -1789669.500000
2467    -1789675.875000
2468    -1789682.375000
2469    -1789688.500000
2470    -1789695.500000
2471    -1789702.000000
2472    -1789708.500000
2473    -1789715.000000
2474    -1789721.500000
2475    -1789727.625000
2476    -1789734.375000
2477    -1789741.000000
2478    -1789747.375000
2479    -1789753.875000
2480    -1789760.125000
2481    -1789766.625000
2482    -1789773.500000
2483    -1789779.625000
2484    -1789786.250000
2485    -1789792.625000
2486    -1789799.125000
2487    -1789805.750000
2488    -1789812.375000
2489    -1789818.875000
2490    -1789825.000000
2491    -1789831.750000
2492    -1789838.000000
2493    -1789844.250000
2494    -1789851.000000
2495    -1789857.250000
2496    -1789863.750000
2497    -1789870.000000
2498    -1789876.500000
2499    -1789883.000000
2500    -1789889.375000
2501    -1789895.750000
2502    -1789902.125000
2503    -1789908.750000
2504    -1789915.250000
2505    -1789921.750000
2506    -1789928.000000
2507    -1789934.625000
2508    -1789940.875000
2509    -1789946.750000
2510    -1789953.250000
2511    -1789959.750000
2512    -1789965.375000
2513    -1789972.250000
2514    -1789978.750000
2515    -1789984.875000
2516    -1789991.375000
2517    -1789997.625000
2518    -1790003.875000
2519    -1790010.375000
2520    -1790016.750000
2521    -1790022.500000
2522    -1790029.250000
2523    -1790035.250000
2524    -1790041.250000
2525    -1790047.500000
2526    -1790053.750000
2527    -1790059.875000
2528    -1790066.500000
2529    -1790072.500000
2530    -1790078.625000
2531    -1790085.000000
2532    -1790090.750000
2533    -1790097.000000
2534    -1790103.250000
2535    -1790109.500000
2536    -1790115.750000
2537    -1790121.750000
2538    -1790127.500000
2539    -1790134.000000
2540    -1790140.000000
2541    -1790146.250000
2542    -1790152.125000
2543    -1790158.500000
2544    -1790164.375000
2545    -1790170.500000
2546    -1790176.250000
2547    -1790182.875000
2548    -1790188.500000
2549    -1790195.000000
2550    -1790200.750000
2551    -1790206.750000
2552    -1790212.750000
2553    -1790218.750000
2554    -1790224.625000
2555    -1790230.750000
2556    -1790236.875000
2557    -1790243.000000
2558    -1790249.125000
2559    -1790255.000000
2560    -1790261.250000
2561    -1790266.875000
2562    -1790273.000000
2563    -1790279.000000
2564    -1790285.000000
2565    -1790291.250000
2566    -1790296.750000
2567    -1790303.000000
2568    -1790308.750000
2569    -1790315.000000
2570    -1790320.750000
2571    -1790326.750000
2572    -1790332.875000
2573    -1790339.000000
2574    -1790344.750000
2575    -1790350.750000
2576    -1790356.750000
2577    -1790362.875000
2578    -1790368.250000
2579    -1790374.375000
2580    -1790380.250000
2581    -1790386.000000
2582    -1790392.000000
2583    -1790398.000000
2584    -1790403.500000
2585    -1790409.500000
2586    -1790415.250000
2587    -1790421.375000
2588    -1790427.000000
2589    -1790433.250000
2590    -1790438.500000
2591    -1790444.375000
2592    -1790450.250000
2593    -1790456.125000
2594    -1790462.125000
2595    -1790467.625000
2596    -1790473.500000
2597    -1790479.625000
2598    -1790485.000000
2599    -1790490.750000
2600    -1790496.750000
2601    -1790502.375000
2602    -1790507.875000
2603    -1790514.250000
2604    -1790519.625000
2605    -1790525.625000
2606    -1790531.125000
2607    -1790536.875000
2608    -1790542.750000
2609    -1790548.500000
2610    -1790553.750000
2611    -1790559.500000
2612    -1790565.250000
2613    -1790571.125000
2614    -1790576.500000
2615    -1790582.375000
2616    -1790588.250000
2617    -1790593.750000
2618    -1790599.500000
2619    -1790605.375000
2620    -1790611.000000
2621    -1790616.625000
2622    -1790622.250000
2623    -1790627.625000
2624    -1790633.500000
2625    -1790639.000000
2626    -1790644.625000
2627    -1790650.250000
2628    -1790655.625000
2629    -1790661.500000
2630    -1790667.125000
2631    -1790672.500000
2632    -1790678.125000
2633    -1790683.875000
2634    -1790689.500000
2635    -1790695.000000
2636    -1790700.375000
2637    -1790705.875000
2638    -1790711.375000
2639    -1790717.000000
2640    -1790722.375000
2641    -1790728.000000
2642    -1790734.000000
2643    -1790739.000000
2644    -1790744.625000
2645    -1790750.000000
2646    -1790755.750000
2647    -1790761.000000
2648    -1790766.750000
2649    -1790772.375000
2650    -1790777.750000
2651    -1790783.000000
2652    -1790788.750000
2653    -1790793.750000
2654    -1790799.625000
2655    -1790804.750000
2656    -1790810.500000
2657    -1790816.000000
2658    -1790821.000000
2659    -1790826.500000
2660    -1790832.000000
2661    -1790837.375000
2662    -1790843.000000
2663    -1790848.500000
2664    -1790853.375000
2665    -1790859.000000
2666    -1790864.375000
2667    -1790869.750000
2668    -1790875.250000
2669    -1790880.500000
2670    -1790885.875000
2671    -1790891.500000
2672    -1790896.750000
2673    -1790902.000000
2674    -1790907.250000
2675    -1790912.625000
2676    -1790917.750000
2677    -1790923.125000
2678    -1790929.000000
2679    -1790934.125000
2680    -1790939.500000
2681    -1790945.000000
2682    -1790949.875000
2683    -1790955.250000
2684    -1790960.250000
2685    -1790966.000000
2686    -1790971.125000
2687    -1790976.250000
2688    -1790981.500000
2689    -1790987.000000
2690    -1790992.250000
2691    -1790997.250000
2692    -1791002.750000
2693    -1791007.625000
2694    -1791012.750000
2695    -1791018.125000
2696    -1791023.375000
2697    -1791029.000000
2698    -1791033.500000
2699    -1791039.375000
2700    -1791044.125000
2701    -1791049.625000
2702    -1791054.750000
2703    -1791059.750000
2704    -1791064.500000
2705    -1791069.875000
2706    -1791075.500000
2707    -1791080.250000
2708    -1791085.500000
2709    -1791090.625000
2710    -1791095.625000
2711    -1791100.750000
2712    -1791105.750000
2713    -1791111.250000
2714    -1791116.000000
2715    -1791121.375000
2716    -1791126.250000
2717    -1791131.375000
2718    -1791136.500000
2719    -1791141.500000
2720    -1791146.875000
2721    -1791151.750000
2722    -1791156.500000
2723    -1791162.125000
2724    -1791166.625000
2725    -1791171.875000
2726    -1791177.250000
2727    -1791182.000000
2728    -1791187.250000
2729    -1791192.250000
2730    -1791197.500000
2731    -1791202.250000
2732    -1791207.500000
2733    -1791212.625000
2734    -1791217.500000
2735    -1791222.750000
2736    -1791227.250000
2737    -1791232.500000
2738    -1791237.625000
2739    -1791242.500000
2740    -1791247.750000
2741    -1791252.625000
2742    -1791257.750000
2743    -1791262.750000
2744    -1791267.750000
2745    -1791273.000000
2746    -1791278.000000
2747    -1791282.750000
2748    -1791287.750000
2749    -1791292.500000
2750    -1791297.625000
2751    -1791302.750000
2752    -1791307.500000
2753    -1791312.875000
2754    -1791317.500000
2755    -1791322.625000
2756    -1791327.625000
2757    -1791332.375000
2758    -1791337.750000
2759    -1791342.625000
2760    -1791347.500000
2761    -1791352.625000
2762    -1791357.500000
2763    -1791361.875000
2764    -1791367.250000
2765    -1791372.250000
2766    -1791377.000000
2767    -1791381.750000
2768    -1791386.875000
2769    -1791391.750000
2770    -1791396.375000
2771    -1791401.375000
2772    -1791406.250000
2773    -1791411.375000
2774    -1791416.000000
2775    -1791421.000000
2776    -1791426.125000
2777    -1791431.000000
2778    -1791435.125000
2779    -1791440.500000
2780    -1791445.500000
2781    -1791450.250000
2782    -1791455.000000
2783    -1791460.000000
2784    -1791464.625000
2785    -1791469.375000
2786    -1791474.250000
2787    -1791479.125000
2788    -1791483.750000
2789    -1791488.625000
2790    -1791493.250000
2791    -1791498.250000
2792    -1791502.750000
2793    -1791507.250000
2794    -1791512.500000
2795    -1791517.250000
2796    -1791522.000000
2797    -1791526.875000
2798    -1791531.500000
2799    -1791536.125000
2800    -1791540.750000
2801    -1791545.250000
2802    -1791550.375000
2803    -1791554.750000
2804    -1791559.500000
2805    -1791564.250000
2806    -1791568.750000
2807    -1791574.000000
2808    -1791578.375000
2809    -1791583.000000
2810    -1791587.500000
2811    -1791592.125000
2812    -1791597.125000
2813    -1791602.125000
2814    -1791606.375000
2815    -1791611.125000
2816    -1791615.750000
2817    -1791620.750000
2818    -1791624.875000
2819    -1791630.000000
2820    -1791634.500000
2821    -1791639.250000
2822    -1791643.875000
2823    -1791648.375000
2824    -1791653.375000
2825    -1791658.000000
2826    -1791662.500000
2827    -1791667.250000
2828    -1791672.000000
2829    -1791676.250000
2830    -1791681.000000
2831    -1791685.875000
2832    -1791690.125000
2833    -1791694.750000
2834    -1791699.250000
2835    -1791704.250000
2836    -1791709.000000
2837    -1791713.250000
2838    -1791718.250000
2839    -1791722.750000
2840    -1791727.250000
2841    -1791731.750000
2842    -1791736.250000
2843    -1791741.000000
2844    -1791745.500000
2845    -1791749.750000
2846    -1791754.500000
2847    -1791759.250000
2848    -1791763.875000
2849    -1791768.250000
2850    -1791772.875000
2851    -1791777.625000
2852    -1791782.000000
2853    -1791786.500000
2854    -1791791.250000
2855    -1791795.750000
2856    -1791800.125000
2857    -1791804.625000
2858    -1791809.250000
2859    -1791813.750000
2860    -1791818.500000
2861    -1791822.750000
2862    -1791827.250000
2863    -1791831.375000
2864    -1791836.250000
2865    -1791840.875000
2866    -1791845.375000
2867    -1791850.125000
2868    -1791854.375000
2869    -1791859.125000
2870    -1791863.500000
2871    -1791868.000000
2872    -1791872.375000
2873    -1791877.000000
2874    -1791881.500000
2875    -1791886.000000
2876    -1791890.500000
2877    -1791894.625000
2878    -1791899.375000
2879    -1791904.000000
2880    -1791908.250000
2881    -1791912.875000
2882    -1791917.000000
2883    -1791921.625000
2884    -1791925.750000
2885    -1791930.750000
2886    -1791935.125000
2887    -1791939.500000
2888    -1791943.875000
2889    -1791948.375000
2890    -1791952.750000
2891    -1791957.000000
2892    -1791961.500000
2893    -1791966.125000
2894    -1791970.250000
2895    -1791975.250000
2896    -1791979.250000
2897    -1791984.125000
2898    -1791988.500000
2899    -1791992.750000
2900    -1791997.000000
2901    -1792001.500000
2902    -1792006.125000
2903    -1792010.500000
2904    -1792014.875000
2905    -1792019.250000
2906    -1792023.750000
2907    -1792028.250000
2908    -1792032.500000
2909    -1792037.125000
2910    -1792041.500000
2911    -1792045.750000
2912    -1792050.625000
2913    -1792054.875000
2914    -1792059.500000
2915    -1792064.000000
2916    -1792068.250000
2917    -1792072.750000
2918    -1792077.125000
2919    -1792081.500000
2920    -1792086.250000
2921    -1792090.500000
2922    -1792094.750000
2923    -1792099.125000
2924    -1792103.625000
2925    -1792108.000000
2926    -1792112.125000
2927    -1792117.125000
2928    -1792121.500000
2929    -1792125.500000
2930    -1792130.250000
2931    -1792134.625000
2932    -1792139.250000
2933    -1792143.500000
2934    -1792148.000000
2935    -1792152.250000
2936    -1792157.250000
2937    -1792161.500000
2938    -1792166.000000
2939    -1792170.500000
2940    -1792174.750000
2941    -1792179.000000
2942    -1792183.750000
2943    -1792188.250000
2944    -1792192.750000
2945    -1792196.750000
2946    -1792201.625000
2947    -1792206.000000
2948    -1792210.250000
2949    -1792215.000000
2950    -1792219.250000
2951    -1792223.875000
2952    -1792228.250000
2953    -1792232.750000
2954    -1792237.000000
2955    -1792241.500000
2956    -1792245.875000
2957    -1792250.250000
2958    -1792254.625000
2959    -1792259.125000
2960    -1792263.875000
2961    -1792268.500000
2962    -1792272.875000
2963    -1792277.000000
2964    -1792281.625000
2965    -1792286.125000
2966    -1792290.750000
2967    -1792295.000000
2968    -1792299.375000
2969    -1792304.250000
2970    -1792308.750000
2971    -1792312.750000
2972    -1792317.250000
2973    -1792321.875000
2974    -1792326.250000
2975    -1792330.875000
2976    -1792335.250000
2977    -1792339.875000
2978    -1792344.000000
2979    -1792348.500000
2980    -1792352.875000
2981    -1792356.750000
2982    -1792361.750000
2983    -1792366.000000
2984    -1792370.250000
2985    -1792375.250000
2986    -1792379.375000
2987    -1792383.750000
2988    -1792388.125000
2989    -1792392.500000
2990    -1792397.000000
2991    -1792401.375000
2992    -1792405.750000
2993    -1792410.250000
2994    -1792414.500000
2995    -1792419.000000
2996    -1792423.250000
2997    -1792428.000000
2998    -1792432.125000
2999    -1792436.750000
3000    -1792440.750000
3001    -1792445.500000
3002    -1792449.875000
3003    -1792454.000000
3004    -1792458.250000
3005    -1792462.500000
3006    -1792467.000000
3007    -1792471.500000
3008    -1792476.125000
3009    -1792480.000000
3010    -1792484.750000
3011    -1792489.000000
3012    -1792493.250000
3013    -1792497.500000
3014    -1792501.750000
3015    -1792506.250000
3016    -1792510.250000
3017    -1792514.750000
3018    -1792519.625000
3019    -1792523.875000
3020    -1792528.000000
3021    -1792532.250000
3022    -1792536.750000
3023    -1792540.875000
3024    -1792545.250000
3025    -1792549.875000
3026    -1792554.125000
3027    -1792558.750000
3028    -1792562.625000
3029    -1792567.000000
3030    -1792571.250000
3031    -1792576.000000
3032    -1792580.125000
3033    -1792584.125000
3034    -1792588.750000
3035    -1792593.250000
3036    -1792597.500000
3037    -1792601.625000
3038    -1792606.250000
3039    -1792610.500000
3040    -1792614.750000
3041    -1792619.125000
3042    -1792623.500000
3043    -1792627.500000
3044    -1792632.250000
3045    -1792636.000000
3046    -1792640.625000
3047    -1792645.250000
3048    -1792649.250000
3049    -1792653.875000
3050    -1792658.000000
3051    -1792662.250000
3052    -1792666.500000
3053    -1792670.750000
3054    -1792675.000000
3055    -1792679.500000
3056    -1792683.625000
3057    -1792688.000000
3058    -1792692.250000
3059    -1792696.250000
3060    -1792700.625000
3061    -1792705.375000
3062    -1792709.625000
3063    -1792713.750000
3064    -1792717.750000
3065    -1792722.500000
3066    -1792726.625000
3067    -1792730.875000
3068    -1792735.375000
3069    -1792739.500000
3070    -1792743.875000
3071    -1792748.000000
3072    -1792752.625000
3073    -1792756.750000
3074    -1792761.000000
3075    -1792765.500000
3076    -1792769.625000
3077    -1792773.750000
3078    -1792778.500000
3079    -1792782.500000
3080    -1792786.375000
3081    -1792791.000000
3082    -1792795.250000
3083    -1792799.375000
3084    -1792803.875000
3085    -1792808.125000
3086    -1792812.000000
3087    -1792816.375000
3088    -1792820.500000
3089    -1792824.500000
3090    -1792829.000000
3091    -1792833.000000
3092    -1792837.500000
3093    -1792841.375000
3094    -1792845.750000
3095    -1792850.250000
3096    -1792854.250000
3097    -1792858.500000
3098    -1792862.750000
3099    -1792866.875000
3100    -1792871.250000
3101    -1792875.250000
3102    -1792879.500000
3103    -1792883.500000
3104    -1792887.625000
3105    -1792892.000000
3106    -1792896.125000
3107    -1792900.250000
3108    -1792904.500000
3109    -1792908.500000
3110    -1792913.000000
3111    -1792917.125000
3112    -1792921.125000
3113    -1792925.250000
3114    -1792929.375000
3115    -1792933.875000
3116    -1792937.750000
3117    -1792942.000000
3118    -1792946.125000
3119    -1792950.000000
3120    -1792954.500000
3121    -1792959.000000
3122    -1792962.750000
3123    -1792967.000000
3124    -1792971.000000
3125    -1792975.250000
3126    -1792979.250000
3127    -1792983.500000
3128    -1792987.500000
3129    -1792991.625000
3130    -1792996.125000
3131    -1793000.000000
3132    -1793004.375000
3133    -1793008.000000
3134    -1793012.250000
3135    -1793016.250000
3136    -1793020.625000
3137    -1793024.625000
3138    -1793028.750000
3139    -1793032.375000
3140    -1793037.125000
3141    -1793040.875000
3142    -1793045.250000
3143    -1793049.500000
3144    -1793053.750000
3145    -1793057.875000
3146    -1793061.500000
3147    -1793066.000000
3148    -1793070.000000
3149    -1793074.250000
3150    -1793078.125000
3151    -1793082.375000
3152    -1793086.500000
3153    -1793090.875000
3154    -1793094.625000
3155    -1793098.750000
3156    -1793103.375000
3157    -1793107.250000
3158    -1793111.625000
3159    -1793115.625000
3160    -1793119.750000
3161    -1793123.500000
3162    -1793127.750000
3163    -1793132.000000
3164    -1793136.125000
3165    -1793140.250000
3166    -1793144.625000
3167    -1793148.375000
3168    -1793152.750000
3169    -1793156.875000
3170    -1793160.750000
3171    -1793165.000000
3172    -1793169.250000
3173    -1793173.250000
3174    -1793177.750000
3175    -1793181.625000
3176    -1793185.875000
3177    -1793190.000000
3178    -1793194.250000
3179    -1793198.625000
3180    -1793202.625000
3181    -1793207.125000
3182    -1793211.250000
3183    -1793215.000000
3184    -1793219.375000
3185    -1793224.000000
3186    -1793228.000000
3187    -1793232.000000
3188    -1793236.750000
3189    -1793240.500000
3190    -1793244.875000
3191    -1793249.125000
3192    -1793253.250000
3193    -1793257.500000
3194    -1793262.000000
3195    -1793266.000000
3196    -1793270.250000
3197    -1793274.750000
3198    -1793279.000000
3199    -1793283.000000
3200    -1793287.500000
3201    -1793291.750000
3202    -1793296.000000
3203    -1793300.500000
3204    -1793304.500000
3205    -1793309.000000
3206    -1793313.375000
3207    -1793317.625000
3208    -1793322.000000
3209    -1793326.250000
3210    -1793330.625000
3211    -1793335.000000
3212    -1793339.500000
3213    -1793343.750000
3214    -1793348.250000
3215    -1793352.250000
3216    -1793356.750000
3217    -1793361.000000
3218    -1793365.500000
3219    -1793370.000000
3220    -1793374.250000
3221    -1793378.500000
3222    -1793383.000000
3223    -1793387.500000
3224    -1793391.625000
3225    -1793396.125000
3226    -1793400.500000
3227    -1793404.750000
3228    -1793409.250000
3229    -1793414.125000
3230    -1793418.250000
3231    -1793422.750000
3232    -1793427.500000
3233    -1793431.750000
3234    -1793435.750000
3235    -1793440.500000
3236    -1793444.875000
3237    -1793449.125000
3238    -1793453.625000
3239    -1793458.250000
3240    -1793462.750000
3241    -1793467.000000
3242    -1793471.500000
3243    -1793475.750000
3244    -1793480.500000
3245    -1793484.750000
3246    -1793489.500000
3247    -1793494.125000
3248    -1793498.250000
3249    -1793502.750000
3250    -1793507.125000
3251    -1793511.750000
3252    -1793516.375000
3253    -1793520.500000
3254    -1793525.125000
3255    -1793529.750000
3256    -1793534.250000
3257    -1793538.875000
3258    -1793543.500000
3259    -1793548.125000
3260    -1793552.500000
3261    -1793557.000000
3262    -1793561.625000
3263    -1793566.250000
3264    -1793570.750000
3265    -1793575.250000
3266    -1793580.000000
3267    -1793584.500000
3268    -1793588.625000
3269    -1793593.375000
3270    -1793598.000000
3271    -1793602.500000
3272    -1793606.750000
3273    -1793611.125000
3274    -1793616.125000
3275    -1793620.500000
3276    -1793625.000000
3277    -1793629.500000
3278    -1793634.000000
3279    -1793638.250000
3280    -1793643.000000
3281    -1793647.375000
3282    -1793652.125000
3283    -1793656.750000
3284    -1793661.000000
3285    -1793665.500000
3286    -1793670.500000
3287    -1793674.625000
3288    -1793679.375000
3289    -1793683.750000
3290    -1793688.250000
3291    -1793693.250000
3292    -1793697.250000
3293    -1793701.875000
3294    -1793706.500000
3295    -1793711.250000
3296    -1793715.625000
3297    -1793720.250000
3298    -1793724.750000
3299    -1793729.250000
3300    -1793733.750000
3301    -1793738.500000
3302    -1793742.875000
3303    -1793748.000000
3304    -1793752.375000
3305    -1793756.750000
3306    -1793761.250000
3307    -1793765.625000
3308    -1793770.500000
3309    -1793775.000000
3310    -1793779.625000
3311    -1793784.250000
3312    -1793788.750000
3313    -1793793.375000
3314    -1793797.875000
3315    -1793802.500000
3316    -1793807.250000
3317    -1793812.000000
3318    -1793816.500000
3319    -1793820.875000
3320    -1793825.750000
3321    -1793830.250000
3322    -1793834.875000
3323    -1793839.500000
3324    -1793844.000000
3325    -1793848.625000
3326    -1793853.375000
3327    -1793857.750000
3328    -1793862.250000
3329    -1793866.875000
3330    -1793871.500000
3331    -1793876.000000
3332    -1793880.500000
3333    -1793885.250000
3334    -1793889.875000
3335    -1793894.500000
3336    -1793898.750000
3337    -1793903.750000
3338    -1793908.625000
3339    -1793913.000000
3340    -1793917.625000
3341    -1793922.250000
3342    -1793927.000000
3343    -1793931.375000
3344    -1793935.875000
3345    -1793940.500000
3346    -1793945.250000
3347    -1793950.000000
3348    -1793954.500000
3349    -1793958.750000
3350    -1793963.500000
3351    -1793968.250000
3352    -1793972.750000
3353    -1793977.500000
3354    -1793982.000000
3355    -1793986.500000
3356    -1793990.875000
3357    -1793996.000000
3358    -1794000.500000
3359    -1794005.000000
3360    -1794009.750000
3361    -1794014.000000
3362    -1794018.875000
3363    -1794023.375000
3364    -1794028.000000
3365    -1794032.375000
3366    -1794037.000000
3367    -1794041.750000
3368    -1794046.250000
3369    -1794051.000000
3370    -1794055.500000
3371    -1794060.125000
3372    -1794064.625000
3373    -1794069.250000
3374    -1794073.750000
3375    -1794078.500000
3376    -1794083.250000
3377    -1794087.500000
3378    -1794092.000000
3379    -1794096.750000
3380    -1794100.875000
3381    -1794105.625000
3382    -1794110.250000
3383    -1794115.000000
3384    -1794119.750000
3385    -1794123.875000
3386    -1794128.500000
3387    -1794132.875000
3388    -1794137.125000
3389    -1794142.000000
3390    -1794146.375000
3391    -1794150.750000
3392    -1794155.375000
3393    -1794159.875000
3394    -1794164.500000
3395    -1794169.250000
3396    -1794173.500000
3397    -1794177.750000
3398    -1794182.500000
3399    -1794186.875000
3400    -1794191.250000
3401    -1794195.750000
3402    -1794200.250000
3403    -1794204.500000
3404    -1794209.000000
3405    -1794213.500000
3406    -1794218.000000
3407    -1794222.375000
3408    -1794226.875000
3409    -1794231.250000
3410    -1794235.500000
3411    -1794240.250000
3412    -1794244.250000
3413    -1794249.000000
3414    -1794253.375000
3415    -1794257.625000
3416    -1794262.375000
3417    -1794266.375000
3418    -1794271.250000
3419    -1794275.375000
3420    -1794279.500000
3421    -1794284.375000
3422    -1794288.500000
3423    -1794292.875000
3424    -1794297.000000
3425    -1794301.375000
3426    -1794305.625000
3427    -1794309.750000
3428    -1794314.250000
3429    -1794318.625000
3430    -1794323.000000
3431    -1794327.125000
3432    -1794331.625000
3433    -1794335.625000
3434    -1794340.000000
3435    -1794344.250000
3436    -1794348.375000
3437    -1794352.625000
3438    -1794356.750000
3439    -1794361.000000
3440    -1794365.250000
3441    -1794369.500000
3442    -1794373.625000
3443    -1794377.875000
3444    -1794381.875000
3445    -1794386.000000
3446    -1794390.500000
3447    -1794394.625000
3448    -1794398.625000
3449    -1794402.750000
3450    -1794406.750000
3451    -1794411.000000
3452    -1794415.250000
3453    -1794419.000000
3454    -1794423.250000
3455    -1794427.625000
3456    -1794431.625000
3457    -1794435.875000
3458    -1794440.000000
3459    -1794444.375000
3460    -1794448.000000
3461    -1794452.125000
3462    -1794456.500000
3463    -1794460.375000
3464    -1794464.750000
3465    -1794468.500000
3466    -1794472.875000
3467    -1794477.000000
3468    -1794481.000000
3469    -1794484.875000
3470    -1794489.125000
3471    -1794493.250000
3472    -1794497.125000
3473    -1794501.250000
3474    -1794505.375000
3475    -1794509.250000
3476    -1794513.250000
3477    -1794517.250000
3478    -1794521.000000
3479    -1794525.500000
3480    -1794529.625000
3481    -1794533.500000
3482    -1794537.750000
3483    -1794541.750000
3484    -1794545.750000
3485    -1794549.875000
3486    -1794553.750000
3487    -1794557.750000
3488    -1794561.750000
3489    -1794566.125000
3490    -1794570.000000
3491    -1794573.750000
3492    -1794578.250000
3493    -1794582.000000
3494    -1794586.000000
3495    -1794590.000000
3496    -1794594.375000
3497    -1794598.125000
3498    -1794602.000000
3499    -1794606.000000
3500    -1794610.125000
3501    -1794613.750000
3502    -1794618.125000
3503    -1794622.250000
3504    -1794626.000000
3505    -1794630.000000
3506    -1794634.000000
3507    -1794638.125000
3508    -1794642.000000
3509    -1794646.125000
3510    -1794650.125000
3511    -1794654.250000
3512    -1794658.000000
3513    -1794662.250000
3514    -1794666.000000
3515    -1794670.250000
3516    -1794674.250000
3517    -1794678.500000
3518    -1794682.000000
3519    -1794686.250000
3520    -1794690.250000
3521    -1794694.250000
3522    -1794698.250000
3523    -1794702.125000
3524    -1794706.250000
3525    -1794710.500000
3526    -1794714.500000
3527    -1794718.750000
3528    -1794722.625000
3529    -1794726.500000
3530    -1794730.750000
3531    -1794734.625000
3532    -1794739.000000
3533    -1794743.000000
3534    -1794746.875000
3535    -1794750.750000
3536    -1794755.000000
3537    -1794759.250000
3538    -1794763.000000
3539    -1794766.875000
3540    -1794771.000000
3541    -1794775.500000
3542    -1794779.375000
3543    -1794783.375000
3544    -1794787.750000
3545    -1794791.625000
3546    -1794795.625000
3547    -1794799.875000
3548    -1794803.750000
3549    -1794807.875000
3550    -1794811.875000
3551    -1794815.750000
3552    -1794820.000000
3553    -1794824.000000
3554    -1794828.500000
3555    -1794832.375000
3556    -1794836.500000
3557    -1794840.000000
3558    -1794844.000000
3559    -1794848.125000
3560    -1794852.500000
3561    -1794856.500000
3562    -1794860.750000
3563    -1794864.750000
3564    -1794868.625000
3565    -1794872.500000
3566    -1794877.000000
3567    -1794881.000000
3568    -1794884.875000
3569    -1794888.875000
3570    -1794893.000000
3571    -1794896.875000
3572    -1794900.875000
3573    -1794904.750000
3574    -1794908.750000
3575    -1794913.000000
3576    -1794916.750000
3577    -1794920.750000
3578    -1794924.875000
3579    -1794929.000000
3580    -1794932.750000
3581    -1794937.250000
3582    -1794941.000000
3583    -1794945.000000
3584    -1794948.875000
3585    -1794953.000000
3586    -1794957.375000
3587    -1794961.375000
3588    -1794965.000000
3589    -1794969.000000
3590    -1794973.000000
3591    -1794977.250000
3592    -1794981.125000
3593    -1794985.125000
3594    -1794989.250000
3595    -1794993.250000
3596    -1794997.125000
3597    -1795001.375000
3598    -1795005.500000
3599    -1795009.250000
3600    -1795013.375000
3601    -1795017.625000
3602    -1795021.250000
3603    -1795025.250000
3604    -1795029.500000
3605    -1795033.625000
3606    -1795037.500000
3607    -1795041.500000
3608    -1795045.375000
3609    -1795049.500000
3610    -1795053.500000
3611    -1795057.500000
3612    -1795061.500000
3613    -1795065.250000
3614    -1795069.250000
3615    -1795073.375000
3616    -1795077.250000
3617    -1795081.000000
3618    -1795085.000000
3619    -1795089.375000
3620    -1795093.125000
3621    -1795097.250000
3622    -1795101.000000
3623    -1795105.000000
3624    -1795109.000000
3625    -1795112.875000
3626    -1795117.000000
3627    -1795120.875000
3628    -1795125.000000
3629    -1795129.000000
3630    -1795133.000000
3631    -1795136.750000
3632    -1795141.000000
3633    -1795144.625000
3634    -1795148.500000
3635    -1795152.500000
3636    -1795156.750000
3637    -1795160.375000
3638    -1795164.250000
3639    -1795168.375000
3640    -1795172.250000
3641    -1795176.375000
3642    -1795180.000000
3643    -1795184.000000
3644    -1795188.000000
3645    -1795191.750000
3646    -1795195.875000
3647    -1795199.500000
3648    -1795203.250000
3649    -1795207.125000
3650    -1795211.500000
3651    -1795215.000000
3652    -1795219.000000
3653    -1795223.125000
3654    -1795226.625000
3655    -1795230.625000
3656    -1795234.500000
3657    -1795238.125000
3658    -1795241.875000
3659    -1795246.250000
3660    -1795249.500000
3661    -1795253.500000
3662    -1795257.000000
3663    -1795261.250000
3664    -1795264.875000
3665    -1795268.625000
3666    -1795272.500000
3667    -1795276.000000
3668    -1795279.750000
3669    -1795283.750000
3670    -1795287.625000
3671    -1795291.125000
3672    -1795294.750000
3673    -1795298.250000
3674    -1795302.250000
3675    -1795305.750000
3676    -1795309.250000
3677    -1795313.375000
3678    -1795316.750000
3679    -1795320.750000
3680    -1795324.250000
3681    -1795327.875000
3682    -1795331.625000
3683    -1795334.875000
3684    -1795338.750000
3685    -1795342.250000
3686    -1795346.000000
3687    -1795349.500000
3688    -1795353.000000
3689    -1795356.625000
3690    -1795360.500000
3691    -1795364.000000
3692    -1795367.750000
3693    -1795371.000000
3694    -1795374.875000
3695    -1795378.375000
3696    -1795381.750000
3697    -1795385.375000
3698    -1795389.000000
3699    -1795392.750000
3700    -1795396.000000
3701    -1795399.750000
3702    -1795403.250000
3703    -1795406.625000
3704    -1795410.375000
3705    -1795413.750000
3706    -1795417.250000
3707    -1795421.250000
3708    -1795424.500000
3709    -1795428.000000
3710    -1795431.500000
3711    -1795434.875000
3712    -1795438.250000
3713    -1795441.750000
3714    -1795445.375000
3715    -1795448.625000
3716    -1795452.000000
3717    -1795455.625000
3718    -1795459.000000
3719    -1795462.750000
3720    -1795466.000000
3721    -1795468.875000
3722    -1795472.375000
3723    -1795476.250000
3724    -1795479.250000
3725    -1795483.250000
3726    -1795486.375000
3727    -1795489.750000
3728    -1795492.750000
3729    -1795496.250000
3730    -1795499.750000
3731    -1795503.000000
3732    -1795506.125000
3733    -1795509.625000
3734    -1795513.000000
3735    -1795516.250000
3736    -1795519.500000
3737    -1795522.750000
3738    -1795526.000000
3739    -1795529.250000
3740    -1795532.250000
3741    -1795535.750000
3742    -1795539.000000
3743    -1795542.250000
3744    -1795545.500000
3745    -1795548.500000
3746    -1795551.875000
3747    -1795555.125000
3748    -1795558.625000
3749    -1795561.750000
3750    -1795564.750000
3751    -1795568.000000
3752    -1795571.500000
3753    -1795574.500000
3754    -1795577.250000
3755    -1795580.750000
3756    -1795583.750000
3757    -1795587.125000
3758    -1795590.500000
3759    -1795593.250000
3760    -1795596.625000
3761    -1795599.625000
3762    -1795602.875000
3763    -1795606.000000
3764    -1795608.750000
3765    -1795611.750000
3766    -1795615.000000
3767    -1795618.000000
3768    -1795621.375000
3769    -1795624.375000
3770    -1795627.250000
3771    -1795630.250000
3772    -1795633.375000
3773    -1795636.750000
3774    -1795639.625000
3775    -1795642.750000
3776    -1795645.750000
3777    -1795648.625000
3778    -1795651.625000
3779    -1795654.750000
3780    -1795657.500000
3781    -1795660.750000
3782    -1795663.500000
3783    -1795666.500000
3784    -1795669.500000
3785    -1795672.500000
3786    -1795675.250000
3787    -1795678.250000
3788    -1795681.250000
3789    -1795684.000000
3790    -1795687.000000
3791    -1795690.125000
3792    -1795693.000000
3793    -1795696.000000
3794    -1795698.375000
3795    -1795701.625000
3796    -1795704.750000
3797    -1795707.500000
3798    -1795710.250000
3799    -1795713.250000
3800    -1795715.750000
3801    -1795719.000000
3802    -1795721.750000
3803    -1795724.875000
3804    -1795727.500000
3805    -1795730.250000
3806    -1795733.000000
3807    -1795736.000000
3808    -1795738.500000
3809    -1795741.250000
3810    -1795744.625000
3811    -1795747.250000
3812    -1795750.000000
3813    -1795753.000000
3814    -1795755.750000
3815    -1795758.250000
3816    -1795760.875000
3817    -1795763.625000
3818    -1795766.625000
3819    -1795769.375000
3820    -1795771.750000
3821    -1795775.000000
3822    -1795777.750000
3823    -1795780.500000
3824    -1795783.000000
3825    -1795786.000000
3826    -1795788.250000
3827    -1795791.125000
3828    -1795793.750000
3829    -1795796.250000
3830    -1795799.250000
3831    -1795801.500000
3832    -1795804.750000
3833    -1795806.875000
3834    -1795809.750000
3835    -1795812.500000
3836    -1795815.000000
3837    -1795817.750000
3838    -1795820.250000
3839    -1795822.750000
3840    -1795825.500000
3841    -1795828.000000
3842    -1795830.625000
3843    -1795833.000000
3844    -1795835.625000
3845    -1795838.000000
3846    -1795840.875000
3847    -1795843.000000
3848    -1795845.750000
3849    -1795848.125000
3850    -1795850.875000
3851    -1795853.125000
3852    -1795855.750000
3853    -1795858.500000
3854    -1795861.125000
3855    -1795863.500000
3856    -1795865.750000
3857    -1795868.250000
3858    -1795870.875000
3859    -1795873.250000
3860    -1795875.750000
3861    -1795878.500000
3862    -1795881.000000
3863    -1795883.375000
3864    -1795886.000000
3865    -1795888.500000
3866    -1795891.250000
3867    -1795893.500000
3868    -1795896.250000
3869    -1795898.250000
3870    -1795901.000000
3871    -1795903.500000
3872    -1795906.000000
3873    -1795908.625000
3874    -1795911.000000
3875    -1795913.375000
3876    -1795915.500000
3877    -1795918.625000
3878    -1795921.000000
3879    -1795923.500000
3880    -1795926.000000
3881    -1795928.000000
3882    -1795930.750000
3883    -1795933.500000
3884    -1795935.875000
3885    -1795938.125000
3886    -1795940.375000
3887    -1795943.250000
3888    -1795945.750000
3889    -1795948.250000
3890    -1795950.750000
3891    -1795952.875000
3892    -1795955.250000
3893    -1795958.000000
3894    -1795960.250000
3895    -1795963.000000
3896    -1795965.250000
3897    -1795967.750000
3898    -1795970.500000
3899    -1795972.750000
3900    -1795975.375000
3901    -1795977.750000
3902    -1795980.000000
3903    -1795982.500000
3904    -1795985.000000
3905    -1795987.750000
3906    -1795990.500000
3907    -1795992.625000
3908    -1795994.875000
3909    -1795997.500000
3910    -1795999.750000
3911    -1796002.500000
3912    -1796004.875000
3913    -1796007.375000
3914    -1796009.750000
3915    -1796012.125000
3916    -1796014.500000
3917    -1796017.250000
3918    -1796019.750000
3919    -1796022.375000
3920    -1796024.750000
3921    -1796027.000000
3922    -1796029.500000
3923    -1796031.875000
3924    -1796034.250000
3925    -1796036.750000
3926    -1796039.250000
3927    -1796042.000000
3928    -1796044.500000
3929    -1796046.750000
3930    -1796049.375000
3931    -1796051.750000
3932    -1796054.125000
3933    -1796056.875000
3934    -1796059.250000
3935    -1796061.750000
3936    -1796064.250000
3937    -1796066.625000
3938    -1796068.750000
3939    -1796071.625000
3940    -1796074.125000
3941    -1796076.375000
3942    -1796079.250000
3943    -1796081.500000
3944    -1796083.875000
3945    -1796086.125000
3946    -1796089.000000
3947    -1796091.125000
3948    -1796093.625000
3949    -1796096.000000
3950    -1796098.250000
3951    -1796100.875000
3952    -1796103.375000
3953    -1796105.875000
3954    -1796108.375000
3955    -1796110.500000
3956    -1796113.250000
3957    -1796115.500000
3958    -1796118.250000
3959    -1796120.250000
3960    -1796122.500000
3961    -1796125.125000
3962    -1796127.500000
3963    -1796129.750000
3964    -1796132.250000
3965    -1796134.875000
3966    -1796137.125000
3967    -1796139.625000
3968    -1796142.250000
3969    -1796144.375000
3970    -1796147.000000
3971    -1796149.250000
3972    -1796151.250000
3973    -1796153.750000
3974    -1796156.250000
3975    -1796158.875000
3976    -1796160.875000
3977    -1796163.500000
3978    -1796165.750000
3979    -1796168.000000
3980    -1796170.500000
3981    -1796173.000000
3982    -1796175.500000
3983    -1796177.500000
3984    -1796179.500000
3985    -1796182.375000
3986    -1796184.625000
3987    -1796187.000000
3988    -1796189.625000
3989    -1796192.000000
3990    -1796194.000000
3991    -1796196.500000
3992    -1796199.000000
3993    -1796201.250000
3994    -1796203.625000
3995    -1796206.125000
3996    -1796208.500000
3997    -1796210.875000
3998    -1796213.250000
3999    -1796215.750000
4000    -1796217.750000
4001    -1796220.250000
4002    -1796222.500000
4003    -1796225.000000
4004    -1796227.250000
4005    -1796229.500000
4006    -1796232.125000
4007    -1796234.250000
4008    -1796236.750000
4009    -1796238.875000
4010    -1796241.500000
4011    -1796243.750000
4012    -1796246.250000
4013    -1796248.750000
4014    -1796250.875000
4015    -1796253.125000
4016    -1796255.500000
4017    -1796258.000000
4018    -1796260.375000
4019    -1796262.250000
4020    -1796265.000000
4021    -1796267.250000
4022    -1796269.500000
4023    -1796271.750000
4024    -1796274.125000
4025    -1796276.500000
4026    -1796279.000000
4027    -1796281.250000
4028    -1796283.625000
4029    -1796286.000000
4030    -1796288.250000
4031    -1796290.500000
4032    -1796293.000000
4033    -1796295.375000
4034    -1796297.500000
4035    -1796300.125000
4036    -1796302.500000
4037    -1796304.750000
4038    -1796307.000000
4039    -1796309.500000
4040    -1796311.750000
4041    -1796314.125000
4042    -1796316.500000
4043    -1796318.875000
4044    -1796321.250000
4045    -1796323.500000
4046    -1796326.000000
4047    -1796328.750000
4048    -1796331.000000
4049    -1796333.125000
4050    -1796335.750000
4051    -1796338.000000
4052    -1796340.500000
4053    -1796342.750000
4054    -1796345.250000
4055    -1796347.750000
4056    -1796350.000000
4057    -1796352.750000
4058    -1796354.875000
4059    -1796357.500000
4060    -1796360.000000
4061    -1796362.250000
4062    -1796364.875000
4063    -1796367.250000
4064    -1796369.750000
4065    -1796372.000000
4066    -1796374.500000
4067    -1796377.000000
4068    -1796379.625000
4069    -1796382.125000
4070    -1796384.375000
4071    -1796386.875000
4072    -1796389.250000
4073    -1796392.000000
4074    -1796394.250000
4075    -1796396.375000
4076    -1796398.875000
4077    -1796401.500000
4078    -1796404.000000
4079    -1796406.625000
4080    -1796409.000000
4081    -1796411.500000
4082    -1796413.875000
4083    -1796416.250000
4084    -1796418.875000
4085    -1796421.375000
4086    -1796423.750000
4087    -1796426.500000
4088    -1796428.750000
4089    -1796431.375000
4090    -1796433.750000
4091    -1796436.125000
4092    -1796438.875000
4093    -1796441.500000
4094    -1796443.750000
4095    -1796446.500000
4096    -1796448.750000
4097    -1796451.125000
4098    -1796453.875000
4099    -1796456.000000
4100    -1796458.500000
4101    -1796461.125000
4102    -1796463.500000
4103    -1796466.250000
4104    -1796468.500000
4105    -1796471.250000
4106    -1796473.625000
4107    -1796476.250000
4108    -1796478.875000
4109    -1796481.500000
4110    -1796483.750000
4111    -1796486.250000
4112    -1796488.750000
4113    -1796491.375000
4114    -1796494.125000
4115    -1796496.500000
4116    -1796499.000000
4117    -1796501.500000
4118    -1796504.000000
4119    -1796506.500000
4120    -1796509.250000
4121    -1796511.500000
4122    -1796514.250000
4123    -1796516.750000
4124    -1796519.500000
4125    -1796521.750000
4126    -1796524.375000
4127    -1796526.750000
4128    -1796529.125000
4129    -1796531.750000
4130    -1796534.250000
4131    -1796536.750000
4132    -1796539.375000
4133    -1796541.625000
4134    -1796544.375000
4135    -1796546.750000
4136    -1796549.250000
4137    -1796551.875000
4138    -1796554.500000
4139    -1796557.000000
4140    -1796559.500000
4141    -1796561.875000
4142    -1796564.500000
4143    -1796567.000000
4144    -1796569.750000
4145    -1796572.000000
4146    -1796574.500000
4147    -1796576.875000
4148    -1796579.250000
4149    -1796582.000000
4150    -1796584.250000
4151    -1796587.000000
4152    -1796589.500000
4153    -1796591.750000
4154    -1796594.500000
4155    -1796597.125000
4156    -1796599.250000
4157    -1796602.000000
4158    -1796604.375000
4159    -1796606.500000
4160    -1796609.500000
4161    -1796611.500000
4162    -1796614.000000
4163    -1796616.750000
4164    -1796619.250000
4165    -1796621.625000
4166    -1796624.000000
4167    -1796626.250000
4168    -1796629.000000
4169    -1796631.375000
4170    -1796634.000000
4171    -1796636.500000
4172    -1796639.000000
4173    -1796641.125000
4174    -1796643.750000
4175    -1796646.125000
4176    -1796648.750000
4177    -1796650.875000
4178    -1796653.500000
4179    -1796656.000000
4180    -1796658.250000
4181    -1796660.625000
4182    -1796663.250000
4183    -1796665.500000
4184    -1796667.750000
4185    -1796670.000000
4186    -1796672.750000
4187    -1796675.000000
4188    -1796677.500000
4189    -1796680.000000
4190    -1796682.125000
4191    -1796684.750000
4192    -1796686.625000
4193    -1796689.250000
4194    -1796691.500000
4195    -1796693.875000
4196    -1796696.000000
4197    -1796698.750000
4198    -1796701.000000
4199    -1796703.125000
4200    -1796705.500000
4201    -1796707.750000
4202    -1796710.000000
4203    -1796712.625000
4204    -1796715.000000
4205    -1796717.250000
4206    -1796719.500000
4207    -1796721.625000
4208    -1796724.000000
4209    -1796726.125000
4210    -1796728.375000
4211    -1796730.500000
4212    -1796733.000000
4213    -1796735.000000
4214    -1796737.500000
4215    -1796739.500000
4216    -1796741.750000
4217    -1796744.125000
4218    -1796746.500000
4219    -1796748.750000
4220    -1796751.000000
4221    -1796753.250000
4222    -1796755.125000
4223    -1796757.500000
4224    -1796759.250000
4225    -1796761.625000
4226    -1796763.750000
4227    -1796766.250000
4228    -1796768.625000
4229    -1796770.750000
4230    -1796772.875000
4231    -1796775.000000
4232    -1796777.000000
4233    -1796779.125000
4234    -1796781.125000
4235    -1796783.500000
4236    -1796785.750000
4237    -1796787.875000
4238    -1796789.750000
4239    -1796792.000000
4240    -1796794.250000
4241    -1796796.250000
4242    -1796798.250000
4243    -1796800.625000
4244    -1796802.500000
4245    -1796804.625000
4246    -1796806.500000
4247    -1796808.750000
4248    -1796810.750000
4249    -1796812.625000
4250    -1796814.500000
4251    -1796817.000000
4252    -1796819.250000
4253    -1796821.000000
4254    -1796823.250000
4255    -1796825.250000
4256    -1796827.500000
4257    -1796829.250000
4258    -1796831.500000
4259    -1796833.625000
4260    -1796835.750000
4261    -1796837.250000
4262    -1796839.500000
4263    -1796841.500000
4264    -1796843.625000
4265    -1796845.625000
4266    -1796847.625000
4267    -1796849.625000
4268    -1796851.750000
4269    -1796853.500000
4270    -1796855.500000
4271    -1796857.500000
4272    -1796859.500000
4273    -1796861.375000
4274    -1796863.250000
4275    -1796865.500000
4276    -1796867.250000
4277    -1796869.375000
4278    -1796871.250000
4279    -1796873.500000
4280    -1796875.250000
4281    -1796877.250000
4282    -1796879.125000
4283    -1796880.750000
4284    -1796882.750000
4285    -1796884.625000
4286    -1796886.500000
4287    -1796888.500000
4288    -1796890.375000
4289    -1796892.625000
4290    -1796894.500000
4291    -1796896.250000
4292    -1796898.250000
4293    -1796900.250000
4294    -1796901.875000
4295    -1796903.750000
4296    -1796905.750000
4297    -1796907.625000
4298    -1796909.500000
4299    -1796911.500000
4300    -1796913.125000
4301    -1796915.125000
4302    -1796916.750000
4303    -1796918.750000
4304    -1796920.500000
4305    -1796922.500000
4306    -1796924.125000
4307    -1796926.125000
4308    -1796927.875000
4309    -1796930.000000
4310    -1796931.500000
4311    -1796933.250000
4312    -1796935.250000
4313    -1796937.500000
4314    -1796938.875000
4315    -1796940.750000
4316    -1796942.750000
4317    -1796944.500000
4318    -1796946.375000
4319    -1796948.125000
4320    -1796950.000000
4321    -1796951.750000
4322    -1796953.500000
4323    -1796955.375000
4324    -1796957.000000
4325    -1796958.750000
4326    -1796960.250000
4327    -1796962.250000
4328    -1796964.000000
4329    -1796965.750000
4330    -1796967.500000
4331    -1796969.375000
4332    -1796971.250000
4333    -1796972.500000
4334    -1796974.375000
4335    -1796976.125000
4336    -1796977.875000
4337    -1796979.500000
4338    -1796981.500000
4339    -1796983.250000
4340    -1796985.000000
4341    -1796986.750000
4342    -1796988.500000
4343    -1796990.125000
4344    -1796992.000000
4345    -1796993.750000
4346    -1796995.250000
4347    -1796997.000000
4348    -1796998.625000
4349    -1797000.500000
4350    -1797002.250000
4351    -1797004.125000
4352    -1797005.875000
4353    -1797007.625000
4354    -1797009.250000
4355    -1797011.000000
4356    -1797012.500000
4357    -1797014.500000
4358    -1797016.000000
4359    -1797017.750000
4360    -1797019.500000
4361    -1797021.125000
4362    -1797023.000000
4363    -1797024.750000
4364    -1797026.250000
4365    -1797028.250000
4366    -1797029.750000
4367    -1797031.375000
4368    -1797033.250000
4369    -1797035.000000
4370    -1797036.750000
4371    -1797038.250000
4372    -1797040.000000
4373    -1797041.750000
4374    -1797043.875000
4375    -1797045.375000
4376    -1797047.375000
4377    -1797048.750000
4378    -1797050.625000
4379    -1797052.250000
4380    -1797054.125000
4381    -1797055.750000
4382    -1797057.375000
4383    -1797059.250000
4384    -1797060.750000
4385    -1797062.500000
4386    -1797064.625000
4387    -1797065.875000
4388    -1797067.750000
4389    -1797069.125000
4390    -1797071.000000
4391    -1797072.750000
4392    -1797074.375000
4393    -1797076.250000
4394    -1797077.750000
4395    -1797079.500000
4396    -1797081.250000
4397    -1797083.000000
4398    -1797084.750000
4399    -1797086.500000
4400    -1797088.125000
4401    -1797089.875000
4402    -1797091.750000
4403    -1797093.500000
4404    -1797095.000000
4405    -1797096.500000
4406    -1797098.375000
4407    -1797100.000000
4408    -1797101.750000
4409    -1797103.750000
4410    -1797105.375000
4411    -1797107.000000
4412    -1797108.500000
4413    -1797110.250000
4414    -1797112.000000
4415    -1797113.500000
4416    -1797115.500000
4417    -1797117.250000
4418    -1797118.875000
4419    -1797120.500000
4420    -1797122.375000
4421    -1797124.000000
4422    -1797126.000000
4423    -1797127.750000
4424    -1797129.250000
4425    -1797131.250000
4426    -1797132.875000
4427    -1797134.750000
4428    -1797136.500000
4429    -1797138.000000
4430    -1797139.875000
4431    -1797141.750000
4432    -1797143.375000
4433    -1797145.125000
4434    -1797146.875000
4435    -1797148.500000
4436    -1797150.375000
4437    -1797152.500000
4438    -1797154.125000
4439    -1797155.500000
4440    -1797157.500000
4441    -1797159.000000
4442    -1797161.000000
4443    -1797162.750000
4444    -1797164.750000
4445    -1797166.250000
4446    -1797168.000000
4447    -1797169.750000
4448    -1797171.500000
4449    -1797173.500000
4450    -1797175.250000
4451    -1797177.250000
4452    -1797178.750000
4453    -1797180.750000
4454    -1797182.500000
4455    -1797184.000000
4456    -1797186.000000
4457    -1797187.750000
4458    -1797189.750000
4459    -1797191.625000
4460    -1797193.250000
4461    -1797194.750000
4462    -1797196.750000
4463    -1797198.500000
4464    -1797200.250000
4465    -1797202.500000
4466    -1797203.875000
4467    -1797206.000000
4468    -1797207.875000
4469    -1797209.375000
4470    -1797211.250000
4471    -1797213.000000
4472    -1797214.750000
4473    -1797216.750000
4474    -1797218.750000
4475    -1797220.500000
4476    -1797222.250000
4477    -1797224.000000
4478    -1797226.000000
4479    -1797227.750000
4480    -1797229.500000
4481    -1797231.250000
4482    -1797233.250000
4483    -1797235.250000
4484    -1797236.750000
4485    -1797238.750000
4486    -1797240.625000
4487    -1797242.500000
4488    -1797244.125000
4489    -1797246.000000
4490    -1797247.500000
4491    -1797249.375000
4492    -1797251.375000
4493    -1797253.125000
4494    -1797255.000000
4495    -1797256.500000
4496    -1797258.500000
4497    -1797260.125000
4498    -1797262.250000
4499    -1797264.000000
4500    -1797265.625000
4501    -1797267.500000
4502    -1797269.500000
4503    -1797270.875000
4504    -1797273.000000
4505    -1797274.750000
4506    -1797276.750000
4507    -1797278.500000
4508    -1797280.250000
4509    -1797282.000000
4510    -1797283.750000
4511    -1797285.875000
4512    -1797287.500000
4513    -1797289.125000
4514    -1797291.125000
4515    -1797293.000000
4516    -1797294.750000
4517    -1797296.625000
4518    -1797298.500000
4519    -1797300.375000
4520    -1797302.125000
4521    -1797303.625000
4522    -1797305.625000
4523    -1797307.625000
4524    -1797309.500000
4525    -1797311.375000
4526    -1797313.000000
4527    -1797314.750000
4528    -1797316.500000
4529    -1797318.500000
4530    -1797320.500000
4531    -1797322.125000
4532    -1797323.750000
4533    -1797325.750000
4534    -1797327.625000
4535    -1797329.500000
4536    -1797331.250000
4537    -1797333.125000
4538    -1797334.875000
4539    -1797336.750000
4540    -1797338.500000
4541    -1797340.500000
4542    -1797342.125000
4543    -1797344.000000
4544    -1797345.750000
4545    -1797347.500000
4546    -1797349.500000
4547    -1797351.250000
4548    -1797353.250000
4549    -1797355.000000
4550    -1797356.500000
4551    -1797358.500000
4552    -1797360.500000
4553    -1797362.500000
4554    -1797364.125000
4555    -1797366.125000
4556    -1797367.625000
4557    -1797369.750000
4558    -1797371.500000
4559    -1797373.125000
4560    -1797375.125000
4561    -1797377.000000
4562    -1797379.000000
4563    -1797380.750000
4564    -1797382.625000
4565    -1797384.250000
4566    -1797386.250000
4567    -1797387.750000
4568    -1797389.875000
4569    -1797391.875000
4570    -1797393.500000
4571    -1797395.250000
4572    -1797397.250000
4573    -1797399.125000
4574    -1797401.125000
4575    -1797402.875000
4576    -1797404.375000
4577    -1797406.250000
4578    -1797408.500000
4579    -1797410.250000
4580    -1797411.625000
4581    -1797413.750000
4582    -1797415.625000
4583    -1797417.375000
4584    -1797419.500000
4585    -1797421.375000
4586    -1797423.000000
4587    -1797425.000000
4588    -1797426.750000
4589    -1797428.875000
4590    -1797430.750000
4591    -1797432.250000
4592    -1797434.250000
4593    -1797435.875000
4594    -1797438.250000
4595    -1797439.750000
4596    -1797441.625000
4597    -1797443.375000
4598    -1797445.000000
4599    -1797447.250000
4600    -1797448.875000
4601    -1797450.750000
4602    -1797452.625000
4603    -1797454.500000
4604    -1797456.375000
4605    -1797458.000000
4606    -1797459.875000
4607    -1797462.000000
4608    -1797463.625000
4609    -1797465.500000
4610    -1797467.250000
4611    -1797469.250000
4612    -1797471.000000
4613    -1797473.000000
4614    -1797475.000000
4615    -1797476.625000
4616    -1797478.625000
4617    -1797480.375000
4618    -1797482.375000
4619    -1797484.250000
4620    -1797486.000000
4621    -1797488.000000
4622    -1797489.750000
4623    -1797491.500000
4624    -1797493.000000
4625    -1797495.375000
4626    -1797497.375000
4627    -1797499.250000
4628    -1797501.125000
4629    -1797502.875000
4630    -1797504.875000
4631    -1797506.750000
4632    -1797508.375000
4633    -1797510.250000
4634    -1797512.250000
4635    -1797514.000000
4636    -1797515.750000
4637    -1797518.000000
4638    -1797519.625000
4639    -1797521.250000
4640    -1797523.250000
4641    -1797525.250000
4642    -1797527.125000
4643    -1797529.000000
4644    -1797530.875000
4645    -1797532.750000
4646    -1797534.625000
4647    -1797536.375000
4648    -1797538.250000
4649    -1797540.250000
4650    -1797541.875000
4651    -1797543.750000
4652    -1797545.625000
4653    -1797548.000000
4654    -1797549.500000
4655    -1797551.500000
4656    -1797553.250000
4657    -1797555.125000
4658    -1797557.000000
4659    -1797559.000000
4660    -1797560.875000
4661    -1797562.875000
4662    -1797564.750000
4663    -1797566.500000
4664    -1797568.500000
4665    -1797570.125000
4666    -1797572.250000
4667    -1797573.875000
4668    -1797576.000000
4669    -1797577.750000
4670    -1797579.750000
4671    -1797581.500000
4672    -1797583.500000
4673    -1797585.500000
4674    -1797587.125000
4675    -1797589.500000
4676    -1797591.250000
4677    -1797592.875000
4678    -1797595.000000
4679    -1797597.250000
4680    -1797598.750000
4681    -1797600.750000
4682    -1797602.750000
4683    -1797604.500000
4684    -1797606.500000
4685    -1797608.375000
4686    -1797610.250000
4687    -1797612.125000
4688    -1797614.000000
4689    -1797616.000000
4690    -1797617.875000
4691    -1797619.875000
4692    -1797621.500000
4693    -1797623.750000
4694    -1797625.500000
4695    -1797627.500000
4696    -1797629.500000
4697    -1797631.000000
4698    -1797633.125000
4699    -1797635.000000
4700    -1797636.750000
4701    -1797638.750000
4702    -1797640.500000
4703    -1797642.500000
4704    -1797644.250000
4705    -1797646.375000
4706    -1797648.250000
4707    -1797650.000000
4708    -1797652.000000
4709    -1797654.250000
4710    -1797655.875000
4711    -1797657.750000
4712    -1797659.375000
4713    -1797661.500000
4714    -1797663.250000
4715    -1797665.125000
4716    -1797667.250000
4717    -1797669.000000
4718    -1797670.750000
4719    -1797672.500000
4720    -1797674.625000
4721    -1797676.500000
4722    -1797678.250000
4723    -1797680.250000
4724    -1797682.125000
4725    -1797684.000000
4726    -1797685.750000
4727    -1797687.875000
4728    -1797689.750000
4729    -1797691.500000
4730    -1797693.375000
4731    -1797695.250000
4732    -1797697.000000
4733    -1797698.750000
4734    -1797700.750000
4735    -1797702.750000
4736    -1797704.375000
4737    -1797706.250000
4738    -1797708.250000
4739    -1797710.125000
4740    -1797711.875000
4741    -1797713.750000
4742    -1797715.625000
4743    -1797717.625000
4744    -1797719.500000
4745    -1797721.375000
4746    -1797723.250000
4747    -1797725.250000
4748    -1797727.250000
4749    -1797728.750000
4750    -1797730.625000
4751    -1797732.500000
4752    -1797734.500000
4753    -1797736.250000
4754    -1797738.000000
4755    -1797739.875000
4756    -1797741.750000
4757    -1797743.750000
4758    -1797745.500000
4759    -1797747.500000
4760    -1797749.250000
4761    -1797751.000000
4762    -1797752.750000
4763    -1797754.750000
4764    -1797756.750000
4765    -1797758.500000
4766    -1797760.375000
4767    -1797761.875000
4768    -1797763.875000
4769    -1797765.750000
4770    -1797767.625000
4771    -1797769.500000
4772    -1797771.250000
4773    -1797773.000000
4774    -1797774.750000
4775    -1797776.750000
4776    -1797778.500000
4777    -1797780.250000
4778    -1797782.000000
4779    -1797783.750000
4780    -1797785.750000
4781    -1797787.750000
4782    -1797789.500000
4783    -1797791.500000
4784    -1797792.875000
4785    -1797795.000000
4786    -1797796.500000
4787    -1797798.500000
4788    -1797800.250000
4789    -1797802.000000
4790    -1797804.125000
4791    -1797805.750000
4792    -1797807.750000
4793    -1797809.250000
4794    -1797811.250000
4795    -1797812.750000
4796    -1797814.250000
4797    -1797816.250000
4798    -1797818.000000
4799    -1797819.750000
4800    -1797821.750000
4801    -1797823.500000
4802    -1797825.500000
4803    -1797827.000000
4804    -1797828.875000
4805    -1797830.750000
4806    -1797832.500000
4807    -1797834.125000
4808    -1797835.875000
4809    -1797837.500000
4810    -1797839.250000
4811    -1797841.375000
4812    -1797843.000000
4813    -1797844.750000
4814    -1797846.500000
4815    -1797848.125000
4816    -1797850.000000
4817    -1797851.875000
4818    -1797853.750000
4819    -1797855.250000
4820    -1797857.250000
4821    -1797858.375000
4822    -1797860.500000
4823    -1797862.250000
4824    -1797864.000000
4825    -1797865.875000
4826    -1797867.500000
4827    -1797869.250000
4828    -1797871.000000
4829    -1797872.750000
4830    -1797874.250000
4831    -1797875.875000
4832    -1797877.500000
4833    -1797879.500000
4834    -1797881.250000
4835    -1797882.875000
4836    -1797884.625000
4837    -1797886.500000
4838    -1797888.250000
4839    -1797890.000000
4840    -1797891.500000
4841    -1797893.250000
4842    -1797895.000000
4843    -1797896.625000
4844    -1797898.125000
4845    -1797900.000000
4846    -1797901.750000
4847    -1797903.375000
4848    -1797905.000000
4849    -1797906.750000
4850    -1797908.500000
4851    -1797910.000000
4852    -1797911.750000
4853    -1797913.500000
4854    -1797915.500000
4855    -1797916.750000
4856    -1797918.375000
4857    -1797920.250000
4858    -1797921.750000
4859    -1797923.750000
4860    -1797925.250000
4861    -1797926.750000
4862    -1797928.375000
4863    -1797930.125000
4864    -1797932.000000
4865    -1797933.625000
4866    -1797935.000000
4867    -1797936.750000
4868    -1797938.250000
4869    -1797940.250000
4870    -1797941.750000
4871    -1797943.375000
4872    -1797945.125000
4873    -1797946.750000
4874    -1797948.250000
4875    -1797950.000000
4876    -1797951.750000
4877    -1797953.125000
4878    -1797954.750000
4879    -1797956.500000
4880    -1797958.000000
4881    -1797959.750000
4882    -1797961.500000
4883    -1797963.000000
4884    -1797964.500000
4885    -1797966.250000
4886    -1797968.000000
4887    -1797969.500000
4888    -1797971.250000
4889    -1797972.750000
4890    -1797974.500000
4891    -1797976.000000
4892    -1797977.500000
4893    -1797979.000000
4894    -1797981.000000
4895    -1797982.500000
4896    -1797984.125000
4897    -1797985.375000
4898    -1797987.375000
4899    -1797989.000000
4900    -1797990.500000
4901    -1797992.000000
4902    -1797993.875000
4903    -1797995.250000
4904    -1797997.000000
4905    -1797998.375000
4906    -1798000.000000
4907    -1798001.750000
4908    -1798003.250000
4909    -1798004.750000
4910    -1798006.500000
4911    -1798008.000000
4912    -1798009.375000
4913    -1798011.000000
4914    -1798013.000000
4915    -1798014.625000
4916    -1798016.000000
4917    -1798017.750000
4918    -1798019.000000
4919    -1798020.500000
4920    -1798022.125000
4921    -1798023.875000
4922    -1798025.500000
4923    -1798027.000000
4924    -1798028.750000
4925    -1798030.625000
4926    -1798032.250000
4927    -1798033.750000
4928    -1798035.500000
4929    -1798037.000000
4930    -1798038.375000
4931    -1798040.250000
4932    -1798041.750000
4933    -1798043.375000
4934    -1798045.000000
4935    -1798046.750000
4936    -1798048.375000
4937    -1798050.000000
4938    -1798051.500000
4939    -1798053.000000
4940    -1798054.500000
4941    -1798056.625000
4942    -1798058.000000
4943    -1798059.750000
4944    -1798061.500000
4945    -1798063.250000
4946    -1798064.875000
4947    -1798066.250000
4948    -1798068.000000
4949    -1798069.500000
4950    -1798071.250000
4951    -1798073.000000
4952    -1798074.625000
4953    -1798076.250000
4954    -1798077.875000
4955    -1798079.500000
4956    -1798081.250000
4957    -1798083.000000
4958    -1798084.500000
4959    -1798086.500000
4960    -1798088.000000
4961    -1798089.625000
4962    -1798091.375000
4963    -1798093.000000
4964    -1798094.750000
4965    -1798096.375000
4966    -1798097.875000
4967    -1798099.625000
4968    -1798101.500000
4969    -1798103.125000
4970    -1798104.750000
4971    -1798106.500000
4972    -1798108.000000
4973    -1798110.000000
4974    -1798111.750000
4975    -1798113.250000
4976    -1798114.750000
4977    -1798116.500000
4978    -1798118.250000
4979    -1798120.000000
4980    -1798121.750000
4981    -1798123.375000
4982    -1798125.000000
4983    -1798126.625000
4984    -1798128.500000
4985    -1798129.750000
4986    -1798131.750000
4987    -1798133.500000
4988    -1798135.000000
4989    -1798137.000000
4990    -1798138.375000
4991    -1798140.250000
4992    -1798141.750000
4993    -1798143.750000
4994    -1798145.500000
4995    -1798147.125000
4996    -1798148.750000
4997    -1798150.500000
4998    -1798152.250000
4999    -1798153.625000
5000    -1798155.625000
5001    -1798157.250000
5002    -1798159.250000
5003    -1798160.750000
5004    -1798162.500000
5005    -1798164.125000
5006    -1798166.000000
5007    -1798167.750000
5008    -1798169.375000
5009    -1798171.125000
5010    -1798172.750000
5011    -1798174.500000
5012    -1798176.250000
5013    -1798178.000000
5014    -1798179.750000
5015    -1798181.250000
5016    -1798183.375000
5017    -1798185.000000
5018    -1798186.625000
5019    -1798188.250000
5020    -1798190.000000
5021    -1798192.000000
5022    -1798194.000000
5023    -1798195.375000
5024    -1798197.000000
5025    -1798198.750000
5026    -1798200.500000
5027    -1798202.000000
5028    -1798204.000000
5029    -1798205.500000
5030    -1798207.500000
5031    -1798209.000000
5032    -1798211.000000
5033    -1798212.500000
5034    -1798214.500000
5035    -1798216.250000
5036    -1798217.875000
5037    -1798219.500000
5038    -1798221.625000
5039    -1798223.000000
5040    -1798224.750000
5041    -1798226.750000
5042    -1798228.500000
5043    -1798230.250000
5044    -1798232.000000
5045    -1798233.750000
5046    -1798235.500000
5047    -1798237.250000
5048    -1798239.000000
5049    -1798240.500000
5050    -1798242.375000
5051    -1798244.250000
5052    -1798245.875000
5053    -1798247.750000
5054    -1798249.250000
5055    -1798251.125000
5056    -1798253.000000
5057    -1798254.750000
5058    -1798256.500000
5059    -1798258.375000
5060    -1798260.000000
5061    -1798261.750000
5062    -1798263.500000
5063    -1798265.375000
5064    -1798267.000000
5065    -1798269.000000
5066    -1798270.625000
5067    -1798272.375000
5068    -1798274.125000
5069    -1798275.875000
5070    -1798277.750000
5071    -1798279.375000
5072    -1798281.000000
5073    -1798282.875000
5074    -1798284.750000
5075    -1798286.375000
5076    -1798288.250000
5077    -1798290.000000
5078    -1798291.750000
5079    -1798293.375000
5080    -1798295.500000
5081    -1798297.000000
5082    -1798298.750000
5083    -1798300.500000
5084    -1798302.250000
5085    -1798304.125000
5086    -1798305.875000
5087    -1798307.875000
5088    -1798309.500000
5089    -1798311.500000
5090    -1798313.250000
5091    -1798315.000000
5092    -1798317.000000
5093    -1798318.750000
5094    -1798320.500000
5095    -1798322.375000
5096    -1798324.000000
5097    -1798326.000000
5098    -1798327.750000
5099    -1798329.500000
5100    -1798331.625000
5101    -1798333.250000
5102    -1798334.750000
5103    -1798337.000000
5104    -1798338.750000
5105    -1798340.500000
5106    -1798342.500000
5107    -1798344.125000
5108    -1798346.125000
5109    -1798347.875000
5110    -1798350.000000
5111    -1798351.750000
5112    -1798353.750000
5113    -1798355.250000
5114    -1798357.250000
5115    -1798359.000000
5116    -1798361.000000
5117    -1798362.875000
5118    -1798364.625000
5119    -1798366.500000
5120    -1798368.500000
5121    -1798370.125000
5122    -1798372.000000
5123    -1798374.000000
5124    -1798376.000000
5125    -1798377.750000
5126    -1798379.750000
5127    -1798381.750000
5128    -1798383.750000
5129    -1798385.250000
5130    -1798387.250000
5131    -1798389.000000
5132    -1798390.625000
5133    -1798392.750000
5134    -1798394.750000
5135    -1798396.500000
5136    -1798398.375000
5137    -1798400.125000
5138    -1798402.000000
5139    -1798403.875000
5140    -1798406.000000
5141    -1798407.500000
5142    -1798409.500000
5143    -1798411.500000
5144    -1798413.500000
5145    -1798415.250000
5146    -1798417.250000
5147    -1798419.000000
5148    -1798421.000000
5149    -1798422.750000
5150    -1798424.750000
5151    -1798426.625000
5152    -1798428.500000
5153    -1798430.500000
5154    -1798432.250000
5155    -1798434.250000
5156    -1798436.250000
5157    -1798438.250000
5158    -1798440.000000
5159    -1798442.000000
5160    -1798443.750000
5161    -1798445.875000
5162    -1798447.750000
5163    -1798449.750000
5164    -1798451.500000
5165    -1798453.250000
5166    -1798455.250000
5167    -1798457.375000
5168    -1798459.375000
5169    -1798461.000000
5170    -1798463.125000
5171    -1798464.875000
5172    -1798466.750000
5173    -1798468.875000
5174    -1798470.750000
5175    -1798472.750000
5176    -1798474.625000
5177    -1798476.500000
5178    -1798478.500000
5179    -1798480.250000
5180    -1798482.000000
5181    -1798484.250000
5182    -1798486.000000
5183    -1798488.000000
5184    -1798489.750000
5185    -1798491.500000
5186    -1798493.750000
5187    -1798495.750000
5188    -1798497.500000
5189    -1798499.250000
5190    -1798501.250000
5191    -1798503.125000
5192    -1798505.125000
5193    -1798506.875000
5194    -1798508.500000
5195    -1798510.500000
5196    -1798512.500000
5197    -1798514.500000
5198    -1798516.125000
5199    -1798518.125000
5200    -1798520.000000
5201    -1798521.875000
5202    -1798523.625000
5203    -1798525.250000
5204    -1798527.250000
5205    -1798529.250000
5206    -1798531.000000
5207    -1798532.875000
5208    -1798534.625000
5209    -1798536.250000
5210    -1798538.375000
5211    -1798540.375000
5212    -1798542.125000
5213    -1798543.750000
5214    -1798545.750000
5215    -1798547.625000
5216    -1798549.250000
5217    -1798551.125000
5218    -1798553.250000
5219    -1798554.625000
5220    -1798556.625000
5221    -1798558.375000
5222    -1798560.250000
5223    -1798562.125000
5224    -1798563.750000
5225    -1798565.500000
5226    -1798567.250000
5227    -1798569.375000
5228    -1798571.000000
5229    -1798572.875000
5230    -1798574.500000
5231    -1798576.250000
5232    -1798578.125000
5233    -1798580.000000
5234    -1798581.625000
5235    -1798583.250000
5236    -1798585.250000
5237    -1798586.875000
5238    -1798588.625000
5239    -1798590.500000
5240    -1798592.000000
5241    -1798593.875000
5242    -1798595.375000
5243    -1798597.000000
5244    -1798599.000000
5245    -1798600.750000
5246    -1798602.500000
5247    -1798604.375000
5248    -1798606.125000
5249    -1798607.750000
5250    -1798609.500000
5251    -1798611.250000
5252    -1798613.000000
5253    -1798614.375000
5254    -1798616.000000
5255    -1798618.000000
5256    -1798619.750000
5257    -1798621.000000
5258    -1798623.000000
5259    -1798624.500000
5260    -1798626.250000
5261    -1798628.000000
5262    -1798629.625000
5263    -1798631.250000
5264    -1798633.000000
5265    -1798634.625000
5266    -1798636.250000
5267    -1798638.250000
5268    -1798639.750000
5269    -1798641.250000
5270    -1798642.875000
5271    -1798644.250000
5272    -1798646.000000
5273    -1798647.875000
5274    -1798649.375000
5275    -1798651.000000
5276    -1798652.750000
5277    -1798654.500000
5278    -1798656.000000
5279    -1798657.500000
5280    -1798659.250000
5281    -1798660.625000
5282    -1798662.375000
5283    -1798663.750000
5284    -1798665.750000
5285    -1798667.250000
5286    -1798668.750000
5287    -1798670.500000
5288    -1798672.000000
5289    -1798673.625000
5290    -1798675.125000
5291    -1798676.750000
5292    -1798678.125000
5293    -1798679.875000
5294    -1798681.500000
5295    -1798683.000000
5296    -1798684.500000
5297    -1798686.125000
5298    -1798687.500000
5299    -1798689.000000
5300    -1798690.625000
5301    -1798692.250000
5302    -1798694.000000
5303    -1798695.250000
5304    -1798697.000000
5305    -1798698.500000
5306    -1798699.875000
5307    -1798701.250000
5308    -1798702.750000
5309    -1798704.500000
5310    -1798706.000000
5311    -1798707.500000
5312    -1798708.875000
5313    -1798710.500000
5314    -1798711.875000
5315    -1798713.500000
5316    -1798715.250000
5317    -1798716.250000
5318    -1798717.875000
5319    -1798719.125000
5320    -1798720.750000
5321    -1798722.375000
5322    -1798723.750000
5323    -1798725.375000
5324    -1798726.750000
5325    -1798728.250000
5326    -1798729.875000
5327    -1798731.250000
5328    -1798732.750000
5329    -1798734.250000
5330    -1798735.500000
5331    -1798736.875000
5332    -1798738.250000
5333    -1798739.750000
5334    -1798741.250000
5335    -1798742.625000
5336    -1798744.125000
5337    -1798745.500000
5338    -1798746.875000
5339    -1798748.375000
5340    -1798749.750000
5341    -1798751.000000
5342    -1798752.500000
5343    -1798754.000000
5344    -1798755.125000
5345    -1798756.500000
5346    -1798758.000000
5347    -1798759.375000
5348    -1798760.750000
5349    -1798762.125000
5350    -1798763.375000
5351    -1798765.000000
5352    -1798766.250000
5353    -1798767.625000
5354    -1798768.875000
5355    -1798770.250000
5356    -1798771.750000
5357    -1798773.000000
5358    -1798774.250000
5359    -1798775.875000
5360    -1798777.250000
5361    -1798778.375000
5362    -1798779.875000
5363    -1798781.125000
5364    -1798782.625000
5365    -1798784.000000
5366    -1798785.250000
5367    -1798786.625000
5368    -1798788.000000
5369    -1798789.250000
5370    -1798790.750000
5371    -1798792.250000
5372    -1798793.125000
5373    -1798794.875000
5374    -1798796.250000
5375    -1798797.375000
5376    -1798798.750000
5377    -1798800.375000
5378    -1798801.750000
5379    -1798802.875000
5380    -1798804.250000
5381    -1798805.875000
5382    -1798807.000000
5383    -1798808.250000
5384    -1798809.750000
5385    -1798811.000000
5386    -1798812.250000
5387    -1798813.750000
5388    -1798815.250000
5389    -1798816.500000
5390    -1798818.000000
5391    -1798819.125000
5392    -1798820.500000
5393    -1798821.750000
5394    -1798823.125000
5395    -1798824.625000
5396    -1798826.000000
5397    -1798827.250000
5398    -1798828.625000
5399    -1798829.750000
5400    -1798831.000000
5401    -1798832.625000
5402    -1798834.000000
5403    -1798835.500000
5404    -1798836.500000
5405    -1798838.000000
5406    -1798839.250000
5407    -1798840.500000
5408    -1798842.000000
5409    -1798843.250000
5410    -1798844.625000
5411    -1798845.875000
5412    -1798847.375000
5413    -1798848.750000
5414    -1798850.000000
5415    -1798851.250000
5416    -1798853.000000
5417    -1798854.125000
5418    -1798855.375000
5419    -1798856.750000
5420    -1798857.875000
5421    -1798859.250000
5422    -1798860.750000
5423    -1798862.000000
5424    -1798863.500000
5425    -1798864.625000
5426    -1798865.875000
5427    -1798867.250000
5428    -1798868.750000
5429    -1798870.000000
5430    -1798871.000000
5431    -1798872.750000
5432    -1798873.875000
5433    -1798875.125000
5434    -1798876.500000
5435    -1798878.000000
5436    -1798879.125000
5437    -1798880.500000
5438    -1798881.750000
5439    -1798883.125000
5440    -1798884.250000
5441    -1798885.500000
5442    -1798887.000000
5443    -1798888.750000
5444    -1798889.750000
5445    -1798890.875000
5446    -1798892.250000
5447    -1798893.500000
5448    -1798894.875000
5449    -1798896.000000
5450    -1798897.250000
5451    -1798898.500000
5452    -1798899.750000
5453    -1798901.000000
5454    -1798902.250000
5455    -1798904.000000
5456    -1798905.000000
5457    -1798906.125000
5458    -1798907.500000
5459    -1798908.750000
5460    -1798910.000000
5461    -1798911.250000
5462    -1798912.500000
5463    -1798913.750000
5464    -1798915.000000
5465    -1798916.250000
5466    -1798917.500000
5467    -1798918.750000
5468    -1798920.125000
5469    -1798921.250000
5470    -1798922.625000
5471    -1798923.750000
5472    -1798925.000000
5473    -1798926.375000
5474    -1798927.625000
5475    -1798928.750000
5476    -1798929.875000
5477    -1798931.125000
5478    -1798932.375000
5479    -1798933.750000
5480    -1798935.000000
5481    -1798936.250000
5482    -1798937.500000
5483    -1798938.750000
5484    -1798940.000000
5485    -1798941.125000
5486    -1798942.500000
5487    -1798943.750000
5488    -1798944.750000
5489    -1798946.000000
5490    -1798947.375000
5491    -1798948.500000
5492    -1798950.000000
5493    -1798951.000000
5494    -1798952.250000
5495    -1798953.625000
5496    -1798955.000000
5497    -1798956.000000
5498    -1798957.250000
5499    -1798958.500000
5500    -1798959.750000
5501    -1798961.000000
5502    -1798962.000000
5503    -1798963.250000
5504    -1798964.500000
5505    -1798965.750000
5506    -1798967.000000
5507    -1798968.250000
5508    -1798969.500000
5509    -1798970.875000
5510    -1798972.000000
5511    -1798973.250000
5512    -1798974.375000
5513    -1798975.500000
5514    -1798976.750000
5515    -1798977.750000
5516    -1798979.250000
5517    -1798980.250000
5518    -1798981.250000
5519    -1798982.750000
5520    -1798984.000000
5521    -1798985.250000
5522    -1798986.500000
5523    -1798987.750000
5524    -1798988.750000
5525    -1798990.000000
5526    -1798991.250000
5527    -1798992.500000
5528    -1798993.750000
5529    -1798994.750000
5530    -1798996.125000
5531    -1798997.250000
5532    -1798998.500000
5533    -1798999.750000
5534    -1799001.000000
5535    -1799002.000000
5536    -1799003.375000
5537    -1799004.500000
5538    -1799005.625000
5539    -1799007.000000
5540    -1799008.000000
5541    -1799009.250000
5542    -1799010.500000
5543    -1799011.625000
5544    -1799012.875000
5545    -1799014.250000
5546    -1799015.125000
5547    -1799016.500000
5548    -1799017.625000
5549    -1799018.750000
5550    -1799020.000000
5551    -1799021.125000
5552    -1799022.500000
5553    -1799023.500000
5554    -1799024.625000
5555    -1799025.750000
5556    -1799027.000000
5557    -1799028.000000
5558    -1799029.500000
5559    -1799030.750000
5560    -1799031.875000
5561    -1799033.000000
5562    -1799034.000000
5563    -1799035.375000
5564    -1799036.750000
5565    -1799037.750000
5566    -1799039.000000
5567    -1799039.750000
5568    -1799041.125000
5569    -1799042.125000
5570    -1799043.375000
5571    -1799044.625000
5572    -1799045.750000
5573    -1799046.750000
5574    -1799048.250000
5575    -1799049.125000
5576    -1799050.500000
5577    -1799051.500000
5578    -1799052.750000
5579    -1799053.750000
5580    -1799055.250000
5581    -1799056.125000
5582    -1799057.125000
5583    -1799058.500000
5584    -1799059.500000
5585    -1799060.750000
5586    -1799061.750000
5587    -1799063.000000
5588    -1799064.000000
5589    -1799065.375000
5590    -1799066.500000
5591    -1799067.500000
5592    -1799069.000000
5593    -1799070.000000
5594    -1799071.000000
5595    -1799072.375000
5596    -1799073.250000
5597    -1799074.500000
5598    -1799075.500000
5599    -1799076.500000
5600    -1799077.750000
5601    -1799079.000000
5602    -1799080.000000
5603    -1799081.125000
5604    -1799082.250000
5605    -1799083.375000
5606    -1799084.750000
5607    -1799085.500000
5608    -1799087.000000
5609    -1799088.000000
5610    -1799089.250000
5611    -1799090.250000
5612    -1799091.500000
5613    -1799092.500000
5614    -1799093.500000
5615    -1799095.000000
5616    -1799095.750000
5617    -1799096.875000
5618    -1799098.000000
5619    -1799099.375000
5620    -1799100.500000
5621    -1799101.500000
5622    -1799102.625000
5623    -1799104.000000
5624    -1799105.250000
5625    -1799106.500000
5626    -1799107.500000
5627    -1799108.750000
5628    -1799109.750000
5629    -1799110.875000
5630    -1799112.500000
5631    -1799113.250000
5632    -1799114.500000
5633    -1799115.625000
5634    -1799116.625000
5635    -1799117.750000
5636    -1799119.000000
5637    -1799120.000000
5638    -1799121.250000
5639    -1799122.500000
5640    -1799123.625000
5641    -1799124.875000
5642    -1799126.000000
5643    -1799127.250000
5644    -1799128.375000
5645    -1799129.500000
5646    -1799130.500000
5647    -1799131.875000
5648    -1799133.125000
5649    -1799134.125000
5650    -1799135.250000
5651    -1799136.500000
5652    -1799137.750000
5653    -1799138.750000
5654    -1799140.000000
5655    -1799141.125000
5656    -1799142.250000
5657    -1799143.500000
5658    -1799144.625000
5659    -1799145.875000
5660    -1799147.000000
5661    -1799148.250000
5662    -1799149.250000
5663    -1799150.500000
5664    -1799151.500000
5665    -1799152.750000
5666    -1799154.000000
5667    -1799155.125000
5668    -1799156.375000
5669    -1799157.500000
5670    -1799158.625000
5671    -1799159.750000
5672    -1799160.750000
5673    -1799162.250000
5674    -1799163.375000
5675    -1799164.500000
5676    -1799166.000000
5677    -1799167.000000
5678    -1799168.000000
5679    -1799169.250000
5680    -1799170.500000
5681    -1799171.375000
5682    -1799172.750000
5683    -1799174.125000
5684    -1799175.125000
5685    -1799176.250000
5686    -1799177.625000
5687    -1799178.875000
5688    -1799179.875000
5689    -1799181.250000
5690    -1799182.500000
5691    -1799183.625000
5692    -1799184.750000
5693    -1799186.000000
5694    -1799187.125000
5695    -1799188.250000
5696    -1799189.500000
5697    -1799190.750000
5698    -1799191.875000
5699    -1799193.250000
5700    -1799194.250000
5701    -1799195.500000
5702    -1799196.750000
5703    -1799198.250000
5704    -1799199.250000
5705    -1799200.500000
5706    -1799201.750000
5707    -1799203.000000
5708    -1799204.000000
5709    -1799205.250000
5710    -1799206.250000
5711    -1799207.750000
5712    -1799208.750000
5713    -1799210.000000
5714    -1799211.125000
5715    -1799212.500000
5716    -1799213.875000
5717    -1799215.000000
5718    -1799216.125000
5719    -1799217.500000
5720    -1799218.625000
5721    -1799220.000000
5722    -1799221.250000
5723    -1799222.250000
5724    -1799223.375000
5725    -1799224.750000
5726    -1799226.000000
5727    -1799227.250000
5728    -1799228.500000
5729    -1799229.750000
5730    -1799231.125000
5731    -1799232.250000
5732    -1799233.375000
5733    -1799234.500000
5734    -1799236.000000
5735    -1799237.125000
5736    -1799238.500000
5737    -1799239.625000
5738    -1799240.750000
5739    -1799242.250000
5740    -1799243.250000
5741    -1799244.625000
5742    -1799245.750000
5743    -1799247.000000
5744    -1799248.000000
5745    -1799249.500000
5746    -1799250.500000
5747    -1799251.750000
5748    -1799253.000000
5749    -1799254.250000
5750    -1799255.500000
5751    -1799256.750000
5752    -1799258.000000
5753    -1799259.125000
5754    -1799260.375000
5755    -1799261.500000
5756    -1799263.000000
5757    -1799264.000000
5758    -1799265.500000
5759    -1799266.500000
5760    -1799267.750000
5761    -1799269.000000
5762    -1799269.875000
5763    -1799271.250000
5764    -1799272.375000
5765    -1799273.625000
5766    -1799274.875000
5767    -1799276.250000
5768    -1799277.375000
5769    -1799278.500000
5770    -1799279.750000
5771    -1799280.875000
5772    -1799282.250000
5773    -1799283.250000
5774    -1799284.500000
5775    -1799285.625000
5776    -1799286.875000
5777    -1799288.125000
5778    -1799289.250000
5779    -1799290.375000
5780    -1799291.500000
5781    -1799292.750000
5782    -1799293.875000
5783    -1799295.000000
5784    -1799296.250000
5785    -1799297.375000
5786    -1799298.500000
5787    -1799299.750000
5788    -1799300.875000
5789    -1799302.000000
5790    -1799303.250000
5791    -1799304.375000
5792    -1799305.750000
5793    -1799306.750000
5794    -1799307.875000
5795    -1799309.125000
5796    -1799310.375000
5797    -1799311.500000
5798    -1799312.625000
5799    -1799313.875000
5800    -1799315.000000
5801    -1799316.125000
5802    -1799317.375000
5803    -1799318.500000
5804    -1799319.375000
5805    -1799320.500000
5806    -1799321.750000
5807    -1799322.875000
5808    -1799323.875000
5809    -1799325.000000
5810    -1799326.250000
5811    -1799327.250000
5812    -1799328.500000
5813    -1799329.625000
5814    -1799330.750000
5815    -1799331.750000
5816    -1799332.875000
5817    -1799334.000000
5818    -1799335.000000
5819    -1799336.250000
5820    -1799337.375000
5821    -1799338.500000
5822    -1799339.500000
5823    -1799340.625000
5824    -1799341.625000
5825    -1799342.750000
5826    -1799344.000000
5827    -1799344.875000
5828    -1799345.750000
5829    -1799347.000000
5830    -1799348.125000
5831    -1799349.000000
5832    -1799350.250000
5833    -1799351.250000
5834    -1799352.250000
5835    -1799353.250000
5836    -1799354.250000
5837    -1799355.625000
5838    -1799356.625000
5839    -1799357.500000
5840    -1799358.625000
5841    -1799359.750000
5842    -1799360.750000
5843    -1799361.875000
5844    -1799363.000000
5845    -1799363.750000
5846    -1799364.750000
5847    -1799365.750000
5848    -1799367.000000
5849    -1799367.750000
5850    -1799368.750000
5851    -1799369.750000
5852    -1799371.000000
5853    -1799371.875000
5854    -1799372.750000
5855    -1799373.750000
5856    -1799375.000000
5857    -1799376.000000
5858    -1799376.750000
5859    -1799377.875000
5860    -1799379.000000
5861    -1799379.875000
5862    -1799380.875000
5863    -1799381.875000
5864    -1799382.875000
5865    -1799384.000000
5866    -1799384.750000
5867    -1799385.750000
5868    -1799386.750000
5869    -1799387.750000
5870    -1799388.625000
5871    -1799389.750000
5872    -1799390.750000
5873    -1799391.500000
5874    -1799392.375000
5875    -1799393.500000
5876    -1799394.500000
5877    -1799395.375000
5878    -1799396.375000
5879    -1799397.250000
5880    -1799398.250000
5881    -1799399.250000
5882    -1799400.000000
5883    -1799401.125000
5884    -1799402.000000
5885    -1799402.750000
5886    -1799403.625000
5887    -1799404.625000
5888    -1799405.500000
5889    -1799406.375000
5890    -1799407.375000
5891    -1799408.250000
5892    -1799409.125000
5893    -1799410.000000
5894    -1799411.000000
5895    -1799412.000000
5896    -1799412.500000
5897    -1799413.500000
5898    -1799414.375000
5899    -1799415.250000
5900    -1799416.250000
5901    -1799417.250000
5902    -1799418.125000
5903    -1799419.000000
5904    -1799419.750000
5905    -1799420.625000
5906    -1799421.625000
5907    -1799422.375000
5908    -1799423.250000
5909    -1799424.250000
5910    -1799425.000000
5911    -1799426.000000
5912    -1799426.750000
5913    -1799427.500000
5914    -1799428.375000
5915    -1799429.375000
5916    -1799430.000000
5917    -1799431.000000
5918    -1799432.000000
5919    -1799432.500000
5920    -1799433.750000
5921    -1799434.500000
5922    -1799435.000000
5923    -1799436.000000
5924    -1799437.000000
5925    -1799437.625000
5926    -1799438.500000
5927    -1799439.250000
5928    -1799440.000000
5929    -1799441.000000
5930    -1799441.750000
5931    -1799442.500000
5932    -1799443.250000
5933    -1799444.250000
5934    -1799444.750000
5935    -1799445.750000
5936    -1799446.500000
5937    -1799447.375000
5938    -1799448.000000
5939    -1799448.875000
5940    -1799449.750000
5941    -1799450.500000
5942    -1799451.375000
5943    -1799452.125000
5944    -1799453.000000
5945    -1799453.750000
5946    -1799454.500000
5947    -1799455.250000
5948    -1799455.875000
5949    -1799456.750000
5950    -1799457.500000
5951    -1799458.500000
5952    -1799459.250000
5953    -1799460.000000
5954    -1799460.750000
5955    -1799461.500000
5956    -1799462.250000
5957    -1799463.000000
5958    -1799463.625000
5959    -1799464.500000
5960    -1799465.250000
5961    -1799466.125000
5962    -1799466.875000
5963    -1799467.250000
5964    -1799468.500000
5965    -1799469.000000
5966    -1799470.125000
5967    -1799471.000000
5968    -1799471.625000
5969    -1799472.250000
5970    -1799473.000000
5971    -1799473.750000
5972    -1799474.750000
5973    -1799475.375000
5974    -1799476.000000
5975    -1799476.750000
5976    -1799477.500000
5977    -1799478.250000
5978    -1799479.000000
5979    -1799479.875000
5980    -1799480.500000
5981    -1799481.125000
5982    -1799482.250000
5983    -1799482.750000
5984    -1799483.625000
5985    -1799484.125000
5986    -1799485.000000
5987    -1799485.500000
5988    -1799486.250000
5989    -1799486.875000
5990    -1799487.500000
5991    -1799488.375000
5992    -1799489.250000
5993    -1799489.750000
5994    -1799490.750000
5995    -1799491.375000
5996    -1799492.250000
5997    -1799493.000000
5998    -1799493.500000
5999    -1799494.500000
6000    -1799495.000000
6001    -1799495.750000
6002    -1799496.500000
6003    -1799497.000000
6004    -1799498.000000
6005    -1799498.500000
6006    -1799499.250000
6007    -1799499.750000
6008    -1799500.375000
6009    -1799501.000000
6010    -1799502.000000
6011    -1799502.625000
6012    -1799503.000000
6013    -1799504.000000
6014    -1799504.750000
6015    -1799505.125000
6016    -1799506.250000
6017    -1799506.875000
6018    -1799507.500000
6019    -1799508.000000
6020    -1799508.750000
6021    -1799509.375000
6022    -1799510.250000
6023    -1799510.750000
6024    -1799511.500000
6025    -1799512.250000
6026    -1799512.875000
6027    -1799513.625000
6028    -1799514.250000
6029    -1799514.500000
6030    -1799515.250000
6031    -1799516.000000
6032    -1799516.750000
6033    -1799517.250000
6034    -1799518.250000
6035    -1799519.000000
6036    -1799519.375000
6037    -1799520.250000
6038    -1799520.875000
6039    -1799521.375000
6040    -1799522.000000
6041    -1799522.750000
6042    -1799523.375000
6043    -1799524.125000
6044    -1799524.500000
6045    -1799525.500000
6046    -1799526.000000
6047    -1799526.750000
6048    -1799527.250000
6049    -1799528.000000
6050    -1799528.625000
6051    -1799529.375000
6052    -1799530.000000
6053    -1799530.625000
6054    -1799531.250000
6055    -1799531.875000
6056    -1799532.625000
6057    -1799533.250000
6058    -1799533.500000
6059    -1799534.250000
6060    -1799535.000000
6061    -1799535.500000
6062    -1799536.250000
6063    -1799537.000000
6064    -1799537.500000
6065    -1799538.250000
6066    -1799538.750000
6067    -1799539.375000
6068    -1799540.000000
6069    -1799540.625000
6070    -1799541.125000
6071    -1799541.875000
6072    -1799542.500000
6073    -1799543.000000
6074    -1799543.625000
6075    -1799544.250000
6076    -1799544.875000
6077    -1799545.500000
6078    -1799546.250000
6079    -1799546.750000
6080    -1799547.500000
6081    -1799548.000000
6082    -1799548.500000
6083    -1799549.250000
6084    -1799550.000000
6085    -1799550.625000
6086    -1799551.250000
6087    -1799551.750000
6088    -1799552.500000
6089    -1799553.250000
6090    -1799553.750000
6091    -1799554.250000
6092    -1799554.750000
6093    -1799555.625000
6094    -1799556.250000
6095    -1799557.000000
6096    -1799557.375000
6097    -1799558.000000
6098    -1799558.625000
6099    -1799559.500000
6100    -1799560.000000
6101    -1799560.750000
6102    -1799561.250000
6103    -1799562.000000
6104    -1799562.750000
6105    -1799563.000000
6106    -1799563.875000
6107    -1799564.375000
6108    -1799565.000000
6109    -1799565.625000
6110    -1799566.250000
6111    -1799566.750000
6112    -1799567.375000
6113    -1799568.125000
6114    -1799569.000000
6115    -1799569.500000
6116    -1799570.000000
6117    -1799570.750000
6118    -1799571.250000
6119    -1799571.875000
6120    -1799572.375000
6121    -1799573.000000
6122    -1799574.000000
6123    -1799574.500000
6124    -1799575.125000
6125    -1799575.625000
6126    -1799576.375000
6127    -1799577.000000
6128    -1799577.750000
6129    -1799578.250000
6130    -1799579.000000
6131    -1799579.500000
6132    -1799580.625000
6133    -1799580.875000
6134    -1799581.750000
6135    -1799582.375000
6136    -1799583.000000
6137    -1799583.500000
6138    -1799584.250000
6139    -1799585.000000
6140    -1799585.750000
6141    -1799586.500000
6142    -1799586.875000
6143    -1799587.500000
6144    -1799588.250000
6145    -1799589.000000
6146    -1799589.375000
6147    -1799590.375000
6148    -1799591.000000
6149    -1799591.625000
6150    -1799592.125000
6151    -1799593.125000
6152    -1799593.875000
6153    -1799594.375000
6154    -1799595.250000
6155    -1799596.000000
6156    -1799596.500000
6157    -1799597.375000
6158    -1799598.000000
6159    -1799598.750000
6160    -1799599.250000
6161    -1799600.250000
6162    -1799601.000000
6163    -1799601.375000
6164    -1799602.250000
6165    -1799603.000000
6166    -1799603.750000
6167    -1799604.625000
6168    -1799605.500000
6169    -1799606.000000
6170    -1799606.500000
6171    -1799607.750000
6172    -1799608.250000
6173    -1799609.000000
6174    -1799609.875000
6175    -1799610.500000
6176    -1799611.500000
6177    -1799612.125000
6178    -1799612.750000
6179    -1799613.500000
6180    -1799614.250000
6181    -1799614.750000
6182    -1799615.625000
6183    -1799616.375000
6184    -1799617.250000
6185    -1799618.000000
6186    -1799618.625000
6187    -1799619.500000
6188    -1799620.500000
6189    -1799621.125000
6190    -1799622.125000
6191    -1799622.625000
6192    -1799623.500000
6193    -1799624.000000
6194    -1799625.000000
6195    -1799626.000000
6196    -1799626.750000
6197    -1799627.500000
6198    -1799628.500000
6199    -1799629.000000
6200    -1799630.000000
6201    -1799631.000000
6202    -1799631.500000
6203    -1799632.250000
6204    -1799633.125000
6205    -1799634.000000
6206    -1799634.500000
6207    -1799635.500000
6208    -1799636.250000
6209    -1799637.250000
6210    -1799638.000000
6211    -1799638.750000
6212    -1799640.000000
6213    -1799640.750000
6214    -1799641.500000
6215    -1799642.250000
6216    -1799643.375000
6217    -1799644.250000
6218    -1799644.750000
6219    -1799645.750000
6220    -1799646.500000
6221    -1799647.500000
6222    -1799648.500000
6223    -1799649.375000
6224    -1799650.125000
6225    -1799650.875000
6226    -1799651.750000
6227    -1799652.500000
6228    -1799653.375000
6229    -1799654.250000
6230    -1799655.125000
6231    -1799656.250000
6232    -1799657.250000
6233    -1799658.000000
6234    -1799658.875000
6235    -1799659.750000
6236    -1799660.500000
6237    -1799661.500000
6238    -1799662.125000
6239    -1799663.500000
6240    -1799664.250000
6241    -1799665.000000
6242    -1799666.125000
6243    -1799667.000000
6244    -1799667.750000
6245    -1799668.500000
6246    -1799669.500000
6247    -1799670.750000
6248    -1799671.375000
6249    -1799672.375000
6250    -1799673.000000
6251    -1799674.250000
6252    -1799674.750000
6253    -1799676.000000
6254    -1799677.000000
6255    -1799677.750000
6256    -1799679.000000
6257    -1799679.750000
6258    -1799680.750000
6259    -1799681.375000
6260    -1799682.375000
6261    -1799683.500000
6262    -1799684.500000
6263    -1799685.500000
6264    -1799686.500000
6265    -1799687.375000
6266    -1799688.375000
6267    -1799689.250000
6268    -1799690.250000
6269    -1799691.250000
6270    -1799692.375000
6271    -1799693.250000
6272    -1799694.000000
6273    -1799695.000000
6274    -1799696.000000
6275    -1799697.125000
6276    -1799698.250000
6277    -1799699.500000
6278    -1799700.000000
6279    -1799701.250000
6280    -1799702.250000
6281    -1799703.375000
6282    -1799704.250000
6283    -1799705.375000
6284    -1799706.000000
6285    -1799707.500000
6286    -1799708.250000
6287    -1799709.375000
6288    -1799710.375000
6289    -1799711.500000
6290    -1799712.500000
6291    -1799713.750000
6292    -1799714.625000
6293    -1799715.750000
6294    -1799716.875000
6295    -1799717.875000
6296    -1799718.750000
6297    -1799719.875000
6298    -1799721.250000
6299    -1799722.250000
6300    -1799723.125000
6301    -1799724.375000
6302    -1799725.250000
6303    -1799726.750000
6304    -1799727.750000
6305    -1799728.750000
6306    -1799729.625000
6307    -1799730.875000
6308    -1799732.000000
6309    -1799733.250000
6310    -1799734.250000
6311    -1799735.375000
6312    -1799736.750000
6313    -1799737.500000
6314    -1799738.750000
6315    -1799740.000000
6316    -1799741.000000
6317    -1799742.250000
6318    -1799743.625000
6319    -1799744.500000
6320    -1799745.750000
6321    -1799747.000000
6322    -1799748.000000
6323    -1799749.250000
6324    -1799750.250000
6325    -1799751.750000
6326    -1799753.000000
6327    -1799754.000000
6328    -1799755.250000
6329    -1799756.500000
6330    -1799757.625000
6331    -1799759.000000
6332    -1799760.250000
6333    -1799761.375000
6334    -1799762.875000
6335    -1799764.250000
6336    -1799765.250000
6337    -1799766.500000
6338    -1799767.750000
6339    -1799769.000000
6340    -1799770.250000
6341    -1799771.500000
6342    -1799772.750000
6343    -1799774.125000
6344    -1799775.250000
6345    -1799776.500000
6346    -1799777.875000
6347    -1799779.125000
6348    -1799780.500000
6349    -1799781.750000
6350    -1799783.250000
6351    -1799784.250000
6352    -1799785.750000
6353    -1799787.250000
6354    -1799788.250000
6355    -1799789.625000
6356    -1799791.000000
6357    -1799792.500000
6358    -1799793.625000
6359    -1799795.000000
6360    -1799796.375000
6361    -1799797.750000
6362    -1799799.250000
6363    -1799800.375000
6364    -1799801.750000
6365    -1799803.125000
6366    -1799804.500000
6367    -1799806.000000
6368    -1799807.250000
6369    -1799808.500000
6370    -1799810.250000
6371    -1799811.250000
6372    -1799812.750000
6373    -1799814.000000
6374    -1799815.500000
6375    -1799816.875000
6376    -1799818.250000
6377    -1799819.500000
6378    -1799821.125000
6379    -1799822.500000
6380    -1799823.750000
6381    -1799825.125000
6382    -1799826.500000
6383    -1799827.750000
6384    -1799829.250000
6385    -1799830.750000
6386    -1799832.000000
6387    -1799833.625000
6388    -1799835.000000
6389    -1799836.250000
6390    -1799837.500000
6391    -1799838.750000
6392    -1799840.250000
6393    -1799841.750000
6394    -1799843.000000
6395    -1799844.375000
6396    -1799845.875000
6397    -1799847.250000
6398    -1799848.750000
6399    -1799850.000000
6400    -1799851.500000
6401    -1799852.875000
6402    -1799854.000000
6403    -1799855.625000
6404    -1799856.750000
6405    -1799858.250000
6406    -1799859.750000
6407    -1799861.125000
6408    -1799862.500000
6409    -1799863.875000
6410    -1799865.000000
6411    -1799866.500000
6412    -1799868.000000
6413    -1799869.250000
6414    -1799870.375000
6415    -1799871.750000
6416    -1799873.250000
6417    -1799874.375000
6418    -1799876.000000
6419    -1799877.375000
6420    -1799878.500000
6421    -1799880.125000
6422    -1799881.500000
6423    -1799882.500000
6424    -1799884.000000
6425    -1799885.375000
6426    -1799886.500000
6427    -1799888.250000
6428    -1799889.500000
6429    -1799890.750000
6430    -1799891.875000
6431    -1799893.500000
6432    -1799894.750000
6433    -1799896.000000
6434    -1799897.500000
6435    -1799898.750000
6436    -1799900.000000
6437    -1799901.250000
6438    -1799902.500000
6439    -1799904.000000
6440    -1799905.250000
6441    -1799906.250000
6442    -1799907.750000
6443    -1799909.000000
6444    -1799910.250000
6445    -1799911.500000
6446    -1799912.750000
6447    -1799914.000000
6448    -1799915.250000
6449    -1799916.625000
6450    -1799917.750000
6451    -1799919.250000
6452    -1799920.500000
6453    -1799921.500000
6454    -1799922.875000
6455    -1799924.000000
6456    -1799925.250000
6457    -1799926.750000
6458    -1799927.875000
6459    -1799929.250000
6460    -1799930.500000
6461    -1799931.750000
6462    -1799932.750000
6463    -1799934.125000
6464    -1799935.500000
6465    -1799936.625000
6466    -1799937.750000
6467    -1799939.000000
6468    -1799940.250000
6469    -1799941.375000
6470    -1799942.500000
6471    -1799943.750000
6472    -1799945.000000
6473    -1799946.250000
6474    -1799947.500000
6475    -1799948.500000
6476    -1799949.750000
6477    -1799950.875000
6478    -1799952.000000
6479    -1799953.125000
6480    -1799954.625000
6481    -1799955.625000
6482    -1799956.750000
6483    -1799957.875000
6484    -1799959.125000
6485    -1799960.500000
6486    -1799961.625000
6487    -1799962.625000
6488    -1799964.000000
6489    -1799965.000000
6490    -1799966.250000
6491    -1799967.500000
6492    -1799968.500000
6493    -1799969.500000
6494    -1799970.750000
6495    -1799971.750000
6496    -1799973.000000
6497    -1799974.000000
6498    -1799975.125000
6499    -1799976.500000
6500    -1799977.625000
6501    -1799978.625000
6502    -1799980.000000
6503    -1799980.875000
6504    -1799982.125000
6505    -1799983.250000
6506    -1799984.375000
6507    -1799985.750000
6508    -1799986.625000
6509    -1799987.875000
6510    -1799988.875000
6511    -1799989.875000
6512    -1799991.125000
6513    -1799992.250000
6514    -1799993.250000
6515    -1799994.500000
6516    -1799995.250000
6517    -1799996.750000
6518    -1799997.750000
6519    -1799999.000000
6520    -1800000.000000
6521    -1800001.000000
6522    -1800002.250000
6523    -1800003.250000
6524    -1800004.250000
6525    -1800005.250000
6526    -1800006.500000
6527    -1800007.625000
6528    -1800008.625000
6529    -1800009.750000
6530    -1800010.750000
6531    -1800011.750000
6532    -1800013.000000
6533    -1800014.000000
6534    -1800015.250000
6535    -1800016.250000
6536    -1800017.125000
6537    -1800018.250000
6538    -1800019.375000
6539    -1800020.500000
6540    -1800021.250000
6541    -1800022.500000
6542    -1800023.500000
6543    -1800024.500000
6544    -1800025.750000
6545    -1800026.750000
6546    -1800028.000000
6547    -1800028.875000
6548    -1800030.000000
6549    -1800031.000000
6550    -1800032.000000
6551    -1800033.000000
6552    -1800034.250000
6553    -1800035.125000
6554    -1800036.250000
6555    -1800037.375000
6556    -1800038.375000
6557    -1800039.500000
6558    -1800040.500000
6559    -1800041.625000
6560    -1800042.625000
6561    -1800043.750000
6562    -1800044.750000
6563    -1800045.875000
6564    -1800046.750000
6565    -1800047.750000
6566    -1800048.750000
6567    -1800050.125000
6568    -1800051.000000
6569    -1800052.000000
6570    -1800053.125000
6571    -1800054.250000
6572    -1800055.250000
6573    -1800056.375000
6574    -1800057.250000
6575    -1800058.375000
6576    -1800059.500000
6577    -1800060.500000
6578    -1800061.500000
6579    -1800062.500000
6580    -1800063.625000
6581    -1800064.750000
6582    -1800066.000000
6583    -1800066.750000
6584    -1800067.750000
6585    -1800069.000000
6586    -1800069.875000
6587    -1800071.125000
6588    -1800072.000000
6589    -1800073.125000
6590    -1800074.000000
6591    -1800075.125000
6592    -1800076.000000
6593    -1800077.000000
6594    -1800078.250000
6595    -1800079.375000
6596    -1800080.000000
6597    -1800081.250000
6598    -1800082.000000
6599    -1800083.250000
6600    -1800084.250000
6601    -1800085.250000
6602    -1800086.375000
6603    -1800087.250000
6604    -1800088.375000
6605    -1800089.500000
6606    -1800090.500000
6607    -1800091.500000
6608    -1800092.500000
6609    -1800093.625000
6610    -1800094.625000
6611    -1800095.500000
6612    -1800096.875000
6613    -1800097.500000
6614    -1800098.625000
6615    -1800099.625000
6616    -1800100.750000
6617    -1800101.500000
6618    -1800103.000000
6619    -1800104.000000
6620    -1800105.000000
6621    -1800106.125000
6622    -1800107.000000
6623    -1800108.250000
6624    -1800109.375000
6625    -1800110.125000
6626    -1800111.375000
6627    -1800112.500000
6628    -1800113.375000
6629    -1800114.375000
6630    -1800115.500000
6631    -1800116.500000
6632    -1800117.500000
6633    -1800118.500000
6634    -1800119.625000
6635    -1800120.500000
6636    -1800121.625000
6637    -1800122.750000
6638    -1800123.750000
6639    -1800124.750000
6640    -1800125.750000
6641    -1800126.875000
6642    -1800128.000000
6643    -1800128.875000
6644    -1800130.125000
6645    -1800131.000000
6646    -1800132.000000
6647    -1800133.000000
6648    -1800134.250000
6649    -1800135.250000
6650    -1800136.250000
6651    -1800137.500000
6652    -1800138.375000
6653    -1800139.750000
6654    -1800140.500000
6655    -1800141.625000
6656    -1800142.750000
6657    -1800143.875000
6658    -1800145.000000
6659    -1800146.000000
6660    -1800147.000000
6661    -1800148.250000
6662    -1800149.250000
6663    -1800150.500000
6664    -1800151.500000
6665    -1800152.375000
6666    -1800153.625000
6667    -1800154.750000
6668    -1800155.750000
6669    -1800156.875000
6670    -1800158.000000
6671    -1800159.125000
6672    -1800160.250000
6673    -1800161.375000
6674    -1800162.500000
6675    -1800163.750000
6676    -1800164.750000
6677    -1800165.875000
6678    -1800167.000000
6679    -1800168.000000
6680    -1800169.250000
6681    -1800170.500000
6682    -1800171.500000
6683    -1800172.625000
6684    -1800173.750000
6685    -1800174.750000
6686    -1800176.250000
6687    -1800177.125000
6688    -1800178.250000
6689    -1800179.625000
6690    -1800180.500000
6691    -1800182.000000
6692    -1800183.000000
6693    -1800184.250000
6694    -1800185.375000
6695    -1800186.375000
6696    -1800187.750000
6697    -1800188.750000
6698    -1800190.000000
6699    -1800191.000000
6700    -1800192.250000
6701    -1800193.250000
6702    -1800194.500000
6703    -1800195.625000
6704    -1800196.750000
6705    -1800198.000000
6706    -1800199.250000
6707    -1800200.500000
6708    -1800201.625000
6709    -1800202.750000
6710    -1800204.000000
6711    -1800205.375000
6712    -1800206.250000
6713    -1800207.750000
6714    -1800208.750000
6715    -1800209.875000
6716    -1800211.000000
6717    -1800212.250000
6718    -1800213.375000
6719    -1800214.500000
6720    -1800215.750000
6721    -1800217.000000
6722    -1800218.250000
6723    -1800219.250000
6724    -1800220.500000
6725    -1800221.750000
6726    -1800222.750000
6727    -1800224.000000
6728    -1800225.250000
6729    -1800226.500000
6730    -1800227.750000
6731    -1800228.625000
6732    -1800229.875000
6733    -1800231.125000
6734    -1800232.250000
6735    -1800233.500000
6736    -1800234.750000
6737    -1800236.000000
6738    -1800237.000000
6739    -1800238.250000
6740    -1800239.500000
6741    -1800240.500000
6742    -1800241.875000
6743    -1800243.000000
6744    -1800244.125000
6745    -1800245.125000
6746    -1800246.500000
6747    -1800247.375000
6748    -1800248.750000
6749    -1800249.875000
6750    -1800251.000000
6751    -1800252.125000
6752    -1800253.625000
6753    -1800254.625000
6754    -1800255.750000
6755    -1800257.000000
6756    -1800258.000000
6757    -1800259.250000
6758    -1800260.500000
6759    -1800261.500000
6760    -1800262.625000
6761    -1800263.625000
6762    -1800265.000000
6763    -1800266.125000
6764    -1800267.125000
6765    -1800268.125000
6766    -1800269.250000
6767    -1800270.250000
6768    -1800271.250000
6769    -1800272.625000
6770    -1800273.750000
6771    -1800274.750000
6772    -1800276.000000
6773    -1800277.000000
6774    -1800278.000000
6775    -1800279.375000
6776    -1800280.000000
6777    -1800281.375000
6778    -1800282.500000
6779    -1800283.625000
6780    -1800284.500000
6781    -1800285.625000
6782    -1800286.625000
6783    -1800287.750000
6784    -1800288.875000
6785    -1800289.750000
6786    -1800290.875000
6787    -1800292.000000
6788    -1800293.125000
6789    -1800294.000000
6790    -1800295.000000
6791    -1800296.000000
6792    -1800297.125000
6793    -1800298.125000
6794    -1800299.250000
6795    -1800300.000000
6796    -1800301.250000
6797    -1800302.250000
6798    -1800303.375000
6799    -1800304.250000
6800    -1800305.250000
6801    -1800306.250000
6802    -1800307.250000
6803    -1800308.250000
6804    -1800309.375000
6805    -1800310.250000
6806    -1800311.125000
6807    -1800312.500000
6808    -1800313.375000
6809    -1800314.250000
6810    -1800315.375000
6811    -1800316.500000
6812    -1800317.500000
6813    -1800318.375000
6814    -1800319.500000
6815    -1800320.375000
6816    -1800321.250000
6817    -1800322.250000
6818    -1800323.250000
6819    -1800324.250000
6820    -1800325.250000
6821    -1800326.250000
6822    -1800327.250000
6823    -1800328.375000
6824    -1800329.250000
6825    -1800330.000000
6826    -1800331.250000
6827    -1800332.000000
6828    -1800333.250000
6829    -1800334.250000
6830    -1800335.000000
6831    -1800336.000000
6832    -1800337.000000
6833    -1800338.000000
6834    -1800339.000000
6835    -1800340.125000
6836    -1800341.000000
6837    -1800342.125000
6838    -1800343.125000
6839    -1800344.000000
6840    -1800345.125000
6841    -1800346.000000
6842    -1800347.000000
6843    -1800348.000000
6844    -1800349.000000
6845    -1800350.125000
6846    -1800351.000000
6847    -1800352.000000
6848    -1800353.000000
6849    -1800354.000000
6850    -1800355.125000
6851    -1800356.000000
6852    -1800357.125000
6853    -1800358.125000
6854    -1800359.000000
6855    -1800360.500000
6856    -1800361.125000
6857    -1800362.250000
6858    -1800363.250000
6859    -1800364.250000
6860    -1800365.250000
6861    -1800366.250000
6862    -1800367.250000
6863    -1800368.250000
6864    -1800369.250000
6865    -1800370.375000
6866    -1800371.625000
6867    -1800372.500000
6868    -1800373.625000
6869    -1800374.500000
6870    -1800375.875000
6871    -1800376.875000
6872    -1800377.875000
6873    -1800379.250000
6874    -1800380.000000
6875    -1800381.000000
6876    -1800382.000000
6877    -1800383.125000
6878    -1800384.125000
6879    -1800385.250000
6880    -1800386.250000
6881    -1800387.250000
6882    -1800388.500000
6883    -1800389.750000
6884    -1800390.500000
6885    -1800391.875000
6886    -1800392.750000
6887    -1800393.875000
6888    -1800394.875000
6889    -1800395.875000
6890    -1800397.000000
6891    -1800398.125000
6892    -1800399.250000
6893    -1800400.250000
6894    -1800401.500000
6895    -1800402.375000
6896    -1800403.500000
6897    -1800404.750000
6898    -1800405.750000
6899    -1800406.750000
6900    -1800408.000000
6901    -1800409.125000
6902    -1800410.250000
6903    -1800411.500000
6904    -1800412.500000
6905    -1800413.500000
6906    -1800414.625000
6907    -1800415.750000
6908    -1800417.000000
6909    -1800418.000000
6910    -1800418.875000
6911    -1800420.125000
6912    -1800421.125000
6913    -1800422.250000
6914    -1800423.250000
6915    -1800424.250000
6916    -1800425.625000
6917    -1800426.750000
6918    -1800427.750000
6919    -1800429.000000
6920    -1800430.000000
6921    -1800431.000000
6922    -1800432.250000
6923    -1800433.125000
6924    -1800434.250000
6925    -1800435.500000
6926    -1800436.500000
6927    -1800437.750000
6928    -1800438.750000
6929    -1800439.875000
6930    -1800440.750000
6931    -1800442.125000
6932    -1800443.125000
6933    -1800444.000000
6934    -1800445.250000
6935    -1800446.250000
6936    -1800447.625000
6937    -1800448.500000
6938    -1800449.750000
6939    -1800451.000000
6940    -1800452.125000
6941    -1800453.000000
6942    -1800453.875000
6943    -1800455.000000
6944    -1800456.125000
6945    -1800457.000000
6946    -1800458.250000
6947    -1800459.250000
6948    -1800460.250000
6949    -1800461.250000
6950    -1800462.500000
6951    -1800463.625000
6952    -1800464.500000
6953    -1800465.500000
6954    -1800466.625000
6955    -1800467.750000
6956    -1800468.875000
6957    -1800470.000000
6958    -1800471.000000
6959    -1800471.875000
6960    -1800472.875000
6961    -1800474.000000
6962    -1800475.375000
6963    -1800476.125000
6964    -1800477.125000
6965    -1800478.000000
6966    -1800479.000000
6967    -1800480.000000
6968    -1800481.250000
6969    -1800482.250000
6970    -1800483.500000
6971    -1800484.375000
6972    -1800485.375000
6973    -1800486.500000
6974    -1800487.500000
6975    -1800488.500000
6976    -1800489.500000
6977    -1800490.250000
6978    -1800491.375000
6979    -1800492.500000
6980    -1800493.500000
6981    -1800494.750000
6982    -1800495.625000
6983    -1800496.500000
6984    -1800497.500000
6985    -1800498.500000
6986    -1800499.500000
6987    -1800500.750000
6988    -1800501.875000
6989    -1800502.625000
6990    -1800503.500000
6991    -1800504.750000
6992    -1800505.750000
6993    -1800506.625000
6994    -1800507.750000
6995    -1800508.750000
6996    -1800509.750000
6997    -1800510.750000
6998    -1800511.750000
6999    -1800512.500000
7000    -1800513.625000
7001    -1800514.500000
7002    -1800515.750000
7003    -1800516.500000
7004    -1800517.750000
7005    -1800518.500000
7006    -1800519.375000
7007    -1800520.375000
7008    -1800521.500000
7009    -1800522.500000
7010    -1800523.500000
7011    -1800524.250000
7012    -1800525.375000
7013    -1800526.250000
7014    -1800527.250000
7015    -1800528.000000
7016    -1800529.375000
7017    -1800530.250000
7018    -1800531.125000
7019    -1800532.125000
7020    -1800533.000000
7021    -1800534.000000
7022    -1800534.875000
7023    -1800535.875000
7024    -1800536.750000
7025    -1800538.000000
7026    -1800538.625000
7027    -1800539.750000
7028    -1800540.750000
7029    -1800541.750000
7030    -1800542.875000
7031    -1800543.500000
7032    -1800544.500000
7033    -1800545.375000
7034    -1800546.250000
7035    -1800547.375000
7036    -1800548.500000
7037    -1800549.375000
7038    -1800550.125000
7039    -1800551.125000
7040    -1800551.875000
7041    -1800553.000000
7042    -1800554.000000
7043    -1800555.000000
7044    -1800556.000000
7045    -1800556.750000
7046    -1800557.500000
7047    -1800558.500000
7048    -1800559.500000
7049    -1800560.625000
7050    -1800561.625000
7051    -1800562.375000
7052    -1800563.375000
7053    -1800564.125000
7054    -1800565.250000
7055    -1800566.000000
7056    -1800567.250000
7057    -1800567.875000
7058    -1800569.000000
7059    -1800570.000000
7060    -1800570.750000
7061    -1800571.500000
7062    -1800572.750000
7063    -1800573.625000
7064    -1800574.500000
7065    -1800575.250000
7066    -1800576.250000
7067    -1800577.250000
7068    -1800578.125000
7069    -1800579.250000
7070    -1800579.875000
7071    -1800580.875000
7072    -1800581.875000
7073    -1800582.500000
7074    -1800583.500000
7075    -1800584.625000
7076    -1800585.250000
7077    -1800586.000000
7078    -1800587.125000
7079    -1800588.125000
7080    -1800588.750000
7081    -1800589.875000
7082    -1800591.000000
7083    -1800591.875000
7084    -1800592.500000
7085    -1800593.625000
7086    -1800594.750000
7087    -1800595.250000
7088    -1800596.250000
7089    -1800597.000000
7090    -1800598.000000
7091    -1800599.000000
7092    -1800599.750000
7093    -1800600.750000
7094    -1800601.500000
7095    -1800602.375000
7096    -1800603.500000
7097    -1800604.125000
7098    -1800604.750000
7099    -1800605.875000
7100    -1800606.750000
7101    -1800607.500000
7102    -1800608.250000
7103    -1800609.250000
7104    -1800610.125000
7105    -1800611.250000
7106    -1800611.750000
7107    -1800613.000000
7108    -1800613.500000
7109    -1800614.500000
7110    -1800615.125000
7111    -1800616.000000
7112    -1800617.000000
7113    -1800618.000000
7114    -1800618.875000
7115    -1800619.625000
7116    -1800620.250000
7117    -1800621.250000
7118    -1800622.000000
7119    -1800623.250000
7120    -1800623.750000
7121    -1800624.750000
7122    -1800625.500000
7123    -1800626.375000
7124    -1800627.250000
7125    -1800628.000000
7126    -1800629.000000
7127    -1800629.750000
7128    -1800630.750000
7129    -1800631.625000
7130    -1800632.500000
7131    -1800633.250000
7132    -1800634.000000
7133    -1800634.750000
7134    -1800635.500000
7135    -1800636.250000
7136    -1800637.250000
7137    -1800638.125000
7138    -1800639.000000
7139    -1800639.875000
7140    -1800640.750000
7141    -1800641.750000
7142    -1800642.375000
7143    -1800643.250000
7144    -1800643.875000
7145    -1800644.625000
7146    -1800645.375000
7147    -1800646.625000
7148    -1800647.250000
7149    -1800647.875000
7150    -1800648.750000
7151    -1800649.625000
7152    -1800650.375000
7153    -1800651.375000
7154    -1800652.250000
7155    -1800653.250000
7156    -1800654.000000
7157    -1800654.750000
7158    -1800655.500000
7159    -1800656.500000
7160    -1800657.250000
7161    -1800658.000000
7162    -1800658.750000
7163    -1800659.500000
7164    -1800660.500000
7165    -1800661.500000
7166    -1800662.500000
7167    -1800663.000000
7168    -1800663.875000
7169    -1800664.625000
7170    -1800665.625000
7171    -1800666.625000
7172    -1800667.000000
7173    -1800668.000000
7174    -1800668.750000
7175    -1800669.750000
7176    -1800670.375000
7177    -1800671.250000
7178    -1800672.000000
7179    -1800672.875000
7180    -1800673.375000
7181    -1800674.625000
7182    -1800675.375000
7183    -1800676.250000
7184    -1800676.750000
7185    -1800677.875000
7186    -1800678.875000
7187    -1800679.500000
7188    -1800680.125000
7189    -1800681.125000
7190    -1800682.000000
7191    -1800683.000000
7192    -1800683.625000
7193    -1800684.500000
7194    -1800685.500000
7195    -1800686.125000
7196    -1800687.000000
7197    -1800688.000000
7198    -1800688.750000
7199    -1800689.375000
7200    -1800690.500000
7201    -1800691.375000
7202    -1800692.250000
7203    -1800693.125000
7204    -1800694.250000
7205    -1800695.000000
7206    -1800695.500000
7207    -1800696.750000
7208    -1800697.500000
7209    -1800698.500000
7210    -1800699.500000
7211    -1800700.250000
7212    -1800701.250000
7213    -1800702.125000
7214    -1800702.875000
7215    -1800703.750000
7216    -1800704.500000
7217    -1800705.500000
7218    -1800706.500000
7219    -1800707.250000
7220    -1800708.250000
7221    -1800709.250000
7222    -1800710.000000
7223    -1800710.750000
7224    -1800711.750000
7225    -1800712.750000
7226    -1800713.500000
7227    -1800714.750000
7228    -1800715.375000
7229    -1800716.500000
7230    -1800717.750000
7231    -1800718.250000
7232    -1800719.375000
7233    -1800720.250000
7234    -1800721.125000
7235    -1800722.000000
7236    -1800722.750000
7237    -1800723.750000
7238    -1800724.750000
7239    -1800725.500000
7240    -1800726.500000
7241    -1800727.500000
7242    -1800728.250000
7243    -1800729.375000
7244    -1800730.250000
7245    -1800731.125000
7246    -1800732.000000
7247    -1800732.875000
7248    -1800733.750000
7249    -1800734.750000
7250    -1800735.750000
7251    -1800736.750000
7252    -1800737.750000
7253    -1800738.625000
7254    -1800739.500000
7255    -1800740.750000
7256    -1800741.500000
7257    -1800742.500000
7258    -1800743.500000
7259    -1800744.625000
7260    -1800745.500000
7261    -1800746.250000
7262    -1800747.125000
7263    -1800748.250000
7264    -1800749.375000
7265    -1800750.250000
7266    -1800751.125000
7267    -1800752.375000
7268    -1800753.250000
7269    -1800754.000000
7270    -1800755.000000
7271    -1800756.250000
7272    -1800757.000000
7273    -1800758.250000
7274    -1800759.375000
7275    -1800760.250000
7276    -1800761.125000
7277    -1800762.000000
7278    -1800763.375000
7279    -1800764.000000
7280    -1800765.500000
7281    -1800766.250000
7282    -1800767.375000
7283    -1800768.375000
7284    -1800769.250000
7285    -1800770.250000
7286    -1800771.250000
7287    -1800772.250000
7288    -1800773.250000
7289    -1800774.500000
7290    -1800775.250000
7291    -1800776.125000
7292    -1800777.250000
7293    -1800778.375000
7294    -1800779.375000
7295    -1800780.250000
7296    -1800781.375000
7297    -1800782.750000
7298    -1800783.500000
7299    -1800784.500000
7300    -1800785.500000
7301    -1800786.375000
7302    -1800787.500000
7303    -1800788.625000
7304    -1800789.625000
7305    -1800790.625000
7306    -1800791.875000
7307    -1800792.875000
7308    -1800793.750000
7309    -1800794.750000
7310    -1800795.875000
7311    -1800796.875000
7312    -1800798.000000
7313    -1800799.000000
7314    -1800800.000000
7315    -1800800.875000
7316    -1800802.125000
7317    -1800803.250000
7318    -1800803.750000
7319    -1800804.875000
7320    -1800806.000000
7321    -1800807.250000
7322    -1800808.125000
7323    -1800809.250000
7324    -1800810.250000
7325    -1800811.250000
7326    -1800812.250000
7327    -1800813.250000
7328    -1800814.500000
7329    -1800815.500000
7330    -1800816.500000
7331    -1800817.250000
7332    -1800818.625000
7333    -1800819.625000
7334    -1800820.750000
7335    -1800821.500000
7336    -1800822.750000
7337    -1800823.750000
7338    -1800824.875000
7339    -1800825.750000
7340    -1800826.750000
7341    -1800828.000000
7342    -1800828.875000
7343    -1800830.000000
7344    -1800830.750000
7345    -1800832.000000
7346    -1800833.250000
7347    -1800834.250000
7348    -1800835.125000
7349    -1800836.000000
7350    -1800837.125000
7351    -1800838.000000
7352    -1800839.250000
7353    -1800840.000000
7354    -1800841.125000
7355    -1800842.250000
7356    -1800843.000000
7357    -1800844.250000
7358    -1800845.375000
7359    -1800846.250000
7360    -1800847.250000
7361    -1800848.000000
7362    -1800849.250000
7363    -1800850.250000
7364    -1800851.125000
7365    -1800852.375000
7366    -1800853.000000
7367    -1800854.000000
7368    -1800855.000000
7369    -1800856.000000
7370    -1800857.000000
7371    -1800858.000000
7372    -1800859.250000
7373    -1800860.000000
7374    -1800861.000000
7375    -1800862.000000
7376    -1800862.750000
7377    -1800863.750000
7378    -1800864.750000
7379    -1800865.750000
7380    -1800866.750000
7381    -1800867.625000
7382    -1800868.625000
7383    -1800869.500000
7384    -1800870.250000
7385    -1800871.625000
7386    -1800872.250000
7387    -1800873.125000
7388    -1800874.000000
7389    -1800875.000000
7390    -1800875.750000
7391    -1800876.875000
7392    -1800877.750000
7393    -1800878.500000
7394    -1800879.250000
7395    -1800880.375000
7396    -1800881.125000
7397    -1800882.000000
7398    -1800883.000000
7399    -1800883.875000
7400    -1800884.625000
7401    -1800885.750000
7402    -1800886.500000
7403    -1800887.375000
7404    -1800888.125000
7405    -1800888.750000
7406    -1800889.875000
7407    -1800890.875000
7408    -1800891.500000
7409    -1800892.500000
7410    -1800893.125000
7411    -1800894.250000
7412    -1800894.750000
7413    -1800895.750000
7414    -1800896.500000
7415    -1800897.625000
7416    -1800898.250000
7417    -1800899.250000
7418    -1800899.875000
7419    -1800900.875000
7420    -1800901.500000
7421    -1800902.250000
7422    -1800903.125000
7423    -1800904.000000
7424    -1800904.750000
7425    -1800905.750000
7426    -1800906.250000
7427    -1800907.000000
7428    -1800907.875000
7429    -1800908.500000
7430    -1800909.375000
7431    -1800910.250000
7432    -1800911.125000
7433    -1800911.875000
7434    -1800912.750000
7435    -1800913.250000
7436    -1800914.125000
7437    -1800914.750000
7438    -1800915.750000
7439    -1800916.500000
7440    -1800917.250000
7441    -1800918.000000
7442    -1800918.750000
7443    -1800919.375000
7444    -1800920.250000
7445    -1800921.000000
7446    -1800921.375000
7447    -1800922.000000
7448    -1800923.000000
7449    -1800923.750000
7450    -1800924.375000
7451    -1800925.125000
7452    -1800925.625000
7453    -1800926.500000
7454    -1800927.125000
7455    -1800927.625000
7456    -1800928.500000
7457    -1800929.125000
7458    -1800929.500000
7459    -1800930.500000
7460    -1800931.125000
7461    -1800931.750000
7462    -1800932.500000
7463    -1800933.375000
7464    -1800933.875000
7465    -1800934.500000
7466    -1800935.500000
7467    -1800935.750000
7468    -1800936.500000
7469    -1800937.000000
7470    -1800937.750000
7471    -1800938.375000
7472    -1800939.000000
7473    -1800939.500000
7474    -1800940.375000
7475    -1800940.875000
7476    -1800941.625000
7477    -1800942.250000
7478    -1800943.250000
7479    -1800943.750000
7480    -1800944.250000
7481    -1800944.750000
7482    -1800945.375000
7483    -1800946.000000
7484    -1800946.625000
7485    -1800947.375000
7486    -1800948.000000
7487    -1800948.500000
7488    -1800949.000000
7489    -1800949.500000
7490    -1800950.125000
7491    -1800951.000000
7492    -1800951.625000
7493    -1800952.000000
7494    -1800952.625000
7495    -1800953.250000
7496    -1800954.000000
7497    -1800954.500000
7498    -1800954.750000
7499    -1800955.625000
7500    -1800956.125000
7501    -1800956.625000
7502    -1800957.250000
7503    -1800957.750000
7504    -1800958.500000
7505    -1800959.000000
7506    -1800959.500000
7507    -1800960.000000
7508    -1800960.750000
7509    -1800961.375000
7510    -1800961.750000
7511    -1800962.250000
7512    -1800962.500000
7513    -1800963.375000
7514    -1800964.000000
7515    -1800964.375000
7516    -1800964.750000
7517    -1800965.500000
7518    -1800966.000000
7519    -1800966.375000
7520    -1800966.875000
7521    -1800967.750000
7522    -1800968.000000
7523    -1800968.500000
7524    -1800969.125000
7525    -1800969.500000
7526    -1800970.125000
7527    -1800970.500000
7528    -1800971.000000
7529    -1800971.500000
7530    -1800972.125000
7531    -1800972.750000
7532    -1800973.125000
7533    -1800973.625000
7534    -1800974.250000
7535    -1800974.625000
7536    -1800975.250000
7537    -1800975.750000
7538    -1800976.250000
7539    -1800976.750000
7540    -1800977.125000
7541    -1800977.750000
7542    -1800978.250000
7543    -1800978.750000
7544    -1800979.125000
7545    -1800979.500000
7546    -1800979.750000
7547    -1800980.500000
7548    -1800981.000000
7549    -1800981.500000
7550    -1800981.750000
7551    -1800982.500000
7552    -1800982.750000
7553    -1800983.125000
7554    -1800983.750000
7555    -1800984.250000
7556    -1800984.500000
7557    -1800985.125000
7558    -1800985.500000
7559    -1800986.000000
7560    -1800986.500000
7561    -1800986.750000
7562    -1800987.375000
7563    -1800987.750000
7564    -1800988.125000
7565    -1800988.625000
7566    -1800989.000000
7567    -1800989.500000
7568    -1800989.750000
7569    -1800990.375000
7570    -1800990.875000
7571    -1800991.250000
7572    -1800991.500000
7573    -1800991.875000
7574    -1800992.375000
7575    -1800992.750000
7576    -1800993.000000
7577    -1800993.500000
7578    -1800994.000000
7579    -1800994.375000
7580    -1800994.750000
7581    -1800995.375000
7582    -1800995.500000
7583    -1800996.000000
7584    -1800996.500000
7585    -1800996.750000
7586    -1800997.250000
7587    -1800997.750000
7588    -1800998.250000
7589    -1800998.500000
7590    -1800999.000000
7591    -1800999.500000
7592    -1800999.750000
7593    -1801000.250000
7594    -1801000.750000
7595    -1801001.125000
7596    -1801001.500000
7597    -1801001.750000
7598    -1801002.250000
7599    -1801002.625000
7600    -1801003.000000
7601    -1801003.375000
7602    -1801004.000000
7603    -1801004.250000
7604    -1801004.750000
7605    -1801005.000000
7606    -1801005.500000
7607    -1801005.750000
7608    -1801006.250000
7609    -1801006.500000
7610    -1801006.875000
7611    -1801007.375000
7612    -1801007.750000
7613    -1801008.250000
7614    -1801008.750000
7615    -1801009.000000
7616    -1801009.500000
7617    -1801009.875000
7618    -1801010.125000
7619    -1801010.375000
7620    -1801010.750000
7621    -1801011.000000
7622    -1801011.500000
7623    -1801011.750000
7624    -1801012.000000
7625    -1801012.625000
7626    -1801013.000000
7627    -1801013.250000
7628    -1801013.750000
7629    -1801013.875000
7630    -1801014.375000
7631    -1801014.875000
7632    -1801015.250000
7633    -1801015.625000
7634    -1801016.000000
7635    -1801016.375000
7636    -1801016.500000
7637    -1801017.000000
7638    -1801017.375000
7639    -1801017.750000
7640    -1801018.000000
7641    -1801018.500000
7642    -1801018.750000
7643    -1801019.250000
7644    -1801019.625000
7645    -1801019.875000
7646    -1801020.375000
7647    -1801020.750000
7648    -1801021.000000
7649    -1801021.375000
7650    -1801021.625000
7651    -1801022.250000
7652    -1801022.500000
7653    -1801022.750000
7654    -1801023.000000
7655    -1801023.500000
7656    -1801023.750000
7657    -1801024.250000
7658    -1801024.500000
7659    -1801024.750000
7660    -1801025.250000
7661    -1801025.625000
7662    -1801026.000000
7663    -1801026.375000
7664    -1801026.875000
7665    -1801026.875000
7666    -1801027.250000
7667    -1801027.500000
7668    -1801028.000000
7669    -1801028.250000
7670    -1801028.625000
7671    -1801028.750000
7672    -1801029.250000
7673    -1801029.750000
7674    -1801030.000000
7675    -1801030.375000
7676    -1801030.750000
7677    -1801031.125000
7678    -1801031.500000
7679    -1801031.750000
7680    -1801032.125000
7681    -1801032.250000
7682    -1801032.625000
7683    -1801033.000000
7684    -1801033.375000
7685    -1801033.500000
7686    -1801034.000000
7687    -1801034.375000
7688    -1801034.750000
7689    -1801035.000000
7690    -1801035.375000
7691    -1801035.750000
7692    -1801036.125000
7693    -1801036.375000
7694    -1801036.750000
7695    -1801037.000000
7696    -1801037.375000
7697    -1801037.750000
7698    -1801038.000000
7699    -1801038.250000
7700    -1801038.750000
7701    -1801039.000000
7702    -1801039.375000
7703    -1801039.750000
7704    -1801040.000000
7705    -1801040.500000
7706    -1801040.750000
7707    -1801041.000000
7708    -1801041.375000
7709    -1801041.750000
7710    -1801042.250000
7711    -1801042.250000
7712    -1801042.750000
7713    -1801042.875000
7714    -1801043.250000
7715    -1801043.500000
7716    -1801043.875000
7717    -1801044.250000
7718    -1801044.750000
7719    -1801045.000000
7720    -1801045.500000
7721    -1801045.750000
7722    -1801046.250000
7723    -1801046.250000
7724    -1801046.750000
7725    -1801047.000000
7726    -1801047.375000
7727    -1801047.750000
7728    -1801048.250000
7729    -1801048.500000
7730    -1801049.000000
7731    -1801049.375000
7732    -1801049.500000
7733    -1801050.000000
7734    -1801050.375000
7735    -1801050.500000
7736    -1801051.000000
7737    -1801051.250000
7738    -1801051.500000
7739    -1801052.000000
7740    -1801052.500000
7741    -1801052.750000
7742    -1801053.250000
7743    -1801053.500000
7744    -1801053.875000
7745    -1801054.250000
7746    -1801054.625000
7747    -1801055.000000
7748    -1801055.375000
7749    -1801055.750000
7750    -1801056.250000
7751    -1801056.500000
7752    -1801056.750000
7753    -1801057.125000
7754    -1801057.500000
7755    -1801058.000000
7756    -1801058.250000
7757    -1801058.750000
7758    -1801059.000000
7759    -1801059.500000
7760    -1801059.750000
7761    -1801060.125000
7762    -1801060.750000
7763    -1801060.875000
7764    -1801061.375000
7765    -1801061.750000
7766    -1801062.125000
7767    -1801062.500000
7768    -1801062.875000
7769    -1801063.250000
7770    -1801063.750000
7771    -1801064.125000
7772    -1801064.625000
7773    -1801065.000000
7774    -1801065.250000
7775    -1801065.750000
7776    -1801066.000000
7777    -1801066.500000
7778    -1801067.000000
7779    -1801067.250000
7780    -1801067.625000
7781    -1801068.125000
7782    -1801068.500000
7783    -1801069.000000
7784    -1801069.375000
7785    -1801069.750000
7786    -1801070.125000
7787    -1801070.500000
7788    -1801070.875000
7789    -1801071.500000
7790    -1801071.750000
7791    -1801072.250000
7792    -1801072.750000
7793    -1801073.125000
7794    -1801073.625000
7795    -1801073.750000
7796    -1801074.250000
7797    -1801074.750000
7798    -1801075.250000
7799    -1801075.750000
7800    -1801076.000000
7801    -1801076.500000
7802    -1801076.875000
7803    -1801077.375000
7804    -1801077.750000
7805    -1801078.125000
7806    -1801078.750000
7807    -1801079.000000
7808    -1801079.250000
7809    -1801080.000000
7810    -1801080.250000
7811    -1801080.750000
7812    -1801081.000000
7813    -1801081.750000
7814    -1801082.000000
7815    -1801082.500000
7816    -1801083.000000
7817    -1801083.500000
7818    -1801084.000000
7819    -1801084.250000
7820    -1801084.875000
7821    -1801085.375000
7822    -1801085.750000
7823    -1801086.250000
7824    -1801086.500000
7825    -1801087.125000
7826    -1801087.750000
7827    -1801088.000000
7828    -1801088.375000
7829    -1801088.750000
7830    -1801089.250000
7831    -1801089.750000
7832    -1801090.250000
7833    -1801090.750000
7834    -1801091.250000
7835    -1801091.500000
7836    -1801092.125000
7837    -1801092.625000
7838    -1801093.125000
7839    -1801093.500000
7840    -1801094.125000
7841    -1801094.500000
7842    -1801095.000000
7843    -1801095.500000
7844    -1801096.000000
7845    -1801096.250000
7846    -1801096.750000
7847    -1801097.375000
7848    -1801097.750000
7849    -1801098.250000
7850    -1801098.500000
7851    -1801099.250000
7852    -1801099.750000
7853    -1801100.125000
7854    -1801100.750000
7855    -1801101.250000
7856    -1801101.625000
7857    -1801102.250000
7858    -1801102.625000
7859    -1801103.250000
7860    -1801103.625000
7861    -1801104.000000
7862    -1801104.625000
7863    -1801105.000000
7864    -1801105.250000
7865    -1801106.000000
7866    -1801106.500000
7867    -1801106.875000
7868    -1801107.500000
7869    -1801108.000000
7870    -1801108.375000
7871    -1801109.125000
7872    -1801109.750000
7873    -1801109.875000
7874    -1801110.500000
7875    -1801110.875000
7876    -1801111.250000
7877    -1801111.875000
7878    -1801112.250000
7879    -1801112.875000
7880    -1801113.250000
7881    -1801114.000000
7882    -1801114.375000
7883    -1801114.875000
7884    -1801115.375000
7885    -1801115.750000
7886    -1801116.500000
7887    -1801116.750000
7888    -1801117.250000
7889    -1801117.875000
7890    -1801118.375000
7891    -1801119.000000
7892    -1801119.375000
7893    -1801119.875000
7894    -1801120.500000
7895    -1801120.875000
7896    -1801121.500000
7897    -1801121.750000
7898    -1801122.375000
7899    -1801122.750000
7900    -1801123.500000
7901    -1801124.000000
7902    -1801124.250000
7903    -1801125.000000
7904    -1801125.375000
7905    -1801126.000000
7906    -1801126.375000
7907    -1801127.125000
7908    -1801127.250000
7909    -1801128.000000
7910    -1801128.500000
7911    -1801129.125000
7912    -1801129.500000
7913    -1801130.000000
7914    -1801130.500000
7915    -1801131.125000
7916    -1801131.500000
7917    -1801132.000000
7918    -1801132.500000
7919    -1801133.000000
7920    -1801133.500000
7921    -1801134.000000
7922    -1801134.500000
7923    -1801135.000000
7924    -1801135.375000
7925    -1801136.125000
7926    -1801136.750000
7927    -1801137.250000
7928    -1801137.500000
7929    -1801138.000000
7930    -1801138.500000
7931    -1801139.000000
7932    -1801139.625000
7933    -1801140.000000
7934    -1801140.500000
7935    -1801141.125000
7936    -1801141.750000
7937    -1801142.125000
7938    -1801142.750000
7939    -1801143.250000
7940    -1801143.625000
7941    -1801144.000000
7942    -1801144.625000
7943    -1801145.000000
7944    -1801145.500000
7945    -1801146.125000
7946    -1801146.750000
7947    -1801147.250000
7948    -1801147.750000
7949    -1801148.250000
7950    -1801148.500000
7951    -1801149.000000
7952    -1801149.625000
7953    -1801150.250000
7954    -1801150.750000
7955    -1801151.250000
7956    -1801151.500000
7957    -1801152.250000
7958    -1801152.750000
7959    -1801153.250000
7960    -1801153.625000
7961    -1801154.125000
7962    -1801154.625000
7963    -1801155.250000
7964    -1801155.750000
7965    -1801156.250000
7966    -1801156.875000
7967    -1801157.125000
7968    -1801157.625000
7969    -1801158.250000
7970    -1801158.750000
7971    -1801159.250000
7972    -1801159.750000
7973    -1801160.250000
7974    -1801160.750000
7975    -1801161.250000
7976    -1801161.750000
7977    -1801162.125000
7978    -1801162.750000
7979    -1801163.375000
7980    -1801163.750000
7981    -1801164.250000
7982    -1801164.750000
7983    -1801165.250000
7984    -1801165.750000
7985    -1801166.250000
7986    -1801166.750000
7987    -1801167.250000
7988    -1801167.750000
7989    -1801168.125000
7990    -1801168.750000
7991    -1801169.250000
7992    -1801169.750000
7993    -1801170.375000
7994    -1801171.000000
7995    -1801171.250000
7996    -1801171.750000
7997    -1801172.250000
7998    -1801172.750000
7999    -1801173.250000
8000    -1801173.750000
8001    -1801174.250000
8002    -1801174.750000
8003    -1801175.250000
8004    -1801175.750000
8005    -1801176.250000
8006    -1801176.750000
8007    -1801177.375000
8008    -1801177.875000
8009    -1801178.250000
8010    -1801178.750000
8011    -1801179.375000
8012    -1801179.750000
8013    -1801180.500000
8014    -1801180.750000
8015    -1801181.250000
8016    -1801181.750000
8017    -1801182.375000
8018    -1801182.875000
8019    -1801183.375000
8020    -1801184.000000
8021    -1801184.500000
8022    -1801184.875000
8023    -1801185.375000
8024    -1801186.000000
8025    -1801186.750000
8026    -1801187.000000
8027    -1801187.375000
8028    -1801187.750000
8029    -1801188.500000
8030    -1801189.250000
8031    -1801189.625000
8032    -1801190.000000
8033    -1801190.500000
8034    -1801191.125000
8035    -1801191.375000
8036    -1801192.125000
8037    -1801193.000000
8038    -1801193.250000
8039    -1801193.750000
8040    -1801194.250000
8041    -1801194.750000
8042    -1801195.250000
8043    -1801195.625000
8044    -1801196.000000
8045    -1801196.750000
8046    -1801197.125000
8047    -1801197.500000
8048    -1801198.000000
8049    -1801198.625000
8050    -1801199.250000
8051    -1801199.500000
8052    -1801200.250000
8053    -1801200.750000
8054    -1801201.000000
8055    -1801201.500000
8056    -1801202.125000
8057    -1801202.750000
8058    -1801203.250000
8059    -1801203.750000
8060    -1801204.000000
8061    -1801204.500000
8062    -1801205.250000
8063    -1801205.750000
8064    -1801206.125000
8065    -1801206.500000
8066    -1801207.250000
8067    -1801207.750000
8068    -1801208.250000
8069    -1801208.750000
8070    -1801209.250000
8071    -1801209.625000
8072    -1801210.250000
8073    -1801210.625000
8074    -1801211.250000
8075    -1801211.875000
8076    -1801212.375000
8077    -1801212.750000
8078    -1801213.250000
8079    -1801213.750000
8080    -1801214.250000
8081    -1801215.000000
8082    -1801215.500000
8083    -1801215.750000
8084    -1801216.500000
8085    -1801216.750000
8086    -1801217.250000
8087    -1801218.000000
8088    -1801218.500000
8089    -1801219.000000
8090    -1801219.500000
8091    -1801219.875000
8092    -1801220.500000
8093    -1801221.000000
8094    -1801221.625000
8095    -1801222.000000
8096    -1801222.500000
8097    -1801223.250000
8098    -1801223.625000
8099    -1801224.000000
8100    -1801224.750000
8101    -1801225.250000
8102    -1801225.750000
8103    -1801226.250000
8104    -1801226.750000
8105    -1801227.250000
8106    -1801227.750000
8107    -1801228.375000
8108    -1801229.000000
8109    -1801229.375000
8110    -1801229.875000
8111    -1801230.500000
8112    -1801231.000000
8113    -1801231.500000
8114    -1801232.000000
8115    -1801232.625000
8116    -1801233.000000
8117    -1801233.750000
8118    -1801234.250000
8119    -1801234.750000
8120    -1801235.250000
8121    -1801235.875000
8122    -1801236.500000
8123    -1801237.000000
8124    -1801237.250000
8125    -1801238.000000
8126    -1801238.750000
8127    -1801239.250000
8128    -1801239.750000
8129    -1801240.500000
8130    -1801241.000000
8131    -1801241.750000
8132    -1801242.000000
8133    -1801242.625000
8134    -1801243.250000
8135    -1801243.875000
8136    -1801244.250000
8137    -1801245.000000
8138    -1801245.500000
8139    -1801246.250000
8140    -1801246.750000
8141    -1801247.375000
8142    -1801247.750000
8143    -1801248.500000
8144    -1801248.875000
8145    -1801249.500000
8146    -1801250.250000
8147    -1801250.750000
8148    -1801251.375000
8149    -1801252.000000
8150    -1801252.500000
8151    -1801253.000000
8152    -1801253.750000
8153    -1801254.125000
8154    -1801254.750000
8155    -1801255.500000
8156    -1801256.000000
8157    -1801256.750000
8158    -1801257.250000
8159    -1801257.750000
8160    -1801258.500000
8161    -1801258.875000
8162    -1801259.625000
8163    -1801260.250000
8164    -1801260.750000
8165    -1801261.500000
8166    -1801262.000000
8167    -1801262.750000
8168    -1801263.375000
8169    -1801264.125000
8170    -1801264.750000
8171    -1801265.250000
8172    -1801266.000000
8173    -1801266.500000
8174    -1801267.250000
8175    -1801268.000000
8176    -1801268.500000
8177    -1801269.250000
8178    -1801269.875000
8179    -1801270.500000
8180    -1801271.250000
8181    -1801271.750000
8182    -1801272.500000
8183    -1801273.375000
8184    -1801274.000000
8185    -1801274.625000
8186    -1801275.250000
8187    -1801276.000000
8188    -1801276.750000
8189    -1801277.375000
8190    -1801278.250000
8191    -1801278.750000
8192    -1801279.500000
8193    -1801280.000000
8194    -1801281.000000
8195    -1801281.500000
8196    -1801282.250000
8197    -1801283.250000
8198    -1801284.000000
8199    -1801284.500000
8200    -1801285.375000
8201    -1801286.125000
8202    -1801286.750000
8203    -1801287.750000
8204    -1801288.375000
8205    -1801289.125000
8206    -1801289.750000
8207    -1801290.500000
8208    -1801291.250000
8209    -1801292.250000
8210    -1801293.000000
8211    -1801293.625000
8212    -1801294.500000
8213    -1801295.250000
8214    -1801296.000000
8215    -1801296.750000
8216    -1801297.750000
8217    -1801298.500000
8218    -1801299.250000
8219    -1801299.875000
8220    -1801300.750000
8221    -1801301.625000
8222    -1801302.500000
8223    -1801303.500000
8224    -1801304.250000
8225    -1801305.000000
8226    -1801305.750000
8227    -1801306.750000
8228    -1801307.500000
8229    -1801308.375000
8230    -1801309.250000
8231    -1801310.000000
8232    -1801311.000000
8233    -1801311.875000
8234    -1801312.625000
8235    -1801313.500000
8236    -1801314.375000
8237    -1801315.125000
8238    -1801316.000000
8239    -1801316.750000
8240    -1801317.875000
8241    -1801318.625000
8242    -1801319.375000
8243    -1801320.500000
8244    -1801321.125000
8245    -1801322.250000
8246    -1801323.000000
8247    -1801324.000000
8248    -1801324.875000
8249    -1801325.500000
8250    -1801326.625000
8251    -1801327.500000
8252    -1801328.250000
8253    -1801329.250000
8254    -1801330.000000
8255    -1801330.750000
8256    -1801331.750000
8257    -1801332.750000
8258    -1801333.625000
8259    -1801334.375000
8260    -1801335.375000
8261    -1801336.250000
8262    -1801337.125000
8263    -1801338.125000
8264    -1801338.875000
8265    -1801339.750000
8266    -1801341.000000
8267    -1801341.625000
8268    -1801342.500000
8269    -1801343.500000
8270    -1801344.250000
8271    -1801345.125000
8272    -1801346.000000
8273    -1801347.000000
8274    -1801347.750000
8275    -1801348.750000
8276    -1801349.500000
8277    -1801350.500000
8278    -1801351.500000
8279    -1801352.500000
8280    -1801353.125000
8281    -1801354.250000
8282    -1801355.000000
8283    -1801355.750000
8284    -1801356.750000
8285    -1801357.750000
8286    -1801358.750000
8287    -1801359.500000
8288    -1801360.375000
8289    -1801361.250000
8290    -1801362.000000
8291    -1801363.000000
8292    -1801363.750000
8293    -1801365.000000
8294    -1801365.875000
8295    -1801366.625000
8296    -1801367.500000
8297    -1801368.500000
8298    -1801369.250000
8299    -1801370.250000
8300    -1801371.000000
8301    -1801372.000000
8302    -1801373.000000
8303    -1801373.750000
8304    -1801374.625000
8305    -1801375.625000
8306    -1801376.375000
8307    -1801377.250000
8308    -1801378.250000
8309    -1801379.125000
8310    -1801380.000000
8311    -1801381.000000
8312    -1801381.875000
8313    -1801382.875000
8314    -1801383.750000
8315    -1801384.500000
8316    -1801385.250000
8317    -1801386.125000
8318    -1801387.000000
8319    -1801388.000000
8320    -1801388.750000
8321    -1801390.000000
8322    -1801390.750000
8323    -1801391.500000
8324    -1801392.500000
8325    -1801393.250000
8326    -1801394.250000
8327    -1801395.125000
8328    -1801395.875000
8329    -1801396.750000
8330    -1801397.750000
8331    -1801398.750000
8332    -1801399.500000
8333    -1801400.250000
8334    -1801401.375000
8335    -1801402.000000
8336    -1801402.875000
8337    -1801403.750000
8338    -1801404.875000
8339    -1801405.500000
8340    -1801406.500000
8341    -1801407.375000
8342    -1801408.500000
8343    -1801409.000000
8344    -1801410.000000
8345    -1801410.875000
8346    -1801411.750000
8347    -1801412.500000
8348    -1801413.500000
8349    -1801414.375000
8350    -1801415.250000
8351    -1801416.125000
8352    -1801416.875000
8353    -1801417.750000
8354    -1801419.000000
8355    -1801419.500000
8356    -1801420.375000
8357    -1801421.250000
8358    -1801422.000000
8359    -1801422.875000
8360    -1801423.500000
8361    -1801424.875000
8362    -1801425.500000
8363    -1801426.375000
8364    -1801427.000000
8365    -1801428.000000
8366    -1801428.625000
8367    -1801429.625000
8368    -1801430.375000
8369    -1801431.250000
8370    -1801432.000000
8371    -1801432.750000
8372    -1801433.500000
8373    -1801434.250000
8374    -1801435.250000
8375    -1801436.250000
8376    -1801436.750000
8377    -1801437.750000
8378    -1801438.625000
8379    -1801439.500000
8380    -1801440.250000
8381    -1801441.000000
8382    -1801441.625000
8383    -1801442.375000
8384    -1801443.000000
8385    -1801444.000000
8386    -1801444.750000
8387    -1801445.500000
8388    -1801446.375000
8389    -1801447.000000
8390    -1801447.875000
8391    -1801448.375000
8392    -1801449.500000
8393    -1801450.125000
8394    -1801450.875000
8395    -1801451.625000
8396    -1801452.500000
8397    -1801453.125000
8398    -1801454.000000
8399    -1801454.625000
8400    -1801455.500000
8401    -1801456.125000
8402    -1801457.000000
8403    -1801457.500000
8404    -1801458.250000
8405    -1801459.000000
8406    -1801459.500000
8407    -1801460.250000
8408    -1801461.125000
8409    -1801461.750000
8410    -1801462.500000
8411    -1801463.125000
8412    -1801463.875000
8413    -1801464.875000
8414    -1801465.250000
8415    -1801466.000000
8416    -1801466.750000
8417    -1801467.375000
8418    -1801468.000000
8419    -1801468.625000
8420    -1801469.250000
8421    -1801470.000000
8422    -1801470.500000
8423    -1801471.125000
8424    -1801472.000000
8425    -1801472.625000
8426    -1801473.250000
8427    -1801474.000000
8428    -1801474.625000
8429    -1801475.125000
8430    -1801475.750000
8431    -1801476.500000
8432    -1801477.125000
8433    -1801477.750000
8434    -1801478.250000
8435    -1801479.125000
8436    -1801479.750000
8437    -1801480.250000
8438    -1801481.125000
8439    -1801481.500000
8440    -1801482.250000
8441    -1801482.750000
8442    -1801483.625000
8443    -1801484.250000
8444    -1801484.750000
8445    -1801485.250000
8446    -1801486.000000
8447    -1801486.750000
8448    -1801487.250000
8449    -1801487.750000
8450    -1801488.750000
8451    -1801489.375000
8452    -1801490.000000
8453    -1801490.500000
8454    -1801491.000000
8455    -1801492.000000
8456    -1801492.375000
8457    -1801493.000000
8458    -1801493.750000
8459    -1801494.500000
8460    -1801495.250000
8461    -1801495.750000
8462    -1801496.125000
8463    -1801496.875000
8464    -1801497.500000
8465    -1801498.125000
8466    -1801498.750000
8467    -1801499.375000
8468    -1801500.000000
8469    -1801500.750000
8470    -1801501.375000
8471    -1801501.750000
8472    -1801502.375000
8473    -1801503.000000
8474    -1801503.750000
8475    -1801504.375000
8476    -1801505.000000
8477    -1801505.750000
8478    -1801506.500000
8479    -1801506.750000
8480    -1801507.250000
8481    -1801508.125000
8482    -1801508.625000
8483    -1801509.500000
8484    -1801510.125000
8485    -1801510.750000
8486    -1801511.125000
8487    -1801511.750000
8488    -1801512.375000
8489    -1801513.000000
8490    -1801513.375000
8491    -1801514.250000
8492    -1801514.750000
8493    -1801515.125000
8494    -1801516.000000
8495    -1801516.750000
8496    -1801517.375000
8497    -1801517.875000
8498    -1801518.500000
8499    -1801519.250000
8500    -1801519.750000
8501    -1801520.250000
8502    -1801520.875000
8503    -1801521.500000
8504    -1801522.250000
8505    -1801522.750000
8506    -1801523.250000
8507    -1801524.000000
8508    -1801524.500000
8509    -1801525.250000
8510    -1801525.750000
8511    -1801526.000000
8512    -1801526.750000
8513    -1801527.500000
8514    -1801528.125000
8515    -1801528.500000
8516    -1801529.625000
8517    -1801529.875000
8518    -1801530.500000
8519    -1801531.000000
8520    -1801531.500000
8521    -1801532.125000
8522    -1801532.750000
8523    -1801533.375000
8524    -1801533.750000
8525    -1801534.500000
8526    -1801535.000000
8527    -1801535.750000
8528    -1801536.125000
8529    -1801536.750000
8530    -1801537.375000
8531    -1801537.875000
8532    -1801538.750000
8533    -1801539.375000
8534    -1801539.750000
8535    -1801540.250000
8536    -1801541.000000
8537    -1801541.500000
8538    -1801542.000000
8539    -1801542.875000
8540    -1801543.250000
8541    -1801543.875000
8542    -1801544.375000
8543    -1801545.000000
8544    -1801545.500000
8545    -1801546.125000
8546    -1801546.750000
8547    -1801547.250000
8548    -1801548.000000
8549    -1801548.375000
8550    -1801549.000000
8551    -1801549.625000
8552    -1801550.250000
8553    -1801551.000000
8554    -1801551.500000
8555    -1801551.875000
8556    -1801552.500000
8557    -1801553.125000
8558    -1801553.875000
8559    -1801554.250000
8560    -1801555.000000
8561    -1801555.750000
8562    -1801556.000000
8563    -1801556.625000
8564    -1801557.250000
8565    -1801558.000000
8566    -1801558.375000
8567    -1801558.875000
8568    -1801559.500000
8569    -1801560.000000
8570    -1801560.625000
8571    -1801561.250000
8572    -1801561.875000
8573    -1801562.375000
8574    -1801562.875000
8575    -1801563.250000
8576    -1801564.000000
8577    -1801564.750000
8578    -1801565.375000
8579    -1801566.000000
8580    -1801566.250000
8581    -1801567.000000
8582    -1801567.750000
8583    -1801568.250000
8584    -1801568.625000
8585    -1801569.500000
8586    -1801570.250000
8587    -1801570.750000
8588    -1801571.250000
8589    -1801571.625000
8590    -1801572.375000
8591    -1801573.125000
8592    -1801573.500000
8593    -1801574.250000
8594    -1801574.750000
8595    -1801575.500000
8596    -1801576.250000
8597    -1801576.500000
8598    -1801577.250000
8599    -1801578.000000
8600    -1801578.500000
8601    -1801579.125000
8602    -1801579.750000
8603    -1801580.375000
8604    -1801581.000000
8605    -1801582.000000
8606    -1801582.250000
8607    -1801583.000000
8608    -1801583.750000
8609    -1801584.375000
8610    -1801585.000000
8611    -1801585.625000
8612    -1801586.375000
8613    -1801587.000000
8614    -1801587.500000
8615    -1801588.250000
8616    -1801589.000000
8617    -1801589.625000
8618    -1801590.125000
8619    -1801591.000000
8620    -1801591.750000
8621    -1801592.500000
8622    -1801593.125000
8623    -1801593.500000
8624    -1801594.375000
8625    -1801595.250000
8626    -1801595.750000
8627    -1801596.375000
8628    -1801597.000000
8629    -1801597.875000
8630    -1801598.500000
8631    -1801599.125000
8632    -1801600.000000
8633    -1801600.625000
8634    -1801601.250000
8635    -1801601.875000
8636    -1801602.625000
8637    -1801603.375000
8638    -1801604.000000
8639    -1801604.750000
8640    -1801605.500000
8641    -1801606.250000
8642    -1801606.875000
8643    -1801607.500000
8644    -1801608.250000
8645    -1801609.000000
8646    -1801609.750000
8647    -1801610.375000
8648    -1801611.250000
8649    -1801611.750000
8650    -1801612.500000
8651    -1801613.250000
8652    -1801614.000000
8653    -1801614.750000
8654    -1801615.375000
8655    -1801616.125000
8656    -1801617.000000
8657    -1801617.625000
8658    -1801618.250000
8659    -1801619.000000
8660    -1801619.750000
8661    -1801620.500000
8662    -1801621.250000
8663    -1801622.000000
8664    -1801622.750000
8665    -1801623.250000
8666    -1801624.125000
8667    -1801624.875000
8668    -1801625.625000
8669    -1801626.375000
8670    -1801627.000000
8671    -1801627.875000
8672    -1801628.500000
8673    -1801629.250000
8674    -1801629.875000
8675    -1801630.750000
8676    -1801631.250000
8677    -1801632.125000
8678    -1801633.000000
8679    -1801633.750000
8680    -1801634.500000
8681    -1801635.125000
8682    -1801635.750000
8683    -1801636.500000
8684    -1801637.500000
8685    -1801638.000000
8686    -1801638.750000
8687    -1801639.500000
8688    -1801640.250000
8689    -1801640.875000
8690    -1801641.750000
8691    -1801642.500000
8692    -1801643.250000
8693    -1801644.000000
8694    -1801644.750000
8695    -1801645.500000
8696    -1801646.250000
8697    -1801647.125000
8698    -1801647.750000
8699    -1801648.500000
8700    -1801649.250000
8701    -1801650.000000
8702    -1801650.750000
8703    -1801651.500000
8704    -1801652.250000
8705    -1801653.125000
8706    -1801653.750000
8707    -1801654.625000
8708    -1801655.500000
8709    -1801656.000000
8710    -1801657.000000
8711    -1801657.875000
8712    -1801658.500000
8713    -1801659.000000
8714    -1801660.000000
8715    -1801660.750000
8716    -1801661.375000
8717    -1801662.125000
8718    -1801662.875000
8719    -1801663.750000
8720    -1801664.750000
8721    -1801665.500000
8722    -1801666.125000
8723    -1801666.875000
8724    -1801667.750000
8725    -1801668.625000
8726    -1801669.375000
8727    -1801670.250000
8728    -1801671.000000
8729    -1801671.750000
8730    -1801672.625000
8731    -1801673.125000
8732    -1801674.250000
8733    -1801675.000000
8734    -1801675.750000
8735    -1801676.500000
8736    -1801677.500000
8737    -1801678.000000
8738    -1801678.875000
8739    -1801679.750000
8740    -1801680.750000
8741    -1801681.500000
8742    -1801682.250000
8743    -1801683.000000
8744    -1801684.000000
8745    -1801684.750000
8746    -1801685.500000
8747    -1801686.500000
8748    -1801687.250000
8749    -1801688.000000
8750    -1801688.750000
8751    -1801689.750000
8752    -1801690.625000
8753    -1801691.375000
8754    -1801692.000000
8755    -1801693.000000
8756    -1801693.750000
8757    -1801694.750000
8758    -1801695.500000
8759    -1801696.125000
8760    -1801697.125000
8761    -1801698.000000
8762    -1801698.750000
8763    -1801699.500000
8764    -1801700.375000
8765    -1801701.500000
8766    -1801702.250000
8767    -1801703.000000
8768    -1801703.750000
8769    -1801704.875000
8770    -1801705.500000
8771    -1801706.500000
8772    -1801707.375000
8773    -1801708.000000
8774    -1801708.875000
8775    -1801709.875000
8776    -1801710.500000
8777    -1801711.375000
8778    -1801712.250000
8779    -1801713.000000
8780    -1801714.000000
8781    -1801714.750000
8782    -1801715.750000
8783    -1801716.625000
8784    -1801717.375000
8785    -1801718.250000
8786    -1801719.000000
8787    -1801719.875000
8788    -1801720.750000
8789    -1801721.500000
8790    -1801722.250000
8791    -1801723.250000
8792    -1801724.125000
8793    -1801725.000000
8794    -1801725.750000
8795    -1801726.625000
8796    -1801727.500000
8797    -1801728.125000
8798    -1801729.250000
8799    -1801730.000000
8800    -1801731.000000
8801    -1801731.750000
8802    -1801732.500000
8803    -1801733.375000
8804    -1801734.250000
8805    -1801735.000000
8806    -1801735.750000
8807    -1801736.750000
8808    -1801737.625000
8809    -1801738.375000
8810    -1801739.250000
8811    -1801740.250000
8812    -1801741.000000
8813    -1801742.000000
8814    -1801742.625000
8815    -1801743.500000
8816    -1801744.250000
8817    -1801745.250000
8818    -1801746.000000
8819    -1801746.875000
8820    -1801747.625000
8821    -1801748.625000
8822    -1801749.375000
8823    -1801750.125000
8824    -1801751.000000
8825    -1801751.750000
8826    -1801752.750000
8827    -1801753.500000
8828    -1801754.250000
8829    -1801755.000000
8830    -1801756.000000
8831    -1801756.500000
8832    -1801757.500000
8833    -1801758.250000
8834    -1801759.000000
8835    -1801759.750000
8836    -1801760.750000
8837    -1801761.375000
8838    -1801762.250000
8839    -1801763.000000
8840    -1801764.000000
8841    -1801764.750000
8842    -1801765.250000
8843    -1801766.000000
8844    -1801767.000000
8845    -1801767.625000
8846    -1801768.500000
8847    -1801769.250000
8848    -1801770.000000
8849    -1801770.625000
8850    -1801771.500000
8851    -1801772.250000
8852    -1801773.000000
8853    -1801773.875000
8854    -1801774.500000
8855    -1801775.250000
8856    -1801776.250000
8857    -1801777.000000
8858    -1801777.625000
8859    -1801778.250000
8860    -1801779.250000
8861    -1801779.875000
8862    -1801780.500000
8863    -1801781.250000
8864    -1801782.000000
8865    -1801782.750000
8866    -1801783.500000
8867    -1801784.250000
8868    -1801785.000000
8869    -1801786.000000
8870    -1801786.500000
8871    -1801787.250000
8872    -1801788.125000
8873    -1801788.750000
8874    -1801789.625000
8875    -1801790.375000
8876    -1801791.000000
8877    -1801791.750000
8878    -1801792.500000
8879    -1801793.250000
8880    -1801794.000000
8881    -1801794.750000
8882    -1801795.375000
8883    -1801796.125000
8884    -1801797.000000
8885    -1801797.625000
8886    -1801798.375000
8887    -1801799.000000
8888    -1801799.750000
8889    -1801800.500000
8890    -1801801.250000
8891    -1801802.000000
8892    -1801802.750000
8893    -1801803.500000
8894    -1801804.250000
8895    -1801804.750000
8896    -1801805.625000
8897    -1801806.500000
8898    -1801807.000000
8899    -1801807.750000
8900    -1801808.500000
8901    -1801809.250000
8902    -1801810.000000
8903    -1801810.750000
8904    -1801811.500000
8905    -1801812.000000
8906    -1801813.000000
8907    -1801813.500000
8908    -1801814.375000
8909    -1801815.125000
8910    -1801815.875000
8911    -1801816.500000
8912    -1801817.250000
8913    -1801818.000000
8914    -1801818.750000
8915    -1801819.500000
8916    -1801820.000000
8917    -1801821.000000
8918    -1801821.750000
8919    -1801822.250000
8920    -1801823.000000
8921    -1801823.875000
8922    -1801824.500000
8923    -1801825.375000
8924    -1801825.750000
8925    -1801826.625000
8926    -1801827.250000
8927    -1801828.000000
8928    -1801828.750000
8929    -1801829.500000
8930    -1801830.125000
8931    -1801830.875000
8932    -1801831.750000
8933    -1801832.375000
8934    -1801833.000000
8935    -1801833.750000
8936    -1801834.500000
8937    -1801835.125000
8938    -1801835.750000
8939    -1801836.625000
8940    -1801837.375000
8941    -1801838.000000
8942    -1801838.750000
8943    -1801839.625000
8944    -1801840.250000
8945    -1801841.000000
8946    -1801841.750000
8947    -1801842.500000
8948    -1801843.250000
8949    -1801844.000000
8950    -1801844.625000
8951    -1801845.500000
8952    -1801846.000000
8953    -1801846.750000
8954    -1801847.500000
8955    -1801848.250000
8956    -1801849.000000
8957    -1801849.750000
8958    -1801850.500000
8959    -1801851.250000
8960    -1801851.750000
8961    -1801852.750000
8962    -1801853.500000
8963    -1801854.250000
8964    -1801854.750000
8965    -1801855.500000
8966    -1801856.250000
8967    -1801856.875000
8968    -1801857.625000
8969    -1801858.375000
8970    -1801859.000000
8971    -1801859.500000
8972    -1801860.250000
8973    -1801861.000000
8974    -1801861.750000
8975    -1801862.500000
8976    -1801863.250000
8977    -1801863.875000
8978    -1801864.625000
8979    -1801865.250000
8980    -1801866.000000
8981    -1801866.500000
8982    -1801867.250000
8983    -1801867.750000
8984    -1801868.750000
8985    -1801869.250000
8986    -1801870.000000
8987    -1801870.750000
8988    -1801871.500000
8989    -1801872.250000
8990    -1801872.875000
8991    -1801873.750000
8992    -1801874.250000
8993    -1801875.000000
8994    -1801875.500000
8995    -1801876.250000
8996    -1801876.875000
8997    -1801877.625000
8998    -1801878.250000
8999    -1801879.000000
9000    -1801879.375000
9001    -1801880.250000
9002    -1801880.875000
9003    -1801881.750000
9004    -1801882.375000
9005    -1801883.000000
9006    -1801883.750000
9007    -1801884.250000
9008    -1801885.000000
9009    -1801885.750000
9010    -1801886.250000
9011    -1801887.000000
9012    -1801887.750000
9013    -1801888.250000
9014    -1801889.000000
9015    -1801889.625000
9016    -1801890.250000
9017    -1801891.000000
9018    -1801891.500000
9019    -1801892.250000
9020    -1801892.875000
9021    -1801893.500000
9022    -1801894.250000
9023    -1801895.000000
9024    -1801895.500000
9025    -1801896.250000
9026    -1801896.875000
9027    -1801897.625000
9028    -1801898.250000
9029    -1801898.750000
9030    -1801899.500000
9031    -1801900.125000
9032    -1801900.875000
9033    -1801901.500000
9034    -1801902.250000
9035    -1801902.750000
9036    -1801903.500000
9037    -1801904.125000
9038    -1801904.625000
9039    -1801905.500000
9040    -1801906.125000
9041    -1801906.625000
9042    -1801907.500000
9043    -1801908.000000
9044    -1801908.500000
9045    -1801909.250000
9046    -1801910.000000
9047    -1801910.500000
9048    -1801911.250000
9049    -1801911.750000
9050    -1801912.625000
9051    -1801913.250000
9052    -1801914.000000
9053    -1801914.500000
9054    -1801915.000000
9055    -1801915.750000
9056    -1801916.500000
9057    -1801917.000000
9058    -1801917.625000
9059    -1801918.250000
9060    -1801919.000000
9061    -1801919.500000
9062    -1801920.250000
9063    -1801920.875000
9064    -1801921.500000
9065    -1801922.250000
9066    -1801922.875000
9067    -1801923.500000
9068    -1801924.125000
9069    -1801924.875000
9070    -1801925.250000
9071    -1801926.000000
9072    -1801926.625000
9073    -1801927.250000
9074    -1801928.000000
9075    -1801928.625000
9076    -1801929.250000
9077    -1801929.750000
9078    -1801930.375000
9079    -1801931.000000
9080    -1801931.750000
9081    -1801932.375000
9082    -1801933.000000
9083    -1801933.625000
9084    -1801934.250000
9085    -1801935.000000
9086    -1801935.500000
9087    -1801936.125000
9088    -1801936.875000
9089    -1801937.500000
9090    -1801938.000000
9091    -1801938.750000
9092    -1801939.250000
9093    -1801940.000000
9094    -1801940.625000
9095    -1801941.125000
9096    -1801941.875000
9097    -1801942.500000
9098    -1801943.000000
9099    -1801943.750000
9100    -1801944.250000
9101    -1801945.000000
9102    -1801945.500000
9103    -1801946.250000
9104    -1801946.750000
9105    -1801947.500000
9106    -1801948.125000
9107    -1801948.750000
9108    -1801949.250000
9109    -1801949.875000
9110    -1801950.500000
9111    -1801951.000000
9112    -1801951.750000
9113    -1801952.375000
9114    -1801953.000000
9115    -1801953.500000
9116    -1801954.250000
9117    -1801954.875000
9118    -1801955.250000
9119    -1801956.000000
9120    -1801956.625000
9121    -1801957.125000
9122    -1801957.750000
9123    -1801958.500000
9124    -1801959.000000
9125    -1801959.750000
9126    -1801960.125000
9127    -1801960.500000
9128    -1801961.250000
9129    -1801962.000000
9130    -1801962.500000
9131    -1801963.000000
9132    -1801963.625000
9133    -1801964.250000
9134    -1801964.875000
9135    -1801965.375000
9136    -1801966.125000
9137    -1801966.625000
9138    -1801967.000000
9139    -1801967.750000
9140    -1801968.250000
9141    -1801969.000000
9142    -1801969.500000
9143    -1801970.000000
9144    -1801970.500000
9145    -1801971.125000
9146    -1801971.750000
9147    -1801972.375000
9148    -1801972.875000
9149    -1801973.375000
9150    -1801973.875000
9151    -1801974.500000
9152    -1801975.000000
9153    -1801975.750000
9154    -1801976.250000
9155    -1801976.750000
9156    -1801977.500000
9157    -1801977.750000
9158    -1801978.375000
9159    -1801978.875000
9160    -1801979.500000
9161    -1801980.000000
9162    -1801980.500000
9163    -1801981.125000
9164    -1801981.625000
9165    -1801982.250000
9166    -1801982.750000
9167    -1801983.250000
9168    -1801983.750000
9169    -1801984.250000
9170    -1801984.875000
9171    -1801985.375000
9172    -1801986.000000
9173    -1801986.250000
9174    -1801987.000000
9175    -1801987.375000
9176    -1801988.000000
9177    -1801988.500000
9178    -1801988.875000
9179    -1801989.250000
9180    -1801989.750000
9181    -1801990.375000
9182    -1801990.750000
9183    -1801991.250000
9184    -1801991.750000
9185    -1801992.250000
9186    -1801992.750000
9187    -1801993.250000
9188    -1801993.750000
9189    -1801994.125000
9190    -1801994.500000
9191    -1801995.000000
9192    -1801995.375000
9193    -1801996.000000
9194    -1801996.500000
9195    -1801997.000000
9196    -1801997.500000
9197    -1801997.750000
9198    -1801998.250000
9199    -1801998.625000
9200    -1801999.125000
9201    -1801999.500000
9202    -1801999.875000
9203    -1802000.375000
9204    -1802000.875000
9205    -1802001.375000
9206    -1802001.750000
9207    -1802002.000000
9208    -1802002.500000
9209    -1802003.000000
9210    -1802003.500000
9211    -1802003.875000
9212    -1802004.375000
9213    -1802004.750000
9214    -1802005.000000
9215    -1802005.500000
9216    -1802006.000000
9217    -1802006.500000
9218    -1802006.750000
9219    -1802007.250000
9220    -1802007.500000
9221    -1802008.000000
9222    -1802008.375000
9223    -1802008.750000
9224    -1802008.875000
9225    -1802009.500000
9226    -1802010.000000
9227    -1802010.375000
9228    -1802010.625000
9229    -1802011.250000
9230    -1802011.500000
9231    -1802011.750000
9232    -1802012.250000
9233    -1802012.500000
9234    -1802013.000000
9235    -1802013.250000
9236    -1802013.625000
9237    -1802014.000000
9238    -1802014.250000
9239    -1802014.625000
9240    -1802015.125000
9241    -1802015.500000
9242    -1802015.750000
9243    -1802016.000000
9244    -1802016.625000
9245    -1802016.750000
9246    -1802017.250000
9247    -1802017.500000
9248    -1802018.000000
9249    -1802018.250000
9250    -1802018.625000
9251    -1802018.875000
9252    -1802019.250000
9253    -1802019.500000
9254    -1802020.000000
9255    -1802020.375000
9256    -1802020.500000
9257    -1802021.000000
9258    -1802021.250000
9259    -1802021.625000
9260    -1802022.000000
9261    -1802022.250000
9262    -1802022.500000
9263    -1802022.875000
9264    -1802023.250000
9265    -1802023.500000
9266    -1802024.000000
9267    -1802024.250000
9268    -1802024.750000
9269    -1802025.000000
9270    -1802025.125000
9271    -1802025.625000
9272    -1802025.875000
9273    -1802026.250000
9274    -1802026.500000
9275    -1802026.750000
9276    -1802027.125000
9277    -1802027.375000
9278    -1802027.750000
9279    -1802027.875000
9280    -1802028.375000
9281    -1802028.750000
9282    -1802029.000000
9283    -1802029.375000
9284    -1802029.500000
9285    -1802029.750000
9286    -1802030.250000
9287    -1802030.500000
9288    -1802030.625000
9289    -1802031.000000
9290    -1802031.250000
9291    -1802031.500000
9292    -1802031.875000
9293    -1802032.000000
9294    -1802032.500000
9295    -1802032.750000
9296    -1802033.125000
9297    -1802033.375000
9298    -1802033.625000
9299    -1802034.000000
9300    -1802034.250000
9301    -1802034.500000
9302    -1802034.750000
9303    -1802035.125000
9304    -1802035.250000
9305    -1802035.625000
9306    -1802036.000000
9307    -1802036.125000
9308    -1802036.375000
9309    -1802036.750000
9310    -1802037.000000
9311    -1802037.250000
9312    -1802037.500000
9313    -1802037.750000
9314    -1802038.250000
9315    -1802038.375000
9316    -1802038.625000
9317    -1802039.000000
9318    -1802039.250000
9319    -1802039.500000
9320    -1802039.875000
9321    -1802039.875000
9322    -1802040.250000
9323    -1802040.500000
9324    -1802040.750000
9325    -1802041.000000
9326    -1802041.375000
9327    -1802041.625000
9328    -1802041.875000
9329    -1802042.000000
9330    -1802042.500000
9331    -1802042.750000
9332    -1802043.000000
9333    -1802043.125000
9334    -1802043.500000
9335    -1802043.750000
9336    -1802044.000000
9337    -1802044.250000
9338    -1802044.500000
9339    -1802044.750000
9340    -1802045.000000
9341    -1802045.375000
9342    -1802045.500000
9343    -1802045.875000
9344    -1802046.000000
9345    -1802046.250000
9346    -1802046.500000
9347    -1802046.750000
9348    -1802047.000000
9349    -1802047.250000
9350    -1802047.625000
9351    -1802048.000000
9352    -1802048.000000
9353    -1802048.375000
9354    -1802048.625000
9355    -1802048.875000
9356    -1802049.375000
9357    -1802049.500000
9358    -1802049.625000
9359    -1802050.000000
9360    -1802050.250000
9361    -1802050.250000
9362    -1802050.750000
9363    -1802051.000000
9364    -1802051.250000
9365    -1802051.375000
9366    -1802051.625000
9367    -1802052.000000
9368    -1802052.250000
9369    -1802052.500000
9370    -1802052.750000
9371    -1802053.000000
9372    -1802053.375000
9373    -1802053.500000
9374    -1802053.750000
9375    -1802054.000000
9376    -1802054.500000
9377    -1802054.625000
9378    -1802054.750000
9379    -1802055.000000
9380    -1802055.250000
9381    -1802055.500000
9382    -1802055.750000
9383    -1802056.000000
9384    -1802056.250000
9385    -1802056.500000
9386    -1802056.875000
9387    -1802057.250000
9388    -1802057.500000
9389    -1802057.500000
9390    -1802057.625000
9391    -1802057.875000
9392    -1802058.250000
9393    -1802058.500000
9394    -1802058.625000
9395    -1802058.875000
9396    -1802059.000000
9397    -1802059.250000
9398    -1802059.625000
9399    -1802060.000000
9400    -1802060.000000
9401    -1802060.250000
9402    -1802060.500000
9403    -1802060.750000
9404    -1802061.000000
9405    -1802061.250000
9406    -1802061.500000
9407    -1802061.750000
9408    -1802062.250000
9409    -1802062.250000
9410    -1802062.500000
9411    -1802062.750000
9412    -1802063.000000
9413    -1802063.250000
9414    -1802063.375000
9415    -1802063.750000
9416    -1802064.125000
9417    -1802064.250000
9418    -1802064.500000
9419    -1802064.625000
9420    -1802064.750000
9421    -1802065.000000
9422    -1802065.250000
9423    -1802065.500000
9424    -1802065.750000
9425    -1802066.000000
9426    -1802066.125000
9427    -1802066.500000
9428    -1802066.625000
9429    -1802066.750000
9430    -1802067.125000
9431    -1802067.250000
9432    -1802067.625000
9433    -1802068.000000
9434    -1802068.125000
9435    -1802068.250000
9436    -1802068.750000
9437    -1802068.875000
9438    -1802069.000000
9439    -1802069.250000
9440    -1802069.375000
9441    -1802069.750000
9442    -1802070.125000
9443    -1802070.250000
9444    -1802070.500000
9445    -1802070.500000
9446    -1802070.875000
9447    -1802071.125000
9448    -1802071.500000
9449    -1802071.625000
9450    -1802072.000000
9451    -1802072.000000
9452    -1802072.250000
9453    -1802072.500000
9454    -1802072.750000
9455    -1802073.000000
9456    -1802073.250000
9457    -1802073.375000
9458    -1802073.750000
9459    -1802073.875000
9460    -1802074.125000
9461    -1802074.375000
9462    -1802074.750000
9463    -1802075.000000
9464    -1802075.125000
9465    -1802075.375000
9466    -1802075.625000
9467    -1802075.875000
9468    -1802076.000000
9469    -1802076.250000
9470    -1802076.750000
9471    -1802077.000000
9472    -1802077.000000
9473    -1802077.250000
9474    -1802077.500000
9475    -1802077.750000
9476    -1802078.125000
9477    -1802078.250000
9478    -1802078.625000
9479    -1802078.750000
9480    -1802079.000000
9481    -1802079.250000
9482    -1802079.500000
9483    -1802079.750000
9484    -1802080.000000
9485    -1802080.250000
9486    -1802080.375000
9487    -1802080.750000
9488    -1802080.875000
9489    -1802081.125000
9490    -1802081.500000
9491    -1802081.750000
9492    -1802081.875000
9493    -1802082.125000
9494    -1802082.375000
9495    -1802082.750000
9496    -1802083.000000
9497    -1802083.250000
9498    -1802083.375000
9499    -1802083.750000
9500    -1802084.000000
9501    -1802084.250000
9502    -1802084.500000
9503    -1802084.625000
9504    -1802085.000000
9505    -1802085.250000
9506    -1802085.500000
9507    -1802085.750000
9508    -1802086.000000
9509    -1802086.250000
9510    -1802086.625000
9511    -1802086.750000
9512    -1802087.000000
9513    -1802087.250000
9514    -1802087.625000
9515    -1802088.000000
9516    -1802088.250000
9517    -1802088.500000
9518    -1802088.750000
9519    -1802089.000000
9520    -1802089.250000
9521    -1802089.625000
9522    -1802090.000000
9523    -1802090.250000
9524    -1802090.250000
9525    -1802090.625000
9526    -1802091.000000
9527    -1802091.500000
9528    -1802091.500000
9529    -1802091.875000
9530    -1802092.000000
9531    -1802092.500000
9532    -1802092.750000
9533    -1802093.000000
9534    -1802093.250000
9535    -1802093.750000
9536    -1802093.875000
9537    -1802094.250000
9538    -1802094.500000
9539    -1802094.875000
9540    -1802095.250000
9541    -1802095.250000
9542    -1802095.625000
9543    -1802096.000000
9544    -1802096.125000
9545    -1802096.500000
9546    -1802097.000000
9547    -1802097.250000
9548    -1802097.500000
9549    -1802097.750000
9550    -1802098.000000
9551    -1802098.375000
9552    -1802098.750000
9553    -1802099.000000
9554    -1802099.500000
9555    -1802099.750000
9556    -1802100.000000
9557    -1802100.000000
9558    -1802100.500000
9559    -1802100.750000
9560    -1802101.250000
9561    -1802101.500000
9562    -1802101.875000
9563    -1802102.125000
9564    -1802102.500000
9565    -1802102.875000
9566    -1802103.000000
9567    -1802103.500000
9568    -1802103.875000
9569    -1802104.250000
9570    -1802104.500000
9571    -1802104.750000
9572    -1802105.250000
9573    -1802105.500000
9574    -1802105.750000
9575    -1802106.250000
9576    -1802106.500000
9577    -1802107.000000
9578    -1802107.250000
9579    -1802107.500000
9580    -1802107.875000
9581    -1802108.125000
9582    -1802108.500000
9583    -1802109.125000
9584    -1802109.250000
9585    -1802109.750000
9586    -1802109.875000
9587    -1802110.375000
9588    -1802110.625000
9589    -1802111.000000
9590    -1802111.250000
9591    -1802111.875000
9592    -1802112.125000
9593    -1802112.625000
9594    -1802112.875000
9595    -1802113.000000
9596    -1802113.500000
9597    -1802113.750000
9598    -1802114.000000
9599    -1802114.375000
9600    -1802115.000000
9601    -1802115.125000
9602    -1802115.500000
9603    -1802116.000000
9604    -1802116.250000
9605    -1802116.625000
9606    -1802117.000000
9607    -1802117.250000
9608    -1802117.750000
9609    -1802118.250000
9610    -1802118.250000
9611    -1802118.875000
9612    -1802119.000000
9613    -1802119.500000
9614    -1802119.750000
9615    -1802120.250000
9616    -1802120.500000
9617    -1802120.750000
9618    -1802121.125000
9619    -1802121.625000
9620    -1802122.000000
9621    -1802122.250000
9622    -1802122.750000
9623    -1802123.250000
9624    -1802123.375000
9625    -1802123.750000
9626    -1802124.000000
9627    -1802124.625000
9628    -1802124.750000
9629    -1802125.375000
9630    -1802125.625000
9631    -1802126.000000
9632    -1802126.500000
9633    -1802126.750000
9634    -1802127.250000
9635    -1802127.500000
9636    -1802127.875000
9637    -1802128.250000
9638    -1802128.750000
9639    -1802129.000000
9640    -1802129.375000
9641    -1802130.000000
9642    -1802130.375000
9643    -1802130.625000
9644    -1802131.000000
9645    -1802131.375000
9646    -1802131.875000
9647    -1802132.125000
9648    -1802132.500000
9649    -1802133.000000
9650    -1802133.250000
9651    -1802133.500000
9652    -1802134.000000
9653    -1802134.500000
9654    -1802134.750000
9655    -1802135.125000
9656    -1802135.500000
9657    -1802136.000000
9658    -1802136.250000
9659    -1802136.750000
9660    -1802137.250000
9661    -1802137.500000
9662    -1802138.000000
9663    -1802138.375000
9664    -1802138.875000
9665    -1802139.250000
9666    -1802139.375000
9667    -1802140.000000
9668    -1802140.250000
9669    -1802140.500000
9670    -1802141.125000
9671    -1802141.500000
9672    -1802142.000000
9673    -1802142.250000
9674    -1802142.750000
9675    -1802143.000000
9676    -1802143.500000
9677    -1802144.000000
9678    -1802144.250000
9679    -1802144.750000
9680    -1802145.125000
9681    -1802145.625000
9682    -1802145.750000
9683    -1802146.250000
9684    -1802146.750000
9685    -1802147.250000
9686    -1802147.625000
9687    -1802147.875000
9688    -1802148.500000
9689    -1802148.625000
9690    -1802149.125000
9691    -1802149.625000
9692    -1802149.875000
9693    -1802150.250000
9694    -1802150.500000
9695    -1802151.125000
9696    -1802151.625000
9697    -1802152.000000
9698    -1802152.250000
9699    -1802152.500000
9700    -1802153.000000
9701    -1802153.500000
9702    -1802153.875000
9703    -1802154.250000
9704    -1802154.625000
9705    -1802155.000000
9706    -1802155.500000
9707    -1802155.875000
9708    -1802156.500000
9709    -1802156.625000
9710    -1802157.125000
9711    -1802157.625000
9712    -1802158.000000
9713    -1802158.250000
9714    -1802158.625000
9715    -1802159.125000
9716    -1802159.500000
9717    -1802160.000000
9718    -1802160.375000
9719    -1802160.750000
9720    -1802161.000000
9721    -1802161.375000
9722    -1802161.750000
9723    -1802162.250000
9724    -1802162.750000
9725    -1802163.000000
9726    -1802163.500000
9727    -1802163.875000
9728    -1802164.375000
9729    -1802164.750000
9730    -1802165.000000
9731    -1802165.500000
9732    -1802165.750000
9733    -1802166.125000
9734    -1802166.625000
9735    -1802167.125000
9736    -1802167.500000
9737    -1802167.750000
9738    -1802168.500000
9739    -1802168.750000
9740    -1802169.000000
9741    -1802169.375000
9742    -1802169.750000
9743    -1802170.125000
9744    -1802170.750000
9745    -1802171.250000
9746    -1802171.375000
9747    -1802171.875000
9748    -1802172.250000
9749    -1802172.500000
9750    -1802173.000000
9751    -1802173.375000
9752    -1802173.750000
9753    -1802174.250000
9754    -1802174.500000
9755    -1802175.000000
9756    -1802175.250000
9757    -1802175.750000
9758    -1802176.250000
9759    -1802176.375000
9760    -1802177.000000
9761    -1802177.250000
9762    -1802177.500000
9763    -1802178.000000
9764    -1802178.375000
9765    -1802178.750000
9766    -1802179.250000
9767    -1802179.750000
9768    -1802179.750000
9769    -1802180.375000
9770    -1802180.875000
9771    -1802181.000000
9772    -1802181.500000
9773    -1802182.000000
9774    -1802182.250000
9775    -1802182.625000
9776    -1802183.125000
9777    -1802183.500000
9778    -1802183.750000
9779    -1802184.250000
9780    -1802184.500000
9781    -1802184.875000
9782    -1802185.375000
9783    -1802185.750000
9784    -1802186.000000
9785    -1802186.500000
9786    -1802186.875000
9787    -1802187.500000
9788    -1802187.750000
9789    -1802188.000000
9790    -1802188.500000
9791    -1802188.875000
9792    -1802189.250000
9793    -1802189.750000
9794    -1802190.125000
9795    -1802190.500000
9796    -1802190.750000
9797    -1802191.250000
9798    -1802191.625000
9799    -1802191.750000
9800    -1802192.500000
9801    -1802192.750000
9802    -1802193.125000
9803    -1802193.500000
9804    -1802193.750000
9805    -1802194.250000
9806    -1802194.625000
9807    -1802195.000000
9808    -1802195.500000
9809    -1802195.875000
9810    -1802196.250000
9811    -1802196.500000
9812    -1802197.000000
9813    -1802197.250000
9814    -1802197.500000
9815    -1802198.125000
9816    -1802198.500000
9817    -1802199.000000
9818    -1802199.250000
9819    -1802199.500000
9820    -1802199.750000
9821    -1802200.500000
9822    -1802200.750000
9823    -1802201.250000
9824    -1802201.500000
9825    -1802201.875000
9826    -1802202.250000
9827    -1802202.625000
9828    -1802203.000000
9829    -1802203.500000
9830    -1802203.750000
9831    -1802204.250000
9832    -1802204.750000
9833    -1802205.000000
9834    -1802205.375000
9835    -1802205.750000
9836    -1802206.250000
9837    -1802206.625000
9838    -1802206.750000
9839    -1802207.250000
9840    -1802207.625000
9841    -1802208.125000
9842    -1802208.500000
9843    -1802208.750000
9844    -1802209.250000
9845    -1802209.750000
9846    -1802210.000000
9847    -1802210.250000
9848    -1802210.625000
9849    -1802211.125000
9850    -1802211.625000
9851    -1802212.000000
9852    -1802212.375000
9853    -1802212.750000
9854    -1802213.000000
9855    -1802213.500000
9856    -1802213.750000
9857    -1802214.500000
9858    -1802214.750000
9859    -1802215.000000
9860    -1802215.250000
9861    -1802215.875000
9862    -1802216.375000
9863    -1802216.500000
9864    -1802217.000000
9865    -1802217.375000
9866    -1802217.875000
9867    -1802218.250000
9868    -1802218.750000
9869    -1802219.000000
9870    -1802219.250000
9871    -1802220.000000
9872    -1802220.250000
9873    -1802220.750000
9874    -1802221.000000
9875    -1802221.250000
9876    -1802221.750000
9877    -1802222.375000
9878    -1802222.750000
9879    -1802223.000000
9880    -1802223.375000
9881    -1802223.875000
9882    -1802224.250000
9883    -1802224.500000
9884    -1802225.000000
9885    -1802225.250000
9886    -1802225.750000
9887    -1802226.250000
9888    -1802226.500000
9889    -1802227.125000
9890    -1802227.375000
9891    -1802227.750000
9892    -1802228.250000
9893    -1802228.750000
9894    -1802229.000000
9895    -1802229.250000
9896    -1802229.750000
9897    -1802230.250000
9898    -1802230.750000
9899    -1802231.000000
9900    -1802231.500000
9901    -1802231.750000
9902    -1802232.250000
9903    -1802232.750000
9904    -1802233.125000
9905    -1802233.500000
9906    -1802233.875000
9907    -1802234.250000
9908    -1802234.750000
9909    -1802235.250000
9910    -1802235.500000
9911    -1802235.875000
9912    -1802236.375000
9913    -1802236.625000
9914    -1802237.250000
9915    -1802237.500000
9916    -1802237.875000
9917    -1802238.250000
9918    -1802238.750000
9919    -1802239.250000
9920    -1802239.500000
9921    -1802240.000000
9922    -1802240.250000
9923    -1802240.500000
9924    -1802241.125000
9925    -1802241.625000
9926    -1802241.875000
9927    -1802242.250000
9928    -1802242.500000
9929    -1802243.250000
9930    -1802243.375000
9931    -1802243.875000
9932    -1802244.375000
9933    -1802244.750000
9934    -1802245.000000
9935    -1802245.500000
9936    -1802245.750000
9937    -1802246.250000
9938    -1802246.750000
9939    -1802247.000000
9940    -1802247.375000
9941    -1802247.875000
9942    -1802248.250000
9943    -1802248.750000
9944    -1802249.000000
9945    -1802249.500000
9946    -1802249.875000
9947    -1802250.250000
9948    -1802250.500000
9949    -1802251.000000
9950    -1802251.250000
9951    -1802251.625000
9952    -1802252.250000
9953    -1802252.625000
9954    -1802253.000000
9955    -1802253.250000
9956    -1802253.750000
9957    -1802254.125000
9958    -1802254.500000
9959    -1802255.000000
9960    -1802255.250000
9961    -1802255.500000
9962    -1802256.000000
9963    -1802256.250000
9964    -1802256.750000
9965    -1802257.250000
9966    -1802257.500000
9967    -1802257.875000
9968    -1802258.250000
9969    -1802258.500000
9970    -1802259.000000
9971    -1802259.250000
9972    -1802259.750000
9973    -1802260.000000
9974    -1802260.500000
9975    -1802260.750000
9976    -1802261.250000
9977    -1802261.500000
9978    -1802262.000000
9979    -1802262.250000
9980    -1802262.500000
9981    -1802263.000000
9982    -1802263.250000
9983    -1802263.625000
9984    -1802264.125000
9985    -1802264.375000
9986    -1802264.625000
9987    -1802265.000000
9988    -1802265.500000
9989    -1802265.750000
9990    -1802266.000000
9991    -1802266.500000
9992    -1802266.625000
9993    -1802267.000000
9994    -1802267.500000
9995    -1802267.750000
9996    -1802268.000000
9997    -1802268.500000
9998    -1802268.750000
9999    -1802269.125000
10000   -1802269.500000
10001   -1802269.750000
10002   -1802270.125000
10003   -1802270.250000
10004   -1802270.750000
10005   -1802271.250000
10006   -1802271.500000
10007   -1802271.750000
10008   -1802272.000000
10009   -1802272.250000
10010   -1802272.750000
10011   -1802273.000000
10012   -1802273.250000
10013   -1802273.625000
10014   -1802274.250000
10015   -1802274.250000
10016   -1802274.625000
10017   -1802275.000000
10018   -1802275.250000
10019   -1802275.625000
10020   -1802276.000000
10021   -1802276.250000
10022   -1802276.500000
10023   -1802276.875000
10024   -1802277.250000
10025   -1802277.500000
10026   -1802277.625000
10027   -1802278.125000
10028   -1802278.500000
10029   -1802278.750000
10030   -1802279.000000
10031   -1802279.375000
10032   -1802279.750000
10033   -1802279.875000
10034   -1802280.250000
10035   -1802280.500000
10036   -1802281.000000
10037   -1802281.000000
10038   -1802281.500000
10039   -1802281.750000
10040   -1802282.000000
10041   -1802282.250000
10042   -1802282.625000
10043   -1802283.000000
10044   -1802283.250000
10045   -1802283.500000
10046   -1802283.875000
10047   -1802284.125000
10048   -1802284.500000
10049   -1802284.750000
10050   -1802285.000000
10051   -1802285.250000
10052   -1802285.625000
10053   -1802286.000000
10054   -1802286.250000
10055   -1802286.625000
10056   -1802286.875000
10057   -1802287.250000
10058   -1802287.500000
10059   -1802287.750000
10060   -1802288.125000
10061   -1802288.500000
10062   -1802288.750000
10063   -1802289.000000
10064   -1802289.250000
10065   -1802289.750000
10066   -1802289.875000
10067   -1802290.250000
10068   -1802290.625000
10069   -1802290.875000
10070   -1802291.000000
10071   -1802291.500000
10072   -1802291.750000
10073   -1802292.000000
10074   -1802292.250000
10075   -1802292.625000
10076   -1802293.000000
10077   -1802293.250000
10078   -1802293.500000
10079   -1802293.750000
10080   -1802294.125000
10081   -1802294.500000
10082   -1802294.750000
10083   -1802295.000000
10084   -1802295.500000
10085   -1802295.625000
10086   -1802296.000000
10087   -1802296.250000
10088   -1802296.500000
10089   -1802296.875000
10090   -1802297.250000
10091   -1802297.500000
10092   -1802297.750000
10093   -1802298.125000
10094   -1802298.250000
10095   -1802298.750000
10096   -1802299.000000
10097   -1802299.250000
10098   -1802299.500000
10099   -1802299.875000
10100   -1802300.250000
10101   -1802300.625000
10102   -1802300.750000
10103   -1802301.250000
10104   -1802301.500000
10105   -1802301.750000
10106   -1802302.125000
10107   -1802302.375000
10108   -1802302.625000
10109   -1802302.875000
10110   -1802303.250000
10111   -1802303.625000
10112   -1802303.750000
10113   -1802304.250000
10114   -1802304.500000
10115   -1802304.875000
10116   -1802305.125000
10117   -1802305.500000
10118   -1802305.750000
10119   -1802306.000000
10120   -1802306.250000
10121   -1802306.750000
10122   -1802307.000000
10123   -1802307.250000
10124   -1802307.500000
10125   -1802307.750000
10126   -1802308.250000
10127   -1802308.500000
10128   -1802308.750000
10129   -1802309.250000
10130   -1802309.500000
10131   -1802309.625000
10132   -1802310.000000
10133   -1802310.375000
10134   -1802310.750000
10135   -1802311.000000
10136   -1802311.250000
10137   -1802311.500000
10138   -1802311.875000
10139   -1802312.250000
10140   -1802312.625000
10141   -1802312.750000
10142   -1802313.000000
10143   -1802313.500000
10144   -1802313.750000
10145   -1802313.875000
10146   -1802314.250000
10147   -1802314.625000
10148   -1802314.875000
10149   -1802315.125000
10150   -1802315.500000
10151   -1802315.750000
10152   -1802316.000000
10153   -1802316.125000
10154   -1802316.500000
10155   -1802316.750000
10156   -1802317.000000
10157   -1802317.250000
10158   -1802317.500000
10159   -1802318.000000
10160   -1802318.250000
10161   -1802318.500000
10162   -1802318.750000
10163   -1802319.000000
10164   -1802319.250000
10165   -1802319.500000
10166   -1802320.000000
10167   -1802320.250000
10168   -1802320.375000
10169   -1802320.500000
10170   -1802321.000000
10171   -1802321.250000
10172   -1802321.500000
10173   -1802321.750000
10174   -1802322.000000
10175   -1802322.250000
10176   -1802322.625000
10177   -1802322.750000
10178   -1802323.000000
10179   -1802323.500000
10180   -1802323.750000
10181   -1802324.000000
10182   -1802324.250000
10183   -1802324.500000
10184   -1802324.750000
10185   -1802325.000000
10186   -1802325.250000
10187   -1802325.625000
10188   -1802326.000000
10189   -1802326.125000
10190   -1802326.375000
10191   -1802326.500000
10192   -1802326.875000
10193   -1802327.250000
10194   -1802327.500000
10195   -1802327.875000
10196   -1802328.000000
10197   -1802328.375000
10198   -1802328.500000
10199   -1802328.875000
10200   -1802329.125000
10201   -1802329.375000
10202   -1802329.750000
10203   -1802329.875000
10204   -1802330.250000
10205   -1802330.500000
10206   -1802330.750000
10207   -1802331.000000
10208   -1802331.375000
10209   -1802331.500000
10210   -1802331.750000
10211   -1802332.250000
10212   -1802332.375000
10213   -1802332.750000
10214   -1802332.875000
10215   -1802333.125000
10216   -1802333.500000
10217   -1802333.875000
10218   -1802334.125000
10219   -1802334.500000
10220   -1802334.500000
10221   -1802335.000000
10222   -1802335.125000
10223   -1802335.625000
10224   -1802335.750000
10225   -1802336.000000
10226   -1802336.250000
10227   -1802336.625000
10228   -1802336.875000
10229   -1802337.125000
10230   -1802337.375000
10231   -1802337.625000
10232   -1802338.000000
10233   -1802338.000000
10234   -1802338.375000
10235   -1802338.875000
10236   -1802339.000000
10237   -1802339.250000
10238   -1802339.625000
10239   -1802340.000000
10240   -1802340.250000
10241   -1802340.500000
10242   -1802340.750000
10243   -1802341.000000
10244   -1802341.500000
10245   -1802341.750000
10246   -1802342.000000
10247   -1802342.125000
10248   -1802342.500000
10249   -1802342.875000
10250   -1802343.250000
10251   -1802343.500000
10252   -1802343.875000
10253   -1802344.000000
10254   -1802344.250000
10255   -1802344.500000
10256   -1802344.875000
10257   -1802345.125000
10258   -1802345.250000
10259   -1802345.750000
10260   -1802346.125000
10261   -1802346.375000
10262   -1802346.500000
10263   -1802347.000000
10264   -1802347.250000
10265   -1802347.500000
10266   -1802347.750000
10267   -1802348.125000
10268   -1802348.500000
10269   -1802348.750000
10270   -1802349.000000
10271   -1802349.375000
10272   -1802349.625000
10273   -1802350.000000
10274   -1802350.250000
10275   -1802350.500000
10276   -1802350.750000
10277   -1802351.000000
10278   -1802351.375000
10279   -1802351.750000
10280   -1802352.125000
10281   -1802352.375000
10282   -1802352.750000
10283   -1802353.000000
10284   -1802353.375000
10285   -1802353.750000
10286   -1802354.000000
10287   -1802354.250000
10288   -1802354.625000
10289   -1802354.875000
10290   -1802355.250000
10291   -1802355.500000
10292   -1802355.750000
10293   -1802356.250000
10294   -1802356.375000
10295   -1802356.750000
10296   -1802357.125000
10297   -1802357.500000
10298   -1802357.750000
10299   -1802358.125000
10300   -1802358.250000
10301   -1802358.750000
10302   -1802359.000000
10303   -1802359.375000
10304   -1802359.750000
10305   -1802360.000000
10306   -1802360.500000
10307   -1802360.750000
10308   -1802361.000000
10309   -1802361.250000
10310   -1802361.625000
10311   -1802362.000000
10312   -1802362.250000
10313   -1802362.625000
10314   -1802362.750000
10315   -1802363.250000
10316   -1802363.625000
10317   -1802363.750000
10318   -1802364.250000
10319   -1802364.500000
10320   -1802364.750000
10321   -1802365.125000
10322   -1802365.500000
10323   -1802365.875000
10324   -1802366.125000
10325   -1802366.500000
10326   -1802366.750000
10327   -1802367.125000
10328   -1802367.500000
10329   -1802367.750000
10330   -1802368.000000
10331   -1802368.500000
10332   -1802368.875000
10333   -1802369.125000
10334   -1802369.500000
10335   -1802369.750000
10336   -1802370.000000
10337   -1802370.250000
10338   -1802370.750000
10339   -1802371.125000
10340   -1802371.375000
10341   -1802371.750000
10342   -1802372.000000
10343   -1802372.375000
10344   -1802372.625000
10345   -1802373.000000
10346   -1802373.500000
10347   -1802373.500000
10348   -1802374.000000
10349   -1802374.250000
10350   -1802374.750000
10351   -1802375.000000
10352   -1802375.375000
10353   -1802375.750000
10354   -1802376.000000
10355   -1802376.250000
10356   -1802376.750000
10357   -1802377.000000
10358   -1802377.250000
10359   -1802377.750000
10360   -1802378.000000
10361   -1802378.375000
10362   -1802378.750000
10363   -1802379.000000
10364   -1802379.500000
10365   -1802379.750000
10366   -1802380.125000
10367   -1802380.250000
10368   -1802380.625000
10369   -1802380.875000
10370   -1802381.250000
10371   -1802381.750000
10372   -1802382.000000
10373   -1802382.250000
10374   -1802382.750000
10375   -1802383.000000
10376   -1802383.375000
10377   -1802383.750000
10378   -1802384.000000
10379   -1802384.500000
10380   -1802384.750000
10381   -1802385.000000
10382   -1802385.375000
10383   -1802385.625000
10384   -1802386.000000
10385   -1802386.250000
10386   -1802386.625000
10387   -1802387.000000
10388   -1802387.250000
10389   -1802387.500000
10390   -1802388.000000
10391   -1802388.375000
10392   -1802388.500000
10393   -1802389.000000
10394   -1802389.375000
10395   -1802389.500000
10396   -1802390.000000
10397   -1802390.250000
10398   -1802390.750000
10399   -1802391.000000
10400   -1802391.375000
10401   -1802391.625000
10402   -1802392.000000
10403   -1802392.375000
10404   -1802392.750000
10405   -1802393.000000
10406   -1802393.375000
10407   -1802393.750000
10408   -1802394.000000
10409   -1802394.500000
10410   -1802394.750000
10411   -1802395.125000
10412   -1802395.375000
10413   -1802395.750000
10414   -1802396.000000
10415   -1802396.250000
10416   -1802396.750000
10417   -1802397.000000
10418   -1802397.500000
10419   -1802397.875000
10420   -1802398.125000
10421   -1802398.375000
10422   -1802398.750000
10423   -1802399.000000
10424   -1802399.375000
10425   -1802399.750000
10426   -1802400.000000
10427   -1802400.375000
10428   -1802400.750000
10429   -1802401.000000
10430   -1802401.250000
10431   -1802401.875000
10432   -1802402.000000
10433   -1802402.500000
10434   -1802402.625000
10435   -1802403.125000
10436   -1802403.375000
10437   -1802403.750000
10438   -1802404.000000
10439   -1802404.375000
10440   -1802404.750000
10441   -1802405.000000
10442   -1802405.375000
10443   -1802405.750000
10444   -1802406.125000
10445   -1802406.375000
10446   -1802406.875000
10447   -1802407.125000
10448   -1802407.500000
10449   -1802407.875000
10450   -1802408.000000
10451   -1802408.250000
10452   -1802408.625000
10453   -1802409.000000
10454   -1802409.375000
10455   -1802409.750000
10456   -1802410.250000
10457   -1802410.500000
10458   -1802410.625000
10459   -1802411.000000
10460   -1802411.375000
10461   -1802411.750000
10462   -1802412.000000
10463   -1802412.375000
10464   -1802412.750000
10465   -1802413.000000
10466   -1802413.500000
10467   -1802413.750000
10468   -1802414.125000
10469   -1802414.500000
10470   -1802414.750000
10471   -1802415.000000
10472   -1802415.250000
10473   -1802415.750000
10474   -1802416.000000
10475   -1802416.500000
10476   -1802416.750000
10477   -1802417.125000
10478   -1802417.500000
10479   -1802417.750000
10480   -1802418.000000
10481   -1802418.250000
10482   -1802418.750000
10483   -1802419.000000
10484   -1802419.375000
10485   -1802419.750000
10486   -1802420.000000
10487   -1802420.250000
10488   -1802420.750000
10489   -1802421.000000
10490   -1802421.250000
10491   -1802421.500000
10492   -1802422.000000
10493   -1802422.250000
10494   -1802422.625000
10495   -1802422.875000
10496   -1802423.250000
10497   -1802423.625000
10498   -1802424.000000
10499   -1802424.250000
10500   -1802424.500000
10501   -1802425.000000
10502   -1802425.250000
10503   -1802425.625000
10504   -1802426.000000
10505   -1802426.250000
10506   -1802426.625000
10507   -1802426.875000
10508   -1802427.250000
10509   -1802427.500000
10510   -1802427.875000
10511   -1802428.250000
10512   -1802428.625000
10513   -1802428.750000
10514   -1802429.250000
10515   -1802429.500000
10516   -1802430.000000
10517   -1802430.250000
10518   -1802430.500000
10519   -1802430.750000
10520   -1802431.000000
10521   -1802431.500000
10522   -1802431.750000
10523   -1802432.250000
10524   -1802432.500000
10525   -1802432.750000
10526   -1802433.250000
10527   -1802433.500000
10528   -1802433.750000
10529   -1802434.000000
10530   -1802434.500000
10531   -1802434.875000
10532   -1802435.000000
10533   -1802435.500000
10534   -1802435.750000
10535   -1802436.000000
10536   -1802436.375000
10537   -1802436.625000
10538   -1802437.000000
10539   -1802437.250000
10540   -1802437.625000
10541   -1802437.750000
10542   -1802438.250000
10543   -1802438.750000
10544   -1802438.875000
10545   -1802439.250000
10546   -1802439.750000
10547   -1802440.125000
10548   -1802440.250000
10549   -1802440.625000
10550   -1802441.000000
10551   -1802441.250000
10552   -1802441.625000
10553   -1802442.000000
10554   -1802442.250000
10555   -1802442.500000
10556   -1802443.000000
10557   -1802443.250000
10558   -1802443.500000
10559   -1802443.750000
10560   -1802444.000000
10561   -1802444.375000
10562   -1802445.000000
10563   -1802445.125000
10564   -1802445.500000
10565   -1802445.750000
10566   -1802446.250000
10567   -1802446.500000
10568   -1802446.750000
10569   -1802447.125000
10570   -1802447.500000
10571   -1802447.875000
10572   -1802448.250000
10573   -1802448.500000
10574   -1802448.875000
10575   -1802449.250000
10576   -1802449.750000
10577   -1802449.750000
10578   -1802450.250000
10579   -1802450.625000
10580   -1802450.875000
10581   -1802451.250000
10582   -1802451.500000
10583   -1802451.875000
10584   -1802452.250000
10585   -1802452.625000
10586   -1802453.000000
10587   -1802453.250000
10588   -1802453.625000
10589   -1802454.000000
10590   -1802454.375000
10591   -1802454.750000
10592   -1802455.000000
10593   -1802455.500000
10594   -1802455.750000
10595   -1802456.125000
10596   -1802456.500000
10597   -1802456.750000
10598   -1802457.000000
10599   -1802457.500000
10600   -1802457.750000
10601   -1802458.250000
10602   -1802458.625000
10603   -1802459.000000
10604   -1802459.375000
10605   -1802459.500000
10606   -1802460.250000
10607   -1802460.375000
10608   -1802460.750000
10609   -1802461.125000
10610   -1802461.500000
10611   -1802461.750000
10612   -1802462.250000
10613   -1802462.750000
10614   -1802462.875000
10615   -1802463.250000
10616   -1802463.625000
10617   -1802464.000000
10618   -1802464.500000
10619   -1802464.750000
10620   -1802465.250000
10621   -1802465.750000
10622   -1802466.000000
10623   -1802466.500000
10624   -1802466.875000
10625   -1802467.125000
10626   -1802467.500000
10627   -1802467.750000
10628   -1802468.000000
10629   -1802468.500000
10630   -1802468.750000
10631   -1802469.375000
10632   -1802469.750000
10633   -1802470.125000
10634   -1802470.500000
10635   -1802470.875000
10636   -1802471.250000
10637   -1802471.750000
10638   -1802472.000000
10639   -1802472.500000
10640   -1802472.750000
10641   -1802473.250000
10642   -1802473.500000
10643   -1802473.750000
10644   -1802474.250000
10645   -1802474.875000
10646   -1802475.250000
10647   -1802475.625000
10648   -1802476.000000
10649   -1802476.250000
10650   -1802476.750000
10651   -1802477.125000
10652   -1802477.375000
10653   -1802477.875000
10654   -1802478.250000
10655   -1802478.625000
10656   -1802479.000000
10657   -1802479.250000
10658   -1802479.625000
10659   -1802480.125000
10660   -1802480.500000
10661   -1802480.875000
10662   -1802481.250000
10663   -1802481.500000
10664   -1802482.000000
10665   -1802482.375000
10666   -1802482.875000
10667   -1802483.375000
10668   -1802483.500000
10669   -1802484.250000
10670   -1802484.500000
10671   -1802484.875000
10672   -1802485.250000
10673   -1802485.625000
10674   -1802486.125000
10675   -1802486.375000
10676   -1802486.875000
10677   -1802487.000000
10678   -1802487.750000
10679   -1802488.000000
10680   -1802488.250000
10681   -1802488.750000
10682   -1802489.250000
10683   -1802489.625000
10684   -1802489.750000
10685   -1802490.500000
10686   -1802490.750000
10687   -1802491.125000
10688   -1802491.500000
10689   -1802492.125000
10690   -1802492.250000
10691   -1802492.750000
10692   -1802493.125000
10693   -1802493.500000
10694   -1802494.000000
10695   -1802494.500000
10696   -1802494.875000
10697   -1802495.125000
10698   -1802495.750000
10699   -1802496.000000
10700   -1802496.500000
10701   -1802497.000000
10702   -1802497.250000
10703   -1802497.875000
10704   -1802498.250000
10705   -1802498.750000
10706   -1802499.000000
10707   -1802499.500000
10708   -1802499.750000
10709   -1802500.000000
10710   -1802500.625000
10711   -1802501.000000
10712   -1802501.250000
10713   -1802501.750000
10714   -1802502.250000
10715   -1802502.500000
10716   -1802503.000000
10717   -1802503.375000
10718   -1802503.750000
10719   -1802504.250000
10720   -1802504.500000
10721   -1802505.250000
10722   -1802505.500000
10723   -1802505.875000
10724   -1802506.250000
10725   -1802506.750000
10726   -1802507.000000
10727   -1802507.500000
10728   -1802508.000000
10729   -1802508.125000
10730   -1802508.875000
10731   -1802509.125000
10732   -1802509.750000
10733   -1802510.000000
10734   -1802510.500000
10735   -1802511.000000
10736   -1802511.500000
10737   -1802511.625000
10738   -1802512.125000
10739   -1802512.500000
10740   -1802512.875000
10741   -1802513.250000
10742   -1802513.625000
10743   -1802514.250000
10744   -1802514.500000
10745   -1802515.000000
10746   -1802515.250000
10747   -1802515.875000
10748   -1802516.250000
10749   -1802516.750000
10750   -1802517.125000
10751   -1802517.750000
10752   -1802517.875000
10753   -1802518.250000
10754   -1802518.750000
10755   -1802519.125000
10756   -1802519.500000
10757   -1802520.000000
10758   -1802520.500000
10759   -1802520.750000
10760   -1802521.250000
10761   -1802521.625000
10762   -1802522.000000
10763   -1802522.500000
10764   -1802522.875000
10765   -1802523.250000
10766   -1802523.750000
10767   -1802524.250000
10768   -1802524.625000
10769   -1802525.000000
10770   -1802525.500000
10771   -1802525.750000
10772   -1802526.250000
10773   -1802526.500000
10774   -1802527.000000
10775   -1802527.500000
10776   -1802527.750000
10777   -1802528.500000
10778   -1802528.750000
10779   -1802529.250000
10780   -1802529.500000
10781   -1802530.000000
10782   -1802530.375000
10783   -1802531.000000
10784   -1802531.250000
10785   -1802531.750000
10786   -1802532.000000
10787   -1802532.500000
10788   -1802533.000000
10789   -1802533.250000
10790   -1802533.750000
10791   -1802534.125000
10792   -1802534.500000
10793   -1802534.875000
10794   -1802535.500000
10795   -1802535.750000
10796   -1802536.500000
10797   -1802536.500000
10798   -1802537.125000
10799   -1802537.375000
10800   -1802537.875000
10801   -1802538.250000
10802   -1802538.750000
10803   -1802539.250000
10804   -1802539.625000
10805   -1802540.000000
10806   -1802540.500000
10807   -1802541.000000
10808   -1802541.250000
10809   -1802541.750000
10810   -1802542.000000
10811   -1802542.500000
10812   -1802542.875000
10813   -1802543.500000
10814   -1802544.000000
10815   -1802544.125000
10816   -1802544.750000
10817   -1802545.000000
10818   -1802545.500000
10819   -1802545.875000
10820   -1802546.125000
10821   -1802546.625000
10822   -1802547.125000
10823   -1802547.500000
10824   -1802547.875000
10825   -1802548.375000
10826   -1802548.625000
10827   -1802548.875000
10828   -1802549.500000
10829   -1802549.750000
10830   -1802550.250000
10831   -1802550.875000
10832   -1802551.000000
10833   -1802551.500000
10834   -1802551.875000
10835   -1802552.500000
10836   -1802552.750000
10837   -1802553.000000
10838   -1802553.625000
10839   -1802554.000000
10840   -1802554.250000
10841   -1802554.625000
10842   -1802555.250000
10843   -1802555.250000
10844   -1802555.875000
10845   -1802556.250000
10846   -1802556.500000
10847   -1802557.000000
10848   -1802557.375000
10849   -1802557.625000
10850   -1802558.250000
10851   -1802558.625000
10852   -1802559.000000
10853   -1802559.250000
10854   -1802559.750000
10855   -1802560.000000
10856   -1802560.625000
10857   -1802561.000000
10858   -1802561.375000
10859   -1802561.750000
10860   -1802562.000000
10861   -1802562.500000
10862   -1802563.000000
10863   -1802563.000000
10864   -1802563.500000
10865   -1802564.000000
10866   -1802564.250000
10867   -1802564.500000
10868   -1802565.000000
10869   -1802565.375000
10870   -1802565.875000
10871   -1802566.125000
10872   -1802566.500000
10873   -1802566.750000
10874   -1802567.375000
10875   -1802567.500000
10876   -1802567.750000
10877   -1802568.250000
10878   -1802568.750000
10879   -1802569.000000
10880   -1802569.250000
10881   -1802569.625000
10882   -1802569.875000
10883   -1802570.250000
10884   -1802570.750000
10885   -1802571.000000
10886   -1802571.250000
10887   -1802571.750000
10888   -1802572.000000
10889   -1802572.250000
10890   -1802572.625000
10891   -1802573.000000
10892   -1802573.500000
10893   -1802573.625000
10894   -1802574.250000
10895   -1802574.500000
10896   -1802574.750000
10897   -1802575.125000
10898   -1802575.500000
10899   -1802575.625000
10900   -1802576.000000
10901   -1802576.250000
10902   -1802576.875000
10903   -1802577.000000
10904   -1802577.375000
10905   -1802577.500000
10906   -1802578.000000
10907   -1802578.250000
10908   -1802578.750000
10909   -1802578.750000
10910   -1802579.250000
10911   -1802579.750000
10912   -1802580.000000
10913   -1802580.000000
10914   -1802580.375000
10915   -1802580.750000
10916   -1802581.000000
10917   -1802581.250000
10918   -1802581.500000
10919   -1802582.000000
10920   -1802582.250000
10921   -1802582.625000
10922   -1802582.875000
10923   -1802583.250000
10924   -1802583.500000
10925   -1802583.750000
10926   -1802584.000000
10927   -1802584.375000
10928   -1802584.625000
10929   -1802585.000000
10930   -1802585.250000
10931   -1802585.500000
10932   -1802585.750000
10933   -1802586.125000
10934   -1802586.500000
10935   -1802586.875000
10936   -1802587.000000
10937   -1802587.500000
10938   -1802587.750000
10939   -1802588.000000
10940   -1802588.250000
10941   -1802588.500000
10942   -1802588.750000
10943   -1802589.125000
10944   -1802589.250000
10945   -1802589.625000
10946   -1802589.875000
10947   -1802590.250000
10948   -1802590.625000
10949   -1802590.625000
10950   -1802591.250000
10951   -1802591.500000
10952   -1802591.750000
10953   -1802592.125000
10954   -1802592.375000
10955   -1802592.500000
10956   -1802592.750000
10957   -1802593.250000
10958   -1802593.500000
10959   -1802593.750000
10960   -1802594.000000
10961   -1802594.250000
10962   -1802594.500000
10963   -1802594.750000
10964   -1802595.250000
10965   -1802595.750000
10966   -1802596.000000
10967   -1802596.000000
10968   -1802596.500000
10969   -1802596.750000
10970   -1802597.000000
10971   -1802597.250000
10972   -1802597.500000
10973   -1802597.750000
10974   -1802598.125000
10975   -1802598.500000
10976   -1802598.750000
10977   -1802599.000000
10978   -1802599.000000
10979   -1802599.500000
10980   -1802599.750000
10981   -1802600.000000
10982   -1802600.375000
10983   -1802600.750000
10984   -1802601.000000
10985   -1802601.250000
10986   -1802601.500000
10987   -1802601.625000
10988   -1802601.750000
10989   -1802602.250000
10990   -1802602.500000
10991   -1802602.750000
10992   -1802603.250000
10993   -1802603.375000
10994   -1802603.750000
10995   -1802604.125000
10996   -1802604.250000
10997   -1802604.500000
10998   -1802604.875000
10999   -1802605.000000
11000   -1802605.250000
11001   -1802606.000000
11002   -1802606.000000
11003   -1802606.500000
11004   -1802606.625000
11005   -1802606.875000
11006   -1802607.000000
11007   -1802607.500000
11008   -1802607.625000
11009   -1802608.000000
11010   -1802608.250000
11011   -1802608.500000
11012   -1802608.875000
11013   -1802609.250000
11014   -1802609.500000
11015   -1802609.625000
11016   -1802610.250000
11017   -1802610.375000
11018   -1802610.750000
11019   -1802611.000000
11020   -1802611.125000
11021   -1802611.500000
11022   -1802611.750000
11023   -1802612.000000
11024   -1802612.500000
11025   -1802612.750000
11026   -1802613.000000
11027   -1802613.250000
11028   -1802613.625000
11029   -1802614.125000
11030   -1802614.250000
11031   -1802614.500000
11032   -1802614.750000
11033   -1802615.000000
11034   -1802615.375000
11035   -1802615.500000
11036   -1802615.875000
11037   -1802616.250000
11038   -1802616.500000
11039   -1802616.750000
11040   -1802617.250000
11041   -1802617.250000
11042   -1802617.750000
11043   -1802618.000000
11044   -1802618.500000
11045   -1802618.625000
11046   -1802618.750000
11047   -1802619.000000
11048   -1802619.500000
11049   -1802620.000000
11050   -1802620.000000
11051   -1802620.375000
11052   -1802620.750000
11053   -1802621.125000
11054   -1802621.250000
11055   -1802621.750000
11056   -1802622.000000
11057   -1802622.125000
11058   -1802622.750000
11059   -1802622.750000
11060   -1802623.250000
11061   -1802623.500000
11062   -1802623.750000
11063   -1802624.125000
11064   -1802624.500000
11065   -1802624.750000
11066   -1802625.250000
11067   -1802625.375000
11068   -1802625.750000
11069   -1802626.000000
11070   -1802626.500000
11071   -1802626.625000
11072   -1802627.125000
11073   -1802627.375000
11074   -1802627.750000
11075   -1802628.000000
11076   -1802628.500000
11077   -1802628.750000
11078   -1802629.000000
11079   -1802629.500000
11080   -1802629.625000
11081   -1802630.000000
11082   -1802630.500000
11083   -1802630.750000
11084   -1802631.125000
11085   -1802631.500000
11086   -1802631.625000
11087   -1802632.250000
11088   -1802632.500000
11089   -1802632.625000
11090   -1802633.000000
11091   -1802633.500000
11092   -1802633.875000
11093   -1802634.000000
11094   -1802634.500000
11095   -1802634.750000
11096   -1802635.125000
11097   -1802635.500000
11098   -1802636.000000
11099   -1802636.250000
11100   -1802636.500000
11101   -1802636.750000
11102   -1802637.250000
11103   -1802637.625000
11104   -1802637.875000
11105   -1802638.375000
11106   -1802638.750000
11107   -1802639.125000
11108   -1802639.500000
11109   -1802639.875000
11110   -1802640.125000
11111   -1802640.500000
11112   -1802641.000000
11113   -1802641.250000
11114   -1802641.500000
11115   -1802642.125000
11116   -1802642.375000
11117   -1802642.625000
11118   -1802643.125000
11119   -1802643.500000
11120   -1802643.750000
11121   -1802644.125000
11122   -1802644.625000
11123   -1802644.750000
11124   -1802645.250000
11125   -1802645.500000
11126   -1802646.000000
11127   -1802646.250000
11128   -1802646.750000
11129   -1802647.000000
11130   -1802647.500000
11131   -1802647.750000
11132   -1802648.125000
11133   -1802648.250000
11134   -1802648.750000
11135   -1802649.000000
11136   -1802649.500000
11137   -1802650.000000
11138   -1802650.125000
11139   -1802650.500000
11140   -1802651.125000
11141   -1802651.250000
11142   -1802651.625000
11143   -1802652.000000
11144   -1802652.375000
11145   -1802652.875000
11146   -1802653.000000
11147   -1802653.500000
11148   -1802654.000000
11149   -1802654.125000
11150   -1802654.500000
11151   -1802654.750000
11152   -1802655.250000
11153   -1802655.500000
11154   -1802656.000000
11155   -1802656.250000
11156   -1802656.500000
11157   -1802656.750000
11158   -1802657.250000
11159   -1802657.750000
11160   -1802658.000000
11161   -1802658.125000
11162   -1802658.500000
11163   -1802659.000000
11164   -1802659.250000
11165   -1802659.625000
11166   -1802660.125000
11167   -1802660.375000
11168   -1802660.500000
11169   -1802661.000000
11170   -1802661.500000
11171   -1802661.750000
11172   -1802662.125000
11173   -1802662.250000
11174   -1802662.750000
11175   -1802663.125000
11176   -1802663.500000
11177   -1802663.750000
11178   -1802664.125000
11179   -1802664.375000
11180   -1802664.875000
11181   -1802665.000000
11182   -1802665.500000
11183   -1802665.750000
11184   -1802666.250000
11185   -1802666.500000
11186   -1802667.000000
11187   -1802667.000000
11188   -1802667.500000
11189   -1802667.875000
11190   -1802668.250000
11191   -1802668.500000
11192   -1802668.875000
11193   -1802669.250000
11194   -1802669.625000
11195   -1802670.000000
11196   -1802670.375000
11197   -1802670.500000
11198   -1802671.000000
11199   -1802671.375000
11200   -1802671.750000
11201   -1802672.000000
11202   -1802672.375000
11203   -1802672.625000
11204   -1802673.125000
11205   -1802673.375000
11206   -1802673.750000
11207   -1802674.000000
11208   -1802674.250000
11209   -1802674.750000
11210   -1802675.250000
11211   -1802675.375000
11212   -1802675.750000
11213   -1802676.250000
11214   -1802676.250000
11215   -1802676.750000
11216   -1802677.250000
11217   -1802677.500000
11218   -1802677.750000
11219   -1802678.250000
11220   -1802678.375000
11221   -1802678.875000
11222   -1802679.125000
11223   -1802679.500000
11224   -1802679.750000
11225   -1802680.250000
11226   -1802680.500000
11227   -1802681.000000
11228   -1802681.250000
11229   -1802681.625000
11230   -1802682.000000
11231   -1802682.250000
11232   -1802682.500000
11233   -1802683.125000
11234   -1802683.500000
11235   -1802683.750000
11236   -1802684.125000
11237   -1802684.500000
11238   -1802684.750000
11239   -1802685.250000
11240   -1802685.500000
11241   -1802685.750000
11242   -1802686.250000
11243   -1802686.500000
11244   -1802687.000000
11245   -1802687.375000
11246   -1802687.750000
11247   -1802688.000000
11248   -1802688.250000
11249   -1802688.750000
11250   -1802689.250000
11251   -1802689.500000
11252   -1802689.750000
11253   -1802690.125000
11254   -1802690.750000
11255   -1802691.000000
11256   -1802691.250000
11257   -1802691.625000
11258   -1802692.250000
11259   -1802692.500000
11260   -1802692.750000
11261   -1802693.125000
11262   -1802693.500000
11263   -1802694.000000
11264   -1802694.375000
11265   -1802694.750000
11266   -1802695.000000
11267   -1802695.375000
11268   -1802696.000000
11269   -1802696.250000
11270   -1802696.625000
11271   -1802697.000000
11272   -1802697.500000
11273   -1802697.750000
11274   -1802698.250000
11275   -1802698.500000
11276   -1802699.000000
11277   -1802699.375000
11278   -1802699.625000
11279   -1802700.000000
11280   -1802700.625000
11281   -1802701.000000
11282   -1802701.250000
11283   -1802701.750000
11284   -1802702.000000
11285   -1802702.375000
11286   -1802702.750000
11287   -1802703.125000
11288   -1802703.625000
11289   -1802704.000000
11290   -1802704.375000
11291   -1802704.875000
11292   -1802705.250000
11293   -1802705.625000
11294   -1802706.000000
11295   -1802706.500000
11296   -1802707.000000
11297   -1802707.250000
11298   -1802707.500000
11299   -1802708.000000
11300   -1802708.500000
11301   -1802708.875000
11302   -1802709.125000
11303   -1802709.500000
11304   -1802710.000000
11305   -1802710.500000
11306   -1802710.750000
11307   -1802711.250000
11308   -1802711.750000
11309   -1802712.000000
11310   -1802712.375000
11311   -1802713.000000
11312   -1802713.250000
11313   -1802713.750000
11314   -1802714.000000
11315   -1802714.750000
11316   -1802714.875000
11317   -1802715.250000
11318   -1802715.750000
11319   -1802716.250000
11320   -1802716.500000
11321   -1802717.000000
11322   -1802717.500000
11323   -1802717.875000
11324   -1802718.250000
11325   -1802718.750000
11326   -1802719.250000
11327   -1802719.750000
11328   -1802720.000000
11329   -1802720.375000
11330   -1802720.875000
11331   -1802721.500000
11332   -1802721.750000
11333   -1802722.000000
11334   -1802722.750000
11335   -1802723.000000
11336   -1802723.625000
11337   -1802723.875000
11338   -1802724.375000
11339   -1802724.750000
11340   -1802725.250000
11341   -1802725.750000
11342   -1802726.250000
11343   -1802726.625000
11344   -1802727.250000
11345   -1802727.500000
11346   -1802728.250000
11347   -1802728.375000
11348   -1802729.000000
11349   -1802729.500000
11350   -1802729.875000
11351   -1802730.500000
11352   -1802731.000000
11353   -1802731.500000
11354   -1802731.750000
11355   -1802732.125000
11356   -1802732.750000
11357   -1802733.250000
11358   -1802733.750000
11359   -1802734.250000
11360   -1802734.750000
11361   -1802735.250000
11362   -1802735.625000
11363   -1802736.000000
11364   -1802736.625000
11365   -1802737.125000
11366   -1802737.500000
11367   -1802737.875000
11368   -1802738.375000
11369   -1802739.000000
11370   -1802739.625000
11371   -1802740.000000
11372   -1802740.500000
11373   -1802741.000000
11374   -1802741.500000
11375   -1802742.125000
11376   -1802742.500000
11377   -1802743.250000
11378   -1802743.500000
11379   -1802744.000000
11380   -1802744.625000
11381   -1802745.125000
11382   -1802745.750000
11383   -1802746.250000
11384   -1802746.750000
11385   -1802747.125000
11386   -1802747.750000
11387   -1802748.375000
11388   -1802748.750000
11389   -1802749.500000
11390   -1802749.875000
11391   -1802750.500000
11392   -1802751.000000
11393   -1802751.750000
11394   -1802752.000000
11395   -1802752.750000
11396   -1802753.250000
11397   -1802753.750000
11398   -1802754.250000
11399   -1802755.000000
11400   -1802755.500000
11401   -1802756.000000
11402   -1802756.750000
11403   -1802757.125000
11404   -1802757.625000
11405   -1802758.375000
11406   -1802758.875000
11407   -1802759.500000
11408   -1802760.125000
11409   -1802760.500000
11410   -1802761.375000
11411   -1802761.875000
11412   -1802762.500000
11413   -1802763.000000
11414   -1802763.750000
11415   -1802764.250000
11416   -1802764.750000
11417   -1802765.500000
11418   -1802766.000000
11419   -1802766.750000
11420   -1802767.250000
11421   -1802768.000000
11422   -1802768.500000
11423   -1802769.250000
11424   -1802769.750000
11425   -1802770.250000
11426   -1802771.125000
11427   -1802771.500000
11428   -1802772.250000
11429   -1802772.750000
11430   -1802773.625000
11431   -1802774.125000
11432   -1802774.750000
11433   -1802775.375000
11434   -1802776.250000
11435   -1802777.000000
11436   -1802777.500000
11437   -1802778.000000
11438   -1802778.500000
11439   -1802779.250000
11440   -1802779.875000
11441   -1802780.500000
11442   -1802781.250000
11443   -1802781.750000
11444   -1802782.500000
11445   -1802783.250000
11446   -1802784.000000
11447   -1802784.500000
11448   -1802785.125000
11449   -1802785.875000
11450   -1802786.500000
11451   -1802787.000000
11452   -1802787.625000
11453   -1802788.375000
11454   -1802789.000000
11455   -1802789.625000
11456   -1802790.375000
11457   -1802791.000000
11458   -1802791.625000
11459   -1802792.250000
11460   -1802792.875000
11461   -1802793.625000
11462   -1802794.250000
11463   -1802795.000000
11464   -1802795.500000
11465   -1802796.125000
11466   -1802797.000000
11467   -1802797.500000
11468   -1802798.000000
11469   -1802798.875000
11470   -1802799.500000
11471   -1802800.250000
11472   -1802800.875000
11473   -1802801.375000
11474   -1802802.125000
11475   -1802802.750000
11476   -1802803.500000
11477   -1802804.000000
11478   -1802804.500000
11479   -1802805.375000
11480   -1802806.250000
11481   -1802806.750000
11482   -1802807.250000
11483   -1802808.125000
11484   -1802808.625000
11485   -1802809.375000
11486   -1802810.000000
11487   -1802810.500000
11488   -1802811.250000
11489   -1802812.000000
11490   -1802812.500000
11491   -1802813.125000
11492   -1802813.875000
11493   -1802814.375000
11494   -1802815.000000
11495   -1802815.625000
11496   -1802816.500000
11497   -1802817.000000
11498   -1802817.625000
11499   -1802818.250000
11500   -1802818.750000
11501   -1802819.500000
11502   -1802820.000000
11503   -1802820.750000
11504   -1802821.000000
11505   -1802821.875000
11506   -1802822.625000
11507   -1802823.250000
11508   -1802823.750000
11509   -1802824.250000
11510   -1802824.875000
11511   -1802825.500000
11512   -1802826.125000
11513   -1802826.625000
11514   -1802827.375000
11515   -1802828.000000
11516   -1802828.500000
11517   -1802829.000000
11518   -1802829.750000
11519   -1802830.250000
11520   -1802831.000000
11521   -1802831.500000
11522   -1802832.000000
11523   -1802832.500000
11524   -1802833.250000
11525   -1802833.750000
11526   -1802834.375000
11527   -1802834.625000
11528   -1802835.500000
11529   -1802836.000000
11530   -1802836.625000
11531   -1802837.250000
11532   -1802837.500000
11533   -1802838.250000
11534   -1802838.750000
11535   -1802839.500000
11536   -1802840.000000
11537   -1802840.250000
11538   -1802840.875000
11539   -1802841.500000
11540   -1802842.000000
11541   -1802842.500000
11542   -1802843.125000
11543   -1802843.750000
11544   -1802844.125000
11545   -1802844.875000
11546   -1802845.250000
11547   -1802846.000000
11548   -1802846.375000
11549   -1802846.750000
11550   -1802847.500000
11551   -1802847.875000
11552   -1802848.500000
11553   -1802849.000000
11554   -1802849.500000
11555   -1802849.875000
11556   -1802850.500000
11557   -1802851.000000
11558   -1802851.500000
11559   -1802852.000000
11560   -1802852.500000
11561   -1802853.000000
11562   -1802853.500000
11563   -1802853.875000
11564   -1802854.375000
11565   -1802855.000000
11566   -1802855.500000
11567   -1802856.000000
11568   -1802856.500000
11569   -1802857.000000
11570   -1802857.500000
11571   -1802858.000000
11572   -1802858.375000
11573   -1802859.000000
11574   -1802859.250000
11575   -1802859.750000
11576   -1802860.250000
11577   -1802860.750000
11578   -1802861.250000
11579   -1802861.750000
11580   -1802862.250000
11581   -1802862.750000
11582   -1802863.125000
11583   -1802863.625000
11584   -1802864.000000
11585   -1802864.500000
11586   -1802865.000000
11587   -1802865.500000
11588   -1802865.875000
11589   -1802866.250000
11590   -1802866.750000
11591   -1802867.500000
11592   -1802867.750000
11593   -1802868.125000
11594   -1802868.625000
11595   -1802869.000000
11596   -1802869.375000
11597   -1802870.000000
11598   -1802870.500000
11599   -1802870.875000
11600   -1802871.250000
11601   -1802871.750000
11602   -1802872.250000
11603   -1802872.750000
11604   -1802873.125000
11605   -1802873.500000
11606   -1802874.000000
11607   -1802874.375000
11608   -1802875.000000
11609   -1802875.375000
11610   -1802875.625000
11611   -1802876.125000
11612   -1802876.500000
11613   -1802877.000000
11614   -1802877.500000
11615   -1802877.875000
11616   -1802878.250000
11617   -1802878.625000
11618   -1802879.125000
11619   -1802879.500000
11620   -1802880.000000
11621   -1802880.250000
11622   -1802880.750000
11623   -1802881.250000
11624   -1802881.500000
11625   -1802882.000000
11626   -1802882.375000
11627   -1802882.750000
11628   -1802883.000000
11629   -1802883.500000
11630   -1802884.000000
11631   -1802884.500000
11632   -1802884.750000
11633   -1802885.250000
11634   -1802885.625000
11635   -1802886.000000
11636   -1802886.500000
11637   -1802886.750000
11638   -1802887.125000
11639   -1802887.500000
11640   -1802887.750000
11641   -1802888.375000
11642   -1802888.625000
11643   -1802889.000000
11644   -1802889.375000
11645   -1802889.750000
11646   -1802890.000000
11647   -1802890.500000
11648   -1802890.750000
11649   -1802891.250000
11650   -1802891.625000
11651   -1802891.875000
11652   -1802892.250000
11653   -1802892.750000
11654   -1802893.000000
11655   -1802893.500000
11656   -1802893.625000
11657   -1802894.000000
11658   -1802894.500000
11659   -1802894.750000
11660   -1802895.250000
11661   -1802895.625000
11662   -1802896.000000
11663   -1802896.250000
11664   -1802896.500000
11665   -1802897.125000
11666   -1802897.375000
11667   -1802897.750000
11668   -1802898.000000
11669   -1802898.500000
11670   -1802899.000000
11671   -1802899.250000
11672   -1802899.500000
11673   -1802900.000000
11674   -1802900.375000
11675   -1802900.625000
11676   -1802901.250000
11677   -1802901.500000
11678   -1802901.875000
11679   -1802902.000000
11680   -1802902.250000
11681   -1802902.625000
11682   -1802903.000000
11683   -1802903.250000
11684   -1802903.625000
11685   -1802904.000000
11686   -1802904.250000
11687   -1802904.500000
11688   -1802904.875000
11689   -1802905.250000
11690   -1802905.500000
11691   -1802905.875000
11692   -1802906.250000
11693   -1802906.625000
11694   -1802907.000000
11695   -1802907.250000
11696   -1802907.375000
11697   -1802907.750000
11698   -1802908.125000
11699   -1802908.250000
11700   -1802908.625000
11701   -1802909.000000
11702   -1802909.250000
11703   -1802909.625000
11704   -1802910.000000
11705   -1802910.375000
11706   -1802910.500000
11707   -1802910.875000
11708   -1802911.250000
11709   -1802911.625000
11710   -1802912.000000
11711   -1802912.125000
11712   -1802912.500000
11713   -1802912.750000
11714   -1802913.000000
11715   -1802913.250000
11716   -1802913.750000
11717   -1802914.000000
11718   -1802914.375000
11719   -1802914.750000
11720   -1802915.000000
11721   -1802915.125000
11722   -1802915.500000
11723   -1802915.875000
11724   -1802916.000000
11725   -1802916.375000
11726   -1802916.750000
11727   -1802917.000000
11728   -1802917.125000
11729   -1802917.500000
11730   -1802917.750000
11731   -1802918.000000
11732   -1802918.500000
11733   -1802918.625000
11734   -1802918.750000
11735   -1802919.250000
11736   -1802919.500000
11737   -1802919.875000
11738   -1802920.000000
11739   -1802920.375000
11740   -1802920.625000
11741   -1802921.000000
11742   -1802921.375000
11743   -1802921.500000
11744   -1802921.750000
11745   -1802922.000000
11746   -1802922.375000
11747   -1802922.750000
11748   -1802923.000000
11749   -1802923.250000
11750   -1802923.500000
11751   -1802923.875000
11752   -1802924.000000
11753   -1802924.375000
11754   -1802924.625000
11755   -1802925.000000
11756   -1802925.250000
11757   -1802925.500000
11758   -1802925.750000
11759   -1802926.000000
11760   -1802926.500000
11761   -1802926.500000
11762   -1802927.000000
11763   -1802927.250000
11764   -1802927.375000
11765   -1802927.750000
11766   -1802928.000000
11767   -1802928.500000
11768   -1802928.625000
11769   -1802928.875000
11770   -1802929.250000
11771   -1802929.500000
11772   -1802929.750000
11773   -1802930.000000
11774   -1802930.375000
11775   -1802930.500000
11776   -1802931.000000
11777   -1802931.250000
11778   -1802931.500000
11779   -1802931.750000
11780   -1802932.000000
11781   -1802932.500000
11782   -1802932.500000
11783   -1802933.000000
11784   -1802933.375000
11785   -1802933.500000
11786   -1802933.750000
11787   -1802934.125000
11788   -1802934.250000
11789   -1802934.500000
11790   -1802935.000000
11791   -1802935.250000
11792   -1802935.500000
11793   -1802935.875000
11794   -1802936.000000
11795   -1802936.375000
11796   -1802936.750000
11797   -1802937.000000
11798   -1802937.375000
11799   -1802937.500000
11800   -1802937.750000
11801   -1802938.125000
11802   -1802938.250000
11803   -1802938.750000
11804   -1802939.125000
11805   -1802939.375000
11806   -1802939.750000
11807   -1802939.750000
11808   -1802940.125000
11809   -1802940.500000
11810   -1802940.750000
11811   -1802941.000000
11812   -1802941.250000
11813   -1802941.500000
11814   -1802941.750000
11815   -1802942.125000
11816   -1802942.500000
11817   -1802942.750000
11818   -1802943.125000
11819   -1802943.375000
11820   -1802943.750000
11821   -1802943.750000
11822   -1802944.250000
11823   -1802944.375000
11824   -1802944.750000
11825   -1802945.250000
11826   -1802945.500000
11827   -1802945.750000
11828   -1802946.000000
11829   -1802946.250000
11830   -1802946.500000
11831   -1802946.875000
11832   -1802947.125000
11833   -1802947.500000
11834   -1802947.750000
11835   -1802948.000000
11836   -1802948.375000
11837   -1802948.750000
11838   -1802948.750000
11839   -1802949.250000
11840   -1802949.375000
11841   -1802949.750000
11842   -1802950.000000
11843   -1802950.250000
11844   -1802950.750000
11845   -1802951.000000
11846   -1802951.250000
11847   -1802951.500000
11848   -1802952.000000
11849   -1802952.125000
11850   -1802952.250000
11851   -1802952.750000
11852   -1802953.000000
11853   -1802953.250000
11854   -1802953.625000
11855   -1802953.750000
11856   -1802954.250000
11857   -1802954.250000
11858   -1802954.750000
11859   -1802955.000000
11860   -1802955.250000
11861   -1802955.625000
11862   -1802955.875000
11863   -1802956.125000
11864   -1802956.500000
11865   -1802956.875000
11866   -1802957.000000
11867   -1802957.500000
11868   -1802957.750000
11869   -1802957.875000
11870   -1802958.250000
11871   -1802958.500000
11872   -1802959.000000
11873   -1802959.000000
11874   -1802959.500000
11875   -1802959.750000
11876   -1802959.875000
11877   -1802960.375000
11878   -1802960.500000
11879   -1802960.750000
11880   -1802961.000000
11881   -1802961.375000
11882   -1802961.500000
11883   -1802961.875000
11884   -1802962.000000
11885   -1802962.375000
11886   -1802962.750000
11887   -1802963.125000
11888   -1802963.125000
11889   -1802963.375000
11890   -1802963.750000
11891   -1802964.000000
11892   -1802964.375000
11893   -1802964.625000
11894   -1802965.000000
11895   -1802965.125000
11896   -1802965.375000
11897   -1802965.625000
11898   -1802965.875000
11899   -1802966.375000
11900   -1802966.500000
11901   -1802966.750000
11902   -1802967.000000
11903   -1802967.250000
11904   -1802967.625000
11905   -1802967.750000
11906   -1802968.000000
11907   -1802968.250000
11908   -1802968.500000
11909   -1802968.750000
11910   -1802969.000000
11911   -1802969.250000
11912   -1802969.500000
11913   -1802969.875000
11914   -1802970.125000
11915   -1802970.375000
11916   -1802970.625000
11917   -1802970.875000
11918   -1802971.125000
11919   -1802971.500000
11920   -1802971.750000
11921   -1802972.000000
11922   -1802972.250000
11923   -1802972.500000
11924   -1802972.875000
11925   -1802973.000000
11926   -1802973.250000
11927   -1802973.750000
11928   -1802974.000000
11929   -1802974.125000
11930   -1802974.250000
11931   -1802974.625000
11932   -1802974.875000
11933   -1802975.250000
11934   -1802975.500000
11935   -1802975.625000
11936   -1802976.000000
11937   -1802976.375000
11938   -1802976.500000
11939   -1802976.750000
11940   -1802977.000000
11941   -1802977.500000
11942   -1802977.750000
11943   -1802977.875000
11944   -1802978.250000
11945   -1802978.500000
11946   -1802978.750000
11947   -1802979.000000
11948   -1802979.250000
11949   -1802979.500000
11950   -1802980.000000
11951   -1802980.250000
11952   -1802980.375000
11953   -1802980.625000
11954   -1802980.875000
11955   -1802981.125000
11956   -1802981.500000
11957   -1802981.750000
11958   -1802982.000000
11959   -1802982.500000
11960   -1802982.500000
11961   -1802982.875000
11962   -1802983.250000
11963   -1802983.500000
11964   -1802983.750000
11965   -1802984.000000
11966   -1802984.500000
11967   -1802984.625000
11968   -1802985.000000
11969   -1802985.125000
11970   -1802985.375000
11971   -1802985.750000
11972   -1802986.000000
11973   -1802986.375000
11974   -1802986.750000
11975   -1802986.750000
11976   -1802987.125000
11977   -1802987.375000
11978   -1802987.875000
11979   -1802988.000000
11980   -1802988.375000
11981   -1802988.625000
11982   -1802988.750000
11983   -1802989.250000
11984   -1802989.500000
11985   -1802989.750000
11986   -1802990.000000
11987   -1802990.375000
11988   -1802990.750000
11989   -1802991.000000
11990   -1802991.375000
11991   -1802991.625000
11992   -1802991.750000
11993   -1802992.125000
11994   -1802992.500000
11995   -1802992.750000
11996   -1802993.125000
11997   -1802993.375000
11998   -1802993.750000
11999   -1802994.000000
12000   -1802994.250000
12001   -1802994.625000
12002   -1802995.000000
12003   -1802995.250000
12004   -1802995.500000
12005   -1802995.750000
12006   -1802996.000000
12007   -1802996.500000
12008   -1802996.625000
12009   -1802997.000000
12010   -1802997.250000
12011   -1802997.750000
12012   -1802997.750000
12013   -1802998.250000
12014   -1802998.500000
12015   -1802998.875000
12016   -1802999.250000
12017   -1802999.375000
12018   -1803000.000000
12019   -1803000.000000
12020   -1803000.375000
12021   -1803000.750000
12022   -1803001.125000
12023   -1803001.375000
12024   -1803001.625000
12025   -1803002.000000
12026   -1803002.250000
12027   -1803002.625000
12028   -1803003.125000
12029   -1803003.375000
12030   -1803003.750000
12031   -1803004.000000
12032   -1803004.250000
12033   -1803004.625000
12034   -1803004.875000
12035   -1803005.250000
12036   -1803005.500000
12037   -1803005.875000
12038   -1803006.250000
12039   -1803006.750000
12040   -1803007.000000
12041   -1803007.250000
12042   -1803007.750000
12043   -1803007.875000
12044   -1803008.250000
12045   -1803008.750000
12046   -1803009.000000
12047   -1803009.250000
12048   -1803009.625000
12049   -1803010.000000
12050   -1803010.250000
12051   -1803010.750000
12052   -1803011.000000
12053   -1803011.250000
12054   -1803011.750000
12055   -1803012.125000
12056   -1803012.500000
12057   -1803012.875000
12058   -1803013.250000
12059   -1803013.500000
12060   -1803013.750000
12061   -1803014.000000
12062   -1803014.500000
12063   -1803014.750000
12064   -1803015.250000
12065   -1803015.625000
12066   -1803015.875000
12067   -1803016.250000
12068   -1803016.750000
12069   -1803017.125000
12070   -1803017.500000
12071   -1803018.000000
12072   -1803018.250000
12073   -1803018.500000
12074   -1803018.875000
12075   -1803019.250000
12076   -1803019.500000
12077   -1803019.875000
12078   -1803020.250000
12079   -1803020.625000
12080   -1803021.000000
12081   -1803021.500000
12082   -1803021.875000
12083   -1803022.250000
12084   -1803022.625000
12085   -1803023.000000
12086   -1803023.375000
12087   -1803023.750000
12088   -1803024.000000
12089   -1803024.500000
12090   -1803024.875000
12091   -1803025.250000
12092   -1803025.750000
12093   -1803026.000000
12094   -1803026.375000
12095   -1803026.750000
12096   -1803027.250000
12097   -1803027.625000
12098   -1803028.000000
12099   -1803028.375000
12100   -1803028.750000
12101   -1803029.125000
12102   -1803029.500000
12103   -1803030.000000
12104   -1803030.250000
12105   -1803030.750000
12106   -1803031.250000
12107   -1803031.500000
12108   -1803032.000000
12109   -1803032.500000
12110   -1803032.750000
12111   -1803033.250000
12112   -1803033.625000
12113   -1803034.000000
12114   -1803034.375000
12115   -1803034.875000
12116   -1803035.250000
12117   -1803035.500000
12118   -1803036.000000
12119   -1803036.500000
12120   -1803036.750000
12121   -1803037.250000
12122   -1803037.750000
12123   -1803038.250000
12124   -1803038.500000
12125   -1803038.875000
12126   -1803039.375000
12127   -1803039.625000
12128   -1803040.250000
12129   -1803040.625000
12130   -1803041.000000
12131   -1803041.500000
12132   -1803041.875000
12133   -1803042.250000
12134   -1803042.750000
12135   -1803043.125000
12136   -1803043.500000
12137   -1803044.000000
12138   -1803044.375000
12139   -1803044.750000
12140   -1803045.250000
12141   -1803045.625000
12142   -1803046.000000
12143   -1803046.500000
12144   -1803046.750000
12145   -1803047.375000
12146   -1803047.750000
12147   -1803048.250000
12148   -1803048.500000
12149   -1803049.000000
12150   -1803049.500000
12151   -1803049.750000
12152   -1803050.250000
12153   -1803050.750000
12154   -1803051.250000
12155   -1803051.625000
12156   -1803051.750000
12157   -1803052.375000
12158   -1803052.875000
12159   -1803053.250000
12160   -1803053.750000
12161   -1803054.125000
12162   -1803054.500000
12163   -1803055.000000
12164   -1803055.375000
12165   -1803055.875000
12166   -1803056.250000
12167   -1803056.500000
12168   -1803057.125000
12169   -1803057.375000
12170   -1803057.875000
12171   -1803058.250000
12172   -1803058.750000
12173   -1803059.250000
12174   -1803059.500000
12175   -1803060.000000
12176   -1803060.500000
12177   -1803060.750000
12178   -1803061.250000
12179   -1803061.625000
12180   -1803062.000000
12181   -1803062.250000
12182   -1803062.750000
12183   -1803063.125000
12184   -1803063.500000
12185   -1803064.000000
12186   -1803064.250000
12187   -1803064.750000
12188   -1803065.000000
12189   -1803065.375000
12190   -1803066.000000
12191   -1803066.250000
12192   -1803066.750000
12193   -1803067.000000
12194   -1803067.500000
12195   -1803068.000000
12196   -1803068.250000
12197   -1803068.500000
12198   -1803069.000000
12199   -1803069.375000
12200   -1803069.875000
12201   -1803070.250000
12202   -1803070.750000
12203   -1803071.000000
12204   -1803071.375000
12205   -1803071.750000
12206   -1803072.250000
12207   -1803072.500000
12208   -1803073.000000
12209   -1803073.375000
12210   -1803073.625000
12211   -1803074.125000
12212   -1803074.500000
12213   -1803074.875000
12214   -1803075.250000
12215   -1803075.750000
12216   -1803076.000000
12217   -1803076.375000
12218   -1803076.750000
12219   -1803077.125000
12220   -1803077.625000
12221   -1803078.000000
12222   -1803078.375000
12223   -1803078.750000
12224   -1803079.250000
12225   -1803079.500000
12226   -1803079.750000
12227   -1803080.375000
12228   -1803080.625000
12229   -1803081.000000
12230   -1803081.500000
12231   -1803081.750000
12232   -1803082.125000
12233   -1803082.500000
12234   -1803083.000000
12235   -1803083.375000
12236   -1803083.500000
12237   -1803084.000000
12238   -1803084.375000
12239   -1803084.750000
12240   -1803085.000000
12241   -1803085.375000
12242   -1803085.750000
12243   -1803086.250000
12244   -1803086.625000
12245   -1803087.000000
12246   -1803087.375000
12247   -1803087.750000
12248   -1803088.000000
12249   -1803088.250000
12250   -1803088.750000
12251   -1803089.125000
12252   -1803089.500000
12253   -1803090.000000
12254   -1803090.125000
12255   -1803090.500000
12256   -1803091.000000
12257   -1803091.250000
12258   -1803091.750000
12259   -1803092.000000
12260   -1803092.375000
12261   -1803092.625000
12262   -1803093.000000
12263   -1803093.500000
12264   -1803093.750000
12265   -1803094.125000
12266   -1803094.500000
12267   -1803094.875000
12268   -1803095.125000
12269   -1803095.500000
12270   -1803095.750000
12271   -1803096.250000
12272   -1803096.625000
12273   -1803096.750000
12274   -1803097.250000
12275   -1803097.750000
12276   -1803097.875000
12277   -1803098.250000
12278   -1803098.500000
12279   -1803098.875000
12280   -1803099.250000
12281   -1803099.500000
12282   -1803100.000000
12283   -1803100.250000
12284   -1803100.500000
12285   -1803101.000000
12286   -1803101.250000
12287   -1803101.500000
12288   -1803101.875000
12289   -1803102.250000
12290   -1803102.500000
12291   -1803102.875000
12292   -1803103.250000
12293   -1803103.500000
12294   -1803103.875000
12295   -1803104.125000
12296   -1803104.625000
12297   -1803104.875000
12298   -1803105.000000
12299   -1803105.500000
12300   -1803105.750000
12301   -1803106.125000
12302   -1803106.250000
12303   -1803106.750000
12304   -1803107.000000
12305   -1803107.500000
12306   -1803107.750000
12307   -1803108.000000
12308   -1803108.375000
12309   -1803108.625000
12310   -1803109.000000
12311   -1803109.250000
12312   -1803109.375000
12313   -1803109.750000
12314   -1803110.125000
12315   -1803110.625000
12316   -1803110.875000
12317   -1803111.375000
12318   -1803111.500000
12319   -1803111.750000
12320   -1803112.125000
12321   -1803112.250000
12322   -1803112.625000
12323   -1803113.000000
12324   -1803113.250000
12325   -1803113.750000
12326   -1803113.875000
12327   -1803114.250000
12328   -1803114.500000
12329   -1803114.875000
12330   -1803115.000000
12331   -1803115.375000
12332   -1803115.625000
12333   -1803115.875000
12334   -1803116.250000
12335   -1803116.500000
12336   -1803116.750000
12337   -1803117.125000
12338   -1803117.250000
12339   -1803117.625000
12340   -1803118.000000
12341   -1803118.250000
12342   -1803118.500000
12343   -1803118.875000
12344   -1803119.250000
12345   -1803119.500000
12346   -1803119.750000
12347   -1803120.000000
12348   -1803120.375000
12349   -1803120.625000
12350   -1803121.000000
12351   -1803121.250000
12352   -1803121.750000
12353   -1803121.875000
12354   -1803122.125000
12355   -1803122.500000
12356   -1803122.750000
12357   -1803123.250000
12358   -1803123.375000
12359   -1803123.750000
12360   -1803124.000000
12361   -1803124.250000
12362   -1803124.500000
12363   -1803124.875000
12364   -1803125.250000
12365   -1803125.500000
12366   -1803125.750000
12367   -1803126.000000
12368   -1803126.375000
12369   -1803126.625000
12370   -1803127.000000
12371   -1803127.250000
12372   -1803127.500000
12373   -1803128.000000
12374   -1803128.125000
12375   -1803128.375000
12376   -1803128.750000
12377   -1803129.000000
12378   -1803129.250000
12379   -1803129.750000
12380   -1803129.875000
12381   -1803130.250000
12382   -1803130.375000
12383   -1803130.750000
12384   -1803131.125000
12385   -1803131.250000
12386   -1803131.625000
12387   -1803132.000000
12388   -1803132.250000
12389   -1803132.500000
12390   -1803132.750000
12391   -1803133.000000
12392   -1803133.375000
12393   -1803133.750000
12394   -1803134.000000
12395   -1803134.250000
12396   -1803134.500000
12397   -1803134.750000
12398   -1803135.000000
12399   -1803135.375000
12400   -1803135.500000
12401   -1803135.750000
12402   -1803136.250000
12403   -1803136.500000
12404   -1803136.750000
12405   -1803137.000000
12406   -1803137.250000
12407   -1803137.500000
12408   -1803137.750000
12409   -1803138.250000
12410   -1803138.500000
12411   -1803138.750000
12412   -1803139.000000
12413   -1803139.250000
12414   -1803139.500000
12415   -1803139.750000
12416   -1803140.250000
12417   -1803140.375000
12418   -1803140.625000
12419   -1803140.875000
12420   -1803141.000000
12421   -1803141.500000
12422   -1803141.750000
12423   -1803142.000000
12424   -1803142.250000
12425   -1803142.500000
12426   -1803142.750000
12427   -1803143.000000
12428   -1803143.375000
12429   -1803143.625000
12430   -1803144.125000
12431   -1803144.250000
12432   -1803144.625000
12433   -1803144.750000
12434   -1803145.000000
12435   -1803145.250000
12436   -1803145.500000
12437   -1803145.875000
12438   -1803146.125000
12439   -1803146.375000
12440   -1803146.750000
12441   -1803147.000000
12442   -1803147.250000
12443   -1803147.500000
12444   -1803147.875000
12445   -1803148.125000
12446   -1803148.250000
12447   -1803148.625000
12448   -1803148.750000
12449   -1803149.250000
12450   -1803149.375000
12451   -1803149.750000
12452   -1803150.000000
12453   -1803150.125000
12454   -1803150.500000
12455   -1803150.875000
12456   -1803151.000000
12457   -1803151.250000
12458   -1803151.625000
12459   -1803151.750000
12460   -1803152.000000
12461   -1803152.250000
12462   -1803152.500000
12463   -1803152.875000
12464   -1803153.125000
12465   -1803153.500000
12466   -1803153.500000
12467   -1803154.000000
12468   -1803154.250000
12469   -1803154.375000
12470   -1803154.750000
12471   -1803155.000000
12472   -1803155.250000
12473   -1803155.375000
12474   -1803155.625000
12475   -1803156.000000
12476   -1803156.250000
12477   -1803156.625000
12478   -1803156.875000
12479   -1803157.000000
12480   -1803157.375000
12481   -1803157.500000
12482   -1803157.875000
12483   -1803158.250000
12484   -1803158.500000
12485   -1803158.625000
12486   -1803158.875000
12487   -1803159.000000
12488   -1803159.375000
12489   -1803159.625000
12490   -1803160.000000
12491   -1803160.250000
12492   -1803160.500000
12493   -1803160.750000
12494   -1803161.000000
12495   -1803161.500000
12496   -1803161.625000
12497   -1803161.750000
12498   -1803162.000000
12499   -1803162.250000
12500   -1803162.500000
12501   -1803162.750000
12502   -1803163.000000
12503   -1803163.250000
12504   -1803163.625000
12505   -1803163.750000
12506   -1803164.000000
12507   -1803164.500000
12508   -1803164.625000
12509   -1803165.000000
12510   -1803165.250000
12511   -1803165.500000
12512   -1803165.750000
12513   -1803166.000000
12514   -1803166.375000
12515   -1803166.500000
12516   -1803166.750000
12517   -1803167.000000
12518   -1803167.500000
12519   -1803167.625000
12520   -1803168.000000
12521   -1803168.250000
12522   -1803168.375000
12523   -1803168.750000
12524   -1803169.000000
12525   -1803169.250000
12526   -1803169.500000
12527   -1803169.875000
12528   -1803170.250000
12529   -1803170.500000
12530   -1803170.750000
12531   -1803171.125000
12532   -1803171.375000
12533   -1803171.625000
12534   -1803171.750000
12535   -1803172.125000
12536   -1803172.500000
12537   -1803172.500000
12538   -1803173.000000
12539   -1803173.250000
12540   -1803173.625000
12541   -1803174.000000
12542   -1803174.250000
12543   -1803174.625000
12544   -1803175.000000
12545   -1803175.250000
12546   -1803175.500000
12547   -1803175.750000
12548   -1803176.000000
12549   -1803176.500000
12550   -1803176.625000
12551   -1803177.000000
12552   -1803177.375000
12553   -1803177.625000
12554   -1803177.875000
12555   -1803178.250000
12556   -1803178.750000
12557   -1803179.000000
12558   -1803179.250000
12559   -1803179.500000
12560   -1803179.875000
12561   -1803180.250000
12562   -1803180.500000
12563   -1803181.000000
12564   -1803181.375000
12565   -1803181.750000
12566   -1803181.875000
12567   -1803182.250000
12568   -1803182.750000
12569   -1803182.875000
12570   -1803183.250000
12571   -1803183.500000
12572   -1803184.000000
12573   -1803184.375000
12574   -1803184.500000
12575   -1803185.000000
12576   -1803185.500000
12577   -1803185.750000
12578   -1803186.250000
12579   -1803186.500000
12580   -1803187.000000
12581   -1803187.250000
12582   -1803187.500000
12583   -1803188.125000
12584   -1803188.250000
12585   -1803188.750000
12586   -1803189.000000
12587   -1803189.500000
12588   -1803190.000000
12589   -1803190.250000
12590   -1803190.625000
12591   -1803191.000000
12592   -1803191.250000
12593   -1803191.750000
12594   -1803192.125000
12595   -1803192.500000
12596   -1803193.000000
12597   -1803193.250000
12598   -1803193.625000
12599   -1803194.125000
12600   -1803194.375000
12601   -1803194.875000
12602   -1803195.250000
12603   -1803195.625000
12604   -1803196.000000
12605   -1803196.500000
12606   -1803196.875000
12607   -1803197.250000
12608   -1803197.750000
12609   -1803198.125000
12610   -1803198.375000
12611   -1803199.000000
12612   -1803199.250000
12613   -1803199.750000
12614   -1803200.250000
12615   -1803200.750000
12616   -1803201.000000
12617   -1803201.500000
12618   -1803202.000000
12619   -1803202.250000
12620   -1803202.750000
12621   -1803203.000000
12622   -1803203.625000
12623   -1803204.000000
12624   -1803204.500000
12625   -1803204.750000
12626   -1803205.375000
12627   -1803205.500000
12628   -1803206.125000
12629   -1803206.750000
12630   -1803207.000000
12631   -1803207.500000
12632   -1803207.875000
12633   -1803208.250000
12634   -1803208.875000
12635   -1803209.250000
12636   -1803209.625000
12637   -1803210.000000
12638   -1803210.750000
12639   -1803211.125000
12640   -1803211.500000
12641   -1803211.750000
12642   -1803212.500000
12643   -1803213.000000
12644   -1803213.250000
12645   -1803213.750000
12646   -1803214.250000
12647   -1803214.750000
12648   -1803215.250000
12649   -1803215.625000
12650   -1803216.250000
12651   -1803216.625000
12652   -1803217.125000
12653   -1803217.500000
12654   -1803218.000000
12655   -1803218.500000
12656   -1803219.000000
12657   -1803219.500000
12658   -1803220.000000
12659   -1803220.500000
12660   -1803221.000000
12661   -1803221.250000
12662   -1803221.750000
12663   -1803222.250000
12664   -1803222.750000
12665   -1803223.375000
12666   -1803223.750000
12667   -1803224.250000
12668   -1803224.875000
12669   -1803225.250000
12670   -1803225.875000
12671   -1803226.375000
12672   -1803226.625000
12673   -1803227.250000
12674   -1803227.750000
12675   -1803228.375000
12676   -1803228.750000
12677   -1803229.250000
12678   -1803229.750000
12679   -1803230.250000
12680   -1803230.625000
12681   -1803231.250000
12682   -1803231.625000
12683   -1803232.125000
12684   -1803232.625000
12685   -1803233.250000
12686   -1803233.625000
12687   -1803234.125000
12688   -1803234.750000
12689   -1803235.250000
12690   -1803235.750000
12691   -1803236.250000
12692   -1803236.625000
12693   -1803237.250000
12694   -1803237.750000
12695   -1803238.000000
12696   -1803238.500000
12697   -1803239.000000
12698   -1803239.500000
12699   -1803240.250000
12700   -1803240.500000
12701   -1803241.000000
12702   -1803241.500000
12703   -1803242.000000
12704   -1803242.625000
12705   -1803243.000000
12706   -1803243.500000
12707   -1803244.000000
12708   -1803244.500000
12709   -1803245.000000
12710   -1803245.500000
12711   -1803246.000000
12712   -1803246.500000
12713   -1803246.875000
12714   -1803247.500000
12715   -1803247.875000
12716   -1803248.375000
12717   -1803248.750000
12718   -1803249.250000
12719   -1803249.750000
12720   -1803250.250000
12721   -1803250.750000
12722   -1803251.250000
12723   -1803251.750000
12724   -1803252.000000
12725   -1803252.750000
12726   -1803253.000000
12727   -1803253.500000
12728   -1803253.750000
12729   -1803254.375000
12730   -1803254.875000
12731   -1803255.250000
12732   -1803255.750000
12733   -1803256.250000
12734   -1803256.750000
12735   -1803257.000000
12736   -1803257.625000
12737   -1803257.875000
12738   -1803258.250000
12739   -1803258.750000
12740   -1803259.125000
12741   -1803259.625000
12742   -1803260.125000
12743   -1803260.500000
12744   -1803260.750000
12745   -1803261.375000
12746   -1803261.750000
12747   -1803262.250000
12748   -1803262.625000
12749   -1803263.000000
12750   -1803263.250000
12751   -1803263.750000
12752   -1803264.000000
12753   -1803264.625000
12754   -1803265.000000
12755   -1803265.250000
12756   -1803265.750000
12757   -1803266.000000
12758   -1803266.500000
12759   -1803266.750000
12760   -1803267.375000
12761   -1803267.750000
12762   -1803268.000000
12763   -1803268.500000
12764   -1803268.750000
12765   -1803269.000000
12766   -1803269.500000
12767   -1803270.000000
12768   -1803270.375000
12769   -1803270.750000
12770   -1803271.125000
12771   -1803271.500000
12772   -1803271.750000
12773   -1803272.250000
12774   -1803272.500000
12775   -1803273.000000
12776   -1803273.250000
12777   -1803273.750000
12778   -1803274.250000
12779   -1803274.375000
12780   -1803274.750000
12781   -1803275.000000
12782   -1803275.375000
12783   -1803276.000000
12784   -1803276.125000
12785   -1803276.500000
12786   -1803276.875000
12787   -1803277.250000
12788   -1803277.750000
12789   -1803277.875000
12790   -1803278.250000
12791   -1803278.625000
12792   -1803279.000000
12793   -1803279.250000
12794   -1803279.750000
12795   -1803280.000000
12796   -1803280.375000
12797   -1803280.750000
12798   -1803281.000000
12799   -1803281.250000
12800   -1803281.750000
12801   -1803282.125000
12802   -1803282.500000
12803   -1803282.750000
12804   -1803283.000000
12805   -1803283.500000
12806   -1803283.625000
12807   -1803284.125000
12808   -1803284.500000
12809   -1803284.750000
12810   -1803285.000000
12811   -1803285.250000
12812   -1803285.750000
12813   -1803286.000000
12814   -1803286.250000
12815   -1803286.750000
12816   -1803287.000000
12817   -1803287.250000
12818   -1803287.500000
12819   -1803287.750000
12820   -1803288.125000
12821   -1803288.500000
12822   -1803289.000000
12823   -1803289.250000
12824   -1803289.500000
12825   -1803289.750000
12826   -1803290.000000
12827   -1803290.375000
12828   -1803290.750000
12829   -1803291.000000
12830   -1803291.250000
12831   -1803291.750000
12832   -1803292.000000
12833   -1803292.375000
12834   -1803292.500000
12835   -1803292.875000
12836   -1803293.125000
12837   -1803293.500000
12838   -1803293.750000
12839   -1803294.000000
12840   -1803294.500000
12841   -1803294.750000
12842   -1803295.000000
12843   -1803295.125000
12844   -1803295.500000
12845   -1803295.750000
12846   -1803296.125000
12847   -1803296.500000
12848   -1803296.750000
12849   -1803297.000000
12850   -1803297.250000
12851   -1803297.500000
12852   -1803297.875000
12853   -1803298.250000
12854   -1803298.500000
12855   -1803298.750000
12856   -1803299.000000
12857   -1803299.250000
12858   -1803299.500000
12859   -1803299.750000
12860   -1803300.000000
12861   -1803300.250000
12862   -1803300.625000
12863   -1803301.000000
12864   -1803301.250000
12865   -1803301.500000
12866   -1803301.750000
12867   -1803302.000000
12868   -1803302.250000
12869   -1803302.500000
12870   -1803303.000000
12871   -1803303.250000
12872   -1803303.500000
12873   -1803303.750000
12874   -1803304.000000
12875   -1803304.250000
12876   -1803304.625000
12877   -1803304.875000
12878   -1803305.125000
12879   -1803305.375000
12880   -1803305.625000
12881   -1803306.000000
12882   -1803306.250000
12883   -1803306.500000
12884   -1803306.750000
12885   -1803307.000000
12886   -1803307.250000
12887   -1803307.500000
12888   -1803307.750000
12889   -1803308.000000
12890   -1803308.250000
12891   -1803308.750000
12892   -1803309.000000
12893   -1803309.250000
12894   -1803309.500000
12895   -1803309.750000
12896   -1803310.000000
12897   -1803310.250000
12898   -1803310.500000
12899   -1803311.000000
12900   -1803311.000000
12901   -1803311.250000
12902   -1803311.500000
12903   -1803311.750000
12904   -1803312.000000
12905   -1803312.125000
12906   -1803312.500000
12907   -1803312.750000
12908   -1803313.000000
12909   -1803313.250000
12910   -1803313.250000
12911   -1803313.625000
12912   -1803313.875000
12913   -1803314.250000
12914   -1803314.500000
12915   -1803314.625000
12916   -1803314.750000
12917   -1803315.000000
12918   -1803315.500000
12919   -1803315.750000
12920   -1803315.750000
12921   -1803316.125000
12922   -1803316.250000
12923   -1803316.500000
12924   -1803316.750000
12925   -1803317.000000
12926   -1803317.375000
12927   -1803317.375000
12928   -1803317.750000
12929   -1803317.875000
12930   -1803318.250000
12931   -1803318.500000
12932   -1803318.625000
12933   -1803318.750000
12934   -1803319.125000
12935   -1803319.375000
12936   -1803319.500000
12937   -1803319.875000
12938   -1803320.000000
12939   -1803320.250000
12940   -1803320.500000
12941   -1803320.750000
12942   -1803320.875000
12943   -1803321.000000
12944   -1803321.250000
12945   -1803321.500000
12946   -1803321.875000
12947   -1803322.000000
12948   -1803322.375000
12949   -1803322.500000
12950   -1803322.625000
12951   -1803322.875000
12952   -1803323.250000
12953   -1803323.250000
12954   -1803323.500000
12955   -1803323.750000
12956   -1803324.000000
12957   -1803324.125000
12958   -1803324.500000
12959   -1803324.750000
12960   -1803324.875000
12961   -1803325.000000
12962   -1803325.250000
12963   -1803325.500000
12964   -1803325.750000
12965   -1803326.000000
12966   -1803326.250000
12967   -1803326.250000
12968   -1803326.750000
12969   -1803326.750000
12970   -1803327.125000
12971   -1803327.375000
12972   -1803327.625000
12973   -1803327.750000
12974   -1803328.000000
12975   -1803328.250000
12976   -1803328.375000
12977   -1803328.625000
12978   -1803328.750000
12979   -1803329.250000
12980   -1803329.375000
12981   -1803329.500000
12982   -1803329.750000
12983   -1803330.000000
12984   -1803330.250000
12985   -1803330.250000
12986   -1803330.625000
12987   -1803330.875000
12988   -1803331.000000
12989   -1803331.250000
12990   -1803331.500000
12991   -1803331.750000
12992   -1803332.000000
12993   -1803332.250000
12994   -1803332.375000
12995   -1803332.500000
12996   -1803332.875000
12997   -1803333.250000
12998   -1803333.250000
12999   -1803333.500000
13000   -1803333.750000
13001   -1803334.000000
13002   -1803334.125000
13003   -1803334.375000
13004   -1803334.500000
13005   -1803334.750000
13006   -1803335.000000
13007   -1803335.250000
13008   -1803335.500000
13009   -1803335.625000
13010   -1803336.000000
13011   -1803336.125000
13012   -1803336.375000
13013   -1803336.500000
13014   -1803336.750000
13015   -1803337.000000
13016   -1803337.250000
13017   -1803337.375000
13018   -1803337.750000
13019   -1803337.875000
13020   -1803338.000000
13021   -1803338.250000
13022   -1803338.500000
13023   -1803338.750000
13024   -1803339.000000
13025   -1803339.250000
13026   -1803339.375000
13027   -1803339.500000
13028   -1803339.750000
13029   -1803340.000000
13030   -1803340.250000
13031   -1803340.500000
13032   -1803340.750000
13033   -1803340.875000
13034   -1803341.125000
13035   -1803341.375000
13036   -1803341.625000
13037   -1803341.875000
13038   -1803342.000000
13039   -1803342.250000
13040   -1803342.500000
13041   -1803342.750000
13042   -1803342.750000
13043   -1803343.125000
13044   -1803343.375000
13045   -1803343.500000
13046   -1803343.750000
13047   -1803344.000000
13048   -1803344.250000
13049   -1803344.500000
13050   -1803344.750000
13051   -1803345.000000
13052   -1803345.125000
13053   -1803345.375000
13054   -1803345.500000
13055   -1803345.750000
13056   -1803346.000000
13057   -1803346.250000
13058   -1803346.500000
13059   -1803346.625000
13060   -1803347.125000
13061   -1803347.125000
13062   -1803347.500000
13063   -1803347.625000
13064   -1803347.750000
13065   -1803348.000000
13066   -1803348.250000
13067   -1803348.500000
13068   -1803348.750000
13069   -1803349.000000
13070   -1803349.250000
13071   -1803349.500000
13072   -1803349.625000
13073   -1803349.875000
13074   -1803350.000000
13075   -1803350.500000
13076   -1803350.625000
13077   -1803350.750000
13078   -1803351.000000
13079   -1803351.250000
13080   -1803351.500000
13081   -1803351.750000
13082   -1803352.000000
13083   -1803352.375000
13084   -1803352.375000
13085   -1803352.750000
13086   -1803353.000000
13087   -1803353.125000
13088   -1803353.500000
13089   -1803353.625000
13090   -1803353.875000
13091   -1803354.125000
13092   -1803354.500000
13093   -1803354.750000
13094   -1803354.750000
13095   -1803355.125000
13096   -1803355.375000
13097   -1803355.750000
13098   -1803356.000000
13099   -1803356.000000
13100   -1803356.375000
13101   -1803356.750000
13102   -1803356.875000
13103   -1803357.125000
13104   -1803357.500000
13105   -1803357.625000
13106   -1803358.000000
13107   -1803358.125000
13108   -1803358.500000
13109   -1803358.750000
13110   -1803358.875000
13111   -1803359.250000
13112   -1803359.500000
13113   -1803359.750000
13114   -1803360.000000
13115   -1803360.250000
13116   -1803360.625000
13117   -1803360.750000
13118   -1803361.000000
13119   -1803361.375000
13120   -1803361.500000
13121   -1803361.875000
13122   -1803362.250000
13123   -1803362.500000
13124   -1803362.625000
13125   -1803362.875000
13126   -1803363.250000
13127   -1803363.625000
13128   -1803363.875000
13129   -1803364.125000
13130   -1803364.500000
13131   -1803364.750000
13132   -1803365.000000
13133   -1803365.250000
13134   -1803365.625000
13135   -1803365.750000
13136   -1803366.000000
13137   -1803366.500000
13138   -1803366.750000
13139   -1803367.000000
13140   -1803367.250000
13141   -1803367.625000
13142   -1803368.000000
13143   -1803368.250000
13144   -1803368.500000
13145   -1803368.750000
13146   -1803369.125000
13147   -1803369.500000
13148   -1803369.750000
13149   -1803370.125000
13150   -1803370.500000
13151   -1803370.750000
13152   -1803371.000000
13153   -1803371.375000
13154   -1803371.750000
13155   -1803372.000000
13156   -1803372.500000
13157   -1803372.750000
13158   -1803373.125000
13159   -1803373.250000
13160   -1803373.625000
13161   -1803374.000000
13162   -1803374.375000
13163   -1803374.750000
13164   -1803375.000000
13165   -1803375.250000
13166   -1803375.750000
13167   -1803376.125000
13168   -1803376.375000
13169   -1803376.750000
13170   -1803377.125000
13171   -1803377.500000
13172   -1803377.875000
13173   -1803378.000000
13174   -1803378.500000
13175   -1803378.875000
13176   -1803379.250000
13177   -1803379.500000
13178   -1803379.875000
13179   -1803380.500000
13180   -1803380.750000
13181   -1803381.000000
13182   -1803381.500000
13183   -1803381.750000
13184   -1803382.250000
13185   -1803382.750000
13186   -1803382.875000
13187   -1803383.250000
13188   -1803383.625000
13189   -1803384.000000
13190   -1803384.250000
13191   -1803384.750000
13192   -1803385.000000
13193   -1803385.500000
13194   -1803386.000000
13195   -1803386.250000
13196   -1803386.750000
13197   -1803387.000000
13198   -1803387.500000
13199   -1803387.875000
13200   -1803388.250000
13201   -1803388.750000
13202   -1803389.000000
13203   -1803389.250000
13204   -1803389.750000
13205   -1803390.250000
13206   -1803390.750000
13207   -1803391.000000
13208   -1803391.375000
13209   -1803391.625000
13210   -1803392.125000
13211   -1803392.500000
13212   -1803392.875000
13213   -1803393.375000
13214   -1803393.750000
13215   -1803394.000000
13216   -1803394.375000
13217   -1803395.000000
13218   -1803395.250000
13219   -1803395.625000
13220   -1803396.000000
13221   -1803396.500000
13222   -1803396.875000
13223   -1803397.250000
13224   -1803397.750000
13225   -1803398.250000
13226   -1803398.500000
13227   -1803399.000000
13228   -1803399.375000
13229   -1803399.750000
13230   -1803400.125000
13231   -1803400.625000
13232   -1803400.875000
13233   -1803401.250000
13234   -1803401.750000
13235   -1803402.125000
13236   -1803402.500000
13237   -1803403.000000
13238   -1803403.500000
13239   -1803403.750000
13240   -1803404.125000
13241   -1803404.500000
13242   -1803404.875000
13243   -1803405.500000
13244   -1803406.000000
13245   -1803406.250000
13246   -1803406.625000
13247   -1803407.000000
13248   -1803407.500000
13249   -1803407.875000
13250   -1803408.250000
13251   -1803408.750000
13252   -1803409.000000
13253   -1803409.500000
13254   -1803410.000000
13255   -1803410.375000
13256   -1803410.875000
13257   -1803411.125000
13258   -1803411.750000
13259   -1803412.000000
13260   -1803412.500000
13261   -1803412.875000
13262   -1803413.250000
13263   -1803413.750000
13264   -1803414.250000
13265   -1803414.625000
13266   -1803415.000000
13267   -1803415.500000
13268   -1803416.000000
13269   -1803416.250000
13270   -1803416.625000
13271   -1803417.125000
13272   -1803417.375000
13273   -1803417.875000
13274   -1803418.250000
13275   -1803418.750000
13276   -1803419.125000
13277   -1803419.500000
13278   -1803420.000000
13279   -1803420.375000
13280   -1803420.875000
13281   -1803421.250000
13282   -1803421.625000
13283   -1803422.000000
13284   -1803422.500000
13285   -1803422.875000
13286   -1803423.375000
13287   -1803423.750000
13288   -1803424.000000
13289   -1803424.500000
13290   -1803425.000000
13291   -1803425.375000
13292   -1803425.750000
13293   -1803426.000000
13294   -1803426.500000
13295   -1803427.000000
13296   -1803427.250000
13297   -1803427.750000
13298   -1803428.125000
13299   -1803428.750000
13300   -1803429.000000
13301   -1803429.500000
13302   -1803430.000000
13303   -1803430.250000
13304   -1803430.750000
13305   -1803431.125000
13306   -1803431.500000
13307   -1803431.750000
13308   -1803432.250000
13309   -1803432.625000
13310   -1803433.250000
13311   -1803433.500000
13312   -1803434.000000
13313   -1803434.250000
13314   -1803434.625000
13315   -1803435.000000
13316   -1803435.375000
13317   -1803435.750000
13318   -1803436.500000
13319   -1803436.875000
13320   -1803437.125000
13321   -1803437.750000
13322   -1803438.000000
13323   -1803438.250000
13324   -1803438.625000
13325   -1803439.250000
13326   -1803439.500000
13327   -1803439.875000
13328   -1803440.375000
13329   -1803440.750000
13330   -1803441.125000
13331   -1803441.750000
13332   -1803442.000000
13333   -1803442.375000
13334   -1803442.750000
13335   -1803443.125000
13336   -1803443.500000
13337   -1803444.000000
13338   -1803444.375000
13339   -1803444.750000
13340   -1803445.125000
13341   -1803445.500000
13342   -1803446.000000
13343   -1803446.500000
13344   -1803446.750000
13345   -1803447.125000
13346   -1803447.500000
13347   -1803447.750000
13348   -1803448.250000
13349   -1803448.750000
13350   -1803449.125000
13351   -1803449.500000
13352   -1803449.875000
13353   -1803450.250000
13354   -1803450.750000
13355   -1803451.125000
13356   -1803451.500000
13357   -1803451.875000
13358   -1803452.250000
13359   -1803452.625000
13360   -1803453.000000
13361   -1803453.500000
13362   -1803454.000000
13363   -1803454.250000
13364   -1803454.750000
13365   -1803455.000000
13366   -1803455.500000
13367   -1803455.875000
13368   -1803456.250000
13369   -1803456.750000
13370   -1803457.000000
13371   -1803457.500000
13372   -1803457.750000
13373   -1803458.250000
13374   -1803458.500000
13375   -1803459.000000
13376   -1803459.500000
13377   -1803459.750000
13378   -1803460.125000
13379   -1803460.625000
13380   -1803461.125000
13381   -1803461.250000
13382   -1803461.875000
13383   -1803462.125000
13384   -1803462.625000
13385   -1803462.875000
13386   -1803463.250000
13387   -1803463.625000
13388   -1803464.250000
13389   -1803464.500000
13390   -1803465.000000
13391   -1803465.375000
13392   -1803465.750000
13393   -1803466.125000
13394   -1803466.500000
13395   -1803466.750000
13396   -1803467.375000
13397   -1803467.750000
13398   -1803468.000000
13399   -1803468.500000
13400   -1803469.000000
13401   -1803469.250000
13402   -1803469.750000
13403   -1803470.000000
13404   -1803470.500000
13405   -1803471.000000
13406   -1803471.375000
13407   -1803471.625000
13408   -1803472.000000
13409   -1803472.500000
13410   -1803472.750000
13411   -1803473.125000
13412   -1803473.500000
13413   -1803474.000000
13414   -1803474.250000
13415   -1803474.750000
13416   -1803475.000000
13417   -1803475.500000
13418   -1803475.750000
13419   -1803476.125000
13420   -1803476.500000
13421   -1803476.875000
13422   -1803477.250000
13423   -1803477.625000
13424   -1803477.875000
13425   -1803478.500000
13426   -1803479.000000
13427   -1803479.250000
13428   -1803479.500000
13429   -1803480.000000
13430   -1803480.250000
13431   -1803480.625000
13432   -1803481.000000
13433   -1803481.250000
13434   -1803481.750000
13435   -1803482.000000
13436   -1803482.500000
13437   -1803482.750000
13438   -1803483.250000
13439   -1803483.625000
13440   -1803484.125000
13441   -1803484.250000
13442   -1803484.750000
13443   -1803485.125000
13444   -1803485.500000
13445   -1803485.875000
13446   -1803486.125000
13447   -1803486.500000
13448   -1803486.750000
13449   -1803487.250000
13450   -1803487.500000
13451   -1803488.000000
13452   -1803488.500000
13453   -1803488.750000
13454   -1803489.125000
13455   -1803489.250000
13456   -1803489.625000
13457   -1803490.000000
13458   -1803490.500000
13459   -1803490.875000
13460   -1803491.250000
13461   -1803491.750000
13462   -1803492.000000
13463   -1803492.250000
13464   -1803492.500000
13465   -1803493.000000
13466   -1803493.250000
13467   -1803493.500000
13468   -1803494.125000
13469   -1803494.375000
13470   -1803494.750000
13471   -1803495.000000
13472   -1803495.500000
13473   -1803495.750000
13474   -1803496.375000
13475   -1803496.500000
13476   -1803497.000000
13477   -1803497.250000
13478   -1803497.500000
13479   -1803497.875000
13480   -1803498.125000
13481   -1803498.500000
13482   -1803499.000000
13483   -1803499.250000
13484   -1803499.625000
13485   -1803499.875000
13486   -1803500.125000
13487   -1803500.625000
13488   -1803501.000000
13489   -1803501.375000
13490   -1803501.625000
13491   -1803502.000000
13492   -1803502.250000
13493   -1803502.625000
13494   -1803503.000000
13495   -1803503.375000
13496   -1803503.750000
13497   -1803504.000000
13498   -1803504.250000
13499   -1803504.750000
13500   -1803504.875000
13501   -1803505.375000
13502   -1803505.500000
13503   -1803506.000000
13504   -1803506.250000
13505   -1803506.625000
13506   -1803506.875000
13507   -1803507.250000
13508   -1803507.500000
13509   -1803508.000000
13510   -1803508.250000
13511   -1803508.500000
13512   -1803508.750000
13513   -1803509.250000
13514   -1803509.500000
13515   -1803509.750000
13516   -1803510.125000
13517   -1803510.500000
13518   -1803510.875000
13519   -1803511.250000
13520   -1803511.500000
13521   -1803511.750000
13522   -1803512.000000
13523   -1803512.500000
13524   -1803512.750000
13525   -1803513.125000
13526   -1803513.250000
13527   -1803513.750000
13528   -1803514.000000
13529   -1803514.375000
13530   -1803514.625000
13531   -1803515.000000
13532   -1803515.250000
13533   -1803515.500000
13534   -1803516.000000
13535   -1803516.250000
13536   -1803516.500000
13537   -1803516.750000
13538   -1803517.250000
13539   -1803517.500000
13540   -1803517.750000
13541   -1803518.125000
13542   -1803518.625000
13543   -1803518.750000
13544   -1803519.000000
13545   -1803519.375000
13546   -1803519.625000
13547   -1803520.000000
13548   -1803520.500000
13549   -1803520.750000
13550   -1803521.000000
13551   -1803521.250000
13552   -1803521.500000
13553   -1803522.000000
13554   -1803522.250000
13555   -1803522.500000
13556   -1803522.750000
13557   -1803523.000000
13558   -1803523.500000
13559   -1803523.875000
13560   -1803524.125000
13561   -1803524.500000
13562   -1803524.875000
13563   -1803525.125000
13564   -1803525.500000
13565   -1803525.750000
13566   -1803526.000000
13567   -1803526.250000
13568   -1803526.625000
13569   -1803527.000000
13570   -1803527.625000
13571   -1803527.750000
13572   -1803528.000000
13573   -1803528.375000
13574   -1803528.500000
13575   -1803529.000000
13576   -1803529.375000
13577   -1803529.750000
13578   -1803530.000000
13579   -1803530.375000
13580   -1803530.625000
13581   -1803530.875000
13582   -1803531.250000
13583   -1803531.500000
13584   -1803532.000000
13585   -1803532.375000
13586   -1803532.625000
13587   -1803533.000000
13588   -1803533.250000
13589   -1803533.625000
13590   -1803534.000000
13591   -1803534.375000
13592   -1803534.625000
13593   -1803535.000000
13594   -1803535.250000
13595   -1803535.500000
13596   -1803535.875000
13597   -1803536.250000
13598   -1803536.500000
13599   -1803537.000000
13600   -1803537.250000
13601   -1803537.500000
13602   -1803537.875000
13603   -1803538.250000
13604   -1803538.625000
13605   -1803539.000000
13606   -1803539.250000
13607   -1803539.500000
13608   -1803540.000000
13609   -1803540.125000
13610   -1803540.500000
13611   -1803541.000000
13612   -1803541.250000
13613   -1803541.500000
13614   -1803542.000000
13615   -1803542.500000
13616   -1803542.750000
13617   -1803543.000000
13618   -1803543.375000
13619   -1803543.750000
13620   -1803544.000000
13621   -1803544.375000
13622   -1803544.750000
13623   -1803545.125000
13624   -1803545.500000
13625   -1803545.750000
13626   -1803546.125000
13627   -1803546.375000
13628   -1803546.750000
13629   -1803547.250000
13630   -1803547.375000
13631   -1803547.750000
13632   -1803548.000000
13633   -1803548.250000
13634   -1803549.000000
13635   -1803549.125000
13636   -1803549.500000
13637   -1803550.000000
13638   -1803550.250000
13639   -1803550.750000
13640   -1803551.000000
13641   -1803551.250000
13642   -1803551.750000
13643   -1803552.125000
13644   -1803552.375000
13645   -1803552.750000
13646   -1803553.000000
13647   -1803553.500000
13648   -1803553.750000
13649   -1803554.125000
13650   -1803554.500000
13651   -1803554.750000
13652   -1803555.250000
13653   -1803555.500000
13654   -1803555.750000
13655   -1803556.125000
13656   -1803556.750000
13657   -1803557.000000
13658   -1803557.375000
13659   -1803557.500000
13660   -1803558.000000
13661   -1803558.375000
13662   -1803558.750000
13663   -1803559.000000
13664   -1803559.375000
13665   -1803559.750000
13666   -1803560.000000
13667   -1803560.375000
13668   -1803560.875000
13669   -1803561.125000
13670   -1803561.375000
13671   -1803561.750000
13672   -1803562.250000
13673   -1803562.625000
13674   -1803562.875000
13675   -1803563.250000
13676   -1803563.750000
13677   -1803564.000000
13678   -1803564.250000
13679   -1803564.750000
13680   -1803565.000000
13681   -1803565.250000
13682   -1803565.500000
13683   -1803566.125000
13684   -1803566.375000
13685   -1803566.750000
13686   -1803567.250000
13687   -1803567.625000
13688   -1803567.875000
13689   -1803568.250000
13690   -1803568.500000
13691   -1803569.000000
13692   -1803569.250000
13693   -1803569.500000
13694   -1803570.000000
13695   -1803570.500000
13696   -1803570.875000
13697   -1803571.125000
13698   -1803571.250000
13699   -1803571.750000
13700   -1803572.250000
13701   -1803572.625000
13702   -1803573.000000
13703   -1803573.250000
13704   -1803573.750000
13705   -1803574.000000
13706   -1803574.250000
13707   -1803574.750000
13708   -1803575.125000
13709   -1803575.500000
13710   -1803575.875000
13711   -1803576.250000
13712   -1803576.500000
13713   -1803577.000000
13714   -1803577.375000
13715   -1803577.500000
13716   -1803578.000000
13717   -1803578.500000
13718   -1803578.875000
13719   -1803579.125000
13720   -1803579.375000
13721   -1803579.750000
13722   -1803580.250000
13723   -1803580.500000
13724   -1803581.000000
13725   -1803581.375000
13726   -1803581.500000
13727   -1803582.125000
13728   -1803582.500000
13729   -1803582.750000
13730   -1803583.250000
13731   -1803583.375000
13732   -1803583.750000
13733   -1803584.000000
13734   -1803584.500000
13735   -1803585.000000
13736   -1803585.375000
13737   -1803585.750000
13738   -1803586.125000
13739   -1803586.500000
13740   -1803586.625000
13741   -1803587.250000
13742   -1803587.500000
13743   -1803587.750000
13744   -1803588.125000
13745   -1803588.750000
13746   -1803589.000000
13747   -1803589.250000
13748   -1803589.750000
13749   -1803590.000000
13750   -1803590.500000
13751   -1803590.875000
13752   -1803591.125000
13753   -1803591.500000
13754   -1803591.750000
13755   -1803592.250000
13756   -1803592.500000
13757   -1803592.875000
13758   -1803593.500000
13759   -1803593.625000
13760   -1803594.000000
13761   -1803594.250000
13762   -1803594.750000
13763   -1803595.125000
13764   -1803595.250000
13765   -1803595.750000
13766   -1803596.250000
13767   -1803596.500000
13768   -1803596.875000
13769   -1803597.250000
13770   -1803597.500000
13771   -1803598.000000
13772   -1803598.500000
13773   -1803598.500000
13774   -1803599.125000
13775   -1803599.500000
13776   -1803599.875000
13777   -1803600.000000
13778   -1803600.500000
13779   -1803600.875000
13780   -1803601.250000
13781   -1803601.500000
13782   -1803602.000000
13783   -1803602.250000
13784   -1803602.750000
13785   -1803602.875000
13786   -1803603.500000
13787   -1803603.625000
13788   -1803604.000000
13789   -1803604.250000
13790   -1803604.750000
13791   -1803605.250000
13792   -1803605.500000
13793   -1803605.750000
13794   -1803606.250000
13795   -1803606.500000
13796   -1803606.750000
13797   -1803607.250000
13798   -1803607.750000
13799   -1803608.000000
13800   -1803608.250000
13801   -1803608.625000
13802   -1803608.875000
13803   -1803609.250000
13804   -1803609.500000
13805   -1803609.750000
13806   -1803610.250000
13807   -1803610.625000
13808   -1803611.000000
13809   -1803611.250000
13810   -1803611.750000
13811   -1803612.125000
13812   -1803612.500000
13813   -1803612.750000
13814   -1803613.000000
13815   -1803613.500000
13816   -1803613.750000
13817   -1803614.250000
13818   -1803614.750000
13819   -1803615.000000
13820   -1803615.125000
13821   -1803615.500000
13822   -1803616.000000
13823   -1803616.000000
13824   -1803616.500000
13825   -1803616.875000
13826   -1803617.125000
13827   -1803617.500000
13828   -1803618.000000
13829   -1803618.125000
13830   -1803618.750000
13831   -1803619.000000
13832   -1803619.250000
13833   -1803619.500000
13834   -1803620.000000
13835   -1803620.125000
13836   -1803620.500000
13837   -1803621.125000
13838   -1803621.375000
13839   -1803621.500000
13840   -1803622.000000
13841   -1803622.250000
13842   -1803622.750000
13843   -1803623.000000
13844   -1803623.250000
13845   -1803623.500000
13846   -1803623.750000
13847   -1803624.250000
13848   -1803624.500000
13849   -1803624.750000
13850   -1803625.250000
13851   -1803625.625000
13852   -1803625.875000
13853   -1803626.250000
13854   -1803626.250000
13855   -1803626.750000
13856   -1803627.000000
13857   -1803627.250000
13858   -1803627.750000
13859   -1803628.250000
13860   -1803628.500000
13861   -1803628.750000
13862   -1803629.000000
13863   -1803629.250000
13864   -1803629.500000
13865   -1803630.000000
13866   -1803630.500000
13867   -1803630.500000
13868   -1803631.000000
13869   -1803631.375000
13870   -1803631.750000
13871   -1803632.000000
13872   -1803632.125000
13873   -1803632.500000
13874   -1803633.000000
13875   -1803633.250000
13876   -1803633.500000
13877   -1803634.000000
13878   -1803634.375000
13879   -1803634.500000
13880   -1803634.750000
13881   -1803635.250000
13882   -1803635.500000
13883   -1803636.000000
13884   -1803636.500000
13885   -1803636.500000
13886   -1803636.875000
13887   -1803637.250000
13888   -1803637.625000
13889   -1803638.000000
13890   -1803638.250000
13891   -1803638.750000
13892   -1803638.750000
13893   -1803639.250000
13894   -1803639.500000
13895   -1803640.000000
13896   -1803640.250000
13897   -1803640.750000
13898   -1803641.000000
13899   -1803641.250000
13900   -1803641.625000
13901   -1803642.000000
13902   -1803642.250000
13903   -1803642.625000
13904   -1803643.000000
13905   -1803643.375000
13906   -1803643.500000
13907   -1803644.125000
13908   -1803644.500000
13909   -1803644.625000
13910   -1803645.000000
13911   -1803645.500000
13912   -1803645.750000
13913   -1803646.250000
13914   -1803646.500000
13915   -1803646.750000
13916   -1803647.000000
13917   -1803647.500000
13918   -1803647.875000
13919   -1803648.250000
13920   -1803648.500000
13921   -1803648.750000
13922   -1803649.125000
13923   -1803649.625000
13924   -1803649.875000
13925   -1803650.125000
13926   -1803650.500000
13927   -1803651.125000
13928   -1803651.250000
13929   -1803651.875000
13930   -1803651.875000
13931   -1803652.250000
13932   -1803652.750000
13933   -1803653.000000
13934   -1803653.500000
13935   -1803653.750000
13936   -1803654.000000
13937   -1803654.375000
13938   -1803654.750000
13939   -1803655.250000
13940   -1803655.500000
13941   -1803655.750000
13942   -1803656.125000
13943   -1803656.625000
13944   -1803656.750000
13945   -1803657.250000
13946   -1803657.500000
13947   -1803658.000000
13948   -1803658.250000
13949   -1803658.500000
13950   -1803659.000000
13951   -1803659.250000
13952   -1803659.750000
13953   -1803659.750000
13954   -1803660.375000
13955   -1803660.750000
13956   -1803661.000000
13957   -1803661.375000
13958   -1803661.625000
13959   -1803662.125000
13960   -1803662.500000
13961   -1803662.625000
13962   -1803663.000000
13963   -1803663.500000
13964   -1803664.000000
13965   -1803664.000000
13966   -1803664.500000
13967   -1803664.875000
13968   -1803665.125000
13969   -1803665.250000
13970   -1803665.875000
13971   -1803666.125000
13972   -1803666.500000
13973   -1803666.875000
13974   -1803667.125000
13975   -1803667.750000
13976   -1803668.000000
13977   -1803668.375000
13978   -1803668.625000
13979   -1803668.875000
13980   -1803669.250000
13981   -1803669.750000
13982   -1803669.875000
13983   -1803670.375000
13984   -1803670.625000
13985   -1803671.250000
13986   -1803671.250000
13987   -1803671.750000
13988   -1803672.000000
13989   -1803672.500000
13990   -1803672.750000
13991   -1803673.125000
13992   -1803673.250000
13993   -1803673.875000
13994   -1803674.250000
13995   -1803674.625000
13996   -1803674.875000
13997   -1803675.375000
13998   -1803675.500000
13999   -1803676.000000
14000   -1803676.250000
14001   -1803676.750000
14002   -1803677.000000
14003   -1803677.500000
14004   -1803677.750000
14005   -1803678.125000
14006   -1803678.250000
14007   -1803678.750000
14008   -1803679.125000
14009   -1803679.250000
14010   -1803679.750000
14011   -1803680.000000
14012   -1803680.250000
14013   -1803680.750000
14014   -1803681.125000
14015   -1803681.250000
14016   -1803681.875000
14017   -1803682.000000
14018   -1803682.500000
14019   -1803682.750000
14020   -1803683.125000
14021   -1803683.500000
14022   -1803683.750000
14023   -1803684.250000
14024   -1803684.250000
14025   -1803685.000000
14026   -1803685.375000
14027   -1803685.250000
14028   -1803685.750000
14029   -1803686.000000
14030   -1803686.500000
14031   -1803686.750000
14032   -1803687.250000
14033   -1803687.500000
14034   -1803687.750000
14035   -1803688.000000
14036   -1803688.250000
14037   -1803688.875000
14038   -1803689.125000
14039   -1803689.375000
14040   -1803689.750000
14041   -1803690.000000
14042   -1803690.375000
14043   -1803690.750000
14044   -1803691.000000
14045   -1803691.375000
14046   -1803691.500000
14047   -1803692.125000
14048   -1803692.375000
14049   -1803692.500000
14050   -1803693.000000
14051   -1803693.250000
14052   -1803693.750000
14053   -1803694.000000
14054   -1803694.500000
14055   -1803694.750000
14056   -1803695.000000
14057   -1803695.375000
14058   -1803695.750000
14059   -1803696.125000
14060   -1803696.250000
14061   -1803696.750000
14062   -1803696.875000
14063   -1803697.500000
14064   -1803697.750000
14065   -1803697.875000
14066   -1803698.375000
14067   -1803698.500000
14068   -1803698.875000
14069   -1803699.250000
14070   -1803699.500000
14071   -1803700.000000
14072   -1803700.375000
14073   -1803700.625000
14074   -1803700.875000
14075   -1803701.250000
14076   -1803701.750000
14077   -1803702.125000
14078   -1803702.250000
14079   -1803702.500000
14080   -1803703.125000
14081   -1803703.250000
14082   -1803703.750000
14083   -1803703.875000
14084   -1803704.375000
14085   -1803704.500000
14086   -1803704.750000
14087   -1803705.375000
14088   -1803705.750000
14089   -1803705.875000
14090   -1803706.375000
14091   -1803706.500000
14092   -1803706.875000
14093   -1803707.250000
14094   -1803707.625000
14095   -1803707.750000
14096   -1803708.250000
14097   -1803708.750000
14098   -1803709.000000
14099   -1803709.250000
14100   -1803709.500000
14101   -1803710.000000
14102   -1803710.250000
14103   -1803710.625000
14104   -1803710.875000
14105   -1803711.250000
14106   -1803711.750000
14107   -1803712.000000
14108   -1803712.250000
14109   -1803712.500000
14110   -1803713.000000
14111   -1803713.375000
14112   -1803713.750000
14113   -1803714.125000
14114   -1803714.500000
14115   -1803714.750000
14116   -1803715.000000
14117   -1803715.250000
14118   -1803715.750000
14119   -1803716.000000
14120   -1803716.250000
14121   -1803716.750000
14122   -1803717.000000
14123   -1803717.250000
14124   -1803717.625000
14125   -1803718.000000
14126   -1803718.375000
14127   -1803718.750000
14128   -1803718.875000
14129   -1803719.375000
14130   -1803719.500000
14131   -1803720.000000
14132   -1803720.250000
14133   -1803720.500000
14134   -1803720.875000
14135   -1803721.250000
14136   -1803721.625000
14137   -1803722.000000
14138   -1803722.250000
14139   -1803722.625000
14140   -1803723.000000
14141   -1803723.250000
14142   -1803723.500000
14143   -1803723.750000
14144   -1803724.250000
14145   -1803724.500000
14146   -1803724.750000
14147   -1803725.250000
14148   -1803725.500000
14149   -1803726.000000
14150   -1803726.375000
14151   -1803726.625000
14152   -1803727.125000
14153   -1803727.375000
14154   -1803727.750000
14155   -1803728.000000
14156   -1803728.250000
14157   -1803728.625000
14158   -1803729.125000
14159   -1803729.375000
14160   -1803729.750000
14161   -1803730.000000
14162   -1803730.500000
14163   -1803730.625000
14164   -1803731.000000
14165   -1803731.250000
14166   -1803731.500000
14167   -1803732.000000
14168   -1803732.250000
14169   -1803732.750000
14170   -1803733.000000
14171   -1803733.250000
14172   -1803734.000000
14173   -1803734.250000
14174   -1803734.250000
14175   -1803734.750000
14176   -1803735.125000
14177   -1803735.500000
14178   -1803735.750000
14179   -1803736.250000
14180   -1803736.500000
14181   -1803736.750000
14182   -1803737.250000
14183   -1803737.500000
14184   -1803737.875000
14185   -1803738.250000
14186   -1803738.750000
14187   -1803739.000000
14188   -1803739.375000
14189   -1803739.625000
14190   -1803740.000000
14191   -1803740.375000
14192   -1803740.750000
14193   -1803741.250000
14194   -1803741.500000
14195   -1803741.750000
14196   -1803742.000000
14197   -1803742.500000
14198   -1803742.750000
14199   -1803743.250000
14200   -1803743.625000
14201   -1803743.875000
14202   -1803744.250000
14203   -1803744.750000
14204   -1803745.125000
14205   -1803745.375000
14206   -1803745.750000
14207   -1803746.250000
14208   -1803746.500000
14209   -1803746.750000
14210   -1803747.000000
14211   -1803747.500000
14212   -1803748.000000
14213   -1803748.250000
14214   -1803748.750000
14215   -1803749.250000
14216   -1803749.250000
14217   -1803749.750000
14218   -1803750.375000
14219   -1803750.500000
14220   -1803751.000000
14221   -1803751.500000
14222   -1803751.500000
14223   -1803752.000000
14224   -1803752.500000
14225   -1803752.750000
14226   -1803753.250000
14227   -1803753.500000
14228   -1803754.000000
14229   -1803754.250000
14230   -1803754.750000
14231   -1803755.125000
14232   -1803755.375000
14233   -1803755.750000
14234   -1803756.250000
14235   -1803756.625000
14236   -1803757.000000
14237   -1803757.375000
14238   -1803757.750000
14239   -1803758.000000
14240   -1803758.500000
14241   -1803759.000000
14242   -1803759.375000
14243   -1803759.750000
14244   -1803760.000000
14245   -1803760.375000
14246   -1803760.750000
14247   -1803761.250000
14248   -1803761.500000
14249   -1803762.000000
14250   -1803762.250000
14251   -1803762.750000
14252   -1803763.250000
14253   -1803763.500000
14254   -1803763.875000
14255   -1803764.500000
14256   -1803764.750000
14257   -1803765.250000
14258   -1803765.750000
14259   -1803766.000000
14260   -1803766.250000
14261   -1803766.750000
14262   -1803767.250000
14263   -1803767.750000
14264   -1803767.875000
14265   -1803768.500000
14266   -1803768.750000
14267   -1803769.250000
14268   -1803769.750000
14269   -1803770.250000
14270   -1803770.625000
14271   -1803771.125000
14272   -1803771.500000
14273   -1803771.750000
14274   -1803772.250000
14275   -1803772.625000
14276   -1803773.125000
14277   -1803773.500000
14278   -1803773.750000
14279   -1803774.250000
14280   -1803774.750000
14281   -1803775.125000
14282   -1803775.750000
14283   -1803776.125000
14284   -1803776.500000
14285   -1803777.000000
14286   -1803777.375000
14287   -1803777.750000
14288   -1803778.250000
14289   -1803778.875000
14290   -1803779.250000
14291   -1803779.500000
14292   -1803780.125000
14293   -1803780.500000
14294   -1803780.750000
14295   -1803781.500000
14296   -1803781.875000
14297   -1803782.375000
14298   -1803782.750000
14299   -1803783.000000
14300   -1803783.750000
14301   -1803784.250000
14302   -1803784.500000
14303   -1803785.000000
14304   -1803785.750000
14305   -1803786.000000
14306   -1803786.500000
14307   -1803787.000000
14308   -1803787.500000
14309   -1803788.000000
14310   -1803788.500000
14311   -1803789.000000
14312   -1803789.250000
14313   -1803789.750000
14314   -1803790.250000
14315   -1803791.000000
14316   -1803791.250000
14317   -1803791.750000
14318   -1803792.250000
14319   -1803792.750000
14320   -1803793.375000
14321   -1803793.750000
14322   -1803794.250000
14323   -1803794.750000
14324   -1803795.250000
14325   -1803795.750000
14326   -1803796.250000
14327   -1803796.875000
14328   -1803797.250000
14329   -1803797.750000
14330   -1803798.125000
14331   -1803798.625000
14332   -1803799.000000
14333   -1803799.625000
14334   -1803800.000000
14335   -1803800.750000
14336   -1803801.250000
14337   -1803802.000000
14338   -1803802.250000
14339   -1803802.750000
14340   -1803803.250000
14341   -1803803.750000
14342   -1803804.250000
14343   -1803804.750000
14344   -1803805.250000
14345   -1803805.750000
14346   -1803806.375000
14347   -1803806.750000
14348   -1803807.125000
14349   -1803807.875000
14350   -1803808.375000
14351   -1803808.875000
14352   -1803809.375000
14353   -1803810.000000
14354   -1803810.250000
14355   -1803811.000000
14356   -1803811.500000
14357   -1803812.125000
14358   -1803812.500000
14359   -1803813.000000
14360   -1803813.500000
14361   -1803814.125000
14362   -1803814.625000
14363   -1803815.250000
14364   -1803815.750000
14365   -1803816.375000
14366   -1803817.000000
14367   -1803817.375000
14368   -1803818.000000
14369   -1803818.500000
14370   -1803819.125000
14371   -1803819.500000
14372   -1803820.000000
14373   -1803820.750000
14374   -1803821.250000
14375   -1803821.750000
14376   -1803822.500000
14377   -1803822.750000
14378   -1803823.500000
14379   -1803824.000000
14380   -1803824.625000
14381   -1803825.250000
14382   -1803825.750000
14383   -1803826.125000
14384   -1803827.000000
14385   -1803827.250000
14386   -1803827.875000
14387   -1803828.500000
14388   -1803829.000000
14389   -1803829.750000
14390   -1803830.250000
14391   -1803831.000000
14392   -1803831.250000
14393   -1803831.750000
14394   -1803832.500000
14395   -1803833.000000
14396   -1803833.625000
14397   -1803834.250000
14398   -1803834.875000
14399   -1803835.250000
14400   -1803836.000000
14401   -1803836.625000
14402   -1803837.000000
14403   -1803837.500000
14404   -1803838.125000
14405   -1803838.750000
14406   -1803839.250000
14407   -1803840.000000
14408   -1803840.500000
14409   -1803841.125000
14410   -1803841.750000
14411   -1803842.250000
14412   -1803842.750000
14413   -1803843.250000
14414   -1803844.000000
14415   -1803844.500000
14416   -1803845.125000
14417   -1803845.750000
14418   -1803846.250000
14419   -1803846.750000
14420   -1803847.375000
14421   -1803848.125000
14422   -1803848.750000
14423   -1803849.250000
14424   -1803849.875000
14425   -1803850.500000
14426   -1803851.000000
14427   -1803851.500000
14428   -1803852.000000
14429   -1803852.750000
14430   -1803853.375000
14431   -1803853.750000
14432   -1803854.375000
14433   -1803855.000000
14434   -1803855.625000
14435   -1803856.250000
14436   -1803856.750000
14437   -1803857.250000
14438   -1803857.750000
14439   -1803858.250000
14440   -1803858.750000
14441   -1803859.500000
14442   -1803860.000000
14443   -1803860.500000
14444   -1803861.250000
14445   -1803861.750000
14446   -1803862.375000
14447   -1803862.875000
14448   -1803863.375000
14449   -1803864.000000
14450   -1803864.500000
14451   -1803865.000000
14452   -1803865.750000
14453   -1803866.250000
14454   -1803866.750000
14455   -1803867.250000
14456   -1803868.000000
14457   -1803868.500000
14458   -1803868.750000
14459   -1803869.625000
14460   -1803870.250000
14461   -1803870.750000
14462   -1803871.250000
14463   -1803871.750000
14464   -1803872.500000
14465   -1803873.000000
14466   -1803873.375000
14467   -1803874.000000
14468   -1803874.375000
14469   -1803875.000000
14470   -1803875.500000
14471   -1803876.000000
14472   -1803876.500000
14473   -1803877.250000
14474   -1803877.750000
14475   -1803878.375000
14476   -1803878.875000
14477   -1803879.500000
14478   -1803879.750000
14479   -1803880.250000
14480   -1803880.750000
14481   -1803881.375000
14482   -1803882.000000
14483   -1803882.250000
14484   -1803883.000000
14485   -1803883.375000
14486   -1803884.125000
14487   -1803884.625000
14488   -1803885.000000
14489   -1803885.625000
14490   -1803886.125000
14491   -1803886.625000
14492   -1803887.000000
14493   -1803887.750000
14494   -1803888.125000
14495   -1803888.625000
14496   -1803889.125000
14497   -1803889.625000
14498   -1803890.125000
14499   -1803890.750000
14500   -1803891.250000
14501   -1803891.750000
14502   -1803892.250000
14503   -1803892.750000
14504   -1803893.375000
14505   -1803893.750000
14506   -1803894.250000
14507   -1803894.750000
14508   -1803895.250000
14509   -1803895.500000
14510   -1803896.375000
14511   -1803896.500000
14512   -1803897.000000
14513   -1803897.500000
14514   -1803898.250000
14515   -1803898.500000
14516   -1803899.250000
14517   -1803899.750000
14518   -1803900.250000
14519   -1803900.625000
14520   -1803901.250000
14521   -1803901.500000
14522   -1803902.000000
14523   -1803902.625000
14524   -1803903.000000
14525   -1803903.500000
14526   -1803904.000000
14527   -1803904.375000
14528   -1803905.000000
14529   -1803905.375000
14530   -1803905.750000
14531   -1803906.125000
14532   -1803906.750000
14533   -1803907.125000
14534   -1803907.750000
14535   -1803908.000000
14536   -1803908.500000
14537   -1803909.000000
14538   -1803909.375000
14539   -1803910.000000
14540   -1803910.375000
14541   -1803910.750000
14542   -1803911.250000
14543   -1803911.500000
14544   -1803912.000000
14545   -1803912.625000
14546   -1803913.000000
14547   -1803913.375000
14548   -1803914.000000
14549   -1803914.250000
14550   -1803914.750000
14551   -1803915.250000
14552   -1803915.625000
14553   -1803916.000000
14554   -1803916.375000
14555   -1803916.750000
14556   -1803917.250000
14557   -1803917.750000
14558   -1803918.000000
14559   -1803918.500000
14560   -1803918.875000
14561   -1803919.250000
14562   -1803919.625000
14563   -1803920.000000
14564   -1803920.500000
14565   -1803921.000000
14566   -1803921.375000
14567   -1803921.875000
14568   -1803922.250000
14569   -1803922.625000
14570   -1803923.000000
14571   -1803923.250000
14572   -1803923.750000
14573   -1803924.125000
14574   -1803924.625000
14575   -1803925.000000
14576   -1803925.375000
14577   -1803925.750000
14578   -1803926.125000
14579   -1803926.500000
14580   -1803927.000000
14581   -1803927.500000
14582   -1803927.750000
14583   -1803928.125000
14584   -1803928.500000
14585   -1803929.000000
14586   -1803929.250000
14587   -1803929.750000
14588   -1803930.000000
14589   -1803930.375000
14590   -1803930.750000
14591   -1803931.125000
14592   -1803931.500000
14593   -1803931.750000
14594   -1803932.375000
14595   -1803932.750000
14596   -1803933.250000
14597   -1803933.500000
14598   -1803933.750000
14599   -1803934.375000
14600   -1803934.500000
14601   -1803935.000000
14602   -1803935.250000
14603   -1803935.750000
14604   -1803936.000000
14605   -1803936.500000
14606   -1803936.750000
14607   -1803937.250000
14608   -1803937.625000
14609   -1803938.000000
14610   -1803938.250000
14611   -1803938.750000
14612   -1803939.250000
14613   -1803939.500000
14614   -1803939.875000
14615   -1803940.250000
14616   -1803940.500000
14617   -1803941.000000
14618   -1803941.250000
14619   -1803941.625000
14620   -1803942.125000
14621   -1803942.500000
14622   -1803942.750000
14623   -1803943.250000
14624   -1803943.625000
14625   -1803944.000000
14626   -1803944.250000
14627   -1803944.750000
14628   -1803945.000000
14629   -1803945.375000
14630   -1803945.500000
14631   -1803946.000000
14632   -1803946.250000
14633   -1803946.750000
14634   -1803947.250000
14635   -1803947.500000
14636   -1803947.625000
14637   -1803948.250000
14638   -1803948.500000
14639   -1803948.875000
14640   -1803949.250000
14641   -1803949.500000
14642   -1803950.000000
14643   -1803950.375000
14644   -1803950.750000
14645   -1803951.250000
14646   -1803951.500000
14647   -1803951.875000
14648   -1803952.125000
14649   -1803952.500000
14650   -1803952.750000
14651   -1803953.125000
14652   -1803953.500000
14653   -1803953.875000
14654   -1803954.250000
14655   -1803954.500000
14656   -1803955.000000
14657   -1803955.250000
14658   -1803955.625000
14659   -1803956.000000
14660   -1803956.250000
14661   -1803956.625000
14662   -1803957.000000
14663   -1803957.500000
14664   -1803957.625000
14665   -1803958.000000
14666   -1803958.250000
14667   -1803958.625000
14668   -1803959.000000
14669   -1803959.250000
14670   -1803959.500000
14671   -1803960.000000
14672   -1803960.500000
14673   -1803960.625000
14674   -1803960.875000
14675   -1803961.250000
14676   -1803961.750000
14677   -1803962.000000
14678   -1803962.250000
14679   -1803962.625000
14680   -1803963.000000
14681   -1803963.250000
14682   -1803963.500000
14683   -1803963.875000
14684   -1803964.375000
14685   -1803964.500000
14686   -1803964.750000
14687   -1803965.250000
14688   -1803965.500000
14689   -1803965.750000
14690   -1803966.000000
14691   -1803966.500000
14692   -1803966.750000
14693   -1803967.000000
14694   -1803967.375000
14695   -1803967.750000
14696   -1803967.875000
14697   -1803968.250000
14698   -1803968.500000
14699   -1803969.000000
14700   -1803969.250000
14701   -1803969.375000
14702   -1803970.000000
14703   -1803970.000000
14704   -1803970.375000
14705   -1803970.750000
14706   -1803971.000000
14707   -1803971.500000
14708   -1803971.625000
14709   -1803971.875000
14710   -1803972.500000
14711   -1803972.500000
14712   -1803972.750000
14713   -1803973.250000
14714   -1803973.500000
14715   -1803973.750000
14716   -1803974.125000
14717   -1803974.375000
14718   -1803974.750000
14719   -1803975.000000
14720   -1803975.250000
14721   -1803975.625000
14722   -1803976.000000
14723   -1803976.250000
14724   -1803976.500000
14725   -1803977.000000
14726   -1803977.250000
14727   -1803977.500000
14728   -1803978.000000
14729   -1803978.125000
14730   -1803978.250000
14731   -1803978.750000
14732   -1803979.125000
14733   -1803979.250000
14734   -1803979.500000
14735   -1803979.750000
14736   -1803980.250000
14737   -1803980.500000
14738   -1803980.750000
14739   -1803981.250000
14740   -1803981.500000
14741   -1803981.750000
14742   -1803982.000000
14743   -1803982.500000
14744   -1803982.625000
14745   -1803982.750000
14746   -1803983.250000
14747   -1803983.500000
14748   -1803983.875000
14749   -1803984.250000
14750   -1803984.500000
14751   -1803984.750000
14752   -1803985.000000
14753   -1803985.500000
14754   -1803985.875000
14755   -1803986.000000
14756   -1803986.500000
14757   -1803986.750000
14758   -1803987.000000
14759   -1803987.375000
14760   -1803987.750000
14761   -1803988.000000
14762   -1803988.250000
14763   -1803988.625000
14764   -1803989.000000
14765   -1803989.375000
14766   -1803989.500000
14767   -1803989.750000
14768   -1803990.250000
14769   -1803990.500000
14770   -1803990.875000
14771   -1803991.125000
14772   -1803991.500000
14773   -1803991.875000
14774   -1803992.000000
14775   -1803992.375000
14776   -1803992.750000
14777   -1803993.000000
14778   -1803993.500000
14779   -1803993.750000
14780   -1803994.125000
14781   -1803994.500000
14782   -1803994.750000
14783   -1803995.000000
14784   -1803995.500000
14785   -1803995.750000
14786   -1803996.000000
14787   -1803996.250000
14788   -1803996.500000
14789   -1803997.000000
14790   -1803997.250000
14791   -1803997.500000
14792   -1803998.000000
14793   -1803998.250000
14794   -1803998.750000
14795   -1803999.000000
14796   -1803999.250000
14797   -1803999.500000
14798   -1804000.000000
14799   -1804000.125000
14800   -1804000.750000
14801   -1804001.125000
14802   -1804001.375000
14803   -1804001.750000
14804   -1804002.000000
14805   -1804002.250000
14806   -1804002.750000
14807   -1804002.750000
14808   -1804003.250000
14809   -1804003.750000
14810   -1804004.000000
14811   -1804004.250000
14812   -1804004.500000
14813   -1804005.000000
14814   -1804005.375000
14815   -1804005.500000
14816   -1804005.875000
14817   -1804006.250000
14818   -1804006.500000
14819   -1804006.875000
14820   -1804007.250000
14821   -1804007.750000
14822   -1804008.000000
14823   -1804008.250000
14824   -1804008.625000
14825   -1804008.875000
14826   -1804009.250000
14827   -1804009.500000
14828   -1804010.000000
14829   -1804010.250000
14830   -1804010.625000
14831   -1804011.000000
14832   -1804011.250000
14833   -1804011.625000
14834   -1804011.750000
14835   -1804012.250000
14836   -1804012.500000
14837   -1804012.875000
14838   -1804013.250000
14839   -1804013.500000
14840   -1804014.000000
14841   -1804014.250000
14842   -1804014.500000
14843   -1804014.750000
14844   -1804015.250000
14845   -1804015.500000
14846   -1804015.750000
14847   -1804016.250000
14848   -1804016.500000
14849   -1804016.750000
14850   -1804017.000000
14851   -1804017.375000
14852   -1804017.750000
14853   -1804018.125000
14854   -1804018.375000
14855   -1804018.625000
14856   -1804019.000000
14857   -1804019.375000
14858   -1804019.625000
14859   -1804019.875000
14860   -1804020.250000
14861   -1804020.500000
14862   -1804021.000000
14863   -1804021.250000
14864   -1804021.500000
14865   -1804021.875000
14866   -1804022.000000
14867   -1804022.375000
14868   -1804022.625000
14869   -1804023.000000
14870   -1804023.250000
14871   -1804023.625000
14872   -1804024.125000
14873   -1804024.375000
14874   -1804024.625000
14875   -1804025.125000
14876   -1804025.375000
14877   -1804025.500000
14878   -1804025.750000
14879   -1804026.125000
14880   -1804026.375000
14881   -1804026.750000
14882   -1804027.000000
14883   -1804027.250000
14884   -1804027.750000
14885   -1804028.000000
14886   -1804028.250000
14887   -1804028.750000
14888   -1804029.000000
14889   -1804029.250000
14890   -1804029.500000
14891   -1804029.750000
14892   -1804030.250000
14893   -1804030.375000
14894   -1804030.625000
14895   -1804031.125000
14896   -1804031.250000
14897   -1804031.625000
14898   -1804031.875000
14899   -1804032.250000
14900   -1804032.500000
14901   -1804032.750000
14902   -1804033.000000
14903   -1804033.375000
14904   -1804033.750000
14905   -1804034.000000
14906   -1804034.375000
14907   -1804034.625000
14908   -1804035.000000
14909   -1804035.250000
14910   -1804035.500000
14911   -1804035.750000
14912   -1804036.000000
14913   -1804036.250000
14914   -1804036.500000
14915   -1804036.875000
14916   -1804037.125000
14917   -1804037.750000
14918   -1804037.875000
14919   -1804038.250000
14920   -1804038.500000
14921   -1804038.500000
14922   -1804039.000000
14923   -1804039.250000
14924   -1804039.625000
14925   -1804040.000000
14926   -1804040.250000
14927   -1804040.500000
14928   -1804040.625000
14929   -1804040.875000
14930   -1804041.250000
14931   -1804041.500000
14932   -1804042.000000
14933   -1804042.250000
14934   -1804042.500000
14935   -1804042.750000
14936   -1804043.000000
14937   -1804043.375000
14938   -1804043.750000
14939   -1804043.875000
14940   -1804044.250000
14941   -1804044.500000
14942   -1804044.750000
14943   -1804045.125000
14944   -1804045.375000
14945   -1804045.500000
14946   -1804046.000000
14947   -1804046.250000
14948   -1804046.625000
14949   -1804047.000000
14950   -1804047.125000
14951   -1804047.500000
14952   -1804047.750000
14953   -1804048.000000
14954   -1804048.250000
14955   -1804048.625000
14956   -1804049.000000
14957   -1804049.250000
14958   -1804049.500000
14959   -1804049.750000
14960   -1804050.000000
14961   -1804050.500000
14962   -1804050.750000
14963   -1804051.000000
14964   -1804051.250000
14965   -1804051.625000
14966   -1804052.000000
14967   -1804052.250000
14968   -1804052.500000
14969   -1804052.875000
14970   -1804053.500000
14971   -1804053.750000
14972   -1804053.750000
14973   -1804054.250000
14974   -1804054.500000
14975   -1804054.750000
14976   -1804055.000000
14977   -1804055.250000
14978   -1804055.625000
14979   -1804056.000000
14980   -1804056.250000
14981   -1804056.750000
14982   -1804057.000000
14983   -1804057.250000
14984   -1804057.625000
14985   -1804057.875000
14986   -1804058.250000
14987   -1804058.625000
14988   -1804059.000000
14989   -1804059.250000
14990   -1804059.750000
14991   -1804060.000000
14992   -1804060.250000
14993   -1804060.750000
14994   -1804061.000000
14995   -1804061.250000
14996   -1804061.750000
14997   -1804061.750000
14998   -1804062.250000
14999   -1804062.625000
15000   -1804063.000000
15001   -1804063.250000
15002   -1804063.625000
15003   -1804063.875000
15004   -1804064.250000
15005   -1804064.750000
15006   -1804065.125000
15007   -1804065.250000
15008   -1804065.750000
15009   -1804066.000000
15010   -1804066.375000
15011   -1804066.750000
15012   -1804067.250000
15013   -1804067.500000
15014   -1804067.750000
15015   -1804068.000000
15016   -1804068.375000
15017   -1804068.625000
15018   -1804069.250000
15019   -1804069.500000
15020   -1804070.000000
15021   -1804070.250000
15022   -1804070.500000
15023   -1804071.000000
15024   -1804071.375000
15025   -1804071.750000
15026   -1804072.250000
15027   -1804072.375000
15028   -1804073.000000
15029   -1804073.250000
15030   -1804073.625000
15031   -1804073.875000
15032   -1804074.250000
15033   -1804074.750000
15034   -1804075.000000
15035   -1804075.250000
15036   -1804075.750000
15037   -1804076.250000
15038   -1804076.625000
15039   -1804076.875000
15040   -1804077.250000
15041   -1804077.625000
15042   -1804078.125000
15043   -1804078.375000
15044   -1804078.750000
15045   -1804079.125000
15046   -1804079.500000
15047   -1804079.750000
15048   -1804080.250000
15049   -1804080.625000
15050   -1804081.000000
15051   -1804081.375000
15052   -1804081.750000
15053   -1804082.000000
15054   -1804082.500000
15055   -1804083.000000
15056   -1804083.375000
15057   -1804083.500000
15058   -1804084.125000
15059   -1804084.375000
15060   -1804084.750000
15061   -1804085.125000
15062   -1804085.250000
15063   -1804085.875000
15064   -1804086.250000
15065   -1804086.750000
15066   -1804087.000000
15067   -1804087.500000
15068   -1804087.750000
15069   -1804088.125000
15070   -1804088.625000
15071   -1804088.875000
15072   -1804089.000000
15073   -1804089.625000
15074   -1804089.875000
15075   -1804090.375000
15076   -1804090.750000
15077   -1804091.000000
15078   -1804091.500000
15079   -1804092.000000
15080   -1804092.250000
15081   -1804092.625000
15082   -1804093.000000
15083   -1804093.500000
15084   -1804093.500000
15085   -1804093.875000
15086   -1804094.500000
15087   -1804094.750000
15088   -1804095.250000
15089   -1804095.750000
15090   -1804096.000000
15091   -1804096.250000
15092   -1804096.500000
15093   -1804097.000000
15094   -1804097.125000
15095   -1804097.750000
15096   -1804098.000000
15097   -1804098.250000
15098   -1804098.500000
15099   -1804099.125000
15100   -1804099.375000
15101   -1804099.750000
15102   -1804100.125000
15103   -1804100.375000
15104   -1804100.750000
15105   -1804101.000000
15106   -1804101.500000
15107   -1804101.750000
15108   -1804102.000000
15109   -1804102.500000
15110   -1804102.750000
15111   -1804103.125000
15112   -1804103.500000
15113   -1804103.750000
15114   -1804104.000000
15115   -1804104.500000
15116   -1804104.875000
15117   -1804105.250000
15118   -1804105.500000
15119   -1804105.750000
15120   -1804106.125000
15121   -1804106.250000
15122   -1804106.750000
15123   -1804107.125000
15124   -1804107.250000
15125   -1804107.750000
15126   -1804108.000000
15127   -1804108.375000
15128   -1804108.750000
15129   -1804108.750000
15130   -1804109.250000
15131   -1804109.500000
15132   -1804109.750000
15133   -1804110.250000
15134   -1804110.375000
15135   -1804110.750000
15136   -1804111.000000
15137   -1804111.375000
15138   -1804111.750000
15139   -1804111.750000
15140   -1804112.250000
15141   -1804112.625000
15142   -1804112.875000
15143   -1804113.250000
15144   -1804113.500000
15145   -1804113.750000
15146   -1804114.000000
15147   -1804114.250000
15148   -1804114.625000
15149   -1804115.000000
15150   -1804115.250000
15151   -1804115.500000
15152   -1804115.875000
15153   -1804116.000000
15154   -1804116.500000
15155   -1804116.750000
15156   -1804117.000000
15157   -1804117.250000
15158   -1804117.750000
15159   -1804117.750000
15160   -1804118.250000
15161   -1804118.375000
15162   -1804118.750000
15163   -1804119.000000
15164   -1804119.375000
15165   -1804119.500000
15166   -1804119.875000
15167   -1804120.250000
15168   -1804120.500000
15169   -1804120.750000
15170   -1804121.125000
15171   -1804121.375000
15172   -1804121.500000
15173   -1804121.750000
15174   -1804122.250000
15175   -1804122.375000
15176   -1804122.750000
15177   -1804123.000000
15178   -1804123.375000
15179   -1804123.500000
15180   -1804123.875000
15181   -1804124.125000
15182   -1804124.375000
15183   -1804124.625000
15184   -1804125.000000
15185   -1804125.250000
15186   -1804125.500000
15187   -1804125.750000
15188   -1804126.000000
15189   -1804126.375000
15190   -1804126.750000
15191   -1804126.875000
15192   -1804127.125000
15193   -1804127.500000
15194   -1804127.750000
15195   -1804128.000000
15196   -1804128.250000
15197   -1804128.375000
15198   -1804128.750000
15199   -1804129.000000
15200   -1804129.375000
15201   -1804129.500000
15202   -1804129.750000
15203   -1804130.250000
15204   -1804130.375000
15205   -1804130.750000
15206   -1804131.000000
15207   -1804131.250000
15208   -1804131.500000
15209   -1804132.000000
15210   -1804132.125000
15211   -1804132.500000
15212   -1804132.500000
15213   -1804133.125000
15214   -1804133.375000
15215   -1804133.500000
15216   -1804133.875000
15217   -1804134.250000
15218   -1804134.500000
15219   -1804134.625000
15220   -1804135.125000
15221   -1804135.250000
15222   -1804135.500000
15223   -1804135.750000
15224   -1804136.250000
15225   -1804136.375000
15226   -1804136.750000
15227   -1804137.000000
15228   -1804137.375000
15229   -1804137.750000
15230   -1804138.000000
15231   -1804138.250000
15232   -1804138.625000
15233   -1804138.625000
15234   -1804139.250000
15235   -1804139.500000
15236   -1804139.750000
15237   -1804140.000000
15238   -1804140.375000
15239   -1804140.625000
15240   -1804140.875000
15241   -1804141.250000
15242   -1804141.500000
15243   -1804141.750000
15244   -1804142.000000
15245   -1804142.250000
15246   -1804142.500000
15247   -1804143.000000
15248   -1804143.375000
15249   -1804143.625000
15250   -1804143.750000
15251   -1804144.250000
15252   -1804144.375000
15253   -1804144.625000
15254   -1804145.125000
15255   -1804145.500000
15256   -1804145.625000
15257   -1804146.125000
15258   -1804146.250000
15259   -1804146.500000
15260   -1804146.875000
15261   -1804147.250000
15262   -1804147.500000
15263   -1804147.750000
15264   -1804148.000000
15265   -1804148.250000
15266   -1804148.500000
15267   -1804149.000000
15268   -1804149.375000
15269   -1804149.500000
15270   -1804149.750000
15271   -1804150.000000
15272   -1804150.500000
15273   -1804150.750000
15274   -1804151.250000
15275   -1804151.500000
15276   -1804151.750000
15277   -1804152.125000
15278   -1804152.250000
15279   -1804152.500000
15280   -1804153.125000
15281   -1804153.250000
15282   -1804153.625000
15283   -1804154.000000
15284   -1804154.250000
15285   -1804154.500000
15286   -1804154.750000
15287   -1804155.250000
15288   -1804155.500000
15289   -1804155.750000
15290   -1804156.125000
15291   -1804156.375000
15292   -1804156.625000
15293   -1804157.000000
15294   -1804157.375000
15295   -1804157.750000
15296   -1804158.000000
15297   -1804158.250000
15298   -1804158.500000
15299   -1804158.750000
15300   -1804159.250000
15301   -1804159.625000
15302   -1804159.750000
15303   -1804160.250000
15304   -1804160.375000
15305   -1804160.750000
15306   -1804161.125000
15307   -1804161.375000
15308   -1804161.625000
15309   -1804162.000000
15310   -1804162.250000
15311   -1804162.750000
15312   -1804162.750000
15313   -1804163.250000
15314   -1804163.625000
15315   -1804163.750000
15316   -1804164.125000
15317   -1804164.625000
15318   -1804165.000000
15319   -1804165.250000
15320   -1804165.500000
15321   -1804165.625000
15322   -1804166.250000
15323   -1804166.500000
15324   -1804166.625000
15325   -1804167.000000
15326   -1804167.250000
15327   -1804167.750000
15328   -1804167.750000
15329   -1804168.000000
15330   -1804168.500000
15331   -1804168.750000
15332   -1804169.000000
15333   -1804169.375000
15334   -1804169.750000
15335   -1804170.000000
15336   -1804170.375000
15337   -1804170.500000
15338   -1804170.750000
15339   -1804171.250000
15340   -1804171.500000
15341   -1804171.875000
15342   -1804172.250000
15343   -1804172.375000
15344   -1804172.750000
15345   -1804173.250000
15346   -1804173.500000
15347   -1804173.750000
15348   -1804174.000000
15349   -1804174.250000
15350   -1804174.500000
15351   -1804174.750000
15352   -1804174.875000
15353   -1804175.500000
15354   -1804175.750000
15355   -1804176.250000
15356   -1804176.500000
15357   -1804176.500000
15358   -1804176.875000
15359   -1804177.250000
15360   -1804177.625000
15361   -1804177.750000
15362   -1804178.000000
15363   -1804178.500000
15364   -1804178.750000
15365   -1804179.000000
15366   -1804179.250000
15367   -1804179.500000
15368   -1804180.000000
15369   -1804180.250000
15370   -1804180.500000
15371   -1804180.750000
15372   -1804181.250000
15373   -1804181.500000
15374   -1804181.750000
15375   -1804182.000000
15376   -1804182.500000
15377   -1804182.875000
15378   -1804183.000000
15379   -1804183.250000
15380   -1804183.500000
15381   -1804183.875000
15382   -1804184.125000
15383   -1804184.500000
15384   -1804184.750000
15385   -1804185.000000
15386   -1804185.375000
15387   -1804185.500000
15388   -1804186.000000
15389   -1804186.250000
15390   -1804186.500000
15391   -1804186.750000
15392   -1804187.125000
15393   -1804187.375000
15394   -1804187.750000
15395   -1804188.000000
15396   -1804188.375000
15397   -1804188.750000
15398   -1804188.875000
15399   -1804189.250000
15400   -1804189.375000
15401   -1804189.875000
15402   -1804190.250000
15403   -1804190.500000
15404   -1804190.750000
15405   -1804191.000000
15406   -1804191.375000
15407   -1804191.625000
15408   -1804192.000000
15409   -1804192.250000
15410   -1804192.625000
15411   -1804193.000000
15412   -1804193.125000
15413   -1804193.500000
15414   -1804193.750000
15415   -1804194.125000
15416   -1804194.375000
15417   -1804194.750000
15418   -1804195.000000
15419   -1804195.250000
15420   -1804195.750000
15421   -1804196.125000
15422   -1804196.250000
15423   -1804196.750000
15424   -1804197.000000
15425   -1804197.250000
15426   -1804197.500000
15427   -1804198.000000
15428   -1804198.250000
15429   -1804198.500000
15430   -1804198.625000
15431   -1804199.250000
15432   -1804199.500000
15433   -1804199.750000
15434   -1804200.125000
15435   -1804200.500000
15436   -1804200.625000
15437   -1804201.000000
15438   -1804201.500000
15439   -1804201.625000
15440   -1804202.250000
15441   -1804202.500000
15442   -1804202.750000
15443   -1804203.125000
15444   -1804203.500000
15445   -1804203.750000
15446   -1804204.000000
15447   -1804204.500000
15448   -1804204.625000
15449   -1804205.000000
15450   -1804205.500000
15451   -1804205.750000
15452   -1804206.125000
15453   -1804206.500000
15454   -1804206.750000
15455   -1804207.000000
15456   -1804207.500000
15457   -1804207.750000
15458   -1804208.000000
15459   -1804208.500000
15460   -1804208.750000
15461   -1804209.125000
15462   -1804209.375000
15463   -1804209.750000
15464   -1804210.000000
15465   -1804210.500000
15466   -1804210.750000
15467   -1804211.000000
15468   -1804211.500000
15469   -1804211.750000
15470   -1804212.000000
15471   -1804212.375000
15472   -1804212.625000
15473   -1804213.125000
15474   -1804213.375000
15475   -1804213.875000
15476   -1804214.250000
15477   -1804214.500000
15478   -1804214.875000
15479   -1804215.125000
15480   -1804215.500000
15481   -1804215.875000
15482   -1804216.250000
15483   -1804216.500000
15484   -1804216.750000
15485   -1804217.250000
15486   -1804217.250000
15487   -1804217.625000
15488   -1804218.000000
15489   -1804218.500000
15490   -1804218.750000
15491   -1804219.250000
15492   -1804219.500000
15493   -1804219.625000
15494   -1804220.250000
15495   -1804220.500000
15496   -1804220.625000
15497   -1804221.000000
15498   -1804221.375000
15499   -1804221.625000
15500   -1804222.250000
15501   -1804222.500000
15502   -1804222.750000
15503   -1804223.125000
15504   -1804223.500000
15505   -1804223.750000
15506   -1804224.000000
15507   -1804224.500000
15508   -1804224.750000
15509   -1804225.000000
15510   -1804225.250000
15511   -1804225.625000
15512   -1804225.875000
15513   -1804226.000000
15514   -1804226.750000
15515   -1804226.750000
15516   -1804227.000000
15517   -1804227.500000
15518   -1804227.750000
15519   -1804228.000000
15520   -1804228.250000
15521   -1804228.750000
15522   -1804229.000000
15523   -1804229.250000
15524   -1804229.500000
15525   -1804230.000000
15526   -1804230.125000
15527   -1804230.500000
15528   -1804230.750000
15529   -1804231.125000
15530   -1804231.375000
15531   -1804231.750000
15532   -1804232.000000
15533   -1804232.375000
15534   -1804232.500000
15535   -1804233.125000
15536   -1804233.250000
15537   -1804233.375000
15538   -1804233.625000
15539   -1804234.000000
15540   -1804234.125000
15541   -1804234.500000
15542   -1804234.750000
15543   -1804235.250000
15544   -1804235.500000
15545   -1804235.750000
15546   -1804236.000000
15547   -1804236.125000
15548   -1804236.500000
15549   -1804236.750000
15550   -1804237.000000
15551   -1804237.250000
15552   -1804237.625000
15553   -1804237.750000
15554   -1804238.000000
15555   -1804238.375000
15556   -1804238.750000
15557   -1804238.750000
15558   -1804239.250000
15559   -1804239.500000
15560   -1804239.750000
15561   -1804240.000000
15562   -1804240.250000
15563   -1804240.500000
15564   -1804240.750000
15565   -1804241.125000
15566   -1804241.250000
15567   -1804241.500000
15568   -1804241.750000
15569   -1804242.000000
15570   -1804242.000000
15571   -1804242.500000
15572   -1804243.000000
15573   -1804243.000000
15574   -1804243.250000
15575   -1804243.500000
15576   -1804243.625000
15577   -1804243.875000
15578   -1804244.250000
15579   -1804244.375000
15580   -1804244.625000
15581   -1804244.875000
15582   -1804245.125000
15583   -1804245.250000
15584   -1804245.625000
15585   -1804245.750000
15586   -1804246.000000
15587   -1804246.250000
15588   -1804246.375000
15589   -1804246.625000
15590   -1804247.000000
15591   -1804247.000000
15592   -1804247.375000
15593   -1804247.625000
15594   -1804247.750000
15595   -1804248.000000
15596   -1804248.250000
15597   -1804248.375000
15598   -1804248.750000
15599   -1804249.000000
15600   -1804249.125000
15601   -1804249.250000
15602   -1804249.500000
15603   -1804249.750000
15604   -1804250.125000
15605   -1804250.250000
15606   -1804250.375000
15607   -1804250.500000
15608   -1804250.875000
15609   -1804251.000000
15610   -1804251.125000
15611   -1804251.500000
15612   -1804251.500000
15613   -1804251.750000
15614   -1804252.000000
15615   -1804252.250000
15616   -1804252.375000
15617   -1804252.625000
15618   -1804252.750000
15619   -1804253.000000
15620   -1804253.250000
15621   -1804253.250000
15622   -1804253.625000
15623   -1804253.750000
15624   -1804254.000000
15625   -1804254.250000
15626   -1804254.500000
15627   -1804254.750000
15628   -1804255.000000
15629   -1804255.125000
15630   -1804255.250000
15631   -1804255.500000
15632   -1804255.625000
15633   -1804255.625000
15634   -1804256.000000
15635   -1804256.250000
15636   -1804256.250000
15637   -1804256.500000
15638   -1804256.750000
15639   -1804256.875000
15640   -1804257.000000
15641   -1804257.250000
15642   -1804257.500000
15643   -1804257.500000
15644   -1804257.750000
15645   -1804258.000000
15646   -1804258.250000
15647   -1804258.500000
15648   -1804258.500000
15649   -1804258.875000
15650   -1804259.000000
15651   -1804259.000000
15652   -1804259.375000
15653   -1804259.750000
15654   -1804259.750000
15655   -1804259.875000
15656   -1804260.125000
15657   -1804260.250000
15658   -1804260.500000
15659   -1804260.500000
15660   -1804260.625000
15661   -1804260.875000
15662   -1804261.000000
15663   -1804261.250000
15664   -1804261.375000
15665   -1804261.750000
15666   -1804261.875000
15667   -1804262.000000
15668   -1804262.125000
15669   -1804262.250000
15670   -1804262.500000
15671   -1804262.750000
15672   -1804262.875000
15673   -1804262.875000
15674   -1804263.000000
15675   -1804263.250000
15676   -1804263.500000
15677   -1804263.750000
15678   -1804263.750000
15679   -1804264.000000
15680   -1804264.125000
15681   -1804264.250000
15682   -1804264.500000
15683   -1804264.500000
15684   -1804264.875000
15685   -1804265.000000
15686   -1804265.250000
15687   -1804265.250000
15688   -1804265.500000
15689   -1804265.750000
15690   -1804266.000000
15691   -1804266.125000
15692   -1804266.250000
15693   -1804266.250000
15694   -1804266.375000
15695   -1804266.625000
15696   -1804267.000000
15697   -1804267.000000
15698   -1804267.125000
15699   -1804267.500000
15700   -1804267.375000
15701   -1804267.500000
15702   -1804267.750000
15703   -1804268.000000
15704   -1804268.250000
15705   -1804268.500000
15706   -1804268.625000
15707   -1804268.500000
15708   -1804268.750000
15709   -1804268.875000
15710   -1804269.000000
15711   -1804269.000000
15712   -1804269.500000
15713   -1804269.625000
15714   -1804269.875000
15715   -1804269.875000
15716   -1804270.000000
15717   -1804270.250000
15718   -1804270.500000
15719   -1804270.625000
15720   -1804270.750000
15721   -1804271.000000
15722   -1804271.000000
15723   -1804271.250000
15724   -1804271.375000
15725   -1804271.625000
15726   -1804271.750000
15727   -1804272.000000
15728   -1804272.125000
15729   -1804272.250000
15730   -1804272.500000
15731   -1804272.625000
15732   -1804272.750000
15733   -1804272.875000
15734   -1804273.000000
