Step            Loss
--------------------
1         500.328918
2         103.313721
3        -292.874878
4        -689.348145
5       -1085.254150
6       -1481.260498
7       -1877.590454
8       -2273.667725
9       -2670.360596
10      -3066.749512
11      -3463.079346
12      -3859.373535
13      -4255.768555
14      -4652.235352
15      -5049.147461
16      -5446.090332
17      -5842.939453
18      -6240.690430
19      -6637.525391
20      -7034.722656
21      -7432.505859
22      -7830.464355
23      -8227.139648
24      -8625.063477
25      -9023.070312
26      -9422.398438
27      -9820.912109
28      -10219.903320
29      -10619.405273
30      -11018.591797
31      -11418.681641
32      -11818.981445
33      -12218.972656
34      -12620.575195
35      -13021.328125
36      -13423.353516
37      -13825.212891
38      -14227.885742
39      -14631.547852
40      -15034.529297
41      -15438.702148
42      -15842.992188
43      -16248.855469
44      -16654.103516
45      -17059.000000
46      -17466.021484
47      -17873.478516
48      -18281.128906
49      -18690.111328
50      -19098.617188
51      -19508.882812
52      -19918.064453
53      -20329.269531
54      -20740.789062
55      -21153.464844
56      -21565.171875
57      -21979.810547
58      -22394.296875
59      -22808.341797
60      -23225.277344
61      -23641.333984
62      -24058.871094
63      -24476.208984
64      -24895.398438
65      -25314.148438
66      -25734.058594
67      -26156.318359
68      -26578.558594
69      -27001.171875
70      -27423.974609
71      -27849.570312
72      -28274.615234
73      -28700.115234
74      -29127.484375
75      -29554.664062
76      -29983.601562
77      -30412.685547
78      -30842.341797
79      -31274.296875
80      -31706.404297
81      -32139.214844
82      -32572.972656
83      -33008.460938
84      -33442.632812
85      -33880.312500
86      -34317.000000
87      -34756.539062
88      -35195.523438
89      -35635.140625
90      -36076.335938
91      -36518.632812
92      -36960.179688
93      -37404.406250
94      -37848.468750
95      -38294.722656
96      -38741.480469
97      -39188.316406
98      -39636.972656
99      -40085.992188
100     -40535.117188
101     -40986.820312
102     -41438.906250
103     -41892.160156
104     -42345.703125
105     -42799.984375
106     -43255.289062
107     -43712.164062
108     -44169.339844
109     -44627.476562
110     -45086.960938
111     -45546.242188
112     -46006.398438
113     -46469.660156
114     -46931.289062
115     -47393.867188
116     -47858.777344
117     -48323.953125
118     -48789.199219
119     -49255.679688
120     -49722.656250
121     -50191.320312
122     -50660.734375
123     -51130.851562
124     -51602.308594
125     -52073.285156
126     -52546.105469
127     -53019.097656
128     -53492.585938
129     -53966.617188
130     -54442.312500
131     -54918.023438
132     -55395.292969
133     -55873.375000
134     -56352.054688
135     -56830.503906
136     -57309.507812
137     -57790.390625
138     -58271.671875
139     -58752.945312
140     -59235.765625
141     -59717.671875
142     -60201.843750
143     -60685.601562
144     -61171.750000
145     -61655.804688
146     -62142.390625
147     -62629.769531
148     -63117.027344
149     -63603.531250
150     -64092.417969
151     -64581.585938
152     -65071.781250
153     -65560.820312
154     -66051.281250
155     -66543.289062
156     -67034.609375
157     -67526.093750
158     -68018.609375
159     -68510.750000
160     -69005.304688
161     -69497.945312
162     -69991.968750
163     -70485.492188
164     -70981.140625
165     -71475.546875
166     -71971.710938
167     -72468.031250
168     -72962.578125
169     -73459.921875
170     -73956.718750
171     -74453.125000
172     -74951.390625
173     -75447.734375
174     -75945.835938
175     -76444.570312
176     -76942.281250
177     -77441.687500
178     -77938.414062
179     -78437.351562
180     -78936.343750
181     -79435.585938
182     -79934.351562
183     -80434.156250
184     -80934.203125
185     -81433.156250
186     -81933.359375
187     -82432.015625
188     -82929.859375
189     -83429.921875
190     -83929.578125
191     -84429.546875
192     -84929.000000
193     -85427.421875
194     -85925.406250
195     -86426.359375
196     -86924.921875
197     -87424.039062
198     -87924.140625
199     -88420.656250
200     -88918.859375
201     -89420.031250
202     -89916.906250
203     -90415.398438
204     -90913.203125
205     -91409.703125
206     -91909.265625
207     -92405.625000
208     -92903.187500
209     -93397.656250
210     -93895.031250
211     -94391.757812
212     -94888.390625
213     -95383.609375
214     -95878.359375
215     -96372.742188
216     -96867.656250
217     -97361.484375
218     -97854.648438
219     -98348.054688
220     -98840.812500
221     -99332.648438
222     -99825.343750
223     -100317.617188
224     -100809.218750
225     -101299.781250
226     -101789.109375
227     -102278.234375
228     -102767.507812
229     -103255.343750
230     -103742.789062
231     -104231.609375
232     -104718.070312
233     -105203.593750
234     -105689.750000
235     -106173.648438
236     -106659.265625
237     -107141.523438
238     -107624.351562
239     -108107.031250
240     -108588.078125
241     -109069.656250
242     -109548.281250
243     -110028.757812
244     -110507.343750
245     -110984.578125
246     -111462.625000
247     -111938.046875
248     -112414.585938
249     -112888.453125
250     -113361.593750
251     -113835.796875
252     -114306.601562
253     -114780.062500
254     -115250.140625
255     -115718.328125
256     -116187.562500
257     -116654.367188
258     -117122.515625
259     -117589.437500
260     -118053.742188
261     -118517.562500
262     -118980.609375
263     -119444.906250
264     -119906.453125
265     -120366.140625
266     -120823.398438
267     -121283.250000
268     -121740.414062
269     -122195.953125
270     -122650.960938
271     -123104.070312
272     -123558.406250
273     -124010.453125
274     -124461.867188
275     -124911.328125
276     -125360.375000
277     -125807.804688
278     -126253.320312
279     -126698.664062
280     -127143.796875
281     -127587.695312
282     -128029.187500
283     -128470.531250
284     -128909.382812
285     -129346.632812
286     -129784.312500
287     -130221.218750
288     -130656.546875
289     -131089.640625
290     -131522.500000
291     -131952.375000
292     -132384.656250
293     -132813.484375
294     -133239.968750
295     -133666.765625
296     -134092.406250
297     -134517.000000
298     -134940.125000
299     -135360.015625
300     -135781.750000
301     -136198.546875
302     -136618.203125
303     -137034.093750
304     -137448.656250
305     -137863.906250
306     -138275.750000
307     -138688.687500
308     -139097.781250
309     -139505.953125
310     -139913.812500
311     -140320.000000
312     -140725.656250
313     -141128.968750
314     -141530.968750
315     -141931.531250
316     -142329.218750
317     -142728.390625
318     -143124.343750
319     -143521.031250
320     -143914.718750
321     -144307.875000
322     -144698.312500
323     -145087.625000
324     -145477.781250
325     -145862.859375
326     -146250.046875
327     -146634.687500
328     -147018.437500
329     -147397.406250
330     -147779.046875
331     -148156.593750
332     -148535.578125
333     -148910.437500
334     -149284.875000
335     -149656.421875
336     -150027.828125
337     -150397.671875
338     -150765.203125
339     -151132.062500
340     -151496.875000
341     -151859.843750
342     -152221.125000
343     -152583.015625
344     -152940.218750
345     -153297.281250
346     -153653.750000
347     -154008.984375
348     -154360.359375
349     -154712.578125
350     -155064.187500
351     -155411.078125
352     -155760.453125
353     -156104.812500
354     -156449.984375
355     -156791.000000
356     -157132.312500
357     -157470.218750
358     -157809.390625
359     -158145.625000
360     -158481.843750
361     -158815.562500
362     -159147.671875
363     -159477.453125
364     -159805.937500
365     -160134.281250
366     -160459.312500
367     -160785.343750
368     -161108.218750
369     -161428.906250
370     -161748.281250
371     -162066.593750
372     -162383.500000
373     -162700.531250
374     -163014.250000
375     -163327.031250
376     -163637.328125
377     -163948.078125
378     -164256.000000
379     -164562.125000
380     -164867.578125
381     -165170.000000
382     -165472.625000
383     -165774.203125
384     -166073.687500
385     -166370.781250
386     -166667.843750
387     -166962.500000
388     -167253.750000
389     -167546.750000
390     -167837.078125
391     -168125.890625
392     -168412.156250
393     -168698.250000
394     -168980.796875
395     -169263.890625
396     -169543.515625
397     -169824.406250
398     -170102.562500
399     -170378.312500
400     -170652.875000
401     -170926.593750
402     -171198.906250
403     -171468.984375
404     -171738.250000
405     -172005.031250
406     -172271.312500
407     -172535.421875
408     -172798.359375
409     -173060.125000
410     -173318.906250
411     -173577.781250
412     -173834.156250
413     -174089.593750
414     -174344.843750
415     -174595.843750
416     -174846.593750
417     -175095.718750
418     -175343.093750
419     -175589.328125
420     -175835.453125
421     -176078.156250
422     -176319.656250
423     -176561.515625
424     -176800.781250
425     -177037.765625
426     -177274.218750
427     -177508.359375
428     -177740.109375
429     -177972.343750
430     -178203.031250
431     -178431.687500
432     -178657.906250
433     -178884.187500
434     -179108.609375
435     -179332.687500
436     -179554.531250
437     -179775.812500
438     -179994.640625
439     -180211.578125
440     -180427.796875
441     -180644.265625
442     -180858.312500
443     -181070.062500
444     -181281.406250
445     -181491.937500
446     -181700.156250
447     -181907.890625
448     -182114.750000
449     -182319.796875
450     -182521.437500
451     -182724.406250
452     -182925.109375
453     -183124.562500
454     -183321.406250
455     -183518.218750
456     -183713.000000
457     -183906.656250
458     -184098.984375
459     -184291.265625
460     -184480.687500
461     -184669.656250
462     -184857.093750
463     -185043.250000
464     -185228.250000
465     -185411.343750
466     -185593.781250
467     -185774.937500
468     -185953.609375
469     -186132.390625
470     -186309.968750
471     -186486.406250
472     -186660.468750
473     -186833.500000
474     -187006.656250
475     -187178.406250
476     -187346.968750
477     -187516.343750
478     -187683.125000
479     -187849.593750
480     -188014.796875
481     -188178.250000
482     -188339.703125
483     -188500.578125
484     -188659.281250
485     -188817.531250
486     -188975.953125
487     -189132.156250
488     -189287.328125
489     -189441.171875
490     -189593.656250
491     -189744.203125
492     -189895.781250
493     -190043.687500
494     -190192.093750
495     -190337.578125
496     -190483.453125
497     -190626.859375
498     -190770.750000
499     -190913.875000
500     -191053.937500
501     -191193.828125
502     -191332.125000
503     -191470.546875
504     -191607.937500
505     -191742.562500
506     -191876.250000
507     -192009.437500
508     -192142.562500
509     -192273.093750
510     -192403.578125
511     -192531.500000
512     -192659.937500
513     -192786.484375
514     -192912.234375
515     -193035.500000
516     -193159.203125
517     -193280.843750
518     -193402.968750
519     -193522.093750
520     -193640.953125
521     -193761.125000
522     -193877.125000
523     -193993.125000
524     -194106.593750
525     -194221.562500
526     -194334.281250
527     -194447.671875
528     -194557.593750
529     -194667.281250
530     -194777.171875
531     -194885.265625
532     -194992.984375
533     -195099.062500
534     -195203.609375
535     -195308.390625
536     -195411.843750
537     -195516.031250
538     -195617.562500
539     -195718.953125
540     -195819.531250
541     -195918.796875
542     -196017.140625
543     -196115.968750
544     -196213.437500
545     -196307.906250
546     -196403.359375
547     -196495.234375
548     -196588.531250
549     -196680.343750
550     -196770.250000
551     -196861.781250
552     -196951.015625
553     -197038.843750
554     -197126.093750
555     -197214.000000
556     -197299.796875
557     -197385.281250
558     -197469.781250
559     -197554.562500
560     -197638.062500
561     -197720.281250
562     -197802.656250
563     -197884.500000
564     -197964.781250
565     -198044.296875
566     -198123.750000
567     -198202.093750
568     -198279.968750
569     -198356.828125
570     -198433.343750
571     -198508.671875
572     -198583.968750
573     -198658.718750
574     -198732.750000
575     -198805.718750
576     -198878.453125
577     -198950.906250
578     -199022.031250
579     -199092.578125
580     -199162.453125
581     -199232.281250
582     -199300.812500
583     -199369.562500
584     -199436.859375
585     -199503.453125
586     -199570.546875
587     -199635.593750
588     -199700.750000
589     -199764.812500
590     -199827.687500
591     -199891.125000
592     -199952.437500
593     -200015.015625
594     -200075.343750
595     -200135.343750
596     -200195.750000
597     -200254.750000
598     -200314.468750
599     -200372.562500
600     -200431.031250
601     -200488.421875
602     -200544.718750
603     -200601.328125
604     -200656.875000
605     -200712.781250
606     -200767.640625
607     -200822.031250
608     -200875.875000
609     -200929.671875
610     -200982.750000
611     -201034.640625
612     -201087.281250
613     -201138.437500
614     -201190.296875
615     -201239.625000
616     -201291.265625
617     -201339.656250
618     -201389.625000
619     -201438.734375
620     -201487.656250
621     -201535.687500
622     -201583.843750
623     -201630.406250
624     -201677.781250
625     -201723.734375
626     -201770.031250
627     -201815.875000
628     -201861.187500
629     -201906.421875
630     -201950.703125
631     -201995.093750
632     -202039.312500
633     -202082.687500
634     -202126.359375
635     -202169.000000
636     -202211.250000
637     -202254.031250
638     -202295.312500
639     -202337.781250
640     -202378.093750
641     -202419.968750
642     -202459.546875
643     -202500.125000
644     -202539.546875
645     -202579.359375
646     -202618.062500
647     -202657.187500
648     -202695.515625
649     -202733.265625
650     -202771.468750
651     -202808.812500
652     -202845.953125
653     -202882.875000
654     -202918.953125
655     -202955.281250
656     -202991.125000
657     -203026.562500
658     -203061.906250
659     -203096.843750
660     -203131.859375
661     -203165.796875
662     -203200.187500
663     -203233.718750
664     -203267.843750
665     -203301.312500
666     -203334.453125
667     -203366.890625
668     -203399.562500
669     -203431.640625
670     -203463.203125
671     -203494.640625
672     -203525.093750
673     -203556.187500
674     -203587.312500
675     -203617.468750
676     -203648.125000
677     -203677.968750
678     -203707.796875
679     -203737.546875
680     -203766.703125
681     -203795.281250
682     -203823.765625
683     -203852.546875
684     -203880.875000
685     -203908.765625
686     -203936.484375
687     -203963.390625
688     -203991.156250
689     -204018.156250
690     -204044.812500
691     -204071.093750
692     -204097.109375
693     -204123.078125
694     -204149.531250
695     -204174.656250
696     -204199.828125
697     -204224.562500
698     -204249.968750
699     -204274.171875
700     -204298.968750
701     -204322.953125
702     -204347.109375
703     -204371.421875
704     -204394.937500
705     -204418.312500
706     -204442.000000
707     -204465.000000
708     -204488.250000
709     -204511.250000
710     -204533.375000
711     -204556.687500
712     -204578.921875
713     -204600.812500
714     -204622.625000
715     -204644.687500
716     -204666.562500
717     -204688.531250
718     -204709.218750
719     -204731.015625
720     -204751.828125
721     -204772.250000
722     -204793.140625
723     -204813.531250
724     -204833.843750
725     -204854.125000
726     -204874.234375
727     -204894.437500
728     -204914.078125
729     -204933.546875
730     -204953.187500
731     -204972.437500
732     -204992.046875
733     -205010.906250
734     -205029.953125
735     -205048.750000
736     -205067.281250
737     -205086.000000
738     -205104.515625
739     -205123.156250
740     -205141.531250
741     -205159.765625
742     -205177.750000
743     -205195.281250
744     -205213.937500
745     -205231.765625
746     -205249.734375
747     -205267.015625
748     -205284.906250
749     -205302.312500
750     -205319.578125
751     -205336.781250
752     -205353.828125
753     -205370.781250
754     -205388.093750
755     -205404.781250
756     -205421.421875
757     -205438.156250
758     -205455.218750
759     -205471.281250
760     -205487.484375
761     -205503.843750
762     -205520.125000
763     -205536.203125
764     -205552.281250
765     -205568.125000
766     -205583.656250
767     -205599.531250
768     -205614.609375
769     -205630.437500
770     -205645.656250
771     -205660.968750
772     -205676.109375
773     -205691.296875
774     -205706.109375
775     -205720.781250
776     -205735.906250
777     -205750.343750
778     -205764.937500
779     -205779.750000
780     -205793.734375
781     -205808.312500
782     -205822.656250
783     -205836.734375
784     -205850.906250
785     -205864.968750
786     -205879.125000
787     -205892.953125
788     -205906.750000
789     -205920.734375
790     -205934.328125
791     -205948.281250
792     -205961.812500
793     -205975.765625
794     -205989.312500
795     -206002.687500
796     -206016.281250
797     -206029.703125
798     -206043.062500
799     -206056.531250
800     -206069.687500
801     -206082.718750
802     -206095.906250
803     -206108.671875
804     -206121.703125
805     -206134.937500
806     -206147.781250
807     -206160.312500
808     -206173.265625
809     -206185.781250
810     -206198.281250
811     -206210.796875
812     -206223.406250
813     -206235.906250
814     -206248.062500
815     -206260.578125
816     -206272.515625
817     -206285.031250
818     -206297.312500
819     -206309.250000
820     -206321.312500
821     -206333.218750
822     -206345.250000
823     -206356.500000
824     -206368.406250
825     -206380.187500
826     -206391.781250
827     -206403.281250
828     -206414.671875
829     -206426.140625
830     -206437.718750
831     -206448.875000
832     -206460.140625
833     -206471.687500
834     -206482.625000
835     -206493.843750
836     -206504.968750
837     -206515.890625
838     -206527.234375
839     -206538.078125
840     -206549.046875
841     -206559.843750
842     -206570.703125
843     -206581.406250
844     -206592.343750
845     -206603.140625
846     -206613.812500
847     -206624.250000
848     -206634.796875
849     -206645.453125
850     -206655.859375
851     -206666.218750
852     -206676.687500
853     -206687.140625
854     -206697.515625
855     -206707.703125
856     -206717.812500
857     -206727.968750
858     -206738.328125
859     -206748.437500
860     -206758.609375
861     -206768.468750
862     -206778.718750
863     -206788.625000
864     -206798.375000
865     -206808.171875
866     -206818.078125
867     -206827.859375
868     -206837.625000
869     -206847.375000
870     -206857.031250
871     -206866.703125
872     -206876.156250
873     -206885.718750
874     -206895.281250
875     -206904.453125
876     -206913.968750
877     -206923.484375
878     -206932.718750
879     -206942.093750
880     -206951.484375
881     -206960.531250
882     -206969.812500
883     -206979.125000
884     -206988.000000
885     -206997.062500
886     -207006.218750
887     -207015.156250
888     -207024.250000
889     -207033.125000
890     -207042.093750
891     -207050.937500
892     -207059.859375
893     -207068.687500
894     -207077.375000
895     -207085.875000
896     -207094.718750
897     -207103.562500
898     -207112.000000
899     -207120.812500
900     -207129.187500
901     -207137.562500
902     -207146.000000
903     -207154.593750
904     -207162.734375
905     -207170.968750
906     -207179.328125
907     -207187.781250
908     -207195.875000
909     -207203.875000
910     -207212.062500
911     -207220.218750
912     -207228.359375
913     -207236.625000
914     -207244.562500
915     -207252.328125
916     -207260.406250
917     -207268.187500
918     -207276.140625
919     -207284.062500
920     -207291.812500
921     -207299.765625
922     -207307.500000
923     -207315.187500
924     -207322.937500
925     -207330.625000
926     -207338.109375
927     -207345.796875
928     -207353.687500
929     -207361.203125
930     -207368.500000
931     -207376.125000
932     -207383.562500
933     -207391.031250
934     -207398.500000
935     -207405.609375
936     -207413.296875
937     -207420.531250
938     -207427.609375
939     -207435.000000
940     -207442.015625
941     -207449.250000
942     -207456.609375
943     -207463.703125
944     -207470.984375
945     -207477.750000
946     -207485.093750
947     -207492.062500
948     -207498.953125
949     -207506.125000
950     -207513.031250
951     -207520.062500
952     -207526.875000
953     -207533.718750
954     -207540.562500
955     -207547.281250
956     -207554.296875
957     -207560.812500
958     -207567.640625
959     -207574.468750
960     -207581.156250
961     -207587.718750
962     -207594.437500
963     -207601.062500
964     -207607.671875
965     -207614.140625
966     -207620.859375
967     -207627.265625
968     -207633.687500
969     -207639.968750
970     -207646.500000
971     -207652.843750
972     -207659.203125
973     -207665.593750
974     -207671.828125
975     -207677.921875
976     -207684.671875
977     -207690.812500
978     -207697.203125
979     -207703.453125
980     -207709.406250
981     -207715.859375
982     -207721.906250
983     -207728.031250
984     -207734.218750
985     -207740.093750
986     -207746.531250
987     -207752.421875
988     -207758.687500
989     -207764.468750
990     -207770.687500
991     -207776.468750
992     -207782.625000
993     -207788.468750
994     -207794.500000
995     -207800.296875
996     -207806.312500
997     -207812.187500
998     -207818.156250
999     -207823.796875
1000    -207829.781250
1001    -207835.578125
1002    -207841.375000
1003    -207847.062500
1004    -207852.843750
1005    -207858.390625
1006    -207864.343750
1007    -207869.828125
1008    -207875.531250
1009    -207881.250000
1010    -207887.031250
1011    -207892.578125
1012    -207897.968750
1013    -207903.687500
1014    -207909.031250
1015    -207914.703125
1016    -207920.281250
1017    -207925.625000
1018    -207931.281250
1019    -207936.796875
1020    -207942.156250
1021    -207947.781250
1022    -207952.796875
1023    -207958.218750
1024    -207963.796875
1025    -207968.906250
1026    -207974.187500
1027    -207979.546875
1028    -207984.781250
1029    -207990.156250
1030    -207995.531250
1031    -208000.609375
1032    -208005.828125
1033    -208011.078125
1034    -208016.406250
1035    -208021.437500
1036    -208026.734375
1037    -208031.750000
1038    -208036.906250
1039    -208042.062500
1040    -208046.968750
1041    -208052.375000
1042    -208057.453125
1043    -208062.562500
1044    -208067.437500
1045    -208072.546875
1046    -208077.593750
1047    -208082.640625
1048    -208087.718750
1049    -208092.703125
1050    -208097.625000
1051    -208102.562500
1052    -208107.609375
1053    -208112.593750
1054    -208117.468750
1055    -208122.562500
1056    -208127.406250
1057    -208132.250000
1058    -208137.187500
1059    -208142.109375
1060    -208146.906250
1061    -208151.718750
1062    -208156.656250
1063    -208161.390625
1064    -208166.250000
1065    -208171.093750
1066    -208175.953125
1067    -208180.484375
1068    -208185.468750
1069    -208190.015625
1070    -208194.687500
1071    -208199.453125
1072    -208204.171875
1073    -208208.656250
1074    -208213.468750
1075    -208217.968750
1076    -208222.453125
1077    -208227.203125
1078    -208231.625000
1079    -208236.375000
1080    -208241.015625
1081    -208245.421875
1082    -208249.875000
1083    -208254.625000
1084    -208259.156250
1085    -208263.546875
1086    -208268.062500
1087    -208272.484375
1088    -208276.906250
1089    -208281.562500
1090    -208285.734375
1091    -208290.218750
1092    -208294.515625
1093    -208298.937500
1094    -208303.437500
1095    -208307.625000
1096    -208311.750000
1097    -208316.281250
1098    -208320.500000
1099    -208324.578125
1100    -208329.015625
1101    -208333.296875
1102    -208337.609375
1103    -208341.906250
1104    -208346.062500
1105    -208350.296875
1106    -208354.593750
1107    -208358.781250
1108    -208363.093750
1109    -208367.281250
1110    -208371.421875
1111    -208375.593750
1112    -208379.656250
1113    -208383.781250
1114    -208388.093750
1115    -208392.078125
1116    -208396.250000
1117    -208400.125000
1118    -208404.312500
1119    -208408.328125
1120    -208412.500000
1121    -208416.625000
1122    -208420.484375
1123    -208424.531250
1124    -208428.687500
1125    -208432.625000
1126    -208436.531250
1127    -208440.625000
1128    -208444.437500
1129    -208448.625000
1130    -208452.375000
1131    -208456.578125
1132    -208460.281250
1133    -208464.203125
1134    -208468.156250
1135    -208472.093750
1136    -208475.750000
1137    -208479.812500
1138    -208483.609375
1139    -208487.312500
1140    -208491.218750
1141    -208495.093750
1142    -208498.937500
1143    -208502.656250
1144    -208506.578125
1145    -208510.171875
1146    -208514.031250
1147    -208517.953125
1148    -208521.656250
1149    -208525.312500
1150    -208529.250000
1151    -208532.875000
1152    -208536.640625
1153    -208540.203125
1154    -208544.031250
1155    -208547.750000
1156    -208551.468750
1157    -208555.000000
1158    -208558.625000
1159    -208562.609375
1160    -208566.000000
1161    -208569.718750
1162    -208573.093750
1163    -208576.796875
1164    -208580.312500
1165    -208583.828125
1166    -208587.531250
1167    -208590.828125
1168    -208594.500000
1169    -208597.859375
1170    -208601.500000
1171    -208605.015625
1172    -208608.375000
1173    -208611.890625
1174    -208615.296875
1175    -208618.718750
1176    -208622.140625
1177    -208625.656250
1178    -208629.046875
1179    -208632.218750
1180    -208635.765625
1181    -208638.984375
1182    -208642.468750
1183    -208645.734375
1184    -208649.078125
1185    -208652.406250
1186    -208655.781250
1187    -208659.031250
1188    -208662.406250
1189    -208665.390625
1190    -208669.062500
1191    -208672.062500
1192    -208675.281250
1193    -208678.562500
1194    -208681.843750
1195    -208685.265625
1196    -208688.281250
1197    -208691.328125
1198    -208694.625000
1199    -208697.875000
1200    -208700.953125
1201    -208704.125000
1202    -208707.234375
1203    -208710.578125
1204    -208713.750000
1205    -208716.921875
1206    -208720.015625
1207    -208723.234375
1208    -208726.250000
1209    -208729.250000
1210    -208732.484375
1211    -208735.718750
1212    -208738.875000
1213    -208741.781250
1214    -208745.000000
1215    -208748.015625
1216    -208751.093750
1217    -208754.187500
1218    -208757.250000
1219    -208760.250000
1220    -208763.406250
1221    -208766.343750
1222    -208769.406250
1223    -208772.281250
1224    -208775.343750
1225    -208778.187500
1226    -208781.171875
1227    -208784.015625
1228    -208786.968750
1229    -208789.875000
1230    -208792.703125
1231    -208795.687500
1232    -208798.500000
1233    -208801.250000
1234    -208804.171875
1235    -208807.031250
1236    -208809.937500
1237    -208812.656250
1238    -208815.531250
1239    -208818.437500
1240    -208821.171875
1241    -208823.984375
1242    -208826.687500
1243    -208829.562500
1244    -208832.343750
1245    -208835.093750
1246    -208837.812500
1247    -208840.593750
1248    -208843.375000
1249    -208846.203125
1250    -208849.000000
1251    -208851.734375
1252    -208854.437500
1253    -208857.312500
1254    -208860.000000
1255    -208862.671875
1256    -208865.640625
1257    -208868.046875
1258    -208870.812500
1259    -208873.453125
1260    -208876.187500
1261    -208879.046875
1262    -208881.609375
1263    -208884.250000
1264    -208886.781250
1265    -208889.546875
1266    -208892.125000
1267    -208894.781250
1268    -208897.343750
1269    -208900.031250
1270    -208902.640625
1271    -208905.218750
1272    -208907.937500
1273    -208910.484375
1274    -208913.156250
1275    -208915.781250
1276    -208918.140625
1277    -208920.812500
1278    -208923.468750
1279    -208926.031250
1280    -208928.640625
1281    -208931.234375
1282    -208933.687500
1283    -208936.375000
1284    -208938.734375
1285    -208941.312500
1286    -208943.875000
1287    -208946.343750
1288    -208948.812500
1289    -208951.312500
1290    -208953.812500
1291    -208956.171875
1292    -208958.578125
1293    -208961.062500
1294    -208963.500000
1295    -208965.812500
1296    -208968.281250
1297    -208970.687500
1298    -208973.093750
1299    -208975.375000
1300    -208977.875000
1301    -208980.312500
1302    -208982.437500
1303    -208985.125000
1304    -208987.359375
1305    -208989.796875
1306    -208992.125000
1307    -208994.375000
1308    -208996.843750
1309    -208999.171875
1310    -209001.281250
1311    -209003.875000
1312    -209006.109375
1313    -209008.468750
1314    -209010.625000
1315    -209012.937500
1316    -209015.250000
1317    -209017.625000
1318    -209019.843750
1319    -209021.937500
1320    -209024.250000
1321    -209026.546875
1322    -209028.843750
1323    -209031.062500
1324    -209033.359375
1325    -209035.453125
1326    -209037.843750
1327    -209039.859375
1328    -209042.156250
1329    -209044.406250
1330    -209046.406250
1331    -209048.843750
1332    -209051.046875
1333    -209053.078125
1334    -209055.359375
1335    -209057.593750
1336    -209059.593750
1337    -209061.968750
1338    -209064.093750
1339    -209066.265625
1340    -209068.343750
1341    -209070.531250
1342    -209072.593750
1343    -209074.687500
1344    -209076.937500
1345    -209079.093750
1346    -209081.062500
1347    -209083.281250
1348    -209085.406250
1349    -209087.375000
1350    -209089.531250
1351    -209091.437500
1352    -209093.687500
1353    -209095.750000
1354    -209097.875000
1355    -209099.968750
1356    -209102.078125
1357    -209104.125000
1358    -209106.343750
1359    -209108.250000
1360    -209110.312500
1361    -209112.421875
1362    -209114.421875
1363    -209116.375000
1364    -209118.625000
1365    -209120.468750
1366    -209122.437500
1367    -209124.593750
1368    -209126.437500
1369    -209128.578125
1370    -209130.562500
1371    -209132.375000
1372    -209134.609375
1373    -209136.296875
1374    -209138.375000
1375    -209140.375000
1376    -209142.250000
1377    -209144.218750
1378    -209146.312500
1379    -209148.250000
1380    -209150.218750
1381    -209152.140625
1382    -209153.984375
1383    -209155.937500
1384    -209157.875000
1385    -209159.734375
1386    -209161.593750
1387    -209163.625000
1388    -209165.343750
1389    -209167.406250
1390    -209169.156250
1391    -209170.968750
1392    -209172.984375
1393    -209174.781250
1394    -209176.703125
1395    -209178.625000
1396    -209180.468750
1397    -209182.265625
1398    -209184.125000
1399    -209186.031250
1400    -209187.718750
1401    -209189.812500
1402    -209191.531250
1403    -209193.406250
1404    -209195.187500
1405    -209197.078125
1406    -209198.812500
1407    -209200.718750
1408    -209202.531250
1409    -209204.328125
1410    -209206.125000
1411    -209207.843750
1412    -209209.843750
1413    -209211.437500
1414    -209213.375000
1415    -209214.953125
1416    -209216.906250
1417    -209218.562500
1418    -209220.265625
1419    -209222.187500
1420    -209223.796875
1421    -209225.531250
1422    -209227.500000
1423    -209229.062500
1424    -209230.734375
1425    -209232.609375
1426    -209234.218750
1427    -209236.062500
1428    -209237.625000
1429    -209239.312500
1430    -209240.984375
1431    -209242.906250
1432    -209244.453125
1433    -209246.046875
1434    -209247.875000
1435    -209249.625000
1436    -209251.187500
1437    -209252.968750
1438    -209254.625000
1439    -209256.265625
1440    -209257.875000
1441    -209259.578125
1442    -209261.171875
1443    -209262.937500
1444    -209264.515625
1445    -209266.343750
1446    -209267.921875
1447    -209269.656250
1448    -209271.140625
1449    -209272.859375
1450    -209274.562500
1451    -209276.156250
1452    -209277.843750
1453    -209279.437500
1454    -209281.093750
1455    -209282.640625
1456    -209284.562500
1457    -209286.046875
1458    -209287.500000
1459    -209289.046875
1460    -209290.687500
1461    -209292.468750
1462    -209293.843750
1463    -209295.718750
1464    -209297.000000
1465    -209298.562500
1466    -209300.343750
1467    -209301.781250
1468    -209303.328125
1469    -209304.906250
1470    -209306.656250
1471    -209308.156250
1472    -209309.687500
1473    -209311.250000
1474    -209312.796875
1475    -209314.312500
1476    -209316.000000
1477    -209317.515625
1478    -209318.968750
1479    -209320.468750
1480    -209322.140625
1481    -209323.750000
1482    -209325.265625
1483    -209326.781250
1484    -209328.359375
1485    -209329.718750
1486    -209331.375000
1487    -209332.984375
1488    -209334.359375
1489    -209335.765625
1490    -209337.343750
1491    -209338.843750
1492    -209340.359375
1493    -209341.765625
1494    -209343.281250
1495    -209344.671875
1496    -209346.093750
1497    -209347.671875
1498    -209348.953125
1499    -209350.562500
1500    -209352.031250
1501    -209353.515625
1502    -209355.031250
1503    -209356.281250
1504    -209357.781250
1505    -209359.218750
1506    -209360.687500
1507    -209361.937500
1508    -209363.656250
1509    -209364.843750
1510    -209366.328125
1511    -209367.734375
1512    -209369.203125
1513    -209370.484375
1514    -209371.875000
1515    -209373.234375
1516    -209374.750000
1517    -209376.187500
1518    -209377.390625
1519    -209378.875000
1520    -209380.421875
1521    -209381.593750
1522    -209383.031250
1523    -209384.343750
1524    -209385.718750
1525    -209387.093750
1526    -209388.531250
1527    -209389.812500
1528    -209391.125000
1529    -209392.421875
1530    -209393.875000
1531    -209395.187500
1532    -209396.625000
1533    -209397.828125
1534    -209399.187500
1535    -209400.500000
1536    -209401.875000
1537    -209403.203125
1538    -209404.500000
1539    -209405.937500
1540    -209407.078125
1541    -209408.406250
1542    -209409.718750
1543    -209411.093750
1544    -209412.343750
1545    -209413.625000
1546    -209414.906250
1547    -209416.328125
1548    -209417.593750
1549    -209418.906250
1550    -209420.156250
1551    -209421.453125
1552    -209422.687500
1553    -209423.906250
1554    -209425.296875
1555    -209426.593750
1556    -209427.843750
1557    -209429.156250
1558    -209430.328125
1559    -209431.687500
1560    -209432.984375
1561    -209434.265625
1562    -209435.562500
1563    -209436.796875
1564    -209438.125000
1565    -209439.312500
1566    -209440.531250
1567    -209441.906250
1568    -209443.156250
1569    -209444.375000
1570    -209445.750000
1571    -209446.937500
1572    -209448.250000
1573    -209449.500000
1574    -209450.750000
1575    -209452.031250
1576    -209453.281250
1577    -209454.593750
1578    -209455.875000
1579    -209456.953125
1580    -209458.281250
1581    -209459.687500
1582    -209460.906250
1583    -209462.109375
1584    -209463.359375
1585    -209464.562500
1586    -209465.750000
1587    -209467.109375
1588    -209468.343750
1589    -209469.562500
1590    -209470.781250
1591    -209472.125000
1592    -209473.312500
1593    -209474.468750
1594    -209475.718750
1595    -209477.000000
1596    -209478.203125
1597    -209479.437500
1598    -209480.734375
1599    -209481.781250
1600    -209482.953125
1601    -209484.343750
1602    -209485.500000
1603    -209486.703125
1604    -209488.000000
1605    -209489.171875
1606    -209490.453125
1607    -209491.562500
1608    -209492.750000
1609    -209493.875000
1610    -209495.218750
1611    -209496.281250
1612    -209497.578125
1613    -209498.812500
1614    -209499.953125
1615    -209501.187500
1616    -209502.437500
1617    -209503.671875
1618    -209504.875000
1619    -209506.031250
1620    -209507.218750
1621    -209508.375000
1622    -209509.609375
1623    -209510.765625
1624    -209512.031250
1625    -209513.250000
1626    -209514.375000
1627    -209515.625000
1628    -209516.812500
1629    -209517.984375
1630    -209519.109375
1631    -209520.281250
1632    -209521.421875
1633    -209522.625000
1634    -209523.906250
1635    -209525.031250
1636    -209526.203125
1637    -209527.468750
1638    -209528.703125
1639    -209529.781250
1640    -209531.031250
1641    -209532.250000
1642    -209533.406250
1643    -209534.671875
1644    -209535.937500
1645    -209537.062500
1646    -209538.281250
1647    -209539.406250
1648    -209540.562500
1649    -209541.812500
1650    -209543.125000
1651    -209544.187500
1652    -209545.312500
1653    -209546.531250
1654    -209547.765625
1655    -209548.906250
1656    -209550.171875
1657    -209551.312500
1658    -209552.640625
1659    -209553.718750
1660    -209554.890625
1661    -209556.203125
1662    -209557.250000
1663    -209558.531250
1664    -209559.687500
1665    -209560.906250
1666    -209561.968750
1667    -209563.343750
1668    -209564.562500
1669    -209565.671875
1670    -209566.968750
1671    -209568.062500
1672    -209569.312500
1673    -209570.468750
1674    -209571.562500
1675    -209572.750000
1676    -209574.062500
1677    -209575.234375
1678    -209576.562500
1679    -209577.625000
1680    -209578.796875
1681    -209580.000000
1682    -209581.187500
1683    -209582.500000
1684    -209583.656250
1685    -209584.859375
1686    -209585.937500
1687    -209587.218750
1688    -209588.468750
1689    -209589.718750
1690    -209590.843750
1691    -209592.000000
1692    -209593.234375
1693    -209594.343750
1694    -209595.765625
1695    -209596.906250
1696    -209598.062500
1697    -209599.281250
1698    -209600.406250
1699    -209601.718750
1700    -209602.906250
1701    -209604.109375
1702    -209605.343750
1703    -209606.500000
1704    -209607.656250
1705    -209608.843750
1706    -209610.046875
1707    -209611.312500
1708    -209612.515625
1709    -209613.671875
1710    -209615.015625
1711    -209616.093750
1712    -209617.218750
1713    -209618.484375
1714    -209619.718750
1715    -209620.843750
1716    -209622.125000
1717    -209623.250000
1718    -209624.468750
1719    -209625.796875
1720    -209626.906250
1721    -209628.031250
1722    -209629.281250
1723    -209630.484375
1724    -209631.625000
1725    -209632.859375
1726    -209633.968750
1727    -209635.203125
1728    -209636.453125
1729    -209637.562500
1730    -209638.750000
1731    -209639.937500
1732    -209641.109375
1733    -209642.281250
1734    -209643.484375
1735    -209644.593750
1736    -209645.812500
1737    -209646.968750
1738    -209648.156250
1739    -209649.343750
1740    -209650.390625
1741    -209651.687500
1742    -209652.937500
1743    -209653.953125
1744    -209655.296875
1745    -209656.468750
1746    -209657.546875
1747    -209658.828125
1748    -209659.984375
1749    -209661.250000
1750    -209662.281250
1751    -209663.515625
1752    -209664.718750
1753    -209665.875000
1754    -209667.015625
1755    -209668.109375
1756    -209669.500000
1757    -209670.562500
1758    -209671.656250
1759    -209672.843750
1760    -209674.000000
1761    -209675.281250
1762    -209676.390625
1763    -209677.593750
1764    -209678.593750
1765    -209679.906250
1766    -209680.906250
1767    -209682.125000
1768    -209683.406250
1769    -209684.437500
1770    -209685.703125
1771    -209686.687500
1772    -209687.843750
1773    -209689.062500
1774    -209690.250000
1775    -209691.343750
1776    -209692.562500
1777    -209693.531250
1778    -209694.906250
1779    -209696.015625
1780    -209697.062500
1781    -209698.250000
1782    -209699.343750
1783    -209700.453125
1784    -209701.671875
1785    -209702.828125
1786    -209703.906250
1787    -209705.078125
1788    -209706.156250
1789    -209707.343750
1790    -209708.390625
1791    -209709.531250
1792    -209710.609375
1793    -209711.843750
1794    -209713.000000
1795    -209714.125000
1796    -209715.171875
1797    -209716.218750
1798    -209717.343750
1799    -209718.593750
1800    -209719.625000
1801    -209720.843750
1802    -209721.968750
1803    -209723.109375
1804    -209724.156250
1805    -209725.281250
1806    -209726.437500
1807    -209727.625000
1808    -209728.671875
1809    -209729.812500
1810    -209730.875000
1811    -209732.046875
1812    -209733.156250
1813    -209734.218750
1814    -209735.437500
1815    -209736.593750
1816    -209737.718750
1817    -209738.781250
1818    -209739.906250
1819    -209740.921875
1820    -209742.125000
1821    -209743.281250
1822    -209744.406250
1823    -209745.484375
1824    -209746.796875
1825    -209747.687500
1826    -209748.843750
1827    -209750.000000
1828    -209751.078125
1829    -209752.343750
1830    -209753.390625
1831    -209754.500000
1832    -209755.500000
1833    -209756.718750
1834    -209757.812500
1835    -209758.906250
1836    -209760.062500
1837    -209761.156250
1838    -209762.234375
1839    -209763.437500
1840    -209764.562500
1841    -209765.718750
1842    -209766.781250
1843    -209767.937500
1844    -209768.968750
1845    -209770.187500
1846    -209771.234375
1847    -209772.343750
1848    -209773.515625
1849    -209774.593750
1850    -209775.703125
1851    -209776.937500
1852    -209777.937500
1853    -209779.125000
1854    -209780.187500
1855    -209781.296875
1856    -209782.375000
1857    -209783.500000
1858    -209784.656250
1859    -209785.843750
1860    -209786.843750
1861    -209788.031250
1862    -209789.171875
1863    -209790.156250
1864    -209791.296875
1865    -209792.468750
1866    -209793.562500
1867    -209794.640625
1868    -209795.718750
1869    -209796.718750
1870    -209797.875000
1871    -209799.000000
1872    -209800.093750
1873    -209801.187500
1874    -209802.250000
1875    -209803.343750
1876    -209804.468750
1877    -209805.500000
1878    -209806.687500
1879    -209807.687500
1880    -209808.781250
1881    -209809.937500
1882    -209811.031250
1883    -209812.125000
1884    -209813.156250
1885    -209814.281250
1886    -209815.343750
1887    -209816.468750
1888    -209817.562500
1889    -209818.562500
1890    -209819.687500
1891    -209820.687500
1892    -209821.906250
1893    -209823.000000
1894    -209824.031250
1895    -209825.046875
1896    -209826.125000
1897    -209827.171875
1898    -209828.218750
1899    -209829.375000
1900    -209830.453125
1901    -209831.453125
1902    -209832.531250
1903    -209833.656250
1904    -209834.843750
1905    -209835.828125
1906    -209836.953125
1907    -209837.906250
1908    -209839.000000
1909    -209840.125000
1910    -209841.156250
1911    -209842.156250
1912    -209843.203125
1913    -209844.281250
1914    -209845.359375
1915    -209846.375000
1916    -209847.500000
1917    -209848.500000
1918    -209849.562500
1919    -209850.687500
1920    -209851.843750
1921    -209852.875000
1922    -209853.875000
1923    -209854.984375
1924    -209856.062500
1925    -209857.125000
1926    -209858.171875
1927    -209859.156250
1928    -209860.234375
1929    -209861.312500
1930    -209862.359375
1931    -209863.281250
1932    -209864.375000
1933    -209865.453125
1934    -209866.375000
1935    -209867.468750
1936    -209868.484375
1937    -209869.593750
1938    -209870.531250
1939    -209871.656250
1940    -209872.625000
1941    -209873.593750
1942    -209874.640625
1943    -209875.625000
1944    -209876.687500
1945    -209877.656250
1946    -209878.718750
1947    -209879.656250
1948    -209880.765625
1949    -209881.734375
1950    -209882.906250
1951    -209883.843750
1952    -209884.734375
1953    -209885.781250
1954    -209886.781250
1955    -209887.843750
1956    -209888.781250
1957    -209889.703125
1958    -209890.859375
1959    -209891.781250
1960    -209892.812500
1961    -209893.781250
1962    -209894.812500
1963    -209895.843750
1964    -209896.765625
1965    -209897.687500
1966    -209898.703125
1967    -209899.593750
1968    -209900.625000
1969    -209901.593750
1970    -209902.625000
1971    -209903.484375
1972    -209904.562500
1973    -209905.468750
1974    -209906.343750
1975    -209907.390625
1976    -209908.218750
1977    -209909.156250
1978    -209910.234375
1979    -209911.093750
1980    -209912.062500
1981    -209913.046875
1982    -209913.890625
1983    -209914.906250
1984    -209915.750000
1985    -209916.625000
1986    -209917.593750
1987    -209918.609375
1988    -209919.546875
1989    -209920.531250
1990    -209921.406250
1991    -209922.375000
1992    -209923.234375
1993    -209924.171875
1994    -209925.062500
1995    -209925.937500
1996    -209926.921875
1997    -209927.843750
1998    -209928.750000
1999    -209929.656250
2000    -209930.484375
2001    -209931.437500
2002    -209932.328125
2003    -209933.250000
2004    -209934.140625
2005    -209935.031250
2006    -209935.906250
2007    -209936.859375
2008    -209937.796875
2009    -209938.656250
2010    -209939.562500
2011    -209940.437500
2012    -209941.250000
2013    -209942.218750
2014    -209943.140625
2015    -209944.031250
2016    -209944.906250
2017    -209945.750000
2018    -209946.609375
2019    -209947.515625
2020    -209948.390625
2021    -209949.281250
2022    -209950.156250
2023    -209950.984375
2024    -209951.718750
2025    -209952.640625
2026    -209953.515625
2027    -209954.390625
2028    -209955.250000
2029    -209956.125000
2030    -209956.875000
2031    -209957.687500
2032    -209958.562500
2033    -209959.421875
2034    -209960.281250
2035    -209961.140625
2036    -209962.031250
2037    -209962.781250
2038    -209963.625000
2039    -209964.468750
2040    -209965.296875
2041    -209966.187500
2042    -209966.906250
2043    -209967.750000
2044    -209968.671875
2045    -209969.531250
2046    -209970.296875
2047    -209971.156250
2048    -209971.937500
2049    -209972.812500
2050    -209973.656250
2051    -209974.531250
2052    -209975.375000
2053    -209976.156250
2054    -209976.968750
2055    -209977.796875
2056    -209978.593750
2057    -209979.406250
2058    -209980.265625
2059    -209981.031250
2060    -209981.875000
2061    -209982.750000
2062    -209983.484375
2063    -209984.343750
2064    -209985.093750
2065    -209985.921875
2066    -209986.718750
2067    -209987.437500
2068    -209988.250000
2069    -209989.125000
2070    -209989.781250
2071    -209990.562500
2072    -209991.375000
2073    -209992.187500
2074    -209992.890625
2075    -209993.687500
2076    -209994.484375
2077    -209995.343750
2078    -209996.031250
2079    -209996.812500
2080    -209997.593750
2081    -209998.343750
2082    -209999.187500
2083    -209999.937500
2084    -210000.640625
2085    -210001.437500
2086    -210002.218750
2087    -210002.984375
2088    -210003.750000
2089    -210004.578125
2090    -210005.281250
2091    -210005.968750
2092    -210006.843750
2093    -210007.593750
2094    -210008.281250
2095    -210009.125000
2096    -210009.812500
2097    -210010.656250
2098    -210011.296875
2099    -210012.140625
2100    -210012.875000
2101    -210013.640625
2102    -210014.328125
2103    -210015.062500
2104    -210015.796875
2105    -210016.546875
2106    -210017.359375
2107    -210018.109375
2108    -210018.750000
2109    -210019.578125
2110    -210020.296875
2111    -210021.093750
2112    -210021.875000
2113    -210022.500000
2114    -210023.328125
2115    -210023.984375
2116    -210024.750000
2117    -210025.578125
2118    -210026.281250
2119    -210027.093750
2120    -210027.812500
2121    -210028.546875
2122    -210029.390625
2123    -210030.125000
2124    -210030.812500
2125    -210031.609375
2126    -210032.406250
2127    -210033.093750
2128    -210033.921875
2129    -210034.593750
2130    -210035.421875
2131    -210036.140625
2132    -210036.781250
2133    -210037.640625
2134    -210038.468750
2135    -210039.187500
2136    -210039.968750
2137    -210040.750000
2138    -210041.437500
2139    -210042.250000
2140    -210043.062500
2141    -210043.890625
2142    -210044.687500
2143    -210045.390625
2144    -210046.140625
2145    -210046.937500
2146    -210047.656250
2147    -210048.421875
2148    -210049.296875
2149    -210050.062500
2150    -210050.875000
2151    -210051.593750
2152    -210052.468750
2153    -210053.234375
2154    -210053.859375
2155    -210054.687500
2156    -210055.531250
2157    -210056.343750
2158    -210057.093750
2159    -210057.921875
2160    -210058.671875
2161    -210059.484375
2162    -210060.390625
2163    -210061.031250
2164    -210061.812500
2165    -210062.781250
2166    -210063.562500
2167    -210064.375000
2168    -210065.250000
2169    -210066.046875
2170    -210066.906250
2171    -210067.687500
2172    -210068.515625
2173    -210069.265625
2174    -210070.187500
2175    -210071.000000
2176    -210071.828125
2177    -210072.656250
2178    -210073.531250
2179    -210074.328125
2180    -210075.156250
2181    -210076.046875
2182    -210076.906250
2183    -210077.750000
2184    -210078.562500
2185    -210079.375000
2186    -210080.281250
2187    -210081.125000
2188    -210081.953125
2189    -210082.906250
2190    -210083.656250
2191    -210084.562500
2192    -210085.500000
2193    -210086.296875
2194    -210087.250000
2195    -210088.156250
2196    -210088.953125
2197    -210089.875000
2198    -210090.718750
2199    -210091.703125
2200    -210092.625000
2201    -210093.437500
2202    -210094.250000
2203    -210095.171875
2204    -210096.125000
2205    -210097.000000
2206    -210097.859375
2207    -210098.843750
2208    -210099.750000
2209    -210100.562500
2210    -210101.562500
2211    -210102.468750
2212    -210103.359375
2213    -210104.406250
2214    -210105.328125
2215    -210106.078125
2216    -210107.062500
2217    -210108.000000
2218    -210109.000000
2219    -210109.968750
2220    -210110.843750
2221    -210111.843750
2222    -210112.718750
2223    -210113.828125
2224    -210114.734375
2225    -210115.640625
2226    -210116.718750
2227    -210117.593750
2228    -210118.671875
2229    -210119.625000
2230    -210120.531250
2231    -210121.578125
2232    -210122.515625
2233    -210123.578125
2234    -210124.484375
2235    -210125.531250
2236    -210126.531250
2237    -210127.515625
2238    -210128.593750
2239    -210129.593750
2240    -210130.625000
2241    -210131.531250
2242    -210132.593750
2243    -210133.703125
2244    -210134.750000
2245    -210135.750000
2246    -210136.750000
2247    -210137.843750
2248    -210138.906250
2249    -210139.906250
2250    -210141.000000
2251    -210142.031250
2252    -210143.140625
2253    -210144.125000
2254    -210145.359375
2255    -210146.406250
2256    -210147.406250
2257    -210148.562500
2258    -210149.578125
2259    -210150.640625
2260    -210151.796875
2261    -210152.812500
2262    -210153.812500
2263    -210155.000000
2264    -210156.031250
2265    -210157.234375
2266    -210158.265625
2267    -210159.500000
2268    -210160.578125
2269    -210161.718750
2270    -210162.843750
2271    -210164.000000
2272    -210165.125000
2273    -210166.250000
2274    -210167.375000
2275    -210168.437500
2276    -210169.578125
2277    -210170.781250
2278    -210171.843750
2279    -210173.062500
2280    -210174.187500
2281    -210175.312500
2282    -210176.531250
2283    -210177.718750
2284    -210178.812500
2285    -210179.968750
2286    -210181.125000
2287    -210182.203125
2288    -210183.468750
2289    -210184.468750
2290    -210185.703125
2291    -210186.937500
2292    -210188.125000
2293    -210189.312500
2294    -210190.468750
2295    -210191.687500
2296    -210192.828125
2297    -210193.937500
2298    -210195.187500
2299    -210196.390625
2300    -210197.546875
2301    -210198.656250
2302    -210199.843750
2303    -210201.000000
2304    -210202.156250
2305    -210203.359375
2306    -210204.500000
2307    -210205.796875
2308    -210206.890625
2309    -210208.015625
2310    -210209.250000
2311    -210210.375000
2312    -210211.656250
2313    -210212.812500
2314    -210214.062500
2315    -210215.187500
2316    -210216.359375
2317    -210217.468750
2318    -210218.718750
2319    -210219.953125
2320    -210221.125000
2321    -210222.296875
2322    -210223.484375
2323    -210224.750000
2324    -210225.828125
2325    -210227.062500
2326    -210228.218750
2327    -210229.375000
2328    -210230.687500
2329    -210231.843750
2330    -210232.890625
2331    -210234.156250
2332    -210235.343750
2333    -210236.562500
2334    -210237.718750
2335    -210238.828125
2336    -210239.968750
2337    -210241.218750
2338    -210242.328125
2339    -210243.500000
2340    -210244.625000
2341    -210245.906250
2342    -210247.046875
2343    -210248.250000
2344    -210249.281250
2345    -210250.531250
2346    -210251.750000
2347    -210252.843750
2348    -210254.109375
2349    -210255.171875
2350    -210256.437500
2351    -210257.500000
2352    -210258.625000
2353    -210259.812500
2354    -210261.031250
2355    -210262.109375
2356    -210263.328125
2357    -210264.468750
2358    -210265.593750
2359    -210266.718750
2360    -210267.968750
2361    -210269.125000
2362    -210270.156250
2363    -210271.390625
2364    -210272.390625
2365    -210273.500000
2366    -210274.656250
2367    -210275.875000
2368    -210276.984375
2369    -210277.984375
2370    -210279.156250
2371    -210280.187500
2372    -210281.312500
2373    -210282.453125
2374    -210283.546875
2375    -210284.718750
2376    -210285.843750
2377    -210286.890625
2378    -210287.953125
2379    -210289.125000
2380    -210290.187500
2381    -210291.312500
2382    -210292.375000
2383    -210293.468750
2384    -210294.500000
2385    -210295.500000
2386    -210296.718750
2387    -210297.859375
2388    -210298.937500
2389    -210299.968750
2390    -210301.125000
2391    -210302.140625
2392    -210303.250000
2393    -210304.281250
2394    -210305.359375
2395    -210306.453125
2396    -210307.468750
2397    -210308.437500
2398    -210309.515625
2399    -210310.625000
2400    -210311.703125
2401    -210312.687500
2402    -210313.687500
2403    -210314.703125
2404    -210315.781250
2405    -210316.843750
2406    -210317.906250
2407    -210318.859375
2408    -210319.968750
2409    -210321.015625
2410    -210322.093750
2411    -210323.125000
2412    -210324.125000
2413    -210325.171875
2414    -210326.250000
2415    -210327.281250
2416    -210328.312500
2417    -210329.312500
2418    -210330.375000
2419    -210331.343750
2420    -210332.343750
2421    -210333.484375
2422    -210334.468750
2423    -210335.500000
2424    -210336.531250
2425    -210337.515625
2426    -210338.578125
2427    -210339.515625
2428    -210340.578125
2429    -210341.609375
2430    -210342.687500
2431    -210343.562500
2432    -210344.531250
2433    -210345.656250
2434    -210346.562500
2435    -210347.562500
2436    -210348.593750
2437    -210349.593750
2438    -210350.562500
2439    -210351.531250
2440    -210352.484375
2441    -210353.468750
2442    -210354.390625
2443    -210355.375000
2444    -210356.375000
2445    -210357.390625
2446    -210358.281250
2447    -210359.281250
2448    -210360.390625
2449    -210361.281250
2450    -210362.281250
2451    -210363.218750
2452    -210364.187500
2453    -210365.187500
2454    -210366.078125
2455    -210367.125000
2456    -210368.000000
2457    -210369.015625
2458    -210370.093750
2459    -210370.953125
2460    -210371.968750
2461    -210372.937500
2462    -210373.921875
2463    -210374.781250
2464    -210375.875000
2465    -210376.828125
2466    -210377.734375
2467    -210378.625000
2468    -210379.609375
2469    -210380.656250
2470    -210381.468750
2471    -210382.562500
2472    -210383.531250
2473    -210384.500000
2474    -210385.406250
2475    -210386.375000
2476    -210387.359375
2477    -210388.250000
2478    -210389.281250
2479    -210390.203125
2480    -210391.218750
2481    -210392.171875
2482    -210393.156250
2483    -210394.140625
2484    -210395.062500
2485    -210395.968750
2486    -210397.000000
2487    -210397.937500
2488    -210398.906250
2489    -210399.812500
2490    -210400.781250
2491    -210401.765625
2492    -210402.812500
2493    -210403.687500
2494    -210404.718750
2495    -210405.609375
2496    -210406.625000
2497    -210407.546875
2498    -210408.515625
2499    -210409.484375
2500    -210410.406250
2501    -210411.468750
2502    -210412.406250
2503    -210413.218750
2504    -210414.250000
2505    -210415.218750
2506    -210416.281250
2507    -210417.156250
2508    -210418.093750
2509    -210419.093750
2510    -210420.156250
2511    -210421.062500
2512    -210421.937500
2513    -210422.906250
2514    -210423.812500
2515    -210424.781250
2516    -210425.750000
2517    -210426.687500
2518    -210427.593750
2519    -210428.656250
2520    -210429.578125
2521    -210430.531250
2522    -210431.453125
2523    -210432.343750
2524    -210433.281250
2525    -210434.281250
2526    -210435.187500
2527    -210436.125000
2528    -210437.203125
2529    -210438.062500
2530    -210439.000000
2531    -210439.859375
2532    -210440.812500
2533    -210441.812500
2534    -210442.640625
2535    -210443.593750
2536    -210444.593750
2537    -210445.531250
2538    -210446.421875
2539    -210447.296875
2540    -210448.343750
2541    -210449.203125
2542    -210450.171875
2543    -210451.109375
2544    -210452.000000
2545    -210452.875000
2546    -210453.937500
2547    -210454.875000
2548    -210455.671875
2549    -210456.625000
2550    -210457.562500
2551    -210458.531250
2552    -210459.421875
2553    -210460.390625
2554    -210461.343750
2555    -210462.187500
2556    -210463.218750
2557    -210464.187500
2558    -210465.156250
2559    -210465.937500
2560    -210466.968750
2561    -210467.937500
2562    -210468.687500
2563    -210469.656250
2564    -210470.593750
2565    -210471.562500
2566    -210472.437500
2567    -210473.406250
2568    -210474.343750
2569    -210475.265625
2570    -210476.187500
2571    -210477.062500
2572    -210477.968750
2573    -210478.875000
2574    -210479.859375
2575    -210480.765625
2576    -210481.671875
2577    -210482.609375
2578    -210483.500000
2579    -210484.375000
2580    -210485.343750
2581    -210486.187500
2582    -210487.125000
2583    -210488.046875
2584    -210488.937500
2585    -210489.828125
2586    -210490.687500
2587    -210491.625000
2588    -210492.453125
2589    -210493.343750
2590    -210494.156250
2591    -210495.140625
2592    -210496.078125
2593    -210496.906250
2594    -210497.703125
2595    -210498.593750
2596    -210499.500000
2597    -210500.484375
2598    -210501.234375
2599    -210502.250000
2600    -210503.156250
2601    -210504.000000
2602    -210504.828125
2603    -210505.718750
2604    -210506.656250
2605    -210507.437500
2606    -210508.406250
2607    -210509.171875
2608    -210510.031250
2609    -210510.937500
2610    -210511.656250
2611    -210512.562500
2612    -210513.437500
2613    -210514.281250
2614    -210515.125000
2615    -210516.031250
2616    -210516.828125
2617    -210517.656250
2618    -210518.453125
2619    -210519.296875
2620    -210520.156250
2621    -210521.015625
2622    -210521.890625
2623    -210522.718750
2624    -210523.500000
2625    -210524.281250
2626    -210525.187500
2627    -210526.031250
2628    -210526.812500
2629    -210527.640625
2630    -210528.437500
2631    -210529.312500
2632    -210530.031250
2633    -210530.796875
2634    -210531.718750
2635    -210532.500000
2636    -210533.250000
2637    -210534.000000
2638    -210534.953125
2639    -210535.718750
2640    -210536.468750
2641    -210537.250000
2642    -210538.156250
2643    -210538.859375
2644    -210539.531250
2645    -210540.312500
2646    -210541.218750
2647    -210542.031250
2648    -210542.687500
2649    -210543.515625
2650    -210544.359375
2651    -210545.078125
2652    -210545.875000
2653    -210546.546875
2654    -210547.343750
2655    -210548.156250
2656    -210548.937500
2657    -210549.687500
2658    -210550.531250
2659    -210551.250000
2660    -210552.000000
2661    -210552.734375
2662    -210553.468750
2663    -210554.234375
2664    -210554.984375
2665    -210555.656250
2666    -210556.468750
2667    -210557.218750
2668    -210558.015625
2669    -210558.781250
2670    -210559.500000
2671    -210560.125000
2672    -210560.968750
2673    -210561.703125
2674    -210562.437500
2675    -210563.218750
2676    -210563.906250
2677    -210564.625000
2678    -210565.312500
2679    -210566.078125
2680    -210566.781250
2681    -210567.421875
2682    -210568.234375
2683    -210568.890625
2684    -210569.656250
2685    -210570.390625
2686    -210571.187500
2687    -210571.843750
2688    -210572.656250
2689    -210573.281250
2690    -210574.046875
2691    -210574.703125
2692    -210575.406250
2693    -210576.125000
2694    -210576.828125
2695    -210577.484375
2696    -210578.250000
2697    -210579.031250
2698    -210579.687500
2699    -210580.406250
2700    -210581.062500
2701    -210581.687500
2702    -210582.328125
2703    -210583.093750
2704    -210583.750000
2705    -210584.484375
2706    -210585.187500
2707    -210585.937500
2708    -210586.468750
2709    -210587.234375
2710    -210587.859375
2711    -210588.687500
2712    -210589.343750
2713    -210590.015625
2714    -210590.671875
2715    -210591.328125
2716    -210592.000000
2717    -210592.656250
2718    -210593.234375
2719    -210593.968750
2720    -210594.640625
2721    -210595.281250
2722    -210596.000000
2723    -210596.671875
2724    -210597.218750
2725    -210597.953125
2726    -210598.593750
2727    -210599.281250
2728    -210599.921875
2729    -210600.500000
2730    -210601.156250
2731    -210601.875000
2732    -210602.531250
2733    -210603.187500
2734    -210603.843750
2735    -210604.468750
2736    -210605.125000
2737    -210605.734375
2738    -210606.359375
2739    -210607.078125
2740    -210607.625000
2741    -210608.234375
2742    -210608.921875
2743    -210609.562500
2744    -210610.234375
2745    -210610.796875
2746    -210611.468750
2747    -210612.125000
2748    -210612.734375
2749    -210613.281250
2750    -210614.000000
2751    -210614.546875
2752    -210615.187500
2753    -210615.859375
2754    -210616.437500
2755    -210616.953125
2756    -210617.562500
2757    -210618.187500
2758    -210618.843750
2759    -210619.500000
2760    -210620.000000
2761    -210620.671875
2762    -210621.203125
2763    -210621.781250
2764    -210622.359375
2765    -210622.968750
2766    -210623.593750
2767    -210624.140625
2768    -210624.781250
2769    -210625.312500
2770    -210625.953125
2771    -210626.437500
2772    -210627.093750
2773    -210627.656250
2774    -210628.203125
2775    -210628.734375
2776    -210629.453125
2777    -210630.015625
2778    -210630.562500
2779    -210631.125000
2780    -210631.718750
2781    -210632.203125
2782    -210632.890625
2783    -210633.453125
2784    -210633.968750
2785    -210634.593750
2786    -210635.093750
2787    -210635.703125
2788    -210636.343750
2789    -210636.781250
2790    -210637.437500
2791    -210637.968750
2792    -210638.546875
2793    -210639.078125
2794    -210639.640625
2795    -210640.171875
2796    -210640.812500
2797    -210641.375000
2798    -210641.906250
2799    -210642.453125
2800    -210643.062500
2801    -210643.687500
2802    -210644.234375
2803    -210644.734375
2804    -210645.281250
2805    -210645.781250
2806    -210646.484375
2807    -210647.093750
2808    -210647.593750
2809    -210648.125000
2810    -210648.687500
2811    -210649.203125
2812    -210649.828125
2813    -210650.375000
2814    -210650.875000
2815    -210651.468750
2816    -210652.078125
2817    -210652.531250
2818    -210653.125000
2819    -210653.593750
2820    -210654.187500
2821    -210654.781250
2822    -210655.234375
2823    -210655.812500
2824    -210656.375000
2825    -210656.921875
2826    -210657.312500
2827    -210657.937500
2828    -210658.406250
2829    -210658.968750
2830    -210659.343750
2831    -210659.968750
2832    -210660.468750
2833    -210660.953125
2834    -210661.453125
2835    -210661.984375
2836    -210662.468750
2837    -210663.031250
2838    -210663.468750
2839    -210664.000000
2840    -210664.500000
2841    -210664.984375
2842    -210665.531250
2843    -210666.046875
2844    -210666.562500
2845    -210667.015625
2846    -210667.562500
2847    -210668.093750
2848    -210668.546875
2849    -210669.046875
2850    -210669.593750
2851    -210670.125000
2852    -210670.531250
2853    -210671.031250
2854    -210671.562500
2855    -210672.093750
2856    -210672.625000
2857    -210673.046875
2858    -210673.562500
2859    -210674.031250
2860    -210674.500000
2861    -210675.031250
2862    -210675.515625
2863    -210675.968750
2864    -210676.437500
2865    -210677.000000
2866    -210677.437500
2867    -210677.937500
2868    -210678.453125
2869    -210678.953125
2870    -210679.375000
2871    -210679.843750
2872    -210680.390625
2873    -210680.781250
2874    -210681.250000
2875    -210681.734375
2876    -210682.312500
2877    -210682.765625
2878    -210683.234375
2879    -210683.687500
2880    -210684.156250
2881    -210684.656250
2882    -210685.140625
2883    -210685.609375
2884    -210686.125000
2885    -210686.609375
2886    -210687.046875
2887    -210687.546875
2888    -210688.046875
2889    -210688.515625
2890    -210688.968750
2891    -210689.468750
2892    -210689.937500
2893    -210690.406250
2894    -210690.906250
2895    -210691.328125
2896    -210691.859375
2897    -210692.234375
2898    -210692.843750
2899    -210693.250000
2900    -210693.671875
2901    -210694.218750
2902    -210694.625000
2903    -210695.171875
2904    -210695.562500
2905    -210696.093750
2906    -210696.500000
2907    -210696.984375
2908    -210697.453125
2909    -210697.875000
2910    -210698.406250
2911    -210698.781250
2912    -210699.375000
2913    -210699.812500
2914    -210700.156250
2915    -210700.750000
2916    -210701.218750
2917    -210701.687500
2918    -210702.187500
2919    -210702.593750
2920    -210703.031250
2921    -210703.500000
2922    -210703.875000
2923    -210704.468750
2924    -210704.921875
2925    -210705.421875
2926    -210705.843750
2927    -210706.375000
2928    -210706.875000
2929    -210707.265625
2930    -210707.750000
2931    -210708.250000
2932    -210708.593750
2933    -210709.125000
2934    -210709.609375
2935    -210709.953125
2936    -210710.421875
2937    -210710.875000
2938    -210711.406250
2939    -210711.781250
2940    -210712.312500
2941    -210712.843750
2942    -210713.078125
2943    -210713.625000
2944    -210714.093750
2945    -210714.562500
2946    -210714.984375
2947    -210715.390625
2948    -210715.859375
2949    -210716.343750
2950    -210716.765625
2951    -210717.281250
2952    -210717.718750
2953    -210718.187500
2954    -210718.656250
2955    -210719.031250
2956    -210719.468750
2957    -210719.984375
2958    -210720.375000
2959    -210720.921875
2960    -210721.328125
2961    -210721.765625
2962    -210722.281250
2963    -210722.656250
2964    -210723.125000
2965    -210723.593750
2966    -210724.078125
2967    -210724.500000
2968    -210725.031250
2969    -210725.484375
2970    -210725.921875
2971    -210726.375000
2972    -210726.843750
2973    -210727.281250
2974    -210727.843750
2975    -210728.187500
2976    -210728.640625
2977    -210729.093750
2978    -210729.562500
2979    -210729.968750
2980    -210730.500000
2981    -210730.968750
2982    -210731.343750
2983    -210731.843750
2984    -210732.312500
2985    -210732.750000
2986    -210733.187500
2987    -210733.687500
2988    -210734.093750
2989    -210734.593750
2990    -210735.125000
2991    -210735.578125
2992    -210735.906250
2993    -210736.531250
2994    -210736.937500
2995    -210737.375000
2996    -210737.921875
2997    -210738.312500
2998    -210738.781250
2999    -210739.312500
3000    -210739.734375
3001    -210740.187500
3002    -210740.562500
3003    -210741.078125
3004    -210741.593750
3005    -210742.031250
3006    -210742.531250
3007    -210742.953125
3008    -210743.437500
3009    -210743.812500
3010    -210744.406250
3011    -210744.796875
3012    -210745.343750
3013    -210745.750000
3014    -210746.281250
3015    -210746.750000
3016    -210747.265625
3017    -210747.781250
3018    -210748.250000
3019    -210748.703125
3020    -210749.250000
3021    -210749.546875
3022    -210750.156250
3023    -210750.640625
3024    -210751.078125
3025    -210751.562500
3026    -210751.968750
3027    -210752.531250
3028    -210753.093750
3029    -210753.578125
3030    -210754.140625
3031    -210754.578125
3032    -210755.046875
3033    -210755.531250
3034    -210756.125000
3035    -210756.593750
3036    -210757.109375
3037    -210757.562500
3038    -210758.078125
3039    -210758.578125
3040    -210759.156250
3041    -210759.531250
3042    -210760.093750
3043    -210760.578125
3044    -210761.093750
3045    -210761.562500
3046    -210762.187500
3047    -210762.656250
3048    -210763.156250
3049    -210763.796875
3050    -210764.187500
3051    -210764.781250
3052    -210765.250000
3053    -210765.812500
3054    -210766.218750
3055    -210766.875000
3056    -210767.437500
3057    -210767.875000
3058    -210768.406250
3059    -210769.031250
3060    -210769.515625
3061    -210770.093750
3062    -210770.484375
3063    -210771.078125
3064    -210771.656250
3065    -210772.093750
3066    -210772.718750
3067    -210773.265625
3068    -210773.781250
3069    -210774.375000
3070    -210774.812500
3071    -210775.468750
3072    -210775.906250
3073    -210776.562500
3074    -210777.031250
3075    -210777.578125
3076    -210778.187500
3077    -210778.671875
3078    -210779.218750
3079    -210779.843750
3080    -210780.343750
3081    -210780.906250
3082    -210781.437500
3083    -210782.046875
3084    -210782.578125
3085    -210783.125000
3086    -210783.687500
3087    -210784.281250
3088    -210784.828125
3089    -210785.359375
3090    -210785.968750
3091    -210786.531250
3092    -210786.937500
3093    -210787.593750
3094    -210788.187500
3095    -210788.687500
3096    -210789.281250
3097    -210789.890625
3098    -210790.468750
3099    -210791.000000
3100    -210791.593750
3101    -210792.125000
3102    -210792.718750
3103    -210793.343750
3104    -210793.968750
3105    -210794.468750
3106    -210795.000000
3107    -210795.640625
3108    -210796.171875
3109    -210796.671875
3110    -210797.281250
3111    -210797.734375
3112    -210798.437500
3113    -210798.937500
3114    -210799.578125
3115    -210800.156250
3116    -210800.703125
3117    -210801.281250
3118    -210801.875000
3119    -210802.421875
3120    -210803.000000
3121    -210803.609375
3122    -210804.093750
3123    -210804.718750
3124    -210805.250000
3125    -210805.875000
3126    -210806.500000
3127    -210806.906250
3128    -210807.500000
3129    -210808.031250
3130    -210808.625000
3131    -210809.250000
3132    -210809.718750
3133    -210810.375000
3134    -210810.875000
3135    -210811.437500
3136    -210811.984375
3137    -210812.500000
3138    -210813.046875
3139    -210813.562500
3140    -210814.187500
3141    -210814.718750
3142    -210815.296875
3143    -210815.812500
3144    -210816.437500
3145    -210817.078125
3146    -210817.593750
3147    -210818.093750
3148    -210818.656250
3149    -210819.187500
3150    -210819.828125
3151    -210820.468750
3152    -210820.968750
3153    -210821.500000
3154    -210821.968750
3155    -210822.531250
3156    -210823.140625
3157    -210823.812500
3158    -210824.312500
3159    -210824.906250
3160    -210825.437500
3161    -210826.000000
3162    -210826.625000
3163    -210827.250000
3164    -210827.812500
3165    -210828.375000
3166    -210828.953125
3167    -210829.578125
3168    -210830.093750
3169    -210830.640625
3170    -210831.218750
3171    -210831.687500
3172    -210832.390625
3173    -210832.875000
3174    -210833.562500
3175    -210834.140625
3176    -210834.750000
3177    -210835.250000
3178    -210835.843750
3179    -210836.375000
3180    -210837.031250
3181    -210837.593750
3182    -210838.187500
3183    -210838.718750
3184    -210839.375000
3185    -210839.906250
3186    -210840.453125
3187    -210841.062500
3188    -210841.734375
3189    -210842.250000
3190    -210842.921875
3191    -210843.406250
3192    -210843.984375
3193    -210844.531250
3194    -210845.203125
3195    -210845.750000
3196    -210846.359375
3197    -210846.984375
3198    -210847.500000
3199    -210848.171875
3200    -210848.765625
3201    -210849.312500
3202    -210849.968750
3203    -210850.359375
3204    -210851.062500
3205    -210851.562500
3206    -210852.187500
3207    -210852.828125
3208    -210853.390625
3209    -210853.937500
3210    -210854.609375
3211    -210855.093750
3212    -210855.750000
3213    -210856.312500
3214    -210856.937500
3215    -210857.468750
3216    -210858.046875
3217    -210858.718750
3218    -210859.218750
3219    -210859.812500
3220    -210860.343750
3221    -210861.000000
3222    -210861.515625
3223    -210862.234375
3224    -210862.656250
3225    -210863.218750
3226    -210863.859375
3227    -210864.531250
3228    -210865.031250
3229    -210865.656250
3230    -210866.281250
3231    -210866.718750
3232    -210867.312500
3233    -210867.968750
3234    -210868.500000
3235    -210869.125000
3236    -210869.687500
3237    -210870.281250
3238    -210870.765625
3239    -210871.375000
3240    -210871.921875
3241    -210872.562500
3242    -210873.250000
3243    -210873.687500
3244    -210874.250000
3245    -210874.890625
3246    -210875.375000
3247    -210875.921875
3248    -210876.593750
3249    -210877.140625
3250    -210877.718750
3251    -210878.312500
3252    -210878.937500
3253    -210879.453125
3254    -210880.046875
3255    -210880.468750
3256    -210881.031250
3257    -210881.640625
3258    -210882.125000
3259    -210882.828125
3260    -210883.250000
3261    -210883.906250
3262    -210884.406250
3263    -210884.859375
3264    -210885.406250
3265    -210886.000000
3266    -210886.671875
3267    -210887.093750
3268    -210887.718750
3269    -210888.156250
3270    -210888.671875
3271    -210889.312500
3272    -210889.812500
3273    -210890.343750
3274    -210890.859375
3275    -210891.437500
3276    -210891.921875
3277    -210892.515625
3278    -210893.000000
3279    -210893.531250
3280    -210894.093750
3281    -210894.578125
3282    -210895.125000
3283    -210895.687500
3284    -210896.250000
3285    -210896.796875
3286    -210897.312500
3287    -210897.859375
3288    -210898.359375
3289    -210898.812500
3290    -210899.343750
3291    -210899.859375
3292    -210900.421875
3293    -210900.937500
3294    -210901.390625
3295    -210901.937500
3296    -210902.468750
3297    -210902.968750
3298    -210903.406250
3299    -210904.093750
3300    -210904.500000
3301    -210905.062500
3302    -210905.546875
3303    -210906.062500
3304    -210906.593750
3305    -210907.062500
3306    -210907.671875
3307    -210908.015625
3308    -210908.562500
3309    -210909.093750
3310    -210909.546875
3311    -210910.093750
3312    -210910.562500
3313    -210911.109375
3314    -210911.640625
3315    -210912.140625
3316    -210912.593750
3317    -210913.000000
3318    -210913.625000
3319    -210914.187500
3320    -210914.593750
3321    -210915.140625
3322    -210915.656250
3323    -210916.125000
3324    -210916.656250
3325    -210917.125000
3326    -210917.640625
3327    -210918.187500
3328    -210918.781250
3329    -210919.218750
3330    -210919.718750
3331    -210920.203125
3332    -210920.703125
3333    -210921.156250
3334    -210921.718750
3335    -210922.265625
3336    -210922.718750
3337    -210923.250000
3338    -210923.718750
3339    -210924.203125
3340    -210924.781250
3341    -210925.234375
3342    -210925.796875
3343    -210926.281250
3344    -210926.812500
3345    -210927.265625
3346    -210927.718750
3347    -210928.250000
3348    -210928.750000
3349    -210929.265625
3350    -210929.796875
3351    -210930.218750
3352    -210930.718750
3353    -210931.250000
3354    -210931.765625
3355    -210932.296875
3356    -210932.718750
3357    -210933.250000
3358    -210933.656250
3359    -210934.171875
3360    -210934.718750
3361    -210935.218750
3362    -210935.687500
3363    -210936.203125
3364    -210936.687500
3365    -210937.296875
3366    -210937.718750
3367    -210938.234375
3368    -210938.625000
3369    -210939.218750
3370    -210939.718750
3371    -210940.234375
3372    -210940.703125
3373    -210941.093750
3374    -210941.656250
3375    -210942.125000
3376    -210942.656250
3377    -210943.109375
3378    -210943.656250
3379    -210944.109375
3380    -210944.593750
3381    -210945.187500
3382    -210945.625000
3383    -210946.031250
3384    -210946.656250
3385    -210947.062500
3386    -210947.531250
3387    -210948.062500
3388    -210948.609375
3389    -210949.046875
3390    -210949.656250
3391    -210950.062500
3392    -210950.500000
3393    -210951.062500
3394    -210951.468750
3395    -210952.031250
3396    -210952.531250
3397    -210953.031250
3398    -210953.468750
3399    -210954.031250
3400    -210954.453125
3401    -210955.062500
3402    -210955.500000
3403    -210955.906250
3404    -210956.484375
3405    -210957.000000
3406    -210957.421875
3407    -210957.906250
3408    -210958.375000
3409    -210958.937500
3410    -210959.375000
3411    -210959.843750
3412    -210960.343750
3413    -210960.781250
3414    -210961.312500
3415    -210961.781250
3416    -210962.250000
3417    -210962.734375
3418    -210963.125000
3419    -210963.625000
3420    -210964.234375
3421    -210964.640625
3422    -210965.156250
3423    -210965.625000
3424    -210966.078125
3425    -210966.593750
3426    -210966.984375
3427    -210967.437500
3428    -210967.953125
3429    -210968.500000
3430    -210968.921875
3431    -210969.390625
3432    -210969.843750
3433    -210970.343750
3434    -210970.781250
3435    -210971.234375
3436    -210971.718750
3437    -210972.140625
3438    -210972.625000
3439    -210973.093750
3440    -210973.687500
3441    -210974.062500
3442    -210974.546875
3443    -210975.062500
3444    -210975.453125
3445    -210975.937500
3446    -210976.484375
3447    -210976.906250
3448    -210977.281250
3449    -210977.875000
3450    -210978.312500
3451    -210978.750000
3452    -210979.250000
3453    -210979.671875
3454    -210980.218750
3455    -210980.593750
3456    -210981.078125
3457    -210981.578125
3458    -210982.062500
3459    -210982.468750
3460    -210982.984375
3461    -210983.421875
3462    -210983.906250
3463    -210984.390625
3464    -210984.687500
3465    -210985.296875
3466    -210985.812500
3467    -210986.281250
3468    -210986.625000
3469    -210987.140625
3470    -210987.625000
3471    -210988.031250
3472    -210988.578125
3473    -210988.953125
3474    -210989.437500
3475    -210989.968750
3476    -210990.406250
3477    -210990.906250
3478    -210991.343750
3479    -210991.718750
3480    -210992.250000
3481    -210992.687500
3482    -210993.218750
3483    -210993.687500
3484    -210994.125000
3485    -210994.703125
3486    -210995.062500
3487    -210995.546875
3488    -210996.062500
3489    -210996.468750
3490    -210996.906250
3491    -210997.468750
3492    -210997.906250
3493    -210998.343750
3494    -210998.859375
3495    -210999.359375
3496    -210999.781250
3497    -211000.265625
3498    -211000.750000
3499    -211001.250000
3500    -211001.718750
3501    -211002.125000
3502    -211002.562500
3503    -211003.062500
3504    -211003.562500
3505    -211004.031250
3506    -211004.500000
3507    -211005.015625
3508    -211005.437500
3509    -211006.000000
3510    -211006.437500
3511    -211006.921875
3512    -211007.343750
3513    -211007.906250
3514    -211008.312500
3515    -211008.859375
3516    -211009.406250
3517    -211009.812500
3518    -211010.296875
3519    -211010.781250
3520    -211011.312500
3521    -211011.796875
3522    -211012.250000
3523    -211012.734375
3524    -211013.171875
3525    -211013.687500
3526    -211014.203125
3527    -211014.765625
3528    -211015.250000
3529    -211015.750000
3530    -211016.156250
3531    -211016.656250
3532    -211017.078125
3533    -211017.562500
3534    -211018.062500
3535    -211018.562500
3536    -211019.093750
3537    -211019.578125
3538    -211020.125000
3539    -211020.593750
3540    -211021.125000
3541    -211021.562500
3542    -211022.062500
3543    -211022.453125
3544    -211023.062500
3545    -211023.515625
3546    -211023.968750
3547    -211024.406250
3548    -211024.875000
3549    -211025.500000
3550    -211025.921875
3551    -211026.406250
3552    -211026.843750
3553    -211027.359375
3554    -211027.921875
3555    -211028.406250
3556    -211028.812500
3557    -211029.312500
3558    -211029.765625
3559    -211030.328125
3560    -211030.890625
3561    -211031.328125
3562    -211031.781250
3563    -211032.343750
3564    -211032.859375
3565    -211033.375000
3566    -211033.765625
3567    -211034.343750
3568    -211034.875000
3569    -211035.406250
3570    -211035.859375
3571    -211036.406250
3572    -211036.859375
3573    -211037.453125
3574    -211037.859375
3575    -211038.406250
3576    -211038.875000
3577    -211039.437500
3578    -211039.875000
3579    -211040.468750
3580    -211040.953125
3581    -211041.406250
3582    -211042.031250
3583    -211042.468750
3584    -211042.984375
3585    -211043.578125
3586    -211044.062500
3587    -211044.531250
3588    -211045.093750
3589    -211045.546875
3590    -211046.140625
3591    -211046.718750
3592    -211047.156250
3593    -211047.718750
3594    -211048.218750
3595    -211048.750000
3596    -211049.390625
3597    -211049.890625
3598    -211050.484375
3599    -211050.906250
3600    -211051.500000
3601    -211052.062500
3602    -211052.562500
3603    -211053.187500
3604    -211053.656250
3605    -211054.218750
3606    -211054.796875
3607    -211055.296875
3608    -211055.781250
3609    -211056.375000
3610    -211056.984375
3611    -211057.500000
3612    -211058.031250
3613    -211058.656250
3614    -211059.187500
3615    -211059.781250
3616    -211060.250000
3617    -211060.812500
3618    -211061.437500
3619    -211062.000000
3620    -211062.562500
3621    -211063.156250
3622    -211063.765625
3623    -211064.343750
3624    -211064.875000
3625    -211065.468750
3626    -211066.093750
3627    -211066.625000
3628    -211067.218750
3629    -211067.812500
3630    -211068.406250
3631    -211068.984375
3632    -211069.656250
3633    -211070.218750
3634    -211070.765625
3635    -211071.468750
3636    -211072.062500
3637    -211072.562500
3638    -211073.250000
3639    -211073.828125
3640    -211074.437500
3641    -211075.031250
3642    -211075.640625
3643    -211076.281250
3644    -211076.937500
3645    -211077.531250
3646    -211078.109375
3647    -211078.781250
3648    -211079.343750
3649    -211080.000000
3650    -211080.625000
3651    -211081.218750
3652    -211081.859375
3653    -211082.562500
3654    -211083.187500
3655    -211083.750000
3656    -211084.406250
3657    -211085.125000
3658    -211085.656250
3659    -211086.343750
3660    -211086.968750
3661    -211087.609375
3662    -211088.281250
3663    -211088.906250
3664    -211089.593750
3665    -211090.187500
3666    -211090.906250
3667    -211091.500000
3668    -211092.156250
3669    -211092.812500
3670    -211093.468750
3671    -211094.125000
3672    -211094.781250
3673    -211095.500000
3674    -211096.140625
3675    -211096.765625
3676    -211097.484375
3677    -211098.156250
3678    -211098.750000
3679    -211099.406250
3680    -211100.156250
3681    -211100.812500
3682    -211101.484375
3683    -211102.093750
3684    -211102.781250
3685    -211103.421875
3686    -211104.093750
3687    -211104.734375
3688    -211105.421875
3689    -211106.125000
3690    -211106.750000
3691    -211107.500000
3692    -211108.031250
3693    -211108.750000
3694    -211109.406250
3695    -211110.062500
3696    -211110.734375
3697    -211111.468750
3698    -211112.125000
3699    -211112.781250
3700    -211113.375000
3701    -211114.046875
3702    -211114.734375
3703    -211115.390625
3704    -211116.109375
3705    -211116.687500
3706    -211117.343750
3707    -211118.000000
3708    -211118.671875
3709    -211119.406250
3710    -211120.046875
3711    -211120.625000
3712    -211121.343750
3713    -211121.937500
3714    -211122.562500
3715    -211123.281250
3716    -211123.953125
3717    -211124.531250
3718    -211125.250000
3719    -211125.921875
3720    -211126.625000
3721    -211127.156250
3722    -211127.781250
3723    -211128.484375
3724    -211129.125000
3725    -211129.796875
3726    -211130.468750
3727    -211131.031250
3728    -211131.687500
3729    -211132.343750
3730    -211133.000000
3731    -211133.671875
3732    -211134.250000
3733    -211134.875000
3734    -211135.531250
3735    -211136.156250
3736    -211136.812500
3737    -211137.453125
3738    -211138.093750
3739    -211138.750000
3740    -211139.406250
3741    -211139.984375
3742    -211140.640625
3743    -211141.312500
3744    -211141.953125
3745    -211142.562500
3746    -211143.203125
3747    -211143.781250
3748    -211144.390625
3749    -211145.109375
3750    -211145.656250
3751    -211146.312500
3752    -211147.000000
3753    -211147.593750
3754    -211148.187500
3755    -211148.781250
3756    -211149.421875
3757    -211150.031250
3758    -211150.625000
3759    -211151.250000
3760    -211151.875000
3761    -211152.500000
3762    -211153.093750
3763    -211153.687500
3764    -211154.312500
3765    -211154.906250
3766    -211155.531250
3767    -211156.140625
3768    -211156.750000
3769    -211157.359375
3770    -211157.937500
3771    -211158.515625
3772    -211159.125000
3773    -211159.750000
3774    -211160.375000
3775    -211160.921875
3776    -211161.562500
3777    -211162.187500
3778    -211162.734375
3779    -211163.343750
3780    -211163.953125
3781    -211164.562500
3782    -211165.140625
3783    -211165.703125
3784    -211166.281250
3785    -211166.859375
3786    -211167.500000
3787    -211168.062500
3788    -211168.703125
3789    -211169.234375
3790    -211169.843750
3791    -211170.421875
3792    -211170.968750
3793    -211171.500000
3794    -211172.156250
3795    -211172.750000
3796    -211173.296875
3797    -211173.906250
3798    -211174.500000
3799    -211175.000000
3800    -211175.562500
3801    -211176.234375
3802    -211176.734375
3803    -211177.312500
3804    -211177.890625
3805    -211178.468750
3806    -211179.000000
3807    -211179.562500
3808    -211180.125000
3809    -211180.656250
3810    -211181.171875
3811    -211181.875000
3812    -211182.375000
3813    -211182.890625
3814    -211183.437500
3815    -211184.046875
3816    -211184.593750
3817    -211185.125000
3818    -211185.656250
3819    -211186.156250
3820    -211186.718750
3821    -211187.281250
3822    -211187.843750
3823    -211188.343750
3824    -211188.843750
3825    -211189.484375
3826    -211190.000000
3827    -211190.531250
3828    -211191.062500
3829    -211191.609375
3830    -211192.187500
3831    -211192.656250
3832    -211193.187500
3833    -211193.703125
3834    -211194.250000
3835    -211194.812500
3836    -211195.343750
3837    -211195.843750
3838    -211196.281250
3839    -211196.875000
3840    -211197.406250
3841    -211197.906250
3842    -211198.531250
3843    -211199.015625
3844    -211199.531250
3845    -211200.000000
3846    -211200.531250
3847    -211201.031250
3848    -211201.625000
3849    -211202.031250
3850    -211202.578125
3851    -211203.125000
3852    -211203.625000
3853    -211204.109375
3854    -211204.593750
3855    -211205.125000
3856    -211205.593750
3857    -211206.125000
3858    -211206.656250
3859    -211207.093750
3860    -211207.593750
3861    -211208.062500
3862    -211208.593750
3863    -211208.968750
3864    -211209.500000
3865    -211209.890625
3866    -211210.375000
3867    -211210.812500
3868    -211211.281250
3869    -211211.750000
3870    -211212.218750
3871    -211212.656250
3872    -211213.125000
3873    -211213.562500
3874    -211214.000000
3875    -211214.484375
3876    -211214.937500
3877    -211215.312500
3878    -211215.765625
3879    -211216.250000
3880    -211216.656250
3881    -211217.125000
3882    -211217.531250
3883    -211218.031250
3884    -211218.437500
3885    -211218.906250
3886    -211219.296875
3887    -211219.750000
3888    -211220.171875
3889    -211220.625000
3890    -211221.000000
3891    -211221.468750
3892    -211221.843750
3893    -211222.312500
3894    -211222.750000
3895    -211223.171875
3896    -211223.593750
3897    -211223.984375
3898    -211224.484375
3899    -211224.828125
3900    -211225.281250
3901    -211225.734375
3902    -211226.093750
3903    -211226.484375
3904    -211226.906250
3905    -211227.296875
3906    -211227.656250
3907    -211228.078125
3908    -211228.453125
3909    -211228.843750
3910    -211229.250000
3911    -211229.656250
3912    -211229.984375
3913    -211230.453125
3914    -211230.828125
3915    -211231.171875
3916    -211231.625000
3917    -211231.937500
3918    -211232.343750
3919    -211232.750000
3920    -211233.093750
3921    -211233.437500
3922    -211233.812500
3923    -211234.218750
3924    -211234.531250
3925    -211234.937500
3926    -211235.312500
3927    -211235.687500
3928    -211236.093750
3929    -211236.390625
3930    -211236.750000
3931    -211237.109375
3932    -211237.500000
3933    -211237.875000
3934    -211238.156250
3935    -211238.531250
3936    -211238.937500
3937    -211239.203125
3938    -211239.609375
3939    -211239.968750
3940    -211240.359375
3941    -211240.703125
3942    -211240.968750
3943    -211241.390625
3944    -211241.625000
3945    -211242.062500
3946    -211242.375000
3947    -211242.640625
3948    -211243.031250
3949    -211243.375000
3950    -211243.687500
3951    -211244.000000
3952    -211244.343750
3953    -211244.656250
3954    -211245.062500
3955    -211245.343750
3956    -211245.718750
3957    -211246.093750
3958    -211246.375000
3959    -211246.750000
3960    -211247.109375
3961    -211247.390625
3962    -211247.750000
3963    -211248.031250
3964    -211248.359375
3965    -211248.750000
3966    -211249.125000
3967    -211249.406250
3968    -211249.781250
3969    -211250.062500
3970    -211250.500000
3971    -211250.812500
3972    -211251.156250
3973    -211251.500000
3974    -211251.812500
3975    -211252.093750
3976    -211252.531250
3977    -211252.906250
3978    -211253.187500
3979    -211253.468750
3980    -211253.843750
3981    -211254.171875
3982    -211254.468750
3983    -211254.828125
3984    -211255.187500
3985    -211255.500000
3986    -211255.812500
3987    -211256.171875
3988    -211256.562500
3989    -211256.828125
3990    -211257.203125
3991    -211257.531250
3992    -211257.843750
3993    -211258.250000
3994    -211258.609375
3995    -211258.843750
3996    -211259.250000
3997    -211259.593750
3998    -211259.906250
3999    -211260.312500
4000    -211260.625000
4001    -211260.968750
4002    -211261.250000
4003    -211261.671875
4004    -211261.937500
4005    -211262.343750
4006    -211262.687500
4007    -211263.062500
4008    -211263.375000
4009    -211263.703125
4010    -211264.046875
4011    -211264.437500
4012    -211264.796875
4013    -211265.125000
4014    -211265.500000
4015    -211265.843750
4016    -211266.187500
4017    -211266.500000
4018    -211266.843750
4019    -211267.187500
4020    -211267.546875
4021    -211267.968750
4022    -211268.328125
4023    -211268.640625
4024    -211268.984375
4025    -211269.359375
4026    -211269.687500
4027    -211270.000000
4028    -211270.359375
4029    -211270.812500
4030    -211271.156250
4031    -211271.453125
4032    -211271.750000
4033    -211272.109375
4034    -211272.484375
4035    -211272.875000
4036    -211273.218750
4037    -211273.593750
4038    -211273.906250
4039    -211274.265625
4040    -211274.609375
4041    -211274.984375
4042    -211275.250000
4043    -211275.687500
4044    -211276.046875
4045    -211276.390625
4046    -211276.750000
4047    -211277.125000
4048    -211277.406250
4049    -211277.796875
4050    -211278.218750
4051    -211278.546875
4052    -211278.890625
4053    -211279.234375
4054    -211279.593750
4055    -211279.968750
4056    -211280.281250
4057    -211280.593750
4058    -211281.015625
4059    -211281.375000
4060    -211281.781250
4061    -211282.046875
4062    -211282.468750
4063    -211282.812500
4064    -211283.187500
4065    -211283.531250
4066    -211283.875000
4067    -211284.218750
4068    -211284.625000
4069    -211284.968750
4070    -211285.281250
4071    -211285.656250
4072    -211286.046875
4073    -211286.406250
4074    -211286.750000
4075    -211287.062500
4076    -211287.468750
4077    -211287.781250
4078    -211288.156250
4079    -211288.562500
4080    -211288.890625
4081    -211289.203125
4082    -211289.593750
4083    -211289.875000
4084    -211290.281250
4085    -211290.593750
4086    -211290.968750
4087    -211291.343750
4088    -211291.656250
4089    -211292.062500
4090    -211292.406250
4091    -211292.750000
4092    -211293.125000
4093    -211293.421875
4094    -211293.781250
4095    -211294.125000
4096    -211294.468750
4097    -211294.843750
4098    -211295.250000
4099    -211295.593750
4100    -211295.937500
4101    -211296.328125
4102    -211296.625000
4103    -211297.031250
4104    -211297.312500
4105    -211297.687500
4106    -211298.140625
4107    -211298.468750
4108    -211298.812500
4109    -211299.171875
4110    -211299.562500
4111    -211299.859375
4112    -211300.218750
4113    -211300.609375
4114    -211300.937500
4115    -211301.281250
4116    -211301.625000
4117    -211302.000000
4118    -211302.265625
4119    -211302.687500
4120    -211303.062500
4121    -211303.390625
4122    -211303.750000
4123    -211304.093750
4124    -211304.468750
4125    -211304.796875
4126    -211305.187500
4127    -211305.515625
4128    -211305.890625
4129    -211306.187500
4130    -211306.515625
4131    -211306.906250
4132    -211307.250000
4133    -211307.593750
4134    -211307.937500
4135    -211308.281250
4136    -211308.609375
4137    -211308.937500
4138    -211309.281250
4139    -211309.671875
4140    -211310.000000
4141    -211310.343750
4142    -211310.687500
4143    -211311.031250
4144    -211311.390625
4145    -211311.734375
4146    -211312.078125
4147    -211312.406250
4148    -211312.765625
4149    -211313.109375
4150    -211313.437500
4151    -211313.812500
4152    -211314.125000
4153    -211314.484375
4154    -211314.875000
4155    -211315.218750
4156    -211315.562500
4157    -211315.875000
4158    -211316.234375
4159    -211316.593750
4160    -211316.968750
4161    -211317.281250
4162    -211317.656250
4163    -211317.968750
4164    -211318.375000
4165    -211318.750000
4166    -211319.062500
4167    -211319.421875
4168    -211319.750000
4169    -211320.125000
4170    -211320.437500
4171    -211320.843750
4172    -211321.187500
4173    -211321.531250
4174    -211321.875000
4175    -211322.265625
4176    -211322.562500
4177    -211322.921875
4178    -211323.328125
4179    -211323.640625
4180    -211324.000000
4181    -211324.375000
4182    -211324.718750
4183    -211325.078125
4184    -211325.390625
4185    -211325.781250
4186    -211326.140625
4187    -211326.531250
4188    -211326.828125
4189    -211327.187500
4190    -211327.562500
4191    -211327.937500
4192    -211328.250000
4193    -211328.656250
4194    -211328.968750
4195    -211329.281250
4196    -211329.625000
4197    -211330.000000
4198    -211330.343750
4199    -211330.687500
4200    -211331.062500
4201    -211331.406250
4202    -211331.750000
4203    -211332.140625
4204    -211332.500000
4205    -211332.843750
4206    -211333.171875
4207    -211333.500000
4208    -211333.875000
4209    -211334.250000
4210    -211334.593750
4211    -211334.937500
4212    -211335.312500
4213    -211335.656250
4214    -211335.984375
4215    -211336.343750
4216    -211336.703125
4217    -211337.078125
4218    -211337.453125
4219    -211337.812500
4220    -211338.156250
4221    -211338.500000
4222    -211338.812500
4223    -211339.218750
4224    -211339.578125
4225    -211339.937500
4226    -211340.250000
4227    -211340.609375
4228    -211340.984375
4229    -211341.359375
4230    -211341.656250
4231    -211342.046875
4232    -211342.375000
4233    -211342.718750
4234    -211343.125000
4235    -211343.437500
4236    -211343.796875
4237    -211344.156250
4238    -211344.515625
4239    -211344.859375
4240    -211345.218750
4241    -211345.562500
4242    -211345.953125
4243    -211346.281250
4244    -211346.656250
4245    -211347.031250
4246    -211347.312500
4247    -211347.687500
4248    -211348.015625
4249    -211348.343750
4250    -211348.718750
4251    -211349.062500
4252    -211349.406250
4253    -211349.750000
4254    -211350.046875
4255    -211350.406250
4256    -211350.765625
4257    -211351.046875
4258    -211351.375000
4259    -211351.718750
4260    -211352.046875
4261    -211352.375000
4262    -211352.687500
4263    -211353.000000
4264    -211353.375000
4265    -211353.671875
4266    -211354.015625
4267    -211354.375000
4268    -211354.671875
4269    -211354.968750
4270    -211355.328125
4271    -211355.625000
4272    -211355.968750
4273    -211356.281250
4274    -211356.609375
4275    -211356.890625
4276    -211357.250000
4277    -211357.562500
4278    -211357.875000
4279    -211358.156250
4280    -211358.531250
4281    -211358.828125
4282    -211359.156250
4283    -211359.484375
4284    -211359.812500
4285    -211360.156250
4286    -211360.437500
4287    -211360.750000
4288    -211361.062500
4289    -211361.375000
4290    -211361.703125
4291    -211362.031250
4292    -211362.312500
4293    -211362.625000
4294    -211362.937500
4295    -211363.281250
4296    -211363.562500
4297    -211363.859375
4298    -211364.171875
4299    -211364.500000
4300    -211364.750000
4301    -211365.109375
4302    -211365.406250
4303    -211365.671875
4304    -211365.984375
4305    -211366.343750
4306    -211366.625000
4307    -211366.921875
4308    -211367.218750
4309    -211367.562500
4310    -211367.781250
4311    -211368.125000
4312    -211368.421875
4313    -211368.687500
4314    -211368.953125
4315    -211369.296875
4316    -211369.609375
4317    -211369.906250
4318    -211370.156250
4319    -211370.453125
4320    -211370.734375
4321    -211371.031250
4322    -211371.265625
4323    -211371.593750
4324    -211371.875000
4325    -211372.187500
4326    -211372.437500
4327    -211372.718750
4328    -211372.984375
4329    -211373.265625
4330    -211373.578125
4331    -211373.843750
4332    -211374.078125
4333    -211374.343750
4334    -211374.609375
4335    -211374.875000
4336    -211375.156250
4337    -211375.390625
4338    -211375.703125
4339    -211375.953125
4340    -211376.218750
4341    -211376.500000
4342    -211376.718750
4343    -211376.984375
4344    -211377.281250
4345    -211377.546875
4346    -211377.812500
4347    -211378.062500
4348    -211378.343750
4349    -211378.562500
4350    -211378.828125
4351    -211379.078125
4352    -211379.281250
4353    -211379.593750
4354    -211379.812500
4355    -211380.093750
4356    -211380.312500
4357    -211380.609375
4358    -211380.875000
4359    -211381.093750
4360    -211381.312500
4361    -211381.531250
4362    -211381.812500
4363    -211382.093750
4364    -211382.312500
4365    -211382.562500
4366    -211382.750000
4367    -211383.015625
4368    -211383.250000
4369    -211383.500000
4370    -211383.781250
4371    -211383.968750
4372    -211384.218750
4373    -211384.421875
4374    -211384.703125
4375    -211384.921875
4376    -211385.140625
4377    -211385.406250
4378    -211385.609375
4379    -211385.859375
4380    -211386.093750
4381    -211386.312500
4382    -211386.562500
4383    -211386.750000
4384    -211386.984375
4385    -211387.250000
4386    -211387.421875
4387    -211387.671875
4388    -211387.906250
4389    -211388.187500
4390    -211388.312500
4391    -211388.578125
4392    -211388.828125
4393    -211389.000000
4394    -211389.234375
4395    -211389.484375
4396    -211389.671875
4397    -211389.968750
4398    -211390.156250
4399    -211390.312500
4400    -211390.562500
4401    -211390.765625
4402    -211391.031250
4403    -211391.218750
4404    -211391.437500
4405    -211391.703125
4406    -211391.875000
4407    -211392.093750
4408    -211392.312500
4409    -211392.531250
4410    -211392.718750
4411    -211392.953125
4412    -211393.140625
4413    -211393.328125
4414    -211393.593750
4415    -211393.750000
4416    -211394.000000
4417    -211394.187500
4418    -211394.343750
4419    -211394.546875
4420    -211394.781250
4421    -211394.984375
4422    -211395.187500
4423    -211395.390625
4424    -211395.578125
4425    -211395.812500
4426    -211395.968750
4427    -211396.156250
4428    -211396.343750
4429    -211396.562500
4430    -211396.750000
4431    -211396.937500
4432    -211397.156250
4433    -211397.312500
4434    -211397.500000
4435    -211397.687500
4436    -211397.875000
4437    -211398.125000
4438    -211398.281250
4439    -211398.468750
4440    -211398.656250
4441    -211398.843750
4442    -211399.046875
4443    -211399.218750
4444    -211399.406250
4445    -211399.593750
4446    -211399.812500
4447    -211399.968750
4448    -211400.156250
4449    -211400.359375
4450    -211400.562500
4451    -211400.734375
4452    -211400.875000
4453    -211401.046875
4454    -211401.265625
4455    -211401.421875
4456    -211401.625000
4457    -211401.812500
4458    -211401.968750
4459    -211402.187500
4460    -211402.375000
4461    -211402.562500
4462    -211402.703125
4463    -211402.906250
4464    -211403.109375
4465    -211403.187500
4466    -211403.359375
4467    -211403.546875
4468    -211403.703125
4469    -211403.890625
4470    -211404.109375
4471    -211404.312500
4472    -211404.437500
4473    -211404.593750
4474    -211404.750000
4475    -211404.937500
4476    -211405.125000
4477    -211405.296875
