Step            Loss
--------------------
1         108.117264
2          80.593781
3          53.072296
4          25.552475
5          -1.965195
6         -29.480804
7         -56.994690
8         -84.506638
9        -112.017120
10       -139.526657
11       -167.035492
12       -194.544342
13       -222.053848
14       -249.564789
15       -277.078003
16       -304.594238
17       -332.114624
18       -359.640015
19       -387.171509
20       -414.709961
21       -442.256531
22       -469.812317
23       -497.378296
24       -524.955627
25       -552.545288
26       -580.148315
27       -607.765869
28       -635.399048
29       -663.048828
30       -690.716431
31       -718.402954
32       -746.109253
33       -773.836792
34       -801.586548
35       -829.359497
36       -857.156860
37       -884.979736
38       -912.829224
39       -940.706360
40       -968.611938
41       -996.547546
42      -1024.513794
43      -1052.511841
44      -1080.542847
45      -1108.607544
46      -1136.707153
47      -1164.842529
48      -1193.014771
49      -1221.224854
50      -1249.473633
51      -1277.761963
52      -1306.091187
53      -1334.461792
54      -1362.875000
55      -1391.331543
56      -1419.832275
57      -1448.378174
58      -1476.969971
59      -1505.608643
60      -1534.294678
61      -1563.029419
62      -1591.812988
63      -1620.646729
64      -1649.531006
65      -1678.466553
66      -1707.454346
67      -1736.494629
68      -1765.588135
69      -1794.735840
70      -1823.937988
71      -1853.194946
72      -1882.507812
73      -1911.877075
74      -1941.302856
75      -1970.785767
76      -2000.326416
77      -2029.925293
78      -2059.582764
79      -2089.299316
80      -2119.075195
81      -2148.910645
82      -2178.806396
83      -2208.762695
84      -2238.780029
85      -2268.858154
86      -2298.997803
87      -2329.199219
88      -2359.462891
89      -2389.788818
90      -2420.176758
91      -2450.627930
92      -2481.141602
93      -2511.718262
94      -2542.358398
95      -2573.061768
96      -2603.829102
97      -2634.659668
98      -2665.554199
99      -2696.512451
100     -2727.534424
101     -2758.620117
102     -2789.770020
103     -2820.983887
104     -2852.261719
105     -2883.603516
106     -2915.009277
107     -2946.478516
108     -2978.011719
109     -3009.608887
110     -3041.269287
111     -3072.993164
112     -3104.780273
113     -3136.630615
114     -3168.543701
115     -3200.519531
116     -3232.557861
117     -3264.658691
118     -3296.821289
119     -3329.045410
120     -3361.331543
121     -3393.678223
122     -3426.085938
123     -3458.553467
124     -3491.081787
125     -3523.669678
126     -3556.316406
127     -3589.022217
128     -3621.786621
129     -3654.608398
130     -3687.488281
131     -3720.424561
132     -3753.417969
133     -3786.466309
134     -3819.570557
135     -3852.729248
136     -3885.942627
137     -3919.208984
138     -3952.528564
139     -3985.900391
140     -4019.323730
141     -4052.798340
142     -4086.322754
143     -4119.897461
144     -4153.520508
145     -4187.191895
146     -4220.910645
147     -4254.676270
148     -4288.487305
149     -4322.343262
150     -4356.244141
151     -4390.187500
152     -4424.174316
153     -4458.202148
154     -4492.271484
155     -4526.379883
156     -4560.528320
157     -4594.714844
158     -4628.938477
159     -4663.198242
160     -4697.494141
161     -4731.824219
162     -4766.187500
163     -4800.583984
164     -4835.011719
165     -4869.458984
166     -4903.931641
167     -4938.433594
168     -4972.962402
169     -5007.518555
170     -5042.099609
171     -5076.705566
172     -5111.334473
173     -5145.986328
174     -5180.659180
175     -5215.352539
176     -5250.064941
177     -5284.795410
178     -5319.543457
179     -5354.306641
180     -5389.078125
181     -5423.847656
182     -5458.630859
183     -5493.425781
184     -5528.230469
185     -5563.044922
186     -5597.868164
187     -5632.698242
188     -5667.534668
189     -5702.374512
190     -5737.203613
191     -5772.036133
192     -5806.869141
193     -5841.703125
194     -5876.537109
195     -5911.369141
196     -5946.198730
197     -5981.013672
198     -6015.823242
199     -6050.626953
200     -6085.423828
201     -6120.211914
202     -6154.991211
203     -6189.760254
204     -6224.510742
205     -6259.238281
206     -6293.930176
207     -6328.607422
208     -6363.269531
209     -6397.913086
210     -6432.525391
211     -6467.100586
212     -6501.656250
213     -6536.189453
214     -6570.701172
215     -6605.189453
216     -6639.653809
217     -6674.092773
218     -6708.504883
219     -6742.870117
220     -6777.197266
221     -6811.494141
222     -6845.761230
223     -6879.997070
224     -6914.200195
225     -6948.369141
226     -6982.504395
227     -7016.604492
228     -7050.667969
229     -7084.693359
230     -7118.680664
231     -7152.628906
232     -7186.537598
233     -7220.404297
234     -7254.229492
235     -7288.011719
236     -7321.749512
237     -7355.443359
238     -7389.091309
239     -7422.692383
240     -7456.247559
241     -7489.752930
242     -7523.209961
243     -7556.617676
244     -7589.973633
245     -7623.270508
246     -7656.508789
247     -7689.694336
248     -7722.826172
249     -7755.902344
250     -7788.920898
251     -7821.871094
252     -7854.765625
253     -7887.588379
254     -7920.339844
255     -7953.014648
256     -7985.615723
257     -8018.136719
258     -8050.585449
259     -8082.965332
260     -8115.266113
261     -8147.503418
262     -8179.662109
263     -8211.742188
264     -8243.750977
265     -8275.685547
266     -8307.553711
267     -8339.354492
268     -8371.074219
269     -8402.724609
270     -8434.307617
271     -8465.820312
272     -8497.263672
273     -8528.636719
274     -8559.937500
275     -8591.167969
276     -8622.325195
277     -8653.410156
278     -8684.421875
279     -8715.360352
280     -8746.224609
281     -8777.014648
282     -8807.730469
283     -8838.320312
284     -8868.832031
285     -8899.261719
286     -8929.588867
287     -8959.837891
288     -8990.010742
289     -9020.105469
290     -9050.121094
291     -9080.058594
292     -9109.917969
293     -9139.687500
294     -9169.360352
295     -9198.933594
296     -9228.396484
297     -9257.773438
298     -9287.070312
299     -9316.287109
300     -9345.421875
301     -9374.476562
302     -9403.447266
303     -9432.336914
304     -9461.140625
305     -9489.830078
306     -9518.430664
307     -9546.940430
308     -9575.341797
309     -9603.623047
310     -9631.812500
311     -9659.908203
312     -9687.916016
313     -9715.837891
314     -9743.664062
315     -9771.392578
316     -9799.007812
317     -9826.518555
318     -9853.939453
319     -9881.265625
320     -9908.507812
321     -9935.654297
322     -9962.695312
323     -9989.621094
324     -10016.447266
325     -10043.185547
326     -10069.836914
327     -10096.403320
328     -10122.871094
329     -10149.239258
330     -10175.505859
331     -10201.671875
332     -10227.746094
333     -10253.713867
334     -10279.574219
335     -10305.322266
336     -10330.970703
337     -10356.461914
338     -10381.840820
339     -10407.123047
340     -10432.306641
341     -10457.405273
342     -10482.412109
343     -10507.324219
344     -10532.134766
345     -10556.859375
346     -10581.497070
347     -10606.044922
348     -10630.478516
349     -10654.779297
350     -10678.967773
351     -10703.065430
352     -10727.050781
353     -10750.947266
354     -10774.744141
355     -10798.443359
356     -10822.057617
357     -10845.557617
358     -10868.945312
359     -10892.223633
360     -10915.373047
361     -10938.388672
362     -10961.281250
363     -10984.083008
364     -11006.802734
365     -11029.439453
366     -11051.980469
367     -11074.427734
368     -11096.763672
369     -11118.998047
370     -11141.148438
371     -11163.199219
372     -11185.148438
373     -11206.947266
374     -11228.641602
375     -11250.233398
376     -11271.691406
377     -11293.035156
378     -11314.277344
379     -11335.377930
380     -11356.375977
381     -11377.237305
382     -11397.996094
383     -11418.639648
384     -11439.188477
385     -11459.660156
386     -11480.054688
387     -11500.341797
388     -11520.508789
389     -11540.572266
390     -11560.482422
391     -11580.309570
392     -11600.062500
393     -11619.734375
394     -11639.296875
395     -11658.724609
396     -11678.061523
397     -11697.301758
398     -11716.447266
399     -11735.494141
400     -11754.391602
401     -11773.164062
402     -11791.839844
403     -11810.431641
404     -11828.882812
405     -11847.232422
406     -11865.500977
407     -11883.675781
408     -11901.742188
409     -11919.715820
410     -11937.571289
411     -11955.322266
412     -11972.987305
413     -11990.552734
414     -12008.022461
415     -12025.359375
416     -12042.618164
417     -12059.797852
418     -12076.802734
419     -12093.699219
420     -12110.505859
421     -12127.205078
422     -12143.767578
423     -12160.217773
424     -12176.558594
425     -12192.837891
426     -12209.042969
427     -12225.102539
428     -12241.047852
429     -12256.884766
430     -12272.637695
431     -12288.326172
432     -12303.925781
433     -12319.436523
434     -12334.880859
435     -12350.265625
436     -12365.556641
437     -12380.722656
438     -12395.794922
439     -12410.759766
440     -12425.547852
441     -12440.211914
442     -12454.778320
443     -12469.238281
444     -12483.590820
445     -12497.859375
446     -12512.056641
447     -12526.175781
448     -12540.212891
449     -12554.164062
450     -12568.055664
451     -12581.884766
452     -12595.646484
453     -12609.306641
454     -12622.887695
455     -12636.416016
456     -12649.854492
457     -12663.208984
458     -12676.462891
459     -12689.652344
460     -12702.757812
461     -12715.777344
462     -12728.713867
463     -12741.533203
464     -12754.271484
465     -12766.901367
466     -12779.415039
467     -12791.844727
468     -12804.200195
469     -12816.441406
470     -12828.625977
471     -12840.761719
472     -12852.820312
473     -12864.754883
474     -12876.610352
475     -12888.386719
476     -12900.056641
477     -12911.651367
478     -12923.199219
479     -12934.694336
480     -12946.091797
481     -12957.369141
482     -12968.566406
483     -12979.703125
484     -12990.715820
485     -13001.626953
486     -13012.488281
487     -13023.291992
488     -13033.960938
489     -13044.568359
490     -13055.115234
491     -13065.577148
492     -13075.957031
493     -13086.287109
494     -13096.554688
495     -13106.698242
496     -13116.722656
497     -13126.638672
498     -13136.512695
499     -13146.314453
500     -13156.038086
501     -13165.707031
502     -13175.306641
503     -13184.852539
504     -13194.355469
505     -13203.804688
506     -13213.199219
507     -13222.529297
508     -13231.772461
509     -13240.951172
510     -13250.046875
511     -13259.105469
512     -13268.130859
513     -13277.115234
514     -13286.031250
515     -13294.902344
516     -13303.732422
517     -13312.500000
518     -13321.191406
519     -13329.816406
520     -13338.332031
521     -13346.800781
522     -13355.154297
523     -13363.430664
524     -13371.664062
525     -13379.833984
526     -13387.939453
527     -13395.997070
528     -13404.000000
529     -13411.942383
530     -13419.816406
531     -13427.650391
532     -13435.417969
533     -13443.142578
534     -13450.828125
535     -13458.456055
536     -13465.984375
537     -13473.460938
538     -13480.886719
539     -13488.265625
540     -13495.568359
541     -13502.822266
542     -13510.007812
543     -13517.126953
544     -13524.205078
545     -13531.214844
546     -13538.154297
547     -13545.034180
548     -13551.822266
549     -13558.513672
550     -13565.116211
551     -13571.691406
552     -13578.228516
553     -13584.732422
554     -13591.189453
555     -13597.570312
556     -13603.844727
557     -13610.058594
558     -13616.234375
559     -13622.353516
560     -13628.435547
561     -13634.458984
562     -13640.427734
563     -13646.354492
564     -13652.221680
565     -13658.037109
566     -13663.802734
567     -13669.529297
568     -13675.171875
569     -13680.757812
570     -13686.289062
571     -13691.750000
572     -13697.173828
573     -13702.546875
574     -13707.847656
575     -13713.093750
576     -13718.295898
577     -13723.435547
578     -13728.485352
579     -13733.480469
580     -13738.388672
581     -13743.224609
582     -13747.974609
583     -13752.693359
584     -13757.393555
585     -13762.056641
586     -13766.693359
587     -13771.316406
588     -13775.912109
589     -13780.472656
590     -13784.964844
591     -13789.427734
592     -13793.858398
593     -13798.254883
594     -13802.631836
595     -13806.988281
596     -13811.320312
597     -13815.603516
598     -13819.833008
599     -13824.007812
600     -13828.136719
601     -13832.203125
602     -13836.226562
603     -13840.193359
604     -13844.128906
605     -13848.041992
606     -13851.922852
607     -13855.778320
608     -13859.583984
609     -13863.312500
610     -13866.929688
611     -13870.507812
612     -13874.064453
613     -13877.605469
614     -13881.112305
615     -13884.570312
616     -13887.979492
617     -13891.367188
618     -13894.735352
619     -13898.082031
620     -13901.380859
621     -13904.660156
622     -13907.927734
623     -13911.169922
624     -13914.397461
625     -13917.606445
626     -13920.751953
627     -13923.819336
628     -13926.859375
629     -13929.878906
630     -13932.884766
631     -13935.874023
632     -13938.822266
633     -13941.759766
634     -13944.654297
635     -13947.519531
636     -13950.369141
637     -13953.156250
638     -13955.914062
639     -13958.663086
640     -13961.391602
641     -13964.095703
642     -13966.785156
643     -13969.464844
644     -13972.099609
645     -13974.677734
646     -13977.246094
647     -13979.802734
648     -13982.342773
649     -13984.863281
650     -13987.361328
651     -13989.833984
652     -13992.279297
653     -13994.707031
654     -13997.106445
655     -13999.456055
656     -14001.771484
657     -14004.064453
658     -14006.340820
659     -14008.600586
660     -14010.841797
661     -14013.068359
662     -14015.270508
663     -14017.438477
664     -14019.592773
665     -14021.718750
666     -14023.835938
667     -14025.947266
668     -14028.017578
669     -14030.046875
670     -14032.045898
671     -14034.019531
672     -14035.978516
673     -14037.910156
674     -14039.812500
675     -14041.707031
676     -14043.585938
677     -14045.423828
678     -14047.248047
679     -14049.065430
680     -14050.873047
681     -14052.669922
682     -14054.458984
683     -14056.234375
684     -14057.995117
685     -14059.744141
686     -14061.482422
687     -14063.190430
688     -14064.888672
689     -14066.574219
690     -14068.249023
691     -14069.914062
692     -14071.561523
693     -14073.188477
694     -14074.810547
695     -14076.429688
696     -14078.041016
697     -14079.626953
698     -14081.204102
699     -14082.767578
700     -14084.320312
701     -14085.861328
702     -14087.389648
703     -14088.914062
704     -14090.433594
705     -14091.942383
706     -14093.433594
707     -14094.898438
708     -14096.347656
709     -14097.781250
710     -14099.203125
711     -14100.614258
712     -14102.009766
713     -14103.397461
714     -14104.781250
715     -14106.158203
716     -14107.531250
717     -14108.888672
718     -14110.236328
719     -14111.576172
720     -14112.908203
721     -14114.239258
722     -14115.559570
723     -14116.872070
724     -14118.181641
725     -14119.486328
726     -14120.767578
727     -14122.014648
728     -14123.246094
729     -14124.472656
730     -14125.693359
731     -14126.908203
732     -14128.116211
733     -14129.322266
734     -14130.521484
735     -14131.712891
736     -14132.898438
737     -14134.077148
738     -14135.248047
739     -14136.416016
740     -14137.581055
741     -14138.743164
742     -14139.903320
743     -14141.052734
744     -14142.187500
745     -14143.316406
746     -14144.438477
747     -14145.549805
748     -14146.656250
749     -14147.761719
750     -14148.863281
751     -14149.960938
752     -14151.046875
753     -14152.122070
754     -14153.193359
755     -14154.258789
756     -14155.322266
757     -14156.382812
758     -14157.435547
759     -14158.476562
760     -14159.515625
761     -14160.548828
762     -14161.574219
763     -14162.597656
764     -14163.619141
765     -14164.638672
766     -14165.652344
767     -14166.663086
768     -14167.658203
769     -14168.638672
770     -14169.613281
771     -14170.583984
772     -14171.551758
773     -14172.513672
774     -14173.462891
775     -14174.399414
776     -14175.329102
777     -14176.255859
778     -14177.179688
779     -14178.093750
780     -14179.003906
781     -14179.906250
782     -14180.806641
783     -14181.707031
784     -14182.601562
785     -14183.492188
786     -14184.380859
787     -14185.265625
788     -14186.144531
789     -14187.017578
790     -14187.879883
791     -14188.736328
792     -14189.587891
793     -14190.431641
794     -14191.264648
795     -14192.085938
796     -14192.895508
797     -14193.702148
798     -14194.507812
799     -14195.311523
800     -14196.110352
801     -14196.907227
802     -14197.703125
803     -14198.498047
804     -14199.291016
805     -14200.074219
806     -14200.851562
807     -14201.627930
808     -14202.402344
809     -14203.173828
810     -14203.937500
811     -14204.687500
812     -14205.433594
813     -14206.167969
814     -14206.898438
815     -14207.623047
816     -14208.345703
817     -14209.068359
818     -14209.788086
819     -14210.498047
820     -14211.203125
821     -14211.897461
822     -14212.589844
823     -14213.279297
824     -14213.966797
825     -14214.650391
826     -14215.333984
827     -14216.011719
828     -14216.687500
829     -14217.357422
830     -14218.011719
831     -14218.666016
832     -14219.319336
833     -14219.970703
834     -14220.622070
835     -14221.271484
836     -14221.916016
837     -14222.560547
838     -14223.204102
839     -14223.845703
840     -14224.487305
841     -14225.124023
842     -14225.754883
843     -14226.385742
844     -14227.015625
845     -14227.642578
846     -14228.264648
847     -14228.880859
848     -14229.495117
849     -14230.109375
850     -14230.722656
851     -14231.333984
852     -14231.945312
853     -14232.546875
854     -14233.149414
855     -14233.749023
856     -14234.349609
857     -14234.945312
858     -14235.531250
859     -14236.115234
860     -14236.688477
861     -14237.251953
862     -14237.802734
863     -14238.351562
864     -14238.889648
865     -14239.423828
866     -14239.950195
867     -14240.474609
868     -14240.993164
869     -14241.510742
870     -14242.026367
871     -14242.535156
872     -14243.040039
873     -14243.541016
874     -14244.039062
875     -14244.533203
876     -14245.029297
877     -14245.521484
878     -14246.011719
879     -14246.498047
880     -14246.984375
881     -14247.468750
882     -14247.952148
883     -14248.436523
884     -14248.917969
885     -14249.398438
886     -14249.876953
887     -14250.355469
888     -14250.832031
889     -14251.306641
890     -14251.781250
891     -14252.253906
892     -14252.723633
893     -14253.192383
894     -14253.660156
895     -14254.125000
896     -14254.588867
897     -14255.051758
898     -14255.514648
899     -14255.974609
900     -14256.431641
901     -14256.886719
902     -14257.335938
903     -14257.783203
904     -14258.224609
905     -14258.664062
906     -14259.103516
907     -14259.542969
908     -14259.980469
909     -14260.416016
910     -14260.849609
911     -14261.281250
912     -14261.713867
913     -14262.144531
914     -14262.576172
915     -14263.007812
916     -14263.436523
917     -14263.865234
918     -14264.293945
919     -14264.722656
920     -14265.148438
921     -14265.574219
922     -14266.000000
923     -14266.421875
924     -14266.838867
925     -14267.253906
926     -14267.669922
927     -14268.083984
928     -14268.490234
929     -14268.893555
930     -14269.296875
931     -14269.697266
932     -14270.096680
933     -14270.492188
934     -14270.886719
935     -14271.281250
936     -14271.674805
937     -14272.065430
938     -14272.451172
939     -14272.839844
940     -14273.225586
941     -14273.611328
942     -14273.997070
943     -14274.382812
944     -14274.763672
945     -14275.142578
946     -14275.521484
947     -14275.898438
948     -14276.274414
949     -14276.648438
950     -14277.023438
951     -14277.396484
952     -14277.768555
953     -14278.140625
954     -14278.512695
955     -14278.882812
956     -14279.251953
957     -14279.619141
958     -14279.986328
959     -14280.347656
960     -14280.708984
961     -14281.070312
962     -14281.428711
963     -14281.785156
964     -14282.142578
965     -14282.498047
966     -14282.851562
967     -14283.205078
968     -14283.556641
969     -14283.908203
970     -14284.260742
971     -14284.612305
972     -14284.962891
973     -14285.312500
974     -14285.662109
975     -14286.011719
976     -14286.361328
977     -14286.703125
978     -14287.044922
979     -14287.384766
980     -14287.720703
981     -14288.050781
982     -14288.381836
983     -14288.709961
984     -14289.037109
985     -14289.362305
986     -14289.685547
987     -14290.003906
988     -14290.318359
989     -14290.631836
990     -14290.945312
991     -14291.258789
992     -14291.572266
993     -14291.884766
994     -14292.197266
995     -14292.509766
996     -14292.820312
997     -14293.128906
998     -14293.435547
999     -14293.741211
1000    -14294.044922
1001    -14294.347656
1002    -14294.650391
1003    -14294.952148
1004    -14295.251953
1005    -14295.546875
1006    -14295.841797
1007    -14296.136719
1008    -14296.429688
1009    -14296.720703
1010    -14297.011719
1011    -14297.300781
1012    -14297.590820
1013    -14297.879883
1014    -14298.167969
1015    -14298.457031
1016    -14298.745117
1017    -14299.032227
1018    -14299.318359
1019    -14299.601562
1020    -14299.882812
1021    -14300.163086
1022    -14300.443359
1023    -14300.722656
1024    -14301.001953
1025    -14301.281250
1026    -14301.559570
1027    -14301.836914
1028    -14302.115234
1029    -14302.390625
1030    -14302.666016
1031    -14302.941406
1032    -14303.214844
1033    -14303.489258
1034    -14303.761719
1035    -14304.031250
1036    -14304.299805
1037    -14304.568359
1038    -14304.835938
1039    -14305.103516
1040    -14305.371094
1041    -14305.636719
1042    -14305.903320
1043    -14306.167969
1044    -14306.433594
1045    -14306.698242
1046    -14306.962891
1047    -14307.226562
1048    -14307.488281
1049    -14307.746094
1050    -14308.005859
1051    -14308.262695
1052    -14308.519531
1053    -14308.777344
1054    -14309.034180
1055    -14309.290039
1056    -14309.545898
1057    -14309.800781
1058    -14310.055664
1059    -14310.310547
1060    -14310.564453
1061    -14310.818359
1062    -14311.072266
1063    -14311.324219
1064    -14311.576172
1065    -14311.826172
1066    -14312.074219
1067    -14312.323242
1068    -14312.570312
1069    -14312.817383
1070    -14313.064453
1071    -14313.308594
1072    -14313.552734
1073    -14313.794922
1074    -14314.036133
1075    -14314.278320
1076    -14314.519531
1077    -14314.759766
1078    -14315.000000
1079    -14315.240234
1080    -14315.478516
1081    -14315.716797
1082    -14315.954102
1083    -14316.192383
1084    -14316.427734
1085    -14316.662109
1086    -14316.895508
1087    -14317.128906
1088    -14317.361328
1089    -14317.591797
1090    -14317.824219
1091    -14318.056641
1092    -14318.286133
1093    -14318.517578
1094    -14318.748047
1095    -14318.977539
1096    -14319.206055
1097    -14319.435547
1098    -14319.664062
1099    -14319.890625
1100    -14320.119141
1101    -14320.345703
1102    -14320.572266
1103    -14320.794922
1104    -14321.017578
1105    -14321.240234
1106    -14321.460938
1107    -14321.683594
1108    -14321.903320
1109    -14322.121094
1110    -14322.339844
1111    -14322.556641
1112    -14322.771484
1113    -14322.988281
1114    -14323.201172
1115    -14323.416016
1116    -14323.629883
1117    -14323.843750
1118    -14324.055664
1119    -14324.265625
1120    -14324.474609
1121    -14324.683594
1122    -14324.892578
1123    -14325.099609
1124    -14325.308594
1125    -14325.513672
1126    -14325.716797
1127    -14325.917969
1128    -14326.119141
1129    -14326.318359
1130    -14326.519531
1131    -14326.718750
1132    -14326.917969
1133    -14327.116211
1134    -14327.315430
1135    -14327.512695
1136    -14327.709961
1137    -14327.906250
1138    -14328.101562
1139    -14328.297852
1140    -14328.488281
1141    -14328.674805
1142    -14328.861328
1143    -14329.047852
1144    -14329.232422
1145    -14329.417969
1146    -14329.601562
1147    -14329.781250
1148    -14329.954102
1149    -14330.128906
1150    -14330.301758
1151    -14330.474609
1152    -14330.647461
1153    -14330.818359
1154    -14330.988281
1155    -14331.156250
1156    -14331.325195
1157    -14331.493164
1158    -14331.660156
1159    -14331.828125
1160    -14331.994141
1161    -14332.162109
1162    -14332.328125
1163    -14332.494141
1164    -14332.659180
1165    -14332.824219
1166    -14332.988281
1167    -14333.152344
1168    -14333.316406
1169    -14333.479492
1170    -14333.642578
1171    -14333.804688
1172    -14333.966797
1173    -14334.128906
1174    -14334.291016
1175    -14334.451172
1176    -14334.612305
1177    -14334.773438
1178    -14334.933594
1179    -14335.092773
1180    -14335.251953
1181    -14335.410156
1182    -14335.569336
1183    -14335.726562
1184    -14335.884766
1185    -14336.041992
1186    -14336.199219
1187    -14336.355469
1188    -14336.511719
1189    -14336.666992
1190    -14336.822266
1191    -14336.977539
1192    -14337.132812
1193    -14337.287109
1194    -14337.441406
1195    -14337.594727
1196    -14337.748047
1197    -14337.900391
1198    -14338.052734
1199    -14338.205078
1200    -14338.356445
1201    -14338.507812
1202    -14338.660156
1203    -14338.809570
1204    -14338.958984
1205    -14339.105469
1206    -14339.252930
1207    -14339.400391
1208    -14339.545898
1209    -14339.691406
1210    -14339.835938
1211    -14339.981445
1212    -14340.126953
1213    -14340.270508
1214    -14340.414062
1215    -14340.558594
1216    -14340.701172
1217    -14340.844727
1218    -14340.986328
1219    -14341.129883
1220    -14341.271484
1221    -14341.413086
1222    -14341.554688
1223    -14341.695312
1224    -14341.836914
1225    -14341.976562
1226    -14342.117188
1227    -14342.255859
1228    -14342.395508
1229    -14342.535156
1230    -14342.671875
1231    -14342.808594
1232    -14342.945312
1233    -14343.081055
1234    -14343.216797
1235    -14343.352539
1236    -14343.487305
1237    -14343.623047
1238    -14343.756836
1239    -14343.891602
1240    -14344.025391
1241    -14344.158203
1242    -14344.291992
1243    -14344.425781
1244    -14344.558594
1245    -14344.691406
1246    -14344.824219
1247    -14344.955078
1248    -14345.087891
1249    -14345.219727
1250    -14345.349609
1251    -14345.482422
1252    -14345.611328
1253    -14345.740234
1254    -14345.868164
1255    -14345.995117
1256    -14346.123047
1257    -14346.250000
1258    -14346.377930
1259    -14346.503906
1260    -14346.630859
1261    -14346.756836
1262    -14346.882812
1263    -14347.009766
1264    -14347.134766
1265    -14347.259766
1266    -14347.382812
1267    -14347.503906
1268    -14347.625000
1269    -14347.746094
1270    -14347.867188
1271    -14347.988281
1272    -14348.109375
1273    -14348.228516
1274    -14348.349609
1275    -14348.470703
1276    -14348.589844
1277    -14348.709961
1278    -14348.829102
1279    -14348.949219
1280    -14349.068359
1281    -14349.187500
1282    -14349.305664
1283    -14349.425781
1284    -14349.543945
1285    -14349.662109
1286    -14349.781250
1287    -14349.898438
1288    -14350.015625
1289    -14350.134766
1290    -14350.251953
1291    -14350.369141
1292    -14350.487305
1293    -14350.603516
1294    -14350.720703
1295    -14350.838867
1296    -14350.956055
1297    -14351.072266
1298    -14351.189453
1299    -14351.305664
1300    -14351.421875
1301    -14351.537109
1302    -14351.645508
1303    -14351.753906
1304    -14351.861328
1305    -14351.969727
1306    -14352.077148
1307    -14352.183594
1308    -14352.291992
1309    -14352.399414
1310    -14352.507812
1311    -14352.614258
1312    -14352.721680
1313    -14352.828125
1314    -14352.933594
1315    -14353.039062
1316    -14353.144531
1317    -14353.249023
1318    -14353.353516
1319    -14353.458984
1320    -14353.563477
1321    -14353.667969
1322    -14353.773438
1323    -14353.877930
1324    -14353.982422
1325    -14354.087891
1326    -14354.192383
1327    -14354.295898
1328    -14354.400391
1329    -14354.505859
1330    -14354.609375
1331    -14354.714844
1332    -14354.818359
1333    -14354.921875
1334    -14355.027344
1335    -14355.130859
1336    -14355.234375
1337    -14355.339844
1338    -14355.443359
1339    -14355.542969
1340    -14355.636719
1341    -14355.732422
1342    -14355.827148
1343    -14355.921875
1344    -14356.017578
1345    -14356.111328
1346    -14356.207031
1347    -14356.302734
1348    -14356.397461
1349    -14356.493164
1350    -14356.587891
1351    -14356.683594
1352    -14356.781250
1353    -14356.875000
1354    -14356.970703
1355    -14357.064453
1356    -14357.158203
1357    -14357.251953
1358    -14357.345703
1359    -14357.439453
1360    -14357.534180
1361    -14357.628906
1362    -14357.722656
1363    -14357.817383
1364    -14357.912109
1365    -14358.005859
1366    -14358.101562
1367    -14358.197266
1368    -14358.291992
1369    -14358.386719
1370    -14358.482422
1371    -14358.578125
1372    -14358.672852
1373    -14358.769531
1374    -14358.865234
1375    -14358.960938
1376    -14359.056641
1377    -14359.152344
1378    -14359.249023
1379    -14359.345703
1380    -14359.442383
1381    -14359.539062
1382    -14359.634766
1383    -14359.724609
1384    -14359.816406
1385    -14359.906250
1386    -14359.998047
1387    -14360.087891
1388    -14360.179688
1389    -14360.271484
1390    -14360.362305
1391    -14360.454102
1392    -14360.546875
1393    -14360.638672
1394    -14360.730469
1395    -14360.824219
1396    -14360.916016
1397    -14361.009766
1398    -14361.101562
1399    -14361.196289
1400    -14361.289062
1401    -14361.382812
1402    -14361.477539
1403    -14361.570312
1404    -14361.666016
1405    -14361.761719
1406    -14361.855469
1407    -14361.950195
1408    -14362.046875
1409    -14362.141602
1410    -14362.238281
1411    -14362.333984
1412    -14362.430664
1413    -14362.527344
1414    -14362.623047
1415    -14362.720703
1416    -14362.818359
1417    -14362.916016
1418    -14363.013672
1419    -14363.111328
1420    -14363.210938
1421    -14363.309570
1422    -14363.408203
1423    -14363.507812
1424    -14363.607422
1425    -14363.707031
1426    -14363.807617
1427    -14363.907227
1428    -14364.008789
1429    -14364.109375
1430    -14364.210938
1431    -14364.312500
1432    -14364.412109
1433    -14364.512695
1434    -14364.614258
1435    -14364.714844
1436    -14364.816406
1437    -14364.917969
1438    -14365.019531
1439    -14365.123047
1440    -14365.224609
1441    -14365.327148
1442    -14365.431641
1443    -14365.535156
1444    -14365.638672
1445    -14365.744141
1446    -14365.847656
1447    -14365.953125
1448    -14366.058594
1449    -14366.164062
1450    -14366.271484
1451    -14366.376953
1452    -14366.484375
1453    -14366.591797
1454    -14366.700195
1455    -14366.807617
1456    -14366.916016
1457    -14367.025391
1458    -14367.133789
1459    -14367.244141
1460    -14367.353516
1461    -14367.464844
1462    -14367.576172
1463    -14367.687500
1464    -14367.797852
1465    -14367.910156
1466    -14368.023438
1467    -14368.136719
1468    -14368.250000
1469    -14368.364258
1470    -14368.478516
1471    -14368.592773
1472    -14368.707031
1473    -14368.824219
1474    -14368.939453
1475    -14369.056641
1476    -14369.173828
1477    -14369.291016
1478    -14369.408203
1479    -14369.526367
1480    -14369.645508
1481    -14369.764648
1482    -14369.884766
1483    -14370.004883
1484    -14370.125000
1485    -14370.246094
1486    -14370.367188
1487    -14370.490234
1488    -14370.611328
1489    -14370.734375
1490    -14370.859375
1491    -14370.981445
1492    -14371.104492
1493    -14371.228516
1494    -14371.352539
1495    -14371.476562
1496    -14371.601562
1497    -14371.726562
1498    -14371.851562
1499    -14371.978516
1500    -14372.105469
1501    -14372.232422
1502    -14372.359375
1503    -14372.488281
1504    -14372.615234
1505    -14372.745117
1506    -14372.874023
1507    -14373.003906
1508    -14373.133789
1509    -14373.263672
1510    -14373.394531
1511    -14373.525391
1512    -14373.657227
1513    -14373.790039
1514    -14373.921875
1515    -14374.055664
1516    -14374.187500
1517    -14374.322266
1518    -14374.456055
1519    -14374.589844
1520    -14374.724609
1521    -14374.859375
1522    -14374.995117
1523    -14375.128906
1524    -14375.263672
1525    -14375.398438
1526    -14375.534180
1527    -14375.669922
1528    -14375.806641
1529    -14375.941406
1530    -14376.078125
1531    -14376.214844
1532    -14376.351562
1533    -14376.489258
1534    -14376.625977
1535    -14376.761719
1536    -14376.896484
1537    -14377.031250
1538    -14377.166016
1539    -14377.302734
1540    -14377.437500
1541    -14377.574219
1542    -14377.708984
1543    -14377.844727
1544    -14377.981445
1545    -14378.117188
1546    -14378.253906
1547    -14378.390625
1548    -14378.527344
1549    -14378.664062
1550    -14378.800781
1551    -14378.937500
1552    -14379.074219
1553    -14379.210938
1554    -14379.347656
1555    -14379.485352
1556    -14379.622070
1557    -14379.759766
1558    -14379.896484
1559    -14380.033203
1560    -14380.169922
1561    -14380.307617
1562    -14380.445312
1563    -14380.582031
1564    -14380.718750
1565    -14380.856445
1566    -14380.993164
1567    -14381.129883
1568    -14381.266602
1569    -14381.403320
1570    -14381.541016
1571    -14381.676758
1572    -14381.814453
1573    -14381.949219
1574    -14382.086914
1575    -14382.222656
1576    -14382.359375
1577    -14382.495117
1578    -14382.630859
1579    -14382.767578
1580    -14382.902344
1581    -14383.039062
1582    -14383.173828
1583    -14383.308594
1584    -14383.444336
1585    -14383.580078
1586    -14383.713867
1587    -14383.849609
1588    -14383.983398
1589    -14384.119141
1590    -14384.251953
1591    -14384.386719
1592    -14384.521484
1593    -14384.655273
1594    -14384.789062
1595    -14384.921875
1596    -14385.054688
1597    -14385.187500
1598    -14385.321289
1599    -14385.454102
1600    -14385.585938
1601    -14385.718750
1602    -14385.851562
1603    -14385.982422
1604    -14386.114258
1605    -14386.246094
1606    -14386.376953
1607    -14386.507812
1608    -14386.638672
1609    -14386.769531
1610    -14386.900391
1611    -14387.030273
1612    -14387.160156
1613    -14387.289062
1614    -14387.418945
1615    -14387.546875
1616    -14387.675781
1617    -14387.802734
1618    -14387.931641
1619    -14388.055664
1620    -14388.180664
1621    -14388.304688
1622    -14388.429688
1623    -14388.552734
1624    -14388.677734
1625    -14388.800781
1626    -14388.923828
1627    -14389.046875
1628    -14389.169922
1629    -14389.292969
1630    -14389.414062
1631    -14389.535156
1632    -14389.656250
1633    -14389.776367
1634    -14389.896484
1635    -14390.015625
1636    -14390.136719
1637    -14390.255859
1638    -14390.375000
1639    -14390.492188
1640    -14390.611328
1641    -14390.730469
1642    -14390.847656
1643    -14390.964844
1644    -14391.083984
1645    -14391.201172
1646    -14391.317383
1647    -14391.434570
1648    -14391.550781
1649    -14391.666016
1650    -14391.783203
1651    -14391.898438
1652    -14392.013672
1653    -14392.128906
1654    -14392.244141
1655    -14392.358398
1656    -14392.472656
1657    -14392.586914
1658    -14392.701172
1659    -14392.814453
1660    -14392.927734
1661    -14393.040039
1662    -14393.152344
1663    -14393.265625
1664    -14393.377930
1665    -14393.490234
1666    -14393.601562
1667    -14393.712891
1668    -14393.823242
1669    -14393.933594
1670    -14394.043945
1671    -14394.152344
1672    -14394.260742
1673    -14394.369141
1674    -14394.475586
1675    -14394.582031
1676    -14394.688477
1677    -14394.794922
1678    -14394.900391
1679    -14395.004883
1680    -14395.111328
1681    -14395.214844
1682    -14395.320312
1683    -14395.423828
1684    -14395.529297
1685    -14395.631836
1686    -14395.735352
1687    -14395.838867
1688    -14395.941406
1689    -14396.044922
1690    -14396.148438
1691    -14396.249023
1692    -14396.351562
1693    -14396.453125
1694    -14396.554688
1695    -14396.657227
1696    -14396.757812
1697    -14396.858398
1698    -14396.958984
1699    -14397.059570
1700    -14397.160156
1701    -14397.259766
1702    -14397.359375
1703    -14397.458984
1704    -14397.558594
1705    -14397.657227
1706    -14397.755859
1707    -14397.854492
1708    -14397.953125
1709    -14398.050781
1710    -14398.148438
1711    -14398.246094
1712    -14398.343750
1713    -14398.441406
1714    -14398.537109
1715    -14398.634766
1716    -14398.730469
1717    -14398.826172
1718    -14398.922852
1719    -14399.019531
1720    -14399.114258
1721    -14399.209961
1722    -14399.304688
1723    -14399.400391
1724    -14399.494141
1725    -14399.589844
1726    -14399.683594
1727    -14399.778320
1728    -14399.864258
1729    -14399.949219
1730    -14400.033203
1731    -14400.118164
1732    -14400.201172
1733    -14400.286133
1734    -14400.369141
1735    -14400.453125
1736    -14400.537109
1737    -14400.621094
1738    -14400.705078
1739    -14400.787109
1740    -14400.871094
1741    -14400.953125
1742    -14401.036133
1743    -14401.119141
1744    -14401.201172
1745    -14401.284180
1746    -14401.365234
1747    -14401.447266
1748    -14401.529297
1749    -14401.611328
1750    -14401.691406
1751    -14401.771484
1752    -14401.852539
1753    -14401.932617
1754    -14402.013672
1755    -14402.093750
1756    -14402.173828
1757    -14402.252930
1758    -14402.333984
1759    -14402.413086
1760    -14402.492188
1761    -14402.571289
1762    -14402.648438
1763    -14402.726562
1764    -14402.804688
1765    -14402.881836
1766    -14402.958008
1767    -14403.033203
1768    -14403.109375
1769    -14403.184570
1770    -14403.260742
1771    -14403.335938
1772    -14403.410156
1773    -14403.485352
1774    -14403.560547
1775    -14403.636719
1776    -14403.710938
1777    -14403.785156
1778    -14403.859375
1779    -14403.934570
1780    -14404.007812
1781    -14404.082031
1782    -14404.156250
1783    -14404.230469
1784    -14404.304688
1785    -14404.378906
1786    -14404.451172
1787    -14404.525391
1788    -14404.598633
1789    -14404.671875
1790    -14404.746094
1791    -14404.819336
1792    -14404.892578
1793    -14404.964844
1794    -14405.039062
1795    -14405.110352
1796    -14405.183594
1797    -14405.255859
1798    -14405.328125
1799    -14405.400391
1800    -14405.472656
1801    -14405.544922
1802    -14405.618164
1803    -14405.689453
1804    -14405.761719
1805    -14405.833984
1806    -14405.906250
1807    -14405.978516
1808    -14406.048828
1809    -14406.121094
1810    -14406.191406
1811    -14406.262695
1812    -14406.333984
1813    -14406.405273
1814    -14406.475586
1815    -14406.546875
1816    -14406.618164
1817    -14406.688477
1818    -14406.759766
1819    -14406.830078
1820    -14406.900391
1821    -14406.970703
1822    -14407.041016
1823    -14407.111328
1824    -14407.179688
1825    -14407.250000
1826    -14407.320312
1827    -14407.390625
1828    -14407.459961
1829    -14407.529297
1830    -14407.596680
1831    -14407.662109
1832    -14407.726562
1833    -14407.792969
1834    -14407.857422
1835    -14407.923828
1836    -14407.988281
1837    -14408.052734
1838    -14408.118164
1839    -14408.183594
1840    -14408.248047
1841    -14408.312500
1842    -14408.376953
1843    -14408.441406
1844    -14408.505859
1845    -14408.570312
1846    -14408.634766
1847    -14408.699219
1848    -14408.763672
1849    -14408.828125
1850    -14408.891602
1851    -14408.955078
1852    -14409.019531
1853    -14409.083984
1854    -14409.147461
1855    -14409.211914
1856    -14409.275391
1857    -14409.337891
1858    -14409.402344
1859    -14409.464844
1860    -14409.529297
1861    -14409.591797
1862    -14409.655273
1863    -14409.718750
1864    -14409.781250
1865    -14409.843750
1866    -14409.907227
1867    -14409.969727
1868    -14410.033203
1869    -14410.095703
1870    -14410.158203
1871    -14410.220703
1872    -14410.283203
1873    -14410.346680
1874    -14410.408203
1875    -14410.470703
1876    -14410.532227
1877    -14410.594727
1878    -14410.657227
1879    -14410.718750
1880    -14410.781250
1881    -14410.843750
1882    -14410.904297
1883    -14410.966797
1884    -14411.029297
1885    -14411.090820
1886    -14411.152344
1887    -14411.214844
1888    -14411.275391
1889    -14411.337891
1890    -14411.398438
1891    -14411.457031
1892    -14411.517578
1893    -14411.576172
1894    -14411.635742
1895    -14411.696289
1896    -14411.755859
1897    -14411.815430
1898    -14411.875000
1899    -14411.933594
1900    -14411.993164
1901    -14412.052734
1902    -14412.112305
1903    -14412.171875
1904    -14412.230469
1905    -14412.291016
1906    -14412.349609
1907    -14412.408203
1908    -14412.466797
1909    -14412.525391
1910    -14412.583984
1911    -14412.642578
1912    -14412.696289
1913    -14412.750000
1914    -14412.802734
1915    -14412.855469
1916    -14412.909180
1917    -14412.962891
1918    -14413.015625
1919    -14413.068359
1920    -14413.122070
1921    -14413.174805
1922    -14413.228516
1923    -14413.281250
1924    -14413.335938
1925    -14413.388672
1926    -14413.442383
1927    -14413.496094
1928    -14413.548828
1929    -14413.603516
1930    -14413.657227
1931    -14413.709961
1932    -14413.763672
1933    -14413.818359
1934    -14413.872070
1935    -14413.925781
1936    -14413.980469
1937    -14414.033203
1938    -14414.087891
1939    -14414.142578
1940    -14414.196289
1941    -14414.250000
1942    -14414.303711
1943    -14414.357422
1944    -14414.411133
1945    -14414.464844
1946    -14414.518555
1947    -14414.573242
1948    -14414.625977
1949    -14414.679688
1950    -14414.735352
1951    -14414.789062
1952    -14414.842773
1953    -14414.897461
1954    -14414.952148
1955    -14415.005859
1956    -14415.061523
1957    -14415.116211
1958    -14415.169922
1959    -14415.226562
1960    -14415.280273
1961    -14415.334961
1962    -14415.390625
1963    -14415.446289
1964    -14415.501953
1965    -14415.556641
1966    -14415.613281
1967    -14415.667969
1968    -14415.723633
1969    -14415.780273
1970    -14415.836914
1971    -14415.892578
1972    -14415.949219
1973    -14416.005859
1974    -14416.062500
1975    -14416.119141
1976    -14416.175781
1977    -14416.232422
1978    -14416.290039
1979    -14416.347656
1980    -14416.404297
1981    -14416.462891
1982    -14416.521484
1983    -14416.578125
1984    -14416.635742
1985    -14416.691406
1986    -14416.746094
1987    -14416.802734
1988    -14416.857422
1989    -14416.914062
1990    -14416.970703
1991    -14417.027344
1992    -14417.083984
1993    -14417.139648
1994    -14417.197266
1995    -14417.253906
1996    -14417.310547
1997    -14417.368164
1998    -14417.425781
1999    -14417.483398
2000    -14417.541016
2001    -14417.599609
2002    -14417.658203
2003    -14417.716797
2004    -14417.775391
2005    -14417.833008
2006    -14417.892578
2007    -14417.951172
2008    -14418.010742
2009    -14418.070312
2010    -14418.129883
2011    -14418.189453
2012    -14418.250977
2013    -14418.310547
2014    -14418.371094
2015    -14418.431641
2016    -14418.493164
2017    -14418.553711
2018    -14418.615234
2019    -14418.676758
2020    -14418.738281
2021    -14418.800781
2022    -14418.863281
2023    -14418.925781
2024    -14418.988281
2025    -14419.050781
2026    -14419.113281
2027    -14419.176758
2028    -14419.239258
2029    -14419.300781
2030    -14419.363281
2031    -14419.425781
2032    -14419.488281
2033    -14419.552734
2034    -14419.615234
2035    -14419.679688
2036    -14419.742188
2037    -14419.806641
2038    -14419.871094
2039    -14419.935547
2040    -14420.000000
2041    -14420.065430
2042    -14420.130859
2043    -14420.195312
2044    -14420.260742
2045    -14420.327148
2046    -14420.393555
2047    -14420.458984
2048    -14420.525391
2049    -14420.591797
2050    -14420.658203
2051    -14420.726562
2052    -14420.792969
2053    -14420.861328
2054    -14420.927734
2055    -14420.996094
2056    -14421.064453
2057    -14421.132812
2058    -14421.201172
2059    -14421.270508
2060    -14421.339844
2061    -14421.409180
2062    -14421.478516
2063    -14421.547852
2064    -14421.618164
2065    -14421.687500
2066    -14421.757812
2067    -14421.826172
2068    -14421.894531
2069    -14421.964844
2070    -14422.035156
2071    -14422.103516
2072    -14422.173828
2073    -14422.244141
2074    -14422.314453
2075    -14422.384766
2076    -14422.456055
2077    -14422.527344
2078    -14422.599609
2079    -14422.670898
2080    -14422.742188
2081    -14422.814453
2082    -14422.887695
2083    -14422.959961
2084    -14423.033203
2085    -14423.105469
2086    -14423.178711
2087    -14423.252930
2088    -14423.326172
2089    -14423.400391
2090    -14423.474609
2091    -14423.548828
2092    -14423.623047
2093    -14423.699219
2094    -14423.773438
2095    -14423.848633
2096    -14423.924805
2097    -14424.000000
2098    -14424.077148
2099    -14424.153320
2100    -14424.230469
2101    -14424.306641
2102    -14424.383789
2103    -14424.460938
2104    -14424.538086
2105    -14424.615234
2106    -14424.693359
2107    -14424.772461
2108    -14424.851562
2109    -14424.929688
2110    -14425.008789
2111    -14425.087891
2112    -14425.166992
2113    -14425.246094
2114    -14425.326172
2115    -14425.407227
2116    -14425.486328
2117    -14425.568359
2118    -14425.648438
2119    -14425.728516
2120    -14425.810547
2121    -14425.891602
2122    -14425.973633
2123    -14426.055664
2124    -14426.137695
2125    -14426.219727
2126    -14426.302734
2127    -14426.385742
2128    -14426.468750
2129    -14426.552734
2130    -14426.635742
2131    -14426.719727
2132    -14426.804688
2133    -14426.888672
2134    -14426.972656
2135    -14427.058594
2136    -14427.142578
2137    -14427.228516
2138    -14427.314453
2139    -14427.399414
2140    -14427.486328
2141    -14427.572266
2142    -14427.658203
2143    -14427.746094
2144    -14427.833008
2145    -14427.919922
2146    -14428.007812
2147    -14428.095703
2148    -14428.183594
2149    -14428.271484
2150    -14428.360352
2151    -14428.449219
2152    -14428.539062
2153    -14428.627930
2154    -14428.716797
2155    -14428.807617
2156    -14428.897461
2157    -14428.988281
2158    -14429.078125
2159    -14429.169922
2160    -14429.259766
2161    -14429.351562
2162    -14429.443359
2163    -14429.536133
2164    -14429.628906
2165    -14429.720703
2166    -14429.813477
2167    -14429.908203
2168    -14430.000000
2169    -14430.093750
2170    -14430.188477
2171    -14430.283203
2172    -14430.376953
2173    -14430.471680
2174    -14430.566406
2175    -14430.663086
2176    -14430.759766
2177    -14430.855469
2178    -14430.951172
2179    -14431.046875
2180    -14431.146484
2181    -14431.242188
2182    -14431.339844
2183    -14431.438477
2184    -14431.537109
2185    -14431.635742
2186    -14431.734375
2187    -14431.833984
2188    -14431.933594
2189    -14432.033203
2190    -14432.134766
2191    -14432.232422
2192    -14432.331055
2193    -14432.429688
2194    -14432.529297
2195    -14432.628906
2196    -14432.728516
2197    -14432.829102
2198    -14432.928711
2199    -14433.030273
2200    -14433.130859
2201    -14433.234375
2202    -14433.335938
2203    -14433.439453
2204    -14433.542969
2205    -14433.646484
2206    -14433.750000
2207    -14433.855469
2208    -14433.960938
2209    -14434.065430
2210    -14434.171875
2211    -14434.279297
2212    -14434.385742
2213    -14434.494141
2214    -14434.601562
2215    -14434.710938
2216    -14434.820312
2217    -14434.930664
2218    -14435.040039
2219    -14435.150391
2220    -14435.262695
2221    -14435.375000
2222    -14435.487305
2223    -14435.601562
2224    -14435.714844
2225    -14435.828125
2226    -14435.944336
2227    -14436.059570
2228    -14436.176758
2229    -14436.292969
2230    -14436.411133
2231    -14436.528320
2232    -14436.647461
2233    -14436.766602
2234    -14436.886719
2235    -14437.006836
2236    -14437.128906
2237    -14437.250000
2238    -14437.372070
2239    -14437.496094
2240    -14437.619141
2241    -14437.744141
2242    -14437.869141
2243    -14437.994141
2244    -14438.121094
2245    -14438.248047
2246    -14438.375000
2247    -14438.503906
2248    -14438.632812
2249    -14438.762695
2250    -14438.892578
2251    -14439.023438
2252    -14439.154297
2253    -14439.285156
2254    -14439.417969
2255    -14439.550781
2256    -14439.685547
2257    -14439.820312
2258    -14439.955078
2259    -14440.089844
2260    -14440.224609
2261    -14440.361328
2262    -14440.498047
2263    -14440.635742
2264    -14440.773438
2265    -14440.912109
2266    -14441.050781
2267    -14441.189453
2268    -14441.328125
2269    -14441.468750
2270    -14441.609375
2271    -14441.750000
2272    -14441.890625
2273    -14442.031250
2274    -14442.173828
2275    -14442.316406
2276    -14442.458008
2277    -14442.599609
2278    -14442.744141
2279    -14442.886719
2280    -14443.029297
2281    -14443.173828
2282    -14443.316406
2283    -14443.459961
2284    -14443.604492
2285    -14443.748047
2286    -14443.891602
2287    -14444.036133
2288    -14444.181641
2289    -14444.326172
2290    -14444.468750
2291    -14444.613281
2292    -14444.757812
2293    -14444.902344
2294    -14445.046875
2295    -14445.191406
2296    -14445.335938
2297    -14445.480469
2298    -14445.624023
2299    -14445.767578
2300    -14445.912109
2301    -14446.054688
2302    -14446.197266
2303    -14446.340820
2304    -14446.484375
2305    -14446.625977
2306    -14446.767578
2307    -14446.909180
2308    -14447.051758
2309    -14447.192383
2310    -14447.333984
2311    -14447.473633
2312    -14447.611328
2313    -14447.750977
2314    -14447.888672
2315    -14448.025391
2316    -14448.163086
2317    -14448.300781
2318    -14448.435547
2319    -14448.573242
2320    -14448.708984
2321    -14448.844727
2322    -14448.978516
2323    -14449.115234
2324    -14449.248047
2325    -14449.382812
2326    -14449.515625
2327    -14449.649414
2328    -14449.781250
2329    -14449.914062
2330    -14450.045898
2331    -14450.175781
2332    -14450.305664
2333    -14450.435547
2334    -14450.565430
2335    -14450.693359
2336    -14450.822266
2337    -14450.949219
2338    -14451.078125
2339    -14451.204102
2340    -14451.331055
2341    -14451.457031
2342    -14451.582031
2343    -14451.707031
2344    -14451.832031
2345    -14451.956055
2346    -14452.080078
2347    -14452.203125
2348    -14452.324219
2349    -14452.448242
2350    -14452.569336
2351    -14452.691406
2352    -14452.811523
2353    -14452.931641
2354    -14453.052734
2355    -14453.171875
2356    -14453.291016
2357    -14453.408203
2358    -14453.526367
2359    -14453.644531
2360    -14453.761719
2361    -14453.876953
2362    -14453.994141
2363    -14454.109375
2364    -14454.224609
2365    -14454.338867
2366    -14454.453125
2367    -14454.566406
2368    -14454.679688
2369    -14454.792969
2370    -14454.906250
2371    -14455.017578
2372    -14455.128906
2373    -14455.240234
2374    -14455.350586
2375    -14455.459961
2376    -14455.570312
2377    -14455.679688
2378    -14455.788086
2379    -14455.896484
2380    -14456.003906
2381    -14456.111328
2382    -14456.218750
2383    -14456.324219
2384    -14456.431641
2385    -14456.537109
2386    -14456.642578
2387    -14456.746094
2388    -14456.851562
2389    -14456.955078
2390    -14457.058594
2391    -14457.162109
2392    -14457.263672
2393    -14457.366211
2394    -14457.467773
2395    -14457.570312
2396    -14457.671875
2397    -14457.771484
2398    -14457.871094
2399    -14457.971680
2400    -14458.070312
2401    -14458.169922
2402    -14458.268555
2403    -14458.367188
2404    -14458.464844
2405    -14458.562500
2406    -14458.660156
2407    -14458.755859
2408    -14458.851562
2409    -14458.947266
2410    -14459.042969
2411    -14459.138672
2412    -14459.233398
2413    -14459.328125
2414    -14459.421875
2415    -14459.515625
2416    -14459.607422
2417    -14459.700195
2418    -14459.792969
2419    -14459.882812
2420    -14459.974609
2421    -14460.066406
2422    -14460.156250
2423    -14460.247070
2424    -14460.336914
2425    -14460.425781
2426    -14460.514648
2427    -14460.603516
2428    -14460.692383
2429    -14460.781250
2430    -14460.869141
2431    -14460.957031
2432    -14461.043945
2433    -14461.130859
2434    -14461.216797
2435    -14461.303711
2436    -14461.389648
2437    -14461.474609
2438    -14461.560547
2439    -14461.644531
2440    -14461.729492
2441    -14461.814453
2442    -14461.897461
2443    -14461.972656
2444    -14462.046875
2445    -14462.121094
2446    -14462.195312
2447    -14462.267578
2448    -14462.341797
2449    -14462.414062
2450    -14462.486328
2451    -14462.560547
2452    -14462.632812
2453    -14462.705078
2454    -14462.776367
2455    -14462.848633
2456    -14462.919922
2457    -14462.992188
2458    -14463.062500
2459    -14463.132812
2460    -14463.203125
2461    -14463.275391
2462    -14463.345703
2463    -14463.415039
2464    -14463.484375
2465    -14463.554688
2466    -14463.624023
2467    -14463.694336
2468    -14463.763672
2469    -14463.832031
2470    -14463.900391
2471    -14463.968750
2472    -14464.039062
2473    -14464.106445
2474    -14464.173828
2475    -14464.242188
2476    -14464.308594
2477    -14464.375000
2478    -14464.442383
2479    -14464.507812
2480    -14464.574219
2481    -14464.640625
2482    -14464.707031
2483    -14464.772461
2484    -14464.837891
2485    -14464.902344
2486    -14464.962891
2487    -14465.023438
2488    -14465.083008
2489    -14465.143555
2490    -14465.204102
2491    -14465.264648
2492    -14465.324219
2493    -14465.384766
2494    -14465.444336
2495    -14465.502930
2496    -14465.563477
2497    -14465.623047
2498    -14465.682617
2499    -14465.742188
2500    -14465.801758
2501    -14465.860352
2502    -14465.919922
2503    -14465.978516
2504    -14466.038086
2505    -14466.097656
2506    -14466.156250
2507    -14466.214844
2508    -14466.273438
2509    -14466.332031
2510    -14466.390625
2511    -14466.448242
2512    -14466.504883
2513    -14466.562500
2514    -14466.619141
2515    -14466.677734
2516    -14466.734375
2517    -14466.791016
2518    -14466.848633
2519    -14466.905273
2520    -14466.962891
2521    -14467.019531
2522    -14467.076172
2523    -14467.134766
2524    -14467.190430
2525    -14467.248047
2526    -14467.304688
2527    -14467.361328
2528    -14467.419922
2529    -14467.476562
2530    -14467.534180
2531    -14467.590820
2532    -14467.644531
2533    -14467.697266
2534    -14467.750000
2535    -14467.802734
2536    -14467.855469
2537    -14467.908203
2538    -14467.957031
2539    -14468.006836
2540    -14468.055664
2541    -14468.104492
2542    -14468.154297
2543    -14468.203125
2544    -14468.251953
2545    -14468.300781
2546    -14468.350586
2547    -14468.398438
2548    -14468.447266
2549    -14468.496094
2550    -14468.545898
2551    -14468.595703
2552    -14468.643555
2553    -14468.693359
2554    -14468.742188
2555    -14468.792969
2556    -14468.842773
2557    -14468.892578
2558    -14468.942383
2559    -14468.992188
2560    -14469.042969
2561    -14469.092773
2562    -14469.143555
2563    -14469.194336
2564    -14469.245117
2565    -14469.295898
2566    -14469.346680
2567    -14469.398438
2568    -14469.450195
2569    -14469.500977
2570    -14469.552734
2571    -14469.604492
2572    -14469.657227
2573    -14469.708984
2574    -14469.761719
2575    -14469.813477
2576    -14469.867188
2577    -14469.919922
2578    -14469.972656
2579    -14470.025391
2580    -14470.079102
2581    -14470.132812
2582    -14470.185547
2583    -14470.240234
2584    -14470.293945
2585    -14470.347656
2586    -14470.402344
2587    -14470.457031
2588    -14470.511719
2589    -14470.567383
2590    -14470.622070
2591    -14470.677734
2592    -14470.733398
2593    -14470.790039
2594    -14470.844727
2595    -14470.900391
2596    -14470.957031
2597    -14471.014648
2598    -14471.070312
2599    -14471.127930
2600    -14471.185547
2601    -14471.242188
2602    -14471.299805
2603    -14471.357422
2604    -14471.416016
2605    -14471.474609
2606    -14471.531250
2607    -14471.591797
2608    -14471.649414
2609    -14471.708008
2610    -14471.767578
2611    -14471.826172
2612    -14471.886719
2613    -14471.946289
2614    -14472.005859
2615    -14472.066406
2616    -14472.126953
2617    -14472.187500
2618    -14472.248047
2619    -14472.308594
2620    -14472.371094
2621    -14472.431641
2622    -14472.494141
2623    -14472.554688
2624    -14472.617188
2625    -14472.679688
2626    -14472.742188
2627    -14472.804688
2628    -14472.867188
2629    -14472.929688
2630    -14472.994141
2631    -14473.056641
2632    -14473.121094
2633    -14473.184570
2634    -14473.248047
2635    -14473.312500
2636    -14473.375000
2637    -14473.438477
2638    -14473.500977
2639    -14473.564453
2640    -14473.626953
2641    -14473.689453
2642    -14473.753906
2643    -14473.816406
2644    -14473.879883
2645    -14473.943359
2646    -14474.007812
2647    -14474.072266
2648    -14474.136719
2649    -14474.201172
2650    -14474.265625
2651    -14474.330078
2652    -14474.395508
2653    -14474.460938
2654    -14474.525391
2655    -14474.591797
2656    -14474.658203
2657    -14474.723633
2658    -14474.789062
2659    -14474.855469
2660    -14474.922852
2661    -14474.990234
2662    -14475.056641
2663    -14475.123047
2664    -14475.191406
2665    -14475.257812
2666    -14475.326172
2667    -14475.394531
2668    -14475.461914
2669    -14475.530273
2670    -14475.599609
2671    -14475.666992
2672    -14475.736328
2673    -14475.804688
2674    -14475.875000
2675    -14475.944336
2676    -14476.013672
2677    -14476.083984
2678    -14476.153320
2679    -14476.224609
2680    -14476.293945
2681    -14476.364258
2682    -14476.435547
2683    -14476.505859
2684    -14476.578125
2685    -14476.648438
2686    -14476.720703
2687    -14476.791992
2688    -14476.865234
2689    -14476.937500
2690    -14477.009766
2691    -14477.082031
2692    -14477.156250
2693    -14477.228516
2694    -14477.296875
2695    -14477.365234
2696    -14477.434570
2697    -14477.503906
2698    -14477.574219
2699    -14477.643555
2700    -14477.712891
2701    -14477.783203
2702    -14477.854492
2703    -14477.924805
2704    -14477.996094
2705    -14478.066406
2706    -14478.138672
2707    -14478.209961
2708    -14478.283203
2709    -14478.355469
2710    -14478.428711
2711    -14478.500000
2712    -14478.574219
2713    -14478.647461
2714    -14478.721680
2715    -14478.795898
2716    -14478.870117
2717    -14478.944336
2718    -14479.019531
2719    -14479.094727
2720    -14479.169922
2721    -14479.246094
2722    -14479.324219
2723    -14479.399414
2724    -14479.476562
2725    -14479.553711
2726    -14479.630859
2727    -14479.708984
2728    -14479.787109
2729    -14479.866211
2730    -14479.944336
2731    -14480.023438
2732    -14480.103516
2733    -14480.183594
2734    -14480.263672
2735    -14480.343750
2736    -14480.423828
2737    -14480.503906
2738    -14480.584961
2739    -14480.667969
2740    -14480.750000
2741    -14480.832031
2742    -14480.914062
2743    -14480.997070
2744    -14481.081055
2745    -14481.164062
2746    -14481.248047
2747    -14481.332031
2748    -14481.416016
2749    -14481.501953
2750    -14481.587891
2751    -14481.673828
2752    -14481.759766
2753    -14481.845703
2754    -14481.933594
2755    -14482.020508
2756    -14482.108398
2757    -14482.197266
2758    -14482.284180
2759    -14482.373047
2760    -14482.462891
2761    -14482.552734
2762    -14482.642578
2763    -14482.732422
2764    -14482.822266
2765    -14482.912109
2766    -14483.002930
2767    -14483.093750
2768    -14483.185547
2769    -14483.277344
2770    -14483.368164
2771    -14483.460938
2772    -14483.553711
2773    -14483.646484
2774    -14483.740234
2775    -14483.833984
2776    -14483.928711
2777    -14484.022461
2778    -14484.118164
2779    -14484.212891
2780    -14484.308594
2781    -14484.405273
2782    -14484.501953
2783    -14484.598633
2784    -14484.695312
2785    -14484.792969
2786    -14484.890625
2787    -14484.988281
2788    -14485.087891
2789    -14485.186523
2790    -14485.285156
2791    -14485.384766
2792    -14485.484375
2793    -14485.583984
2794    -14485.685547
2795    -14485.786133
2796    -14485.887695
2797    -14485.988281
2798    -14486.089844
2799    -14486.192383
2800    -14486.294922
2801    -14486.396484
2802    -14486.500000
2803    -14486.602539
2804    -14486.706055
2805    -14486.809570
2806    -14486.914062
2807    -14487.017578
2808    -14487.122070
2809    -14487.227539
2810    -14487.332031
2811    -14487.437500
2812    -14487.541992
2813    -14487.648438
2814    -14487.753906
2815    -14487.859375
2816    -14487.964844
2817    -14488.071289
2818    -14488.178711
2819    -14488.285156
2820    -14488.390625
2821    -14488.499023
2822    -14488.605469
2823    -14488.712891
2824    -14488.820312
2825    -14488.927734
2826    -14489.035156
2827    -14489.144531
2828    -14489.250977
2829    -14489.359375
2830    -14489.467773
2831    -14489.575195
2832    -14489.683594
2833    -14489.791992
2834    -14489.901367
2835    -14490.009766
2836    -14490.118164
2837    -14490.226562
2838    -14490.335938
2839    -14490.443359
2840    -14490.552734
2841    -14490.661133
2842    -14490.769531
2843    -14490.878906
2844    -14490.987305
2845    -14491.095703
2846    -14491.204102
2847    -14491.312500
2848    -14491.420898
2849    -14491.531250
2850    -14491.638672
2851    -14491.748047
2852    -14491.855469
2853    -14491.962891
2854    -14492.072266
2855    -14492.180664
2856    -14492.288086
2857    -14492.396484
2858    -14492.504883
2859    -14492.612305
2860    -14492.720703
2861    -14492.828125
2862    -14492.935547
2863    -14493.042969
2864    -14493.149414
2865    -14493.255859
2866    -14493.363281
2867    -14493.470703
2868    -14493.576172
2869    -14493.683594
2870    -14493.789062
2871    -14493.896484
2872    -14494.001953
2873    -14494.107422
2874    -14494.212891
2875    -14494.318359
2876    -14494.423828
2877    -14494.529297
2878    -14494.633789
2879    -14494.738281
2880    -14494.842773
2881    -14494.947266
2882    -14495.050781
2883    -14495.154297
2884    -14495.258789
2885    -14495.362305
2886    -14495.464844
2887    -14495.567383
2888    -14495.669922
2889    -14495.773438
2890    -14495.875977
2891    -14495.977539
2892    -14496.079102
2893    -14496.180664
2894    -14496.282227
2895    -14496.382812
2896    -14496.484375
2897    -14496.583984
2898    -14496.684570
2899    -14496.784180
2900    -14496.884766
2901    -14496.984375
2902    -14497.083008
2903    -14497.181641
2904    -14497.281250
2905    -14497.378906
2906    -14497.477539
2907    -14497.576172
2908    -14497.672852
2909    -14497.771484
2910    -14497.867188
2911    -14497.964844
2912    -14498.061523
2913    -14498.158203
2914    -14498.252930
2915    -14498.348633
2916    -14498.444336
2917    -14498.540039
2918    -14498.634766
2919    -14498.730469
2920    -14498.823242
2921    -14498.917969
2922    -14499.011719
2923    -14499.105469
2924    -14499.199219
2925    -14499.291016
2926    -14499.384766
2927    -14499.476562
2928    -14499.569336
2929    -14499.661133
2930    -14499.752930
2931    -14499.843750
2932    -14499.933594
2933    -14500.022461
2934    -14500.111328
2935    -14500.199219
2936    -14500.287109
2937    -14500.375977
2938    -14500.462891
2939    -14500.544922
2940    -14500.628906
2941    -14500.710938
2942    -14500.792969
2943    -14500.875977
2944    -14500.957031
2945    -14501.039062
2946    -14501.119141
2947    -14501.201172
2948    -14501.281250
2949    -14501.362305
2950    -14501.442383
2951    -14501.521484
2952    -14501.601562
2953    -14501.681641
2954    -14501.759766
2955    -14501.839844
2956    -14501.917969
2957    -14501.996094
2958    -14502.074219
2959    -14502.153320
2960    -14502.230469
2961    -14502.308594
2962    -14502.386719
2963    -14502.462891
2964    -14502.539062
2965    -14502.617188
2966    -14502.693359
2967    -14502.768555
2968    -14502.845703
2969    -14502.919922
2970    -14502.996094
2971    -14503.071289
2972    -14503.146484
2973    -14503.218750
2974    -14503.291992
2975    -14503.365234
2976    -14503.438477
2977    -14503.510742
2978    -14503.583008
2979    -14503.655273
2980    -14503.727539
2981    -14503.798828
2982    -14503.870117
2983    -14503.941406
2984    -14504.011719
2985    -14504.083008
2986    -14504.154297
2987    -14504.223633
2988    -14504.294922
2989    -14504.364258
2990    -14504.434570
2991    -14504.503906
2992    -14504.573242
2993    -14504.643555
2994    -14504.711914
2995    -14504.781250
2996    -14504.849609
2997    -14504.918945
2998    -14504.987305
2999    -14505.054688
3000    -14505.123047
3001    -14505.191406
3002    -14505.259766
3003    -14505.327148
3004    -14505.393555
3005    -14505.460938
3006    -14505.529297
3007    -14505.596680
3008    -14505.663086
3009    -14505.729492
3010    -14505.795898
3011    -14505.863281
3012    -14505.929688
3013    -14505.995117
3014    -14506.061523
3015    -14506.126953
3016    -14506.193359
3017    -14506.258789
3018    -14506.324219
3019    -14506.390625
3020    -14506.455078
3021    -14506.520508
3022    -14506.585938
3023    -14506.651367
3024    -14506.715820
3025    -14506.781250
3026    -14506.845703
3027    -14506.910156
3028    -14506.974609
3029    -14507.039062
3030    -14507.103516
3031    -14507.167969
3032    -14507.232422
3033    -14507.296875
3034    -14507.361328
3035    -14507.424805
3036    -14507.488281
3037    -14507.552734
3038    -14507.617188
3039    -14507.679688
3040    -14507.744141
3041    -14507.807617
3042    -14507.871094
3043    -14507.932617
3044    -14507.994141
3045    -14508.056641
3046    -14508.117188
3047    -14508.179688
3048    -14508.241211
3049    -14508.302734
3050    -14508.363281
3051    -14508.425781
3052    -14508.486328
3053    -14508.547852
3054    -14508.609375
3055    -14508.670898
3056    -14508.732422
3057    -14508.792969
3058    -14508.855469
3059    -14508.916992
3060    -14508.978516
3061    -14509.040039
3062    -14509.097656
3063    -14509.154297
3064    -14509.212891
3065    -14509.268555
3066    -14509.326172
3067    -14509.382812
3068    -14509.440430
3069    -14509.498047
3070    -14509.554688
3071    -14509.613281
3072    -14509.669922
3073    -14509.728516
3074    -14509.785156
3075    -14509.843750
3076    -14509.901367
3077    -14509.958984
3078    -14510.017578
3079    -14510.074219
3080    -14510.132812
3081    -14510.190430
3082    -14510.248047
3083    -14510.304688
3084    -14510.363281
3085    -14510.420898
3086    -14510.480469
3087    -14510.538086
3088    -14510.595703
3089    -14510.654297
3090    -14510.712891
3091    -14510.771484
3092    -14510.830078
3093    -14510.888672
3094    -14510.947266
3095    -14511.005859
3096    -14511.066406
3097    -14511.125000
3098    -14511.183594
3099    -14511.244141
3100    -14511.302734
3101    -14511.363281
3102    -14511.422852
3103    -14511.482422
3104    -14511.542969
3105    -14511.602539
3106    -14511.662109
3107    -14511.722656
3108    -14511.784180
3109    -14511.844727
3110    -14511.905273
3111    -14511.966797
3112    -14512.027344
3113    -14512.089844
3114    -14512.149414
3115    -14512.210938
3116    -14512.273438
3117    -14512.335938
3118    -14512.397461
3119    -14512.458984
3120    -14512.521484
3121    -14512.584961
3122    -14512.646484
3123    -14512.708984
3124    -14512.773438
3125    -14512.835938
3126    -14512.898438
3127    -14512.961914
3128    -14513.025391
3129    -14513.089844
3130    -14513.153320
3131    -14513.216797
3132    -14513.281250
3133    -14513.345703
3134    -14513.410156
3135    -14513.474609
3136    -14513.539062
3137    -14513.604492
3138    -14513.668945
3139    -14513.733398
3140    -14513.798828
3141    -14513.865234
3142    -14513.929688
3143    -14513.996094
3144    -14514.062500
3145    -14514.128906
3146    -14514.195312
3147    -14514.260742
3148    -14514.328125
3149    -14514.394531
3150    -14514.462891
3151    -14514.529297
3152    -14514.596680
3153    -14514.664062
3154    -14514.731445
3155    -14514.799805
3156    -14514.868164
3157    -14514.935547
3158    -14515.003906
3159    -14515.072266
3160    -14515.140625
3161    -14515.210938
3162    -14515.280273
3163    -14515.349609
3164    -14515.417969
3165    -14515.488281
3166    -14515.557617
3167    -14515.626953
3168    -14515.698242
3169    -14515.767578
3170    -14515.837891
3171    -14515.909180
3172    -14515.979492
3173    -14516.050781
3174    -14516.123047
3175    -14516.194336
3176    -14516.264648
3177    -14516.336914
3178    -14516.406250
3179    -14516.474609
3180    -14516.542969
3181    -14516.611328
3182    -14516.680664
3183    -14516.750000
3184    -14516.818359
3185    -14516.887695
3186    -14516.958008
3187    -14517.027344
3188    -14517.097656
3189    -14517.167969
3190    -14517.238281
3191    -14517.307617
3192    -14517.378906
3193    -14517.449219
3194    -14517.520508
3195    -14517.591797
3196    -14517.664062
3197    -14517.734375
3198    -14517.806641
3199    -14517.876953
3200    -14517.949219
3201    -14518.019531
3202    -14518.091797
3203    -14518.164062
3204    -14518.236328
3205    -14518.308594
3206    -14518.380859
3207    -14518.454102
3208    -14518.527344
3209    -14518.599609
3210    -14518.672852
3211    -14518.747070
3212    -14518.820312
3213    -14518.894531
3214    -14518.967773
3215    -14519.042969
3216    -14519.117188
3217    -14519.192383
3218    -14519.267578
3219    -14519.341797
3220    -14519.416016
3221    -14519.492188
3222    -14519.567383
3223    -14519.642578
3224    -14519.718750
3225    -14519.794922
3226    -14519.871094
3227    -14519.948242
3228    -14520.024414
3229    -14520.097656
3230    -14520.171875
3231    -14520.246094
3232    -14520.320312
3233    -14520.394531
3234    -14520.469727
3235    -14520.544922
3236    -14520.619141
3237    -14520.695312
3238    -14520.771484
3239    -14520.846680
3240    -14520.921875
3241    -14520.998047
3242    -14521.075195
3243    -14521.151367
3244    -14521.228516
3245    -14521.305664
3246    -14521.382812
3247    -14521.460938
3248    -14521.538086
3249    -14521.616211
3250    -14521.693359
3251    -14521.773438
3252    -14521.851562
3253    -14521.929688
3254    -14522.008789
3255    -14522.088867
3256    -14522.167969
3257    -14522.248047
3258    -14522.328125
3259    -14522.409180
3260    -14522.488281
3261    -14522.566406
3262    -14522.645508
3263    -14522.725586
3264    -14522.805664
3265    -14522.885742
3266    -14522.965820
3267    -14523.046875
3268    -14523.126953
3269    -14523.208008
3270    -14523.289062
3271    -14523.371094
3272    -14523.452148
3273    -14523.533203
3274    -14523.616211
3275    -14523.697266
3276    -14523.780273
3277    -14523.863281
3278    -14523.945312
3279    -14524.028320
3280    -14524.112305
3281    -14524.195312
3282    -14524.279297
3283    -14524.363281
3284    -14524.447266
3285    -14524.531250
3286    -14524.615234
3287    -14524.700195
3288    -14524.786133
3289    -14524.871094
3290    -14524.956055
3291    -14525.041016
3292    -14525.126953
3293    -14525.211914
3294    -14525.297852
3295    -14525.384766
3296    -14525.471680
3297    -14525.556641
3298    -14525.644531
3299    -14525.731445
3300    -14525.818359
3301    -14525.906250
3302    -14525.994141
3303    -14526.081055
3304    -14526.168945
3305    -14526.255859
3306    -14526.343750
3307    -14526.432617
3308    -14526.521484
3309    -14526.609375
3310    -14526.699219
3311    -14526.787109
3312    -14526.876953
3313    -14526.966797
3314    -14527.054688
3315    -14527.144531
3316    -14527.234375
3317    -14527.324219
3318    -14527.415039
3319    -14527.503906
3320    -14527.595703
3321    -14527.685547
3322    -14527.776367
3323    -14527.867188
3324    -14527.957031
3325    -14528.048828
3326    -14528.140625
3327    -14528.231445
3328    -14528.323242
3329    -14528.415039
3330    -14528.506836
3331    -14528.598633
3332    -14528.690430
3333    -14528.783203
3334    -14528.875000
3335    -14528.967773
3336    -14529.060547
3337    -14529.153320
3338    -14529.247070
3339    -14529.339844
3340    -14529.432617
3341    -14529.525391
3342    -14529.620117
3343    -14529.712891
3344    -14529.806641
3345    -14529.901367
3346    -14529.995117
3347    -14530.089844
3348    -14530.184570
3349    -14530.279297
3350    -14530.373047
3351    -14530.468750
3352    -14530.564453
3353    -14530.659180
3354    -14530.753906
3355    -14530.850586
3356    -14530.945312
3357    -14531.041016
3358    -14531.136719
3359    -14531.234375
3360    -14531.330078
3361    -14531.426758
3362    -14531.523438
3363    -14531.621094
3364    -14531.717773
3365    -14531.814453
3366    -14531.911133
3367    -14532.008789
3368    -14532.106445
3369    -14532.203125
3370    -14532.301758
3371    -14532.400391
3372    -14532.496094
3373    -14532.589844
3374    -14532.682617
3375    -14532.775391
3376    -14532.869141
3377    -14532.962891
3378    -14533.054688
3379    -14533.150391
3380    -14533.243164
3381    -14533.337891
3382    -14533.431641
3383    -14533.525391
3384    -14533.621094
3385    -14533.715820
3386    -14533.810547
3387    -14533.904297
3388    -14534.000977
3389    -14534.095703
3390    -14534.191406
3391    -14534.285156
3392    -14534.378906
3393    -14534.472656
3394    -14534.566406
3395    -14534.660156
3396    -14534.753906
3397    -14534.847656
3398    -14534.941406
3399    -14535.036133
3400    -14535.129883
3401    -14535.224609
3402    -14535.318359
3403    -14535.413086
3404    -14535.507812
3405    -14535.601562
3406    -14535.696289
3407    -14535.791992
3408    -14535.886719
3409    -14535.980469
3410    -14536.076172
3411    -14536.170898
3412    -14536.265625
3413    -14536.360352
3414    -14536.455078
3415    -14536.550781
3416    -14536.646484
3417    -14536.740234
3418    -14536.835938
3419    -14536.930664
3420    -14537.025391
3421    -14537.119141
3422    -14537.213867
3423    -14537.308594
3424    -14537.404297
3425    -14537.498047
3426    -14537.592773
3427    -14537.687500
3428    -14537.781250
3429    -14537.875000
3430    -14537.969727
3431    -14538.062500
3432    -14538.156250
3433    -14538.250000
3434    -14538.343750
3435    -14538.437500
3436    -14538.530273
3437    -14538.623047
3438    -14538.716797
3439    -14538.808594
3440    -14538.902344
3441    -14538.994141
3442    -14539.085938
3443    -14539.177734
3444    -14539.267578
3445    -14539.358398
3446    -14539.449219
3447    -14539.539062
3448    -14539.628906
3449    -14539.719727
3450    -14539.808594
3451    -14539.898438
3452    -14539.987305
3453    -14540.076172
3454    -14540.164062
3455    -14540.251953
3456    -14540.339844
3457    -14540.428711
3458    -14540.515625
3459    -14540.602539
3460    -14540.689453
3461    -14540.775391
3462    -14540.861328
3463    -14540.947266
3464    -14541.033203
3465    -14541.118164
3466    -14541.203125
3467    -14541.288086
3468    -14541.373047
3469    -14541.456055
3470    -14541.540039
3471    -14541.624023
3472    -14541.707031
3473    -14541.788086
3474    -14541.871094
3475    -14541.953125
3476    -14542.035156
3477    -14542.115234
3478    -14542.196289
3479    -14542.277344
3480    -14542.357422
3481    -14542.437500
3482    -14542.515625
3483    -14542.595703
3484    -14542.673828
3485    -14542.751953
3486    -14542.831055
3487    -14542.909180
3488    -14542.986328
3489    -14543.062500
3490    -14543.139648
3491    -14543.215820
3492    -14543.291016
3493    -14543.367188
3494    -14543.442383
3495    -14543.517578
3496    -14543.591797
3497    -14543.666016
3498    -14543.740234
3499    -14543.812500
3500    -14543.886719
3501    -14543.958984
3502    -14544.030273
3503    -14544.095703
3504    -14544.162109
3505    -14544.226562
3506    -14544.292969
3507    -14544.357422
3508    -14544.422852
3509    -14544.486328
3510    -14544.550781
3511    -14544.614258
3512    -14544.677734
3513    -14544.740234
3514    -14544.803711
3515    -14544.866211
3516    -14544.928711
3517    -14544.990234
3518    -14545.051758
3519    -14545.113281
3520    -14545.173828
3521    -14545.235352
3522    -14545.294922
3523    -14545.355469
3524    -14545.416016
3525    -14545.475586
3526    -14545.535156
3527    -14545.594727
3528    -14545.653320
3529    -14545.711914
3530    -14545.769531
3531    -14545.828125
3532    -14545.886719
3533    -14545.944336
3534    -14546.001953
3535    -14546.058594
3536    -14546.115234
3537    -14546.171875
3538    -14546.228516
3539    -14546.285156
3540    -14546.341797
3541    -14546.396484
3542    -14546.453125
3543    -14546.507812
3544    -14546.563477
3545    -14546.618164
3546    -14546.672852
3547    -14546.727539
3548    -14546.781250
3549    -14546.835938
3550    -14546.889648
3551    -14546.943359
3552    -14546.996094
3553    -14547.050781
3554    -14547.103516
3555    -14547.155273
3556    -14547.208984
3557    -14547.261719
3558    -14547.314453
3559    -14547.366211
3560    -14547.417969
3561    -14547.469727
3562    -14547.521484
3563    -14547.573242
3564    -14547.624023
3565    -14547.675781
3566    -14547.725586
3567    -14547.776367
3568    -14547.828125
3569    -14547.877930
3570    -14547.929688
3571    -14547.978516
3572    -14548.029297
3573    -14548.079102
3574    -14548.128906
3575    -14548.178711
3576    -14548.227539
3577    -14548.277344
3578    -14548.326172
3579    -14548.375977
3580    -14548.424805
3581    -14548.473633
3582    -14548.522461
3583    -14548.570312
3584    -14548.620117
3585    -14548.666016
3586    -14548.712891
3587    -14548.758789
3588    -14548.804688
3589    -14548.849609
3590    -14548.894531
3591    -14548.941406
3592    -14548.985352
3593    -14549.031250
3594    -14549.076172
3595    -14549.121094
3596    -14549.166016
3597    -14549.210938
3598    -14549.254883
3599    -14549.299805
3600    -14549.343750
3601    -14549.387695
3602    -14549.432617
3603    -14549.476562
3604    -14549.521484
3605    -14549.564453
3606    -14549.608398
3607    -14549.652344
3608    -14549.696289
3609    -14549.741211
3610    -14549.784180
3611    -14549.828125
3612    -14549.871094
3613    -14549.914062
3614    -14549.958008
3615    -14550.001953
3616    -14550.044922
3617    -14550.087891
3618    -14550.131836
3619    -14550.174805
3620    -14550.217773
3621    -14550.259766
3622    -14550.302734
3623    -14550.346680
3624    -14550.389648
3625    -14550.431641
3626    -14550.475586
3627    -14550.517578
3628    -14550.559570
3629    -14550.602539
3630    -14550.646484
3631    -14550.687500
3632    -14550.730469
3633    -14550.772461
3634    -14550.815430
3635    -14550.857422
3636    -14550.899414
3637    -14550.939453
3638    -14550.978516
3639    -14551.018555
3640    -14551.056641
3641    -14551.095703
3642    -14551.133789
3643    -14551.170898
3644    -14551.208984
3645    -14551.248047
3646    -14551.284180
3647    -14551.322266
3648    -14551.359375
3649    -14551.398438
3650    -14551.436523
3651    -14551.473633
3652    -14551.511719
3653    -14551.547852
3654    -14551.585938
3655    -14551.623047
3656    -14551.662109
3657    -14551.699219
3658    -14551.736328
3659    -14551.773438
3660    -14551.810547
3661    -14551.848633
3662    -14551.886719
3663    -14551.923828
3664    -14551.960938
3665    -14551.998047
3666    -14552.035156
3667    -14552.071289
3668    -14552.108398
3669    -14552.145508
3670    -14552.181641
3671    -14552.218750
3672    -14552.253906
3673    -14552.290039
3674    -14552.326172
3675    -14552.362305
3676    -14552.398438
3677    -14552.433594
3678    -14552.468750
3679    -14552.503906
3680    -14552.540039
3681    -14552.576172
3682    -14552.612305
3683    -14552.647461
3684    -14552.683594
3685    -14552.718750
3686    -14552.753906
3687    -14552.789062
3688    -14552.824219
3689    -14552.860352
3690    -14552.895508
3691    -14552.930664
3692    -14552.966797
3693    -14553.001953
3694    -14553.037109
3695    -14553.072266
3696    -14553.103516
3697    -14553.130859
3698    -14553.160156
3699    -14553.188477
3700    -14553.216797
3701    -14553.246094
3702    -14553.274414
3703    -14553.302734
3704    -14553.331055
3705    -14553.359375
3706    -14553.388672
3707    -14553.416016
3708    -14553.445312
3709    -14553.472656
3710    -14553.501953
3711    -14553.529297
3712    -14553.558594
3713    -14553.586914
3714    -14553.615234
3715    -14553.643555
3716    -14553.672852
3717    -14553.700195
3718    -14553.728516
3719    -14553.756836
3720    -14553.786133
3721    -14553.813477
3722    -14553.842773
3723    -14553.870117
3724    -14553.898438
3725    -14553.927734
3726    -14553.955078
3727    -14553.983398
3728    -14554.011719
3729    -14554.041016
3730    -14554.067383
3731    -14554.096680
3732    -14554.125000
3733    -14554.153320
3734    -14554.181641
3735    -14554.208984
3736    -14554.238281
3737    -14554.265625
3738    -14554.293945
3739    -14554.322266
3740    -14554.349609
3741    -14554.378906
3742    -14554.406250
3743    -14554.435547
3744    -14554.462891
3745    -14554.490234
3746    -14554.519531
3747    -14554.546875
3748    -14554.576172
3749    -14554.603516
3750    -14554.631836
3751    -14554.660156
3752    -14554.687500
3753    -14554.715820
3754    -14554.744141
3755    -14554.771484
3756    -14554.800781
3757    -14554.828125
3758    -14554.857422
3759    -14554.885742
3760    -14554.914062
3761    -14554.941406
3762    -14554.969727
3763    -14554.998047
3764    -14555.026367
3765    -14555.054688
3766    -14555.083008
3767    -14555.111328
3768    -14555.138672
3769    -14555.167969
3770    -14555.196289
3771    -14555.224609
3772    -14555.253906
3773    -14555.281250
3774    -14555.308594
3775    -14555.337891
3776    -14555.367188
3777    -14555.394531
3778    -14555.422852
3779    -14555.452148
3780    -14555.480469
3781    -14555.509766
3782    -14555.538086
3783    -14555.566406
3784    -14555.595703
3785    -14555.624023
3786    -14555.652344
3787    -14555.681641
3788    -14555.710938
3789    -14555.739258
3790    -14555.767578
3791    -14555.796875
3792    -14555.826172
3793    -14555.855469
3794    -14555.884766
3795    -14555.914062
3796    -14555.943359
3797    -14555.972656
3798    -14556.000977
3799    -14556.031250
3800    -14556.060547
3801    -14556.089844
3802    -14556.120117
3803    -14556.148438
3804    -14556.178711
3805    -14556.208984
3806    -14556.238281
3807    -14556.267578
3808    -14556.298828
3809    -14556.328125
3810    -14556.358398
3811    -14556.389648
3812    -14556.418945
3813    -14556.449219
3814    -14556.480469
3815    -14556.510742
3816    -14556.541016
3817    -14556.572266
3818    -14556.603516
3819    -14556.633789
3820    -14556.666016
3821    -14556.696289
3822    -14556.727539
3823    -14556.759766
3824    -14556.791016
3825    -14556.822266
3826    -14556.853516
3827    -14556.883789
3828    -14556.915039
3829    -14556.945312
3830    -14556.976562
3831    -14557.006836
3832    -14557.039062
3833    -14557.070312
3834    -14557.101562
3835    -14557.132812
3836    -14557.164062
3837    -14557.195312
3838    -14557.227539
3839    -14557.259766
3840    -14557.291992
3841    -14557.323242
3842    -14557.356445
3843    -14557.388672
3844    -14557.421875
3845    -14557.455078
3846    -14557.488281
3847    -14557.521484
3848    -14557.554688
3849    -14557.587891
3850    -14557.621094
3851    -14557.655273
3852    -14557.689453
3853    -14557.722656
3854    -14557.757812
3855    -14557.791992
3856    -14557.827148
3857    -14557.861328
3858    -14557.896484
3859    -14557.931641
3860    -14557.966797
3861    -14558.002930
3862    -14558.038086
3863    -14558.074219
3864    -14558.110352
3865    -14558.146484
3866    -14558.183594
3867    -14558.219727
3868    -14558.257812
3869    -14558.294922
3870    -14558.331055
3871    -14558.369141
3872    -14558.406250
3873    -14558.445312
3874    -14558.483398
3875    -14558.521484
3876    -14558.559570
3877    -14558.598633
3878    -14558.636719
3879    -14558.675781
3880    -14558.716797
3881    -14558.755859
3882    -14558.795898
3883    -14558.835938
3884    -14558.875977
3885    -14558.916016
3886    -14558.957031
3887    -14558.998047
3888    -14559.039062
3889    -14559.080078
3890    -14559.122070
3891    -14559.164062
3892    -14559.205078
3893    -14559.248047
3894    -14559.291016
3895    -14559.333984
3896    -14559.375977
3897    -14559.419922
3898    -14559.462891
3899    -14559.505859
3900    -14559.550781
3901    -14559.594727
3902    -14559.638672
3903    -14559.683594
3904    -14559.728516
3905    -14559.773438
3906    -14559.818359
3907    -14559.863281
3908    -14559.910156
3909    -14559.956055
3910    -14560.002930
3911    -14560.048828
3912    -14560.095703
3913    -14560.142578
3914    -14560.189453
3915    -14560.236328
3916    -14560.285156
3917    -14560.333984
3918    -14560.380859
3919    -14560.429688
3920    -14560.478516
3921    -14560.527344
3922    -14560.576172
3923    -14560.625000
3924    -14560.674805
3925    -14560.724609
3926    -14560.774414
3927    -14560.825195
3928    -14560.875977
3929    -14560.926758
3930    -14560.978516
3931    -14561.028320
3932    -14561.080078
3933    -14561.132812
3934    -14561.183594
3935    -14561.236328
3936    -14561.289062
3937    -14561.341797
3938    -14561.394531
3939    -14561.447266
3940    -14561.500977
3941    -14561.554688
3942    -14561.608398
3943    -14561.662109
3944    -14561.716797
3945    -14561.771484
3946    -14561.826172
3947    -14561.879883
3948    -14561.935547
3949    -14561.992188
3950    -14562.047852
3951    -14562.103516
3952    -14562.160156
3953    -14562.216797
3954    -14562.273438
3955    -14562.330078
3956    -14562.386719
3957    -14562.443359
3958    -14562.501953
3959    -14562.560547
3960    -14562.618164
3961    -14562.675781
3962    -14562.735352
3963    -14562.792969
3964    -14562.853516
3965    -14562.912109
3966    -14562.971680
3967    -14563.031250
3968    -14563.091797
3969    -14563.152344
3970    -14563.211914
3971    -14563.272461
3972    -14563.333008
3973    -14563.394531
3974    -14563.456055
3975    -14563.517578
3976    -14563.579102
3977    -14563.641602
3978    -14563.705078
3979    -14563.767578
3980    -14563.830078
3981    -14563.892578
3982    -14563.957031
3983    -14564.019531
3984    -14564.083984
3985    -14564.148438
3986    -14564.211914
3987    -14564.276367
3988    -14564.340820
3989    -14564.406250
3990    -14564.472656
3991    -14564.537109
3992    -14564.602539
3993    -14564.669922
3994    -14564.735352
3995    -14564.800781
3996    -14564.867188
3997    -14564.934570
3998    -14565.001953
3999    -14565.069336
4000    -14565.136719
4001    -14565.205078
4002    -14565.272461
4003    -14565.340820
4004    -14565.409180
4005    -14565.478516
4006    -14565.546875
4007    -14565.616211
4008    -14565.685547
4009    -14565.753906
4010    -14565.824219
4011    -14565.892578
4012    -14565.962891
4013    -14566.033203
4014    -14566.104492
4015    -14566.174805
4016    -14566.246094
4017    -14566.316406
4018    -14566.388672
4019    -14566.458984
4020    -14566.529297
4021    -14566.601562
4022    -14566.671875
4023    -14566.745117
4024    -14566.816406
4025    -14566.888672
4026    -14566.960938
4027    -14567.032227
4028    -14567.105469
4029    -14567.177734
4030    -14567.250000
4031    -14567.323242
4032    -14567.395508
4033    -14567.468750
4034    -14567.541016
4035    -14567.614258
4036    -14567.687500
4037    -14567.759766
4038    -14567.833008
4039    -14567.906250
4040    -14567.980469
4041    -14568.052734
4042    -14568.125977
4043    -14568.199219
4044    -14568.271484
4045    -14568.340820
4046    -14568.411133
4047    -14568.480469
4048    -14568.550781
4049    -14568.621094
4050    -14568.689453
4051    -14568.759766
4052    -14568.830078
4053    -14568.900391
4054    -14568.969727
4055    -14569.038086
4056    -14569.108398
4057    -14569.177734
4058    -14569.247070
4059    -14569.316406
4060    -14569.384766
4061    -14569.455078
4062    -14569.522461
4063    -14569.588867
4064    -14569.656250
4065    -14569.724609
4066    -14569.791016
4067    -14569.857422
4068    -14569.924805
4069    -14569.991211
4070    -14570.057617
4071    -14570.123047
4072    -14570.189453
4073    -14570.255859
4074    -14570.321289
4075    -14570.386719
4076    -14570.452148
4077    -14570.517578
4078    -14570.583008
4079    -14570.646484
4080    -14570.711914
4081    -14570.776367
4082    -14570.839844
4083    -14570.903320
4084    -14570.965820
4085    -14571.029297
4086    -14571.091797
4087    -14571.154297
4088    -14571.216797
4089    -14571.278320
4090    -14571.339844
4091    -14571.402344
4092    -14571.462891
4093    -14571.523438
4094    -14571.584961
4095    -14571.646484
4096    -14571.707031
4097    -14571.766602
4098    -14571.826172
4099    -14571.885742
4100    -14571.945312
4101    -14572.003906
4102    -14572.062500
4103    -14572.123047
4104    -14572.180664
4105    -14572.238281
4106    -14572.296875
4107    -14572.354492
4108    -14572.412109
4109    -14572.468750
4110    -14572.526367
4111    -14572.583008
4112    -14572.638672
4113    -14572.695312
4114    -14572.751953
4115    -14572.808594
4116    -14572.862305
4117    -14572.916992
4118    -14572.972656
4119    -14573.027344
4120    -14573.081055
4121    -14573.134766
4122    -14573.189453
4123    -14573.242188
4124    -14573.294922
4125    -14573.348633
4126    -14573.400391
4127    -14573.453125
4128    -14573.505859
4129    -14573.558594
4130    -14573.610352
4131    -14573.662109
4132    -14573.713867
4133    -14573.765625
4134    -14573.815430
4135    -14573.867188
4136    -14573.917969
4137    -14573.968750
4138    -14574.019531
4139    -14574.068359
4140    -14574.119141
4141    -14574.167969
4142    -14574.216797
4143    -14574.267578
4144    -14574.316406
4145    -14574.365234
4146    -14574.414062
4147    -14574.462891
4148    -14574.511719
4149    -14574.558594
4150    -14574.607422
4151    -14574.656250
4152    -14574.703125
4153    -14574.750000
4154    -14574.797852
4155    -14574.843750
4156    -14574.891602
4157    -14574.939453
4158    -14574.985352
4159    -14575.032227
4160    -14575.079102
4161    -14575.125000
4162    -14575.171875
4163    -14575.216797
4164    -14575.263672
4165    -14575.308594
4166    -14575.355469
4167    -14575.400391
4168    -14575.445312
4169    -14575.490234
4170    -14575.537109
4171    -14575.582031
4172    -14575.626953
4173    -14575.671875
4174    -14575.715820
4175    -14575.760742
4176    -14575.804688
4177    -14575.849609
4178    -14575.894531
4179    -14575.937500
4180    -14575.982422
4181    -14576.026367
4182    -14576.071289
4183    -14576.114258
4184    -14576.158203
4185    -14576.202148
4186    -14576.245117
4187    -14576.290039
4188    -14576.333984
4189    -14576.376953
4190    -14576.419922
4191    -14576.462891
4192    -14576.507812
4193    -14576.549805
4194    -14576.593750
4195    -14576.636719
4196    -14576.679688
4197    -14576.722656
4198    -14576.766602
4199    -14576.809570
4200    -14576.852539
4201    -14576.896484
4202    -14576.939453
4203    -14576.983398
4204    -14577.025391
4205    -14577.068359
4206    -14577.111328
4207    -14577.154297
4208    -14577.198242
4209    -14577.241211
4210    -14577.283203
4211    -14577.327148
4212    -14577.371094
4213    -14577.414062
4214    -14577.457031
4215    -14577.500977
4216    -14577.544922
4217    -14577.587891
4218    -14577.630859
4219    -14577.675781
4220    -14577.718750
4221    -14577.763672
4222    -14577.806641
4223    -14577.849609
4224    -14577.893555
4225    -14577.938477
4226    -14577.982422
4227    -14578.026367
4228    -14578.070312
4229    -14578.115234
4230    -14578.159180
4231    -14578.204102
4232    -14578.249023
4233    -14578.292969
4234    -14578.338867
4235    -14578.382812
4236    -14578.428711
4237    -14578.474609
4238    -14578.520508
4239    -14578.566406
4240    -14578.611328
4241    -14578.658203
4242    -14578.705078
4243    -14578.750000
4244    -14578.797852
4245    -14578.843750
4246    -14578.890625
4247    -14578.938477
4248    -14578.986328
4249    -14579.033203
4250    -14579.081055
4251    -14579.128906
4252    -14579.177734
4253    -14579.225586
4254    -14579.274414
4255    -14579.324219
4256    -14579.373047
4257    -14579.421875
4258    -14579.471680
4259    -14579.521484
4260    -14579.572266
4261    -14579.622070
4262    -14579.673828
4263    -14579.723633
4264    -14579.775391
4265    -14579.826172
4266    -14579.875977
4267    -14579.921875
4268    -14579.968750
4269    -14580.016602
4270    -14580.062500
4271    -14580.111328
4272    -14580.158203
4273    -14580.208008
4274    -14580.257812
4275    -14580.306641
4276    -14580.355469
4277    -14580.401367
4278    -14580.448242
4279    -14580.496094
4280    -14580.542969
4281    -14580.590820
4282    -14580.639648
4283    -14580.688477
4284    -14580.738281
4285    -14580.787109
4286    -14580.835938
4287    -14580.884766
4288    -14580.933594
4289    -14580.983398
4290    -14581.033203
4291    -14581.083984
4292    -14581.134766
4293    -14581.185547
4294    -14581.238281
4295    -14581.289062
4296    -14581.341797
4297    -14581.394531
4298    -14581.448242
4299    -14581.501953
4300    -14581.555664
4301    -14581.609375
4302    -14581.665039
4303    -14581.720703
4304    -14581.775391
4305    -14581.831055
4306    -14581.887695
4307    -14581.944336
4308    -14582.001953
4309    -14582.058594
4310    -14582.116211
4311    -14582.175781
4312    -14582.232422
4313    -14582.291992
4314    -14582.350586
4315    -14582.410156
4316    -14582.470703
4317    -14582.530273
4318    -14582.589844
4319    -14582.650391
4320    -14582.711914
4321    -14582.773438
4322    -14582.833984
4323    -14582.896484
4324    -14582.958008
4325    -14583.020508
4326    -14583.082031
4327    -14583.146484
4328    -14583.208984
4329    -14583.271484
4330    -14583.334961
4331    -14583.398438
4332    -14583.461914
4333    -14583.525391
4334    -14583.590820
4335    -14583.654297
4336    -14583.718750
4337    -14583.783203
4338    -14583.847656
4339    -14583.913086
4340    -14583.978516
4341    -14584.042969
4342    -14584.107422
4343    -14584.172852
4344    -14584.238281
4345    -14584.303711
4346    -14584.369141
4347    -14584.434570
4348    -14584.500000
4349    -14584.565430
4350    -14584.630859
4351    -14584.695312
4352    -14584.759766
4353    -14584.825195
4354    -14584.890625
4355    -14584.955078
4356    -14585.020508
4357    -14585.085938
4358    -14585.150391
4359    -14585.213867
4360    -14585.279297
4361    -14585.343750
4362    -14585.409180
4363    -14585.472656
4364    -14585.538086
4365    -14585.601562
4366    -14585.666992
4367    -14585.730469
4368    -14585.794922
4369    -14585.857422
4370    -14585.921875
4371    -14585.985352
4372    -14586.048828
4373    -14586.112305
4374    -14586.175781
4375    -14586.238281
4376    -14586.301758
4377    -14586.364258
4378    -14586.425781
4379    -14586.488281
4380    -14586.551758
4381    -14586.614258
4382    -14586.675781
4383    -14586.738281
4384    -14586.798828
4385    -14586.860352
4386    -14586.921875
4387    -14586.982422
4388    -14587.043945
4389    -14587.104492
4390    -14587.166016
4391    -14587.224609
4392    -14587.285156
4393    -14587.345703
4394    -14587.404297
4395    -14587.464844
4396    -14587.523438
4397    -14587.583984
4398    -14587.641602
4399    -14587.701172
4400    -14587.758789
4401    -14587.817383
4402    -14587.875000
4403    -14587.933594
4404    -14587.992188
4405    -14588.048828
4406    -14588.107422
4407    -14588.164062
4408    -14588.220703
4409    -14588.278320
4410    -14588.335938
4411    -14588.391602
4412    -14588.448242
4413    -14588.503906
4414    -14588.559570
4415    -14588.615234
4416    -14588.671875
4417    -14588.726562
4418    -14588.782227
4419    -14588.836914
4420    -14588.892578
4421    -14588.947266
4422    -14589.001953
4423    -14589.055664
4424    -14589.111328
4425    -14589.164062
4426    -14589.218750
4427    -14589.272461
4428    -14589.325195
4429    -14589.378906
4430    -14589.432617
4431    -14589.486328
4432    -14589.539062
4433    -14589.591797
4434    -14589.644531
4435    -14589.697266
4436    -14589.750000
4437    -14589.802734
4438    -14589.855469
4439    -14589.907227
4440    -14589.959961
4441    -14590.011719
4442    -14590.064453
4443    -14590.115234
4444    -14590.166992
4445    -14590.218750
4446    -14590.270508
4447    -14590.322266
4448    -14590.373047
4449    -14590.423828
4450    -14590.474609
4451    -14590.525391
4452    -14590.578125
4453    -14590.626953
4454    -14590.678711
4455    -14590.730469
4456    -14590.781250
4457    -14590.832031
4458    -14590.881836
4459    -14590.933594
4460    -14590.983398
4461    -14591.033203
4462    -14591.083984
4463    -14591.134766
4464    -14591.185547
4465    -14591.235352
4466    -14591.286133
4467    -14591.335938
4468    -14591.386719
4469    -14591.437500
4470    -14591.487305
4471    -14591.537109
4472    -14591.587891
4473    -14591.638672
4474    -14591.689453
4475    -14591.739258
4476    -14591.790039
4477    -14591.840820
4478    -14591.891602
4479    -14591.942383
4480    -14591.992188
4481    -14592.042969
4482    -14592.093750
4483    -14592.145508
4484    -14592.195312
4485    -14592.246094
4486    -14592.298828
4487    -14592.349609
4488    -14592.400391
4489    -14592.452148
4490    -14592.503906
4491    -14592.555664
4492    -14592.606445
4493    -14592.658203
4494    -14592.710938
4495    -14592.762695
4496    -14592.814453
4497    -14592.867188
4498    -14592.919922
4499    -14592.972656
4500    -14593.025391
4501    -14593.078125
4502    -14593.131836
4503    -14593.185547
4504    -14593.238281
4505    -14593.291992
4506    -14593.345703
4507    -14593.401367
4508    -14593.455078
4509    -14593.509766
4510    -14593.564453
4511    -14593.619141
4512    -14593.674805
4513    -14593.730469
4514    -14593.786133
4515    -14593.842773
4516    -14593.898438
4517    -14593.955078
4518    -14594.012695
4519    -14594.069336
4520    -14594.126953
4521    -14594.184570
4522    -14594.242188
4523    -14594.300781
4524    -14594.355469
4525    -14594.406250
4526    -14594.458008
4527    -14594.509766
4528    -14594.562500
4529    -14594.615234
4530    -14594.667969
4531    -14594.721680
4532    -14594.775391
4533    -14594.829102
4534    -14594.884766
4535    -14594.940430
4536    -14594.995117
4537    -14595.052734
4538    -14595.109375
4539    -14595.165039
4540    -14595.223633
4541    -14595.282227
4542    -14595.339844
4543    -14595.399414
4544    -14595.458984
4545    -14595.518555
4546    -14595.580078
4547    -14595.640625
4548    -14595.701172
4549    -14595.762695
4550    -14595.825195
4551    -14595.887695
4552    -14595.951172
4553    -14596.014648
4554    -14596.078125
4555    -14596.143555
4556    -14596.208984
4557    -14596.274414
4558    -14596.340820
4559    -14596.408203
4560    -14596.476562
4561    -14596.542969
4562    -14596.613281
4563    -14596.681641
4564    -14596.751953
4565    -14596.823242
4566    -14596.893555
4567    -14596.964844
4568    -14597.037109
4569    -14597.111328
4570    -14597.183594
4571    -14597.258789
4572    -14597.333984
4573    -14597.410156
4574    -14597.484375
4575    -14597.561523
4576    -14597.638672
4577    -14597.716797
4578    -14597.794922
4579    -14597.874023
4580    -14597.954102
4581    -14598.035156
4582    -14598.115234
4583    -14598.197266
4584    -14598.280273
4585    -14598.362305
4586    -14598.446289
4587    -14598.529297
4588    -14598.615234
4589    -14598.699219
4590    -14598.786133
4591    -14598.873047
4592    -14598.959961
4593    -14599.047852
4594    -14599.135742
4595    -14599.224609
4596    -14599.314453
4597    -14599.405273
4598    -14599.496094
4599    -14599.587891
4600    -14599.679688
4601    -14599.772461
4602    -14599.865234
4603    -14599.957031
4604    -14600.050781
4605    -14600.144531
4606    -14600.238281
4607    -14600.333984
4608    -14600.429688
4609    -14600.525391
4610    -14600.622070
4611    -14600.718750
4612    -14600.816406
4613    -14600.915039
4614    -14601.013672
4615    -14601.113281
4616    -14601.212891
4617    -14601.313477
4618    -14601.413086
4619    -14601.513672
4620    -14601.616211
4621    -14601.718750
4622    -14601.820312
4623    -14601.923828
4624    -14602.026367
4625    -14602.130859
4626    -14602.234375
4627    -14602.339844
4628    -14602.445312
4629    -14602.550781
4630    -14602.656250
4631    -14602.761719
4632    -14602.869141
4633    -14602.976562
4634    -14603.082031
4635    -14603.189453
4636    -14603.297852
4637    -14603.406250
4638    -14603.513672
4639    -14603.623047
4640    -14603.732422
4641    -14603.840820
4642    -14603.950195
4643    -14604.059570
4644    -14604.169922
4645    -14604.279297
4646    -14604.388672
4647    -14604.499023
4648    -14604.609375
4649    -14604.720703
4650    -14604.831055
4651    -14604.941406
4652    -14605.050781
4653    -14605.162109
4654    -14605.273438
4655    -14605.383789
4656    -14605.494141
4657    -14605.605469
4658    -14605.715820
4659    -14605.826172
4660    -14605.937500
4661    -14606.046875
4662    -14606.158203
4663    -14606.267578
4664    -14606.377930
4665    -14606.488281
4666    -14606.597656
4667    -14606.708008
4668    -14606.817383
4669    -14606.926758
4670    -14607.036133
4671    -14607.144531
4672    -14607.252930
4673    -14607.361328
4674    -14607.469727
4675    -14607.577148
4676    -14607.685547
4677    -14607.791992
4678    -14607.899414
4679    -14608.005859
4680    -14608.111328
4681    -14608.217773
4682    -14608.323242
4683    -14608.428711
4684    -14608.531250
4685    -14608.634766
4686    -14608.738281
4687    -14608.839844
4688    -14608.941406
4689    -14609.042969
4690    -14609.143555
4691    -14609.244141
4692    -14609.343750
4693    -14609.443359
4694    -14609.542969
4695    -14609.640625
4696    -14609.739258
4697    -14609.835938
4698    -14609.933594
4699    -14610.030273
4700    -14610.126953
4701    -14610.221680
4702    -14610.318359
4703    -14610.412109
4704    -14610.505859
4705    -14610.599609
4706    -14610.692383
4707    -14610.786133
4708    -14610.878906
4709    -14610.970703
4710    -14611.060547
4711    -14611.151367
4712    -14611.242188
4713    -14611.332031
4714    -14611.420898
4715    -14611.509766
4716    -14611.597656
4717    -14611.686523
4718    -14611.773438
4719    -14611.861328
4720    -14611.947266
4721    -14612.033203
4722    -14612.119141
4723    -14612.204102
4724    -14612.287109
4725    -14612.373047
4726    -14612.456055
4727    -14612.539062
4728    -14612.622070
4729    -14612.704102
4730    -14612.787109
4731    -14612.867188
4732    -14612.948242
4733    -14613.029297
4734    -14613.109375
4735    -14613.189453
4736    -14613.268555
4737    -14613.347656
4738    -14613.425781
4739    -14613.504883
4740    -14613.583008
4741    -14613.659180
4742    -14613.736328
4743    -14613.814453
4744    -14613.889648
4745    -14613.965820
4746    -14614.041016
4747    -14614.116211
4748    -14614.191406
4749    -14614.265625
4750    -14614.339844
4751    -14614.414062
4752    -14614.486328
4753    -14614.560547
4754    -14614.632812
4755    -14614.706055
4756    -14614.778320
4757    -14614.849609
4758    -14614.921875
4759    -14614.993164
4760    -14615.063477
4761    -14615.134766
4762    -14615.205078
4763    -14615.275391
4764    -14615.345703
4765    -14615.416016
4766    -14615.484375
4767    -14615.554688
4768    -14615.624023
4769    -14615.691406
4770    -14615.759766
4771    -14615.829102
4772    -14615.896484
4773    -14615.964844
4774    -14616.032227
4775    -14616.099609
4776    -14616.166992
4777    -14616.232422
4778    -14616.300781
4779    -14616.367188
4780    -14616.433594
4781    -14616.499023
4782    -14616.564453
4783    -14616.630859
4784    -14616.696289
4785    -14616.761719
4786    -14616.828125
4787    -14616.892578
4788    -14616.958984
4789    -14617.023438
4790    -14617.087891
4791    -14617.152344
4792    -14617.216797
4793    -14617.281250
4794    -14617.345703
4795    -14617.409180
4796    -14617.473633
4797    -14617.537109
4798    -14617.601562
4799    -14617.664062
4800    -14617.727539
4801    -14617.791016
4802    -14617.853516
4803    -14617.916016
4804    -14617.978516
4805    -14618.040039
4806    -14618.102539
4807    -14618.164062
4808    -14618.226562
4809    -14618.288086
4810    -14618.349609
4811    -14618.412109
4812    -14618.474609
4813    -14618.535156
4814    -14618.597656
4815    -14618.659180
4816    -14618.720703
4817    -14618.781250
4818    -14618.842773
4819    -14618.904297
4820    -14618.965820
4821    -14619.027344
4822    -14619.088867
4823    -14619.150391
4824    -14619.210938
4825    -14619.272461
4826    -14619.333984
4827    -14619.395508
4828    -14619.456055
4829    -14619.517578
4830    -14619.578125
4831    -14619.640625
4832    -14619.701172
4833    -14619.761719
4834    -14619.824219
4835    -14619.884766
4836    -14619.946289
4837    -14620.006836
4838    -14620.069336
4839    -14620.129883
4840    -14620.191406
4841    -14620.252930
4842    -14620.314453
4843    -14620.369141
4844    -14620.421875
4845    -14620.476562
4846    -14620.529297
4847    -14620.583984
4848    -14620.637695
4849    -14620.692383
4850    -14620.746094
4851    -14620.800781
4852    -14620.855469
4853    -14620.910156
4854    -14620.964844
4855    -14621.019531
4856    -14621.074219
4857    -14621.130859
4858    -14621.185547
4859    -14621.240234
4860    -14621.294922
4861    -14621.351562
4862    -14621.406250
4863    -14621.462891
4864    -14621.519531
4865    -14621.574219
4866    -14621.631836
4867    -14621.687500
4868    -14621.744141
4869    -14621.800781
4870    -14621.857422
4871    -14621.915039
4872    -14621.971680
4873    -14622.029297
4874    -14622.086914
4875    -14622.144531
4876    -14622.202148
4877    -14622.259766
4878    -14622.318359
4879    -14622.375977
4880    -14622.433594
4881    -14622.492188
4882    -14622.550781
4883    -14622.610352
4884    -14622.668945
4885    -14622.727539
4886    -14622.787109
4887    -14622.846680
4888    -14622.906250
4889    -14622.965820
4890    -14623.025391
4891    -14623.085938
4892    -14623.146484
4893    -14623.207031
4894    -14623.267578
4895    -14623.328125
4896    -14623.388672
4897    -14623.449219
4898    -14623.510742
4899    -14623.572266
4900    -14623.633789
4901    -14623.695312
4902    -14623.756836
4903    -14623.818359
4904    -14623.880859
4905    -14623.943359
4906    -14624.004883
4907    -14624.068359
4908    -14624.130859
4909    -14624.193359
4910    -14624.255859
4911    -14624.319336
4912    -14624.382812
4913    -14624.446289
4914    -14624.509766
4915    -14624.573242
4916    -14624.637695
4917    -14624.701172
4918    -14624.764648
4919    -14624.829102
4920    -14624.893555
4921    -14624.957031
4922    -14625.017578
4923    -14625.078125
4924    -14625.138672
4925    -14625.198242
4926    -14625.259766
4927    -14625.319336
4928    -14625.379883
4929    -14625.440430
4930    -14625.500977
4931    -14625.560547
4932    -14625.621094
4933    -14625.679688
4934    -14625.740234
4935    -14625.798828
4936    -14625.859375
4937    -14625.918945
4938    -14625.979492
4939    -14626.039062
4940    -14626.099609
4941    -14626.160156
4942    -14626.220703
4943    -14626.279297
4944    -14626.339844
4945    -14626.400391
4946    -14626.459961
4947    -14626.521484
4948    -14626.581055
4949    -14626.641602
4950    -14626.701172
4951    -14626.761719
4952    -14626.818359
4953    -14626.876953
4954    -14626.933594
4955    -14626.992188
4956    -14627.048828
4957    -14627.107422
4958    -14627.165039
4959    -14627.222656
4960    -14627.279297
4961    -14627.336914
4962    -14627.394531
4963    -14627.451172
4964    -14627.507812
4965    -14627.564453
4966    -14627.621094
4967    -14627.677734
4968    -14627.734375
4969    -14627.790039
4970    -14627.846680
4971    -14627.902344
4972    -14627.958008
4973    -14628.013672
4974    -14628.068359
4975    -14628.125000
4976    -14628.179688
4977    -14628.234375
4978    -14628.290039
4979    -14628.343750
4980    -14628.398438
4981    -14628.451172
4982    -14628.505859
4983    -14628.560547
4984    -14628.613281
4985    -14628.666016
4986    -14628.720703
4987    -14628.773438
4988    -14628.826172
4989    -14628.878906
4990    -14628.931641
4991    -14628.982422
4992    -14629.033203
4993    -14629.085938
4994    -14629.136719
4995    -14629.187500
4996    -14629.239258
4997    -14629.289062
4998    -14629.338867
4999    -14629.388672
5000    -14629.439453
5001    -14629.488281
5002    -14629.538086
5003    -14629.586914
5004    -14629.635742
5005    -14629.683594
5006    -14629.732422
5007    -14629.780273
5008    -14629.828125
5009    -14629.875000
5010    -14629.919922
5011    -14629.966797
5012    -14630.011719
5013    -14630.057617
5014    -14630.102539
5015    -14630.147461
5016    -14630.191406
5017    -14630.236328
5018    -14630.280273
5019    -14630.324219
5020    -14630.367188
5021    -14630.411133
5022    -14630.453125
5023    -14630.496094
5024    -14630.539062
5025    -14630.580078
5026    -14630.623047
5027    -14630.664062
5028    -14630.705078
5029    -14630.746094
5030    -14630.787109
5031    -14630.828125
5032    -14630.867188
5033    -14630.908203
5034    -14630.947266
5035    -14630.986328
5036    -14631.025391
5037    -14631.064453
5038    -14631.103516
5039    -14631.141602
5040    -14631.179688
5041    -14631.217773
5042    -14631.254883
5043    -14631.292969
5044    -14631.329102
5045    -14631.366211
5046    -14631.402344
5047    -14631.438477
5048    -14631.474609
5049    -14631.509766
5050    -14631.544922
5051    -14631.580078
5052    -14631.615234
5053    -14631.650391
5054    -14631.684570
5055    -14631.718750
5056    -14631.753906
5057    -14631.787109
5058    -14631.820312
5059    -14631.853516
5060    -14631.886719
5061    -14631.917969
5062    -14631.949219
5063    -14631.980469
5064    -14632.011719
5065    -14632.042969
5066    -14632.074219
5067    -14632.104492
5068    -14632.134766
5069    -14632.164062
5070    -14632.194336
5071    -14632.223633
5072    -14632.252930
5073    -14632.282227
5074    -14632.311523
5075    -14632.339844
5076    -14632.368164
5077    -14632.396484
5078    -14632.424805
5079    -14632.453125
5080    -14632.479492
5081    -14632.507812
5082    -14632.535156
5083    -14632.562500
5084    -14632.588867
5085    -14632.616211
5086    -14632.640625
5087    -14632.667969
5088    -14632.694336
5089    -14632.720703
5090    -14632.746094
5091    -14632.771484
5092    -14632.796875
5093    -14632.822266
5094    -14632.847656
5095    -14632.871094
5096    -14632.896484
5097    -14632.919922
5098    -14632.944336
5099    -14632.968750
5100    -14632.992188
5101    -14633.015625
5102    -14633.039062
5103    -14633.062500
5104    -14633.085938
5105    -14633.108398
5106    -14633.131836
5107    -14633.154297
5108    -14633.176758
5109    -14633.199219
5110    -14633.220703
5111    -14633.243164
5112    -14633.264648
5113    -14633.287109
5114    -14633.308594
5115    -14633.330078
5116    -14633.351562
5117    -14633.371094
5118    -14633.392578
5119    -14633.412109
5120    -14633.433594
5121    -14633.455078
5122    -14633.475586
5123    -14633.495117
5124    -14633.515625
5125    -14633.535156
5126    -14633.554688
5127    -14633.574219
5128    -14633.593750
5129    -14633.613281
5130    -14633.632812
5131    -14633.651367
5132    -14633.669922
5133    -14633.689453
5134    -14633.708008
5135    -14633.726562
5136    -14633.744141
5137    -14633.762695
5138    -14633.781250
5139    -14633.799805
5140    -14633.816406
5141    -14633.834961
5142    -14633.852539
5143    -14633.869141
5144    -14633.885742
5145    -14633.902344
5146    -14633.917969
5147    -14633.933594
5148    -14633.949219
5149    -14633.964844
5150    -14633.980469
5151    -14633.996094
5152    -14634.011719
5153    -14634.027344
5154    -14634.041016
5155    -14634.056641
5156    -14634.072266
5157    -14634.085938
5158    -14634.101562
5159    -14634.115234
5160    -14634.130859
5161    -14634.144531
5162    -14634.158203
5163    -14634.173828
5164    -14634.187500
5165    -14634.201172
5166    -14634.214844
5167    -14634.228516
5168    -14634.242188
5169    -14634.255859
5170    -14634.269531
5171    -14634.283203
5172    -14634.295898
5173    -14634.310547
5174    -14634.323242
5175    -14634.335938
5176    -14634.349609
5177    -14634.363281
5178    -14634.375000
5179    -14634.387695
5180    -14634.400391
5181    -14634.412109
5182    -14634.425781
5183    -14634.437500
5184    -14634.450195
5185    -14634.462891
5186    -14634.474609
5187    -14634.486328
5188    -14634.499023
5189    -14634.510742
5190    -14634.522461
5191    -14634.535156
5192    -14634.546875
5193    -14634.558594
5194    -14634.569336
5195    -14634.580078
5196    -14634.592773
5197    -14634.604492
5198    -14634.615234
5199    -14634.625977
5200    -14634.637695
5201    -14634.648438
5202    -14634.660156
5203    -14634.670898
5204    -14634.681641
5205    -14634.693359
5206    -14634.704102
5207    -14634.714844
5208    -14634.724609
5209    -14634.736328
5210    -14634.746094
5211    -14634.756836
5212    -14634.767578
5213    -14634.777344
5214    -14634.788086
5215    -14634.797852
5216    -14634.808594
5217    -14634.819336
5218    -14634.828125
5219    -14634.838867
5220    -14634.849609
5221    -14634.859375
5222    -14634.869141
5223    -14634.878906
5224    -14634.888672
5225    -14634.898438
5226    -14634.903320
5227    -14634.909180
5228    -14634.913086
5229    -14634.917969
5230    -14634.922852
5231    -14634.927734
5232    -14634.933594
5233    -14634.937500
5234    -14634.942383
5235    -14634.947266
