Step            Loss
--------------------
1       -2133.776855
2       -2542.425781
3       -2950.498535
4       -3359.477295
5       -3768.038574
6       -4176.262695
7       -4586.171875
8       -4994.302734
9       -5403.269531
10      -5812.338867
11      -6221.755371
12      -6631.148438
13      -7040.912109
14      -7450.264160
15      -7860.546875
16      -8271.475586
17      -8681.544922
18      -9092.416992
19      -9503.429688
20      -9914.462891
21      -10325.748047
22      -10737.658203
23      -11149.291016
24      -11561.253906
25      -11975.218750
26      -12387.107422
27      -12801.449219
28      -13215.056641
29      -13628.947266
30      -14044.169922
31      -14459.070312
32      -14874.402344
33      -15290.263672
34      -15706.722656
35      -16124.015625
36      -16541.039062
37      -16959.093750
38      -17377.105469
39      -17796.605469
40      -18215.304688
41      -18636.527344
42      -19056.201172
43      -19478.984375
44      -19899.695312
45      -20323.279297
46      -20745.609375
47      -21170.294922
48      -21594.011719
49      -22019.263672
50      -22445.923828
51      -22871.458984
52      -23299.406250
53      -23727.572266
54      -24156.644531
55      -24585.970703
56      -25015.460938
57      -25447.132812
58      -25878.535156
59      -26311.919922
60      -26745.742188
61      -27178.634766
62      -27614.957031
63      -28050.664062
64      -28487.058594
65      -28924.582031
66      -29363.222656
67      -29802.119141
68      -30242.984375
69      -30683.371094
70      -31124.732422
71      -31567.617188
72      -32011.453125
73      -32455.753906
74      -32901.285156
75      -33347.875000
76      -33794.632812
77      -34241.976562
78      -34692.015625
79      -35141.554688
80      -35592.148438
81      -36044.203125
82      -36496.308594
83      -36950.652344
84      -37404.414062
85      -37859.546875
86      -38316.343750
87      -38773.148438
88      -39231.835938
89      -39690.703125
90      -40150.992188
91      -40611.394531
92      -41073.492188
93      -41536.007812
94      -41999.710938
95      -42464.867188
96      -42930.351562
97      -43395.500000
98      -43863.375000
99      -44332.289062
100     -44800.898438
101     -45271.015625
102     -45742.210938
103     -46214.117188
104     -46687.062500
105     -47160.300781
106     -47635.121094
107     -48110.828125
108     -48586.562500
109     -49064.285156
110     -49543.085938
111     -50021.828125
112     -50501.835938
113     -50981.906250
114     -51463.882812
115     -51946.007812
116     -52429.539062
117     -52913.312500
118     -53399.296875
119     -53884.445312
120     -54370.890625
121     -54858.074219
122     -55346.132812
123     -55835.808594
124     -56325.281250
125     -56816.218750
126     -57307.949219
127     -57798.765625
128     -58291.093750
129     -58786.410156
130     -59279.109375
131     -59774.414062
132     -60269.890625
133     -60766.269531
134     -61263.226562
135     -61760.734375
136     -62259.289062
137     -62758.230469
138     -63259.156250
139     -63758.660156
140     -64259.812500
141     -64761.253906
142     -65263.253906
143     -65765.859375
144     -66269.960938
145     -66772.921875
146     -67278.312500
147     -67783.296875
148     -68288.765625
149     -68794.828125
150     -69302.703125
151     -69807.679688
152     -70314.921875
153     -70823.773438
154     -71332.351562
155     -71841.125000
156     -72351.718750
157     -72860.421875
158     -73371.195312
159     -73881.960938
160     -74392.843750
161     -74903.250000
162     -75416.054688
163     -75927.718750
164     -76440.593750
165     -76952.882812
166     -77465.093750
167     -77979.015625
168     -78492.671875
169     -79005.140625
170     -79520.171875
171     -80032.539062
172     -80548.382812
173     -81062.101562
174     -81577.281250
175     -82091.265625
176     -82606.453125
177     -83122.625000
178     -83636.875000
179     -84151.375000
180     -84667.625000
181     -85183.250000
182     -85698.328125
183     -86214.359375
184     -86728.937500
185     -87244.937500
186     -87760.328125
187     -88275.078125
188     -88789.507812
189     -89307.156250
190     -89822.343750
191     -90337.078125
192     -90851.265625
193     -91366.734375
194     -91882.117188
195     -92397.023438
196     -92911.445312
197     -93426.484375
198     -93939.828125
199     -94455.031250
200     -94967.890625
201     -95481.398438
202     -95994.234375
203     -96508.187500
204     -97021.375000
205     -97532.953125
206     -98046.062500
207     -98557.820312
208     -99068.875000
209     -99579.500000
210     -100089.859375
211     -100599.687500
212     -101110.109375
213     -101619.000000
214     -102128.890625
215     -102638.984375
216     -103145.093750
217     -103653.226562
218     -104160.937500
219     -104667.140625
220     -105172.843750
221     -105678.195312
222     -106183.046875
223     -106688.312500
224     -107191.031250
225     -107694.476562
226     -108197.609375
227     -108700.898438
228     -109200.609375
229     -109702.421875
230     -110203.335938
231     -110701.960938
232     -111200.804688
233     -111700.421875
234     -112195.867188
235     -112692.703125
236     -113188.960938
237     -113685.140625
238     -114179.085938
239     -114672.406250
240     -115165.867188
241     -115656.273438
242     -116149.054688
243     -116639.523438
244     -117128.937500
245     -117618.484375
246     -118107.179688
247     -118592.656250
248     -119080.117188
249     -119565.343750
250     -120049.515625
251     -120531.578125
252     -121017.671875
253     -121496.648438
254     -121978.250000
255     -122458.062500
256     -122936.828125
257     -123416.328125
258     -123892.054688
259     -124369.148438
260     -124843.406250
261     -125318.742188
262     -125789.320312
263     -126261.492188
264     -126732.804688
265     -127201.656250
266     -127671.750000
267     -128138.343750
268     -128605.960938
269     -129069.710938
270     -129534.937500
271     -129998.171875
272     -130461.500000
273     -130920.968750
274     -131382.312500
275     -131841.328125
276     -132298.312500
277     -132753.953125
278     -133210.359375
279     -133663.812500
280     -134116.171875
281     -134569.453125
282     -135019.031250
283     -135468.281250
284     -135917.312500
285     -136363.359375
286     -136808.625000
287     -137254.500000
288     -137695.718750
289     -138138.812500
290     -138578.984375
291     -139017.500000
292     -139456.281250
293     -139891.718750
294     -140326.625000
295     -140760.281250
296     -141193.421875
297     -141624.937500
298     -142052.468750
299     -142482.687500
300     -142909.343750
301     -143337.156250
302     -143761.250000
303     -144184.312500
304     -144607.765625
305     -145026.156250
306     -145444.875000
307     -145863.671875
308     -146281.312500
309     -146695.468750
310     -147108.500000
311     -147520.218750
312     -147934.234375
313     -148342.437500
314     -148749.281250
315     -149157.468750
316     -149562.906250
317     -149964.812500
318     -150369.562500
319     -150770.937500
320     -151169.968750
321     -151568.625000
322     -151966.593750
323     -152361.687500
324     -152755.312500
325     -153147.500000
326     -153537.656250
327     -153927.921875
328     -154318.093750
329     -154704.421875
330     -155090.187500
331     -155473.500000
332     -155856.234375
333     -156237.359375
334     -156617.265625
335     -156994.750000
336     -157372.859375
337     -157748.296875
338     -158123.250000
339     -158494.359375
340     -158865.171875
341     -159235.406250
342     -159602.546875
343     -159968.109375
344     -160334.734375
345     -160698.703125
346     -161060.406250
347     -161420.562500
348     -161780.187500
349     -162138.734375
350     -162491.796875
351     -162845.906250
352     -163200.031250
353     -163551.015625
354     -163900.500000
355     -164249.781250
356     -164596.843750
357     -164940.968750
358     -165285.078125
359     -165626.781250
360     -165967.406250
361     -166305.171875
362     -166641.171875
363     -166976.921875
364     -167312.031250
365     -167644.906250
366     -167977.468750
367     -168307.421875
368     -168634.468750
369     -168962.125000
370     -169286.687500
371     -169610.718750
372     -169932.375000
373     -170251.968750
374     -170569.765625
375     -170887.156250
376     -171203.984375
377     -171517.328125
378     -171828.343750
379     -172139.875000
380     -172450.531250
381     -172758.609375
382     -173064.906250
383     -173370.140625
384     -173674.125000
385     -173975.265625
386     -174276.296875
387     -174574.156250
388     -174871.562500
389     -175166.671875
390     -175461.750000
391     -175752.125000
392     -176043.953125
393     -176334.671875
394     -176623.015625
395     -176909.218750
396     -177193.109375
397     -177478.937500
398     -177759.593750
399     -178042.093750
400     -178320.515625
401     -178598.687500
402     -178874.046875
403     -179149.125000
404     -179422.125000
405     -179692.281250
406     -179961.718750
407     -180230.234375
408     -180497.859375
409     -180764.812500
410     -181026.640625
411     -181289.000000
412     -181548.937500
413     -181807.671875
414     -182065.968750
415     -182323.625000
416     -182579.656250
417     -182832.687500
418     -183085.750000
419     -183337.437500
420     -183587.625000
421     -183837.296875
422     -184084.156250
423     -184329.718750
424     -184573.000000
425     -184816.593750
426     -185055.750000
427     -185295.093750
428     -185533.968750
429     -185769.656250
430     -186002.171875
431     -186234.562500
432     -186466.062500
433     -186695.296875
434     -186924.500000
435     -187151.468750
436     -187377.390625
437     -187601.812500
438     -187825.281250
439     -188047.296875
440     -188266.375000
441     -188484.562500
442     -188702.015625
443     -188918.687500
444     -189134.468750
445     -189346.218750
446     -189557.609375
447     -189767.937500
448     -189977.609375
449     -190184.218750
450     -190391.718750
451     -190597.625000
452     -190802.156250
453     -191003.218750
454     -191203.765625
455     -191403.250000
456     -191601.609375
457     -191799.640625
458     -191995.562500
459     -192190.000000
460     -192381.687500
461     -192575.546875
462     -192767.109375
463     -192955.593750
464     -193144.406250
465     -193331.656250
466     -193516.703125
467     -193700.109375
468     -193882.531250
469     -194063.312500
470     -194243.187500
471     -194422.046875
472     -194598.843750
473     -194775.515625
474     -194950.187500
475     -195124.406250
476     -195294.625000
477     -195464.953125
478     -195632.750000
479     -195800.750000
480     -195965.875000
481     -196129.796875
482     -196294.875000
483     -196455.406250
484     -196617.125000
485     -196777.250000
486     -196935.078125
487     -197092.421875
488     -197247.218750
489     -197403.109375
490     -197558.437500
491     -197708.906250
492     -197860.281250
493     -198011.000000
494     -198158.968750
495     -198306.296875
496     -198454.453125
497     -198599.625000
498     -198743.375000
499     -198886.578125
500     -199028.156250
501     -199168.484375
502     -199307.687500
503     -199446.593750
504     -199583.281250
505     -199720.234375
506     -199856.500000
507     -199989.875000
508     -200122.171875
509     -200254.156250
510     -200385.312500
511     -200515.953125
512     -200643.250000
513     -200770.562500
514     -200897.406250
515     -201022.093750
516     -201145.125000
517     -201268.468750
518     -201391.375000
519     -201511.312500
520     -201631.812500
521     -201750.296875
522     -201868.734375
523     -201985.453125
524     -202102.281250
525     -202218.640625
526     -202331.359375
527     -202444.781250
528     -202557.593750
529     -202668.140625
530     -202779.281250
531     -202887.937500
532     -202996.937500
533     -203104.500000
534     -203209.296875
535     -203316.078125
536     -203420.406250
537     -203523.281250
538     -203626.500000
539     -203726.468750
540     -203828.062500
541     -203928.468750
542     -204027.093750
543     -204126.218750
544     -204222.953125
545     -204319.265625
546     -204415.218750
547     -204510.062500
548     -204603.812500
549     -204696.718750
550     -204788.031250
551     -204880.375000
552     -204970.203125
553     -205060.296875
554     -205149.218750
555     -205236.875000
556     -205323.953125
557     -205411.765625
558     -205496.515625
559     -205581.078125
560     -205666.968750
561     -205749.375000
562     -205832.046875
563     -205913.765625
564     -205994.031250
565     -206074.156250
566     -206154.140625
567     -206231.312500
568     -206310.843750
569     -206387.781250
570     -206464.562500
571     -206540.781250
572     -206615.515625
573     -206691.218750
574     -206764.453125
575     -206838.312500
576     -206911.093750
577     -206983.062500
578     -207053.968750
579     -207126.062500
580     -207197.093750
581     -207265.578125
582     -207334.843750
583     -207403.734375
584     -207470.781250
585     -207539.250000
586     -207605.734375
587     -207670.953125
588     -207737.187500
589     -207801.234375
590     -207864.796875
591     -207928.468750
592     -207989.765625
593     -208052.906250
594     -208113.000000
595     -208175.046875
596     -208234.656250
597     -208294.656250
598     -208353.531250
599     -208412.093750
600     -208469.828125
601     -208527.750000
602     -208584.937500
603     -208640.218750
604     -208695.718750
605     -208751.125000
606     -208805.859375
607     -208860.468750
608     -208913.937500
609     -208968.109375
610     -209020.812500
611     -209073.718750
612     -209125.000000
613     -209176.656250
614     -209228.187500
615     -209278.140625
616     -209329.062500
617     -209377.953125
618     -209427.453125
619     -209476.921875
620     -209525.328125
621     -209573.125000
622     -209621.062500
623     -209667.375000
624     -209714.437500
625     -209760.421875
626     -209806.328125
627     -209850.640625
628     -209895.765625
629     -209940.500000
630     -209984.828125
631     -210027.734375
632     -210071.531250
633     -210115.093750
634     -210156.828125
635     -210199.281250
636     -210240.531250
637     -210282.171875
638     -210323.281250
639     -210364.031250
640     -210404.546875
641     -210444.218750
642     -210483.625000
643     -210523.156250
644     -210561.531250
645     -210600.593750
646     -210638.734375
647     -210676.109375
648     -210714.203125
649     -210751.281250
650     -210787.937500
651     -210824.750000
652     -210861.265625
653     -210896.812500
654     -210933.312500
655     -210968.406250
656     -211003.437500
657     -211038.312500
658     -211072.578125
659     -211106.359375
660     -211140.906250
661     -211173.984375
662     -211208.406250
663     -211240.734375
664     -211274.140625
665     -211306.812500
666     -211339.500000
667     -211371.750000
668     -211403.625000
669     -211435.312500
670     -211466.562500
671     -211497.593750
672     -211528.375000
673     -211558.093750
674     -211588.046875
675     -211618.000000
676     -211647.421875
677     -211676.484375
678     -211705.937500
679     -211734.593750
680     -211763.250000
681     -211791.656250
682     -211819.937500
683     -211848.156250
684     -211875.531250
685     -211903.671875
686     -211930.593750
687     -211957.703125
688     -211985.281250
689     -212011.875000
690     -212038.453125
691     -212064.796875
692     -212091.531250
693     -212117.000000
694     -212143.312500
695     -212168.656250
696     -212194.703125
697     -212219.812500
698     -212245.265625
699     -212269.890625
700     -212294.046875
701     -212318.953125
702     -212342.843750
703     -212367.062500
704     -212390.718750
705     -212414.656250
706     -212438.250000
707     -212461.937500
708     -212484.765625
709     -212507.968750
710     -212530.437500
711     -212554.203125
712     -212576.109375
713     -212598.203125
714     -212620.765625
715     -212642.718750
716     -212664.750000
717     -212686.734375
718     -212708.218750
719     -212730.109375
720     -212751.421875
721     -212772.828125
722     -212793.625000
723     -212814.656250
724     -212835.328125
725     -212855.687500
726     -212876.500000
727     -212897.000000
728     -212917.640625
729     -212937.656250
730     -212957.375000
731     -212977.593750
732     -212997.296875
733     -213016.906250
734     -213036.546875
735     -213055.656250
736     -213075.046875
737     -213094.078125
738     -213113.546875
739     -213132.250000
740     -213151.093750
741     -213169.765625
742     -213188.187500
743     -213206.718750
744     -213225.062500
745     -213243.468750
746     -213261.250000
747     -213279.062500
748     -213297.015625
749     -213314.656250
750     -213332.281250
751     -213349.968750
752     -213367.125000
753     -213384.906250
754     -213401.906250
755     -213418.781250
756     -213435.781250
757     -213453.015625
758     -213469.671875
759     -213485.968750
760     -213502.640625
761     -213518.468750
762     -213534.906250
763     -213551.343750
764     -213567.531250
765     -213583.375000
766     -213599.250000
767     -213615.093750
768     -213631.062500
769     -213646.312500
770     -213662.421875
771     -213677.984375
772     -213693.734375
773     -213709.031250
774     -213724.390625
775     -213739.781250
776     -213754.750000
777     -213770.375000
778     -213785.328125
779     -213800.687500
780     -213815.156250
781     -213830.000000
782     -213844.875000
783     -213859.531250
784     -213873.562500
785     -213888.218750
786     -213902.546875
787     -213916.750000
788     -213930.593750
789     -213944.812500
790     -213958.937500
791     -213972.468750
792     -213986.578125
793     -214000.640625
794     -214014.375000
795     -214027.843750
796     -214041.765625
797     -214055.187500
798     -214068.984375
799     -214081.968750
800     -214095.546875
801     -214109.125000
802     -214122.156250
803     -214135.312500
804     -214148.468750
805     -214161.546875
806     -214174.187500
807     -214186.984375
808     -214199.765625
809     -214212.671875
810     -214225.531250
811     -214237.875000
812     -214250.296875
813     -214262.718750
814     -214275.234375
815     -214287.500000
816     -214299.953125
817     -214312.171875
818     -214324.484375
819     -214336.937500
820     -214349.046875
821     -214361.140625
822     -214373.437500
823     -214385.468750
824     -214397.468750
825     -214409.218750
826     -214421.109375
827     -214433.062500
828     -214444.765625
829     -214456.546875
830     -214468.250000
831     -214479.796875
832     -214491.531250
833     -214503.125000
834     -214514.687500
835     -214526.000000
836     -214537.343750
837     -214549.000000
838     -214560.000000
839     -214571.500000
840     -214582.937500
841     -214593.843750
842     -214605.000000
843     -214616.265625
844     -214627.046875
845     -214638.156250
846     -214649.062500
847     -214659.781250
848     -214670.796875
849     -214681.812500
850     -214692.390625
851     -214703.250000
852     -214713.875000
853     -214724.781250
854     -214735.078125
855     -214745.750000
856     -214756.531250
857     -214766.656250
858     -214777.093750
859     -214787.546875
860     -214797.750000
861     -214808.375000
862     -214818.468750
863     -214828.656250
864     -214838.593750
865     -214848.906250
866     -214858.750000
867     -214868.921875
868     -214878.781250
869     -214888.703125
870     -214898.437500
871     -214908.000000
872     -214917.796875
873     -214927.187500
874     -214937.125000
875     -214946.609375
876     -214956.171875
877     -214965.734375
878     -214975.046875
879     -214984.718750
880     -214993.968750
881     -215003.250000
882     -215012.968750
883     -215022.156250
884     -215031.234375
885     -215040.562500
886     -215049.609375
887     -215058.671875
888     -215067.687500
889     -215076.781250
890     -215085.937500
891     -215094.671875
892     -215103.671875
893     -215112.468750
894     -215121.515625
895     -215130.437500
896     -215138.812500
897     -215147.921875
898     -215156.484375
899     -215164.953125
900     -215173.812500
901     -215182.062500
902     -215190.781250
903     -215199.218750
904     -215207.687500
905     -215215.812500
906     -215224.218750
907     -215232.625000
908     -215241.156250
909     -215249.062500
910     -215257.546875
911     -215265.609375
912     -215273.875000
913     -215281.718750
914     -215289.984375
915     -215298.031250
916     -215306.093750
917     -215314.062500
918     -215321.812500
919     -215329.843750
920     -215337.406250
921     -215345.265625
922     -215353.156250
923     -215360.968750
924     -215368.718750
925     -215376.546875
926     -215384.062500
927     -215391.750000
928     -215399.187500
929     -215406.875000
930     -215414.390625
931     -215421.859375
932     -215429.375000
933     -215436.875000
934     -215444.187500
935     -215451.562500
936     -215458.812500
937     -215466.250000
938     -215473.281250
939     -215480.718750
940     -215487.921875
941     -215494.781250
942     -215502.156250
943     -215509.062500
944     -215515.859375
945     -215523.093750
946     -215529.968750
947     -215537.000000
948     -215544.218750
949     -215550.968750
950     -215557.765625
951     -215564.578125
952     -215571.453125
953     -215578.406250
954     -215584.843750
955     -215591.984375
956     -215598.562500
957     -215605.484375
958     -215611.968750
959     -215618.750000
960     -215625.531250
961     -215632.062500
962     -215638.546875
963     -215645.000000
964     -215651.843750
965     -215658.500000
966     -215664.906250
967     -215671.468750
968     -215677.593750
969     -215684.031250
970     -215690.703125
971     -215697.015625
972     -215703.187500
973     -215709.484375
974     -215715.750000
975     -215722.250000
976     -215728.281250
977     -215734.500000
978     -215740.453125
979     -215746.687500
980     -215753.046875
981     -215758.968750
982     -215765.062500
983     -215771.187500
984     -215777.500000
985     -215783.312500
986     -215789.468750
987     -215795.421875
988     -215801.437500
989     -215807.390625
990     -215813.078125
991     -215819.250000
992     -215825.093750
993     -215830.937500
994     -215836.718750
995     -215842.546875
996     -215848.265625
997     -215854.062500
998     -215859.750000
999     -215865.468750
1000    -215870.984375
1001    -215876.515625
1002    -215882.125000
1003    -215887.609375
1004    -215893.250000
1005    -215898.656250
1006    -215904.296875
1007    -215909.531250
1008    -215915.031250
1009    -215920.562500
1010    -215925.796875
1011    -215931.390625
1012    -215936.625000
1013    -215942.140625
1014    -215947.296875
1015    -215952.406250
1016    -215958.000000
1017    -215963.375000
1018    -215968.750000
1019    -215974.046875
1020    -215979.265625
1021    -215984.531250
1022    -215989.625000
1023    -215994.937500
1024    -216000.156250
1025    -216005.406250
1026    -216010.593750
1027    -216015.781250
1028    -216020.843750
1029    -216025.859375
1030    -216031.171875
1031    -216036.281250
1032    -216041.281250
1033    -216046.406250
1034    -216051.343750
1035    -216056.843750
1036    -216061.593750
1037    -216066.656250
1038    -216071.687500
1039    -216076.703125
1040    -216081.625000
1041    -216086.500000
1042    -216091.546875
1043    -216096.281250
1044    -216101.218750
1045    -216106.109375
1046    -216110.875000
1047    -216115.765625
1048    -216120.812500
1049    -216125.531250
1050    -216130.312500
1051    -216135.343750
1052    -216140.015625
1053    -216144.906250
1054    -216149.875000
1055    -216154.562500
1056    -216159.281250
1057    -216164.187500
1058    -216169.031250
1059    -216173.812500
1060    -216178.562500
1061    -216183.468750
1062    -216188.312500
1063    -216192.921875
1064    -216197.390625
1065    -216202.296875
1066    -216206.890625
1067    -216211.453125
1068    -216216.156250
1069    -216220.734375
1070    -216225.453125
1071    -216230.062500
1072    -216234.906250
1073    -216239.406250
1074    -216244.015625
1075    -216248.500000
1076    -216252.843750
1077    -216257.593750
1078    -216262.062500
1079    -216266.421875
1080    -216271.046875
1081    -216275.453125
1082    -216280.015625
1083    -216284.281250
1084    -216288.921875
1085    -216293.203125
1086    -216297.843750
1087    -216302.265625
1088    -216306.671875
1089    -216311.015625
1090    -216315.250000
1091    -216319.765625
1092    -216324.156250
1093    -216328.296875
1094    -216332.828125
1095    -216337.156250
1096    -216341.281250
1097    -216345.562500
1098    -216349.843750
1099    -216354.109375
1100    -216358.406250
1101    -216362.562500
1102    -216367.031250
1103    -216371.375000
1104    -216375.359375
1105    -216379.656250
1106    -216383.656250
1107    -216388.031250
1108    -216392.187500
1109    -216396.125000
1110    -216400.593750
1111    -216404.625000
1112    -216408.781250
1113    -216412.921875
1114    -216417.140625
1115    -216421.312500
1116    -216425.312500
1117    -216429.375000
1118    -216433.750000
1119    -216437.593750
1120    -216442.000000
1121    -216446.000000
1122    -216450.062500
1123    -216454.343750
1124    -216458.250000
1125    -216462.421875
1126    -216466.437500
1127    -216470.406250
1128    -216474.406250
1129    -216478.843750
1130    -216482.718750
1131    -216486.937500
1132    -216490.843750
1133    -216494.937500
1134    -216498.875000
1135    -216502.843750
1136    -216506.718750
1137    -216510.953125
1138    -216515.078125
1139    -216518.843750
1140    -216522.781250
1141    -216526.750000
1142    -216530.812500
1143    -216534.687500
1144    -216538.656250
1145    -216542.781250
1146    -216546.437500
1147    -216550.375000
1148    -216554.187500
1149    -216558.125000
1150    -216562.187500
1151    -216565.968750
1152    -216569.796875
1153    -216573.609375
1154    -216577.281250
1155    -216581.109375
1156    -216585.031250
1157    -216588.687500
1158    -216592.609375
1159    -216596.343750
1160    -216600.203125
1161    -216603.812500
1162    -216607.390625
1163    -216611.312500
1164    -216614.937500
1165    -216618.671875
1166    -216622.562500
1167    -216626.093750
1168    -216629.812500
1169    -216633.593750
1170    -216637.234375
1171    -216640.750000
1172    -216644.546875
1173    -216648.250000
1174    -216651.734375
1175    -216655.406250
1176    -216659.062500
1177    -216662.531250
1178    -216666.156250
1179    -216669.765625
1180    -216673.250000
1181    -216676.875000
1182    -216680.375000
1183    -216684.062500
1184    -216687.375000
1185    -216690.968750
1186    -216694.625000
1187    -216698.125000
1188    -216701.718750
1189    -216705.062500
1190    -216708.500000
1191    -216712.062500
1192    -216715.546875
1193    -216719.062500
1194    -216722.593750
1195    -216726.156250
1196    -216729.468750
1197    -216732.937500
1198    -216736.578125
1199    -216739.921875
1200    -216743.500000
1201    -216746.765625
1202    -216750.281250
1203    -216753.765625
1204    -216757.078125
1205    -216760.484375
1206    -216763.796875
1207    -216767.343750
1208    -216770.609375
1209    -216773.937500
1210    -216777.312500
1211    -216780.687500
1212    -216784.265625
1213    -216787.437500
1214    -216790.750000
1215    -216794.187500
1216    -216797.437500
1217    -216800.906250
1218    -216804.125000
1219    -216807.640625
1220    -216810.937500
1221    -216814.343750
1222    -216817.656250
1223    -216820.906250
1224    -216824.328125
1225    -216827.500000
1226    -216830.937500
1227    -216834.343750
1228    -216837.609375
1229    -216841.046875
1230    -216844.390625
1231    -216847.578125
1232    -216850.812500
1233    -216854.250000
1234    -216857.656250
1235    -216860.875000
1236    -216864.046875
1237    -216867.421875
1238    -216870.656250
1239    -216874.046875
1240    -216877.187500
1241    -216880.500000
1242    -216883.875000
1243    -216887.000000
1244    -216890.437500
1245    -216893.625000
1246    -216896.812500
1247    -216900.187500
1248    -216903.296875
1249    -216906.531250
1250    -216910.000000
1251    -216913.140625
1252    -216916.375000
1253    -216919.687500
1254    -216922.843750
1255    -216926.218750
1256    -216929.218750
1257    -216932.453125
1258    -216935.812500
1259    -216939.062500
1260    -216942.250000
1261    -216945.531250
1262    -216948.656250
1263    -216951.968750
1264    -216955.093750
1265    -216958.203125
1266    -216961.406250
1267    -216964.671875
1268    -216967.906250
1269    -216971.093750
1270    -216974.265625
1271    -216977.437500
1272    -216980.656250
1273    -216983.968750
1274    -216986.937500
1275    -216990.281250
1276    -216993.406250
1277    -216996.390625
1278    -216999.687500
1279    -217002.750000
1280    -217005.968750
1281    -217009.093750
1282    -217012.250000
1283    -217015.375000
1284    -217018.609375
1285    -217021.593750
1286    -217024.718750
1287    -217027.937500
1288    -217030.906250
1289    -217034.156250
1290    -217037.281250
1291    -217040.468750
1292    -217043.406250
1293    -217046.562500
1294    -217049.531250
1295    -217052.812500
1296    -217055.953125
1297    -217058.875000
1298    -217061.921875
1299    -217065.015625
1300    -217068.140625
1301    -217071.218750
1302    -217074.296875
1303    -217077.531250
1304    -217080.281250
1305    -217083.515625
1306    -217086.531250
1307    -217089.875000
1308    -217092.625000
1309    -217095.656250
1310    -217098.843750
1311    -217101.812500
1312    -217104.750000
1313    -217107.859375
1314    -217110.937500
1315    -217113.843750
1316    -217116.906250
1317    -217119.937500
1318    -217122.921875
1319    -217125.953125
1320    -217128.687500
1321    -217131.718750
1322    -217134.781250
1323    -217137.656250
1324    -217140.750000
1325    -217143.640625
1326    -217146.453125
1327    -217149.421875
1328    -217152.578125
1329    -217155.359375
1330    -217158.375000
1331    -217161.250000
1332    -217164.234375
1333    -217167.218750
1334    -217169.968750
1335    -217172.968750
1336    -217175.968750
1337    -217178.968750
1338    -217181.750000
1339    -217184.750000
1340    -217187.781250
1341    -217190.593750
1342    -217193.656250
1343    -217196.421875
1344    -217199.312500
1345    -217202.250000
1346    -217205.078125
1347    -217208.140625
1348    -217210.984375
1349    -217213.968750
1350    -217216.812500
1351    -217219.687500
1352    -217222.406250
1353    -217225.468750
1354    -217228.312500
1355    -217231.281250
1356    -217233.937500
1357    -217236.781250
1358    -217239.640625
1359    -217242.703125
1360    -217245.343750
1361    -217248.015625
1362    -217250.812500
1363    -217253.656250
1364    -217256.375000
1365    -217259.343750
1366    -217262.156250
1367    -217264.968750
1368    -217267.640625
1369    -217270.375000
1370    -217273.093750
1371    -217275.937500
1372    -217278.750000
1373    -217281.359375
1374    -217284.187500
1375    -217286.859375
1376    -217289.750000
1377    -217292.609375
1378    -217295.281250
1379    -217298.031250
1380    -217300.765625
1381    -217303.390625
1382    -217306.062500
1383    -217308.937500
1384    -217311.640625
1385    -217314.437500
1386    -217317.062500
1387    -217319.875000
1388    -217322.593750
1389    -217325.281250
1390    -217327.843750
1391    -217330.687500
1392    -217333.359375
1393    -217335.953125
1394    -217338.765625
1395    -217341.531250
1396    -217344.156250
1397    -217346.875000
1398    -217349.406250
1399    -217352.171875
1400    -217354.765625
1401    -217357.406250
1402    -217360.312500
1403    -217362.718750
1404    -217365.593750
1405    -217368.265625
1406    -217370.781250
1407    -217373.625000
1408    -217376.218750
1409    -217378.937500
1410    -217381.281250
1411    -217384.218750
1412    -217386.640625
1413    -217389.468750
1414    -217392.187500
1415    -217394.515625
1416    -217397.296875
1417    -217399.921875
1418    -217402.546875
1419    -217405.437500
1420    -217407.812500
1421    -217410.250000
1422    -217413.000000
1423    -217415.468750
1424    -217418.203125
1425    -217420.875000
1426    -217423.343750
1427    -217425.984375
1428    -217428.500000
1429    -217431.250000
1430    -217433.812500
1431    -217436.375000
1432    -217439.000000
1433    -217441.531250
1434    -217444.000000
1435    -217446.578125
1436    -217449.078125
1437    -217451.750000
1438    -217454.312500
1439    -217456.875000
1440    -217459.359375
1441    -217461.843750
1442    -217464.515625
1443    -217467.000000
1444    -217469.546875
1445    -217472.046875
1446    -217474.531250
1447    -217477.031250
1448    -217479.437500
1449    -217482.156250
1450    -217484.437500
1451    -217487.156250
1452    -217489.687500
1453    -217492.281250
1454    -217494.718750
1455    -217497.156250
1456    -217499.656250
1457    -217502.203125
1458    -217504.937500
1459    -217507.250000
1460    -217509.875000
1461    -217512.531250
1462    -217514.781250
1463    -217517.281250
1464    -217519.796875
1465    -217522.187500
1466    -217524.718750
1467    -217527.250000
1468    -217529.781250
1469    -217532.187500
1470    -217534.578125
1471    -217537.125000
1472    -217539.609375
1473    -217542.125000
1474    -217544.375000
1475    -217546.906250
1476    -217549.421875
1477    -217551.781250
1478    -217554.218750
1479    -217556.687500
1480    -217559.171875
1481    -217561.468750
1482    -217563.890625
1483    -217566.125000
1484    -217568.765625
1485    -217571.015625
1486    -217573.406250
1487    -217575.781250
1488    -217578.203125
1489    -217580.515625
1490    -217583.062500
1491    -217585.343750
1492    -217587.718750
1493    -217590.171875
1494    -217592.546875
1495    -217594.843750
1496    -217597.187500
1497    -217599.578125
1498    -217602.031250
1499    -217604.156250
1500    -217606.453125
1501    -217608.812500
1502    -217611.203125
1503    -217613.500000
1504    -217615.968750
1505    -217618.187500
1506    -217620.578125
1507    -217622.890625
1508    -217625.125000
1509    -217627.484375
1510    -217629.765625
1511    -217632.187500
1512    -217634.484375
1513    -217636.625000
1514    -217638.937500
1515    -217641.062500
1516    -217643.437500
1517    -217645.984375
1518    -217648.031250
1519    -217650.437500
1520    -217652.500000
1521    -217654.921875
1522    -217657.187500
1523    -217659.453125
1524    -217661.593750
1525    -217664.015625
1526    -217666.140625
1527    -217668.500000
1528    -217670.593750
1529    -217672.968750
1530    -217674.968750
1531    -217677.375000
1532    -217679.593750
1533    -217681.796875
1534    -217683.890625
1535    -217686.062500
1536    -217688.343750
1537    -217690.500000
1538    -217692.687500
1539    -217694.906250
1540    -217697.171875
1541    -217699.093750
1542    -217701.343750
1543    -217703.500000
1544    -217705.593750
1545    -217707.671875
1546    -217709.828125
1547    -217711.937500
1548    -217714.125000
1549    -217716.156250
1550    -217718.156250
1551    -217720.281250
1552    -217722.312500
1553    -217724.484375
1554    -217726.468750
1555    -217728.593750
1556    -217730.625000
1557    -217732.734375
1558    -217734.796875
1559    -217736.843750
1560    -217738.890625
1561    -217740.843750
1562    -217742.921875
1563    -217744.875000
1564    -217747.125000
1565    -217748.984375
1566    -217751.109375
1567    -217753.078125
1568    -217755.031250
1569    -217757.156250
1570    -217759.031250
1571    -217761.250000
1572    -217763.062500
1573    -217765.062500
1574    -217767.093750
1575    -217769.125000
1576    -217771.125000
1577    -217773.156250
1578    -217775.031250
1579    -217777.015625
1580    -217779.062500
1581    -217780.968750
1582    -217782.890625
1583    -217784.640625
1584    -217786.640625
1585    -217788.656250
1586    -217790.703125
1587    -217792.593750
1588    -217794.375000
1589    -217796.343750
1590    -217798.375000
1591    -217800.156250
1592    -217802.031250
1593    -217804.046875
1594    -217805.828125
1595    -217807.875000
1596    -217809.843750
1597    -217811.687500
1598    -217813.515625
1599    -217815.390625
1600    -217817.312500
1601    -217819.156250
1602    -217821.062500
1603    -217822.828125
1604    -217824.531250
1605    -217826.468750
1606    -217828.406250
1607    -217830.093750
1608    -217832.000000
1609    -217834.000000
1610    -217835.890625
1611    -217837.687500
1612    -217839.421875
1613    -217841.265625
1614    -217842.937500
1615    -217844.718750
1616    -217846.640625
1617    -217848.187500
1618    -217850.125000
1619    -217851.875000
1620    -217853.562500
1621    -217855.296875
1622    -217857.093750
1623    -217858.859375
1624    -217860.515625
1625    -217862.296875
1626    -217864.000000
1627    -217865.843750
1628    -217867.468750
1629    -217869.281250
1630    -217871.062500
1631    -217873.031250
1632    -217874.562500
1633    -217876.281250
1634    -217877.937500
1635    -217879.625000
1636    -217881.312500
1637    -217883.093750
1638    -217884.734375
1639    -217886.484375
1640    -217888.140625
1641    -217889.781250
1642    -217891.562500
1643    -217893.250000
1644    -217894.859375
1645    -217896.531250
1646    -217898.140625
1647    -217899.984375
1648    -217901.531250
1649    -217903.203125
1650    -217904.968750
1651    -217906.468750
1652    -217908.140625
1653    -217909.812500
1654    -217911.343750
1655    -217912.937500
1656    -217914.640625
1657    -217916.125000
1658    -217917.765625
1659    -217919.281250
1660    -217920.828125
1661    -217922.359375
1662    -217924.250000
1663    -217925.703125
1664    -217927.375000
1665    -217928.828125
1666    -217930.531250
1667    -217931.968750
1668    -217933.562500
1669    -217934.921875
1670    -217936.562500
1671    -217938.218750
1672    -217939.734375
1673    -217941.312500
1674    -217942.875000
1675    -217944.468750
1676    -217946.031250
1677    -217947.500000
1678    -217949.062500
1679    -217950.703125
1680    -217952.218750
1681    -217953.734375
1682    -217955.265625
1683    -217956.625000
1684    -217958.375000
1685    -217959.875000
1686    -217961.500000
1687    -217962.812500
1688    -217964.406250
1689    -217966.156250
1690    -217967.562500
1691    -217969.062500
1692    -217970.468750
1693    -217972.171875
1694    -217973.750000
1695    -217975.046875
1696    -217976.515625
1697    -217978.062500
1698    -217979.640625
1699    -217981.218750
1700    -217982.562500
1701    -217984.031250
1702    -217985.593750
1703    -217987.015625
1704    -217988.515625
1705    -217990.015625
1706    -217991.500000
1707    -217992.890625
1708    -217994.500000
1709    -217995.812500
1710    -217997.281250
1711    -217998.734375
1712    -218000.203125
1713    -218001.671875
1714    -218003.093750
1715    -218004.656250
1716    -218005.984375
1717    -218007.531250
1718    -218008.984375
1719    -218010.468750
1720    -218011.937500
1721    -218013.265625
1722    -218014.640625
1723    -218016.140625
1724    -218017.562500
1725    -218019.062500
1726    -218020.578125
1727    -218021.875000
1728    -218023.265625
1729    -218024.750000
1730    -218026.046875
1731    -218027.625000
1732    -218029.031250
1733    -218030.484375
1734    -218031.656250
1735    -218033.187500
1736    -218034.812500
1737    -218036.281250
1738    -218037.593750
1739    -218038.906250
1740    -218040.343750
1741    -218041.734375
1742    -218043.250000
1743    -218044.562500
1744    -218046.031250
1745    -218047.375000
1746    -218048.906250
1747    -218050.093750
1748    -218051.562500
1749    -218052.968750
1750    -218054.359375
1751    -218055.843750
1752    -218057.093750
1753    -218058.484375
1754    -218060.015625
1755    -218061.343750
1756    -218062.750000
1757    -218064.125000
1758    -218065.562500
1759    -218066.859375
1760    -218068.265625
1761    -218069.578125
1762    -218071.031250
1763    -218072.328125
1764    -218073.687500
1765    -218075.265625
1766    -218076.515625
1767    -218077.906250
1768    -218079.062500
1769    -218080.453125
1770    -218081.984375
1771    -218083.250000
1772    -218084.640625
1773    -218085.984375
1774    -218087.328125
1775    -218088.593750
1776    -218090.109375
1777    -218091.437500
1778    -218092.656250
1779    -218094.093750
1780    -218095.421875
1781    -218096.781250
1782    -218097.968750
1783    -218099.312500
1784    -218100.562500
1785    -218102.031250
1786    -218103.218750
1787    -218104.578125
1788    -218105.781250
1789    -218107.218750
1790    -218108.468750
1791    -218109.734375
1792    -218111.031250
1793    -218112.343750
1794    -218113.640625
1795    -218114.875000
1796    -218116.156250
1797    -218117.468750
1798    -218118.687500
1799    -218120.000000
1800    -218121.281250
1801    -218122.609375
1802    -218123.781250
1803    -218125.187500
1804    -218126.406250
1805    -218127.781250
1806    -218129.015625
1807    -218130.312500
1808    -218131.531250
1809    -218132.781250
1810    -218133.968750
1811    -218135.312500
1812    -218136.562500
1813    -218137.781250
1814    -218139.093750
1815    -218140.468750
1816    -218141.718750
1817    -218142.875000
1818    -218144.031250
1819    -218145.312500
1820    -218146.593750
1821    -218147.890625
1822    -218148.953125
1823    -218150.312500
1824    -218151.562500
1825    -218152.875000
1826    -218154.125000
1827    -218155.312500
1828    -218156.437500
1829    -218157.843750
1830    -218158.921875
1831    -218160.156250
1832    -218161.343750
1833    -218162.484375
1834    -218163.937500
1835    -218165.125000
1836    -218166.390625
1837    -218167.531250
1838    -218168.703125
1839    -218170.031250
1840    -218171.125000
1841    -218172.500000
1842    -218173.843750
1843    -218174.812500
1844    -218175.984375
1845    -218177.203125
1846    -218178.468750
1847    -218179.671875
1848    -218180.875000
1849    -218182.046875
1850    -218183.125000
1851    -218184.500000
1852    -218185.703125
1853    -218186.718750
1854    -218187.937500
1855    -218189.218750
1856    -218190.531250
1857    -218191.406250
1858    -218192.781250
1859    -218193.984375
1860    -218195.125000
1861    -218196.312500
1862    -218197.421875
1863    -218198.656250
1864    -218199.906250
1865    -218200.968750
1866    -218202.187500
1867    -218203.406250
1868    -218204.625000
1869    -218205.703125
1870    -218206.968750
1871    -218208.218750
1872    -218209.375000
1873    -218210.484375
1874    -218211.593750
1875    -218212.718750
1876    -218214.140625
1877    -218215.187500
1878    -218216.406250
1879    -218217.562500
1880    -218218.718750
1881    -218219.890625
1882    -218221.187500
1883    -218222.390625
1884    -218223.500000
1885    -218224.593750
1886    -218225.796875
1887    -218226.875000
1888    -218228.218750
1889    -218229.343750
1890    -218230.484375
1891    -218231.656250
1892    -218232.875000
1893    -218233.906250
1894    -218235.156250
1895    -218236.281250
1896    -218237.437500
1897    -218238.718750
1898    -218239.750000
1899    -218240.921875
1900    -218242.125000
1901    -218243.312500
1902    -218244.562500
1903    -218245.656250
1904    -218246.843750
1905    -218247.968750
1906    -218249.140625
1907    -218250.312500
1908    -218251.562500
1909    -218252.531250
1910    -218253.718750
1911    -218254.937500
1912    -218256.000000
1913    -218257.234375
1914    -218258.421875
1915    -218259.468750
1916    -218260.656250
1917    -218261.812500
1918    -218262.968750
1919    -218264.203125
1920    -218265.343750
1921    -218266.500000
1922    -218267.656250
1923    -218268.656250
1924    -218269.781250
1925    -218271.000000
1926    -218272.125000
1927    -218273.343750
1928    -218274.500000
1929    -218275.640625
1930    -218276.687500
1931    -218277.796875
1932    -218279.093750
1933    -218280.156250
1934    -218281.328125
1935    -218282.421875
1936    -218283.468750
1937    -218284.625000
1938    -218285.781250
1939    -218286.875000
1940    -218288.062500
1941    -218289.218750
1942    -218290.343750
1943    -218291.500000
1944    -218292.562500
1945    -218293.718750
1946    -218294.859375
1947    -218295.921875
1948    -218297.062500
1949    -218298.312500
1950    -218299.265625
1951    -218300.515625
1952    -218301.484375
1953    -218302.687500
1954    -218303.906250
1955    -218305.062500
1956    -218306.093750
1957    -218307.203125
1958    -218308.265625
1959    -218309.343750
1960    -218310.515625
1961    -218311.671875
1962    -218312.750000
1963    -218313.875000
1964    -218314.953125
1965    -218316.109375
1966    -218317.187500
1967    -218318.375000
1968    -218319.343750
1969    -218320.578125
1970    -218321.703125
1971    -218322.765625
1972    -218323.937500
1973    -218325.000000
1974    -218326.093750
1975    -218327.140625
1976    -218328.265625
1977    -218329.515625
1978    -218330.593750
1979    -218331.718750
1980    -218332.906250
1981    -218333.921875
1982    -218335.125000
1983    -218336.296875
1984    -218337.296875
1985    -218338.500000
1986    -218339.703125
1987    -218340.734375
1988    -218341.828125
1989    -218342.968750
1990    -218344.031250
1991    -218345.125000
1992    -218346.156250
1993    -218347.406250
1994    -218348.406250
1995    -218349.500000
1996    -218350.750000
1997    -218352.000000
1998    -218352.968750
1999    -218354.062500
2000    -218355.218750
2001    -218356.281250
2002    -218357.406250
2003    -218358.562500
2004    -218359.687500
2005    -218360.765625
2006    -218361.750000
2007    -218362.953125
2008    -218363.937500
2009    -218365.093750
2010    -218366.218750
2011    -218367.281250
2012    -218368.375000
2013    -218369.406250
2014    -218370.468750
2015    -218371.562500
2016    -218372.656250
2017    -218373.812500
2018    -218374.781250
2019    -218375.750000
2020    -218376.750000
2021    -218377.843750
2022    -218378.906250
2023    -218379.968750
2024    -218381.125000
2025    -218382.125000
2026    -218383.156250
2027    -218384.187500
2028    -218385.218750
2029    -218386.218750
2030    -218387.390625
2031    -218388.453125
2032    -218389.437500
2033    -218390.531250
2034    -218391.437500
2035    -218392.515625
2036    -218393.687500
2037    -218394.656250
2038    -218395.609375
2039    -218396.703125
2040    -218397.718750
2041    -218398.828125
2042    -218399.828125
2043    -218400.968750
2044    -218401.937500
2045    -218402.953125
2046    -218403.937500
2047    -218405.093750
2048    -218406.250000
2049    -218407.250000
2050    -218408.250000
2051    -218409.312500
2052    -218410.281250
2053    -218411.312500
2054    -218412.343750
2055    -218413.375000
2056    -218414.421875
2057    -218415.578125
2058    -218416.468750
2059    -218417.562500
2060    -218418.593750
2061    -218419.546875
2062    -218420.750000
2063    -218421.750000
2064    -218422.750000
2065    -218423.765625
2066    -218424.671875
2067    -218425.796875
2068    -218426.843750
2069    -218427.875000
2070    -218428.906250
2071    -218429.906250
2072    -218430.968750
2073    -218431.968750
2074    -218433.031250
2075    -218434.031250
2076    -218435.093750
2077    -218436.093750
2078    -218437.125000
2079    -218438.156250
2080    -218439.218750
2081    -218440.312500
2082    -218441.171875
2083    -218442.312500
2084    -218443.265625
2085    -218444.140625
2086    -218445.312500
2087    -218446.406250
2088    -218447.406250
2089    -218448.312500
2090    -218449.281250
2091    -218450.500000
2092    -218451.515625
2093    -218452.468750
2094    -218453.468750
2095    -218454.531250
2096    -218455.390625
2097    -218456.468750
2098    -218457.468750
2099    -218458.531250
2100    -218459.625000
2101    -218460.562500
2102    -218461.656250
2103    -218462.593750
2104    -218463.578125
2105    -218464.687500
2106    -218465.750000
2107    -218466.562500
2108    -218467.625000
2109    -218468.687500
2110    -218469.718750
2111    -218470.656250
2112    -218471.765625
2113    -218472.765625
2114    -218473.750000
2115    -218474.750000
2116    -218475.781250
2117    -218476.718750
2118    -218477.828125
2119    -218478.765625
2120    -218479.734375
2121    -218480.875000
2122    -218481.796875
2123    -218482.750000
2124    -218483.843750
2125    -218484.750000
2126    -218485.750000
2127    -218486.812500
2128    -218487.718750
2129    -218488.703125
2130    -218489.703125
2131    -218490.609375
2132    -218491.562500
2133    -218492.656250
2134    -218493.500000
2135    -218494.562500
2136    -218495.562500
2137    -218496.531250
2138    -218497.500000
2139    -218498.500000
2140    -218499.453125
2141    -218500.500000
2142    -218501.421875
2143    -218502.406250
2144    -218503.328125
2145    -218504.218750
2146    -218505.218750
2147    -218506.187500
2148    -218507.250000
2149    -218508.250000
2150    -218509.156250
2151    -218510.093750
2152    -218511.156250
2153    -218512.015625
2154    -218513.062500
2155    -218514.015625
2156    -218514.937500
2157    -218515.812500
2158    -218516.718750
2159    -218517.718750
2160    -218518.750000
2161    -218519.687500
2162    -218520.687500
2163    -218521.468750
2164    -218522.437500
2165    -218523.343750
2166    -218524.375000
2167    -218525.296875
2168    -218526.187500
2169    -218527.062500
2170    -218527.984375
2171    -218528.984375
2172    -218529.875000
2173    -218530.687500
2174    -218531.656250
2175    -218532.562500
2176    -218533.515625
2177    -218534.531250
2178    -218535.343750
2179    -218536.343750
2180    -218537.187500
2181    -218538.078125
2182    -218538.984375
2183    -218539.796875
2184    -218540.750000
2185    -218541.640625
2186    -218542.562500
2187    -218543.484375
2188    -218544.406250
2189    -218545.312500
2190    -218546.156250
2191    -218547.093750
2192    -218547.937500
2193    -218548.812500
2194    -218549.765625
2195    -218550.531250
2196    -218551.453125
2197    -218552.375000
2198    -218553.250000
2199    -218554.156250
2200    -218554.984375
2201    -218555.921875
2202    -218556.750000
2203    -218557.703125
2204    -218558.390625
2205    -218559.265625
2206    -218560.218750
2207    -218561.062500
2208    -218561.953125
2209    -218562.765625
2210    -218563.593750
2211    -218564.468750
2212    -218565.281250
2213    -218566.265625
2214    -218567.015625
2215    -218567.875000
2216    -218568.828125
2217    -218569.593750
2218    -218570.531250
2219    -218571.328125
2220    -218572.281250
2221    -218573.093750
2222    -218573.812500
2223    -218574.781250
2224    -218575.562500
2225    -218576.343750
2226    -218577.218750
2227    -218577.968750
2228    -218578.906250
2229    -218579.687500
2230    -218580.437500
2231    -218581.375000
2232    -218582.203125
2233    -218582.968750
2234    -218583.781250
2235    -218584.625000
2236    -218585.359375
2237    -218586.187500
2238    -218587.031250
2239    -218587.859375
2240    -218588.593750
2241    -218589.375000
2242    -218590.125000
2243    -218591.031250
2244    -218591.703125
2245    -218592.656250
2246    -218593.375000
2247    -218594.125000
2248    -218594.968750
2249    -218595.750000
2250    -218596.515625
2251    -218597.250000
2252    -218598.125000
2253    -218598.843750
2254    -218599.640625
2255    -218600.343750
2256    -218601.156250
2257    -218601.937500
2258    -218602.718750
2259    -218603.375000
2260    -218604.218750
2261    -218604.937500
2262    -218605.796875
2263    -218606.531250
2264    -218607.156250
2265    -218608.000000
2266    -218608.734375
2267    -218609.562500
2268    -218610.218750
2269    -218611.062500
2270    -218611.703125
2271    -218612.421875
2272    -218613.312500
2273    -218613.906250
2274    -218614.781250
2275    -218615.406250
2276    -218616.078125
2277    -218616.906250
2278    -218617.640625
2279    -218618.375000
2280    -218619.140625
2281    -218619.875000
2282    -218620.562500
2283    -218621.296875
2284    -218622.000000
2285    -218622.828125
2286    -218623.359375
2287    -218624.140625
2288    -218624.781250
2289    -218625.625000
2290    -218626.296875
2291    -218626.968750
2292    -218627.656250
2293    -218628.343750
2294    -218629.203125
2295    -218629.843750
2296    -218630.562500
2297    -218631.250000
2298    -218631.875000
2299    -218632.750000
2300    -218633.406250
2301    -218634.125000
2302    -218634.765625
2303    -218635.375000
2304    -218636.187500
2305    -218636.843750
2306    -218637.671875
2307    -218638.218750
2308    -218639.046875
2309    -218639.750000
2310    -218640.281250
2311    -218641.140625
2312    -218641.750000
2313    -218642.515625
2314    -218643.125000
2315    -218643.984375
2316    -218644.531250
2317    -218645.250000
2318    -218645.843750
2319    -218646.578125
2320    -218647.218750
2321    -218647.953125
2322    -218648.500000
2323    -218649.375000
2324    -218649.921875
2325    -218650.781250
2326    -218651.312500
2327    -218652.031250
2328    -218652.640625
2329    -218653.375000
2330    -218654.000000
2331    -218654.546875
2332    -218655.250000
2333    -218655.968750
2334    -218656.656250
2335    -218657.312500
2336    -218657.984375
2337    -218658.625000
2338    -218659.218750
2339    -218660.000000
2340    -218660.593750
2341    -218661.375000
2342    -218661.968750
2343    -218662.593750
2344    -218663.312500
2345    -218663.937500
2346    -218664.687500
2347    -218665.312500
2348    -218665.968750
2349    -218666.671875
2350    -218667.250000
2351    -218667.968750
2352    -218668.640625
2353    -218669.375000
2354    -218670.093750
2355    -218670.640625
2356    -218671.312500
2357    -218672.031250
2358    -218672.812500
2359    -218673.343750
2360    -218674.031250
2361    -218674.656250
2362    -218675.218750
2363    -218676.031250
2364    -218676.750000
2365    -218677.281250
2366    -218677.968750
2367    -218678.718750
2368    -218679.359375
2369    -218679.984375
2370    -218680.718750
2371    -218681.250000
2372    -218681.953125
2373    -218682.734375
2374    -218683.406250
2375    -218684.015625
2376    -218684.718750
2377    -218685.343750
2378    -218686.031250
2379    -218686.656250
2380    -218687.281250
2381    -218688.031250
2382    -218688.687500
2383    -218689.375000
2384    -218690.015625
2385    -218690.703125
2386    -218691.375000
2387    -218692.062500
2388    -218692.687500
2389    -218693.328125
2390    -218694.000000
2391    -218694.687500
2392    -218695.468750
2393    -218696.156250
2394    -218696.796875
2395    -218697.484375
2396    -218698.125000
2397    -218698.796875
2398    -218699.531250
2399    -218700.343750
2400    -218700.859375
2401    -218701.500000
2402    -218702.187500
2403    -218702.875000
2404    -218703.562500
2405    -218704.218750
2406    -218704.843750
2407    -218705.593750
2408    -218706.312500
2409    -218706.968750
2410    -218707.687500
2411    -218708.281250
2412    -218709.000000
2413    -218709.625000
2414    -218710.437500
2415    -218711.062500
2416    -218711.718750
2417    -218712.500000
2418    -218713.156250
2419    -218713.781250
2420    -218714.515625
2421    -218715.156250
2422    -218715.968750
2423    -218716.546875
2424    -218717.234375
2425    -218717.953125
2426    -218718.593750
2427    -218719.312500
2428    -218720.015625
2429    -218720.671875
2430    -218721.312500
2431    -218722.031250
2432    -218722.687500
2433    -218723.406250
2434    -218724.125000
2435    -218724.781250
2436    -218725.484375
2437    -218726.187500
2438    -218726.750000
2439    -218727.468750
2440    -218728.250000
2441    -218728.843750
2442    -218729.578125
2443    -218730.218750
2444    -218730.906250
2445    -218731.718750
2446    -218732.312500
2447    -218733.031250
2448    -218733.687500
2449    -218734.437500
2450    -218735.093750
2451    -218735.765625
2452    -218736.468750
2453    -218737.187500
2454    -218737.765625
2455    -218738.437500
2456    -218739.140625
2457    -218739.968750
2458    -218740.562500
2459    -218741.281250
2460    -218741.968750
2461    -218742.546875
2462    -218743.437500
2463    -218744.046875
2464    -218744.703125
2465    -218745.421875
2466    -218746.062500
2467    -218746.796875
2468    -218747.281250
2469    -218748.015625
2470    -218748.718750
2471    -218749.421875
2472    -218750.093750
2473    -218750.812500
2474    -218751.453125
2475    -218752.218750
2476    -218752.796875
2477    -218753.437500
2478    -218754.218750
2479    -218754.906250
2480    -218755.562500
2481    -218756.218750
2482    -218756.875000
2483    -218757.546875
2484    -218758.250000
2485    -218758.937500
2486    -218759.531250
2487    -218760.250000
2488    -218760.843750
2489    -218761.546875
2490    -218762.234375
2491    -218763.000000
2492    -218763.625000
2493    -218764.281250
2494    -218764.968750
2495    -218765.687500
2496    -218766.312500
2497    -218766.968750
2498    -218767.656250
2499    -218768.218750
2500    -218768.921875
2501    -218769.687500
2502    -218770.250000
2503    -218771.031250
2504    -218771.671875
2505    -218772.312500
2506    -218772.937500
2507    -218773.640625
2508    -218774.296875
2509    -218774.890625
2510    -218775.546875
2511    -218776.203125
2512    -218776.828125
2513    -218777.515625
2514    -218778.203125
2515    -218778.781250
2516    -218779.562500
2517    -218780.156250
2518    -218780.812500
2519    -218781.359375
2520    -218782.000000
2521    -218782.718750
2522    -218783.453125
2523    -218783.968750
2524    -218784.656250
2525    -218785.218750
2526    -218785.937500
2527    -218786.578125
2528    -218787.140625
2529    -218787.859375
2530    -218788.500000
2531    -218789.125000
2532    -218789.656250
2533    -218790.375000
2534    -218791.031250
2535    -218791.687500
2536    -218792.203125
2537    -218792.921875
2538    -218793.500000
2539    -218794.140625
2540    -218794.843750
2541    -218795.343750
2542    -218796.062500
2543    -218796.625000
2544    -218797.218750
2545    -218797.843750
2546    -218798.437500
2547    -218799.078125
2548    -218799.656250
2549    -218800.281250
2550    -218800.906250
2551    -218801.593750
2552    -218802.187500
2553    -218802.593750
2554    -218803.265625
2555    -218803.906250
2556    -218804.531250
2557    -218805.125000
2558    -218805.718750
2559    -218806.406250
2560    -218806.890625
2561    -218807.546875
2562    -218808.093750
2563    -218808.781250
2564    -218809.437500
2565    -218809.968750
2566    -218810.437500
2567    -218811.093750
2568    -218811.750000
2569    -218812.359375
2570    -218812.968750
2571    -218813.593750
2572    -218814.125000
2573    -218814.625000
2574    -218815.281250
2575    -218815.875000
2576    -218816.515625
2577    -218817.031250
2578    -218817.656250
2579    -218818.218750
2580    -218818.812500
2581    -218819.437500
2582    -218820.000000
2583    -218820.625000
2584    -218821.187500
2585    -218821.812500
2586    -218822.359375
2587    -218823.031250
2588    -218823.546875
2589    -218824.156250
2590    -218824.750000
2591    -218825.437500
2592    -218825.875000
2593    -218826.562500
2594    -218827.062500
2595    -218827.781250
2596    -218828.343750
2597    -218828.921875
2598    -218829.515625
2599    -218830.031250
2600    -218830.640625
2601    -218831.250000
2602    -218831.750000
2603    -218832.500000
2604    -218833.062500
2605    -218833.562500
2606    -218834.203125
2607    -218834.875000
2608    -218835.296875
2609    -218836.078125
2610    -218836.625000
2611    -218837.125000
2612    -218837.781250
2613    -218838.328125
2614    -218838.921875
2615    -218839.484375
2616    -218840.093750
2617    -218840.750000
2618    -218841.296875
2619    -218841.765625
2620    -218842.406250
2621    -218842.937500
2622    -218843.531250
2623    -218844.187500
2624    -218844.687500
2625    -218845.375000
2626    -218845.875000
2627    -218846.406250
2628    -218847.031250
2629    -218847.625000
2630    -218848.187500
2631    -218848.718750
2632    -218849.312500
2633    -218849.812500
2634    -218850.484375
2635    -218851.109375
2636    -218851.687500
2637    -218852.281250
2638    -218852.781250
2639    -218853.437500
2640    -218853.984375
2641    -218854.531250
2642    -218855.171875
2643    -218855.718750
2644    -218856.265625
2645    -218856.890625
2646    -218857.468750
2647    -218857.921875
2648    -218858.593750
2649    -218859.125000
2650    -218859.781250
2651    -218860.328125
2652    -218860.968750
2653    -218861.468750
2654    -218862.156250
2655    -218862.656250
2656    -218863.296875
2657    -218863.843750
2658    -218864.437500
2659    -218865.031250
2660    -218865.593750
2661    -218866.156250
2662    -218866.812500
2663    -218867.390625
2664    -218868.015625
2665    -218868.515625
2666    -218869.062500
2667    -218869.578125
2668    -218870.359375
2669    -218870.937500
2670    -218871.500000
2671    -218872.046875
2672    -218872.609375
2673    -218873.312500
2674    -218873.812500
2675    -218874.359375
2676    -218875.000000
2677    -218875.531250
2678    -218876.156250
2679    -218876.640625
2680    -218877.312500
2681    -218877.968750
2682    -218878.500000
2683    -218879.093750
2684    -218879.656250
2685    -218880.218750
2686    -218880.750000
2687    -218881.375000
2688    -218881.968750
2689    -218882.515625
2690    -218883.078125
2691    -218883.718750
2692    -218884.218750
2693    -218884.781250
2694    -218885.421875
2695    -218886.015625
2696    -218886.546875
2697    -218887.078125
2698    -218887.625000
2699    -218888.265625
2700    -218888.875000
2701    -218889.359375
2702    -218890.031250
2703    -218890.546875
2704    -218891.062500
2705    -218891.625000
2706    -218892.281250
2707    -218892.750000
2708    -218893.375000
2709    -218894.000000
2710    -218894.484375
2711    -218895.031250
2712    -218895.656250
2713    -218896.171875
2714    -218896.750000
2715    -218897.296875
2716    -218897.906250
2717    -218898.406250
2718    -218898.968750
2719    -218899.531250
2720    -218900.093750
2721    -218900.734375
2722    -218901.218750
2723    -218901.718750
2724    -218902.312500
2725    -218902.906250
2726    -218903.437500
2727    -218903.984375
2728    -218904.531250
2729    -218905.125000
2730    -218905.640625
2731    -218906.187500
2732    -218906.781250
2733    -218907.265625
2734    -218907.906250
2735    -218908.437500
2736    -218908.953125
2737    -218909.546875
2738    -218910.156250
2739    -218910.671875
2740    -218911.250000
2741    -218911.750000
2742    -218912.375000
2743    -218912.937500
2744    -218913.421875
2745    -218914.031250
2746    -218914.625000
2747    -218915.203125
2748    -218915.718750
2749    -218916.343750
2750    -218916.812500
2751    -218917.390625
2752    -218918.031250
2753    -218918.562500
2754    -218919.125000
2755    -218919.687500
2756    -218920.250000
2757    -218920.843750
2758    -218921.421875
2759    -218922.000000
2760    -218922.500000
2761    -218923.125000
2762    -218923.593750
2763    -218924.234375
2764    -218924.812500
2765    -218925.390625
2766    -218925.968750
2767    -218926.500000
2768    -218927.078125
2769    -218927.687500
2770    -218928.312500
2771    -218928.875000
2772    -218929.437500
2773    -218930.000000
2774    -218930.578125
2775    -218931.171875
2776    -218931.734375
2777    -218932.406250
2778    -218932.953125
2779    -218933.437500
2780    -218934.125000
2781    -218934.703125
2782    -218935.156250
2783    -218935.781250
2784    -218936.406250
2785    -218936.984375
2786    -218937.593750
2787    -218938.125000
2788    -218938.718750
2789    -218939.375000
2790    -218939.906250
2791    -218940.531250
2792    -218941.062500
2793    -218941.718750
2794    -218942.250000
2795    -218942.906250
2796    -218943.375000
2797    -218944.031250
2798    -218944.625000
2799    -218945.250000
2800    -218945.750000
2801    -218946.390625
2802    -218946.984375
2803    -218947.593750
2804    -218948.187500
2805    -218948.765625
2806    -218949.359375
2807    -218949.953125
2808    -218950.531250
2809    -218951.171875
2810    -218951.718750
2811    -218952.375000
2812    -218952.890625
2813    -218953.500000
2814    -218954.140625
2815    -218954.703125
2816    -218955.281250
2817    -218955.968750
2818    -218956.531250
2819    -218957.125000
2820    -218957.781250
2821    -218958.265625
2822    -218958.843750
2823    -218959.500000
2824    -218960.015625
2825    -218960.656250
2826    -218961.234375
2827    -218961.781250
2828    -218962.359375
2829    -218963.031250
2830    -218963.562500
2831    -218964.218750
2832    -218964.781250
2833    -218965.390625
2834    -218965.937500
2835    -218966.625000
2836    -218967.109375
2837    -218967.718750
2838    -218968.312500
2839    -218968.968750
2840    -218969.531250
2841    -218970.078125
2842    -218970.750000
2843    -218971.343750
2844    -218972.000000
2845    -218972.406250
2846    -218973.078125
2847    -218973.671875
2848    -218974.250000
2849    -218974.781250
2850    -218975.421875
2851    -218975.984375
2852    -218976.625000
2853    -218977.234375
2854    -218977.843750
2855    -218978.437500
2856    -218978.968750
2857    -218979.625000
2858    -218980.093750
2859    -218980.781250
2860    -218981.375000
2861    -218981.921875
2862    -218982.562500
2863    -218983.093750
2864    -218983.750000
2865    -218984.375000
2866    -218984.906250
2867    -218985.562500
2868    -218986.218750
2869    -218986.687500
2870    -218987.328125
2871    -218987.953125
2872    -218988.468750
2873    -218989.093750
2874    -218989.687500
2875    -218990.312500
2876    -218990.875000
2877    -218991.546875
2878    -218992.156250
2879    -218992.656250
2880    -218993.265625
2881    -218993.812500
2882    -218994.468750
2883    -218995.062500
2884    -218995.609375
2885    -218996.156250
2886    -218996.828125
2887    -218997.453125
2888    -218998.046875
2889    -218998.531250
2890    -218999.093750
2891    -218999.750000
2892    -219000.343750
2893    -219000.953125
2894    -219001.593750
2895    -219002.187500
2896    -219002.750000
2897    -219003.312500
2898    -219003.875000
2899    -219004.515625
2900    -219005.156250
2901    -219005.734375
2902    -219006.281250
2903    -219006.968750
2904    -219007.421875
2905    -219008.046875
2906    -219008.687500
2907    -219009.218750
2908    -219009.828125
2909    -219010.390625
2910    -219011.000000
2911    -219011.500000
2912    -219012.109375
2913    -219012.781250
2914    -219013.312500
2915    -219013.843750
2916    -219014.437500
2917    -219015.000000
2918    -219015.593750
2919    -219016.140625
2920    -219016.671875
2921    -219017.234375
2922    -219017.875000
2923    -219018.375000
2924    -219019.000000
2925    -219019.593750
2926    -219020.187500
2927    -219020.703125
2928    -219021.296875
2929    -219021.812500
2930    -219022.406250
2931    -219023.000000
2932    -219023.500000
2933    -219024.125000
2934    -219024.656250
2935    -219025.187500
2936    -219025.828125
2937    -219026.312500
2938    -219026.890625
2939    -219027.437500
2940    -219027.968750
2941    -219028.531250
2942    -219029.125000
2943    -219029.625000
2944    -219030.265625
2945    -219030.703125
2946    -219031.281250
2947    -219031.843750
2948    -219032.312500
2949    -219032.906250
2950    -219033.500000
2951    -219034.000000
2952    -219034.531250
2953    -219035.093750
2954    -219035.687500
2955    -219036.156250
2956    -219036.750000
2957    -219037.250000
2958    -219037.781250
2959    -219038.281250
2960    -219038.812500
2961    -219039.343750
2962    -219039.875000
2963    -219040.312500
2964    -219040.906250
2965    -219041.421875
2966    -219041.937500
2967    -219042.437500
2968    -219042.968750
2969    -219043.515625
2970    -219044.015625
2971    -219044.515625
2972    -219045.062500
2973    -219045.515625
2974    -219046.093750
2975    -219046.562500
2976    -219047.093750
2977    -219047.500000
2978    -219048.093750
2979    -219048.484375
2980    -219049.031250
2981    -219049.515625
2982    -219049.937500
2983    -219050.500000
2984    -219050.953125
2985    -219051.500000
2986    -219052.031250
2987    -219052.500000
2988    -219052.953125
2989    -219053.359375
2990    -219053.921875
2991    -219054.296875
2992    -219054.781250
2993    -219055.312500
2994    -219055.781250
2995    -219056.250000
2996    -219056.812500
2997    -219057.156250
2998    -219057.687500
2999    -219058.203125
3000    -219058.687500
3001    -219059.203125
3002    -219059.625000
3003    -219060.062500
3004    -219060.515625
3005    -219061.000000
3006    -219061.468750
3007    -219061.953125
3008    -219062.406250
3009    -219062.875000
3010    -219063.343750
3011    -219063.750000
3012    -219064.250000
3013    -219064.687500
3014    -219065.171875
3015    -219065.656250
3016    -219066.062500
3017    -219066.500000
3018    -219067.062500
3019    -219067.437500
3020    -219067.906250
3021    -219068.375000
3022    -219068.859375
3023    -219069.312500
3024    -219069.718750
3025    -219070.156250
3026    -219070.625000
3027    -219071.109375
3028    -219071.515625
3029    -219071.875000
3030    -219072.375000
3031    -219072.875000
3032    -219073.281250
3033    -219073.718750
3034    -219074.187500
3035    -219074.625000
3036    -219075.046875
3037    -219075.468750
3038    -219075.875000
3039    -219076.343750
3040    -219076.812500
3041    -219077.218750
3042    -219077.593750
3043    -219078.093750
3044    -219078.546875
3045    -219078.968750
3046    -219079.406250
3047    -219079.828125
3048    -219080.281250
3049    -219080.687500
3050    -219081.109375
3051    -219081.593750
3052    -219081.968750
3053    -219082.453125
3054    -219082.890625
3055    -219083.250000
3056    -219083.718750
3057    -219084.125000
3058    -219084.578125
3059    -219084.968750
3060    -219085.343750
3061    -219085.812500
3062    -219086.234375
3063    -219086.687500
3064    -219087.156250
3065    -219087.578125
3066    -219087.937500
3067    -219088.375000
3068    -219088.843750
3069    -219089.234375
3070    -219089.703125
3071    -219090.125000
3072    -219090.531250
3073    -219090.968750
3074    -219091.437500
3075    -219091.812500
3076    -219092.218750
3077    -219092.687500
3078    -219093.031250
3079    -219093.468750
3080    -219093.968750
3081    -219094.359375
3082    -219094.781250
3083    -219095.234375
3084    -219095.593750
3085    -219096.062500
3086    -219096.484375
3087    -219096.906250
3088    -219097.281250
3089    -219097.781250
3090    -219098.250000
3091    -219098.656250
3092    -219099.015625
3093    -219099.500000
3094    -219099.921875
3095    -219100.375000
3096    -219100.781250
3097    -219101.234375
3098    -219101.718750
3099    -219102.093750
3100    -219102.562500
3101    -219103.000000
3102    -219103.437500
3103    -219103.875000
3104    -219104.343750
3105    -219104.750000
3106    -219105.203125
3107    -219105.625000
3108    -219106.062500
3109    -219106.437500
3110    -219106.921875
3111    -219107.312500
3112    -219107.718750
3113    -219108.156250
3114    -219108.640625
3115    -219109.093750
3116    -219109.531250
3117    -219109.968750
3118    -219110.375000
3119    -219110.843750
3120    -219111.281250
3121    -219111.734375
3122    -219112.125000
3123    -219112.578125
3124    -219113.031250
3125    -219113.468750
3126    -219113.921875
3127    -219114.359375
3128    -219114.781250
3129    -219115.203125
3130    -219115.656250
3131    -219116.109375
3132    -219116.515625
3133    -219116.953125
3134    -219117.406250
3135    -219117.843750
3136    -219118.390625
3137    -219118.812500
3138    -219119.250000
3139    -219119.687500
3140    -219120.125000
3141    -219120.562500
3142    -219120.968750
3143    -219121.500000
3144    -219121.968750
3145    -219122.453125
3146    -219122.812500
3147    -219123.250000
3148    -219123.765625
3149    -219124.187500
3150    -219124.625000
3151    -219125.125000
3152    -219125.562500
3153    -219126.000000
3154    -219126.421875
3155    -219126.828125
3156    -219127.312500
3157    -219127.750000
3158    -219128.203125
3159    -219128.625000
3160    -219129.156250
3161    -219129.546875
3162    -219130.000000
3163    -219130.468750
3164    -219130.859375
3165    -219131.296875
3166    -219131.796875
3167    -219132.234375
3168    -219132.656250
3169    -219133.093750
3170    -219133.531250
3171    -219134.046875
3172    -219134.484375
3173    -219134.921875
3174    -219135.343750
3175    -219135.890625
3176    -219136.265625
3177    -219136.750000
3178    -219137.218750
3179    -219137.718750
3180    -219138.093750
3181    -219138.562500
3182    -219139.062500
3183    -219139.500000
3184    -219139.890625
3185    -219140.437500
3186    -219140.843750
3187    -219141.281250
3188    -219141.687500
3189    -219142.234375
3190    -219142.609375
3191    -219143.156250
3192    -219143.687500
3193    -219144.062500
3194    -219144.531250
3195    -219144.968750
3196    -219145.500000
3197    -219145.937500
3198    -219146.359375
3199    -219146.843750
3200    -219147.343750
3201    -219147.796875
3202    -219148.281250
3203    -219148.750000
3204    -219149.187500
3205    -219149.671875
3206    -219150.125000
3207    -219150.609375
3208    -219151.046875
3209    -219151.531250
3210    -219152.015625
3211    -219152.468750
3212    -219152.968750
3213    -219153.468750
3214    -219153.968750
3215    -219154.421875
3216    -219154.937500
3217    -219155.359375
3218    -219155.812500
3219    -219156.296875
3220    -219156.750000
3221    -219157.312500
3222    -219157.781250
3223    -219158.265625
3224    -219158.703125
3225    -219159.218750
3226    -219159.656250
3227    -219160.187500
3228    -219160.609375
3229    -219161.125000
3230    -219161.625000
3231    -219162.093750
3232    -219162.531250
3233    -219163.015625
3234    -219163.562500
3235    -219164.000000
3236    -219164.500000
3237    -219165.000000
3238    -219165.437500
3239    -219165.953125
3240    -219166.421875
3241    -219166.921875
3242    -219167.343750
3243    -219167.875000
3244    -219168.265625
3245    -219168.718750
3246    -219169.218750
3247    -219169.718750
3248    -219170.125000
3249    -219170.687500
3250    -219171.109375
3251    -219171.531250
3252    -219172.031250
3253    -219172.562500
3254    -219172.968750
3255    -219173.406250
3256    -219173.937500
3257    -219174.421875
3258    -219174.906250
3259    -219175.312500
3260    -219175.843750
3261    -219176.281250
3262    -219176.718750
3263    -219177.093750
3264    -219177.656250
3265    -219178.156250
3266    -219178.609375
3267    -219179.000000
3268    -219179.546875
3269    -219179.968750
3270    -219180.437500
3271    -219180.906250
3272    -219181.375000
3273    -219181.750000
3274    -219182.343750
3275    -219182.859375
3276    -219183.250000
3277    -219183.765625
3278    -219184.203125
3279    -219184.656250
3280    -219185.093750
3281    -219185.593750
3282    -219186.093750
3283    -219186.500000
3284    -219187.046875
3285    -219187.562500
3286    -219188.031250
3287    -219188.437500
3288    -219188.906250
3289    -219189.437500
3290    -219189.843750
3291    -219190.328125
3292    -219190.812500
3293    -219191.296875
3294    -219191.781250
3295    -219192.312500
3296    -219192.718750
3297    -219193.250000
3298    -219193.656250
3299    -219194.125000
3300    -219194.531250
3301    -219195.093750
3302    -219195.562500
3303    -219196.031250
3304    -219196.531250
3305    -219197.015625
3306    -219197.484375
3307    -219197.984375
3308    -219198.390625
3309    -219198.937500
3310    -219199.390625
3311    -219199.843750
3312    -219200.281250
3313    -219200.781250
3314    -219201.250000
3315    -219201.750000
3316    -219202.250000
3317    -219202.687500
3318    -219203.234375
3319    -219203.671875
3320    -219204.109375
3321    -219204.625000
3322    -219205.109375
3323    -219205.562500
3324    -219206.062500
3325    -219206.562500
3326    -219207.031250
3327    -219207.515625
3328    -219207.968750
3329    -219208.421875
3330    -219209.000000
3331    -219209.406250
3332    -219209.812500
3333    -219210.375000
3334    -219210.921875
3335    -219211.375000
3336    -219211.828125
3337    -219212.343750
3338    -219212.828125
3339    -219213.296875
3340    -219213.781250
3341    -219214.281250
3342    -219214.750000
3343    -219215.281250
3344    -219215.718750
3345    -219216.218750
3346    -219216.703125
3347    -219217.140625
3348    -219217.546875
3349    -219218.093750
3350    -219218.562500
3351    -219219.109375
3352    -219219.562500
3353    -219220.078125
3354    -219220.531250
3355    -219220.968750
3356    -219221.453125
3357    -219221.953125
3358    -219222.484375
3359    -219222.953125
3360    -219223.437500
3361    -219223.921875
3362    -219224.406250
3363    -219224.781250
3364    -219225.343750
3365    -219225.875000
3366    -219226.343750
3367    -219226.812500
3368    -219227.281250
3369    -219227.765625
3370    -219228.296875
3371    -219228.718750
3372    -219229.218750
3373    -219229.734375
3374    -219230.218750
3375    -219230.687500
3376    -219231.187500
3377    -219231.656250
3378    -219232.156250
3379    -219232.625000
3380    -219233.062500
3381    -219233.593750
3382    -219234.093750
3383    -219234.562500
3384    -219235.031250
3385    -219235.562500
3386    -219236.062500
3387    -219236.562500
3388    -219237.000000
3389    -219237.500000
3390    -219238.031250
3391    -219238.531250
3392    -219239.031250
3393    -219239.421875
3394    -219239.953125
3395    -219240.437500
3396    -219240.984375
3397    -219241.406250
3398    -219241.953125
3399    -219242.453125
3400    -219242.953125
3401    -219243.421875
3402    -219243.984375
3403    -219244.468750
3404    -219244.906250
3405    -219245.375000
3406    -219245.968750
3407    -219246.390625
3408    -219246.890625
3409    -219247.390625
3410    -219247.906250
3411    -219248.375000
3412    -219248.937500
3413    -219249.406250
3414    -219249.875000
3415    -219250.375000
3416    -219250.968750
3417    -219251.453125
3418    -219251.875000
3419    -219252.296875
3420    -219252.937500
3421    -219253.375000
3422    -219253.812500
3423    -219254.375000
3424    -219254.859375
3425    -219255.375000
3426    -219255.906250
3427    -219256.390625
3428    -219256.843750
3429    -219257.406250
3430    -219257.906250
3431    -219258.343750
3432    -219258.875000
3433    -219259.390625
3434    -219259.859375
3435    -219260.375000
3436    -219260.843750
3437    -219261.437500
3438    -219261.890625
3439    -219262.359375
3440    -219262.906250
3441    -219263.468750
3442    -219263.937500
3443    -219264.375000
3444    -219264.875000
3445    -219265.421875
3446    -219265.859375
3447    -219266.390625
3448    -219266.937500
3449    -219267.453125
3450    -219267.937500
3451    -219268.453125
3452    -219268.921875
3453    -219269.468750
3454    -219269.984375
3455    -219270.406250
3456    -219271.000000
3457    -219271.468750
3458    -219271.984375
3459    -219272.437500
3460    -219273.062500
3461    -219273.484375
3462    -219274.000000
3463    -219274.562500
3464    -219275.031250
3465    -219275.500000
3466    -219276.093750
3467    -219276.593750
3468    -219277.109375
3469    -219277.625000
3470    -219278.156250
3471    -219278.625000
3472    -219279.218750
3473    -219279.703125
3474    -219280.156250
3475    -219280.734375
3476    -219281.156250
3477    -219281.671875
3478    -219282.281250
3479    -219282.796875
3480    -219283.312500
3481    -219283.828125
3482    -219284.312500
3483    -219284.781250
3484    -219285.375000
3485    -219285.812500
3486    -219286.343750
3487    -219286.875000
3488    -219287.406250
3489    -219287.906250
3490    -219288.453125
3491    -219288.953125
3492    -219289.468750
3493    -219290.000000
3494    -219290.468750
3495    -219291.078125
3496    -219291.546875
3497    -219292.062500
3498    -219292.625000
3499    -219293.109375
3500    -219293.656250
3501    -219294.156250
3502    -219294.687500
3503    -219295.250000
3504    -219295.718750
3505    -219296.296875
3506    -219296.765625
3507    -219297.390625
3508    -219297.843750
3509    -219298.343750
3510    -219298.906250
3511    -219299.421875
3512    -219299.984375
3513    -219300.515625
3514    -219301.046875
3515    -219301.562500
3516    -219302.125000
3517    -219302.593750
3518    -219303.156250
3519    -219303.718750
3520    -219304.187500
3521    -219304.796875
3522    -219305.328125
3523    -219305.859375
3524    -219306.390625
3525    -219306.875000
3526    -219307.406250
3527    -219308.046875
3528    -219308.484375
3529    -219309.031250
3530    -219309.593750
3531    -219310.140625
3532    -219310.640625
3533    -219311.218750
3534    -219311.750000
3535    -219312.250000
3536    -219312.812500
3537    -219313.375000
3538    -219313.890625
3539    -219314.390625
3540    -219314.890625
3541    -219315.437500
3542    -219315.937500
3543    -219316.562500
3544    -219317.031250
3545    -219317.546875
3546    -219318.031250
3547    -219318.593750
3548    -219319.109375
3549    -219319.671875
3550    -219320.156250
3551    -219320.718750
3552    -219321.203125
3553    -219321.750000
3554    -219322.265625
3555    -219322.781250
3556    -219323.281250
3557    -219323.765625
3558    -219324.343750
3559    -219324.781250
3560    -219325.359375
3561    -219325.875000
3562    -219326.328125
3563    -219326.859375
3564    -219327.312500
3565    -219327.875000
3566    -219328.421875
3567    -219328.921875
3568    -219329.437500
3569    -219329.937500
3570    -219330.437500
3571    -219330.937500
3572    -219331.375000
3573    -219331.906250
3574    -219332.437500
3575    -219333.031250
3576    -219333.406250
3577    -219333.906250
3578    -219334.375000
3579    -219334.843750
3580    -219335.375000
3581    -219335.859375
3582    -219336.343750
3583    -219336.781250
3584    -219337.296875
3585    -219337.796875
3586    -219338.250000
3587    -219338.750000
3588    -219339.218750
3589    -219339.656250
3590    -219340.140625
3591    -219340.593750
3592    -219341.000000
3593    -219341.437500
3594    -219341.937500
3595    -219342.375000
3596    -219342.765625
3597    -219343.281250
3598    -219343.765625
3599    -219344.187500
3600    -219344.625000
3601    -219344.968750
3602    -219345.531250
3603    -219345.859375
3604    -219346.343750
3605    -219346.750000
3606    -219347.218750
3607    -219347.625000
3608    -219348.062500
3609    -219348.500000
3610    -219348.906250
3611    -219349.375000
3612    -219349.781250
3613    -219350.156250
3614    -219350.625000
3615    -219351.031250
3616    -219351.437500
3617    -219351.937500
3618    -219352.343750
3619    -219352.734375
3620    -219353.218750
3621    -219353.625000
3622    -219354.031250
3623    -219354.406250
3624    -219354.812500
3625    -219355.265625
3626    -219355.703125
3627    -219356.031250
3628    -219356.500000
3629    -219356.906250
3630    -219357.312500
3631    -219357.734375
3632    -219358.062500
3633    -219358.531250
3634    -219358.937500
3635    -219359.328125
3636    -219359.750000
3637    -219360.109375
3638    -219360.625000
3639    -219360.953125
3640    -219361.375000
3641    -219361.718750
3642    -219362.125000
3643    -219362.531250
3644    -219362.921875
3645    -219363.406250
3646    -219363.781250
3647    -219364.187500
3648    -219364.578125
3649    -219364.968750
3650    -219365.375000
3651    -219365.734375
3652    -219366.093750
3653    -219366.531250
3654    -219366.859375
3655    -219367.343750
3656    -219367.687500
3657    -219368.156250
3658    -219368.484375
3659    -219368.921875
3660    -219369.281250
3661    -219369.750000
3662    -219370.078125
3663    -219370.406250
3664    -219370.781250
3665    -219371.218750
3666    -219371.656250
3667    -219372.015625
3668    -219372.421875
3669    -219372.781250
3670    -219373.203125
3671    -219373.578125
3672    -219373.968750
3673    -219374.375000
3674    -219374.718750
3675    -219375.093750
3676    -219375.484375
3677    -219375.875000
3678    -219376.218750
3679    -219376.593750
3680    -219377.000000
3681    -219377.390625
3682    -219377.750000
3683    -219378.156250
3684    -219378.515625
3685    -219378.906250
3686    -219379.281250
3687    -219379.687500
3688    -219380.093750
3689    -219380.421875
3690    -219380.875000
3691    -219381.203125
3692    -219381.578125
3693    -219382.000000
3694    -219382.343750
3695    -219382.734375
3696    -219383.156250
3697    -219383.515625
3698    -219383.937500
3699    -219384.312500
3700    -219384.656250
3701    -219385.093750
3702    -219385.500000
3703    -219385.843750
3704    -219386.234375
3705    -219386.593750
3706    -219387.000000
3707    -219387.406250
3708    -219387.812500
3709    -219388.171875
3710    -219388.593750
3711    -219388.937500
3712    -219389.312500
3713    -219389.781250
3714    -219390.093750
3715    -219390.531250
3716    -219390.890625
3717    -219391.281250
3718    -219391.687500
3719    -219392.078125
3720    -219392.500000
3721    -219392.859375
3722    -219393.250000
3723    -219393.671875
3724    -219394.031250
3725    -219394.421875
3726    -219394.781250
3727    -219395.140625
3728    -219395.531250
3729    -219396.000000
3730    -219396.375000
3731    -219396.718750
3732    -219397.093750
3733    -219397.546875
3734    -219397.937500
3735    -219398.343750
3736    -219398.718750
3737    -219399.109375
3738    -219399.546875
3739    -219399.921875
3740    -219400.281250
3741    -219400.687500
3742    -219401.062500
3743    -219401.484375
3744    -219402.000000
3745    -219402.359375
3746    -219402.640625
3747    -219403.171875
3748    -219403.484375
3749    -219403.875000
3750    -219404.343750
3751    -219404.781250
3752    -219405.109375
3753    -219405.500000
3754    -219405.984375
3755    -219406.343750
3756    -219406.781250
3757    -219407.250000
3758    -219407.625000
3759    -219407.937500
3760    -219408.375000
3761    -219408.875000
3762    -219409.312500
3763    -219409.656250
3764    -219410.078125
3765    -219410.468750
3766    -219410.890625
3767    -219411.312500
3768    -219411.718750
3769    -219412.125000
3770    -219412.593750
3771    -219413.000000
3772    -219413.343750
3773    -219413.812500
3774    -219414.125000
3775    -219414.531250
3776    -219415.015625
3777    -219415.468750
3778    -219415.843750
3779    -219416.250000
3780    -219416.656250
3781    -219417.078125
3782    -219417.593750
3783    -219417.968750
3784    -219418.343750
3785    -219418.812500
3786    -219419.171875
3787    -219419.640625
3788    -219420.031250
3789    -219420.390625
3790    -219420.812500
3791    -219421.265625
3792    -219421.578125
3793    -219422.109375
3794    -219422.468750
3795    -219422.828125
3796    -219423.343750
3797    -219423.718750
3798    -219424.156250
3799    -219424.578125
3800    -219424.859375
3801    -219425.312500
3802    -219425.703125
3803    -219426.156250
3804    -219426.593750
3805    -219427.000000
3806    -219427.406250
3807    -219427.843750
3808    -219428.203125
3809    -219428.578125
3810    -219428.984375
3811    -219429.406250
3812    -219429.843750
3813    -219430.187500
3814    -219430.656250
3815    -219431.093750
3816    -219431.531250
3817    -219431.875000
3818    -219432.312500
3819    -219432.687500
3820    -219433.046875
3821    -219433.500000
3822    -219433.843750
3823    -219434.281250
3824    -219434.656250
3825    -219435.046875
3826    -219435.453125
3827    -219435.812500
3828    -219436.218750
3829    -219436.671875
3830    -219436.984375
3831    -219437.421875
3832    -219437.781250
3833    -219438.218750
3834    -219438.625000
3835    -219439.031250
3836    -219439.390625
3837    -219439.812500
3838    -219440.187500
3839    -219440.609375
3840    -219440.875000
3841    -219441.375000
3842    -219441.750000
3843    -219442.171875
3844    -219442.531250
3845    -219442.968750
3846    -219443.375000
3847    -219443.656250
3848    -219444.187500
3849    -219444.437500
3850    -219444.890625
3851    -219445.218750
3852    -219445.593750
3853    -219445.968750
3854    -219446.437500
3855    -219446.750000
3856    -219447.156250
3857    -219447.500000
3858    -219447.875000
3859    -219448.250000
3860    -219448.656250
3861    -219449.015625
3862    -219449.468750
3863    -219449.812500
3864    -219450.171875
3865    -219450.562500
3866    -219450.875000
3867    -219451.281250
3868    -219451.687500
3869    -219452.031250
3870    -219452.390625
3871    -219452.781250
3872    -219453.156250
3873    -219453.484375
3874    -219453.968750
3875    -219454.343750
3876    -219454.687500
3877    -219455.000000
3878    -219455.437500
3879    -219455.796875
3880    -219456.203125
3881    -219456.531250
3882    -219456.890625
3883    -219457.312500
3884    -219457.609375
3885    -219458.062500
3886    -219458.375000
3887    -219458.781250
3888    -219459.140625
3889    -219459.500000
3890    -219459.859375
3891    -219460.218750
3892    -219460.593750
3893    -219460.953125
3894    -219461.390625
3895    -219461.734375
3896    -219462.031250
3897    -219462.468750
3898    -219462.796875
3899    -219463.125000
3900    -219463.546875
3901    -219463.875000
3902    -219464.250000
3903    -219464.671875
3904    -219464.968750
3905    -219465.359375
3906    -219465.703125
3907    -219466.062500
3908    -219466.406250
3909    -219466.781250
3910    -219467.109375
3911    -219467.406250
3912    -219467.828125
3913    -219468.156250
3914    -219468.640625
3915    -219468.968750
3916    -219469.250000
3917    -219469.671875
3918    -219469.968750
3919    -219470.375000
3920    -219470.687500
3921    -219471.031250
3922    -219471.437500
3923    -219471.750000
3924    -219472.093750
3925    -219472.406250
3926    -219472.812500
3927    -219473.125000
3928    -219473.546875
3929    -219473.906250
3930    -219474.218750
3931    -219474.593750
3932    -219474.968750
3933    -219475.312500
3934    -219475.671875
3935    -219476.031250
3936    -219476.390625
3937    -219476.625000
3938    -219476.984375
3939    -219477.421875
3940    -219477.718750
3941    -219478.187500
3942    -219478.500000
3943    -219478.812500
3944    -219479.203125
3945    -219479.515625
3946    -219479.953125
3947    -219480.281250
3948    -219480.718750
3949    -219481.000000
3950    -219481.343750
3951    -219481.750000
3952    -219482.062500
3953    -219482.468750
3954    -219482.812500
3955    -219483.156250
3956    -219483.531250
3957    -219483.875000
3958    -219484.203125
3959    -219484.593750
3960    -219484.968750
3961    -219485.328125
3962    -219485.671875
3963    -219486.062500
3964    -219486.453125
3965    -219486.796875
3966    -219487.125000
3967    -219487.562500
3968    -219487.859375
3969    -219488.218750
3970    -219488.562500
3971    -219489.000000
3972    -219489.328125
3973    -219489.781250
3974    -219490.015625
3975    -219490.390625
3976    -219490.687500
3977    -219491.093750
3978    -219491.531250
3979    -219491.843750
3980    -219492.156250
3981    -219492.484375
3982    -219492.968750
3983    -219493.343750
3984    -219493.593750
3985    -219494.031250
3986    -219494.312500
3987    -219494.656250
3988    -219495.093750
3989    -219495.484375
3990    -219495.875000
3991    -219496.156250
3992    -219496.546875
3993    -219496.937500
3994    -219497.265625
3995    -219497.625000
3996    -219498.000000
3997    -219498.375000
3998    -219498.750000
3999    -219499.156250
4000    -219499.531250
4001    -219499.843750
4002    -219500.281250
4003    -219500.625000
4004    -219501.031250
4005    -219501.453125
4006    -219501.812500
4007    -219502.156250
4008    -219502.531250
4009    -219502.906250
4010    -219503.312500
4011    -219503.687500
4012    -219504.062500
4013    -219504.437500
4014    -219504.812500
4015    -219505.125000
4016    -219505.531250
4017    -219505.968750
4018    -219506.343750
4019    -219506.828125
4020    -219507.125000
4021    -219507.500000
4022    -219507.875000
4023    -219508.406250
4024    -219508.750000
4025    -219509.156250
4026    -219509.437500
4027    -219509.875000
4028    -219510.312500
4029    -219510.750000
4030    -219511.046875
4031    -219511.484375
4032    -219511.921875
4033    -219512.281250
4034    -219512.718750
4035    -219513.140625
4036    -219513.515625
4037    -219513.875000
4038    -219514.328125
4039    -219514.718750
4040    -219515.125000
4041    -219515.640625
4042    -219515.968750
4043    -219516.406250
4044    -219516.843750
4045    -219517.171875
4046    -219517.625000
4047    -219518.062500
4048    -219518.406250
4049    -219518.859375
4050    -219519.218750
4051    -219519.718750
4052    -219520.125000
4053    -219520.500000
4054    -219520.937500
4055    -219521.328125
4056    -219521.718750
4057    -219522.171875
4058    -219522.625000
4059    -219523.062500
4060    -219523.546875
4061    -219523.968750
4062    -219524.343750
4063    -219524.843750
4064    -219525.187500
4065    -219525.593750
4066    -219525.984375
4067    -219526.531250
4068    -219526.906250
4069    -219527.421875
4070    -219527.875000
4071    -219528.265625
4072    -219528.718750
4073    -219529.156250
4074    -219529.656250
4075    -219530.046875
4076    -219530.531250
4077    -219530.921875
4078    -219531.375000
4079    -219531.890625
4080    -219532.281250
4081    -219532.796875
4082    -219533.234375
4083    -219533.687500
4084    -219534.125000
4085    -219534.546875
4086    -219535.000000
4087    -219535.468750
4088    -219535.890625
4089    -219536.421875
4090    -219536.843750
4091    -219537.312500
4092    -219537.765625
4093    -219538.187500
4094    -219538.671875
4095    -219539.187500
4096    -219539.625000
4097    -219540.125000
4098    -219540.531250
4099    -219541.046875
4100    -219541.453125
4101    -219542.031250
4102    -219542.437500
4103    -219542.953125
4104    -219543.453125
4105    -219543.812500
4106    -219544.343750
4107    -219544.859375
4108    -219545.312500
4109    -219545.875000
4110    -219546.312500
4111    -219546.687500
4112    -219547.218750
4113    -219547.796875
4114    -219548.296875
4115    -219548.718750
4116    -219549.250000
4117    -219549.781250
4118    -219550.281250
4119    -219550.656250
4120    -219551.218750
4121    -219551.718750
4122    -219552.250000
4123    -219552.750000
4124    -219553.234375
4125    -219553.718750
4126    -219554.218750
4127    -219554.734375
4128    -219555.250000
4129    -219555.718750
4130    -219556.234375
4131    -219556.781250
4132    -219557.296875
4133    -219557.750000
4134    -219558.296875
4135    -219558.765625
4136    -219559.265625
4137    -219559.859375
4138    -219560.390625
4139    -219560.921875
4140    -219561.343750
4141    -219561.875000
4142    -219562.437500
4143    -219562.937500
4144    -219563.437500
4145    -219563.984375
4146    -219564.531250
4147    -219565.109375
4148    -219565.593750
4149    -219566.156250
4150    -219566.656250
4151    -219567.218750
4152    -219567.687500
4153    -219568.250000
4154    -219568.843750
4155    -219569.328125
4156    -219569.890625
4157    -219570.421875
4158    -219571.000000
4159    -219571.578125
4160    -219572.125000
4161    -219572.625000
4162    -219573.187500
4163    -219573.703125
4164    -219574.250000
4165    -219574.843750
4166    -219575.343750
4167    -219575.968750
4168    -219576.546875
4169    -219577.015625
4170    -219577.609375
4171    -219578.187500
4172    -219578.812500
4173    -219579.343750
4174    -219579.906250
4175    -219580.437500
4176    -219581.015625
4177    -219581.562500
4178    -219582.218750
4179    -219582.765625
4180    -219583.343750
4181    -219583.906250
4182    -219584.453125
4183    -219585.000000
4184    -219585.609375
4185    -219586.312500
4186    -219586.812500
4187    -219587.484375
4188    -219587.968750
4189    -219588.625000
4190    -219589.187500
4191    -219589.875000
4192    -219590.437500
4193    -219590.968750
4194    -219591.593750
4195    -219592.156250
4196    -219592.781250
4197    -219593.437500
4198    -219594.000000
4199    -219594.671875
4200    -219595.250000
4201    -219595.828125
4202    -219596.453125
4203    -219597.062500
4204    -219597.671875
4205    -219598.281250
4206    -219598.890625
4207    -219599.578125
4208    -219600.125000
4209    -219600.875000
4210    -219601.468750
4211    -219602.125000
4212    -219602.718750
4213    -219603.250000
4214    -219603.906250
4215    -219604.531250
4216    -219605.265625
4217    -219605.953125
4218    -219606.531250
4219    -219607.140625
4220    -219607.843750
4221    -219608.359375
4222    -219609.062500
4223    -219609.718750
4224    -219610.343750
4225    -219611.000000
4226    -219611.718750
4227    -219612.281250
4228    -219612.937500
4229    -219613.625000
4230    -219614.281250
4231    -219614.906250
4232    -219615.593750
4233    -219616.281250
4234    -219616.843750
4235    -219617.578125
4236    -219618.250000
4237    -219618.984375
4238    -219619.640625
4239    -219620.218750
4240    -219620.921875
4241    -219621.562500
4242    -219622.187500
4243    -219622.953125
4244    -219623.562500
4245    -219624.281250
4246    -219624.890625
4247    -219625.578125
4248    -219626.328125
4249    -219626.953125
4250    -219627.531250
4251    -219628.250000
4252    -219628.937500
4253    -219629.625000
4254    -219630.343750
4255    -219630.968750
4256    -219631.750000
4257    -219632.343750
4258    -219633.046875
4259    -219633.750000
4260    -219634.406250
4261    -219635.093750
4262    -219635.828125
4263    -219636.390625
4264    -219637.218750
4265    -219637.937500
4266    -219638.468750
4267    -219639.312500
4268    -219640.000000
4269    -219640.687500
4270    -219641.390625
4271    -219641.984375
4272    -219642.781250
4273    -219643.609375
4274    -219644.281250
4275    -219644.937500
4276    -219645.687500
4277    -219646.406250
4278    -219647.187500
4279    -219647.890625
4280    -219648.656250
4281    -219649.281250
4282    -219650.031250
4283    -219650.796875
4284    -219651.453125
4285    -219652.125000
4286    -219653.031250
4287    -219653.781250
4288    -219654.437500
4289    -219655.234375
4290    -219655.906250
4291    -219656.640625
4292    -219657.468750
4293    -219658.125000
4294    -219658.843750
4295    -219659.515625
4296    -219660.375000
4297    -219661.234375
4298    -219661.906250
4299    -219662.656250
4300    -219663.406250
4301    -219664.156250
4302    -219664.937500
4303    -219665.765625
4304    -219666.500000
4305    -219667.218750
4306    -219668.000000
4307    -219668.828125
4308    -219669.531250
4309    -219670.265625
4310    -219671.093750
4311    -219671.875000
4312    -219672.578125
4313    -219673.375000
4314    -219674.140625
4315    -219674.921875
4316    -219675.671875
4317    -219676.500000
4318    -219677.218750
4319    -219678.031250
4320    -219678.734375
4321    -219679.375000
4322    -219680.296875
4323    -219681.000000
4324    -219681.765625
4325    -219682.468750
4326    -219683.281250
4327    -219684.031250
4328    -219684.812500
4329    -219685.562500
4330    -219686.328125
4331    -219687.031250
4332    -219687.906250
4333    -219688.656250
4334    -219689.437500
4335    -219690.203125
4336    -219690.984375
4337    -219691.750000
4338    -219692.562500
4339    -219693.312500
4340    -219693.984375
4341    -219694.875000
4342    -219695.593750
4343    -219696.437500
4344    -219697.187500
4345    -219698.046875
4346    -219698.750000
4347    -219699.546875
4348    -219700.359375
4349    -219701.218750
4350    -219701.906250
4351    -219702.718750
4352    -219703.500000
4353    -219704.250000
4354    -219705.156250
4355    -219705.875000
4356    -219706.750000
4357    -219707.562500
4358    -219708.328125
4359    -219709.125000
4360    -219709.921875
4361    -219710.750000
4362    -219711.562500
4363    -219712.375000
4364    -219713.109375
4365    -219713.937500
4366    -219714.750000
4367    -219715.562500
4368    -219716.375000
4369    -219717.171875
4370    -219718.062500
4371    -219718.859375
4372    -219719.656250
4373    -219720.484375
4374    -219721.250000
4375    -219722.140625
4376    -219722.937500
4377    -219723.812500
4378    -219724.484375
4379    -219725.375000
4380    -219726.281250
4381    -219727.031250
4382    -219727.843750
4383    -219728.671875
4384    -219729.437500
4385    -219730.296875
4386    -219731.171875
4387    -219731.890625
4388    -219732.828125
4389    -219733.578125
4390    -219734.406250
4391    -219735.281250
4392    -219736.078125
4393    -219736.953125
4394    -219737.718750
4395    -219738.468750
4396    -219739.296875
4397    -219740.187500
4398    -219740.968750
4399    -219741.796875
4400    -219742.562500
4401    -219743.406250
4402    -219744.250000
4403    -219745.015625
4404    -219745.796875
4405    -219746.703125
4406    -219747.437500
4407    -219748.375000
4408    -219749.156250
4409    -219749.828125
4410    -219750.781250
4411    -219751.562500
4412    -219752.437500
4413    -219753.156250
4414    -219753.937500
4415    -219754.812500
4416    -219755.593750
4417    -219756.421875
4418    -219757.187500
4419    -219758.125000
4420    -219758.906250
4421    -219759.546875
4422    -219760.406250
4423    -219761.187500
4424    -219761.953125
4425    -219762.781250
4426    -219763.609375
4427    -219764.406250
4428    -219765.125000
4429    -219765.953125
4430    -219766.718750
4431    -219767.531250
4432    -219768.281250
4433    -219769.109375
4434    -219769.859375
4435    -219770.625000
4436    -219771.406250
4437    -219772.281250
4438    -219772.953125
4439    -219773.718750
4440    -219774.437500
4441    -219775.203125
4442    -219775.937500
4443    -219776.640625
4444    -219777.468750
4445    -219778.187500
4446    -219778.984375
4447    -219779.593750
4448    -219780.453125
4449    -219781.156250
4450    -219781.937500
4451    -219782.546875
4452    -219783.406250
4453    -219784.156250
4454    -219784.843750
4455    -219785.562500
4456    -219786.281250
4457    -219787.046875
4458    -219787.718750
4459    -219788.468750
4460    -219789.156250
4461    -219789.937500
4462    -219790.546875
4463    -219791.250000
4464    -219791.968750
4465    -219792.718750
4466    -219793.312500
4467    -219794.125000
4468    -219794.750000
4469    -219795.484375
4470    -219796.140625
4471    -219796.843750
4472    -219797.546875
4473    -219798.171875
4474    -219798.937500
4475    -219799.562500
4476    -219800.281250
4477    -219800.875000
4478    -219801.578125
4479    -219802.265625
4480    -219802.812500
4481    -219803.562500
4482    -219804.218750
4483    -219804.781250
4484    -219805.437500
4485    -219806.000000
4486    -219806.687500
4487    -219807.250000
4488    -219807.843750
4489    -219808.562500
4490    -219809.093750
4491    -219809.718750
4492    -219810.421875
4493    -219810.937500
4494    -219811.531250
4495    -219812.062500
4496    -219812.640625
4497    -219813.312500
4498    -219813.890625
4499    -219814.468750
4500    -219815.093750
4501    -219815.593750
4502    -219816.218750
4503    -219816.750000
4504    -219817.343750
4505    -219817.875000
4506    -219818.468750
4507    -219819.015625
4508    -219819.593750
4509    -219820.218750
4510    -219820.718750
4511    -219821.343750
4512    -219821.921875
4513    -219822.453125
4514    -219822.968750
4515    -219823.531250
4516    -219824.140625
4517    -219824.515625
4518    -219825.078125
4519    -219825.687500
4520    -219826.187500
4521    -219826.593750
4522    -219827.156250
4523    -219827.640625
4524    -219828.156250
4525    -219828.531250
4526    -219829.062500
4527    -219829.562500
4528    -219830.000000
4529    -219830.437500
4530    -219830.968750
4531    -219831.468750
4532    -219831.875000
4533    -219832.437500
4534    -219832.828125
4535    -219833.281250
4536    -219833.796875
4537    -219834.187500
4538    -219834.703125
4539    -219835.203125
4540    -219835.562500
4541    -219836.031250
4542    -219836.437500
4543    -219837.000000
4544    -219837.406250
4545    -219837.781250
4546    -219838.312500
4547    -219838.718750
4548    -219839.093750
4549    -219839.578125
4550    -219840.000000
4551    -219840.406250
4552    -219840.890625
4553    -219841.343750
4554    -219841.703125
4555    -219842.187500
4556    -219842.531250
4557    -219843.000000
4558    -219843.328125
4559    -219843.703125
4560    -219844.078125
4561    -219844.562500
4562    -219844.937500
4563    -219845.296875
4564    -219845.750000
4565    -219846.125000
4566    -219846.593750
4567    -219846.921875
4568    -219847.343750
4569    -219847.718750
4570    -219848.156250
4571    -219848.562500
4572    -219848.890625
4573    -219849.375000
4574    -219849.718750
4575    -219850.218750
4576    -219850.562500
4577    -219850.984375
4578    -219851.343750
4579    -219851.734375
4580    -219852.125000
4581    -219852.500000
4582    -219852.859375
4583    -219853.359375
4584    -219853.656250
4585    -219854.125000
4586    -219854.437500
4587    -219854.843750
4588    -219855.187500
4589    -219855.625000
4590    -219856.031250
4591    -219856.375000
4592    -219856.812500
4593    -219857.203125
4594    -219857.531250
4595    -219857.906250
4596    -219858.218750
4597    -219858.718750
4598    -219859.093750
4599    -219859.437500
4600    -219859.843750
4601    -219860.187500
4602    -219860.578125
4603    -219861.000000
4604    -219861.343750
4605    -219861.703125
4606    -219862.093750
4607    -219862.468750
4608    -219862.812500
4609    -219863.187500
4610    -219863.625000
4611    -219863.921875
4612    -219864.250000
4613    -219864.656250
4614    -219865.031250
4615    -219865.484375
4616    -219865.765625
4617    -219866.187500
4618    -219866.562500
4619    -219866.906250
4620    -219867.328125
4621    -219867.718750
4622    -219868.046875
4623    -219868.515625
4624    -219868.750000
4625    -219869.218750
4626    -219869.500000
4627    -219869.906250
4628    -219870.250000
4629    -219870.671875
4630    -219870.953125
4631    -219871.296875
4632    -219871.687500
4633    -219872.062500
4634    -219872.406250
4635    -219872.843750
4636    -219873.171875
4637    -219873.437500
4638    -219873.890625
4639    -219874.281250
4640    -219874.562500
4641    -219874.937500
4642    -219875.312500
4643    -219875.703125
4644    -219876.031250
4645    -219876.328125
4646    -219876.703125
4647    -219877.031250
4648    -219877.359375
4649    -219877.781250
4650    -219878.031250
4651    -219878.390625
4652    -219878.718750
4653    -219879.125000
4654    -219879.531250
4655    -219879.796875
4656    -219880.203125
4657    -219880.484375
4658    -219880.953125
4659    -219881.218750
4660    -219881.468750
4661    -219881.812500
4662    -219882.187500
4663    -219882.531250
4664    -219882.796875
4665    -219883.218750
4666    -219883.500000
4667    -219883.812500
4668    -219884.171875
4669    -219884.437500
4670    -219884.875000
4671    -219885.125000
4672    -219885.468750
4673    -219885.781250
4674    -219886.125000
4675    -219886.406250
4676    -219886.765625
4677    -219887.156250
4678    -219887.375000
4679    -219887.703125
4680    -219888.062500
4681    -219888.359375
4682    -219888.718750
4683    -219889.031250
4684    -219889.390625
4685    -219889.625000
4686    -219889.984375
4687    -219890.312500
4688    -219890.687500
4689    -219890.921875
4690    -219891.265625
4691    -219891.593750
4692    -219892.000000
4693    -219892.281250
4694    -219892.625000
4695    -219892.921875
4696    -219893.218750
4697    -219893.593750
4698    -219893.843750
4699    -219894.156250
4700    -219894.437500
4701    -219894.828125
4702    -219895.062500
4703    -219895.484375
4704    -219895.750000
4705    -219896.062500
4706    -219896.343750
4707    -219896.750000
4708    -219897.046875
4709    -219897.312500
4710    -219897.703125
4711    -219898.000000
4712    -219898.343750
4713    -219898.703125
4714    -219898.937500
4715    -219899.296875
4716    -219899.609375
4717    -219899.984375
4718    -219900.343750
4719    -219900.625000
4720    -219900.906250
4721    -219901.218750
4722    -219901.593750
4723    -219901.906250
4724    -219902.171875
4725    -219902.531250
4726    -219902.828125
4727    -219903.093750
4728    -219903.468750
4729    -219903.812500
4730    -219904.140625
4731    -219904.359375
4732    -219904.687500
4733    -219905.031250
4734    -219905.375000
4735    -219905.687500
4736    -219906.015625
4737    -219906.359375
4738    -219906.640625
4739    -219906.968750
4740    -219907.296875
4741    -219907.515625
4742    -219907.828125
4743    -219908.140625
4744    -219908.593750
4745    -219908.890625
4746    -219909.218750
4747    -219909.546875
4748    -219909.812500
4749    -219910.156250
4750    -219910.437500
4751    -219910.750000
4752    -219911.062500
4753    -219911.375000
4754    -219911.687500
4755    -219912.125000
4756    -219912.406250
4757    -219912.734375
4758    -219913.062500
4759    -219913.343750
4760    -219913.734375
4761    -219914.046875
4762    -219914.359375
4763    -219914.625000
4764    -219915.062500
4765    -219915.375000
4766    -219915.656250
4767    -219915.968750
4768    -219916.343750
4769    -219916.625000
4770    -219916.937500
4771    -219917.250000
4772    -219917.593750
4773    -219917.937500
4774    -219918.218750
4775    -219918.531250
4776    -219918.890625
4777    -219919.218750
4778    -219919.546875
4779    -219919.890625
4780    -219920.234375
4781    -219920.531250
4782    -219920.843750
4783    -219921.218750
4784    -219921.531250
4785    -219921.875000
4786    -219922.250000
4787    -219922.562500
4788    -219922.937500
4789    -219923.203125
4790    -219923.671875
4791    -219923.968750
4792    -219924.296875
4793    -219924.593750
4794    -219924.921875
4795    -219925.343750
4796    -219925.671875
4797    -219926.031250
4798    -219926.375000
4799    -219926.734375
4800    -219927.031250
4801    -219927.468750
4802    -219927.812500
4803    -219928.156250
4804    -219928.531250
4805    -219928.875000
4806    -219929.187500
4807    -219929.562500
4808    -219929.921875
4809    -219930.281250
4810    -219930.656250
4811    -219930.984375
4812    -219931.375000
4813    -219931.718750
4814    -219932.109375
4815    -219932.484375
4816    -219932.812500
4817    -219933.187500
4818    -219933.562500
4819    -219933.921875
4820    -219934.343750
4821    -219934.687500
4822    -219935.125000
4823    -219935.453125
4824    -219935.843750
4825    -219936.171875
4826    -219936.625000
4827    -219937.000000
4828    -219937.375000
4829    -219937.750000
4830    -219938.109375
4831    -219938.531250
4832    -219938.875000
4833    -219939.312500
4834    -219939.703125
4835    -219940.093750
4836    -219940.500000
4837    -219940.875000
4838    -219941.265625
4839    -219941.671875
4840    -219942.078125
4841    -219942.468750
4842    -219942.875000
4843    -219943.250000
4844    -219943.671875
4845    -219944.031250
4846    -219944.515625
4847    -219944.906250
4848    -219945.250000
4849    -219945.718750
4850    -219946.093750
4851    -219946.531250
4852    -219946.906250
4853    -219947.328125
4854    -219947.734375
4855    -219948.203125
4856    -219948.593750
4857    -219949.000000
4858    -219949.406250
4859    -219949.812500
4860    -219950.250000
4861    -219950.656250
4862    -219951.062500
4863    -219951.515625
4864    -219951.875000
4865    -219952.359375
4866    -219952.781250
4867    -219953.187500
4868    -219953.578125
4869    -219954.000000
4870    -219954.468750
4871    -219954.890625
4872    -219955.328125
4873    -219955.718750
4874    -219956.125000
4875    -219956.593750
4876    -219956.968750
4877    -219957.500000
4878    -219957.859375
4879    -219958.281250
4880    -219958.687500
4881    -219959.109375
4882    -219959.531250
4883    -219959.968750
4884    -219960.406250
4885    -219960.750000
4886    -219961.203125
4887    -219961.625000
4888    -219962.046875
4889    -219962.500000
4890    -219962.859375
4891    -219963.312500
4892    -219963.765625
4893    -219964.125000
4894    -219964.546875
4895    -219965.015625
4896    -219965.359375
4897    -219965.796875
4898    -219966.218750
4899    -219966.625000
4900    -219967.031250
4901    -219967.468750
4902    -219967.906250
4903    -219968.281250
4904    -219968.656250
4905    -219969.093750
4906    -219969.500000
4907    -219969.937500
4908    -219970.312500
4909    -219970.718750
4910    -219971.187500
4911    -219971.578125
4912    -219971.937500
4913    -219972.359375
4914    -219972.781250
4915    -219973.156250
4916    -219973.546875
4917    -219974.031250
4918    -219974.375000
4919    -219974.812500
4920    -219975.156250
4921    -219975.562500
4922    -219975.968750
4923    -219976.359375
4924    -219976.750000
4925    -219977.140625
4926    -219977.500000
4927    -219977.937500
4928    -219978.312500
4929    -219978.656250
4930    -219979.093750
4931    -219979.437500
4932    -219979.875000
4933    -219980.218750
4934    -219980.562500
4935    -219980.984375
4936    -219981.281250
4937    -219981.718750
4938    -219982.125000
4939    -219982.468750
4940    -219982.890625
4941    -219983.218750
4942    -219983.609375
4943    -219984.000000
4944    -219984.312500
4945    -219984.718750
4946    -219985.078125
4947    -219985.437500
4948    -219985.859375
4949    -219986.125000
4950    -219986.531250
4951    -219986.875000
4952    -219987.296875
4953    -219987.625000
4954    -219987.984375
4955    -219988.343750
4956    -219988.671875
4957    -219989.093750
4958    -219989.468750
4959    -219989.843750
4960    -219990.156250
4961    -219990.500000
4962    -219990.812500
4963    -219991.187500
4964    -219991.546875
4965    -219991.875000
4966    -219992.218750
4967    -219992.609375
4968    -219992.921875
4969    -219993.250000
4970    -219993.625000
4971    -219993.937500
4972    -219994.312500
4973    -219994.640625
4974    -219994.937500
4975    -219995.281250
4976    -219995.656250
4977    -219995.968750
4978    -219996.281250
4979    -219996.593750
4980    -219996.953125
4981    -219997.218750
4982    -219997.578125
4983    -219997.890625
4984    -219998.218750
4985    -219998.546875
4986    -219998.875000
4987    -219999.187500
4988    -219999.468750
4989    -219999.843750
4990    -220000.125000
4991    -220000.515625
4992    -220000.750000
4993    -220001.031250
4994    -220001.453125
4995    -220001.671875
4996    -220002.000000
4997    -220002.328125
4998    -220002.625000
4999    -220002.953125
5000    -220003.265625
5001    -220003.593750
5002    -220003.859375
5003    -220004.171875
5004    -220004.406250
5005    -220004.750000
5006    -220005.062500
5007    -220005.375000
5008    -220005.656250
5009    -220005.937500
5010    -220006.234375
5011    -220006.515625
5012    -220006.781250
5013    -220007.125000
5014    -220007.375000
5015    -220007.671875
5016    -220008.015625
5017    -220008.312500
5018    -220008.500000
5019    -220008.796875
5020    -220009.125000
5021    -220009.343750
5022    -220009.687500
5023    -220009.968750
5024    -220010.234375
5025    -220010.421875
5026    -220010.765625
5027    -220011.000000
5028    -220011.265625
5029    -220011.593750
5030    -220011.843750
5031    -220012.093750
5032    -220012.359375
5033    -220012.640625
5034    -220012.906250
5035    -220013.140625
5036    -220013.375000
5037    -220013.656250
5038    -220013.968750
5039    -220014.203125
5040    -220014.468750
5041    -220014.656250
5042    -220014.906250
5043    -220015.250000
5044    -220015.406250
5045    -220015.718750
5046    -220015.968750
5047    -220016.156250
5048    -220016.390625
5049    -220016.687500
5050    -220016.875000
5051    -220017.218750
5052    -220017.421875
5053    -220017.625000
5054    -220017.875000
5055    -220018.156250
5056    -220018.359375
5057    -220018.562500
5058    -220018.781250
5059    -220019.046875
5060    -220019.343750
5061    -220019.531250
5062    -220019.718750
5063    -220020.000000
5064    -220020.187500
5065    -220020.437500
5066    -220020.687500
5067    -220020.906250
5068    -220021.125000
5069    -220021.343750
5070    -220021.562500
5071    -220021.812500
5072    -220022.062500
5073    -220022.187500
5074    -220022.437500
5075    -220022.656250
5076    -220022.906250
5077    -220023.109375
5078    -220023.406250
5079    -220023.562500
5080    -220023.796875
5081    -220024.000000
5082    -220024.203125
5083    -220024.421875
5084    -220024.656250
5085    -220024.843750
5086    -220025.125000
5087    -220025.296875
5088    -220025.484375
5089    -220025.703125
5090    -220025.968750
5091    -220026.109375
5092    -220026.234375
5093    -220026.515625
5094    -220026.671875
5095    -220026.875000
5096    -220027.046875
5097    -220027.312500
5098    -220027.437500
5099    -220027.656250
5100    -220027.828125
5101    -220028.015625
5102    -220028.218750
5103    -220028.453125
5104    -220028.593750
5105    -220028.781250
5106    -220029.000000
5107    -220029.156250
5108    -220029.343750
5109    -220029.562500
5110    -220029.734375
5111    -220029.968750
5112    -220030.062500
5113    -220030.343750
5114    -220030.437500
5115    -220030.671875
5116    -220030.843750
5117    -220031.046875
5118    -220031.187500
5119    -220031.375000
5120    -220031.625000
5121    -220031.750000
5122    -220031.968750
5123    -220032.078125
5124    -220032.312500
5125    -220032.468750
5126    -220032.640625
5127    -220032.812500
5128    -220032.953125
5129    -220033.140625
5130    -220033.312500
5131    -220033.515625
5132    -220033.687500
5133    -220033.859375
5134    -220034.093750
5135    -220034.171875
5136    -220034.375000
5137    -220034.500000
5138    -220034.703125
5139    -220034.859375
5140    -220035.031250
5141    -220035.250000
5142    -220035.375000
5143    -220035.593750
5144    -220035.734375
5145    -220035.875000
