Step            Loss
--------------------
1        -272.930847
2        -301.133362
3        -329.345245
4        -357.567169
5        -385.799194
6        -414.042236
7        -442.296875
8        -470.563782
9        -498.843353
10       -527.135864
11       -555.442017
12       -583.762024
13       -612.096619
14       -640.445984
15       -668.811035
16       -697.192139
17       -725.590210
18       -754.006287
19       -782.441040
20       -810.895325
21       -839.370178
22       -867.866638
23       -896.385742
24       -924.928650
25       -953.496277
26       -982.089783
27      -1010.710266
28      -1039.358887
29      -1068.036499
30      -1096.744507
31      -1125.483643
32      -1154.255371
33      -1183.060303
34      -1211.899902
35      -1240.775024
36      -1269.686646
37      -1298.635986
38      -1327.624023
39      -1356.651733
40      -1385.720215
41      -1414.830566
42      -1443.983398
43      -1473.179932
44      -1502.421021
45      -1531.708008
46      -1561.041382
47      -1590.422119
48      -1619.851074
49      -1649.329102
50      -1678.857178
51      -1708.435913
52      -1738.066284
53      -1767.748779
54      -1797.484497
55      -1827.273926
56      -1857.117676
57      -1887.016602
58      -1916.971313
59      -1946.982422
60      -1977.050659
61      -2007.176514
62      -2037.360352
63      -2067.603271
64      -2097.904785
65      -2128.266357
66      -2158.688232
67      -2189.170410
68      -2219.713623
69      -2250.318359
70      -2280.984863
71      -2311.713379
72      -2342.504150
73      -2373.357666
74      -2404.274414
75      -2435.253906
76      -2466.296875
77      -2497.403320
78      -2528.573242
79      -2559.807129
80      -2591.104980
81      -2622.467041
82      -2653.893066
83      -2685.383301
84      -2716.937256
85      -2748.555664
86      -2780.238281
87      -2811.984619
88      -2843.795410
89      -2875.669922
90      -2907.608154
91      -2939.610352
92      -2971.676270
93      -3003.805176
94      -3035.997559
95      -3068.253174
96      -3100.571289
97      -3132.952637
98      -3165.395996
99      -3197.901611
100     -3230.468994
101     -3263.098145
102     -3295.788086
103     -3328.539307
104     -3361.351318
105     -3394.222900
106     -3427.155029
107     -3460.145996
108     -3493.196533
109     -3526.305176
110     -3559.472168
111     -3592.696777
112     -3625.978760
113     -3659.317383
114     -3692.712158
115     -3726.162842
116     -3759.668457
117     -3793.229004
118     -3826.843506
119     -3860.511475
120     -3894.232422
121     -3928.005859
122     -3961.830566
123     -3995.706543
124     -4029.632812
125     -4063.609131
126     -4097.634277
127     -4131.708496
128     -4165.829590
129     -4199.998535
130     -4234.213379
131     -4268.473633
132     -4302.779297
133     -4337.128906
134     -4371.521484
135     -4405.957031
136     -4440.434082
137     -4474.952637
138     -4509.511230
139     -4544.109375
140     -4578.746094
141     -4613.420898
142     -4648.132812
143     -4682.880371
144     -4717.664062
145     -4752.481445
146     -4787.332031
147     -4822.216797
148     -4857.132812
149     -4892.079102
150     -4927.056641
151     -4962.062012
152     -4997.094727
153     -5032.155273
154     -5067.242188
155     -5102.354980
156     -5137.492188
157     -5172.653320
158     -5207.836914
159     -5243.041992
160     -5278.268555
161     -5313.515625
162     -5348.780762
163     -5384.064453
164     -5419.365234
165     -5454.681152
166     -5490.013184
167     -5525.359375
168     -5560.718262
169     -5596.089844
170     -5631.472656
171     -5666.865234
172     -5702.267090
173     -5737.677734
174     -5773.094727
175     -5808.518555
176     -5843.947266
177     -5879.380859
178     -5914.816895
179     -5950.255371
180     -5985.694336
181     -6021.134766
182     -6056.574219
183     -6092.011230
184     -6127.445312
185     -6162.875977
186     -6198.301270
187     -6233.720703
188     -6269.133789
189     -6304.538086
190     -6339.934570
191     -6375.320312
192     -6410.695312
193     -6446.058594
194     -6481.408203
195     -6516.744141
196     -6552.060059
197     -6587.348633
198     -6622.620117
199     -6657.874023
200     -6693.109375
201     -6728.324707
202     -6763.519531
203     -6798.691406
204     -6833.841797
205     -6868.936523
206     -6904.006348
207     -6939.050781
208     -6974.068359
209     -7009.058594
210     -7044.020508
211     -7078.952637
212     -7113.854492
213     -7148.725098
214     -7183.563477
215     -7218.364746
216     -7253.106934
217     -7287.813477
218     -7322.484375
219     -7357.119141
220     -7391.716309
221     -7426.275391
222     -7460.794922
223     -7495.267578
224     -7529.681641
225     -7564.054199
226     -7598.383789
227     -7632.650391
228     -7666.869629
229     -7701.044434
230     -7735.172852
231     -7769.254395
232     -7803.289062
233     -7837.276367
234     -7871.213867
235     -7905.101562
236     -7938.939453
237     -7972.725586
238     -8006.459961
239     -8040.142578
240     -8073.771484
241     -8107.347168
242     -8140.867676
243     -8174.332520
244     -8207.742188
245     -8241.074219
246     -8274.345703
247     -8307.559570
248     -8340.713867
249     -8373.808594
250     -8406.839844
251     -8439.803711
252     -8472.694336
253     -8505.516602
254     -8538.276367
255     -8570.974609
256     -8603.609375
257     -8636.180664
258     -8668.687500
259     -8701.129883
260     -8733.507812
261     -8765.818359
262     -8798.063477
263     -8830.242188
264     -8862.343750
265     -8894.374023
266     -8926.317383
267     -8958.192383
268     -8989.998047
269     -9021.730469
270     -9053.376953
271     -9084.953125
272     -9116.459961
273     -9147.894531
274     -9179.257812
275     -9210.507812
276     -9241.669922
277     -9272.759766
278     -9303.775391
279     -9334.706055
280     -9365.558594
281     -9396.322266
282     -9427.000977
283     -9457.603516
284     -9488.126953
285     -9518.558594
286     -9548.913086
287     -9579.193359
288     -9609.393555
289     -9639.474609
290     -9669.470703
291     -9699.392578
292     -9729.237305
293     -9758.992188
294     -9788.666016
295     -9818.261719
296     -9847.779297
297     -9877.213867
298     -9906.548828
299     -9935.798828
300     -9964.970703
301     -9994.064453
302     -10023.069336
303     -10051.962891
304     -10080.763672
305     -10109.460938
306     -10138.078125
307     -10166.611328
308     -10195.035156
309     -10223.359375
310     -10251.598633
311     -10279.722656
312     -10307.757812
313     -10335.712891
314     -10363.582031
315     -10391.308594
316     -10418.923828
317     -10446.455078
318     -10473.907227
319     -10501.277344
320     -10528.564453
321     -10555.751953
322     -10582.845703
323     -10609.832031
324     -10636.736328
325     -10663.554688
326     -10690.274414
327     -10716.893555
328     -10743.429688
329     -10769.884766
330     -10796.236328
331     -10822.503906
332     -10848.681641
333     -10874.755859
334     -10900.744141
335     -10926.630859
336     -10952.404297
337     -10978.076172
338     -11003.626953
339     -11029.062500
340     -11054.359375
341     -11079.550781
342     -11104.664062
343     -11129.694336
344     -11154.642578
345     -11179.501953
346     -11204.251953
347     -11228.859375
348     -11253.373047
349     -11277.789062
350     -11302.089844
351     -11326.264648
352     -11350.352539
353     -11374.353516
354     -11398.266602
355     -11422.099609
356     -11445.853516
357     -11469.521484
358     -11493.083984
359     -11516.546875
360     -11539.884766
361     -11563.083008
362     -11586.164062
363     -11609.160156
364     -11632.058594
365     -11654.875000
366     -11677.615234
367     -11700.277344
368     -11722.862305
369     -11745.361328
370     -11767.779297
371     -11790.085938
372     -11812.277344
373     -11834.339844
374     -11856.319336
375     -11878.208984
376     -11900.005859
377     -11921.712891
378     -11943.316406
379     -11964.773438
380     -11986.081055
381     -12007.290039
382     -12028.406250
383     -12049.393555
384     -12070.261719
385     -12091.021484
386     -12111.687500
387     -12132.236328
388     -12152.644531
389     -12172.945312
390     -12193.155273
391     -12213.275391
392     -12233.285156
393     -12253.197266
394     -12272.983398
395     -12292.693359
396     -12312.308594
397     -12331.851562
398     -12351.281250
399     -12370.546875
400     -12389.723633
401     -12408.808594
402     -12427.801758
403     -12446.713867
404     -12465.530273
405     -12484.214844
406     -12502.814453
407     -12521.296875
408     -12539.652344
409     -12557.925781
410     -12576.109375
411     -12594.228516
412     -12612.281250
413     -12630.246094
414     -12648.120117
415     -12665.908203
416     -12683.597656
417     -12701.160156
418     -12718.605469
419     -12735.959961
420     -12753.240234
421     -12770.437500
422     -12787.560547
423     -12804.617188
424     -12821.584961
425     -12838.419922
426     -12855.156250
427     -12871.804688
428     -12888.327148
429     -12904.718750
430     -12921.014648
431     -12937.214844
432     -12953.302734
433     -12969.310547
434     -12985.248047
435     -13001.111328
436     -13016.851562
437     -13032.485352
438     -13047.974609
439     -13063.299805
440     -13078.533203
441     -13093.683594
442     -13108.693359
443     -13123.542969
444     -13138.324219
445     -13153.013672
446     -13167.611328
447     -13182.083984
448     -13196.452148
449     -13210.736328
450     -13224.965820
451     -13239.114258
452     -13253.191406
453     -13267.192383
454     -13281.120117
455     -13294.913086
456     -13308.574219
457     -13322.093750
458     -13335.511719
459     -13348.819336
460     -13362.013672
461     -13375.155273
462     -13388.244141
463     -13401.267578
464     -13414.228516
465     -13427.123047
466     -13439.909180
467     -13452.623047
468     -13465.247070
469     -13477.808594
470     -13490.293945
471     -13502.669922
472     -13514.960938
473     -13527.188477
474     -13539.349609
475     -13551.415039
476     -13563.402344
477     -13575.332031
478     -13587.200195
479     -13598.939453
480     -13610.597656
481     -13622.150391
482     -13633.600586
483     -13644.974609
484     -13656.277344
485     -13667.510742
486     -13678.695312
487     -13689.830078
488     -13700.888672
489     -13711.871094
490     -13722.727539
491     -13733.500000
492     -13744.184570
493     -13754.776367
494     -13765.287109
495     -13775.711914
496     -13786.078125
497     -13796.328125
498     -13806.490234
499     -13816.603516
500     -13826.654297
501     -13836.617188
502     -13846.502930
503     -13856.331055
504     -13866.083984
505     -13875.767578
506     -13885.332031
507     -13894.785156
508     -13904.175781
509     -13913.499023
510     -13922.750000
511     -13931.939453
512     -13941.054688
513     -13950.125000
514     -13959.148438
515     -13968.137695
516     -13977.043945
517     -13985.903320
518     -13994.691406
519     -14003.381836
520     -14012.027344
521     -14020.558594
522     -14029.024414
523     -14037.423828
524     -14045.750000
525     -14054.036133
526     -14062.261719
527     -14070.435547
528     -14078.562500
529     -14086.639648
530     -14094.666016
531     -14102.663086
532     -14110.623047
533     -14118.500000
534     -14126.290039
535     -14134.012695
536     -14141.669922
537     -14149.287109
538     -14156.870117
539     -14164.385742
540     -14171.842773
541     -14179.251953
542     -14186.626953
543     -14193.927734
544     -14201.175781
545     -14208.373047
546     -14215.517578
547     -14222.621094
548     -14229.699219
549     -14236.725586
550     -14243.683594
551     -14250.547852
552     -14257.350586
553     -14264.115234
554     -14270.804688
555     -14277.441406
556     -14284.044922
557     -14290.578125
558     -14297.050781
559     -14303.458008
560     -14309.804688
561     -14316.083984
562     -14322.304688
563     -14328.447266
564     -14334.521484
565     -14340.564453
566     -14346.567383
567     -14352.476562
568     -14358.346680
569     -14364.177734
570     -14369.929688
571     -14375.622070
572     -14381.279297
573     -14386.874023
574     -14392.402344
575     -14397.873047
576     -14403.298828
577     -14408.646484
578     -14413.949219
579     -14419.199219
580     -14424.408203
581     -14429.571289
582     -14434.715820
583     -14439.835938
584     -14444.897461
585     -14449.908203
586     -14454.882812
587     -14459.837891
588     -14464.778320
589     -14469.700195
590     -14474.589844
591     -14479.435547
592     -14484.234375
593     -14489.000977
594     -14493.712891
595     -14498.392578
596     -14503.042969
597     -14507.650391
598     -14512.225586
599     -14516.753906
600     -14521.237305
601     -14525.695312
602     -14530.132812
603     -14534.523438
604     -14538.890625
605     -14543.205078
606     -14547.464844
607     -14551.685547
608     -14555.881836
609     -14560.019531
610     -14564.101562
611     -14568.146484
612     -14572.167969
613     -14576.121094
614     -14580.023438
615     -14583.865234
616     -14587.671875
617     -14591.433594
618     -14595.159180
619     -14598.841797
620     -14602.480469
621     -14606.083984
622     -14609.673828
623     -14613.253906
624     -14616.804688
625     -14620.330078
626     -14623.805664
627     -14627.241211
628     -14630.662109
629     -14634.041992
630     -14637.396484
631     -14640.728516
632     -14644.044922
633     -14647.353516
634     -14650.648438
635     -14653.919922
636     -14657.149414
637     -14660.349609
638     -14663.533203
639     -14666.683594
640     -14669.808594
641     -14672.916992
642     -14675.992188
643     -14679.037109
644     -14682.051758
645     -14685.029297
646     -14687.982422
647     -14690.924805
648     -14693.849609
649     -14696.734375
650     -14699.599609
651     -14702.457031
652     -14705.298828
653     -14708.107422
654     -14710.875000
655     -14713.626953
656     -14716.360352
657     -14719.082031
658     -14721.781250
659     -14724.438477
660     -14727.064453
661     -14729.658203
662     -14732.225586
663     -14734.785156
664     -14737.322266
665     -14739.839844
666     -14742.325195
667     -14744.792969
668     -14747.253906
669     -14749.693359
670     -14752.103516
671     -14754.507812
672     -14756.902344
673     -14759.284180
674     -14761.656250
675     -14764.000977
676     -14766.331055
677     -14768.653320
678     -14770.951172
679     -14773.239258
680     -14775.521484
681     -14777.791016
682     -14780.046875
683     -14782.288086
684     -14784.521484
685     -14786.733398
686     -14788.937500
687     -14791.132812
688     -14793.308594
689     -14795.468750
690     -14797.611328
691     -14799.731445
692     -14801.818359
693     -14803.884766
694     -14805.940430
695     -14807.976562
696     -14809.991211
697     -14811.990234
698     -14813.984375
699     -14815.958984
700     -14817.923828
701     -14819.860352
702     -14821.780273
703     -14823.679688
704     -14825.570312
705     -14827.421875
706     -14829.204102
707     -14830.967773
708     -14832.721680
709     -14834.467773
710     -14836.208984
711     -14837.947266
712     -14839.677734
713     -14841.380859
714     -14843.074219
715     -14844.757812
716     -14846.437500
717     -14848.095703
718     -14849.732422
719     -14851.354492
720     -14852.972656
721     -14854.582031
722     -14856.181641
723     -14857.774414
724     -14859.365234
725     -14860.949219
726     -14862.525391
727     -14864.071289
728     -14865.597656
729     -14867.113281
730     -14868.617188
731     -14870.110352
732     -14871.589844
733     -14873.062500
734     -14874.506836
735     -14875.939453
736     -14877.362305
737     -14878.771484
738     -14880.169922
739     -14881.563477
740     -14882.952148
741     -14884.337891
742     -14885.717773
743     -14887.094727
744     -14888.447266
745     -14889.792969
746     -14891.127930
747     -14892.457031
748     -14893.775391
749     -14895.063477
750     -14896.341797
751     -14897.613281
752     -14898.878906
753     -14900.138672
754     -14901.393555
755     -14902.643555
756     -14903.886719
757     -14905.126953
758     -14906.362305
759     -14907.592773
760     -14908.812500
761     -14910.023438
762     -14911.234375
763     -14912.429688
764     -14913.618164
765     -14914.803711
766     -14915.988281
767     -14917.166016
768     -14918.330078
769     -14919.472656
770     -14920.606445
771     -14921.734375
772     -14922.860352
773     -14923.983398
774     -14925.095703
775     -14926.198242
776     -14927.290039
777     -14928.358398
778     -14929.417969
779     -14930.472656
780     -14931.515625
781     -14932.545898
782     -14933.558594
783     -14934.568359
784     -14935.564453
785     -14936.557617
786     -14937.547852
787     -14938.535156
788     -14939.513672
789     -14940.484375
790     -14941.448242
791     -14942.409180
792     -14943.365234
793     -14944.317383
794     -14945.263672
795     -14946.208008
796     -14947.145508
797     -14948.081055
798     -14949.013672
799     -14949.941406
800     -14950.865234
801     -14951.787109
802     -14952.701172
803     -14953.587891
804     -14954.469727
805     -14955.349609
806     -14956.230469
807     -14957.107422
808     -14957.981445
809     -14958.851562
810     -14959.720703
811     -14960.586914
812     -14961.445312
813     -14962.285156
814     -14963.123047
815     -14963.955078
816     -14964.789062
817     -14965.619141
818     -14966.448242
819     -14967.275391
820     -14968.101562
821     -14968.922852
822     -14969.733398
823     -14970.538086
824     -14971.331055
825     -14972.117188
826     -14972.899414
827     -14973.673828
828     -14974.443359
829     -14975.208984
830     -14975.969727
831     -14976.724609
832     -14977.476562
833     -14978.226562
834     -14978.971680
835     -14979.712891
836     -14980.443359
837     -14981.167969
838     -14981.890625
839     -14982.611328
840     -14983.324219
841     -14984.032227
842     -14984.734375
843     -14985.431641
844     -14986.127930
845     -14986.822266
846     -14987.512695
847     -14988.195312
848     -14988.872070
849     -14989.546875
850     -14990.218750
851     -14990.882812
852     -14991.543945
853     -14992.203125
854     -14992.861328
855     -14993.518555
856     -14994.173828
857     -14994.829102
858     -14995.483398
859     -14996.134766
860     -14996.783203
861     -14997.429688
862     -14998.076172
863     -14998.719727
864     -14999.360352
865     -14999.996094
866     -15000.628906
867     -15001.260742
868     -15001.885742
869     -15002.499023
870     -15003.111328
871     -15003.719727
872     -15004.326172
873     -15004.932617
874     -15005.537109
875     -15006.142578
876     -15006.746094
877     -15007.347656
878     -15007.949219
879     -15008.547852
880     -15009.146484
881     -15009.741211
882     -15010.328125
883     -15010.911133
884     -15011.494141
885     -15012.076172
886     -15012.656250
887     -15013.233398
888     -15013.810547
889     -15014.380859
890     -15014.951172
891     -15015.513672
892     -15016.076172
893     -15016.636719
894     -15017.196289
895     -15017.754883
896     -15018.313477
897     -15018.870117
898     -15019.418945
899     -15019.960938
900     -15020.500000
901     -15021.039062
902     -15021.575195
903     -15022.111328
904     -15022.647461
905     -15023.181641
906     -15023.716797
907     -15024.248047
908     -15024.778320
909     -15025.300781
910     -15025.808594
911     -15026.314453
912     -15026.820312
913     -15027.324219
914     -15027.828125
915     -15028.331055
916     -15028.833984
917     -15029.334961
918     -15029.834961
919     -15030.333984
920     -15030.828125
921     -15031.320312
922     -15031.810547
923     -15032.300781
924     -15032.790039
925     -15033.279297
926     -15033.763672
927     -15034.244141
928     -15034.716797
929     -15035.186523
930     -15035.653320
931     -15036.115234
932     -15036.576172
933     -15037.038086
934     -15037.498047
935     -15037.957031
936     -15038.416016
937     -15038.874023
938     -15039.332031
939     -15039.790039
940     -15040.247070
941     -15040.704102
942     -15041.160156
943     -15041.616211
944     -15042.072266
945     -15042.527344
946     -15042.983398
947     -15043.437500
948     -15043.892578
949     -15044.345703
950     -15044.798828
951     -15045.251953
952     -15045.701172
953     -15046.144531
954     -15046.588867
955     -15047.032227
956     -15047.474609
957     -15047.916992
958     -15048.358398
959     -15048.800781
960     -15049.240234
961     -15049.680664
962     -15050.121094
963     -15050.558594
964     -15050.994141
965     -15051.430664
966     -15051.866211
967     -15052.300781
968     -15052.736328
969     -15053.169922
970     -15053.603516
971     -15054.037109
972     -15054.468750
973     -15054.902344
974     -15055.333008
975     -15055.761719
976     -15056.189453
977     -15056.617188
978     -15057.042969
979     -15057.469727
980     -15057.895508
981     -15058.320312
982     -15058.742188
983     -15059.164062
984     -15059.583984
985     -15060.005859
986     -15060.424805
987     -15060.843750
988     -15061.257812
989     -15061.670898
990     -15062.082031
991     -15062.492188
992     -15062.902344
993     -15063.312500
994     -15063.721680
995     -15064.130859
996     -15064.538086
997     -15064.945312
998     -15065.353516
999     -15065.757812
1000    -15066.162109
1001    -15066.564453
1002    -15066.966797
1003    -15067.361328
1004    -15067.752930
1005    -15068.143555
1006    -15068.529297
1007    -15068.913086
1008    -15069.294922
1009    -15069.678711
1010    -15070.060547
1011    -15070.436523
1012    -15070.805664
1013    -15071.173828
1014    -15071.541016
1015    -15071.907227
1016    -15072.272461
1017    -15072.637695
1018    -15073.001953
1019    -15073.365234
1020    -15073.728516
1021    -15074.089844
1022    -15074.452148
1023    -15074.813477
1024    -15075.173828
1025    -15075.533203
1026    -15075.892578
1027    -15076.250977
1028    -15076.606445
1029    -15076.959961
1030    -15077.312500
1031    -15077.665039
1032    -15078.017578
1033    -15078.366211
1034    -15078.716797
1035    -15079.065430
1036    -15079.413086
1037    -15079.760742
1038    -15080.107422
1039    -15080.453125
1040    -15080.798828
1041    -15081.144531
1042    -15081.488281
1043    -15081.832031
1044    -15082.175781
1045    -15082.517578
1046    -15082.859375
1047    -15083.197266
1048    -15083.535156
1049    -15083.869141
1050    -15084.203125
1051    -15084.535156
1052    -15084.866211
1053    -15085.195312
1054    -15085.525391
1055    -15085.852539
1056    -15086.181641
1057    -15086.507812
1058    -15086.834961
1059    -15087.160156
1060    -15087.485352
1061    -15087.810547
1062    -15088.134766
1063    -15088.457031
1064    -15088.777344
1065    -15089.097656
1066    -15089.417969
1067    -15089.738281
1068    -15090.056641
1069    -15090.375000
1070    -15090.687500
1071    -15091.000000
1072    -15091.311523
1073    -15091.623047
1074    -15091.933594
1075    -15092.242188
1076    -15092.549805
1077    -15092.857422
1078    -15093.164062
1079    -15093.470703
1080    -15093.775391
1081    -15094.072266
1082    -15094.368164
1083    -15094.663086
1084    -15094.958984
1085    -15095.251953
1086    -15095.546875
1087    -15095.839844
1088    -15096.132812
1089    -15096.422852
1090    -15096.710938
1091    -15096.999023
1092    -15097.287109
1093    -15097.573242
1094    -15097.860352
1095    -15098.146484
1096    -15098.432617
1097    -15098.717773
1098    -15099.000977
1099    -15099.284180
1100    -15099.566406
1101    -15099.847656
1102    -15100.128906
1103    -15100.410156
1104    -15100.691406
1105    -15100.970703
1106    -15101.250977
1107    -15101.530273
1108    -15101.806641
1109    -15102.081055
1110    -15102.357422
1111    -15102.630859
1112    -15102.906250
1113    -15103.179688
1114    -15103.452148
1115    -15103.725586
1116    -15103.998047
1117    -15104.269531
1118    -15104.541016
1119    -15104.812500
1120    -15105.082031
1121    -15105.351562
1122    -15105.621094
1123    -15105.890625
1124    -15106.158203
1125    -15106.426758
1126    -15106.693359
1127    -15106.960938
1128    -15107.226562
1129    -15107.493164
1130    -15107.757812
1131    -15108.021484
1132    -15108.283203
1133    -15108.541992
1134    -15108.800781
1135    -15109.058594
1136    -15109.315430
1137    -15109.573242
1138    -15109.828125
1139    -15110.083984
1140    -15110.339844
1141    -15110.587891
1142    -15110.833984
1143    -15111.082031
1144    -15111.328125
1145    -15111.572266
1146    -15111.818359
1147    -15112.062500
1148    -15112.306641
1149    -15112.550781
1150    -15112.792969
1151    -15113.036133
1152    -15113.273438
1153    -15113.512695
1154    -15113.750000
1155    -15113.986328
1156    -15114.222656
1157    -15114.458984
1158    -15114.693359
1159    -15114.925781
1160    -15115.156250
1161    -15115.387695
1162    -15115.617188
1163    -15115.846680
1164    -15116.076172
1165    -15116.303711
1166    -15116.531250
1167    -15116.757812
1168    -15116.984375
1169    -15117.210938
1170    -15117.435547
1171    -15117.660156
1172    -15117.884766
1173    -15118.099609
1174    -15118.314453
1175    -15118.527344
1176    -15118.741211
1177    -15118.955078
1178    -15119.166992
1179    -15119.377930
1180    -15119.589844
1181    -15119.799805
1182    -15120.009766
1183    -15120.218750
1184    -15120.425781
1185    -15120.627930
1186    -15120.832031
1187    -15121.033203
1188    -15121.234375
1189    -15121.434570
1190    -15121.633789
1191    -15121.833008
1192    -15122.031250
1193    -15122.223633
1194    -15122.413086
1195    -15122.603516
1196    -15122.792969
1197    -15122.982422
1198    -15123.169922
1199    -15123.357422
1200    -15123.544922
1201    -15123.730469
1202    -15123.914062
1203    -15124.097656
1204    -15124.281250
1205    -15124.462891
1206    -15124.645508
1207    -15124.826172
1208    -15125.007812
1209    -15125.188477
1210    -15125.369141
1211    -15125.547852
1212    -15125.726562
1213    -15125.905273
1214    -15126.082031
1215    -15126.253906
1216    -15126.424805
1217    -15126.594727
1218    -15126.763672
1219    -15126.931641
1220    -15127.099609
1221    -15127.267578
1222    -15127.432617
1223    -15127.596680
1224    -15127.761719
1225    -15127.924805
1226    -15128.087891
1227    -15128.250000
1228    -15128.413086
1229    -15128.572266
1230    -15128.732422
1231    -15128.889648
1232    -15129.048828
1233    -15129.205078
1234    -15129.362305
1235    -15129.518555
1236    -15129.671875
1237    -15129.824219
1238    -15129.977539
1239    -15130.127930
1240    -15130.279297
1241    -15130.429688
1242    -15130.580078
1243    -15130.729492
1244    -15130.878906
1245    -15131.027344
1246    -15131.174805
1247    -15131.322266
1248    -15131.468750
1249    -15131.615234
1250    -15131.760742
1251    -15131.903320
1252    -15132.046875
1253    -15132.189453
1254    -15132.332031
1255    -15132.474609
1256    -15132.615234
1257    -15132.757812
1258    -15132.898438
1259    -15133.039062
1260    -15133.179688
1261    -15133.318359
1262    -15133.457031
1263    -15133.596680
1264    -15133.735352
1265    -15133.873047
1266    -15134.010742
1267    -15134.147461
1268    -15134.283203
1269    -15134.417969
1270    -15134.554688
1271    -15134.690430
1272    -15134.825195
1273    -15134.958984
1274    -15135.092773
1275    -15135.226562
1276    -15135.358398
1277    -15135.489258
1278    -15135.621094
1279    -15135.751953
1280    -15135.882812
1281    -15136.013672
1282    -15136.143555
1283    -15136.273438
1284    -15136.402344
1285    -15136.531250
1286    -15136.660156
1287    -15136.787109
1288    -15136.914062
1289    -15137.041016
1290    -15137.166992
1291    -15137.292969
1292    -15137.418945
1293    -15137.542969
1294    -15137.667969
1295    -15137.791992
1296    -15137.914062
1297    -15138.037109
1298    -15138.158203
1299    -15138.279297
1300    -15138.400391
1301    -15138.520508
1302    -15138.640625
1303    -15138.759766
1304    -15138.878906
1305    -15138.999023
1306    -15139.117188
1307    -15139.236328
1308    -15139.351562
1309    -15139.465820
1310    -15139.580078
1311    -15139.695312
1312    -15139.808594
1313    -15139.921875
1314    -15140.035156
1315    -15140.148438
1316    -15140.261719
1317    -15140.374023
1318    -15140.486328
1319    -15140.598633
1320    -15140.709961
1321    -15140.821289
1322    -15140.933594
1323    -15141.043945
1324    -15141.153320
1325    -15141.258789
1326    -15141.364258
1327    -15141.469727
1328    -15141.574219
1329    -15141.678711
1330    -15141.783203
1331    -15141.886719
1332    -15141.991211
1333    -15142.094727
1334    -15142.198242
1335    -15142.300781
1336    -15142.405273
1337    -15142.507812
1338    -15142.611328
1339    -15142.709961
1340    -15142.810547
1341    -15142.909180
1342    -15143.007812
1343    -15143.107422
1344    -15143.207031
1345    -15143.304688
1346    -15143.402344
1347    -15143.500000
1348    -15143.598633
1349    -15143.696289
1350    -15143.794922
1351    -15143.891602
1352    -15143.989258
1353    -15144.085938
1354    -15144.183594
1355    -15144.281250
1356    -15144.376953
1357    -15144.474609
1358    -15144.570312
1359    -15144.666992
1360    -15144.763672
1361    -15144.859375
1362    -15144.956055
1363    -15145.051758
1364    -15145.148438
1365    -15145.244141
1366    -15145.339844
1367    -15145.434570
1368    -15145.527344
1369    -15145.619141
1370    -15145.711914
1371    -15145.804688
1372    -15145.897461
1373    -15145.990234
1374    -15146.082031
1375    -15146.172852
1376    -15146.263672
1377    -15146.354492
1378    -15146.445312
1379    -15146.536133
1380    -15146.626953
1381    -15146.716797
1382    -15146.807617
1383    -15146.898438
1384    -15146.989258
1385    -15147.080078
1386    -15147.170898
1387    -15147.260742
1388    -15147.352539
1389    -15147.442383
1390    -15147.533203
1391    -15147.625000
1392    -15147.715820
1393    -15147.806641
1394    -15147.898438
1395    -15147.989258
1396    -15148.081055
1397    -15148.171875
1398    -15148.263672
1399    -15148.354492
1400    -15148.446289
1401    -15148.538086
1402    -15148.628906
1403    -15148.719727
1404    -15148.806641
1405    -15148.891602
1406    -15148.977539
1407    -15149.063477
1408    -15149.149414
1409    -15149.236328
1410    -15149.322266
1411    -15149.405273
1412    -15149.490234
1413    -15149.574219
1414    -15149.660156
1415    -15149.744141
1416    -15149.830078
1417    -15149.916016
1418    -15150.001953
1419    -15150.085938
1420    -15150.173828
1421    -15150.259766
1422    -15150.347656
1423    -15150.433594
1424    -15150.521484
1425    -15150.609375
1426    -15150.697266
1427    -15150.785156
1428    -15150.874023
1429    -15150.962891
1430    -15151.048828
1431    -15151.132812
1432    -15151.218750
1433    -15151.304688
1434    -15151.391602
1435    -15151.477539
1436    -15151.564453
1437    -15151.652344
1438    -15151.739258
1439    -15151.828125
1440    -15151.916016
1441    -15152.003906
1442    -15152.092773
1443    -15152.182617
1444    -15152.271484
1445    -15152.361328
1446    -15152.452148
1447    -15152.542969
1448    -15152.632812
1449    -15152.724609
1450    -15152.815430
1451    -15152.908203
1452    -15152.999023
1453    -15153.090820
1454    -15153.184570
1455    -15153.277344
1456    -15153.370117
1457    -15153.463867
1458    -15153.556641
1459    -15153.651367
1460    -15153.746094
1461    -15153.840820
1462    -15153.935547
1463    -15154.030273
1464    -15154.125977
1465    -15154.220703
1466    -15154.316406
1467    -15154.412109
1468    -15154.508789
1469    -15154.604492
1470    -15154.699219
1471    -15154.794922
1472    -15154.890625
1473    -15154.984375
1474    -15155.078125
1475    -15155.173828
1476    -15155.267578
1477    -15155.361328
1478    -15155.457031
1479    -15155.551758
1480    -15155.646484
1481    -15155.740234
1482    -15155.835938
1483    -15155.930664
1484    -15156.025391
1485    -15156.120117
1486    -15156.214844
1487    -15156.309570
1488    -15156.404297
1489    -15156.499023
1490    -15156.593750
1491    -15156.687500
1492    -15156.782227
1493    -15156.876953
1494    -15156.970703
1495    -15157.065430
1496    -15157.160156
1497    -15157.253906
1498    -15157.346680
1499    -15157.439453
1500    -15157.533203
1501    -15157.626953
1502    -15157.718750
1503    -15157.811523
1504    -15157.904297
1505    -15157.997070
1506    -15158.089844
1507    -15158.180664
1508    -15158.272461
1509    -15158.363281
1510    -15158.455078
1511    -15158.544922
1512    -15158.636719
1513    -15158.726562
1514    -15158.816406
1515    -15158.906250
1516    -15158.995117
1517    -15159.083984
1518    -15159.171875
1519    -15159.259766
1520    -15159.348633
1521    -15159.435547
1522    -15159.524414
1523    -15159.609375
1524    -15159.693359
1525    -15159.775391
1526    -15159.857422
1527    -15159.939453
1528    -15160.021484
1529    -15160.101562
1530    -15160.182617
1531    -15160.263672
1532    -15160.342773
1533    -15160.423828
1534    -15160.501953
1535    -15160.582031
1536    -15160.659180
1537    -15160.738281
1538    -15160.816406
1539    -15160.892578
1540    -15160.970703
1541    -15161.046875
1542    -15161.123047
1543    -15161.199219
1544    -15161.275391
1545    -15161.350586
1546    -15161.424805
1547    -15161.500000
1548    -15161.572266
1549    -15161.646484
1550    -15161.719727
1551    -15161.792969
1552    -15161.865234
1553    -15161.937500
1554    -15162.009766
1555    -15162.081055
1556    -15162.152344
1557    -15162.222656
1558    -15162.292969
1559    -15162.363281
1560    -15162.431641
1561    -15162.499023
1562    -15162.566406
1563    -15162.632812
1564    -15162.699219
1565    -15162.764648
1566    -15162.830078
1567    -15162.895508
1568    -15162.959961
1569    -15163.025391
1570    -15163.088867
1571    -15163.152344
1572    -15163.215820
1573    -15163.278320
1574    -15163.341797
1575    -15163.404297
1576    -15163.465820
1577    -15163.527344
1578    -15163.588867
1579    -15163.650391
1580    -15163.710938
1581    -15163.769531
1582    -15163.826172
1583    -15163.882812
1584    -15163.938477
1585    -15163.994141
1586    -15164.050781
1587    -15164.106445
1588    -15164.161133
1589    -15164.216797
1590    -15164.271484
1591    -15164.325195
1592    -15164.378906
1593    -15164.431641
1594    -15164.486328
1595    -15164.539062
1596    -15164.591797
1597    -15164.644531
1598    -15164.696289
1599    -15164.748047
1600    -15164.800781
1601    -15164.851562
1602    -15164.903320
1603    -15164.953125
1604    -15165.003906
1605    -15165.054688
1606    -15165.103516
1607    -15165.154297
1608    -15165.203125
1609    -15165.252930
1610    -15165.302734
1611    -15165.350586
1612    -15165.399414
1613    -15165.448242
1614    -15165.495117
1615    -15165.544922
1616    -15165.591797
1617    -15165.639648
1618    -15165.685547
1619    -15165.732422
1620    -15165.779297
1621    -15165.826172
1622    -15165.872070
1623    -15165.919922
1624    -15165.964844
1625    -15166.009766
1626    -15166.054688
1627    -15166.101562
1628    -15166.146484
1629    -15166.191406
1630    -15166.236328
1631    -15166.279297
1632    -15166.324219
1633    -15166.369141
1634    -15166.413086
1635    -15166.457031
1636    -15166.500000
1637    -15166.542969
1638    -15166.586914
1639    -15166.629883
1640    -15166.672852
1641    -15166.714844
1642    -15166.757812
1643    -15166.799805
1644    -15166.841797
1645    -15166.884766
1646    -15166.925781
1647    -15166.966797
1648    -15167.008789
1649    -15167.050781
1650    -15167.091797
1651    -15167.132812
1652    -15167.173828
1653    -15167.214844
1654    -15167.253906
1655    -15167.294922
1656    -15167.333984
1657    -15167.375000
1658    -15167.416016
1659    -15167.455078
1660    -15167.494141
1661    -15167.533203
1662    -15167.573242
1663    -15167.613281
1664    -15167.652344
1665    -15167.689453
1666    -15167.728516
1667    -15167.768555
1668    -15167.806641
1669    -15167.844727
1670    -15167.882812
1671    -15167.919922
1672    -15167.958984
1673    -15167.996094
1674    -15168.033203
1675    -15168.068359
1676    -15168.105469
1677    -15168.140625
1678    -15168.176758
1679    -15168.211914
1680    -15168.248047
1681    -15168.283203
1682    -15168.318359
1683    -15168.353516
1684    -15168.389648
1685    -15168.423828
1686    -15168.458984
1687    -15168.493164
1688    -15168.528320
1689    -15168.563477
1690    -15168.597656
1691    -15168.632812
1692    -15168.666016
1693    -15168.692383
1694    -15168.718750
1695    -15168.745117
1696    -15168.771484
1697    -15168.796875
1698    -15168.824219
1699    -15168.850586
1700    -15168.875000
1701    -15168.902344
1702    -15168.929688
1703    -15168.955078
1704    -15168.980469
1705    -15169.006836
1706    -15169.033203
1707    -15169.058594
1708    -15169.084961
1709    -15169.110352
1710    -15169.136719
1711    -15169.160156
1712    -15169.185547
1713    -15169.209961
1714    -15169.234375
1715    -15169.257812
1716    -15169.283203
1717    -15169.308594
1718    -15169.332031
1719    -15169.356445
1720    -15169.380859
1721    -15169.402344
1722    -15169.424805
1723    -15169.447266
1724    -15169.468750
1725    -15169.490234
1726    -15169.511719
1727    -15169.535156
1728    -15169.555664
1729    -15169.578125
1730    -15169.599609
1731    -15169.621094
1732    -15169.642578
1733    -15169.664062
1734    -15169.685547
1735    -15169.708008
1736    -15169.728516
1737    -15169.750000
1738    -15169.772461
1739    -15169.793945
1740    -15169.814453
1741    -15169.836914
1742    -15169.858398
1743    -15169.878906
1744    -15169.901367
1745    -15169.921875
1746    -15169.944336
1747    -15169.966797
1748    -15169.986328
1749    -15170.007812
1750    -15170.029297
1751    -15170.050781
1752    -15170.072266
1753    -15170.093750
1754    -15170.115234
1755    -15170.136719
1756    -15170.158203
1757    -15170.178711
1758    -15170.199219
1759    -15170.222656
1760    -15170.242188
1761    -15170.263672
1762    -15170.285156
1763    -15170.306641
1764    -15170.328125
1765    -15170.348633
1766    -15170.369141
1767    -15170.390625
1768    -15170.412109
1769    -15170.432617
1770    -15170.454102
1771    -15170.474609
1772    -15170.496094
1773    -15170.516602
1774    -15170.537109
1775    -15170.558594
1776    -15170.580078
1777    -15170.601562
1778    -15170.622070
1779    -15170.642578
1780    -15170.664062
1781    -15170.685547
1782    -15170.707031
1783    -15170.727539
1784    -15170.748047
1785    -15170.769531
1786    -15170.791016
1787    -15170.812500
1788    -15170.833008
1789    -15170.853516
1790    -15170.875000
1791    -15170.896484
1792    -15170.916992
1793    -15170.937500
1794    -15170.959961
1795    -15170.980469
1796    -15171.001953
1797    -15171.023438
1798    -15171.044922
1799    -15171.064453
1800    -15171.086914
1801    -15171.108398
1802    -15171.128906
1803    -15171.150391
1804    -15171.171875
1805    -15171.193359
1806    -15171.213867
1807    -15171.235352
1808    -15171.256836
1809    -15171.278320
1810    -15171.298828
1811    -15171.320312
1812    -15171.341797
1813    -15171.363281
1814    -15171.384766
1815    -15171.405273
1816    -15171.427734
1817    -15171.448242
1818    -15171.468750
1819    -15171.492188
1820    -15171.512695
1821    -15171.533203
1822    -15171.554688
1823    -15171.577148
1824    -15171.596680
1825    -15171.616211
1826    -15171.634766
1827    -15171.654297
1828    -15171.673828
1829    -15171.693359
1830    -15171.711914
1831    -15171.732422
1832    -15171.750977
1833    -15171.770508
1834    -15171.788086
1835    -15171.806641
1836    -15171.824219
1837    -15171.843750
1838    -15171.862305
1839    -15171.879883
1840    -15171.898438
1841    -15171.916992
1842    -15171.935547
1843    -15171.955078
1844    -15171.972656
1845    -15171.991211
1846    -15172.009766
1847    -15172.027344
1848    -15172.046875
1849    -15172.066406
1850    -15172.083984
1851    -15172.103516
1852    -15172.122070
1853    -15172.142578
1854    -15172.160156
1855    -15172.179688
1856    -15172.199219
1857    -15172.217773
1858    -15172.236328
1859    -15172.256836
1860    -15172.275391
1861    -15172.294922
1862    -15172.314453
1863    -15172.333984
1864    -15172.353516
1865    -15172.373047
1866    -15172.392578
1867    -15172.412109
1868    -15172.431641
1869    -15172.453125
1870    -15172.471680
1871    -15172.492188
1872    -15172.512695
1873    -15172.532227
1874    -15172.552734
1875    -15172.572266
1876    -15172.591797
1877    -15172.613281
1878    -15172.632812
1879    -15172.653320
1880    -15172.673828
1881    -15172.693359
1882    -15172.714844
1883    -15172.735352
1884    -15172.755859
1885    -15172.776367
1886    -15172.797852
1887    -15172.819336
1888    -15172.839844
1889    -15172.861328
1890    -15172.881836
1891    -15172.902344
1892    -15172.923828
1893    -15172.945312
1894    -15172.966797
1895    -15172.988281
1896    -15173.009766
1897    -15173.031250
1898    -15173.052734
1899    -15173.074219
1900    -15173.096680
1901    -15173.119141
1902    -15173.139648
1903    -15173.162109
1904    -15173.184570
1905    -15173.207031
1906    -15173.228516
1907    -15173.250977
1908    -15173.273438
1909    -15173.295898
1910    -15173.318359
1911    -15173.340820
1912    -15173.363281
1913    -15173.386719
1914    -15173.409180
1915    -15173.432617
1916    -15173.455078
1917    -15173.478516
1918    -15173.501953
1919    -15173.524414
1920    -15173.547852
1921    -15173.572266
1922    -15173.594727
1923    -15173.619141
1924    -15173.642578
1925    -15173.666016
1926    -15173.690430
1927    -15173.713867
1928    -15173.738281
1929    -15173.761719
1930    -15173.787109
1931    -15173.811523
1932    -15173.835938
1933    -15173.859375
1934    -15173.884766
1935    -15173.910156
1936    -15173.933594
1937    -15173.958984
1938    -15173.983398
1939    -15174.009766
1940    -15174.034180
1941    -15174.059570
1942    -15174.085938
1943    -15174.110352
1944    -15174.136719
1945    -15174.162109
1946    -15174.187500
1947    -15174.213867
1948    -15174.240234
1949    -15174.266602
1950    -15174.292969
1951    -15174.318359
1952    -15174.345703
1953    -15174.372070
1954    -15174.399414
1955    -15174.424805
1956    -15174.452148
1957    -15174.480469
1958    -15174.506836
1959    -15174.533203
1960    -15174.560547
1961    -15174.589844
1962    -15174.617188
1963    -15174.644531
1964    -15174.671875
1965    -15174.701172
1966    -15174.728516
1967    -15174.755859
1968    -15174.785156
1969    -15174.812500
1970    -15174.841797
1971    -15174.871094
1972    -15174.900391
1973    -15174.929688
1974    -15174.958008
1975    -15174.987305
1976    -15175.015625
1977    -15175.045898
1978    -15175.076172
1979    -15175.105469
1980    -15175.134766
1981    -15175.166016
1982    -15175.195312
1983    -15175.226562
1984    -15175.255859
1985    -15175.287109
1986    -15175.318359
1987    -15175.348633
1988    -15175.379883
1989    -15175.411133
1990    -15175.443359
1991    -15175.474609
1992    -15175.505859
1993    -15175.537109
1994    -15175.570312
1995    -15175.601562
1996    -15175.634766
1997    -15175.666992
1998    -15175.699219
1999    -15175.731445
2000    -15175.764648
2001    -15175.797852
2002    -15175.831055
2003    -15175.865234
2004    -15175.898438
2005    -15175.931641
2006    -15175.965820
2007    -15176.000000
2008    -15176.034180
2009    -15176.068359
2010    -15176.103516
2011    -15176.137695
2012    -15176.172852
2013    -15176.208008
2014    -15176.243164
2015    -15176.278320
2016    -15176.314453
2017    -15176.350586
2018    -15176.386719
2019    -15176.421875
2020    -15176.458984
2021    -15176.495117
2022    -15176.532227
2023    -15176.568359
2024    -15176.606445
2025    -15176.642578
2026    -15176.679688
2027    -15176.718750
2028    -15176.755859
2029    -15176.794922
2030    -15176.833008
2031    -15176.871094
2032    -15176.910156
2033    -15176.949219
2034    -15176.988281
2035    -15177.027344
2036    -15177.067383
2037    -15177.107422
2038    -15177.147461
2039    -15177.187500
2040    -15177.227539
2041    -15177.267578
2042    -15177.308594
2043    -15177.349609
2044    -15177.390625
2045    -15177.432617
2046    -15177.474609
2047    -15177.516602
2048    -15177.558594
2049    -15177.601562
2050    -15177.644531
2051    -15177.686523
2052    -15177.729492
2053    -15177.773438
2054    -15177.816406
2055    -15177.861328
2056    -15177.904297
2057    -15177.949219
2058    -15177.994141
2059    -15178.039062
2060    -15178.083984
2061    -15178.128906
2062    -15178.174805
2063    -15178.220703
2064    -15178.266602
2065    -15178.312500
2066    -15178.359375
2067    -15178.406250
2068    -15178.453125
2069    -15178.500977
2070    -15178.548828
2071    -15178.595703
2072    -15178.644531
2073    -15178.693359
2074    -15178.741211
2075    -15178.791016
2076    -15178.839844
2077    -15178.889648
2078    -15178.939453
2079    -15178.989258
2080    -15179.039062
2081    -15179.089844
2082    -15179.140625
2083    -15179.191406
2084    -15179.242188
2085    -15179.294922
2086    -15179.347656
2087    -15179.399414
2088    -15179.452148
2089    -15179.503906
2090    -15179.558594
2091    -15179.611328
2092    -15179.665039
2093    -15179.718750
2094    -15179.773438
2095    -15179.828125
2096    -15179.883789
2097    -15179.937500
2098    -15179.994141
2099    -15180.048828
2100    -15180.105469
2101    -15180.162109
2102    -15180.217773
2103    -15180.275391
2104    -15180.333008
2105    -15180.390625
2106    -15180.449219
2107    -15180.506836
2108    -15180.564453
2109    -15180.624023
2110    -15180.683594
2111    -15180.742188
2112    -15180.802734
2113    -15180.863281
2114    -15180.923828
2115    -15180.984375
2116    -15181.044922
2117    -15181.105469
2118    -15181.167969
2119    -15181.230469
2120    -15181.292969
2121    -15181.355469
2122    -15181.417969
2123    -15181.481445
2124    -15181.544922
2125    -15181.608398
2126    -15181.672852
2127    -15181.737305
2128    -15181.801758
2129    -15181.867188
2130    -15181.932617
2131    -15181.998047
2132    -15182.064453
2133    -15182.130859
2134    -15182.197266
2135    -15182.263672
2136    -15182.332031
2137    -15182.400391
2138    -15182.466797
2139    -15182.535156
2140    -15182.604492
2141    -15182.672852
2142    -15182.742188
2143    -15182.812500
2144    -15182.880859
2145    -15182.952148
2146    -15183.022461
2147    -15183.092773
2148    -15183.164062
2149    -15183.234375
2150    -15183.306641
2151    -15183.376953
2152    -15183.449219
2153    -15183.520508
2154    -15183.591797
2155    -15183.665039
2156    -15183.736328
2157    -15183.808594
2158    -15183.881836
2159    -15183.955078
2160    -15184.027344
2161    -15184.101562
2162    -15184.175781
2163    -15184.250000
2164    -15184.324219
2165    -15184.398438
2166    -15184.472656
2167    -15184.548828
2168    -15184.623047
2169    -15184.699219
2170    -15184.775391
2171    -15184.849609
2172    -15184.926758
2173    -15185.003906
2174    -15185.080078
2175    -15185.157227
2176    -15185.233398
2177    -15185.310547
2178    -15185.388672
2179    -15185.464844
2180    -15185.541992
2181    -15185.621094
2182    -15185.697266
2183    -15185.776367
2184    -15185.855469
2185    -15185.933594
2186    -15186.011719
2187    -15186.089844
2188    -15186.169922
2189    -15186.248047
2190    -15186.326172
2191    -15186.406250
2192    -15186.485352
2193    -15186.564453
2194    -15186.643555
2195    -15186.722656
2196    -15186.802734
2197    -15186.881836
2198    -15186.961914
2199    -15187.041992
2200    -15187.122070
2201    -15187.201172
2202    -15187.281250
2203    -15187.359375
2204    -15187.439453
2205    -15187.517578
2206    -15187.597656
2207    -15187.677734
2208    -15187.755859
2209    -15187.834961
2210    -15187.913086
2211    -15187.992188
2212    -15188.072266
2213    -15188.150391
2214    -15188.229492
2215    -15188.308594
2216    -15188.386719
2217    -15188.465820
2218    -15188.544922
2219    -15188.623047
2220    -15188.701172
2221    -15188.780273
2222    -15188.857422
2223    -15188.935547
2224    -15189.013672
2225    -15189.090820
2226    -15189.169922
2227    -15189.246094
2228    -15189.324219
2229    -15189.401367
2230    -15189.478516
2231    -15189.554688
2232    -15189.632812
2233    -15189.708984
2234    -15189.785156
2235    -15189.861328
2236    -15189.937500
2237    -15190.013672
2238    -15190.088867
2239    -15190.164062
2240    -15190.240234
2241    -15190.315430
2242    -15190.388672
2243    -15190.463867
2244    -15190.538086
2245    -15190.613281
2246    -15190.686523
2247    -15190.760742
2248    -15190.833984
2249    -15190.907227
2250    -15190.980469
2251    -15191.052734
2252    -15191.125977
2253    -15191.198242
2254    -15191.269531
2255    -15191.341797
2256    -15191.413086
2257    -15191.484375
2258    -15191.555664
2259    -15191.626953
2260    -15191.697266
2261    -15191.766602
2262    -15191.836914
2263    -15191.906250
2264    -15191.974609
2265    -15192.043945
2266    -15192.111328
2267    -15192.179688
2268    -15192.248047
2269    -15192.315430
2270    -15192.382812
2271    -15192.449219
2272    -15192.515625
2273    -15192.582031
2274    -15192.646484
2275    -15192.709961
2276    -15192.773438
2277    -15192.837891
2278    -15192.900391
2279    -15192.963867
2280    -15193.026367
2281    -15193.088867
2282    -15193.150391
2283    -15193.212891
2284    -15193.275391
2285    -15193.335938
2286    -15193.396484
2287    -15193.457031
2288    -15193.517578
2289    -15193.578125
2290    -15193.637695
2291    -15193.697266
2292    -15193.755859
2293    -15193.815430
2294    -15193.874023
2295    -15193.931641
2296    -15193.991211
2297    -15194.047852
2298    -15194.105469
2299    -15194.163086
2300    -15194.220703
2301    -15194.277344
2302    -15194.333984
2303    -15194.390625
2304    -15194.445312
2305    -15194.500977
2306    -15194.556641
2307    -15194.612305
2308    -15194.666992
2309    -15194.720703
2310    -15194.775391
2311    -15194.830078
2312    -15194.883789
2313    -15194.937500
2314    -15194.991211
2315    -15195.043945
2316    -15195.096680
2317    -15195.149414
2318    -15195.201172
2319    -15195.252930
2320    -15195.305664
2321    -15195.357422
2322    -15195.408203
2323    -15195.459961
2324    -15195.509766
2325    -15195.560547
2326    -15195.611328
2327    -15195.661133
2328    -15195.711914
2329    -15195.761719
2330    -15195.810547
2331    -15195.860352
2332    -15195.909180
2333    -15195.958008
2334    -15196.005859
2335    -15196.054688
2336    -15196.103516
2337    -15196.150391
2338    -15196.199219
2339    -15196.246094
2340    -15196.293945
2341    -15196.339844
2342    -15196.386719
2343    -15196.435547
2344    -15196.481445
2345    -15196.527344
2346    -15196.573242
2347    -15196.619141
2348    -15196.665039
2349    -15196.710938
2350    -15196.755859
2351    -15196.800781
2352    -15196.845703
2353    -15196.890625
2354    -15196.935547
2355    -15196.980469
2356    -15197.024414
2357    -15197.068359
2358    -15197.112305
2359    -15197.156250
2360    -15197.199219
2361    -15197.242188
2362    -15197.286133
2363    -15197.329102
2364    -15197.372070
2365    -15197.415039
2366    -15197.457031
2367    -15197.500000
2368    -15197.541992
2369    -15197.583984
2370    -15197.625977
2371    -15197.667969
2372    -15197.708984
2373    -15197.750977
2374    -15197.791992
2375    -15197.833984
2376    -15197.874023
2377    -15197.916016
2378    -15197.956055
2379    -15197.996094
2380    -15198.037109
2381    -15198.078125
2382    -15198.117188
2383    -15198.157227
2384    -15198.197266
2385    -15198.237305
2386    -15198.277344
2387    -15198.316406
2388    -15198.355469
2389    -15198.395508
2390    -15198.430664
2391    -15198.464844
2392    -15198.499023
2393    -15198.533203
2394    -15198.567383
2395    -15198.601562
2396    -15198.634766
2397    -15198.669922
2398    -15198.703125
2399    -15198.736328
2400    -15198.769531
2401    -15198.802734
2402    -15198.835938
2403    -15198.869141
2404    -15198.902344
2405    -15198.935547
2406    -15198.966797
2407    -15199.000000
2408    -15199.033203
2409    -15199.065430
2410    -15199.097656
2411    -15199.130859
2412    -15199.163086
2413    -15199.195312
2414    -15199.227539
2415    -15199.259766
2416    -15199.291992
2417    -15199.323242
2418    -15199.355469
2419    -15199.387695
2420    -15199.418945
2421    -15199.451172
2422    -15199.482422
2423    -15199.513672
2424    -15199.544922
2425    -15199.577148
2426    -15199.607422
2427    -15199.639648
2428    -15199.671875
2429    -15199.702148
2430    -15199.732422
2431    -15199.763672
2432    -15199.795898
2433    -15199.826172
2434    -15199.857422
2435    -15199.887695
2436    -15199.918945
2437    -15199.949219
2438    -15199.980469
2439    -15200.010742
2440    -15200.041016
2441    -15200.072266
2442    -15200.103516
2443    -15200.132812
2444    -15200.163086
2445    -15200.194336
2446    -15200.224609
2447    -15200.254883
2448    -15200.285156
2449    -15200.314453
2450    -15200.345703
2451    -15200.375000
2452    -15200.405273
2453    -15200.435547
2454    -15200.464844
2455    -15200.496094
2456    -15200.525391
2457    -15200.555664
2458    -15200.585938
2459    -15200.615234
2460    -15200.644531
2461    -15200.674805
2462    -15200.704102
2463    -15200.734375
2464    -15200.763672
2465    -15200.793945
2466    -15200.823242
2467    -15200.852539
2468    -15200.882812
2469    -15200.912109
2470    -15200.942383
2471    -15200.970703
2472    -15201.000977
2473    -15201.029297
2474    -15201.059570
2475    -15201.088867
2476    -15201.118164
2477    -15201.148438
2478    -15201.177734
2479    -15201.206055
2480    -15201.236328
2481    -15201.264648
2482    -15201.294922
2483    -15201.324219
2484    -15201.353516
2485    -15201.382812
2486    -15201.412109
2487    -15201.440430
2488    -15201.468750
2489    -15201.499023
2490    -15201.528320
2491    -15201.556641
2492    -15201.585938
2493    -15201.615234
2494    -15201.643555
2495    -15201.672852
2496    -15201.703125
2497    -15201.730469
2498    -15201.759766
2499    -15201.789062
2500    -15201.818359
2501    -15201.847656
2502    -15201.875000
2503    -15201.904297
2504    -15201.933594
2505    -15201.962891
2506    -15201.991211
2507    -15202.019531
2508    -15202.048828
2509    -15202.076172
2510    -15202.105469
2511    -15202.134766
2512    -15202.163086
2513    -15202.192383
2514    -15202.219727
2515    -15202.249023
2516    -15202.277344
2517    -15202.306641
2518    -15202.333984
2519    -15202.363281
2520    -15202.390625
2521    -15202.419922
2522    -15202.448242
2523    -15202.476562
2524    -15202.504883
2525    -15202.533203
2526    -15202.561523
2527    -15202.589844
2528    -15202.617188
2529    -15202.646484
2530    -15202.674805
2531    -15202.703125
2532    -15202.730469
2533    -15202.758789
2534    -15202.787109
2535    -15202.814453
2536    -15202.841797
2537    -15202.871094
2538    -15202.897461
2539    -15202.923828
2540    -15202.951172
2541    -15202.978516
2542    -15203.003906
2543    -15203.027344
2544    -15203.051758
2545    -15203.076172
2546    -15203.099609
2547    -15203.120117
2548    -15203.140625
2549    -15203.162109
2550    -15203.183594
2551    -15203.205078
2552    -15203.225586
2553    -15203.246094
2554    -15203.267578
2555    -15203.289062
2556    -15203.309570
2557    -15203.330078
2558    -15203.351562
2559    -15203.372070
2560    -15203.393555
2561    -15203.414062
2562    -15203.435547
2563    -15203.455078
2564    -15203.476562
2565    -15203.498047
2566    -15203.518555
2567    -15203.539062
2568    -15203.560547
2569    -15203.580078
2570    -15203.601562
2571    -15203.622070
2572    -15203.642578
2573    -15203.662109
2574    -15203.683594
2575    -15203.704102
2576    -15203.724609
2577    -15203.745117
2578    -15203.765625
2579    -15203.786133
2580    -15203.806641
2581    -15203.828125
2582    -15203.847656
2583    -15203.868164
2584    -15203.887695
2585    -15203.908203
2586    -15203.928711
2587    -15203.949219
2588    -15203.968750
2589    -15203.989258
2590    -15204.009766
2591    -15204.028320
2592    -15204.048828
2593    -15204.068359
2594    -15204.087891
2595    -15204.109375
2596    -15204.128906
2597    -15204.148438
2598    -15204.167969
2599    -15204.187500
2600    -15204.207031
2601    -15204.226562
2602    -15204.246094
2603    -15204.265625
2604    -15204.285156
2605    -15204.304688
2606    -15204.324219
2607    -15204.342773
2608    -15204.363281
2609    -15204.381836
2610    -15204.402344
2611    -15204.419922
2612    -15204.439453
2613    -15204.458984
2614    -15204.477539
2615    -15204.497070
2616    -15204.515625
2617    -15204.535156
2618    -15204.552734
2619    -15204.573242
2620    -15204.590820
2621    -15204.609375
2622    -15204.628906
2623    -15204.646484
2624    -15204.666016
2625    -15204.684570
2626    -15204.703125
2627    -15204.721680
2628    -15204.740234
2629    -15204.757812
2630    -15204.777344
2631    -15204.794922
2632    -15204.812500
2633    -15204.832031
2634    -15204.849609
2635    -15204.867188
2636    -15204.885742
2637    -15204.904297
2638    -15204.921875
2639    -15204.939453
2640    -15204.958008
2641    -15204.975586
2642    -15204.993164
2643    -15205.011719
2644    -15205.029297
2645    -15205.046875
2646    -15205.064453
2647    -15205.082031
2648    -15205.099609
2649    -15205.117188
2650    -15205.134766
2651    -15205.152344
2652    -15205.168945
2653    -15205.186523
2654    -15205.203125
2655    -15205.220703
2656    -15205.238281
2657    -15205.255859
2658    -15205.273438
2659    -15205.289062
2660    -15205.306641
2661    -15205.324219
2662    -15205.340820
2663    -15205.357422
2664    -15205.375000
2665    -15205.391602
2666    -15205.408203
2667    -15205.425781
2668    -15205.441406
2669    -15205.458984
2670    -15205.474609
2671    -15205.492188
2672    -15205.509766
2673    -15205.524414
2674    -15205.542969
2675    -15205.558594
2676    -15205.574219
2677    -15205.591797
2678    -15205.608398
2679    -15205.624023
2680    -15205.640625
2681    -15205.657227
2682    -15205.673828
2683    -15205.689453
2684    -15205.706055
2685    -15205.721680
2686    -15205.738281
2687    -15205.753906
2688    -15205.770508
2689    -15205.786133
2690    -15205.802734
2691    -15205.818359
2692    -15205.834961
2693    -15205.849609
2694    -15205.867188
2695    -15205.882812
2696    -15205.898438
2697    -15205.914062
2698    -15205.929688
2699    -15205.945312
2700    -15205.960938
2701    -15205.977539
2702    -15205.992188
2703    -15206.008789
2704    -15206.023438
2705    -15206.039062
2706    -15206.054688
2707    -15206.071289
2708    -15206.085938
2709    -15206.101562
2710    -15206.117188
2711    -15206.132812
2712    -15206.148438
2713    -15206.164062
2714    -15206.179688
2715    -15206.195312
2716    -15206.209961
2717    -15206.225586
2718    -15206.241211
2719    -15206.255859
2720    -15206.271484
2721    -15206.287109
2722    -15206.301758
2723    -15206.318359
2724    -15206.332031
2725    -15206.347656
2726    -15206.363281
2727    -15206.378906
2728    -15206.394531
2729    -15206.409180
2730    -15206.423828
2731    -15206.439453
2732    -15206.454102
2733    -15206.469727
2734    -15206.485352
2735    -15206.500000
2736    -15206.515625
2737    -15206.530273
2738    -15206.545898
2739    -15206.560547
2740    -15206.576172
2741    -15206.591797
2742    -15206.605469
2743    -15206.621094
2744    -15206.636719
2745    -15206.650391
2746    -15206.666016
2747    -15206.681641
2748    -15206.696289
2749    -15206.711914
2750    -15206.726562
2751    -15206.741211
2752    -15206.755859
2753    -15206.771484
2754    -15206.787109
2755    -15206.801758
2756    -15206.817383
2757    -15206.832031
2758    -15206.846680
2759    -15206.862305
2760    -15206.876953
2761    -15206.892578
2762    -15206.907227
2763    -15206.921875
2764    -15206.938477
2765    -15206.952148
2766    -15206.967773
2767    -15206.982422
2768    -15206.998047
2769    -15207.013672
2770    -15207.029297
2771    -15207.042969
2772    -15207.058594
2773    -15207.074219
2774    -15207.088867
2775    -15207.104492
2776    -15207.119141
2777    -15207.134766
2778    -15207.150391
2779    -15207.164062
2780    -15207.179688
2781    -15207.195312
2782    -15207.210938
2783    -15207.224609
2784    -15207.240234
2785    -15207.255859
2786    -15207.271484
2787    -15207.287109
2788    -15207.301758
2789    -15207.317383
2790    -15207.332031
2791    -15207.347656
2792    -15207.363281
2793    -15207.378906
2794    -15207.394531
2795    -15207.409180
2796    -15207.425781
2797    -15207.439453
2798    -15207.455078
2799    -15207.471680
2800    -15207.487305
2801    -15207.501953
2802    -15207.517578
2803    -15207.533203
2804    -15207.548828
2805    -15207.564453
2806    -15207.580078
2807    -15207.595703
2808    -15207.611328
2809    -15207.627930
2810    -15207.642578
2811    -15207.659180
2812    -15207.673828
2813    -15207.689453
2814    -15207.705078
2815    -15207.720703
2816    -15207.738281
2817    -15207.752930
2818    -15207.769531
2819    -15207.785156
2820    -15207.800781
2821    -15207.816406
2822    -15207.832031
2823    -15207.847656
2824    -15207.863281
2825    -15207.878906
2826    -15207.894531
2827    -15207.909180
2828    -15207.925781
2829    -15207.941406
2830    -15207.957031
2831    -15207.972656
2832    -15207.988281
2833    -15208.003906
2834    -15208.019531
2835    -15208.037109
2836    -15208.052734
2837    -15208.068359
2838    -15208.083984
2839    -15208.101562
2840    -15208.117188
2841    -15208.132812
2842    -15208.148438
2843    -15208.166016
2844    -15208.181641
2845    -15208.198242
2846    -15208.214844
2847    -15208.230469
2848    -15208.247070
2849    -15208.263672
2850    -15208.281250
2851    -15208.297852
2852    -15208.312500
2853    -15208.330078
2854    -15208.346680
2855    -15208.363281
2856    -15208.379883
2857    -15208.397461
2858    -15208.413086
2859    -15208.431641
2860    -15208.447266
2861    -15208.464844
2862    -15208.482422
2863    -15208.499023
2864    -15208.515625
2865    -15208.533203
2866    -15208.550781
2867    -15208.568359
2868    -15208.584961
2869    -15208.601562
2870    -15208.619141
2871    -15208.636719
2872    -15208.654297
2873    -15208.671875
2874    -15208.689453
2875    -15208.707031
2876    -15208.724609
2877    -15208.742188
2878    -15208.759766
2879    -15208.777344
2880    -15208.794922
2881    -15208.812500
2882    -15208.830078
2883    -15208.847656
2884    -15208.865234
2885    -15208.882812
2886    -15208.899414
2887    -15208.916016
2888    -15208.934570
2889    -15208.951172
2890    -15208.969727
2891    -15208.987305
2892    -15209.004883
2893    -15209.022461
2894    -15209.040039
2895    -15209.058594
2896    -15209.076172
2897    -15209.093750
2898    -15209.111328
2899    -15209.129883
2900    -15209.148438
2901    -15209.166016
2902    -15209.183594
2903    -15209.203125
2904    -15209.221680
2905    -15209.239258
2906    -15209.257812
2907    -15209.275391
2908    -15209.293945
2909    -15209.313477
2910    -15209.332031
2911    -15209.351562
2912    -15209.369141
2913    -15209.387695
2914    -15209.406250
2915    -15209.425781
2916    -15209.445312
2917    -15209.463867
2918    -15209.483398
2919    -15209.501953
2920    -15209.521484
2921    -15209.541016
2922    -15209.560547
2923    -15209.580078
2924    -15209.599609
2925    -15209.619141
2926    -15209.638672
2927    -15209.658203
2928    -15209.677734
2929    -15209.697266
2930    -15209.717773
2931    -15209.737305
2932    -15209.756836
2933    -15209.777344
2934    -15209.796875
2935    -15209.818359
2936    -15209.837891
2937    -15209.858398
2938    -15209.878906
2939    -15209.898438
2940    -15209.917969
2941    -15209.936523
2942    -15209.955078
2943    -15209.974609
2944    -15209.993164
2945    -15210.011719
2946    -15210.031250
2947    -15210.050781
2948    -15210.070312
2949    -15210.089844
2950    -15210.109375
2951    -15210.127930
2952    -15210.148438
2953    -15210.167969
2954    -15210.187500
2955    -15210.207031
2956    -15210.227539
2957    -15210.247070
2958    -15210.267578
2959    -15210.287109
2960    -15210.308594
2961    -15210.328125
2962    -15210.348633
2963    -15210.369141
2964    -15210.390625
2965    -15210.410156
2966    -15210.430664
2967    -15210.451172
2968    -15210.472656
2969    -15210.494141
2970    -15210.513672
2971    -15210.536133
2972    -15210.556641
2973    -15210.578125
2974    -15210.599609
2975    -15210.621094
2976    -15210.642578
2977    -15210.664062
2978    -15210.685547
2979    -15210.707031
2980    -15210.728516
2981    -15210.750977
2982    -15210.771484
2983    -15210.792969
2984    -15210.816406
2985    -15210.837891
2986    -15210.859375
2987    -15210.882812
2988    -15210.904297
2989    -15210.926758
2990    -15210.949219
2991    -15210.970703
2992    -15210.994141
2993    -15211.015625
2994    -15211.039062
2995    -15211.061523
2996    -15211.084961
2997    -15211.107422
2998    -15211.130859
2999    -15211.154297
3000    -15211.177734
3001    -15211.201172
3002    -15211.224609
3003    -15211.248047
3004    -15211.271484
3005    -15211.294922
3006    -15211.318359
3007    -15211.341797
3008    -15211.367188
3009    -15211.390625
3010    -15211.415039
3011    -15211.439453
3012    -15211.462891
3013    -15211.488281
3014    -15211.511719
3015    -15211.537109
3016    -15211.562500
3017    -15211.585938
3018    -15211.611328
3019    -15211.636719
3020    -15211.662109
3021    -15211.686523
3022    -15211.711914
3023    -15211.736328
3024    -15211.761719
3025    -15211.788086
3026    -15211.813477
3027    -15211.838867
3028    -15211.865234
3029    -15211.890625
3030    -15211.916016
3031    -15211.942383
3032    -15211.967773
3033    -15211.994141
3034    -15212.019531
3035    -15212.046875
3036    -15212.072266
3037    -15212.098633
3038    -15212.125000
3039    -15212.150391
3040    -15212.177734
3041    -15212.205078
3042    -15212.230469
3043    -15212.256836
3044    -15212.284180
3045    -15212.310547
3046    -15212.337891
3047    -15212.365234
3048    -15212.391602
3049    -15212.418945
3050    -15212.446289
3051    -15212.473633
3052    -15212.500977
3053    -15212.527344
3054    -15212.555664
3055    -15212.583984
3056    -15212.611328
3057    -15212.638672
3058    -15212.666992
3059    -15212.695312
3060    -15212.722656
3061    -15212.750977
3062    -15212.779297
3063    -15212.806641
3064    -15212.835938
3065    -15212.863281
3066    -15212.891602
3067    -15212.919922
3068    -15212.949219
3069    -15212.978516
3070    -15213.005859
3071    -15213.035156
3072    -15213.064453
3073    -15213.091797
3074    -15213.121094
3075    -15213.150391
3076    -15213.179688
3077    -15213.208008
3078    -15213.238281
3079    -15213.267578
3080    -15213.295898
3081    -15213.325195
3082    -15213.355469
3083    -15213.383789
3084    -15213.414062
3085    -15213.442383
3086    -15213.472656
3087    -15213.502930
3088    -15213.531250
3089    -15213.561523
3090    -15213.591797
3091    -15213.621094
3092    -15213.651367
3093    -15213.681641
3094    -15213.710938
3095    -15213.741211
3096    -15213.771484
3097    -15213.800781
3098    -15213.832031
3099    -15213.862305
3100    -15213.892578
3101    -15213.921875
3102    -15213.953125
3103    -15213.982422
3104    -15214.013672
3105    -15214.043945
3106    -15214.074219
3107    -15214.105469
3108    -15214.135742
3109    -15214.166016
3110    -15214.197266
3111    -15214.227539
3112    -15214.257812
3113    -15214.289062
3114    -15214.319336
3115    -15214.349609
3116    -15214.380859
3117    -15214.412109
3118    -15214.443359
3119    -15214.474609
3120    -15214.505859
3121    -15214.535156
3122    -15214.566406
3123    -15214.597656
3124    -15214.629883
3125    -15214.660156
3126    -15214.690430
3127    -15214.722656
3128    -15214.752930
3129    -15214.785156
3130    -15214.815430
3131    -15214.845703
3132    -15214.877930
3133    -15214.908203
3134    -15214.939453
3135    -15214.970703
3136    -15215.001953
3137    -15215.033203
3138    -15215.064453
3139    -15215.095703
3140    -15215.127930
3141    -15215.158203
3142    -15215.189453
3143    -15215.221680
3144    -15215.251953
3145    -15215.283203
3146    -15215.315430
3147    -15215.347656
3148    -15215.378906
3149    -15215.410156
3150    -15215.441406
3151    -15215.473633
3152    -15215.505859
3153    -15215.537109
3154    -15215.568359
3155    -15215.599609
3156    -15215.631836
3157    -15215.664062
3158    -15215.695312
3159    -15215.727539
3160    -15215.759766
3161    -15215.791016
3162    -15215.824219
3163    -15215.855469
3164    -15215.886719
3165    -15215.918945
3166    -15215.951172
3167    -15215.983398
3168    -15216.015625
3169    -15216.048828
3170    -15216.080078
3171    -15216.112305
3172    -15216.144531
3173    -15216.177734
3174    -15216.209961
3175    -15216.241211
3176    -15216.275391
3177    -15216.307617
3178    -15216.339844
3179    -15216.373047
3180    -15216.405273
3181    -15216.437500
3182    -15216.470703
3183    -15216.503906
3184    -15216.536133
3185    -15216.570312
3186    -15216.602539
3187    -15216.634766
3188    -15216.667969
3189    -15216.703125
3190    -15216.734375
3191    -15216.768555
3192    -15216.801758
3193    -15216.835938
3194    -15216.868164
3195    -15216.902344
3196    -15216.935547
3197    -15216.969727
3198    -15217.002930
3199    -15217.037109
3200    -15217.070312
3201    -15217.104492
3202    -15217.138672
3203    -15217.173828
3204    -15217.207031
3205    -15217.241211
3206    -15217.275391
3207    -15217.309570
3208    -15217.344727
3209    -15217.378906
3210    -15217.414062
3211    -15217.449219
3212    -15217.483398
3213    -15217.517578
3214    -15217.552734
3215    -15217.587891
3216    -15217.623047
3217    -15217.658203
3218    -15217.694336
3219    -15217.729492
3220    -15217.764648
3221    -15217.800781
3222    -15217.835938
3223    -15217.871094
3224    -15217.907227
3225    -15217.943359
3226    -15217.979492
3227    -15218.016602
3228    -15218.052734
3229    -15218.088867
3230    -15218.125000
3231    -15218.162109
3232    -15218.198242
3233    -15218.235352
3234    -15218.272461
3235    -15218.308594
3236    -15218.345703
3237    -15218.383789
3238    -15218.419922
3239    -15218.458008
3240    -15218.495117
3241    -15218.533203
3242    -15218.570312
3243    -15218.608398
3244    -15218.646484
3245    -15218.684570
3246    -15218.722656
3247    -15218.761719
3248    -15218.798828
3249    -15218.838867
3250    -15218.875977
3251    -15218.916016
3252    -15218.954102
3253    -15218.992188
3254    -15219.032227
3255    -15219.071289
3256    -15219.109375
3257    -15219.149414
3258    -15219.189453
3259    -15219.229492
3260    -15219.269531
3261    -15219.308594
3262    -15219.348633
3263    -15219.388672
3264    -15219.428711
3265    -15219.468750
3266    -15219.508789
3267    -15219.546875
3268    -15219.584961
3269    -15219.623047
3270    -15219.661133
3271    -15219.697266
3272    -15219.736328
3273    -15219.773438
3274    -15219.810547
3275    -15219.849609
3276    -15219.887695
3277    -15219.925781
3278    -15219.964844
3279    -15220.002930
3280    -15220.041992
3281    -15220.080078
3282    -15220.119141
3283    -15220.158203
3284    -15220.196289
3285    -15220.235352
3286    -15220.273438
3287    -15220.312500
3288    -15220.351562
3289    -15220.391602
3290    -15220.429688
3291    -15220.470703
3292    -15220.509766
3293    -15220.547852
3294    -15220.587891
3295    -15220.626953
3296    -15220.666992
3297    -15220.706055
3298    -15220.746094
3299    -15220.785156
3300    -15220.825195
3301    -15220.865234
3302    -15220.904297
3303    -15220.944336
3304    -15220.984375
3305    -15221.024414
3306    -15221.064453
3307    -15221.103516
3308    -15221.144531
3309    -15221.183594
3310    -15221.223633
3311    -15221.263672
3312    -15221.304688
3313    -15221.343750
3314    -15221.384766
3315    -15221.423828
3316    -15221.463867
3317    -15221.503906
3318    -15221.543945
3319    -15221.583984
3320    -15221.625000
3321    -15221.664062
3322    -15221.704102
3323    -15221.744141
3324    -15221.785156
3325    -15221.824219
3326    -15221.864258
3327    -15221.904297
3328    -15221.943359
3329    -15221.983398
3330    -15222.023438
3331    -15222.064453
3332    -15222.102539
3333    -15222.142578
3334    -15222.181641
3335    -15222.222656
3336    -15222.261719
3337    -15222.300781
3338    -15222.339844
3339    -15222.379883
3340    -15222.418945
3341    -15222.458984
3342    -15222.498047
3343    -15222.537109
3344    -15222.577148
3345    -15222.615234
3346    -15222.656250
3347    -15222.694336
3348    -15222.732422
3349    -15222.771484
3350    -15222.810547
3351    -15222.849609
3352    -15222.888672
3353    -15222.927734
3354    -15222.964844
3355    -15223.003906
3356    -15223.042969
3357    -15223.082031
3358    -15223.119141
3359    -15223.157227
3360    -15223.195312
3361    -15223.234375
3362    -15223.271484
3363    -15223.309570
3364    -15223.347656
3365    -15223.384766
3366    -15223.422852
3367    -15223.460938
3368    -15223.498047
3369    -15223.535156
3370    -15223.572266
3371    -15223.609375
3372    -15223.646484
3373    -15223.683594
3374    -15223.720703
3375    -15223.757812
3376    -15223.793945
3377    -15223.830078
3378    -15223.868164
3379    -15223.903320
3380    -15223.940430
3381    -15223.975586
3382    -15224.011719
3383    -15224.048828
3384    -15224.084961
3385    -15224.121094
3386    -15224.156250
3387    -15224.192383
3388    -15224.228516
3389    -15224.263672
3390    -15224.298828
3391    -15224.333984
3392    -15224.370117
3393    -15224.405273
3394    -15224.441406
3395    -15224.476562
3396    -15224.510742
3397    -15224.546875
3398    -15224.581055
3399    -15224.615234
3400    -15224.651367
3401    -15224.685547
3402    -15224.720703
3403    -15224.754883
3404    -15224.789062
3405    -15224.824219
3406    -15224.858398
3407    -15224.892578
3408    -15224.927734
3409    -15224.961914
3410    -15224.996094
3411    -15225.029297
3412    -15225.064453
3413    -15225.097656
3414    -15225.131836
3415    -15225.166016
3416    -15225.200195
3417    -15225.234375
3418    -15225.267578
3419    -15225.301758
3420    -15225.334961
3421    -15225.369141
3422    -15225.402344
3423    -15225.435547
3424    -15225.468750
3425    -15225.502930
3426    -15225.536133
3427    -15225.570312
3428    -15225.603516
3429    -15225.636719
3430    -15225.669922
3431    -15225.703125
3432    -15225.736328
3433    -15225.769531
3434    -15225.802734
3435    -15225.835938
3436    -15225.869141
3437    -15225.903320
3438    -15225.935547
3439    -15225.968750
3440    -15226.001953
3441    -15226.035156
3442    -15226.068359
3443    -15226.101562
3444    -15226.134766
3445    -15226.167969
3446    -15226.201172
3447    -15226.234375
3448    -15226.267578
3449    -15226.300781
3450    -15226.333984
3451    -15226.367188
3452    -15226.400391
3453    -15226.433594
3454    -15226.466797
3455    -15226.500000
3456    -15226.535156
3457    -15226.567383
3458    -15226.600586
3459    -15226.634766
3460    -15226.667969
3461    -15226.701172
3462    -15226.735352
3463    -15226.769531
3464    -15226.802734
3465    -15226.837891
3466    -15226.871094
3467    -15226.904297
3468    -15226.939453
3469    -15226.972656
3470    -15227.007812
3471    -15227.041016
3472    -15227.076172
3473    -15227.110352
3474    -15227.144531
3475    -15227.179688
3476    -15227.214844
3477    -15227.249023
3478    -15227.285156
3479    -15227.319336
3480    -15227.354492
3481    -15227.390625
3482    -15227.425781
3483    -15227.460938
3484    -15227.496094
3485    -15227.533203
3486    -15227.568359
3487    -15227.605469
3488    -15227.640625
3489    -15227.677734
3490    -15227.712891
3491    -15227.750000
3492    -15227.787109
3493    -15227.824219
3494    -15227.862305
3495    -15227.899414
3496    -15227.936523
3497    -15227.974609
3498    -15228.011719
3499    -15228.050781
3500    -15228.089844
3501    -15228.126953
3502    -15228.166016
3503    -15228.206055
3504    -15228.244141
3505    -15228.285156
3506    -15228.324219
3507    -15228.363281
3508    -15228.404297
3509    -15228.445312
3510    -15228.486328
3511    -15228.527344
3512    -15228.568359
3513    -15228.610352
3514    -15228.652344
3515    -15228.694336
3516    -15228.736328
3517    -15228.779297
3518    -15228.822266
3519    -15228.866211
3520    -15228.910156
3521    -15228.955078
3522    -15228.999023
3523    -15229.042969
3524    -15229.087891
3525    -15229.134766
3526    -15229.179688
3527    -15229.226562
3528    -15229.273438
3529    -15229.319336
3530    -15229.367188
3531    -15229.416016
3532    -15229.463867
3533    -15229.512695
3534    -15229.561523
3535    -15229.611328
3536    -15229.661133
3537    -15229.712891
3538    -15229.762695
3539    -15229.814453
3540    -15229.867188
3541    -15229.919922
3542    -15229.971680
3543    -15230.025391
3544    -15230.080078
3545    -15230.134766
3546    -15230.189453
3547    -15230.244141
3548    -15230.301758
3549    -15230.357422
3550    -15230.416016
3551    -15230.472656
3552    -15230.531250
3553    -15230.589844
3554    -15230.650391
3555    -15230.710938
3556    -15230.771484
3557    -15230.833008
3558    -15230.894531
3559    -15230.957031
3560    -15231.019531
3561    -15231.083984
3562    -15231.148438
3563    -15231.214844
3564    -15231.279297
3565    -15231.347656
3566    -15231.414062
3567    -15231.482422
3568    -15231.550781
3569    -15231.621094
3570    -15231.691406
3571    -15231.761719
3572    -15231.830078
3573    -15231.900391
3574    -15231.970703
3575    -15232.041016
3576    -15232.113281
3577    -15232.185547
3578    -15232.259766
3579    -15232.332031
3580    -15232.408203
3581    -15232.483398
3582    -15232.558594
3583    -15232.636719
3584    -15232.714844
3585    -15232.792969
3586    -15232.873047
3587    -15232.952148
3588    -15233.033203
3589    -15233.115234
3590    -15233.197266
3591    -15233.280273
3592    -15233.363281
3593    -15233.446289
3594    -15233.530273
3595    -15233.615234
3596    -15233.700195
3597    -15233.787109
3598    -15233.873047
3599    -15233.959961
3600    -15234.048828
3601    -15234.137695
3602    -15234.227539
3603    -15234.318359
3604    -15234.408203
3605    -15234.500000
3606    -15234.591797
3607    -15234.685547
3608    -15234.778320
3609    -15234.873047
3610    -15234.967773
3611    -15235.062500
3612    -15235.159180
3613    -15235.255859
3614    -15235.351562
3615    -15235.449219
3616    -15235.548828
3617    -15235.646484
3618    -15235.746094
3619    -15235.845703
3620    -15235.945312
3621    -15236.046875
3622    -15236.146484
3623    -15236.250000
3624    -15236.349609
3625    -15236.453125
3626    -15236.556641
3627    -15236.658203
3628    -15236.759766
3629    -15236.862305
3630    -15236.964844
3631    -15237.068359
3632    -15237.171875
3633    -15237.274414
3634    -15237.378906
3635    -15237.482422
3636    -15237.586914
3637    -15237.691406
3638    -15237.796875
3639    -15237.901367
3640    -15238.005859
3641    -15238.111328
3642    -15238.216797
3643    -15238.322266
3644    -15238.427734
3645    -15238.533203
3646    -15238.637695
3647    -15238.744141
3648    -15238.849609
3649    -15238.956055
3650    -15239.061523
3651    -15239.166992
3652    -15239.273438
3653    -15239.378906
3654    -15239.484375
3655    -15239.590820
3656    -15239.695312
3657    -15239.800781
3658    -15239.907227
3659    -15240.011719
3660    -15240.118164
3661    -15240.222656
3662    -15240.328125
3663    -15240.432617
3664    -15240.538086
3665    -15240.642578
3666    -15240.747070
3667    -15240.851562
3668    -15240.956055
3669    -15241.060547
3670    -15241.164062
3671    -15241.267578
3672    -15241.371094
3673    -15241.474609
3674    -15241.578125
3675    -15241.680664
3676    -15241.783203
3677    -15241.885742
3678    -15241.988281
3679    -15242.089844
3680    -15242.192383
3681    -15242.292969
3682    -15242.394531
3683    -15242.496094
3684    -15242.596680
3685    -15242.697266
3686    -15242.796875
3687    -15242.897461
3688    -15242.998047
3689    -15243.097656
3690    -15243.197266
3691    -15243.295898
3692    -15243.394531
3693    -15243.494141
3694    -15243.591797
3695    -15243.690430
3696    -15243.787109
3697    -15243.884766
3698    -15243.980469
3699    -15244.074219
3700    -15244.167969
3701    -15244.261719
3702    -15244.353516
3703    -15244.447266
3704    -15244.539062
3705    -15244.630859
3706    -15244.722656
3707    -15244.814453
3708    -15244.905273
3709    -15244.996094
3710    -15245.087891
3711    -15245.178711
3712    -15245.268555
3713    -15245.358398
3714    -15245.449219
3715    -15245.539062
3716    -15245.626953
3717    -15245.715820
3718    -15245.805664
3719    -15245.894531
3720    -15245.982422
3721    -15246.071289
3722    -15246.159180
3723    -15246.247070
3724    -15246.333984
3725    -15246.421875
3726    -15246.509766
3727    -15246.596680
3728    -15246.683594
3729    -15246.769531
3730    -15246.856445
3731    -15246.941406
3732    -15247.028320
3733    -15247.114258
3734    -15247.199219
3735    -15247.285156
3736    -15247.371094
3737    -15247.455078
3738    -15247.541016
3739    -15247.625000
3740    -15247.710938
3741    -15247.794922
3742    -15247.878906
3743    -15247.962891
3744    -15248.046875
3745    -15248.130859
3746    -15248.213867
3747    -15248.296875
3748    -15248.380859
3749    -15248.464844
3750    -15248.546875
3751    -15248.629883
3752    -15248.712891
3753    -15248.794922
3754    -15248.877930
3755    -15248.960938
3756    -15249.042969
3757    -15249.125000
3758    -15249.207031
3759    -15249.289062
3760    -15249.370117
3761    -15249.453125
3762    -15249.534180
3763    -15249.615234
3764    -15249.697266
3765    -15249.777344
3766    -15249.858398
3767    -15249.940430
3768    -15250.021484
3769    -15250.101562
3770    -15250.182617
3771    -15250.263672
3772    -15250.343750
3773    -15250.423828
3774    -15250.503906
3775    -15250.585938
3776    -15250.666016
3777    -15250.745117
3778    -15250.825195
3779    -15250.906250
3780    -15250.986328
3781    -15251.065430
3782    -15251.144531
3783    -15251.225586
3784    -15251.304688
3785    -15251.384766
3786    -15251.464844
3787    -15251.542969
3788    -15251.623047
3789    -15251.702148
3790    -15251.781250
3791    -15251.860352
3792    -15251.939453
3793    -15252.018555
3794    -15252.097656
3795    -15252.176758
3796    -15252.255859
3797    -15252.334961
3798    -15252.413086
3799    -15252.492188
3800    -15252.570312
3801    -15252.649414
3802    -15252.727539
3803    -15252.806641
3804    -15252.885742
3805    -15252.963867
3806    -15253.041016
3807    -15253.121094
3808    -15253.199219
3809    -15253.277344
3810    -15253.355469
3811    -15253.433594
3812    -15253.511719
3813    -15253.589844
3814    -15253.667969
3815    -15253.746094
3816    -15253.824219
3817    -15253.902344
3818    -15253.980469
3819    -15254.054688
3820    -15254.127930
3821    -15254.201172
3822    -15254.275391
3823    -15254.348633
3824    -15254.420898
3825    -15254.491211
3826    -15254.561523
3827    -15254.630859
3828    -15254.701172
3829    -15254.771484
3830    -15254.841797
3831    -15254.912109
3832    -15254.981445
3833    -15255.050781
3834    -15255.121094
3835    -15255.191406
3836    -15255.261719
3837    -15255.332031
3838    -15255.402344
3839    -15255.472656
3840    -15255.541016
3841    -15255.611328
3842    -15255.680664
3843    -15255.751953
3844    -15255.820312
3845    -15255.890625
3846    -15255.960938
3847    -15256.031250
3848    -15256.099609
3849    -15256.169922
3850    -15256.239258
3851    -15256.308594
3852    -15256.377930
3853    -15256.448242
3854    -15256.517578
3855    -15256.587891
3856    -15256.658203
3857    -15256.726562
3858    -15256.795898
3859    -15256.865234
3860    -15256.935547
3861    -15257.004883
3862    -15257.074219
3863    -15257.143555
3864    -15257.212891
3865    -15257.283203
3866    -15257.351562
3867    -15257.421875
3868    -15257.490234
3869    -15257.559570
3870    -15257.628906
3871    -15257.698242
3872    -15257.767578
3873    -15257.836914
3874    -15257.906250
3875    -15257.974609
3876    -15258.044922
3877    -15258.114258
3878    -15258.182617
3879    -15258.251953
3880    -15258.320312
3881    -15258.389648
3882    -15258.455078
3883    -15258.521484
3884    -15258.585938
3885    -15258.651367
3886    -15258.716797
3887    -15258.781250
3888    -15258.847656
3889    -15258.912109
3890    -15258.977539
3891    -15259.042969
3892    -15259.107422
3893    -15259.172852
3894    -15259.238281
3895    -15259.302734
3896    -15259.368164
3897    -15259.433594
3898    -15259.498047
3899    -15259.562500
3900    -15259.628906
3901    -15259.693359
3902    -15259.757812
3903    -15259.823242
3904    -15259.888672
3905    -15259.953125
3906    -15260.018555
3907    -15260.082031
3908    -15260.148438
3909    -15260.212891
3910    -15260.277344
3911    -15260.341797
3912    -15260.407227
3913    -15260.471680
3914    -15260.536133
3915    -15260.601562
3916    -15260.666016
3917    -15260.730469
3918    -15260.794922
3919    -15260.859375
3920    -15260.923828
3921    -15260.988281
3922    -15261.052734
3923    -15261.117188
3924    -15261.177734
3925    -15261.238281
3926    -15261.298828
3927    -15261.358398
3928    -15261.418945
3929    -15261.479492
3930    -15261.540039
3931    -15261.599609
3932    -15261.661133
3933    -15261.720703
3934    -15261.782227
3935    -15261.841797
3936    -15261.902344
3937    -15261.962891
3938    -15262.023438
3939    -15262.083984
3940    -15262.145508
3941    -15262.205078
3942    -15262.265625
3943    -15262.326172
3944    -15262.386719
3945    -15262.446289
3946    -15262.505859
3947    -15262.566406
3948    -15262.626953
3949    -15262.687500
3950    -15262.748047
3951    -15262.808594
3952    -15262.869141
3953    -15262.929688
3954    -15262.989258
3955    -15263.048828
3956    -15263.109375
3957    -15263.169922
3958    -15263.230469
3959    -15263.291016
3960    -15263.350586
3961    -15263.412109
3962    -15263.470703
3963    -15263.531250
3964    -15263.591797
3965    -15263.652344
3966    -15263.712891
3967    -15263.771484
3968    -15263.832031
3969    -15263.892578
3970    -15263.953125
3971    -15264.012695
3972    -15264.072266
3973    -15264.132812
3974    -15264.192383
3975    -15264.251953
3976    -15264.312500
3977    -15264.372070
3978    -15264.431641
3979    -15264.490234
3980    -15264.550781
3981    -15264.611328
3982    -15264.669922
3983    -15264.729492
3984    -15264.789062
3985    -15264.847656
3986    -15264.908203
3987    -15264.966797
3988    -15265.025391
3989    -15265.084961
3990    -15265.144531
3991    -15265.203125
3992    -15265.261719
3993    -15265.320312
3994    -15265.378906
3995    -15265.437500
3996    -15265.496094
3997    -15265.554688
3998    -15265.613281
3999    -15265.670898
4000    -15265.728516
4001    -15265.787109
4002    -15265.844727
4003    -15265.902344
4004    -15265.959961
4005    -15266.017578
4006    -15266.075195
4007    -15266.132812
4008    -15266.189453
4009    -15266.246094
4010    -15266.302734
4011    -15266.359375
4012    -15266.416016
4013    -15266.472656
4014    -15266.529297
4015    -15266.583984
4016    -15266.640625
4017    -15266.697266
4018    -15266.751953
4019    -15266.807617
4020    -15266.863281
4021    -15266.917969
4022    -15266.972656
4023    -15267.027344
4024    -15267.082031
4025    -15267.136719
4026    -15267.190430
4027    -15267.244141
4028    -15267.298828
4029    -15267.351562
4030    -15267.405273
4031    -15267.458984
4032    -15267.512695
4033    -15267.564453
4034    -15267.617188
4035    -15267.669922
4036    -15267.722656
4037    -15267.774414
4038    -15267.826172
4039    -15267.877930
4040    -15267.929688
4041    -15267.980469
4042    -15268.032227
4043    -15268.083984
4044    -15268.133789
4045    -15268.184570
4046    -15268.235352
4047    -15268.285156
4048    -15268.335938
4049    -15268.384766
4050    -15268.435547
4051    -15268.484375
4052    -15268.533203
4053    -15268.583008
4054    -15268.630859
4055    -15268.680664
4056    -15268.728516
4057    -15268.776367
4058    -15268.825195
4059    -15268.873047
4060    -15268.919922
4061    -15268.968750
4062    -15269.015625
4063    -15269.062500
4064    -15269.109375
4065    -15269.156250
4066    -15269.203125
4067    -15269.250000
4068    -15269.296875
4069    -15269.341797
4070    -15269.388672
4071    -15269.433594
4072    -15269.480469
4073    -15269.525391
4074    -15269.570312
4075    -15269.617188
4076    -15269.661133
4077    -15269.706055
4078    -15269.750977
4079    -15269.794922
4080    -15269.840820
4081    -15269.883789
4082    -15269.929688
4083    -15269.972656
4084    -15270.017578
4085    -15270.057617
4086    -15270.099609
4087    -15270.140625
4088    -15270.180664
4089    -15270.221680
4090    -15270.261719
4091    -15270.302734
4092    -15270.341797
4093    -15270.380859
4094    -15270.418945
4095    -15270.455078
4096    -15270.491211
4097    -15270.529297
4098    -15270.566406
4099    -15270.603516
4100    -15270.640625
4101    -15270.676758
4102    -15270.713867
4103    -15270.750000
4104    -15270.787109
4105    -15270.823242
4106    -15270.859375
4107    -15270.895508
4108    -15270.932617
4109    -15270.968750
4110    -15271.004883
4111    -15271.041016
4112    -15271.078125
4113    -15271.113281
4114    -15271.150391
4115    -15271.185547
4116    -15271.222656
4117    -15271.257812
4118    -15271.294922
4119    -15271.330078
4120    -15271.366211
4121    -15271.403320
4122    -15271.438477
4123    -15271.474609
4124    -15271.511719
4125    -15271.546875
4126    -15271.583008
4127    -15271.619141
4128    -15271.656250
4129    -15271.691406
4130    -15271.727539
4131    -15271.763672
4132    -15271.799805
4133    -15271.835938
4134    -15271.872070
4135    -15271.908203
4136    -15271.945312
4137    -15271.980469
4138    -15272.017578
4139    -15272.053711
4140    -15272.089844
4141    -15272.126953
4142    -15272.163086
4143    -15272.199219
4144    -15272.236328
4145    -15272.273438
4146    -15272.309570
4147    -15272.346680
4148    -15272.384766
4149    -15272.420898
4150    -15272.458008
4151    -15272.495117
4152    -15272.532227
4153    -15272.569336
4154    -15272.607422
4155    -15272.644531
4156    -15272.681641
4157    -15272.719727
4158    -15272.757812
4159    -15272.794922
4160    -15272.833984
4161    -15272.871094
4162    -15272.910156
4163    -15272.947266
4164    -15272.986328
4165    -15273.025391
4166    -15273.064453
4167    -15273.103516
4168    -15273.142578
4169    -15273.181641
4170    -15273.220703
4171    -15273.259766
4172    -15273.300781
4173    -15273.339844
4174    -15273.379883
4175    -15273.419922
4176    -15273.459961
4177    -15273.500000
4178    -15273.541016
4179    -15273.582031
4180    -15273.622070
4181    -15273.664062
4182    -15273.705078
4183    -15273.746094
4184    -15273.788086
4185    -15273.830078
4186    -15273.873047
4187    -15273.914062
4188    -15273.955078
4189    -15273.996094
4190    -15274.039062
4191    -15274.080078
4192    -15274.121094
4193    -15274.164062
4194    -15274.207031
4195    -15274.249023
4196    -15274.291016
4197    -15274.333984
4198    -15274.377930
4199    -15274.421875
4200    -15274.464844
4201    -15274.509766
4202    -15274.553711
4203    -15274.597656
4204    -15274.642578
4205    -15274.687500
4206    -15274.732422
4207    -15274.779297
4208    -15274.824219
4209    -15274.870117
4210    -15274.916016
4211    -15274.962891
4212    -15275.008789
4213    -15275.050781
4214    -15275.095703
4215    -15275.138672
4216    -15275.182617
4217    -15275.226562
4218    -15275.271484
4219    -15275.316406
4220    -15275.361328
4221    -15275.406250
4222    -15275.451172
4223    -15275.497070
4224    -15275.543945
4225    -15275.590820
4226    -15275.636719
4227    -15275.684570
4228    -15275.731445
4229    -15275.780273
4230    -15275.828125
4231    -15275.876953
4232    -15275.925781
4233    -15275.974609
4234    -15276.024414
4235    -15276.074219
4236    -15276.125000
4237    -15276.175781
4238    -15276.226562
4239    -15276.277344
4240    -15276.330078
4241    -15276.380859
4242    -15276.433594
4243    -15276.486328
4244    -15276.539062
4245    -15276.592773
4246    -15276.646484
4247    -15276.699219
4248    -15276.753906
4249    -15276.808594
4250    -15276.864258
4251    -15276.918945
4252    -15276.975586
4253    -15277.031250
4254    -15277.087891
4255    -15277.144531
4256    -15277.201172
4257    -15277.257812
4258    -15277.315430
4259    -15277.373047
4260    -15277.431641
4261    -15277.490234
4262    -15277.549805
4263    -15277.608398
4264    -15277.667969
4265    -15277.728516
4266    -15277.789062
4267    -15277.849609
4268    -15277.910156
4269    -15277.970703
4270    -15278.033203
4271    -15278.093750
4272    -15278.156250
4273    -15278.218750
4274    -15278.281250
4275    -15278.344727
4276    -15278.408203
4277    -15278.472656
4278    -15278.535156
4279    -15278.599609
4280    -15278.664062
4281    -15278.728516
4282    -15278.794922
4283    -15278.860352
4284    -15278.925781
4285    -15278.991211
4286    -15279.058594
4287    -15279.125000
4288    -15279.191406
4289    -15279.258789
4290    -15279.326172
4291    -15279.393555
4292    -15279.461914
4293    -15279.529297
4294    -15279.597656
4295    -15279.667969
4296    -15279.736328
4297    -15279.805664
4298    -15279.875000
4299    -15279.945312
4300    -15280.015625
4301    -15280.085938
4302    -15280.156250
4303    -15280.227539
4304    -15280.298828
4305    -15280.371094
4306    -15280.442383
4307    -15280.514648
4308    -15280.586914
4309    -15280.660156
4310    -15280.732422
4311    -15280.806641
4312    -15280.879883
4313    -15280.953125
4314    -15281.027344
4315    -15281.101562
4316    -15281.175781
4317    -15281.250000
4318    -15281.325195
4319    -15281.401367
4320    -15281.477539
4321    -15281.552734
4322    -15281.628906
4323    -15281.706055
4324    -15281.783203
4325    -15281.859375
4326    -15281.938477
4327    -15282.015625
4328    -15282.093750
4329    -15282.171875
4330    -15282.250000
4331    -15282.330078
4332    -15282.409180
4333    -15282.488281
4334    -15282.568359
4335    -15282.648438
4336    -15282.729492
4337    -15282.810547
4338    -15282.891602
4339    -15282.974609
4340    -15283.055664
4341    -15283.137695
4342    -15283.220703
4343    -15283.303711
4344    -15283.386719
4345    -15283.470703
4346    -15283.554688
4347    -15283.639648
4348    -15283.724609
4349    -15283.809570
4350    -15283.894531
4351    -15283.982422
4352    -15284.068359
4353    -15284.154297
4354    -15284.242188
4355    -15284.329102
4356    -15284.416992
4357    -15284.505859
4358    -15284.593750
4359    -15284.683594
4360    -15284.773438
4361    -15284.863281
4362    -15284.953125
4363    -15285.044922
4364    -15285.135742
4365    -15285.227539
4366    -15285.320312
4367    -15285.412109
4368    -15285.505859
4369    -15285.599609
4370    -15285.692383
4371    -15285.787109
4372    -15285.880859
4373    -15285.976562
4374    -15286.073242
4375    -15286.167969
4376    -15286.264648
4377    -15286.361328
4378    -15286.458984
4379    -15286.556641
4380    -15286.652344
4381    -15286.748047
4382    -15286.843750
4383    -15286.940430
4384    -15287.036133
4385    -15287.134766
4386    -15287.231445
4387    -15287.330078
4388    -15287.427734
4389    -15287.527344
4390    -15287.625977
4391    -15287.725586
4392    -15287.825195
4393    -15287.924805
4394    -15288.026367
4395    -15288.126953
4396    -15288.228516
4397    -15288.330078
4398    -15288.431641
4399    -15288.534180
4400    -15288.636719
4401    -15288.740234
4402    -15288.843750
4403    -15288.947266
4404    -15289.049805
4405    -15289.154297
4406    -15289.257812
4407    -15289.363281
4408    -15289.467773
4409    -15289.573242
4410    -15289.677734
4411    -15289.782227
4412    -15289.886719
4413    -15289.990234
4414    -15290.095703
4415    -15290.201172
4416    -15290.305664
4417    -15290.410156
4418    -15290.515625
4419    -15290.621094
4420    -15290.725586
4421    -15290.832031
4422    -15290.937500
4423    -15291.042969
4424    -15291.148438
4425    -15291.253906
4426    -15291.359375
4427    -15291.464844
4428    -15291.570312
4429    -15291.675781
4430    -15291.780273
4431    -15291.884766
4432    -15291.990234
4433    -15292.095703
4434    -15292.201172
4435    -15292.304688
4436    -15292.410156
4437    -15292.514648
4438    -15292.619141
4439    -15292.722656
4440    -15292.827148
4441    -15292.929688
4442    -15293.033203
4443    -15293.136719
4444    -15293.240234
4445    -15293.342773
4446    -15293.444336
4447    -15293.546875
4448    -15293.648438
4449    -15293.750000
4450    -15293.851562
4451    -15293.952148
4452    -15294.052734
4453    -15294.153320
4454    -15294.251953
4455    -15294.351562
4456    -15294.451172
4457    -15294.549805
4458    -15294.647461
4459    -15294.746094
4460    -15294.843750
4461    -15294.940430
4462    -15295.037109
4463    -15295.132812
4464    -15295.228516
4465    -15295.324219
4466    -15295.418945
4467    -15295.513672
4468    -15295.607422
4469    -15295.701172
4470    -15295.793945
4471    -15295.886719
4472    -15295.979492
4473    -15296.071289
4474    -15296.163086
4475    -15296.253906
4476    -15296.343750
4477    -15296.433594
4478    -15296.524414
4479    -15296.613281
4480    -15296.702148
4481    -15296.789062
4482    -15296.876953
4483    -15296.964844
4484    -15297.052734
4485    -15297.138672
4486    -15297.224609
4487    -15297.310547
4488    -15297.395508
4489    -15297.479492
4490    -15297.564453
4491    -15297.646484
4492    -15297.731445
4493    -15297.814453
4494    -15297.896484
4495    -15297.978516
4496    -15298.060547
4497    -15298.142578
4498    -15298.222656
4499    -15298.302734
4500    -15298.384766
4501    -15298.463867
4502    -15298.542969
4503    -15298.623047
4504    -15298.701172
4505    -15298.779297
4506    -15298.857422
4507    -15298.935547
4508    -15299.012695
4509    -15299.087891
4510    -15299.158203
4511    -15299.228516
4512    -15299.299805
4513    -15299.369141
4514    -15299.439453
4515    -15299.509766
4516    -15299.578125
4517    -15299.647461
4518    -15299.716797
4519    -15299.785156
4520    -15299.854492
4521    -15299.921875
4522    -15299.990234
4523    -15300.058594
4524    -15300.125977
4525    -15300.194336
4526    -15300.261719
4527    -15300.329102
4528    -15300.396484
4529    -15300.463867
4530    -15300.531250
4531    -15300.596680
4532    -15300.664062
4533    -15300.731445
4534    -15300.798828
4535    -15300.865234
4536    -15300.931641
4537    -15300.997070
4538    -15301.064453
4539    -15301.129883
4540    -15301.196289
4541    -15301.261719
4542    -15301.328125
4543    -15301.394531
4544    -15301.460938
4545    -15301.526367
4546    -15301.591797
4547    -15301.658203
4548    -15301.724609
4549    -15301.791016
4550    -15301.857422
4551    -15301.923828
4552    -15301.990234
4553    -15302.056641
4554    -15302.124023
4555    -15302.191406
4556    -15302.259766
4557    -15302.326172
4558    -15302.392578
4559    -15302.460938
4560    -15302.529297
4561    -15302.597656
4562    -15302.666016
4563    -15302.734375
4564    -15302.802734
4565    -15302.872070
4566    -15302.941406
4567    -15303.010742
4568    -15303.081055
4569    -15303.151367
4570    -15303.222656
4571    -15303.292969
4572    -15303.363281
4573    -15303.435547
4574    -15303.507812
4575    -15303.580078
4576    -15303.653320
4577    -15303.725586
4578    -15303.799805
4579    -15303.873047
4580    -15303.948242
4581    -15304.022461
4582    -15304.097656
4583    -15304.173828
4584    -15304.250000
4585    -15304.328125
4586    -15304.404297
4587    -15304.482422
4588    -15304.560547
4589    -15304.640625
4590    -15304.719727
4591    -15304.800781
4592    -15304.881836
4593    -15304.962891
4594    -15305.044922
4595    -15305.127930
4596    -15305.210938
4597    -15305.294922
4598    -15305.379883
4599    -15305.465820
4600    -15305.550781
4601    -15305.638672
4602    -15305.724609
4603    -15305.814453
4604    -15305.902344
4605    -15305.993164
4606    -15306.083984
4607    -15306.173828
4608    -15306.267578
4609    -15306.359375
4610    -15306.454102
4611    -15306.547852
4612    -15306.642578
4613    -15306.739258
4614    -15306.835938
4615    -15306.934570
4616    -15307.033203
4617    -15307.132812
4618    -15307.232422
4619    -15307.333984
4620    -15307.435547
4621    -15307.539062
4622    -15307.643555
4623    -15307.748047
4624    -15307.854492
4625    -15307.960938
4626    -15308.068359
4627    -15308.171875
4628    -15308.273438
4629    -15308.376953
4630    -15308.478516
4631    -15308.578125
4632    -15308.677734
4633    -15308.777344
4634    -15308.879883
4635    -15308.982422
4636    -15309.084961
4637    -15309.190430
4638    -15309.294922
4639    -15309.402344
4640    -15309.507812
4641    -15309.616211
4642    -15309.726562
4643    -15309.835938
4644    -15309.947266
4645    -15310.058594
4646    -15310.170898
4647    -15310.285156
4648    -15310.398438
4649    -15310.514648
4650    -15310.630859
4651    -15310.747070
4652    -15310.865234
4653    -15310.984375
4654    -15311.103516
4655    -15311.222656
4656    -15311.344727
4657    -15311.466797
4658    -15311.588867
4659    -15311.710938
4660    -15311.834961
4661    -15311.958984
4662    -15312.083984
4663    -15312.210938
4664    -15312.336914
4665    -15312.462891
4666    -15312.590820
4667    -15312.718750
4668    -15312.847656
4669    -15312.976562
4670    -15313.105469
4671    -15313.236328
4672    -15313.367188
4673    -15313.497070
4674    -15313.628906
4675    -15313.759766
4676    -15313.890625
4677    -15314.023438
4678    -15314.154297
4679    -15314.288086
4680    -15314.419922
4681    -15314.552734
4682    -15314.685547
4683    -15314.819336
4684    -15314.952148
4685    -15315.085938
4686    -15315.218750
4687    -15315.351562
4688    -15315.486328
4689    -15315.619141
4690    -15315.752930
4691    -15315.884766
4692    -15316.017578
4693    -15316.150391
4694    -15316.283203
4695    -15316.416992
4696    -15316.548828
4697    -15316.681641
4698    -15316.812500
4699    -15316.945312
4700    -15317.075195
4701    -15317.206055
4702    -15317.335938
4703    -15317.466797
4704    -15317.596680
4705    -15317.725586
4706    -15317.854492
4707    -15317.982422
4708    -15318.111328
4709    -15318.237305
4710    -15318.364258
4711    -15318.492188
4712    -15318.617188
4713    -15318.742188
4714    -15318.867188
4715    -15318.991211
4716    -15319.113281
4717    -15319.236328
4718    -15319.359375
4719    -15319.480469
4720    -15319.600586
4721    -15319.721680
4722    -15319.839844
4723    -15319.958984
4724    -15320.076172
4725    -15320.194336
4726    -15320.311523
4727    -15320.425781
4728    -15320.541992
4729    -15320.656250
4730    -15320.769531
4731    -15320.882812
4732    -15320.994141
4733    -15321.105469
4734    -15321.215820
4735    -15321.326172
4736    -15321.435547
4737    -15321.542969
4738    -15321.650391
4739    -15321.756836
4740    -15321.863281
4741    -15321.968750
4742    -15322.072266
4743    -15322.176758
4744    -15322.279297
4745    -15322.381836
4746    -15322.483398
4747    -15322.582031
4748    -15322.682617
4749    -15322.781250
4750    -15322.877930
4751    -15322.973633
4752    -15323.068359
4753    -15323.163086
4754    -15323.255859
4755    -15323.349609
4756    -15323.441406
4757    -15323.533203
4758    -15323.623047
4759    -15323.713867
4760    -15323.803711
4761    -15323.892578
4762    -15323.980469
4763    -15324.067383
4764    -15324.153320
4765    -15324.239258
4766    -15324.324219
4767    -15324.409180
4768    -15324.493164
4769    -15324.576172
4770    -15324.659180
4771    -15324.741211
4772    -15324.822266
4773    -15324.904297
4774    -15324.984375
4775    -15325.063477
4776    -15325.142578
4777    -15325.220703
4778    -15325.298828
4779    -15325.376953
4780    -15325.453125
4781    -15325.529297
4782    -15325.604492
4783    -15325.679688
4784    -15325.753906
4785    -15325.828125
4786    -15325.901367
4787    -15325.974609
4788    -15326.047852
4789    -15326.119141
4790    -15326.191406
4791    -15326.262695
4792    -15326.333984
4793    -15326.404297
4794    -15326.473633
4795    -15326.542969
4796    -15326.611328
4797    -15326.679688
4798    -15326.748047
4799    -15326.815430
4800    -15326.882812
4801    -15326.950195
4802    -15327.017578
4803    -15327.083008
4804    -15327.148438
4805    -15327.212891
4806    -15327.279297
4807    -15327.343750
4808    -15327.408203
4809    -15327.472656
4810    -15327.535156
4811    -15327.597656
4812    -15327.662109
4813    -15327.723633
4814    -15327.787109
4815    -15327.848633
4816    -15327.909180
4817    -15327.968750
4818    -15328.028320
4819    -15328.087891
4820    -15328.146484
4821    -15328.205078
4822    -15328.263672
4823    -15328.322266
4824    -15328.379883
4825    -15328.437500
4826    -15328.496094
4827    -15328.551758
4828    -15328.609375
4829    -15328.666016
4830    -15328.722656
4831    -15328.779297
4832    -15328.835938
4833    -15328.890625
4834    -15328.947266
4835    -15329.000000
4836    -15329.053711
4837    -15329.107422
4838    -15329.160156
4839    -15329.210938
4840    -15329.263672
4841    -15329.316406
4842    -15329.369141
4843    -15329.419922
4844    -15329.471680
4845    -15329.523438
4846    -15329.575195
4847    -15329.625977
4848    -15329.677734
4849    -15329.728516
4850    -15329.780273
4851    -15329.830078
4852    -15329.880859
4853    -15329.931641
4854    -15329.981445
4855    -15330.033203
4856    -15330.082031
4857    -15330.132812
4858    -15330.182617
4859    -15330.232422
4860    -15330.281250
4861    -15330.332031
4862    -15330.380859
4863    -15330.430664
4864    -15330.480469
4865    -15330.527344
4866    -15330.568359
4867    -15330.608398
4868    -15330.649414
4869    -15330.690430
4870    -15330.731445
4871    -15330.772461
4872    -15330.812500
4873    -15330.852539
4874    -15330.893555
4875    -15330.934570
4876    -15330.975586
4877    -15331.015625
4878    -15331.055664
4879    -15331.096680
4880    -15331.136719
4881    -15331.177734
4882    -15331.218750
4883    -15331.257812
4884    -15331.298828
4885    -15331.339844
4886    -15331.379883
4887    -15331.419922
4888    -15331.460938
4889    -15331.500977
4890    -15331.541016
4891    -15331.582031
4892    -15331.621094
4893    -15331.661133
4894    -15331.701172
4895    -15331.742188
4896    -15331.781250
4897    -15331.822266
4898    -15331.861328
4899    -15331.900391
4900    -15331.940430
4901    -15331.980469
4902    -15332.019531
4903    -15332.059570
4904    -15332.098633
4905    -15332.137695
4906    -15332.177734
4907    -15332.216797
4908    -15332.255859
4909    -15332.294922
4910    -15332.333984
4911    -15332.373047
4912    -15332.411133
4913    -15332.449219
4914    -15332.488281
4915    -15332.527344
4916    -15332.564453
4917    -15332.603516
4918    -15332.636719
4919    -15332.669922
4920    -15332.702148
4921    -15332.734375
4922    -15332.767578
4923    -15332.798828
4924    -15332.832031
4925    -15332.863281
4926    -15332.894531
4927    -15332.927734
4928    -15332.958984
4929    -15332.990234
4930    -15333.021484
4931    -15333.052734
4932    -15333.084961
4933    -15333.115234
4934    -15333.146484
4935    -15333.176758
4936    -15333.208984
4937    -15333.236328
4938    -15333.263672
4939    -15333.291016
4940    -15333.318359
4941    -15333.345703
4942    -15333.373047
4943    -15333.401367
4944    -15333.427734
4945    -15333.455078
4946    -15333.480469
4947    -15333.507812
4948    -15333.534180
4949    -15333.560547
4950    -15333.585938
4951    -15333.611328
4952    -15333.637695
4953    -15333.664062
4954    -15333.689453
4955    -15333.714844
4956    -15333.739258
4957    -15333.763672
4958    -15333.789062
4959    -15333.813477
4960    -15333.838867
4961    -15333.862305
4962    -15333.886719
4963    -15333.910156
4964    -15333.935547
4965    -15333.958008
4966    -15333.982422
4967    -15334.005859
4968    -15334.029297
4969    -15334.051758
4970    -15334.074219
4971    -15334.097656
4972    -15334.121094
4973    -15334.142578
4974    -15334.165039
4975    -15334.187500
4976    -15334.208984
4977    -15334.231445
4978    -15334.252930
4979    -15334.275391
4980    -15334.294922
4981    -15334.317383
4982    -15334.337891
4983    -15334.359375
4984    -15334.378906
4985    -15334.400391
4986    -15334.420898
4987    -15334.441406
4988    -15334.460938
4989    -15334.481445
4990    -15334.500977
4991    -15334.520508
4992    -15334.539062
4993    -15334.559570
4994    -15334.578125
4995    -15334.597656
4996    -15334.617188
4997    -15334.635742
4998    -15334.654297
4999    -15334.672852
5000    -15334.691406
5001    -15334.708984
5002    -15334.727539
5003    -15334.745117
5004    -15334.762695
5005    -15334.780273
5006    -15334.798828
5007    -15334.815430
5008    -15334.832031
5009    -15334.849609
5010    -15334.867188
5011    -15334.882812
5012    -15334.900391
5013    -15334.916992
5014    -15334.933594
5015    -15334.949219
5016    -15334.965820
5017    -15334.981445
5018    -15334.998047
5019    -15335.013672
5020    -15335.029297
5021    -15335.044922
5022    -15335.060547
5023    -15335.075195
5024    -15335.089844
5025    -15335.106445
5026    -15335.121094
5027    -15335.135742
5028    -15335.150391
5029    -15335.164062
5030    -15335.179688
5031    -15335.193359
5032    -15335.208984
5033    -15335.222656
5034    -15335.236328
5035    -15335.250000
5036    -15335.263672
5037    -15335.277344
5038    -15335.291016
5039    -15335.304688
5040    -15335.317383
5041    -15335.331055
5042    -15335.344727
5043    -15335.358398
5044    -15335.371094
5045    -15335.382812
5046    -15335.396484
5047    -15335.409180
5048    -15335.421875
5049    -15335.433594
5050    -15335.446289
5051    -15335.458984
5052    -15335.470703
5053    -15335.482422
5054    -15335.495117
5055    -15335.506836
5056    -15335.518555
5057    -15335.529297
5058    -15335.541992
5059    -15335.554688
5060    -15335.565430
5061    -15335.576172
5062    -15335.587891
5063    -15335.600586
5064    -15335.610352
5065    -15335.621094
5066    -15335.632812
5067    -15335.644531
5068    -15335.654297
5069    -15335.663086
5070    -15335.673828
5071    -15335.682617
5072    -15335.692383
5073    -15335.701172
5074    -15335.710938
5075    -15335.719727
5076    -15335.728516
5077    -15335.737305
5078    -15335.746094
5079    -15335.755859
5080    -15335.763672
5081    -15335.772461
5082    -15335.779297
5083    -15335.787109
5084    -15335.794922
5085    -15335.802734
5086    -15335.810547
5087    -15335.817383
5088    -15335.826172
5089    -15335.833008
5090    -15335.841797
5091    -15335.847656
5092    -15335.855469
5093    -15335.862305
5094    -15335.869141
5095    -15335.876953
5096    -15335.882812
5097    -15335.890625
5098    -15335.897461
5099    -15335.904297
5100    -15335.911133
5101    -15335.918945
5102    -15335.924805
5103    -15335.931641
5104    -15335.938477
5105    -15335.945312
5106    -15335.951172
5107    -15335.958984
5108    -15335.964844
5109    -15335.970703
5110    -15335.978516
5111    -15335.983398
5112    -15335.990234
5113    -15335.996094
5114    -15336.001953
5115    -15336.008789
5116    -15336.015625
5117    -15336.021484
5118    -15336.027344
5119    -15336.033203
5120    -15336.039062
5121    -15336.044922
5122    -15336.050781
5123    -15336.056641
5124    -15336.062500
5125    -15336.068359
5126    -15336.074219
5127    -15336.080078
5128    -15336.085938
5129    -15336.090820
5130    -15336.095703
5131    -15336.101562
5132    -15336.107422
5133    -15336.113281
5134    -15336.119141
5135    -15336.124023
5136    -15336.129883
5137    -15336.134766
5138    -15336.140625
5139    -15336.145508
5140    -15336.150391
5141    -15336.156250
5142    -15336.161133
5143    -15336.166016
5144    -15336.171875
5145    -15336.176758
5146    -15336.181641
5147    -15336.186523
5148    -15336.191406
5149    -15336.196289
5150    -15336.201172
5151    -15336.207031
5152    -15336.211914
5153    -15336.216797
5154    -15336.222656
5155    -15336.226562
5156    -15336.231445
5157    -15336.236328
5158    -15336.241211
5159    -15336.246094
5160    -15336.250000
5161    -15336.254883
5162    -15336.259766
5163    -15336.263672
5164    -15336.268555
5165    -15336.273438
5166    -15336.277344
5167    -15336.282227
5168    -15336.287109
5169    -15336.291016
5170    -15336.295898
5171    -15336.300781
5172    -15336.304688
5173    -15336.308594
5174    -15336.314453
5175    -15336.318359
5176    -15336.322266
5177    -15336.326172
5178    -15336.330078
5179    -15336.331055
5180    -15336.332031
5181    -15336.332031
5182    -15336.333008
5183    -15336.333984
5184    -15336.334961
5185    -15336.335938
5186    -15336.335938
5187    -15336.337891
5188    -15336.338867
5189    -15336.339844
5190    -15336.340820
5191    -15336.341797
5192    -15336.341797
5193    -15336.343750
5194    -15336.343750
5195    -15336.343750
5196    -15336.345703
5197    -15336.346680
5198    -15336.347656
5199    -15336.348633
5200    -15336.349609
5201    -15336.350586
5202    -15336.351562
5203    -15336.351562
5204    -15336.353516
5205    -15336.353516
5206    -15336.355469
5207    -15336.355469
5208    -15336.356445
5209    -15336.357422
5210    -15336.358398
5211    -15336.359375
5212    -15336.361328
5213    -15336.361328
5214    -15336.362305
5215    -15336.363281
5216    -15336.364258
5217    -15336.365234
5218    -15336.366211
5219    -15336.367188
5220    -15336.368164
5221    -15336.369141
5222    -15336.370117
5223    -15336.371094
5224    -15336.372070
5225    -15336.373047
5226    -15336.375000
5227    -15336.375000
5228    -15336.375977
5229    -15336.376953
5230    -15336.378906
5231    -15336.378906
5232    -15336.380859
5233    -15336.381836
5234    -15336.382812
5235    -15336.383789
5236    -15336.384766
5237    -15336.385742
5238    -15336.386719
5239    -15336.387695
5240    -15336.388672
5241    -15336.389648
5242    -15336.390625
5243    -15336.392578
5244    -15336.394531
5245    -15336.394531
5246    -15336.395508
5247    -15336.396484
5248    -15336.398438
5249    -15336.399414
5250    -15336.400391
5251    -15336.401367
5252    -15336.402344
5253    -15336.404297
5254    -15336.404297
5255    -15336.406250
5256    -15336.408203
5257    -15336.408203
5258    -15336.410156
5259    -15336.411133
5260    -15336.412109
5261    -15336.414062
5262    -15336.415039
5263    -15336.416016
5264    -15336.416992
5265    -15336.418945
5266    -15336.419922
5267    -15336.421875
5268    -15336.421875
5269    -15336.423828
5270    -15336.424805
5271    -15336.426758
5272    -15336.427734
5273    -15336.429688
5274    -15336.429688
5275    -15336.431641
5276    -15336.432617
5277    -15336.434570
5278    -15336.435547
5279    -15336.437500
5280    -15336.438477
5281    -15336.439453
5282    -15336.441406
5283    -15336.442383
5284    -15336.444336
5285    -15336.445312
5286    -15336.447266
5287    -15336.448242
5288    -15336.450195
5289    -15336.451172
5290    -15336.453125
5291    -15336.455078
5292    -15336.456055
5293    -15336.457031
5294    -15336.459961
5295    -15336.460938
5296    -15336.462891
5297    -15336.464844
5298    -15336.464844
5299    -15336.466797
5300    -15336.468750
5301    -15336.470703
5302    -15336.472656
5303    -15336.474609
5304    -15336.475586
5305    -15336.476562
5306    -15336.478516
5307    -15336.480469
5308    -15336.482422
5309    -15336.484375
5310    -15336.486328
5311    -15336.488281
5312    -15336.489258
5313    -15336.492188
5314    -15336.492188
5315    -15336.495117
5316    -15336.497070
5317    -15336.499023
5318    -15336.500977
5319    -15336.501953
5320    -15336.504883
5321    -15336.506836
5322    -15336.507812
5323    -15336.510742
5324    -15336.511719
5325    -15336.514648
5326    -15336.516602
5327    -15336.519531
5328    -15336.520508
5329    -15336.522461
5330    -15336.525391
5331    -15336.527344
5332    -15336.529297
5333    -15336.532227
5334    -15336.534180
5335    -15336.536133
5336    -15336.537109
5337    -15336.540039
5338    -15336.542969
5339    -15336.544922
5340    -15336.546875
5341    -15336.548828
5342    -15336.552734
5343    -15336.554688
5344    -15336.556641
5345    -15336.558594
5346    -15336.561523
5347    -15336.564453
5348    -15336.566406
5349    -15336.569336
5350    -15336.572266
5351    -15336.574219
5352    -15336.576172
5353    -15336.580078
5354    -15336.582031
5355    -15336.584961
5356    -15336.587891
5357    -15336.591797
5358    -15336.593750
5359    -15336.596680
5360    -15336.599609
5361    -15336.602539
5362    -15336.606445
5363    -15336.609375
5364    -15336.611328
5365    -15336.615234
5366    -15336.618164
5367    -15336.621094
5368    -15336.623047
5369    -15336.626953
5370    -15336.630859
5371    -15336.633789
5372    -15336.637695
5373    -15336.640625
5374    -15336.644531
5375    -15336.648438
5376    -15336.651367
5377    -15336.654297
5378    -15336.658203
5379    -15336.662109
5380    -15336.665039
5381    -15336.669922
5382    -15336.671875
5383    -15336.677734
5384    -15336.680664
5385    -15336.684570
5386    -15336.689453
5387    -15336.692383
5388    -15336.697266
5389    -15336.700195
5390    -15336.705078
5391    -15336.708008
5392    -15336.712891
5393    -15336.716797
5394    -15336.722656
5395    -15336.726562
5396    -15336.730469
5397    -15336.736328
5398    -15336.740234
5399    -15336.744141
5400    -15336.749023
5401    -15336.753906
5402    -15336.759766
5403    -15336.763672
5404    -15336.769531
5405    -15336.773438
5406    -15336.779297
5407    -15336.784180
5408    -15336.789062
5409    -15336.794922
5410    -15336.800781
5411    -15336.805664
5412    -15336.810547
5413    -15336.816406
5414    -15336.822266
5415    -15336.828125
5416    -15336.833984
5417    -15336.839844
5418    -15336.845703
5419    -15336.852539
5420    -15336.858398
5421    -15336.864258
5422    -15336.871094
5423    -15336.877930
5424    -15336.883789
5425    -15336.890625
5426    -15336.897461
5427    -15336.904297
5428    -15336.911133
5429    -15336.917969
5430    -15336.925781
5431    -15336.932617
5432    -15336.939453
5433    -15336.947266
5434    -15336.955078
5435    -15336.961914
5436    -15336.970703
5437    -15336.977539
5438    -15336.985352
5439    -15336.994141
5440    -15337.001953
5441    -15337.009766
5442    -15337.018555
5443    -15337.027344
5444    -15337.036133
5445    -15337.044922
5446    -15337.052734
5447    -15337.062500
5448    -15337.072266
5449    -15337.080078
5450    -15337.089844
5451    -15337.099609
5452    -15337.109375
5453    -15337.119141
5454    -15337.128906
5455    -15337.138672
5456    -15337.149414
5457    -15337.160156
5458    -15337.169922
5459    -15337.180664
5460    -15337.191406
5461    -15337.202148
5462    -15337.212891
5463    -15337.224609
5464    -15337.236328
5465    -15337.247070
5466    -15337.257812
5467    -15337.270508
5468    -15337.282227
5469    -15337.294922
5470    -15337.306641
5471    -15337.320312
5472    -15337.332031
5473    -15337.344727
5474    -15337.357422
5475    -15337.370117
5476    -15337.383789
5477    -15337.396484
5478    -15337.411133
5479    -15337.423828
5480    -15337.438477
5481    -15337.451172
5482    -15337.465820
5483    -15337.480469
5484    -15337.495117
5485    -15337.509766
5486    -15337.524414
5487    -15337.539062
5488    -15337.554688
5489    -15337.570312
5490    -15337.584961
5491    -15337.600586
5492    -15337.617188
5493    -15337.632812
5494    -15337.648438
5495    -15337.664062
5496    -15337.681641
5497    -15337.697266
5498    -15337.713867
5499    -15337.731445
5500    -15337.748047
5501    -15337.763672
5502    -15337.783203
5503    -15337.799805
5504    -15337.817383
5505    -15337.834961
5506    -15337.852539
5507    -15337.871094
5508    -15337.888672
5509    -15337.907227
5510    -15337.924805
5511    -15337.943359
5512    -15337.961914
5513    -15337.981445
5514    -15338.000000
5515    -15338.018555
5516    -15338.037109
5517    -15338.056641
5518    -15338.076172
5519    -15338.095703
5520    -15338.115234
5521    -15338.133789
5522    -15338.154297
5523    -15338.173828
5524    -15338.193359
5525    -15338.212891
5526    -15338.232422
5527    -15338.251953
5528    -15338.273438
5529    -15338.292969
5530    -15338.312500
5531    -15338.333984
5532    -15338.353516
5533    -15338.374023
5534    -15338.394531
5535    -15338.415039
5536    -15338.435547
5537    -15338.456055
5538    -15338.475586
5539    -15338.497070
5540    -15338.517578
5541    -15338.538086
5542    -15338.558594
5543    -15338.579102
5544    -15338.599609
5545    -15338.620117
5546    -15338.640625
5547    -15338.661133
5548    -15338.681641
5549    -15338.702148
5550    -15338.722656
5551    -15338.742188
5552    -15338.763672
5553    -15338.784180
5554    -15338.804688
5555    -15338.824219
5556    -15338.845703
5557    -15338.865234
5558    -15338.884766
5559    -15338.906250
5560    -15338.925781
5561    -15338.945312
5562    -15338.965820
5563    -15338.986328
5564    -15339.004883
5565    -15339.025391
5566    -15339.044922
5567    -15339.064453
5568    -15339.083984
5569    -15339.103516
5570    -15339.123047
5571    -15339.142578
5572    -15339.162109
5573    -15339.180664
5574    -15339.201172
5575    -15339.218750
5576    -15339.238281
5577    -15339.256836
5578    -15339.276367
5579    -15339.294922
5580    -15339.312500
5581    -15339.331055
5582    -15339.349609
5583    -15339.368164
5584    -15339.386719
5585    -15339.404297
5586    -15339.422852
5587    -15339.440430
5588    -15339.458008
5589    -15339.475586
5590    -15339.494141
5591    -15339.511719
5592    -15339.529297
5593    -15339.544922
5594    -15339.562500
5595    -15339.580078
5596    -15339.596680
5597    -15339.614258
5598    -15339.630859
5599    -15339.646484
5600    -15339.664062
5601    -15339.680664
5602    -15339.697266
5603    -15339.712891
5604    -15339.729492
5605    -15339.746094
5606    -15339.760742
5607    -15339.777344
5608    -15339.792969
5609    -15339.808594
5610    -15339.824219
5611    -15339.837891
5612    -15339.855469
5613    -15339.869141
5614    -15339.884766
5615    -15339.900391
5616    -15339.915039
5617    -15339.929688
5618    -15339.944336
5619    -15339.958984
5620    -15339.973633
5621    -15339.988281
5622    -15340.001953
5623    -15340.015625
5624    -15340.030273
5625    -15340.044922
5626    -15340.058594
5627    -15340.071289
5628    -15340.084961
5629    -15340.097656
5630    -15340.111328
5631    -15340.125000
5632    -15340.138672
5633    -15340.150391
5634    -15340.164062
5635    -15340.177734
5636    -15340.189453
5637    -15340.201172
5638    -15340.214844
5639    -15340.227539
5640    -15340.240234
5641    -15340.251953
5642    -15340.263672
5643    -15340.276367
5644    -15340.289062
5645    -15340.300781
5646    -15340.312500
5647    -15340.326172
5648    -15340.335938
5649    -15340.347656
5650    -15340.360352
5651    -15340.373047
5652    -15340.383789
5653    -15340.394531
5654    -15340.406250
5655    -15340.417969
5656    -15340.429688
5657    -15340.441406
5658    -15340.453125
5659    -15340.463867
5660    -15340.474609
5661    -15340.484375
5662    -15340.496094
5663    -15340.507812
5664    -15340.518555
5665    -15340.529297
5666    -15340.539062
5667    -15340.550781
5668    -15340.560547
5669    -15340.572266
5670    -15340.582031
5671    -15340.592773
5672    -15340.602539
5673    -15340.613281
5674    -15340.624023
5675    -15340.633789
5676    -15340.644531
5677    -15340.655273
5678    -15340.665039
5679    -15340.675781
5680    -15340.685547
5681    -15340.695312
5682    -15340.706055
5683    -15340.715820
5684    -15340.726562
5685    -15340.736328
5686    -15340.746094
5687    -15340.754883
5688    -15340.765625
5689    -15340.775391
5690    -15340.785156
5691    -15340.794922
5692    -15340.804688
5693    -15340.814453
5694    -15340.823242
5695    -15340.833984
5696    -15340.842773
5697    -15340.852539
5698    -15340.861328
5699    -15340.871094
5700    -15340.880859
5701    -15340.890625
5702    -15340.900391
5703    -15340.909180
5704    -15340.917969
5705    -15340.929688
5706    -15340.937500
5707    -15340.947266
5708    -15340.955078
5709    -15340.964844
5710    -15340.974609
5711    -15340.984375
5712    -15340.994141
5713    -15341.001953
5714    -15341.012695
5715    -15341.020508
5716    -15341.029297
5717    -15341.039062
5718    -15341.048828
5719    -15341.057617
5720    -15341.066406
5721    -15341.076172
5722    -15341.084961
5723    -15341.093750
5724    -15341.103516
5725    -15341.112305
5726    -15341.121094
5727    -15341.130859
5728    -15341.138672
5729    -15341.148438
5730    -15341.157227
5731    -15341.166992
5732    -15341.175781
5733    -15341.184570
5734    -15341.193359
5735    -15341.203125
5736    -15341.211914
5737    -15341.220703
5738    -15341.229492
5739    -15341.238281
5740    -15341.248047
5741    -15341.255859
5742    -15341.265625
5743    -15341.274414
5744    -15341.283203
5745    -15341.292969
5746    -15341.300781
5747    -15341.310547
5748    -15341.320312
5749    -15341.329102
5750    -15341.336914
5751    -15341.346680
5752    -15341.355469
5753    -15341.365234
5754    -15341.374023
5755    -15341.381836
5756    -15341.391602
5757    -15341.400391
5758    -15341.408203
5759    -15341.417969
5760    -15341.427734
5761    -15341.435547
5762    -15341.445312
5763    -15341.454102
5764    -15341.462891
5765    -15341.472656
5766    -15341.481445
5767    -15341.490234
5768    -15341.500000
5769    -15341.507812
5770    -15341.517578
5771    -15341.527344
5772    -15341.535156
5773    -15341.544922
5774    -15341.553711
5775    -15341.562500
5776    -15341.572266
5777    -15341.581055
5778    -15341.589844
5779    -15341.599609
5780    -15341.607422
5781    -15341.617188
5782    -15341.626953
5783    -15341.635742
5784    -15341.644531
5785    -15341.654297
5786    -15341.663086
5787    -15341.671875
5788    -15341.681641
5789    -15341.690430
5790    -15341.699219
5791    -15341.708984
5792    -15341.717773
5793    -15341.727539
5794    -15341.736328
5795    -15341.746094
5796    -15341.754883
5797    -15341.764648
5798    -15341.773438
5799    -15341.782227
5800    -15341.792969
5801    -15341.800781
5802    -15341.810547
5803    -15341.820312
5804    -15341.829102
5805    -15341.837891
5806    -15341.847656
5807    -15341.856445
5808    -15341.866211
5809    -15341.875000
5810    -15341.884766
5811    -15341.894531
5812    -15341.903320
5813    -15341.913086
5814    -15341.921875
5815    -15341.931641
5816    -15341.941406
5817    -15341.949219
5818    -15341.959961
5819    -15341.968750
5820    -15341.977539
5821    -15341.988281
5822    -15341.996094
5823    -15342.003906
5824    -15342.011719
5825    -15342.018555
5826    -15342.025391
5827    -15342.033203
5828    -15342.039062
5829    -15342.046875
5830    -15342.053711
5831    -15342.060547
5832    -15342.068359
5833    -15342.075195
5834    -15342.083008
5835    -15342.089844
5836    -15342.097656
5837    -15342.104492
5838    -15342.112305
5839    -15342.119141
5840    -15342.126953
5841    -15342.134766
5842    -15342.141602
5843    -15342.147461
5844    -15342.156250
5845    -15342.164062
5846    -15342.169922
5847    -15342.177734
5848    -15342.185547
5849    -15342.193359
5850    -15342.200195
5851    -15342.207031
5852    -15342.214844
5853    -15342.222656
5854    -15342.229492
5855    -15342.237305
5856    -15342.244141
5857    -15342.251953
5858    -15342.258789
5859    -15342.266602
5860    -15342.274414
5861    -15342.281250
5862    -15342.289062
5863    -15342.296875
5864    -15342.303711
5865    -15342.311523
5866    -15342.318359
5867    -15342.326172
5868    -15342.333984
5869    -15342.340820
5870    -15342.348633
5871    -15342.355469
5872    -15342.363281
5873    -15342.370117
5874    -15342.377930
5875    -15342.385742
5876    -15342.393555
5877    -15342.400391
5878    -15342.408203
5879    -15342.415039
5880    -15342.422852
5881    -15342.429688
5882    -15342.437500
5883    -15342.445312
5884    -15342.453125
5885    -15342.459961
5886    -15342.466797
5887    -15342.474609
5888    -15342.482422
5889    -15342.489258
5890    -15342.496094
5891    -15342.503906
5892    -15342.510742
5893    -15342.517578
5894    -15342.525391
5895    -15342.532227
5896    -15342.541016
5897    -15342.546875
5898    -15342.555664
5899    -15342.562500
5900    -15342.569336
5901    -15342.576172
5902    -15342.583984
5903    -15342.591797
5904    -15342.597656
5905    -15342.605469
5906    -15342.613281
5907    -15342.619141
5908    -15342.626953
5909    -15342.634766
5910    -15342.640625
5911    -15342.648438
5912    -15342.655273
5913    -15342.662109
5914    -15342.668945
5915    -15342.675781
5916    -15342.683594
5917    -15342.690430
5918    -15342.697266
5919    -15342.705078
5920    -15342.710938
5921    -15342.717773
5922    -15342.725586
5923    -15342.732422
5924    -15342.739258
5925    -15342.746094
5926    -15342.752930
5927    -15342.759766
5928    -15342.766602
5929    -15342.773438
5930    -15342.780273
5931    -15342.787109
5932    -15342.792969
5933    -15342.800781
5934    -15342.806641
5935    -15342.814453
5936    -15342.820312
5937    -15342.827148
5938    -15342.833984
5939    -15342.840820
5940    -15342.847656
5941    -15342.853516
5942    -15342.860352
5943    -15342.867188
5944    -15342.873047
5945    -15342.879883
5946    -15342.886719
5947    -15342.892578
5948    -15342.899414
5949    -15342.906250
5950    -15342.912109
5951    -15342.918945
5952    -15342.924805
5953    -15342.930664
5954    -15342.937500
5955    -15342.943359
5956    -15342.949219
5957    -15342.957031
5958    -15342.962891
5959    -15342.968750
5960    -15342.974609
5961    -15342.980469
5962    -15342.987305
5963    -15342.994141
5964    -15343.000000
5965    -15343.005859
5966    -15343.011719
5967    -15343.018555
5968    -15343.024414
5969    -15343.029297
5970    -15343.037109
5971    -15343.041992
5972    -15343.046875
5973    -15343.052734
5974    -15343.059570
5975    -15343.065430
5976    -15343.072266
5977    -15343.078125
5978    -15343.083984
5979    -15343.089844
5980    -15343.095703
5981    -15343.100586
5982    -15343.106445
5983    -15343.112305
5984    -15343.117188
5985    -15343.123047
5986    -15343.128906
5987    -15343.134766
5988    -15343.140625
5989    -15343.146484
5990    -15343.152344
5991    -15343.157227
5992    -15343.163086
5993    -15343.167969
5994    -15343.173828
5995    -15343.179688
5996    -15343.185547
5997    -15343.190430
5998    -15343.197266
5999    -15343.201172
6000    -15343.207031
6001    -15343.211914
6002    -15343.216797
6003    -15343.222656
6004    -15343.228516
6005    -15343.233398
6006    -15343.238281
6007    -15343.244141
6008    -15343.250000
6009    -15343.254883
6010    -15343.259766
6011    -15343.265625
6012    -15343.270508
6013    -15343.275391
6014    -15343.280273
6015    -15343.286133
6016    -15343.291016
6017    -15343.295898
6018    -15343.300781
6019    -15343.305664
6020    -15343.310547
6021    -15343.316406
6022    -15343.321289
6023    -15343.326172
6024    -15343.331055
6025    -15343.335938
6026    -15343.341797
6027    -15343.345703
6028    -15343.351562
6029    -15343.355469
6030    -15343.361328
6031    -15343.365234
6032    -15343.371094
6033    -15343.375000
6034    -15343.379883
6035    -15343.384766
6036    -15343.389648
6037    -15343.394531
6038    -15343.399414
6039    -15343.404297
6040    -15343.408203
6041    -15343.414062
6042    -15343.417969
6043    -15343.422852
6044    -15343.427734
6045    -15343.432617
6046    -15343.437500
6047    -15343.441406
6048    -15343.446289
6049    -15343.451172
6050    -15343.455078
6051    -15343.460938
6052    -15343.464844
6053    -15343.468750
6054    -15343.474609
6055    -15343.478516
6056    -15343.483398
6057    -15343.487305
6058    -15343.492188
6059    -15343.496094
6060    -15343.500977
6061    -15343.505859
6062    -15343.509766
6063    -15343.513672
6064    -15343.519531
6065    -15343.523438
6066    -15343.528320
6067    -15343.533203
6068    -15343.537109
6069    -15343.541016
6070    -15343.545898
6071    -15343.549805
6072    -15343.554688
6073    -15343.558594
6074    -15343.562500
6075    -15343.567383
6076    -15343.572266
6077    -15343.576172
6078    -15343.580078
6079    -15343.584961
6080    -15343.588867
6081    -15343.593750
6082    -15343.597656
6083    -15343.602539
6084    -15343.606445
6085    -15343.611328
6086    -15343.615234
6087    -15343.620117
6088    -15343.623047
6089    -15343.628906
6090    -15343.632812
6091    -15343.636719
6092    -15343.641602
6093    -15343.644531
6094    -15343.648438
6095    -15343.654297
6096    -15343.658203
6097    -15343.662109
6098    -15343.666016
6099    -15343.669922
6100    -15343.674805
6101    -15343.678711
6102    -15343.683594
6103    -15343.687500
6104    -15343.691406
6105    -15343.695312
6106    -15343.700195
6107    -15343.703125
6108    -15343.708008
6109    -15343.712891
6110    -15343.716797
6111    -15343.720703
6112    -15343.724609
6113    -15343.730469
6114    -15343.734375
6115    -15343.738281
6116    -15343.742188
6117    -15343.746094
6118    -15343.750000
6119    -15343.753906
6120    -15343.757812
6121    -15343.763672
6122    -15343.767578
6123    -15343.771484
6124    -15343.775391
6125    -15343.779297
6126    -15343.784180
6127    -15343.788086
6128    -15343.792969
6129    -15343.796875
6130    -15343.800781
6131    -15343.804688
6132    -15343.809570
6133    -15343.813477
6134    -15343.818359
6135    -15343.822266
6136    -15343.826172
6137    -15343.831055
6138    -15343.835938
6139    -15343.839844
6140    -15343.843750
6141    -15343.848633
6142    -15343.852539
6143    -15343.856445
6144    -15343.861328
6145    -15343.865234
6146    -15343.869141
6147    -15343.874023
6148    -15343.877930
6149    -15343.882812
6150    -15343.886719
6151    -15343.890625
6152    -15343.896484
6153    -15343.900391
6154    -15343.904297
6155    -15343.908203
6156    -15343.914062
6157    -15343.917969
6158    -15343.922852
6159    -15343.927734
6160    -15343.931641
6161    -15343.935547
6162    -15343.940430
6163    -15343.945312
6164    -15343.949219
6165    -15343.954102
6166    -15343.958984
6167    -15343.962891
6168    -15343.967773
6169    -15343.972656
6170    -15343.976562
6171    -15343.982422
6172    -15343.986328
6173    -15343.990234
6174    -15343.996094
6175    -15344.000000
6176    -15344.005859
6177    -15344.009766
6178    -15344.014648
6179    -15344.019531
6180    -15344.025391
6181    -15344.029297
6182    -15344.034180
6183    -15344.039062
6184    -15344.042969
6185    -15344.048828
6186    -15344.054688
6187    -15344.058594
6188    -15344.064453
6189    -15344.069336
6190    -15344.074219
6191    -15344.080078
6192    -15344.084961
6193    -15344.089844
6194    -15344.094727
6195    -15344.099609
6196    -15344.105469
6197    -15344.111328
6198    -15344.117188
6199    -15344.121094
6200    -15344.126953
6201    -15344.132812
6202    -15344.138672
6203    -15344.143555
6204    -15344.149414
6205    -15344.154297
6206    -15344.162109
6207    -15344.166016
6208    -15344.171875
6209    -15344.177734
6210    -15344.183594
6211    -15344.189453
6212    -15344.195312
6213    -15344.201172
6214    -15344.208008
6215    -15344.213867
6216    -15344.220703
6217    -15344.226562
6218    -15344.232422
6219    -15344.238281
6220    -15344.246094
6221    -15344.251953
6222    -15344.257812
6223    -15344.264648
6224    -15344.271484
6225    -15344.278320
6226    -15344.284180
6227    -15344.291016
6228    -15344.298828
6229    -15344.304688
6230    -15344.312500
6231    -15344.320312
6232    -15344.327148
6233    -15344.333984
6234    -15344.341797
6235    -15344.349609
6236    -15344.356445
6237    -15344.364258
6238    -15344.372070
6239    -15344.379883
6240    -15344.387695
6241    -15344.395508
6242    -15344.404297
6243    -15344.412109
6244    -15344.419922
6245    -15344.427734
6246    -15344.437500
6247    -15344.445312
6248    -15344.455078
6249    -15344.462891
6250    -15344.471680
6251    -15344.481445
6252    -15344.490234
6253    -15344.500000
6254    -15344.509766
6255    -15344.518555
6256    -15344.528320
6257    -15344.539062
6258    -15344.548828
6259    -15344.558594
6260    -15344.569336
6261    -15344.578125
6262    -15344.589844
6263    -15344.599609
6264    -15344.611328
6265    -15344.623047
6266    -15344.633789
6267    -15344.644531
6268    -15344.656250
6269    -15344.667969
6270    -15344.680664
6271    -15344.691406
6272    -15344.705078
6273    -15344.716797
6274    -15344.728516
6275    -15344.742188
6276    -15344.754883
6277    -15344.767578
6278    -15344.781250
6279    -15344.794922
6280    -15344.808594
6281    -15344.822266
6282    -15344.835938
6283    -15344.850586
6284    -15344.865234
6285    -15344.879883
6286    -15344.894531
6287    -15344.910156
6288    -15344.924805
6289    -15344.940430
6290    -15344.956055
6291    -15344.971680
6292    -15344.988281
6293    -15345.003906
6294    -15345.020508
6295    -15345.037109
6296    -15345.054688
6297    -15345.071289
6298    -15345.088867
6299    -15345.105469
6300    -15345.124023
6301    -15345.140625
6302    -15345.160156
6303    -15345.177734
6304    -15345.196289
6305    -15345.214844
6306    -15345.233398
6307    -15345.251953
6308    -15345.271484
6309    -15345.290039
6310    -15345.310547
6311    -15345.330078
6312    -15345.349609
6313    -15345.368164
6314    -15345.388672
6315    -15345.409180
6316    -15345.428711
6317    -15345.449219
6318    -15345.469727
6319    -15345.490234
6320    -15345.511719
6321    -15345.531250
6322    -15345.552734
6323    -15345.572266
6324    -15345.593750
6325    -15345.615234
6326    -15345.635742
6327    -15345.657227
6328    -15345.679688
6329    -15345.699219
6330    -15345.720703
6331    -15345.742188
6332    -15345.763672
6333    -15345.785156
6334    -15345.806641
6335    -15345.828125
6336    -15345.849609
6337    -15345.871094
6338    -15345.892578
6339    -15345.914062
6340    -15345.935547
6341    -15345.956055
6342    -15345.978516
6343    -15346.000000
6344    -15346.019531
6345    -15346.041016
6346    -15346.061523
6347    -15346.082031
6348    -15346.101562
6349    -15346.123047
6350    -15346.142578
6351    -15346.162109
6352    -15346.182617
6353    -15346.203125
6354    -15346.221680
6355    -15346.241211
6356    -15346.260742
6357    -15346.280273
6358    -15346.299805
6359    -15346.319336
6360    -15346.337891
6361    -15346.357422
6362    -15346.376953
6363    -15346.395508
6364    -15346.414062
6365    -15346.433594
6366    -15346.451172
6367    -15346.468750
6368    -15346.488281
6369    -15346.505859
6370    -15346.523438
6371    -15346.541016
6372    -15346.558594
6373    -15346.577148
6374    -15346.594727
6375    -15346.611328
6376    -15346.628906
6377    -15346.646484
6378    -15346.663086
6379    -15346.679688
6380    -15346.697266
6381    -15346.712891
6382    -15346.730469
6383    -15346.747070
6384    -15346.761719
6385    -15346.779297
6386    -15346.794922
6387    -15346.810547
6388    -15346.826172
6389    -15346.841797
6390    -15346.857422
6391    -15346.872070
6392    -15346.887695
6393    -15346.903320
6394    -15346.917969
6395    -15346.932617
6396    -15346.947266
6397    -15346.960938
6398    -15346.976562
6399    -15346.990234
6400    -15347.004883
6401    -15347.019531
6402    -15347.033203
6403    -15347.046875
6404    -15347.060547
6405    -15347.074219
6406    -15347.087891
6407    -15347.101562
6408    -15347.115234
6409    -15347.128906
6410    -15347.140625
6411    -15347.154297
6412    -15347.166016
6413    -15347.179688
6414    -15347.193359
6415    -15347.205078
6416    -15347.217773
6417    -15347.230469
6418    -15347.242188
6419    -15347.253906
6420    -15347.266602
6421    -15347.278320
6422    -15347.291016
6423    -15347.302734
6424    -15347.314453
6425    -15347.326172
6426    -15347.336914
6427    -15347.347656
6428    -15347.359375
6429    -15347.371094
6430    -15347.382812
6431    -15347.394531
6432    -15347.404297
6433    -15347.416016
6434    -15347.426758
6435    -15347.436523
6436    -15347.447266
6437    -15347.458008
6438    -15347.468750
6439    -15347.480469
6440    -15347.490234
6441    -15347.500000
6442    -15347.510742
6443    -15347.521484
6444    -15347.531250
6445    -15347.541016
6446    -15347.550781
6447    -15347.560547
6448    -15347.570312
6449    -15347.580078
6450    -15347.589844
6451    -15347.599609
6452    -15347.609375
6453    -15347.619141
6454    -15347.628906
6455    -15347.637695
6456    -15347.646484
6457    -15347.656250
6458    -15347.666016
6459    -15347.674805
6460    -15347.683594
6461    -15347.693359
6462    -15347.701172
6463    -15347.710938
6464    -15347.719727
6465    -15347.728516
6466    -15347.736328
6467    -15347.746094
6468    -15347.754883
6469    -15347.763672
6470    -15347.771484
6471    -15347.780273
6472    -15347.789062
6473    -15347.794922
6474    -15347.800781
6475    -15347.805664
6476    -15347.810547
6477    -15347.814453
6478    -15347.820312
6479    -15347.825195
6480    -15347.830078
6481    -15347.835938
6482    -15347.839844
6483    -15347.845703
6484    -15347.850586
6485    -15347.855469
6486    -15347.861328
6487    -15347.865234
6488    -15347.870117
6489    -15347.875000
6490    -15347.879883
6491    -15347.884766
6492    -15347.889648
6493    -15347.894531
6494    -15347.898438
6495    -15347.904297
6496    -15347.909180
6497    -15347.914062
6498    -15347.919922
6499    -15347.923828
6500    -15347.928711
6501    -15347.933594
6502    -15347.937500
6503    -15347.944336
6504    -15347.949219
6505    -15347.952148
6506    -15347.958008
6507    -15347.962891
6508    -15347.966797
6509    -15347.971680
6510    -15347.976562
6511    -15347.982422
6512    -15347.986328
6513    -15347.991211
6514    -15347.996094
6515    -15348.000000
6516    -15348.005859
6517    -15348.010742
6518    -15348.015625
6519    -15348.021484
6520    -15348.024414
6521    -15348.029297
6522    -15348.035156
6523    -15348.039062
6524    -15348.044922
6525    -15348.048828
6526    -15348.054688
6527    -15348.058594
6528    -15348.063477
6529    -15348.068359
6530    -15348.073242
6531    -15348.078125
6532    -15348.083008
6533    -15348.087891
6534    -15348.093750
6535    -15348.097656
6536    -15348.103516
6537    -15348.107422
6538    -15348.112305
6539    -15348.117188
6540    -15348.123047
6541    -15348.126953
6542    -15348.132812
6543    -15348.137695
6544    -15348.141602
6545    -15348.147461
6546    -15348.152344
6547    -15348.156250
6548    -15348.161133
6549    -15348.165039
6550    -15348.169922
6551    -15348.173828
6552    -15348.178711
6553    -15348.183594
6554    -15348.187500
6555    -15348.193359
6556    -15348.197266
6557    -15348.202148
6558    -15348.207031
6559    -15348.210938
6560    -15348.216797
6561    -15348.220703
6562    -15348.225586
6563    -15348.230469
6564    -15348.234375
6565    -15348.240234
6566    -15348.245117
6567    -15348.250000
6568    -15348.253906
6569    -15348.260742
6570    -15348.264648
6571    -15348.269531
6572    -15348.275391
6573    -15348.281250
6574    -15348.285156
6575    -15348.291016
6576    -15348.295898
6577    -15348.300781
6578    -15348.306641
6579    -15348.312500
6580    -15348.317383
6581    -15348.322266
6582    -15348.328125
6583    -15348.333984
6584    -15348.339844
6585    -15348.345703
6586    -15348.350586
6587    -15348.356445
6588    -15348.363281
6589    -15348.368164
6590    -15348.375000
6591    -15348.380859
6592    -15348.386719
6593    -15348.392578
6594    -15348.399414
6595    -15348.406250
6596    -15348.412109
6597    -15348.418945
6598    -15348.423828
6599    -15348.429688
6600    -15348.435547
6601    -15348.441406
6602    -15348.447266
6603    -15348.454102
6604    -15348.458984
6605    -15348.465820
6606    -15348.471680
6607    -15348.478516
6608    -15348.485352
6609    -15348.491211
6610    -15348.498047
6611    -15348.504883
6612    -15348.511719
6613    -15348.519531
6614    -15348.526367
6615    -15348.533203
6616    -15348.541016
6617    -15348.548828
6618    -15348.556641
6619    -15348.564453
6620    -15348.571289
6621    -15348.580078
6622    -15348.587891
6623    -15348.597656
6624    -15348.605469
6625    -15348.614258
6626    -15348.623047
6627    -15348.631836
6628    -15348.640625
6629    -15348.650391
6630    -15348.660156
6631    -15348.669922
6632    -15348.679688
6633    -15348.689453
6634    -15348.699219
6635    -15348.709961
6636    -15348.719727
6637    -15348.731445
6638    -15348.742188
6639    -15348.753906
6640    -15348.764648
6641    -15348.777344
6642    -15348.789062
6643    -15348.800781
6644    -15348.812500
6645    -15348.826172
6646    -15348.839844
6647    -15348.851562
6648    -15348.865234
6649    -15348.878906
6650    -15348.892578
6651    -15348.907227
6652    -15348.921875
6653    -15348.937500
6654    -15348.951172
6655    -15348.967773
6656    -15348.982422
6657    -15349.000000
6658    -15349.015625
6659    -15349.032227
6660    -15349.048828
6661    -15349.066406
6662    -15349.084961
6663    -15349.101562
6664    -15349.121094
6665    -15349.140625
6666    -15349.159180
6667    -15349.177734
6668    -15349.198242
6669    -15349.218750
6670    -15349.239258
6671    -15349.259766
6672    -15349.281250
6673    -15349.304688
6674    -15349.326172
6675    -15349.349609
6676    -15349.373047
6677    -15349.394531
6678    -15349.419922
6679    -15349.443359
6680    -15349.468750
6681    -15349.494141
6682    -15349.519531
6683    -15349.545898
6684    -15349.572266
6685    -15349.599609
6686    -15349.626953
6687    -15349.653320
6688    -15349.681641
6689    -15349.710938
6690    -15349.740234
6691    -15349.769531
6692    -15349.798828
6693    -15349.830078
6694    -15349.859375
6695    -15349.890625
6696    -15349.921875
6697    -15349.954102
6698    -15349.986328
6699    -15350.019531
6700    -15350.051758
6701    -15350.085938
6702    -15350.119141
6703    -15350.152344
6704    -15350.187500
6705    -15350.222656
6706    -15350.256836
6707    -15350.292969
6708    -15350.328125
6709    -15350.363281
6710    -15350.399414
6711    -15350.436523
6712    -15350.472656
6713    -15350.509766
6714    -15350.546875
6715    -15350.583984
6716    -15350.621094
6717    -15350.660156
6718    -15350.697266
6719    -15350.736328
6720    -15350.773438
6721    -15350.811523
6722    -15350.849609
6723    -15350.888672
6724    -15350.927734
6725    -15350.965820
6726    -15351.005859
6727    -15351.042969
6728    -15351.082031
6729    -15351.121094
6730    -15351.159180
6731    -15351.197266
6732    -15351.234375
6733    -15351.272461
6734    -15351.310547
6735    -15351.349609
6736    -15351.386719
6737    -15351.423828
6738    -15351.460938
6739    -15351.499023
6740    -15351.536133
6741    -15351.574219
6742    -15351.610352
6743    -15351.646484
6744    -15351.683594
6745    -15351.720703
6746    -15351.757812
6747    -15351.792969
6748    -15351.829102
6749    -15351.865234
6750    -15351.901367
6751    -15351.936523
6752    -15351.972656
6753    -15352.007812
6754    -15352.042969
6755    -15352.077148
6756    -15352.111328
6757    -15352.145508
6758    -15352.178711
6759    -15352.213867
6760    -15352.247070
6761    -15352.281250
6762    -15352.313477
6763    -15352.346680
6764    -15352.379883
6765    -15352.412109
6766    -15352.444336
6767    -15352.476562
6768    -15352.508789
6769    -15352.540039
6770    -15352.572266
6771    -15352.602539
6772    -15352.634766
6773    -15352.664062
6774    -15352.695312
6775    -15352.724609
6776    -15352.755859
6777    -15352.785156
6778    -15352.815430
6779    -15352.845703
6780    -15352.875000
6781    -15352.903320
6782    -15352.932617
6783    -15352.961914
6784    -15352.990234
6785    -15353.018555
6786    -15353.046875
6787    -15353.076172
6788    -15353.103516
6789    -15353.130859
6790    -15353.159180
6791    -15353.186523
6792    -15353.213867
6793    -15353.242188
6794    -15353.268555
6795    -15353.296875
6796    -15353.323242
6797    -15353.349609
6798    -15353.376953
6799    -15353.404297
6800    -15353.430664
6801    -15353.457031
6802    -15353.484375
6803    -15353.510742
6804    -15353.537109
6805    -15353.564453
6806    -15353.590820
6807    -15353.617188
6808    -15353.642578
6809    -15353.668945
6810    -15353.695312
6811    -15353.722656
6812    -15353.748047
6813    -15353.775391
6814    -15353.800781
6815    -15353.828125
6816    -15353.853516
6817    -15353.880859
6818    -15353.908203
6819    -15353.933594
6820    -15353.959961
6821    -15353.986328
6822    -15354.013672
6823    -15354.040039
6824    -15354.066406
6825    -15354.092773
6826    -15354.120117
6827    -15354.146484
6828    -15354.173828
6829    -15354.200195
6830    -15354.228516
6831    -15354.254883
6832    -15354.282227
6833    -15354.309570
6834    -15354.337891
6835    -15354.365234
6836    -15354.392578
6837    -15354.420898
6838    -15354.449219
6839    -15354.477539
6840    -15354.505859
6841    -15354.534180
6842    -15354.562500
6843    -15354.591797
6844    -15354.621094
6845    -15354.650391
6846    -15354.679688
6847    -15354.708984
6848    -15354.739258
6849    -15354.769531
6850    -15354.799805
6851    -15354.830078
6852    -15354.861328
6853    -15354.891602
6854    -15354.921875
6855    -15354.953125
6856    -15354.985352
6857    -15355.016602
6858    -15355.047852
6859    -15355.080078
6860    -15355.111328
6861    -15355.144531
6862    -15355.177734
6863    -15355.209961
6864    -15355.242188
6865    -15355.275391
6866    -15355.308594
6867    -15355.341797
6868    -15355.375000
6869    -15355.408203
6870    -15355.441406
6871    -15355.475586
6872    -15355.509766
6873    -15355.544922
6874    -15355.578125
6875    -15355.613281
6876    -15355.648438
6877    -15355.681641
6878    -15355.711914
6879    -15355.740234
6880    -15355.767578
6881    -15355.794922
6882    -15355.823242
6883    -15355.851562
6884    -15355.879883
6885    -15355.908203
6886    -15355.936523
6887    -15355.964844
6888    -15355.994141
6889    -15356.022461
6890    -15356.050781
6891    -15356.080078
6892    -15356.109375
6893    -15356.137695
6894    -15356.166992
6895    -15356.195312
6896    -15356.224609
6897    -15356.253906
6898    -15356.283203
6899    -15356.312500
6900    -15356.339844
6901    -15356.369141
6902    -15356.398438
6903    -15356.425781
6904    -15356.455078
6905    -15356.484375
6906    -15356.512695
6907    -15356.541016
6908    -15356.570312
6909    -15356.597656
6910    -15356.625977
6911    -15356.654297
6912    -15356.682617
6913    -15356.709961
6914    -15356.738281
6915    -15356.764648
6916    -15356.792969
6917    -15356.820312
6918    -15356.847656
6919    -15356.873047
6920    -15356.900391
6921    -15356.926758
6922    -15356.953125
6923    -15356.979492
6924    -15357.005859
6925    -15357.030273
6926    -15357.056641
6927    -15357.083008
6928    -15357.107422
6929    -15357.132812
6930    -15357.158203
6931    -15357.181641
6932    -15357.207031
6933    -15357.230469
6934    -15357.253906
6935    -15357.279297
6936    -15357.302734
6937    -15357.325195
6938    -15357.349609
6939    -15357.371094
6940    -15357.394531
6941    -15357.416992
6942    -15357.439453
6943    -15357.460938
6944    -15357.484375
6945    -15357.504883
6946    -15357.526367
6947    -15357.546875
6948    -15357.568359
6949    -15357.588867
6950    -15357.609375
6951    -15357.629883
6952    -15357.650391
6953    -15357.669922
6954    -15357.689453
6955    -15357.708984
6956    -15357.728516
6957    -15357.748047
6958    -15357.765625
6959    -15357.785156
6960    -15357.802734
6961    -15357.821289
6962    -15357.839844
6963    -15357.857422
6964    -15357.875000
6965    -15357.892578
6966    -15357.910156
6967    -15357.926758
6968    -15357.944336
6969    -15357.960938
6970    -15357.976562
6971    -15357.994141
6972    -15358.009766
6973    -15358.025391
6974    -15358.041016
6975    -15358.057617
6976    -15358.072266
6977    -15358.087891
6978    -15358.103516
6979    -15358.118164
6980    -15358.132812
6981    -15358.147461
6982    -15358.162109
6983    -15358.177734
6984    -15358.190430
6985    -15358.205078
6986    -15358.218750
6987    -15358.232422
6988    -15358.246094
6989    -15358.259766
6990    -15358.273438
6991    -15358.287109
6992    -15358.298828
6993    -15358.312500
6994    -15358.324219
6995    -15358.337891
6996    -15358.349609
6997    -15358.363281
6998    -15358.375000
6999    -15358.386719
7000    -15358.399414
7001    -15358.412109
7002    -15358.422852
7003    -15358.434570
7004    -15358.447266
7005    -15358.458008
7006    -15358.468750
7007    -15358.480469
7008    -15358.491211
7009    -15358.502930
7010    -15358.513672
7011    -15358.524414
7012    -15358.535156
7013    -15358.546875
7014    -15358.556641
7015    -15358.566406
7016    -15358.576172
7017    -15358.587891
7018    -15358.597656
7019    -15358.607422
7020    -15358.618164
7021    -15358.627930
7022    -15358.637695
7023    -15358.647461
7024    -15358.657227
7025    -15358.666992
7026    -15358.676758
7027    -15358.685547
7028    -15358.695312
7029    -15358.705078
7030    -15358.714844
7031    -15358.722656
7032    -15358.732422
7033    -15358.742188
7034    -15358.750000
7035    -15358.759766
7036    -15358.767578
7037    -15358.777344
7038    -15358.785156
7039    -15358.792969
7040    -15358.802734
7041    -15358.810547
7042    -15358.819336
7043    -15358.828125
7044    -15358.836914
7045    -15358.844727
7046    -15358.853516
7047    -15358.861328
7048    -15358.869141
7049    -15358.876953
7050    -15358.885742
7051    -15358.892578
7052    -15358.901367
7053    -15358.908203
7054    -15358.916016
7055    -15358.924805
7056    -15358.932617
7057    -15358.940430
7058    -15358.948242
7059    -15358.955078
7060    -15358.962891
7061    -15358.970703
7062    -15358.978516
7063    -15358.985352
7064    -15358.993164
7065    -15359.000000
7066    -15359.007812
7067    -15359.014648
7068    -15359.021484
7069    -15359.029297
7070    -15359.037109
7071    -15359.043945
7072    -15359.050781
7073    -15359.058594
7074    -15359.065430
7075    -15359.071289
7076    -15359.078125
7077    -15359.083984
7078    -15359.085938
7079    -15359.089844
7080    -15359.091797
7081    -15359.093750
7082    -15359.095703
7083    -15359.098633
7084    -15359.101562
7085    -15359.103516
7086    -15359.106445
7087    -15359.109375
7088    -15359.111328
7089    -15359.113281
7090    -15359.116211
7091    -15359.119141
7092    -15359.122070
7093    -15359.125000
7094    -15359.126953
7095    -15359.129883
7096    -15359.131836
7097    -15359.134766
7098    -15359.136719
7099    -15359.140625
7100    -15359.142578
7101    -15359.145508
7102    -15359.148438
7103    -15359.150391
7104    -15359.154297
7105    -15359.156250
7106    -15359.159180
7107    -15359.162109
7108    -15359.165039
7109    -15359.166992
7110    -15359.169922
7111    -15359.171875
7112    -15359.175781
7113    -15359.178711
7114    -15359.181641
7115    -15359.185547
7116    -15359.187500
7117    -15359.190430
7118    -15359.193359
7119    -15359.196289
7120    -15359.199219
7121    -15359.203125
7122    -15359.206055
7123    -15359.208008
7124    -15359.210938
7125    -15359.214844
7126    -15359.216797
7127    -15359.220703
7128    -15359.223633
7129    -15359.226562
7130    -15359.230469
7131    -15359.232422
7132    -15359.235352
7133    -15359.238281
7134    -15359.242188
7135    -15359.245117
7136    -15359.248047
7137    -15359.251953
7138    -15359.254883
7139    -15359.257812
7140    -15359.260742
7141    -15359.263672
7142    -15359.267578
7143    -15359.271484
7144    -15359.273438
7145    -15359.277344
7146    -15359.279297
7147    -15359.283203
7148    -15359.287109
7149    -15359.291016
7150    -15359.293945
7151    -15359.296875
7152    -15359.300781
7153    -15359.303711
7154    -15359.306641
7155    -15359.310547
7156    -15359.314453
7157    -15359.317383
7158    -15359.321289
7159    -15359.325195
7160    -15359.328125
7161    -15359.332031
7162    -15359.333984
7163    -15359.337891
7164    -15359.341797
7165    -15359.345703
7166    -15359.349609
7167    -15359.352539
7168    -15359.356445
7169    -15359.360352
7170    -15359.363281
7171    -15359.367188
7172    -15359.371094
7173    -15359.375000
7174    -15359.378906
7175    -15359.380859
7176    -15359.385742
7177    -15359.388672
7178    -15359.392578
7179    -15359.396484
7180    -15359.400391
7181    -15359.404297
7182    -15359.408203
7183    -15359.411133
7184    -15359.416016
7185    -15359.419922
7186    -15359.423828
7187    -15359.426758
7188    -15359.430664
7189    -15359.434570
7190    -15359.438477
7191    -15359.442383
7192    -15359.447266
7193    -15359.450195
7194    -15359.455078
7195    -15359.458008
7196    -15359.462891
7197    -15359.466797
7198    -15359.470703
7199    -15359.474609
7200    -15359.478516
7201    -15359.482422
7202    -15359.486328
7203    -15359.490234
7204    -15359.495117
7205    -15359.500000
7206    -15359.503906
7207    -15359.507812
7208    -15359.511719
7209    -15359.515625
7210    -15359.520508
7211    -15359.524414
7212    -15359.529297
7213    -15359.533203
7214    -15359.537109
7215    -15359.541992
7216    -15359.545898
7217    -15359.550781
7218    -15359.554688
7219    -15359.558594
7220    -15359.563477
7221    -15359.567383
7222    -15359.572266
7223    -15359.577148
7224    -15359.581055
7225    -15359.585938
7226    -15359.589844
7227    -15359.593750
7228    -15359.599609
7229    -15359.604492
7230    -15359.608398
7231    -15359.613281
7232    -15359.618164
7233    -15359.623047
7234    -15359.626953
7235    -15359.630859
7236    -15359.636719
7237    -15359.641602
7238    -15359.646484
7239    -15359.650391
7240    -15359.655273
7241    -15359.660156
7242    -15359.665039
7243    -15359.669922
7244    -15359.674805
7245    -15359.679688
7246    -15359.683594
7247    -15359.689453
7248    -15359.695312
7249    -15359.699219
7250    -15359.705078
7251    -15359.709961
7252    -15359.714844
7253    -15359.719727
7254    -15359.724609
7255    -15359.730469
7256    -15359.735352
7257    -15359.741211
7258    -15359.746094
7259    -15359.750977
7260    -15359.755859
7261    -15359.761719
7262    -15359.767578
7263    -15359.771484
7264    -15359.777344
7265    -15359.783203
7266    -15359.789062
7267    -15359.794922
7268    -15359.800781
7269    -15359.805664
7270    -15359.811523
7271    -15359.817383
7272    -15359.823242
7273    -15359.829102
7274    -15359.834961
7275    -15359.839844
7276    -15359.846680
7277    -15359.851562
7278    -15359.858398
7279    -15359.864258
7280    -15359.870117
7281    -15359.876953
7282    -15359.882812
7283    -15359.888672
7284    -15359.894531
7285    -15359.901367
7286    -15359.907227
7287    -15359.914062
7288    -15359.920898
7289    -15359.926758
7290    -15359.933594
7291    -15359.939453
7292    -15359.946289
7293    -15359.953125
7294    -15359.960938
7295    -15359.966797
7296    -15359.973633
7297    -15359.980469
7298    -15359.988281
7299    -15359.995117
7300    -15360.002930
7301    -15360.009766
7302    -15360.015625
7303    -15360.023438
7304    -15360.031250
7305    -15360.039062
7306    -15360.045898
7307    -15360.054688
7308    -15360.061523
7309    -15360.069336
7310    -15360.077148
7311    -15360.085938
7312    -15360.093750
7313    -15360.101562
7314    -15360.109375
7315    -15360.118164
7316    -15360.126953
7317    -15360.135742
7318    -15360.143555
7319    -15360.152344
7320    -15360.161133
7321    -15360.169922
7322    -15360.178711
7323    -15360.188477
7324    -15360.197266
7325    -15360.207031
7326    -15360.216797
7327    -15360.226562
7328    -15360.236328
7329    -15360.246094
7330    -15360.254883
7331    -15360.265625
7332    -15360.276367
7333    -15360.285156
7334    -15360.296875
7335    -15360.307617
7336    -15360.318359
7337    -15360.328125
7338    -15360.339844
7339    -15360.350586
7340    -15360.361328
7341    -15360.373047
7342    -15360.384766
7343    -15360.397461
7344    -15360.408203
7345    -15360.420898
7346    -15360.432617
7347    -15360.445312
7348    -15360.458008
7349    -15360.470703
7350    -15360.484375
7351    -15360.497070
7352    -15360.510742
7353    -15360.523438
7354    -15360.538086
7355    -15360.551758
7356    -15360.566406
7357    -15360.580078
7358    -15360.593750
7359    -15360.608398
7360    -15360.624023
7361    -15360.638672
7362    -15360.654297
7363    -15360.669922
7364    -15360.685547
7365    -15360.702148
7366    -15360.716797
7367    -15360.734375
7368    -15360.750000
7369    -15360.767578
7370    -15360.785156
7371    -15360.802734
7372    -15360.819336
7373    -15360.837891
7374    -15360.855469
7375    -15360.873047
7376    -15360.891602
7377    -15360.910156
7378    -15360.929688
7379    -15360.949219
7380    -15360.968750
7381    -15360.988281
7382    -15361.007812
7383    -15361.027344
7384    -15361.048828
7385    -15361.069336
7386    -15361.089844
7387    -15361.111328
7388    -15361.132812
7389    -15361.154297
7390    -15361.175781
7391    -15361.197266
7392    -15361.219727
7393    -15361.242188
7394    -15361.265625
7395    -15361.289062
7396    -15361.311523
7397    -15361.333984
7398    -15361.357422
7399    -15361.381836
7400    -15361.406250
7401    -15361.429688
7402    -15361.454102
7403    -15361.478516
7404    -15361.503906
7405    -15361.529297
7406    -15361.552734
7407    -15361.578125
7408    -15361.603516
7409    -15361.629883
7410    -15361.656250
7411    -15361.681641
7412    -15361.708008
7413    -15361.734375
7414    -15361.759766
7415    -15361.787109
7416    -15361.812500
7417    -15361.839844
7418    -15361.867188
7419    -15361.893555
7420    -15361.920898
7421    -15361.948242
7422    -15361.975586
7423    -15362.001953
7424    -15362.029297
7425    -15362.057617
7426    -15362.083984
7427    -15362.112305
7428    -15362.139648
7429    -15362.167969
7430    -15362.195312
7431    -15362.223633
7432    -15362.250000
7433    -15362.279297
7434    -15362.306641
7435    -15362.333984
7436    -15362.363281
7437    -15362.390625
7438    -15362.417969
7439    -15362.446289
7440    -15362.474609
7441    -15362.502930
7442    -15362.529297
7443    -15362.558594
7444    -15362.585938
7445    -15362.613281
7446    -15362.641602
7447    -15362.669922
7448    -15362.697266
7449    -15362.724609
7450    -15362.752930
7451    -15362.780273
7452    -15362.808594
7453    -15362.835938
7454    -15362.863281
7455    -15362.890625
7456    -15362.917969
7457    -15362.945312
7458    -15362.973633
7459    -15363.000977
7460    -15363.027344
7461    -15363.055664
7462    -15363.082031
7463    -15363.109375
7464    -15363.136719
7465    -15363.165039
7466    -15363.191406
7467    -15363.218750
7468    -15363.246094
7469    -15363.272461
7470    -15363.299805
7471    -15363.327148
7472    -15363.353516
7473    -15363.380859
7474    -15363.408203
7475    -15363.433594
7476    -15363.460938
7477    -15363.488281
7478    -15363.513672
7479    -15363.541016
7480    -15363.567383
7481    -15363.593750
7482    -15363.621094
7483    -15363.647461
7484    -15363.673828
7485    -15363.701172
7486    -15363.727539
7487    -15363.753906
7488    -15363.779297
7489    -15363.806641
7490    -15363.833008
7491    -15363.859375
7492    -15363.886719
7493    -15363.913086
7494    -15363.939453
7495    -15363.966797
7496    -15363.993164
7497    -15364.019531
7498    -15364.046875
7499    -15364.073242
7500    -15364.099609
7501    -15364.125977
7502    -15364.153320
7503    -15364.180664
7504    -15364.207031
7505    -15364.234375
7506    -15364.261719
7507    -15364.289062
7508    -15364.315430
7509    -15364.343750
7510    -15364.371094
7511    -15364.398438
7512    -15364.425781
7513    -15364.453125
7514    -15364.480469
7515    -15364.508789
7516    -15364.536133
7517    -15364.564453
7518    -15364.592773
7519    -15364.621094
7520    -15364.648438
7521    -15364.677734
7522    -15364.705078
7523    -15364.734375
7524    -15364.762695
7525    -15364.791992
7526    -15364.822266
7527    -15364.850586
7528    -15364.878906
7529    -15364.909180
7530    -15364.938477
7531    -15364.968750
7532    -15364.998047
7533    -15365.027344
7534    -15365.058594
7535    -15365.089844
7536    -15365.119141
7537    -15365.150391
7538    -15365.181641
7539    -15365.212891
7540    -15365.244141
7541    -15365.275391
7542    -15365.308594
7543    -15365.339844
7544    -15365.372070
7545    -15365.405273
7546    -15365.437500
7547    -15365.470703
7548    -15365.502930
7549    -15365.537109
7550    -15365.570312
7551    -15365.605469
7552    -15365.638672
7553    -15365.673828
7554    -15365.707031
7555    -15365.742188
7556    -15365.777344
7557    -15365.812500
7558    -15365.847656
7559    -15365.884766
7560    -15365.919922
7561    -15365.957031
7562    -15365.995117
7563    -15366.031250
7564    -15366.068359
7565    -15366.105469
7566    -15366.143555
7567    -15366.181641
7568    -15366.220703
7569    -15366.259766
7570    -15366.298828
7571    -15366.337891
7572    -15366.378906
7573    -15366.417969
7574    -15366.458984
7575    -15366.500000
7576    -15366.541016
7577    -15366.582031
7578    -15366.624023
7579    -15366.666016
7580    -15366.708008
7581    -15366.750977
7582    -15366.794922
7583    -15366.837891
7584    -15366.880859
7585    -15366.925781
7586    -15366.969727
7587    -15367.015625
7588    -15367.059570
7589    -15367.106445
7590    -15367.152344
7591    -15367.199219
7592    -15367.245117
7593    -15367.292969
7594    -15367.339844
7595    -15367.387695
7596    -15367.436523
7597    -15367.485352
7598    -15367.533203
7599    -15367.583008
7600    -15367.632812
7601    -15367.683594
7602    -15367.733398
7603    -15367.785156
7604    -15367.835938
7605    -15367.887695
7606    -15367.939453
7607    -15367.992188
7608    -15368.045898
7609    -15368.098633
7610    -15368.152344
7611    -15368.207031
7612    -15368.261719
7613    -15368.316406
7614    -15368.371094
7615    -15368.427734
7616    -15368.483398
7617    -15368.539062
7618    -15368.595703
7619    -15368.653320
7620    -15368.710938
7621    -15368.769531
7622    -15368.827148
7623    -15368.886719
7624    -15368.946289
7625    -15369.005859
7626    -15369.066406
7627    -15369.126953
7628    -15369.187500
7629    -15369.248047
7630    -15369.309570
7631    -15369.371094
7632    -15369.434570
7633    -15369.498047
7634    -15369.560547
7635    -15369.623047
7636    -15369.687500
7637    -15369.751953
7638    -15369.816406
7639    -15369.880859
7640    -15369.947266
7641    -15370.012695
7642    -15370.078125
7643    -15370.141602
7644    -15370.204102
7645    -15370.267578
7646    -15370.330078
7647    -15370.394531
7648    -15370.457031
7649    -15370.521484
7650    -15370.587891
7651    -15370.652344
7652    -15370.716797
7653    -15370.783203
7654    -15370.848633
7655    -15370.915039
7656    -15370.980469
7657    -15371.047852
7658    -15371.115234
7659    -15371.182617
7660    -15371.250000
7661    -15371.318359
7662    -15371.386719
7663    -15371.455078
7664    -15371.523438
7665    -15371.593750
7666    -15371.662109
7667    -15371.731445
7668    -15371.801758
7669    -15371.872070
7670    -15371.942383
7671    -15372.011719
7672    -15372.083008
7673    -15372.154297
7674    -15372.226562
7675    -15372.296875
7676    -15372.369141
7677    -15372.441406
7678    -15372.513672
7679    -15372.585938
7680    -15372.658203
7681    -15372.731445
7682    -15372.803711
7683    -15372.876953
7684    -15372.951172
7685    -15373.023438
7686    -15373.097656
7687    -15373.172852
7688    -15373.245117
7689    -15373.320312
7690    -15373.394531
7691    -15373.470703
7692    -15373.544922
7693    -15373.619141
7694    -15373.694336
7695    -15373.769531
7696    -15373.845703
7697    -15373.919922
7698    -15373.996094
7699    -15374.072266
7700    -15374.146484
7701    -15374.222656
7702    -15374.298828
7703    -15374.375977
7704    -15374.451172
7705    -15374.529297
7706    -15374.605469
7707    -15374.680664
7708    -15374.757812
7709    -15374.833984
7710    -15374.910156
7711    -15374.987305
7712    -15375.063477
7713    -15375.140625
7714    -15375.216797
7715    -15375.292969
7716    -15375.369141
7717    -15375.445312
7718    -15375.523438
7719    -15375.599609
7720    -15375.675781
7721    -15375.751953
7722    -15375.828125
7723    -15375.904297
7724    -15375.980469
7725    -15376.055664
7726    -15376.128906
7727    -15376.203125
7728    -15376.277344
7729    -15376.351562
7730    -15376.424805
7731    -15376.498047
7732    -15376.571289
7733    -15376.643555
7734    -15376.716797
7735    -15376.789062
7736    -15376.861328
7737    -15376.933594
7738    -15377.005859
7739    -15377.077148
7740    -15377.148438
7741    -15377.219727
7742    -15377.289062
7743    -15377.361328
7744    -15377.429688
7745    -15377.500000
7746    -15377.570312
7747    -15377.638672
7748    -15377.707031
7749    -15377.776367
7750    -15377.844727
7751    -15377.912109
7752    -15377.979492
7753    -15378.045898
7754    -15378.113281
7755    -15378.179688
7756    -15378.246094
7757    -15378.310547
7758    -15378.375000
7759    -15378.440430
7760    -15378.503906
7761    -15378.568359
7762    -15378.630859
7763    -15378.693359
7764    -15378.756836
7765    -15378.819336
7766    -15378.879883
7767    -15378.941406
7768    -15379.001953
7769    -15379.062500
7770    -15379.123047
7771    -15379.181641
7772    -15379.240234
7773    -15379.298828
7774    -15379.357422
7775    -15379.414062
7776    -15379.471680
7777    -15379.528320
7778    -15379.583984
7779    -15379.640625
7780    -15379.695312
7781    -15379.750000
7782    -15379.804688
7783    -15379.858398
7784    -15379.912109
7785    -15379.964844
7786    -15380.017578
7787    -15380.069336
7788    -15380.121094
7789    -15380.171875
7790    -15380.223633
7791    -15380.273438
7792    -15380.323242
7793    -15380.373047
7794    -15380.421875
7795    -15380.471680
7796    -15380.519531
7797    -15380.567383
7798    -15380.615234
7799    -15380.661133
7800    -15380.708008
7801    -15380.753906
7802    -15380.798828
7803    -15380.845703
7804    -15380.890625
7805    -15380.934570
7806    -15380.978516
7807    -15381.022461
7808    -15381.066406
7809    -15381.108398
7810    -15381.152344
7811    -15381.193359
7812    -15381.235352
7813    -15381.277344
7814    -15381.318359
7815    -15381.359375
7816    -15381.400391
7817    -15381.439453
7818    -15381.478516
7819    -15381.519531
7820    -15381.557617
7821    -15381.597656
7822    -15381.634766
7823    -15381.672852
7824    -15381.710938
7825    -15381.748047
7826    -15381.785156
7827    -15381.820312
7828    -15381.857422
7829    -15381.892578
7830    -15381.928711
7831    -15381.963867
7832    -15381.999023
7833    -15382.034180
7834    -15382.068359
7835    -15382.103516
7836    -15382.136719
7837    -15382.169922
7838    -15382.204102
7839    -15382.236328
7840    -15382.267578
7841    -15382.296875
7842    -15382.326172
7843    -15382.355469
7844    -15382.383789
7845    -15382.412109
7846    -15382.441406
7847    -15382.468750
7848    -15382.496094
7849    -15382.524414
7850    -15382.551758
7851    -15382.578125
7852    -15382.605469
7853    -15382.632812
7854    -15382.659180
7855    -15382.685547
7856    -15382.710938
7857    -15382.737305
7858    -15382.761719
7859    -15382.788086
7860    -15382.812500
7861    -15382.837891
7862    -15382.863281
7863    -15382.887695
7864    -15382.912109
7865    -15382.936523
7866    -15382.959961
7867    -15382.984375
7868    -15383.007812
7869    -15383.031250
7870    -15383.054688
7871    -15383.078125
7872    -15383.101562
7873    -15383.124023
7874    -15383.146484
7875    -15383.168945
7876    -15383.190430
7877    -15383.212891
7878    -15383.234375
7879    -15383.256836
7880    -15383.279297
7881    -15383.300781
7882    -15383.320312
7883    -15383.341797
7884    -15383.363281
7885    -15383.383789
7886    -15383.405273
7887    -15383.425781
7888    -15383.445312
7889    -15383.466797
7890    -15383.486328
7891    -15383.505859
7892    -15383.525391
7893    -15383.544922
7894    -15383.564453
7895    -15383.583984
7896    -15383.602539
7897    -15383.622070
7898    -15383.640625
7899    -15383.660156
7900    -15383.677734
7901    -15383.697266
7902    -15383.714844
7903    -15383.733398
7904    -15383.751953
7905    -15383.769531
7906    -15383.787109
7907    -15383.804688
7908    -15383.822266
7909    -15383.840820
7910    -15383.857422
7911    -15383.875000
7912    -15383.891602
7913    -15383.908203
7914    -15383.925781
7915    -15383.942383
7916    -15383.958984
7917    -15383.975586
7918    -15383.992188
7919    -15384.008789
7920    -15384.024414
7921    -15384.041016
7922    -15384.056641
7923    -15384.072266
7924    -15384.087891
7925    -15384.104492
7926    -15384.119141
7927    -15384.134766
7928    -15384.150391
7929    -15384.166016
7930    -15384.179688
7931    -15384.195312
7932    -15384.209961
7933    -15384.225586
7934    -15384.240234
7935    -15384.253906
7936    -15384.268555
7937    -15384.283203
7938    -15384.297852
7939    -15384.312500
7940    -15384.326172
7941    -15384.339844
7942    -15384.354492
7943    -15384.367188
7944    -15384.382812
7945    -15384.395508
7946    -15384.408203
7947    -15384.421875
7948    -15384.435547
7949    -15384.449219
7950    -15384.461914
7951    -15384.474609
7952    -15384.488281
7953    -15384.501953
7954    -15384.514648
7955    -15384.526367
7956    -15384.536133
7957    -15384.546875
7958    -15384.555664
7959    -15384.565430
7960    -15384.576172
7961    -15384.583984
7962    -15384.595703
7963    -15384.603516
7964    -15384.613281
7965    -15384.623047
7966    -15384.631836
7967    -15384.641602
7968    -15384.650391
7969    -15384.660156
7970    -15384.668945
7971    -15384.677734
7972    -15384.687500
7973    -15384.695312
7974    -15384.705078
7975    -15384.712891
7976    -15384.721680
7977    -15384.730469
7978    -15384.739258
7979    -15384.748047
7980    -15384.756836
7981    -15384.764648
7982    -15384.773438
7983    -15384.782227
7984    -15384.790039
7985    -15384.798828
7986    -15384.806641
7987    -15384.814453
7988    -15384.823242
7989    -15384.832031
7990    -15384.839844
7991    -15384.847656
7992    -15384.855469
7993    -15384.863281
7994    -15384.871094
7995    -15384.878906
7996    -15384.886719
7997    -15384.894531
7998    -15384.902344
7999    -15384.910156
8000    -15384.916992
8001    -15384.924805
8002    -15384.931641
8003    -15384.940430
8004    -15384.947266
8005    -15384.955078
8006    -15384.962891
8007    -15384.968750
8008    -15384.976562
8009    -15384.984375
8010    -15384.991211
8011    -15384.998047
8012    -15385.005859
8013    -15385.011719
8014    -15385.019531
8015    -15385.027344
8016    -15385.033203
8017    -15385.041016
8018    -15385.047852
8019    -15385.054688
8020    -15385.060547
8021    -15385.064453
8022    -15385.070312
8023    -15385.073242
8024    -15385.077148
8025    -15385.081055
8026    -15385.084961
8027    -15385.087891
8028    -15385.092773
8029    -15385.095703
8030    -15385.099609
8031    -15385.104492
8032    -15385.107422
8033    -15385.110352
8034    -15385.115234
8035    -15385.117188
8036    -15385.122070
8037    -15385.125977
8038    -15385.128906
8039    -15385.132812
8040    -15385.136719
8041    -15385.140625
8042    -15385.144531
8043    -15385.148438
8044    -15385.150391
8045    -15385.154297
8046    -15385.158203
8047    -15385.161133
8048    -15385.165039
8049    -15385.167969
8050    -15385.171875
8051    -15385.175781
8052    -15385.179688
8053    -15385.182617
8054    -15385.186523
8055    -15385.189453
8056    -15385.193359
8057    -15385.195312
8058    -15385.199219
8059    -15385.203125
8060    -15385.207031
8061    -15385.209961
8062    -15385.212891
8063    -15385.216797
8064    -15385.220703
8065    -15385.222656
8066    -15385.226562
8067    -15385.230469
8068    -15385.232422
8069    -15385.236328
8070    -15385.240234
8071    -15385.242188
8072    -15385.246094
8073    -15385.250000
8074    -15385.252930
8075    -15385.255859
8076    -15385.259766
8077    -15385.262695
8078    -15385.265625
8079    -15385.269531
8080    -15385.272461
8081    -15385.275391
8082    -15385.278320
8083    -15385.281250
8084    -15385.284180
8085    -15385.287109
8086    -15385.291016
8087    -15385.293945
8088    -15385.296875
8089    -15385.300781
8090    -15385.303711
8091    -15385.306641
8092    -15385.310547
8093    -15385.312500
8094    -15385.316406
8095    -15385.318359
8096    -15385.322266
8097    -15385.325195
8098    -15385.328125
8099    -15385.331055
8100    -15385.333984
8101    -15385.337891
8102    -15385.339844
8103    -15385.343750
8104    -15385.345703
8105    -15385.349609
8106    -15385.352539
8107    -15385.355469
8108    -15385.359375
8109    -15385.362305
8110    -15385.365234
8111    -15385.367188
8112    -15385.370117
8113    -15385.373047
8114    -15385.376953
8115    -15385.378906
8116    -15385.381836
8117    -15385.384766
8118    -15385.387695
8119    -15385.390625
8120    -15385.393555
8121    -15385.396484
8122    -15385.399414
8123    -15385.402344
8124    -15385.406250
8125    -15385.408203
8126    -15385.412109
8127    -15385.414062
8128    -15385.417969
8129    -15385.419922
8130    -15385.423828
8131    -15385.425781
8132    -15385.428711
8133    -15385.431641
8134    -15385.435547
8135    -15385.437500
8136    -15385.440430
8137    -15385.443359
8138    -15385.446289
8139    -15385.449219
8140    -15385.451172
8141    -15385.455078
8142    -15385.457031
8143    -15385.459961
8144    -15385.462891
8145    -15385.466797
8146    -15385.467773
8147    -15385.471680
8148    -15385.474609
8149    -15385.477539
8150    -15385.480469
8151    -15385.482422
8152    -15385.486328
8153    -15385.488281
8154    -15385.491211
8155    -15385.494141
8156    -15385.497070
8157    -15385.500000
8158    -15385.502930
8159    -15385.505859
8160    -15385.507812
8161    -15385.511719
8162    -15385.514648
8163    -15385.516602
8164    -15385.519531
8165    -15385.522461
8166    -15385.525391
8167    -15385.528320
8168    -15385.531250
8169    -15385.533203
8170    -15385.536133
8171    -15385.539062
8172    -15385.541016
8173    -15385.544922
8174    -15385.547852
8175    -15385.550781
8176    -15385.552734
8177    -15385.555664
8178    -15385.558594
8179    -15385.561523
8180    -15385.564453
8181    -15385.567383
8182    -15385.570312
8183    -15385.573242
8184    -15385.576172
8185    -15385.578125
8186    -15385.580078
8187    -15385.583984
8188    -15385.586914
8189    -15385.589844
8190    -15385.592773
8191    -15385.595703
8192    -15385.598633
8193    -15385.601562
8194    -15385.603516
8195    -15385.607422
8196    -15385.609375
8197    -15385.612305
8198    -15385.615234
8199    -15385.617188
8200    -15385.621094
8201    -15385.624023
8202    -15385.626953
8203    -15385.628906
8204    -15385.631836
8205    -15385.634766
8206    -15385.637695
8207    -15385.640625
8208    -15385.643555
8209    -15385.646484
8210    -15385.649414
8211    -15385.652344
8212    -15385.654297
8213    -15385.657227
8214    -15385.660156
8215    -15385.663086
8216    -15385.666016
8217    -15385.668945
8218    -15385.671875
8219    -15385.674805
8220    -15385.677734
8221    -15385.681641
8222    -15385.683594
8223    -15385.687500
8224    -15385.689453
8225    -15385.692383
8226    -15385.695312
8227    -15385.698242
8228    -15385.701172
8229    -15385.703125
8230    -15385.707031
8231    -15385.708984
8232    -15385.712891
8233    -15385.714844
8234    -15385.717773
8235    -15385.720703
8236    -15385.724609
8237    -15385.726562
8238    -15385.730469
8239    -15385.732422
8240    -15385.735352
8241    -15385.738281
8242    -15385.742188
8243    -15385.744141
8244    -15385.748047
8245    -15385.750977
8246    -15385.753906
8247    -15385.755859
8248    -15385.759766
8249    -15385.762695
8250    -15385.765625
8251    -15385.768555
8252    -15385.771484
8253    -15385.773438
8254    -15385.777344
8255    -15385.780273
8256    -15385.783203
8257    -15385.785156
8258    -15385.790039
8259    -15385.791992
8260    -15385.795898
8261    -15385.797852
8262    -15385.801758
8263    -15385.804688
8264    -15385.807617
8265    -15385.810547
8266    -15385.813477
8267    -15385.817383
8268    -15385.820312
8269    -15385.822266
8270    -15385.826172
8271    -15385.829102
8272    -15385.832031
8273    -15385.835938
8274    -15385.837891
8275    -15385.841797
8276    -15385.845703
8277    -15385.847656
8278    -15385.851562
8279    -15385.854492
8280    -15385.857422
8281    -15385.860352
8282    -15385.863281
8283    -15385.867188
8284    -15385.870117
8285    -15385.873047
8286    -15385.876953
8287    -15385.878906
8288    -15385.882812
8289    -15385.886719
8290    -15385.889648
8291    -15385.892578
8292    -15385.895508
8293    -15385.898438
8294    -15385.903320
8295    -15385.905273
8296    -15385.908203
8297    -15385.912109
8298    -15385.916016
8299    -15385.918945
8300    -15385.921875
8301    -15385.925781
8302    -15385.927734
8303    -15385.931641
8304    -15385.935547
8305    -15385.938477
8306    -15385.941406
8307    -15385.945312
8308    -15385.949219
8309    -15385.952148
8310    -15385.956055
8311    -15385.958984
8312    -15385.962891
8313    -15385.966797
8314    -15385.968750
8315    -15385.972656
8316    -15385.975586
8317    -15385.978516
8318    -15385.982422
8319    -15385.987305
8320    -15385.990234
8321    -15385.994141
8322    -15385.997070
8323    -15386.000000
8324    -15386.003906
8325    -15386.007812
8326    -15386.010742
8327    -15386.014648
8328    -15386.017578
8329    -15386.020508
8330    -15386.025391
8331    -15386.029297
8332    -15386.032227
8333    -15386.035156
8334    -15386.039062
8335    -15386.042969
8336    -15386.046875
8337    -15386.050781
8338    -15386.053711
8339    -15386.057617
8340    -15386.060547
8341    -15386.064453
8342    -15386.068359
8343    -15386.072266
8344    -15386.076172
8345    -15386.080078
8346    -15386.083984
8347    -15386.087891
8348    -15386.090820
8349    -15386.095703
8350    -15386.099609
8351    -15386.103516
8352    -15386.105469
8353    -15386.109375
8354    -15386.114258
8355    -15386.118164
8356    -15386.121094
8357    -15386.125977
8358    -15386.128906
8359    -15386.132812
8360    -15386.136719
8361    -15386.141602
8362    -15386.144531
8363    -15386.148438
8364    -15386.152344
8365    -15386.157227
8366    -15386.161133
8367    -15386.165039
8368    -15386.168945
8369    -15386.172852
8370    -15386.176758
8371    -15386.180664
8372    -15386.184570
8373    -15386.188477
8374    -15386.192383
8375    -15386.196289
8376    -15386.201172
8377    -15386.205078
8378    -15386.208984
8379    -15386.212891
8380    -15386.216797
8381    -15386.221680
8382    -15386.225586
8383    -15386.229492
8384    -15386.234375
8385    -15386.238281
8386    -15386.242188
8387    -15386.246094
8388    -15386.250977
8389    -15386.253906
8390    -15386.259766
8391    -15386.263672
8392    -15386.266602
8393    -15386.271484
8394    -15386.275391
8395    -15386.279297
8396    -15386.283203
8397    -15386.287109
8398    -15386.291992
8399    -15386.294922
8400    -15386.299805
8401    -15386.302734
8402    -15386.308594
8403    -15386.312500
8404    -15386.316406
8405    -15386.320312
8406    -15386.324219
8407    -15386.329102
8408    -15386.333008
8409    -15386.336914
8410    -15386.341797
8411    -15386.345703
8412    -15386.349609
8413    -15386.354492
8414    -15386.357422
8415    -15386.362305
8416    -15386.365234
8417    -15386.369141
8418    -15386.373047
8419    -15386.376953
8420    -15386.380859
8421    -15386.384766
8422    -15386.389648
8423    -15386.392578
8424    -15386.396484
8425    -15386.400391
8426    -15386.405273
8427    -15386.408203
8428    -15386.412109
8429    -15386.416992
8430    -15386.421875
8431    -15386.424805
8432    -15386.428711
8433    -15386.433594
8434    -15386.437500
8435    -15386.441406
8436    -15386.445312
8437    -15386.449219
8438    -15386.453125
8439    -15386.458984
8440    -15386.461914
8441    -15386.466797
8442    -15386.470703
8443    -15386.474609
8444    -15386.478516
8445    -15386.483398
8446    -15386.487305
8447    -15386.491211
8448    -15386.496094
8449    -15386.500977
8450    -15386.503906
8451    -15386.508789
8452    -15386.513672
8453    -15386.517578
8454    -15386.521484
8455    -15386.525391
8456    -15386.529297
8457    -15386.535156
8458    -15386.539062
8459    -15386.543945
8460    -15386.547852
8461    -15386.552734
8462    -15386.556641
8463    -15386.560547
8464    -15386.565430
8465    -15386.570312
8466    -15386.575195
8467    -15386.579102
8468    -15386.583984
8469    -15386.587891
8470    -15386.591797
8471    -15386.597656
8472    -15386.601562
8473    -15386.606445
8474    -15386.610352
8475    -15386.615234
8476    -15386.619141
8477    -15386.625000
8478    -15386.628906
8479    -15386.634766
8480    -15386.638672
8481    -15386.642578
8482    -15386.648438
8483    -15386.652344
8484    -15386.658203
8485    -15386.662109
8486    -15386.666992
8487    -15386.670898
8488    -15386.676758
8489    -15386.681641
8490    -15386.685547
8491    -15386.691406
8492    -15386.695312
8493    -15386.701172
8494    -15386.706055
8495    -15386.708984
8496    -15386.714844
8497    -15386.719727
8498    -15386.724609
8499    -15386.730469
8500    -15386.735352
8501    -15386.740234
8502    -15386.745117
8503    -15386.750000
8504    -15386.753906
8505    -15386.759766
8506    -15386.764648
8507    -15386.769531
8508    -15386.775391
8509    -15386.779297
8510    -15386.785156
8511    -15386.790039
8512    -15386.794922
8513    -15386.800781
8514    -15386.806641
8515    -15386.810547
8516    -15386.816406
8517    -15386.821289
8518    -15386.826172
8519    -15386.832031
8520    -15386.837891
8521    -15386.841797
8522    -15386.847656
8523    -15386.853516
8524    -15386.858398
8525    -15386.863281
8526    -15386.869141
8527    -15386.875000
8528    -15386.879883
8529    -15386.884766
8530    -15386.890625
8531    -15386.895508
8532    -15386.902344
8533    -15386.907227
8534    -15386.912109
8535    -15386.917969
8536    -15386.923828
8537    -15386.929688
8538    -15386.935547
8539    -15386.941406
8540    -15386.947266
8541    -15386.952148
8542    -15386.957031
8543    -15386.963867
8544    -15386.968750
8545    -15386.974609
8546    -15386.980469
8547    -15386.986328
8548    -15386.992188
8549    -15386.999023
8550    -15387.003906
8551    -15387.009766
8552    -15387.017578
8553    -15387.021484
8554    -15387.027344
8555    -15387.035156
8556    -15387.041016
8557    -15387.046875
8558    -15387.051758
8559    -15387.058594
8560    -15387.064453
8561    -15387.071289
8562    -15387.077148
8563    -15387.083984
8564    -15387.089844
8565    -15387.095703
8566    -15387.101562
8567    -15387.109375
8568    -15387.115234
8569    -15387.121094
8570    -15387.127930
8571    -15387.134766
8572    -15387.140625
8573    -15387.148438
8574    -15387.153320
8575    -15387.161133
8576    -15387.167969
8577    -15387.173828
8578    -15387.181641
8579    -15387.187500
8580    -15387.195312
8581    -15387.201172
8582    -15387.208008
8583    -15387.214844
8584    -15387.220703
8585    -15387.228516
8586    -15387.235352
8587    -15387.242188
8588    -15387.250000
8589    -15387.257812
8590    -15387.264648
8591    -15387.271484
8592    -15387.278320
8593    -15387.286133
8594    -15387.292969
8595    -15387.300781
8596    -15387.308594
8597    -15387.315430
8598    -15387.323242
8599    -15387.330078
8600    -15387.337891
8601    -15387.345703
8602    -15387.353516
8603    -15387.360352
8604    -15387.369141
8605    -15387.376953
8606    -15387.384766
8607    -15387.392578
8608    -15387.400391
8609    -15387.408203
8610    -15387.416016
8611    -15387.423828
8612    -15387.431641
8613    -15387.440430
8614    -15387.449219
8615    -15387.457031
8616    -15387.464844
8617    -15387.473633
8618    -15387.482422
8619    -15387.490234
8620    -15387.499023
8621    -15387.506836
8622    -15387.515625
8623    -15387.524414
8624    -15387.533203
8625    -15387.541016
8626    -15387.550781
8627    -15387.558594
8628    -15387.568359
8629    -15387.578125
8630    -15387.585938
8631    -15387.594727
8632    -15387.603516
8633    -15387.613281
8634    -15387.622070
8635    -15387.630859
8636    -15387.640625
8637    -15387.650391
8638    -15387.659180
8639    -15387.669922
8640    -15387.678711
8641    -15387.687500
8642    -15387.697266
8643    -15387.707031
8644    -15387.716797
8645    -15387.726562
8646    -15387.736328
8647    -15387.746094
8648    -15387.754883
8649    -15387.765625
8650    -15387.775391
8651    -15387.785156
8652    -15387.794922
8653    -15387.804688
8654    -15387.816406
8655    -15387.826172
8656    -15387.835938
8657    -15387.845703
8658    -15387.856445
8659    -15387.867188
8660    -15387.876953
8661    -15387.887695
8662    -15387.898438
8663    -15387.908203
8664    -15387.918945
8665    -15387.929688
8666    -15387.939453
8667    -15387.951172
8668    -15387.960938
8669    -15387.971680
8670    -15387.982422
8671    -15387.993164
8672    -15388.003906
8673    -15388.014648
8674    -15388.025391
8675    -15388.035156
8676    -15388.046875
8677    -15388.058594
8678    -15388.069336
8679    -15388.080078
8680    -15388.089844
8681    -15388.101562
8682    -15388.112305
8683    -15388.123047
8684    -15388.134766
8685    -15388.145508
8686    -15388.156250
8687    -15388.167969
8688    -15388.179688
8689    -15388.189453
8690    -15388.201172
8691    -15388.212891
8692    -15388.223633
8693    -15388.234375
8694    -15388.246094
8695    -15388.257812
8696    -15388.268555
8697    -15388.279297
8698    -15388.291016
8699    -15388.301758
8700    -15388.313477
8701    -15388.324219
8702    -15388.335938
8703    -15388.346680
8704    -15388.358398
8705    -15388.369141
8706    -15388.380859
8707    -15388.391602
8708    -15388.402344
8709    -15388.414062
8710    -15388.425781
8711    -15388.436523
8712    -15388.448242
8713    -15388.458984
8714    -15388.469727
8715    -15388.480469
8716    -15388.492188
8717    -15388.503906
8718    -15388.513672
8719    -15388.525391
8720    -15388.537109
8721    -15388.546875
8722    -15388.558594
8723    -15388.569336
8724    -15388.581055
8725    -15388.591797
8726    -15388.602539
8727    -15388.613281
8728    -15388.624023
8729    -15388.634766
8730    -15388.645508
8731    -15388.656250
8732    -15388.666016
8733    -15388.675781
8734    -15388.685547
8735    -15388.695312
8736    -15388.705078
8737    -15388.716797
8738    -15388.725586
8739    -15388.736328
8740    -15388.746094
8741    -15388.755859
8742    -15388.765625
8743    -15388.775391
8744    -15388.785156
8745    -15388.794922
8746    -15388.804688
8747    -15388.814453
8748    -15388.824219
8749    -15388.833984
8750    -15388.843750
8751    -15388.853516
8752    -15388.863281
8753    -15388.872070
8754    -15388.881836
8755    -15388.891602
8756    -15388.900391
8757    -15388.910156
8758    -15388.919922
8759    -15388.928711
8760    -15388.937500
8761    -15388.947266
8762    -15388.957031
8763    -15388.965820
8764    -15388.974609
8765    -15388.984375
8766    -15388.993164
8767    -15389.001953
8768    -15389.011719
8769    -15389.020508
8770    -15389.029297
8771    -15389.038086
8772    -15389.046875
8773    -15389.056641
8774    -15389.065430
8775    -15389.074219
8776    -15389.083008
8777    -15389.091797
8778    -15389.099609
8779    -15389.109375
8780    -15389.118164
8781    -15389.126953
8782    -15389.134766
8783    -15389.144531
8784    -15389.152344
8785    -15389.162109
8786    -15389.169922
8787    -15389.177734
8788    -15389.187500
8789    -15389.195312
8790    -15389.204102
8791    -15389.212891
8792    -15389.220703
8793    -15389.228516
8794    -15389.237305
8795    -15389.246094
8796    -15389.254883
8797    -15389.262695
8798    -15389.271484
8799    -15389.279297
8800    -15389.287109
8801    -15389.295898
8802    -15389.304688
8803    -15389.312500
8804    -15389.320312
8805    -15389.328125
8806    -15389.336914
8807    -15389.343750
8808    -15389.351562
8809    -15389.360352
8810    -15389.369141
8811    -15389.376953
8812    -15389.384766
8813    -15389.392578
8814    -15389.401367
8815    -15389.408203
8816    -15389.416992
8817    -15389.424805
8818    -15389.432617
8819    -15389.441406
8820    -15389.449219
8821    -15389.457031
8822    -15389.464844
8823    -15389.472656
8824    -15389.480469
8825    -15389.487305
8826    -15389.496094
8827    -15389.503906
8828    -15389.511719
8829    -15389.519531
8830    -15389.527344
8831    -15389.536133
8832    -15389.543945
8833    -15389.550781
8834    -15389.558594
8835    -15389.567383
8836    -15389.574219
8837    -15389.582031
8838    -15389.589844
8839    -15389.597656
8840    -15389.605469
8841    -15389.614258
8842    -15389.621094
8843    -15389.628906
8844    -15389.636719
8845    -15389.645508
8846    -15389.652344
8847    -15389.660156
8848    -15389.667969
8849    -15389.675781
8850    -15389.684570
8851    -15389.692383
8852    -15389.699219
8853    -15389.708008
8854    -15389.715820
8855    -15389.724609
8856    -15389.731445
8857    -15389.739258
8858    -15389.748047
8859    -15389.755859
8860    -15389.763672
8861    -15389.771484
8862    -15389.778320
8863    -15389.787109
8864    -15389.794922
8865    -15389.802734
8866    -15389.810547
8867    -15389.818359
8868    -15389.827148
8869    -15389.835938
8870    -15389.842773
8871    -15389.851562
8872    -15389.859375
8873    -15389.867188
8874    -15389.875977
8875    -15389.882812
8876    -15389.890625
8877    -15389.900391
8878    -15389.908203
8879    -15389.916016
8880    -15389.923828
8881    -15389.932617
8882    -15389.941406
8883    -15389.950195
8884    -15389.957031
8885    -15389.965820
8886    -15389.975586
8887    -15389.983398
8888    -15389.992188
8889    -15390.000000
8890    -15390.008789
8891    -15390.017578
8892    -15390.026367
8893    -15390.034180
8894    -15390.042969
8895    -15390.050781
8896    -15390.060547
8897    -15390.068359
8898    -15390.077148
8899    -15390.085938
8900    -15390.095703
8901    -15390.103516
8902    -15390.113281
8903    -15390.122070
8904    -15390.130859
8905    -15390.140625
8906    -15390.148438
8907    -15390.157227
8908    -15390.166992
8909    -15390.176758
8910    -15390.185547
8911    -15390.194336
8912    -15390.204102
8913    -15390.212891
8914    -15390.222656
8915    -15390.231445
8916    -15390.240234
8917    -15390.250000
8918    -15390.259766
8919    -15390.269531
8920    -15390.279297
8921    -15390.289062
8922    -15390.298828
8923    -15390.308594
8924    -15390.318359
8925    -15390.328125
8926    -15390.337891
8927    -15390.347656
8928    -15390.357422
8929    -15390.367188
8930    -15390.377930
8931    -15390.388672
8932    -15390.398438
8933    -15390.408203
8934    -15390.419922
8935    -15390.427734
8936    -15390.439453
8937    -15390.449219
8938    -15390.460938
8939    -15390.470703
8940    -15390.482422
8941    -15390.492188
8942    -15390.501953
8943    -15390.513672
8944    -15390.524414
8945    -15390.535156
8946    -15390.546875
8947    -15390.557617
8948    -15390.569336
8949    -15390.580078
8950    -15390.589844
8951    -15390.601562
8952    -15390.613281
8953    -15390.625000
8954    -15390.636719
8955    -15390.648438
8956    -15390.659180
8957    -15390.669922
8958    -15390.681641
8959    -15390.694336
8960    -15390.706055
8961    -15390.716797
8962    -15390.729492
8963    -15390.741211
8964    -15390.753906
8965    -15390.765625
8966    -15390.777344
8967    -15390.790039
8968    -15390.801758
8969    -15390.814453
8970    -15390.827148
8971    -15390.839844
8972    -15390.851562
8973    -15390.863281
8974    -15390.875000
8975    -15390.887695
8976    -15390.900391
8977    -15390.912109
8978    -15390.924805
8979    -15390.935547
8980    -15390.948242
8981    -15390.960938
8982    -15390.972656
8983    -15390.986328
8984    -15390.998047
8985    -15391.010742
8986    -15391.023438
8987    -15391.036133
8988    -15391.048828
8989    -15391.061523
8990    -15391.075195
8991    -15391.087891
8992    -15391.101562
8993    -15391.114258
8994    -15391.126953
8995    -15391.140625
8996    -15391.154297
8997    -15391.167969
8998    -15391.180664
8999    -15391.194336
9000    -15391.207031
9001    -15391.220703
9002    -15391.234375
9003    -15391.249023
9004    -15391.261719
9005    -15391.276367
9006    -15391.289062
9007    -15391.302734
9008    -15391.317383
9009    -15391.332031
9010    -15391.344727
9011    -15391.359375
9012    -15391.373047
9013    -15391.387695
9014    -15391.402344
9015    -15391.416016
9016    -15391.429688
9017    -15391.443359
9018    -15391.458984
9019    -15391.472656
9020    -15391.487305
9021    -15391.501953
9022    -15391.515625
9023    -15391.530273
9024    -15391.544922
9025    -15391.558594
9026    -15391.574219
9027    -15391.588867
9028    -15391.603516
9029    -15391.618164
9030    -15391.632812
9031    -15391.646484
9032    -15391.662109
9033    -15391.677734
9034    -15391.691406
9035    -15391.706055
9036    -15391.720703
9037    -15391.736328
9038    -15391.750977
9039    -15391.764648
9040    -15391.779297
9041    -15391.794922
9042    -15391.809570
9043    -15391.824219
9044    -15391.838867
9045    -15391.853516
9046    -15391.869141
9047    -15391.882812
9048    -15391.899414
9049    -15391.914062
9050    -15391.927734
9051    -15391.943359
9052    -15391.958984
9053    -15391.973633
9054    -15391.987305
9055    -15392.002930
9056    -15392.017578
9057    -15392.032227
9058    -15392.046875
9059    -15392.062500
9060    -15392.076172
9061    -15392.090820
9062    -15392.106445
9063    -15392.121094
9064    -15392.134766
9065    -15392.150391
9066    -15392.165039
9067    -15392.178711
9068    -15392.193359
9069    -15392.208008
9070    -15392.222656
9071    -15392.238281
9072    -15392.251953
9073    -15392.267578
9074    -15392.281250
9075    -15392.295898
9076    -15392.309570
9077    -15392.324219
9078    -15392.338867
9079    -15392.353516
9080    -15392.367188
9081    -15392.381836
9082    -15392.396484
9083    -15392.410156
9084    -15392.425781
9085    -15392.437500
9086    -15392.452148
9087    -15392.466797
9088    -15392.480469
9089    -15392.494141
9090    -15392.508789
9091    -15392.522461
9092    -15392.537109
9093    -15392.550781
9094    -15392.563477
9095    -15392.578125
9096    -15392.591797
9097    -15392.604492
9098    -15392.618164
9099    -15392.632812
9100    -15392.646484
9101    -15392.660156
9102    -15392.673828
9103    -15392.685547
9104    -15392.699219
9105    -15392.712891
9106    -15392.726562
9107    -15392.740234
9108    -15392.752930
9109    -15392.765625
9110    -15392.779297
9111    -15392.791992
9112    -15392.804688
9113    -15392.818359
9114    -15392.830078
9115    -15392.843750
9116    -15392.856445
9117    -15392.869141
9118    -15392.881836
9119    -15392.894531
9120    -15392.907227
9121    -15392.918945
9122    -15392.931641
9123    -15392.944336
9124    -15392.957031
9125    -15392.969727
9126    -15392.981445
9127    -15392.994141
9128    -15393.005859
9129    -15393.018555
9130    -15393.030273
9131    -15393.041016
9132    -15393.053711
9133    -15393.066406
9134    -15393.078125
9135    -15393.089844
9136    -15393.101562
9137    -15393.113281
9138    -15393.125000
9139    -15393.137695
9140    -15393.148438
9141    -15393.160156
9142    -15393.171875
9143    -15393.183594
9144    -15393.194336
9145    -15393.205078
9146    -15393.217773
9147    -15393.228516
9148    -15393.240234
9149    -15393.250977
9150    -15393.262695
9151    -15393.273438
9152    -15393.284180
9153    -15393.294922
9154    -15393.306641
9155    -15393.316406
9156    -15393.328125
9157    -15393.338867
9158    -15393.349609
9159    -15393.359375
9160    -15393.371094
9161    -15393.381836
9162    -15393.392578
9163    -15393.402344
9164    -15393.414062
9165    -15393.423828
9166    -15393.434570
9167    -15393.445312
9168    -15393.455078
9169    -15393.464844
9170    -15393.475586
9171    -15393.486328
9172    -15393.496094
9173    -15393.505859
9174    -15393.516602
9175    -15393.526367
9176    -15393.537109
9177    -15393.546875
9178    -15393.556641
9179    -15393.566406
9180    -15393.576172
9181    -15393.585938
9182    -15393.595703
9183    -15393.605469
9184    -15393.615234
9185    -15393.625000
9186    -15393.635742
9187    -15393.644531
9188    -15393.653320
9189    -15393.664062
9190    -15393.673828
9191    -15393.682617
9192    -15393.692383
9193    -15393.701172
9194    -15393.710938
9195    -15393.721680
9196    -15393.730469
9197    -15393.740234
9198    -15393.748047
9199    -15393.757812
9200    -15393.767578
9201    -15393.776367
9202    -15393.786133
9203    -15393.795898
9204    -15393.803711
9205    -15393.813477
9206    -15393.822266
9207    -15393.832031
9208    -15393.840820
9209    -15393.849609
9210    -15393.859375
9211    -15393.867188
9212    -15393.875000
9213    -15393.882812
9214    -15393.890625
9215    -15393.898438
9216    -15393.907227
9217    -15393.916016
9218    -15393.922852
9219    -15393.931641
9220    -15393.940430
9221    -15393.947266
9222    -15393.957031
9223    -15393.962891
9224    -15393.971680
9225    -15393.980469
9226    -15393.987305
9227    -15393.996094
9228    -15394.003906
9229    -15394.011719
9230    -15394.019531
9231    -15394.027344
9232    -15394.035156
9233    -15394.042969
9234    -15394.051758
9235    -15394.058594
9236    -15394.067383
9237    -15394.075195
9238    -15394.083008
9239    -15394.090820
9240    -15394.099609
9241    -15394.107422
9242    -15394.115234
9243    -15394.123047
9244    -15394.130859
9245    -15394.138672
9246    -15394.146484
9247    -15394.154297
9248    -15394.162109
9249    -15394.169922
9250    -15394.177734
9251    -15394.185547
9252    -15394.194336
9253    -15394.202148
9254    -15394.209961
9255    -15394.217773
9256    -15394.226562
9257    -15394.234375
9258    -15394.242188
9259    -15394.250000
9260    -15394.257812
9261    -15394.265625
9262    -15394.274414
9263    -15394.282227
9264    -15394.291016
9265    -15394.298828
9266    -15394.306641
9267    -15394.315430
9268    -15394.324219
9269    -15394.332031
9270    -15394.339844
9271    -15394.348633
9272    -15394.355469
9273    -15394.365234
9274    -15394.373047
9275    -15394.381836
9276    -15394.390625
9277    -15394.398438
9278    -15394.408203
9279    -15394.416016
9280    -15394.424805
9281    -15394.433594
9282    -15394.441406
9283    -15394.451172
9284    -15394.458984
9285    -15394.468750
9286    -15394.476562
9287    -15394.486328
9288    -15394.495117
9289    -15394.502930
9290    -15394.513672
9291    -15394.521484
9292    -15394.530273
9293    -15394.540039
9294    -15394.548828
9295    -15394.558594
9296    -15394.568359
9297    -15394.576172
9298    -15394.586914
9299    -15394.596680
9300    -15394.605469
9301    -15394.615234
9302    -15394.625000
9303    -15394.634766
9304    -15394.644531
9305    -15394.654297
9306    -15394.664062
9307    -15394.673828
9308    -15394.683594
9309    -15394.694336
9310    -15394.703125
9311    -15394.714844
9312    -15394.725586
9313    -15394.734375
9314    -15394.744141
9315    -15394.755859
9316    -15394.766602
9317    -15394.777344
9318    -15394.788086
9319    -15394.798828
9320    -15394.809570
9321    -15394.821289
9322    -15394.832031
9323    -15394.842773
9324    -15394.853516
9325    -15394.865234
9326    -15394.876953
9327    -15394.887695
9328    -15394.898438
9329    -15394.911133
9330    -15394.921875
9331    -15394.933594
9332    -15394.946289
9333    -15394.958008
9334    -15394.969727
9335    -15394.982422
9336    -15394.994141
9337    -15395.007812
9338    -15395.019531
9339    -15395.031250
9340    -15395.043945
9341    -15395.056641
9342    -15395.069336
9343    -15395.082031
9344    -15395.094727
9345    -15395.107422
9346    -15395.120117
9347    -15395.132812
9348    -15395.146484
9349    -15395.160156
9350    -15395.173828
9351    -15395.186523
9352    -15395.201172
9353    -15395.213867
9354    -15395.227539
9355    -15395.242188
9356    -15395.255859
9357    -15395.269531
9358    -15395.283203
9359    -15395.296875
9360    -15395.310547
9361    -15395.325195
9362    -15395.338867
9363    -15395.354492
9364    -15395.368164
9365    -15395.382812
9366    -15395.398438
9367    -15395.412109
9368    -15395.426758
9369    -15395.441406
9370    -15395.456055
9371    -15395.470703
9372    -15395.485352
9373    -15395.500000
9374    -15395.515625
9375    -15395.530273
9376    -15395.544922
9377    -15395.560547
9378    -15395.575195
9379    -15395.589844
9380    -15395.605469
9381    -15395.621094
9382    -15395.635742
9383    -15395.651367
9384    -15395.666016
9385    -15395.681641
9386    -15395.697266
9387    -15395.712891
9388    -15395.727539
9389    -15395.743164
9390    -15395.759766
9391    -15395.774414
9392    -15395.789062
9393    -15395.804688
9394    -15395.820312
9395    -15395.835938
9396    -15395.850586
9397    -15395.866211
9398    -15395.881836
9399    -15395.896484
9400    -15395.912109
9401    -15395.926758
9402    -15395.942383
9403    -15395.957031
9404    -15395.972656
9405    -15395.988281
9406    -15396.003906
9407    -15396.017578
9408    -15396.033203
9409    -15396.047852
9410    -15396.063477
9411    -15396.078125
9412    -15396.092773
9413    -15396.107422
9414    -15396.122070
9415    -15396.136719
9416    -15396.152344
9417    -15396.166016
9418    -15396.180664
9419    -15396.195312
9420    -15396.209961
9421    -15396.224609
9422    -15396.238281
9423    -15396.251953
9424    -15396.266602
9425    -15396.280273
9426    -15396.294922
9427    -15396.308594
9428    -15396.322266
9429    -15396.335938
9430    -15396.349609
9431    -15396.363281
9432    -15396.376953
9433    -15396.390625
9434    -15396.402344
9435    -15396.416016
9436    -15396.429688
9437    -15396.442383
9438    -15396.456055
9439    -15396.467773
9440    -15396.480469
9441    -15396.492188
9442    -15396.503906
9443    -15396.515625
9444    -15396.527344
9445    -15396.539062
9446    -15396.550781
9447    -15396.562500
9448    -15396.573242
9449    -15396.583984
9450    -15396.595703
9451    -15396.607422
9452    -15396.618164
9453    -15396.628906
9454    -15396.640625
9455    -15396.650391
9456    -15396.661133
9457    -15396.671875
9458    -15396.683594
9459    -15396.693359
9460    -15396.703125
9461    -15396.712891
9462    -15396.723633
9463    -15396.734375
9464    -15396.744141
9465    -15396.753906
9466    -15396.763672
9467    -15396.773438
9468    -15396.783203
9469    -15396.792969
9470    -15396.802734
9471    -15396.812500
9472    -15396.821289
9473    -15396.831055
9474    -15396.839844
9475    -15396.849609
9476    -15396.857422
9477    -15396.867188
9478    -15396.875000
9479    -15396.882812
9480    -15396.890625
9481    -15396.896484
9482    -15396.905273
9483    -15396.912109
9484    -15396.917969
9485    -15396.925781
9486    -15396.933594
9487    -15396.940430
9488    -15396.947266
9489    -15396.954102
9490    -15396.960938
9491    -15396.966797
9492    -15396.973633
9493    -15396.980469
9494    -15396.986328
9495    -15396.993164
9496    -15396.999023
9497    -15397.005859
9498    -15397.011719
9499    -15397.019531
9500    -15397.025391
9501    -15397.031250
9502    -15397.037109
9503    -15397.042969
9504    -15397.048828
9505    -15397.054688
9506    -15397.060547
9507    -15397.065430
9508    -15397.071289
9509    -15397.076172
9510    -15397.083008
9511    -15397.087891
9512    -15397.093750
9513    -15397.099609
9514    -15397.104492
9515    -15397.109375
9516    -15397.115234
9517    -15397.119141
9518    -15397.125000
9519    -15397.130859
9520    -15397.136719
9521    -15397.140625
9522    -15397.144531
9523    -15397.150391
9524    -15397.156250
9525    -15397.160156
9526    -15397.165039
9527    -15397.169922
9528    -15397.173828
9529    -15397.178711
9530    -15397.183594
9531    -15397.188477
9532    -15397.192383
9533    -15397.197266
9534    -15397.201172
9535    -15397.206055
9536    -15397.209961
9537    -15397.214844
9538    -15397.218750
9539    -15397.223633
9540    -15397.227539
9541    -15397.231445
9542    -15397.235352
9543    -15397.240234
9544    -15397.244141
9545    -15397.248047
9546    -15397.251953
9547    -15397.255859
9548    -15397.259766
9549    -15397.263672
9550    -15397.267578
9551    -15397.271484
9552    -15397.275391
9553    -15397.279297
9554    -15397.283203
9555    -15397.286133
9556    -15397.290039
9557    -15397.292969
9558    -15397.297852
9559    -15397.300781
9560    -15397.304688
9561    -15397.308594
9562    -15397.311523
9563    -15397.314453
9564    -15397.318359
9565    -15397.322266
9566    -15397.326172
9567    -15397.329102
9568    -15397.332031
9569    -15397.335938
9570    -15397.338867
9571    -15397.341797
9572    -15397.345703
9573    -15397.347656
9574    -15397.351562
9575    -15397.355469
9576    -15397.358398
9577    -15397.361328
9578    -15397.364258
9579    -15397.367188
9580    -15397.371094
9581    -15397.373047
9582    -15397.376953
9583    -15397.378906
9584    -15397.381836
9585    -15397.384766
9586    -15397.387695
9587    -15397.390625
9588    -15397.394531
9589    -15397.397461
9590    -15397.400391
9591    -15397.402344
9592    -15397.405273
9593    -15397.408203
9594    -15397.410156
9595    -15397.414062
9596    -15397.416016
9597    -15397.418945
9598    -15397.421875
9599    -15397.423828
9600    -15397.426758
9601    -15397.429688
9602    -15397.431641
9603    -15397.433594
9604    -15397.437500
9605    -15397.439453
9606    -15397.442383
9607    -15397.444336
9608    -15397.447266
9609    -15397.450195
9610    -15397.452148
9611    -15397.454102
9612    -15397.457031
9613    -15397.458984
9614    -15397.459961
9615    -15397.459961
9616    -15397.459961
9617    -15397.460938
9618    -15397.460938
9619    -15397.460938
9620    -15397.461914
9621    -15397.461914
9622    -15397.461914
9623    -15397.462891
9624    -15397.462891
9625    -15397.462891
9626    -15397.462891
9627    -15397.463867
9628    -15397.464844
9629    -15397.464844
9630    -15397.464844
9631    -15397.464844
9632    -15397.465820
9633    -15397.464844
9634    -15397.464844
9635    -15397.466797
9636    -15397.466797
9637    -15397.466797
9638    -15397.466797
9639    -15397.466797
9640    -15397.467773
9641    -15397.468750
9642    -15397.468750
9643    -15397.468750
9644    -15397.468750
9645    -15397.468750
9646    -15397.469727
9647    -15397.469727
9648    -15397.470703
9649    -15397.470703
9650    -15397.470703
9651    -15397.470703
9652    -15397.471680
9653    -15397.471680
9654    -15397.472656
9655    -15397.472656
9656    -15397.472656
9657    -15397.472656
9658    -15397.473633
9659    -15397.472656
9660    -15397.474609
9661    -15397.474609
9662    -15397.473633
9663    -15397.474609
9664    -15397.474609
9665    -15397.474609
9666    -15397.474609
9667    -15397.475586
9668    -15397.475586
9669    -15397.476562
9670    -15397.475586
9671    -15397.476562
9672    -15397.476562
9673    -15397.477539
9674    -15397.476562
9675    -15397.478516
9676    -15397.478516
9677    -15397.477539
9678    -15397.478516
9679    -15397.478516
9680    -15397.478516
9681    -15397.478516
9682    -15397.478516
9683    -15397.479492
9684    -15397.478516
9685    -15397.479492
9686    -15397.480469
