Step            Loss
--------------------
1       -3649.605469
2       -7087.708984
3       -10525.415039
4       -13959.445312
5       -17395.287109
6       -20829.781250
7       -24263.248047
8       -27702.173828
9       -31134.814453
10      -34574.617188
11      -38011.343750
12      -41449.296875
13      -44888.558594
14      -48327.550781
15      -51773.042969
16      -55205.703125
17      -58655.324219
18      -62090.468750
19      -65538.750000
20      -68981.695312
21      -72432.921875
22      -75883.867188
23      -79334.687500
24      -82788.890625
25      -86244.406250
26      -89700.828125
27      -93160.359375
28      -96623.296875
29      -100092.179688
30      -103558.109375
31      -107026.750000
32      -110504.453125
33      -113980.296875
34      -117461.593750
35      -120946.921875
36      -124434.453125
37      -127924.289062
38      -131419.312500
39      -134920.421875
40      -138426.687500
41      -141929.250000
42      -145442.812500
43      -148962.562500
44      -152479.828125
45      -156011.750000
46      -159538.843750
47      -163076.171875
48      -166619.640625
49      -170166.593750
50      -173713.781250
51      -177277.031250
52      -180835.250000
53      -184407.468750
54      -187981.031250
55      -191562.093750
56      -195150.562500
57      -198743.593750
58      -202342.812500
59      -205945.546875
60      -209555.968750
61      -213177.250000
62      -216794.937500
63      -220430.140625
64      -224072.968750
65      -227710.031250
66      -231365.125000
67      -235021.765625
68      -238686.250000
69      -242357.843750
70      -246037.968750
71      -249720.656250
72      -253414.906250
73      -257118.515625
74      -260826.015625
75      -264537.500000
76      -268259.843750
77      -271989.625000
78      -275728.187500
79      -279467.500000
80      -283222.750000
81      -286981.750000
82      -290748.500000
83      -294523.187500
84      -298304.843750
85      -302095.000000
86      -305892.062500
87      -309699.406250
88      -313511.250000
89      -317333.343750
90      -321158.312500
91      -324991.250000
92      -328837.968750
93      -332685.968750
94      -336550.343750
95      -340413.250000
96      -344288.968750
97      -348170.781250
98      -352057.687500
99      -355956.750000
100     -359860.062500
101     -363768.375000
102     -367695.875000
103     -371618.437500
104     -375554.718750
105     -379498.000000
106     -383445.000000
107     -387406.750000
108     -391369.375000
109     -395345.312500
110     -399327.375000
111     -403310.093750
112     -407305.062500
113     -411304.062500
114     -415319.000000
115     -419331.125000
116     -423352.437500
117     -427385.187500
118     -431422.937500
119     -435466.968750
120     -439518.125000
121     -443574.125000
122     -447638.437500
123     -451710.843750
124     -455787.312500
125     -459877.093750
126     -463969.250000
127     -468063.906250
128     -472170.812500
129     -476278.875000
130     -480392.625000
131     -484516.312500
132     -488649.437500
133     -492776.031250
134     -496917.625000
135     -501063.437500
136     -505216.562500
137     -509374.875000
138     -513537.875000
139     -517707.468750
140     -521884.312500
141     -526064.125000
142     -530247.000000
143     -534436.937500
144     -538629.312500
145     -542827.875000
146     -547032.750000
147     -551246.125000
148     -555458.812500
149     -559673.187500
150     -563899.500000
151     -568130.500000
152     -572359.375000
153     -576595.250000
154     -580829.750000
155     -585076.000000
156     -589325.375000
157     -593568.250000
158     -597828.250000
159     -602079.750000
160     -606344.562500
161     -610608.625000
162     -614871.750000
163     -619143.500000
164     -623414.875000
165     -627692.500000
166     -631973.937500
167     -636253.437500
168     -640533.625000
169     -644818.250000
170     -649104.187500
171     -653401.000000
172     -657688.000000
173     -661975.750000
174     -666271.937500
175     -670568.875000
176     -674864.437500
177     -679167.000000
178     -683471.750000
179     -687766.375000
180     -692071.125000
181     -696374.312500
182     -700673.312500
183     -704976.250000
184     -709276.000000
185     -713582.000000
186     -717890.750000
187     -722195.500000
188     -726495.375000
189     -730799.875000
190     -735101.687500
191     -739405.250000
192     -743708.125000
193     -748010.437500
194     -752310.187500
195     -756605.500000
196     -760907.250000
197     -765203.250000
198     -769502.750000
199     -773801.437500
200     -778085.625000
201     -782378.562500
202     -786674.125000
203     -790952.750000
204     -795244.250000
205     -799522.375000
206     -803805.812500
207     -808080.625000
208     -812360.250000
209     -816627.875000
210     -820906.062500
211     -825167.687500
212     -829430.750000
213     -833688.125000
214     -837944.500000
215     -842205.125000
216     -846456.750000
217     -850699.250000
218     -854942.625000
219     -859175.437500
220     -863414.625000
221     -867646.875000
222     -871872.375000
223     -876091.187500
224     -880306.375000
225     -884521.562500
226     -888732.437500
227     -892929.937500
228     -897129.312500
229     -901323.187500
230     -905510.375000
231     -909698.125000
232     -913870.250000
233     -918049.125000
234     -922208.875000
235     -926371.875000
236     -930528.750000
237     -934672.500000
238     -938817.500000
239     -942951.875000
240     -947086.937500
241     -951213.125000
242     -955331.250000
243     -959444.000000
244     -963548.375000
245     -967644.250000
246     -971736.000000
247     -975821.812500
248     -979904.250000
249     -983976.125000
250     -988037.437500
251     -992092.250000
252     -996138.125000
253     -1000180.500000
254     -1004212.312500
255     -1008238.125000
256     -1012252.000000
257     -1016262.937500
258     -1020267.187500
259     -1024263.000000
260     -1028241.250000
261     -1032218.625000
262     -1036188.437500
263     -1040156.125000
264     -1044104.375000
265     -1048051.875000
266     -1051977.875000
267     -1055911.375000
268     -1059824.250000
269     -1063736.500000
270     -1067636.000000
271     -1071533.250000
272     -1075407.750000
273     -1079287.000000
274     -1083150.750000
275     -1087001.000000
276     -1090845.250000
277     -1094680.250000
278     -1098510.375000
279     -1102324.250000
280     -1106133.875000
281     -1109925.500000
282     -1113713.375000
283     -1117494.125000
284     -1121260.625000
285     -1125024.500000
286     -1128765.750000
287     -1132503.875000
288     -1136235.250000
289     -1139946.000000
290     -1143662.750000
291     -1147358.000000
292     -1151044.250000
293     -1154720.250000
294     -1158392.000000
295     -1162040.625000
296     -1165686.000000
297     -1169320.000000
298     -1172944.250000
299     -1176560.500000
300     -1180158.250000
301     -1183744.250000
302     -1187324.750000
303     -1190892.250000
304     -1194448.500000
305     -1197991.625000
306     -1201523.500000
307     -1205039.750000
308     -1208552.750000
309     -1212046.500000
310     -1215537.500000
311     -1219012.500000
312     -1222480.000000
313     -1225932.500000
314     -1229371.250000
315     -1232805.250000
316     -1236222.250000
317     -1239634.250000
318     -1243024.625000
319     -1246410.125000
320     -1249782.750000
321     -1253144.500000
322     -1256496.500000
323     -1259831.000000
324     -1263157.750000
325     -1266465.875000
326     -1269769.500000
327     -1273061.375000
328     -1276338.750000
329     -1279604.750000
330     -1282865.000000
331     -1286107.250000
332     -1289334.875000
333     -1292561.500000
334     -1295762.625000
335     -1298952.125000
336     -1302134.500000
337     -1305308.750000
338     -1308466.500000
339     -1311612.250000
340     -1314748.250000
341     -1317868.000000
342     -1320974.000000
343     -1324067.500000
344     -1327148.250000
345     -1330217.375000
346     -1333272.500000
347     -1336312.500000
348     -1339346.000000
349     -1342364.750000
350     -1345365.750000
351     -1348359.875000
352     -1351347.500000
353     -1354313.875000
354     -1357265.500000
355     -1360211.625000
356     -1363138.250000
357     -1366063.750000
358     -1368972.000000
359     -1371854.750000
360     -1374730.000000
361     -1377604.000000
362     -1380455.125000
363     -1383298.000000
364     -1386124.125000
365     -1388942.500000
366     -1391737.000000
367     -1394534.125000
368     -1397313.125000
369     -1400073.125000
370     -1402825.500000
371     -1405565.750000
372     -1408290.375000
373     -1411000.500000
374     -1413700.500000
375     -1416395.375000
376     -1419064.625000
377     -1421732.375000
378     -1424380.375000
379     -1427011.500000
380     -1429638.375000
381     -1432243.375000
382     -1434845.750000
383     -1437426.000000
384     -1440001.000000
385     -1442563.000000
386     -1445111.375000
387     -1447644.750000
388     -1450164.500000
389     -1452673.500000
390     -1455167.000000
391     -1457659.000000
392     -1460127.750000
393     -1462585.375000
394     -1465033.125000
395     -1467462.250000
396     -1469886.500000
397     -1472293.750000
398     -1474694.750000
399     -1477071.250000
400     -1479440.375000
401     -1481797.750000
402     -1484143.250000
403     -1486476.000000
404     -1488793.500000
405     -1491101.875000
406     -1493385.750000
407     -1495672.750000
408     -1497940.875000
409     -1500195.625000
410     -1502445.250000
411     -1504676.000000
412     -1506894.875000
413     -1509102.750000
414     -1511297.375000
415     -1513479.000000
416     -1515643.750000
417     -1517803.000000
418     -1519946.750000
419     -1522072.250000
420     -1524191.250000
421     -1526296.750000
422     -1528392.000000
423     -1530474.000000
424     -1532544.625000
425     -1534599.125000
426     -1536637.750000
427     -1538669.000000
428     -1540685.750000
429     -1542683.750000
430     -1544680.000000
431     -1546661.750000
432     -1548631.000000
433     -1550590.875000
434     -1552530.875000
435     -1554459.625000
436     -1556380.250000
437     -1558286.500000
438     -1560180.375000
439     -1562058.750000
440     -1563930.750000
441     -1565790.875000
442     -1567634.250000
443     -1569468.625000
444     -1571288.375000
445     -1573097.000000
446     -1574893.750000
447     -1576681.750000
448     -1578453.000000
449     -1580215.500000
450     -1581966.000000
451     -1583709.875000
452     -1585439.500000
453     -1587154.250000
454     -1588854.375000
455     -1590555.750000
456     -1592235.875000
457     -1593912.750000
458     -1595578.250000
459     -1597225.250000
460     -1598859.750000
461     -1600486.750000
462     -1602100.250000
463     -1603701.000000
464     -1605294.750000
465     -1606870.750000
466     -1608444.750000
467     -1609999.375000
468     -1611545.000000
469     -1613082.750000
470     -1614605.875000
471     -1616121.500000
472     -1617629.125000
473     -1619126.000000
474     -1620612.625000
475     -1622087.250000
476     -1623545.125000
477     -1625001.500000
478     -1626444.750000
479     -1627876.125000
480     -1629300.625000
481     -1630703.750000
482     -1632109.875000
483     -1633502.125000
484     -1634876.250000
485     -1636248.750000
486     -1637607.875000
487     -1638959.875000
488     -1640296.500000
489     -1641622.250000
490     -1642943.000000
491     -1644251.875000
492     -1645546.750000
493     -1646837.500000
494     -1648114.875000
495     -1649383.500000
496     -1650644.875000
497     -1651892.500000
498     -1653139.625000
499     -1654363.750000
500     -1655585.000000
501     -1656792.750000
502     -1657993.750000
503     -1659186.500000
504     -1660370.250000
505     -1661543.125000
506     -1662703.625000
507     -1663859.000000
508     -1665004.500000
509     -1666140.000000
510     -1667265.750000
511     -1668383.500000
512     -1669493.500000
513     -1670594.625000
514     -1671684.500000
515     -1672766.375000
516     -1673835.875000
517     -1674902.125000
518     -1675955.250000
519     -1677007.375000
520     -1678044.875000
521     -1679076.000000
522     -1680101.750000
523     -1681115.000000
524     -1682120.750000
525     -1683117.750000
526     -1684107.375000
527     -1685092.250000
528     -1686060.375000
529     -1687027.375000
530     -1687982.500000
531     -1688930.750000
532     -1689869.000000
533     -1690804.250000
534     -1691722.125000
535     -1692639.500000
536     -1693546.750000
537     -1694446.625000
538     -1695333.875000
539     -1696216.250000
540     -1697090.250000
541     -1697963.375000
542     -1698821.375000
543     -1699676.250000
544     -1700523.000000
545     -1701360.500000
546     -1702191.750000
547     -1703018.500000
548     -1703839.125000
549     -1704647.750000
550     -1705453.250000
551     -1706247.250000
552     -1707042.750000
553     -1707821.250000
554     -1708597.250000
555     -1709365.500000
556     -1710126.625000
557     -1710881.750000
558     -1711625.625000
559     -1712368.625000
560     -1713101.000000
561     -1713828.000000
562     -1714541.000000
563     -1715259.875000
564     -1715963.125000
565     -1716664.875000
566     -1717359.125000
567     -1718047.000000
568     -1718732.750000
569     -1719408.875000
570     -1720077.375000
571     -1720745.000000
572     -1721402.250000
573     -1722054.750000
574     -1722701.250000
575     -1723345.500000
576     -1723976.875000
577     -1724610.000000
578     -1725233.875000
579     -1725847.125000
580     -1726465.875000
581     -1727072.750000
582     -1727671.250000
583     -1728266.750000
584     -1728863.250000
585     -1729439.250000
586     -1730020.250000
587     -1730594.750000
588     -1731162.375000
589     -1731728.000000
590     -1732285.125000
591     -1732837.250000
592     -1733384.750000
593     -1733924.000000
594     -1734467.250000
595     -1735000.000000
596     -1735526.625000
597     -1736049.875000
598     -1736573.000000
599     -1737083.000000
600     -1737593.625000
601     -1738097.250000
602     -1738597.000000
603     -1739089.000000
604     -1739581.250000
605     -1740063.750000
606     -1740546.375000
607     -1741024.000000
608     -1741495.375000
609     -1741965.250000
610     -1742426.125000
611     -1742892.000000
612     -1743343.250000
613     -1743797.250000
614     -1744240.000000
615     -1744685.125000
616     -1745123.750000
617     -1745553.500000
618     -1745986.500000
619     -1746409.000000
620     -1746831.000000
621     -1747247.750000
622     -1747659.250000
623     -1748070.500000
624     -1748473.375000
625     -1748874.875000
626     -1749272.250000
627     -1749663.750000
628     -1750051.750000
629     -1750436.500000
630     -1750816.625000
631     -1751196.125000
632     -1751569.750000
633     -1751943.000000
634     -1752311.250000
635     -1752675.250000
636     -1753035.750000
637     -1753392.625000
638     -1753745.500000
639     -1754097.000000
640     -1754442.875000
641     -1754784.875000
642     -1755123.875000
643     -1755460.500000
644     -1755793.750000
645     -1756121.000000
646     -1756448.000000
647     -1756774.375000
648     -1757092.250000
649     -1757411.625000
650     -1757726.375000
651     -1758041.250000
652     -1758348.500000
653     -1758657.500000
654     -1758959.375000
655     -1759257.250000
656     -1759555.250000
657     -1759850.000000
658     -1760143.750000
659     -1760431.500000
660     -1760718.750000
661     -1761001.500000
662     -1761281.750000
663     -1761557.625000
664     -1761834.500000
665     -1762106.125000
666     -1762376.375000
667     -1762643.250000
668     -1762908.625000
669     -1763172.000000
670     -1763434.500000
671     -1763692.000000
672     -1763946.250000
673     -1764203.625000
674     -1764456.000000
675     -1764706.250000
676     -1764955.500000
677     -1765199.250000
678     -1765446.625000
679     -1765687.500000
680     -1765928.000000
681     -1766168.125000
682     -1766404.000000
683     -1766639.000000
684     -1766873.375000
685     -1767105.375000
686     -1767335.750000
687     -1767561.750000
688     -1767788.250000
689     -1768013.625000
690     -1768235.500000
691     -1768455.375000
692     -1768675.000000
693     -1768893.375000
694     -1769109.500000
695     -1769323.375000
696     -1769537.625000
697     -1769748.875000
698     -1769958.250000
699     -1770167.000000
700     -1770373.000000
701     -1770579.500000
702     -1770780.375000
703     -1770983.750000
704     -1771183.500000
705     -1771381.750000
706     -1771581.250000
707     -1771775.750000
708     -1771971.000000
709     -1772164.500000
710     -1772357.125000
711     -1772547.500000
712     -1772736.000000
713     -1772923.875000
714     -1773110.500000
715     -1773297.875000
716     -1773482.500000
717     -1773663.500000
718     -1773846.500000
719     -1774027.750000
720     -1774205.625000
721     -1774384.875000
722     -1774560.375000
723     -1774737.000000
724     -1774910.125000
725     -1775085.000000
726     -1775254.750000
727     -1775425.500000
728     -1775592.375000
729     -1775761.125000
730     -1775928.125000
731     -1776092.125000
732     -1776259.125000
733     -1776419.500000
734     -1776582.750000
735     -1776742.750000
736     -1776901.375000
737     -1777059.750000
738     -1777217.000000
739     -1777372.000000
740     -1777526.875000
741     -1777679.375000
742     -1777833.750000
743     -1777984.250000
744     -1778133.500000
745     -1778283.000000
746     -1778430.250000
747     -1778576.750000
748     -1778721.250000
749     -1778868.875000
750     -1779012.000000
751     -1779156.000000
752     -1779298.125000
753     -1779439.375000
754     -1779580.250000
755     -1779720.125000
756     -1779859.375000
757     -1779996.625000
758     -1780132.750000
759     -1780268.375000
760     -1780402.000000
761     -1780538.625000
762     -1780669.500000
763     -1780803.000000
764     -1780933.250000
765     -1781063.750000
766     -1781194.625000
767     -1781323.625000
768     -1781451.000000
769     -1781577.500000
770     -1781704.000000
771     -1781830.250000
772     -1781955.500000
773     -1782079.500000
774     -1782203.500000
775     -1782326.750000
776     -1782446.750000
777     -1782568.250000
778     -1782687.250000
779     -1782806.750000
780     -1782925.000000
781     -1783044.250000
782     -1783159.750000
783     -1783276.000000
784     -1783391.500000
785     -1783506.125000
786     -1783619.750000
787     -1783733.000000
788     -1783845.375000
789     -1783957.125000
790     -1784069.375000
791     -1784179.500000
792     -1784290.250000
793     -1784398.750000
794     -1784508.750000
795     -1784615.750000
796     -1784724.500000
797     -1784830.250000
798     -1784938.000000
799     -1785041.750000
800     -1785146.375000
801     -1785250.500000
802     -1785354.500000
803     -1785457.000000
804     -1785558.750000
805     -1785660.375000
806     -1785761.250000
807     -1785862.000000
808     -1785962.000000
809     -1786062.250000
810     -1786160.750000
811     -1786258.750000
812     -1786357.000000
813     -1786454.250000
814     -1786551.500000
815     -1786648.125000
816     -1786743.375000
817     -1786838.250000
818     -1786934.125000
819     -1787028.625000
820     -1787121.750000
821     -1787217.500000
822     -1787309.250000
823     -1787401.000000
824     -1787493.625000
825     -1787583.625000
826     -1787675.875000
827     -1787766.000000
828     -1787854.875000
829     -1787945.000000
830     -1788033.625000
831     -1788122.000000
832     -1788209.750000
833     -1788298.000000
834     -1788385.000000
835     -1788471.750000
836     -1788557.125000
837     -1788643.250000
838     -1788730.000000
839     -1788814.125000
840     -1788899.000000
841     -1788982.375000
842     -1789066.875000
843     -1789150.000000
844     -1789234.625000
845     -1789316.500000
846     -1789399.625000
847     -1789481.250000
848     -1789562.500000
849     -1789643.750000
850     -1789724.125000
851     -1789806.125000
852     -1789885.000000
853     -1789964.750000
854     -1790043.500000
855     -1790123.250000
856     -1790201.375000
857     -1790280.000000
858     -1790356.000000
859     -1790433.750000
860     -1790511.000000
861     -1790588.000000
862     -1790665.000000
863     -1790740.000000
864     -1790816.500000
865     -1790891.000000
866     -1790966.000000
867     -1791040.500000
868     -1791114.250000
869     -1791188.500000
870     -1791261.500000
871     -1791334.500000
872     -1791406.875000
873     -1791478.500000
874     -1791550.875000
875     -1791622.625000
876     -1791693.000000
877     -1791764.750000
878     -1791834.750000
879     -1791905.500000
880     -1791974.625000
881     -1792043.250000
882     -1792112.875000
883     -1792181.750000
884     -1792250.250000
885     -1792318.750000
886     -1792386.750000
887     -1792453.625000
888     -1792521.250000
889     -1792587.125000
890     -1792654.250000
891     -1792719.750000
892     -1792786.250000
893     -1792851.250000
894     -1792916.750000
895     -1792981.125000
896     -1793046.000000
897     -1793110.625000
898     -1793175.500000
899     -1793239.375000
900     -1793301.875000
901     -1793365.875000
902     -1793428.875000
903     -1793491.500000
904     -1793554.500000
905     -1793617.375000
906     -1793678.000000
907     -1793741.125000
908     -1793803.250000
909     -1793864.250000
910     -1793925.625000
911     -1793986.375000
912     -1794047.000000
913     -1794107.375000
914     -1794167.250000
915     -1794228.000000
916     -1794287.500000
917     -1794347.125000
918     -1794405.875000
919     -1794464.750000
920     -1794523.750000
921     -1794582.875000
922     -1794640.750000
923     -1794699.000000
924     -1794757.250000
925     -1794814.000000
926     -1794871.750000
927     -1794929.500000
928     -1794985.750000
929     -1795043.125000
930     -1795099.625000
931     -1795156.125000
932     -1795212.250000
933     -1795268.500000
934     -1795323.500000
935     -1795379.250000
936     -1795434.125000
937     -1795488.875000
938     -1795543.000000
939     -1795599.375000
940     -1795653.750000
941     -1795706.625000
942     -1795761.500000
943     -1795815.125000
944     -1795869.125000
945     -1795923.250000
946     -1795975.500000
947     -1796028.125000
948     -1796082.125000
949     -1796134.250000
950     -1796186.250000
951     -1796239.125000
952     -1796290.625000
953     -1796342.625000
954     -1796394.625000
955     -1796445.875000
956     -1796498.000000
957     -1796549.375000
958     -1796600.750000
959     -1796651.125000
960     -1796702.000000
961     -1796753.000000
962     -1796804.250000
963     -1796854.000000
964     -1796902.750000
965     -1796953.750000
966     -1797002.750000
967     -1797052.500000
968     -1797101.375000
969     -1797151.250000
970     -1797200.000000
971     -1797247.500000
972     -1797297.500000
973     -1797345.250000
974     -1797394.625000
975     -1797442.875000
976     -1797491.125000
977     -1797539.125000
978     -1797587.750000
979     -1797634.875000
980     -1797681.375000
981     -1797730.625000
982     -1797777.750000
983     -1797824.750000
984     -1797872.250000
985     -1797919.125000
986     -1797965.500000
987     -1798011.750000
988     -1798059.000000
989     -1798105.250000
990     -1798152.250000
991     -1798197.500000
992     -1798243.750000
993     -1798289.500000
994     -1798336.375000
995     -1798381.250000
996     -1798427.500000
997     -1798473.750000
998     -1798518.250000
999     -1798563.750000
1000    -1798608.500000
1001    -1798653.375000
1002    -1798699.000000
1003    -1798743.500000
1004    -1798789.000000
1005    -1798834.000000
1006    -1798877.000000
1007    -1798922.125000
1008    -1798965.500000
1009    -1799010.500000
1010    -1799054.500000
1011    -1799098.000000
1012    -1799141.500000
1013    -1799184.625000
1014    -1799228.750000
1015    -1799271.000000
1016    -1799313.750000
1017    -1799357.250000
1018    -1799400.375000
1019    -1799443.000000
1020    -1799485.750000
1021    -1799527.750000
1022    -1799569.750000
1023    -1799612.625000
1024    -1799654.250000
1025    -1799696.250000
1026    -1799738.375000
1027    -1799780.500000
1028    -1799822.250000
1029    -1799863.500000
1030    -1799905.750000
1031    -1799946.125000
1032    -1799987.500000
1033    -1800028.500000
1034    -1800070.000000
1035    -1800109.500000
1036    -1800150.750000
1037    -1800191.000000
1038    -1800231.750000
1039    -1800272.125000
1040    -1800312.000000
1041    -1800352.750000
1042    -1800393.000000
1043    -1800433.000000
1044    -1800472.750000
1045    -1800512.500000
1046    -1800551.750000
1047    -1800591.000000
1048    -1800630.750000
1049    -1800670.000000
1050    -1800710.375000
1051    -1800748.125000
1052    -1800787.250000
1053    -1800826.250000
1054    -1800864.875000
1055    -1800903.750000
1056    -1800942.250000
1057    -1800981.625000
1058    -1801019.250000
1059    -1801057.500000
1060    -1801095.250000
1061    -1801133.000000
1062    -1801170.875000
1063    -1801209.500000
1064    -1801247.000000
1065    -1801283.500000
1066    -1801321.625000
1067    -1801358.500000
1068    -1801396.500000
1069    -1801433.750000
1070    -1801470.625000
1071    -1801506.500000
1072    -1801544.375000
1073    -1801581.750000
1074    -1801618.000000
1075    -1801655.000000
1076    -1801690.750000
1077    -1801728.000000
1078    -1801764.000000
1079    -1801800.125000
1080    -1801836.500000
1081    -1801873.500000
1082    -1801908.500000
1083    -1801944.750000
1084    -1801981.250000
1085    -1802016.500000
1086    -1802052.250000
1087    -1802088.375000
1088    -1802123.750000
1089    -1802159.000000
1090    -1802194.750000
1091    -1802231.500000
1092    -1802265.000000
1093    -1802300.250000
1094    -1802334.750000
1095    -1802370.875000
1096    -1802406.000000
1097    -1802441.125000
1098    -1802475.875000
1099    -1802510.500000
1100    -1802545.625000
1101    -1802580.000000
1102    -1802614.375000
1103    -1802648.250000
1104    -1802683.250000
1105    -1802716.250000
1106    -1802750.000000
1107    -1802784.250000
1108    -1802818.250000
1109    -1802851.250000
1110    -1802885.125000
1111    -1802919.875000
1112    -1802952.250000
1113    -1802986.250000
1114    -1803019.250000
1115    -1803052.875000
1116    -1803085.000000
1117    -1803118.250000
1118    -1803150.375000
1119    -1803183.500000
1120    -1803215.750000
1121    -1803248.375000
1122    -1803280.750000
1123    -1803313.750000
1124    -1803346.250000
1125    -1803378.250000
1126    -1803410.375000
1127    -1803442.250000
1128    -1803474.875000
1129    -1803505.750000
1130    -1803537.250000
1131    -1803569.500000
1132    -1803600.500000
1133    -1803632.750000
1134    -1803664.000000
1135    -1803696.125000
1136    -1803726.500000
1137    -1803758.375000
1138    -1803788.375000
1139    -1803820.000000
1140    -1803850.125000
1141    -1803882.000000
1142    -1803912.250000
1143    -1803942.875000
1144    -1803973.375000
1145    -1804004.500000
1146    -1804034.750000
1147    -1804064.500000
1148    -1804094.750000
1149    -1804125.375000
1150    -1804155.250000
1151    -1804184.875000
1152    -1804215.750000
1153    -1804245.500000
1154    -1804275.500000
1155    -1804305.000000
1156    -1804334.875000
1157    -1804364.500000
1158    -1804394.375000
1159    -1804423.250000
1160    -1804453.500000
1161    -1804482.750000
1162    -1804512.000000
1163    -1804541.250000
1164    -1804570.000000
1165    -1804599.500000
1166    -1804628.750000
1167    -1804657.500000
1168    -1804686.750000
1169    -1804715.000000
1170    -1804743.875000
1171    -1804773.125000
1172    -1804801.375000
1173    -1804830.125000
1174    -1804858.375000
1175    -1804887.250000
1176    -1804915.250000
1177    -1804943.625000
1178    -1804971.750000
1179    -1805000.500000
1180    -1805028.000000
1181    -1805056.250000
1182    -1805083.500000
1183    -1805111.250000
1184    -1805139.250000
1185    -1805167.000000
1186    -1805195.000000
1187    -1805222.250000
1188    -1805250.250000
1189    -1805278.375000
1190    -1805304.750000
1191    -1805333.375000
1192    -1805359.500000
1193    -1805387.500000
1194    -1805414.750000
1195    -1805442.250000
1196    -1805469.500000
1197    -1805496.500000
1198    -1805523.125000
1199    -1805550.250000
1200    -1805577.125000
1201    -1805604.500000
1202    -1805631.000000
1203    -1805658.000000
1204    -1805684.125000
1205    -1805711.250000
1206    -1805738.000000
1207    -1805763.500000
1208    -1805791.000000
1209    -1805817.500000
1210    -1805843.750000
1211    -1805869.750000
1212    -1805897.000000
1213    -1805922.875000
1214    -1805948.750000
1215    -1805975.250000
1216    -1806001.000000
1217    -1806027.000000
1218    -1806053.125000
1219    -1806079.625000
1220    -1806105.125000
1221    -1806130.500000
1222    -1806157.000000
1223    -1806182.625000
1224    -1806208.250000
1225    -1806234.000000
1226    -1806259.125000
1227    -1806285.000000
1228    -1806311.000000
1229    -1806335.500000
1230    -1806361.375000
1231    -1806385.500000
1232    -1806410.625000
1233    -1806436.500000
1234    -1806460.875000
1235    -1806486.250000
1236    -1806510.125000
1237    -1806534.750000
1238    -1806560.250000
1239    -1806584.125000
1240    -1806608.750000
1241    -1806633.500000
1242    -1806658.125000
1243    -1806682.750000
1244    -1806706.750000
1245    -1806731.750000
1246    -1806755.000000
1247    -1806778.750000
1248    -1806803.500000
1249    -1806827.250000
1250    -1806851.625000
1251    -1806875.500000
1252    -1806898.875000
1253    -1806922.500000
1254    -1806947.375000
1255    -1806970.500000
1256    -1806994.250000
1257    -1807018.000000
1258    -1807041.375000
1259    -1807064.875000
1260    -1807088.750000
1261    -1807112.000000
1262    -1807135.875000
1263    -1807159.500000
1264    -1807182.000000
1265    -1807205.500000
1266    -1807228.750000
1267    -1807252.125000
1268    -1807275.250000
1269    -1807298.500000
1270    -1807321.500000
1271    -1807344.625000
1272    -1807367.875000
1273    -1807391.000000
1274    -1807413.125000
1275    -1807436.500000
1276    -1807459.500000
1277    -1807481.125000
1278    -1807504.500000
1279    -1807527.250000
1280    -1807549.375000
1281    -1807572.750000
1282    -1807594.500000
1283    -1807617.500000
1284    -1807639.875000
1285    -1807662.000000
1286    -1807684.500000
1287    -1807706.625000
1288    -1807728.500000
1289    -1807750.750000
1290    -1807773.000000
1291    -1807795.000000
1292    -1807816.750000
1293    -1807838.750000
1294    -1807861.000000
1295    -1807883.000000
1296    -1807904.125000
1297    -1807926.000000
1298    -1807947.125000
1299    -1807968.750000
1300    -1807991.375000
1301    -1808013.000000
1302    -1808033.750000
1303    -1808056.000000
1304    -1808078.000000
1305    -1808099.000000
1306    -1808120.250000
1307    -1808142.125000
1308    -1808163.000000
1309    -1808184.250000
1310    -1808205.375000
1311    -1808226.375000
1312    -1808247.250000
1313    -1808268.750000
1314    -1808290.500000
1315    -1808311.250000
1316    -1808332.125000
1317    -1808353.750000
1318    -1808374.125000
1319    -1808395.125000
1320    -1808416.500000
1321    -1808436.750000
1322    -1808457.750000
1323    -1808478.500000
1324    -1808498.875000
1325    -1808519.500000
1326    -1808540.000000
1327    -1808561.125000
1328    -1808581.000000
1329    -1808602.000000
1330    -1808622.625000
1331    -1808642.500000
1332    -1808663.250000
1333    -1808683.250000
1334    -1808703.500000
1335    -1808723.500000
1336    -1808743.500000
1337    -1808764.000000
1338    -1808784.000000
1339    -1808804.000000
1340    -1808824.250000
1341    -1808844.000000
1342    -1808863.875000
1343    -1808884.375000
1344    -1808904.250000
1345    -1808923.875000
1346    -1808944.000000
1347    -1808963.750000
1348    -1808983.000000
1349    -1809003.125000
1350    -1809023.500000
1351    -1809042.250000
1352    -1809062.000000
1353    -1809081.000000
1354    -1809101.500000
1355    -1809120.250000
1356    -1809139.625000
1357    -1809158.875000
1358    -1809178.500000
1359    -1809198.000000
1360    -1809217.000000
1361    -1809236.250000
1362    -1809255.000000
1363    -1809274.250000
1364    -1809293.625000
1365    -1809312.000000
1366    -1809331.500000
1367    -1809350.125000
1368    -1809369.875000
1369    -1809388.375000
1370    -1809407.000000
1371    -1809425.750000
1372    -1809445.000000
1373    -1809463.125000
1374    -1809482.500000
1375    -1809501.000000
1376    -1809519.500000
1377    -1809538.500000
1378    -1809557.125000
1379    -1809575.500000
1380    -1809594.250000
1381    -1809612.625000
1382    -1809631.125000
1383    -1809649.375000
1384    -1809668.375000
1385    -1809686.000000
1386    -1809704.250000
1387    -1809723.000000
1388    -1809741.250000
1389    -1809759.375000
1390    -1809777.125000
1391    -1809795.750000
1392    -1809813.750000
1393    -1809832.000000
1394    -1809849.750000
1395    -1809867.750000
1396    -1809885.500000
1397    -1809904.125000
1398    -1809921.750000
1399    -1809939.500000
1400    -1809958.000000
1401    -1809975.375000
1402    -1809993.250000
1403    -1810010.750000
1404    -1810028.500000
1405    -1810046.250000
1406    -1810064.375000
1407    -1810081.500000
1408    -1810099.500000
1409    -1810116.625000
1410    -1810134.000000
1411    -1810151.500000
1412    -1810169.250000
1413    -1810186.250000
1414    -1810204.250000
1415    -1810222.000000
1416    -1810239.000000
1417    -1810255.500000
1418    -1810273.000000
1419    -1810290.375000
1420    -1810306.500000
1421    -1810325.000000
1422    -1810341.125000
1423    -1810358.500000
1424    -1810375.125000
1425    -1810392.000000
1426    -1810409.250000
1427    -1810425.750000
1428    -1810442.500000
1429    -1810458.875000
1430    -1810475.750000
1431    -1810492.500000
1432    -1810509.125000
1433    -1810525.875000
1434    -1810542.750000
1435    -1810559.500000
1436    -1810575.750000
1437    -1810592.000000
1438    -1810608.875000
1439    -1810624.500000
1440    -1810641.625000
1441    -1810657.250000
1442    -1810674.250000
1443    -1810690.875000
1444    -1810706.750000
1445    -1810722.750000
1446    -1810739.250000
1447    -1810754.750000
1448    -1810771.250000
1449    -1810787.375000
1450    -1810803.375000
1451    -1810819.250000
1452    -1810835.250000
1453    -1810851.250000
1454    -1810867.000000
1455    -1810883.625000
1456    -1810899.000000
1457    -1810915.250000
1458    -1810930.250000
1459    -1810946.000000
1460    -1810961.750000
1461    -1810977.250000
1462    -1810993.500000
1463    -1811009.000000
1464    -1811024.375000
1465    -1811040.000000
1466    -1811056.125000
1467    -1811070.625000
1468    -1811086.375000
1469    -1811101.750000
1470    -1811117.500000
1471    -1811132.250000
1472    -1811148.125000
1473    -1811163.000000
1474    -1811178.875000
1475    -1811193.625000
1476    -1811209.250000
1477    -1811224.500000
1478    -1811239.000000
1479    -1811255.000000
1480    -1811269.625000
1481    -1811285.250000
1482    -1811300.250000
1483    -1811315.000000
1484    -1811330.250000
1485    -1811344.875000
1486    -1811360.000000
1487    -1811375.250000
1488    -1811389.500000
1489    -1811404.500000
1490    -1811419.375000
1491    -1811434.250000
1492    -1811448.875000
1493    -1811464.250000
1494    -1811478.375000
1495    -1811493.500000
1496    -1811507.500000
1497    -1811522.000000
1498    -1811536.500000
1499    -1811551.500000
1500    -1811566.000000
1501    -1811580.000000
1502    -1811595.250000
1503    -1811608.750000
1504    -1811623.500000
1505    -1811638.250000
1506    -1811652.000000
1507    -1811666.500000
1508    -1811680.750000
1509    -1811694.625000
1510    -1811708.750000
1511    -1811723.125000
1512    -1811736.875000
1513    -1811751.375000
1514    -1811764.750000
1515    -1811778.750000
1516    -1811793.000000
1517    -1811807.000000
1518    -1811820.500000
1519    -1811834.875000
1520    -1811848.500000
1521    -1811862.250000
1522    -1811876.250000
1523    -1811890.250000
1524    -1811904.375000
1525    -1811917.500000
1526    -1811931.250000
1527    -1811945.250000
1528    -1811959.000000
1529    -1811973.000000
1530    -1811986.125000
1531    -1811999.500000
1532    -1812013.375000
1533    -1812026.750000
1534    -1812040.000000
1535    -1812053.875000
1536    -1812067.000000
1537    -1812080.250000
1538    -1812094.000000
1539    -1812107.250000
1540    -1812120.750000
1541    -1812133.750000
1542    -1812147.000000
1543    -1812159.750000
1544    -1812173.000000
1545    -1812186.500000
1546    -1812199.375000
1547    -1812212.750000
1548    -1812225.750000
1549    -1812239.000000
1550    -1812251.500000
1551    -1812264.625000
1552    -1812277.500000
1553    -1812290.500000
1554    -1812303.750000
1555    -1812316.250000
1556    -1812328.625000
1557    -1812341.750000
1558    -1812354.625000
1559    -1812367.750000
1560    -1812380.625000
1561    -1812393.375000
1562    -1812406.000000
1563    -1812418.250000
1564    -1812431.250000
1565    -1812443.875000
1566    -1812456.625000
1567    -1812469.000000
1568    -1812481.750000
1569    -1812494.375000
1570    -1812507.000000
1571    -1812519.750000
1572    -1812531.875000
1573    -1812544.625000
1574    -1812557.250000
1575    -1812569.750000
1576    -1812581.875000
1577    -1812594.500000
1578    -1812607.000000
1579    -1812619.625000
1580    -1812631.875000
1581    -1812644.250000
1582    -1812656.375000
1583    -1812668.625000
1584    -1812681.000000
1585    -1812693.375000
1586    -1812705.750000
1587    -1812717.250000
1588    -1812729.750000
1589    -1812742.125000
1590    -1812754.125000
1591    -1812766.125000
1592    -1812777.875000
1593    -1812790.000000
1594    -1812802.250000
1595    -1812814.250000
1596    -1812826.250000
1597    -1812837.500000
1598    -1812849.875000
1599    -1812861.875000
1600    -1812873.875000
1601    -1812885.625000
1602    -1812897.500000
1603    -1812909.500000
1604    -1812921.125000
1605    -1812933.250000
1606    -1812945.125000
1607    -1812956.500000
1608    -1812968.000000
1609    -1812979.625000
1610    -1812990.750000
1611    -1813002.500000
1612    -1813014.250000
1613    -1813026.125000
1614    -1813037.000000
1615    -1813048.750000
1616    -1813060.000000
1617    -1813072.125000
1618    -1813083.750000
1619    -1813095.250000
1620    -1813106.625000
1621    -1813117.500000
1622    -1813129.125000
1623    -1813140.375000
1624    -1813152.250000
1625    -1813163.500000
1626    -1813174.875000
1627    -1813186.125000
1628    -1813197.000000
1629    -1813208.500000
1630    -1813219.500000
1631    -1813230.750000
1632    -1813242.375000
1633    -1813253.625000
1634    -1813264.250000
1635    -1813276.000000
1636    -1813287.000000
1637    -1813298.000000
1638    -1813309.500000
1639    -1813320.500000
1640    -1813332.125000
1641    -1813343.000000
1642    -1813353.500000
1643    -1813364.500000
1644    -1813376.000000
1645    -1813387.500000
1646    -1813397.875000
1647    -1813409.250000
1648    -1813420.125000
1649    -1813431.750000
1650    -1813442.000000
1651    -1813453.375000
1652    -1813464.250000
1653    -1813475.250000
1654    -1813486.500000
1655    -1813498.000000
1656    -1813508.750000
1657    -1813519.000000
1658    -1813530.500000
1659    -1813541.125000
1660    -1813552.000000
1661    -1813563.000000
1662    -1813573.500000
1663    -1813584.625000
1664    -1813595.250000
1665    -1813606.125000
1666    -1813617.125000
1667    -1813628.000000
1668    -1813638.875000
1669    -1813649.750000
1670    -1813661.000000
1671    -1813671.625000
1672    -1813682.625000
1673    -1813693.250000
1674    -1813704.000000
1675    -1813714.750000
1676    -1813725.375000
1677    -1813736.750000
1678    -1813748.000000
1679    -1813758.250000
1680    -1813768.875000
1681    -1813780.250000
1682    -1813790.125000
1683    -1813801.625000
1684    -1813812.375000
1685    -1813823.000000
1686    -1813834.250000
1687    -1813844.750000
1688    -1813855.750000
1689    -1813866.375000
1690    -1813877.125000
1691    -1813887.750000
1692    -1813898.000000
1693    -1813909.000000
1694    -1813919.750000
1695    -1813930.500000
1696    -1813941.250000
1697    -1813951.875000
1698    -1813962.500000
1699    -1813973.250000
1700    -1813984.250000
1701    -1813994.875000
1702    -1814005.375000
1703    -1814015.500000
1704    -1814026.500000
1705    -1814037.250000
1706    -1814048.000000
1707    -1814058.375000
1708    -1814069.250000
1709    -1814079.875000
1710    -1814090.250000
1711    -1814100.625000
1712    -1814111.375000
1713    -1814122.500000
1714    -1814132.375000
1715    -1814143.250000
1716    -1814153.625000
1717    -1814164.000000
1718    -1814174.750000
1719    -1814185.000000
1720    -1814195.750000
1721    -1814205.875000
1722    -1814216.750000
1723    -1814227.125000
1724    -1814237.750000
1725    -1814248.250000
1726    -1814259.000000
1727    -1814269.000000
1728    -1814279.500000
1729    -1814289.750000
1730    -1814300.250000
1731    -1814311.000000
1732    -1814321.750000
1733    -1814331.875000
1734    -1814342.250000
1735    -1814352.625000
1736    -1814363.250000
1737    -1814373.500000
1738    -1814383.500000
1739    -1814393.875000
1740    -1814404.500000
1741    -1814414.750000
1742    -1814425.250000
1743    -1814435.500000
1744    -1814445.250000
1745    -1814455.750000
1746    -1814466.250000
1747    -1814476.625000
1748    -1814486.250000
1749    -1814496.500000
1750    -1814506.875000
1751    -1814517.750000
1752    -1814528.250000
1753    -1814538.250000
1754    -1814548.500000
1755    -1814558.750000
1756    -1814568.500000
1757    -1814579.000000
1758    -1814589.500000
1759    -1814599.125000
1760    -1814609.500000
1761    -1814619.750000
1762    -1814630.000000
1763    -1814640.125000
1764    -1814650.250000
1765    -1814660.125000
1766    -1814670.750000
1767    -1814680.375000
1768    -1814691.000000
1769    -1814701.250000
1770    -1814711.125000
1771    -1814721.750000
1772    -1814732.250000
1773    -1814742.250000
1774    -1814752.000000
1775    -1814762.125000
1776    -1814772.500000
1777    -1814782.500000
1778    -1814792.750000
1779    -1814802.750000
1780    -1814813.250000
1781    -1814823.000000
1782    -1814833.625000
1783    -1814843.500000
1784    -1814853.625000
1785    -1814863.375000
1786    -1814873.750000
1787    -1814884.250000
1788    -1814893.875000
1789    -1814903.875000
1790    -1814913.875000
1791    -1814924.000000
1792    -1814934.250000
1793    -1814944.750000
1794    -1814954.625000
1795    -1814964.000000
1796    -1814974.250000
1797    -1814984.500000
1798    -1814994.500000
1799    -1815005.125000
1800    -1815014.375000
1801    -1815024.250000
1802    -1815034.625000
1803    -1815044.250000
1804    -1815053.750000
1805    -1815064.000000
1806    -1815074.000000
1807    -1815083.750000
1808    -1815093.875000
1809    -1815104.250000
1810    -1815113.750000
1811    -1815123.750000
1812    -1815133.750000
1813    -1815143.250000
1814    -1815153.625000
1815    -1815163.250000
1816    -1815172.750000
1817    -1815183.000000
1818    -1815193.000000
1819    -1815202.375000
1820    -1815212.625000
1821    -1815222.250000
1822    -1815232.000000
1823    -1815241.500000
1824    -1815251.500000
1825    -1815261.125000
1826    -1815270.500000
1827    -1815280.750000
1828    -1815290.750000
1829    -1815300.750000
1830    -1815310.250000
1831    -1815319.625000
1832    -1815329.500000
1833    -1815338.875000
1834    -1815348.875000
1835    -1815358.250000
1836    -1815368.000000
1837    -1815377.500000
1838    -1815387.750000
1839    -1815397.250000
1840    -1815407.375000
1841    -1815416.250000
1842    -1815425.625000
1843    -1815436.250000
1844    -1815445.250000
1845    -1815454.750000
1846    -1815464.000000
1847    -1815473.750000
1848    -1815483.125000
1849    -1815492.625000
1850    -1815502.250000
1851    -1815511.500000
1852    -1815521.125000
1853    -1815531.125000
1854    -1815540.500000
1855    -1815549.500000
1856    -1815559.500000
1857    -1815568.250000
1858    -1815577.750000
1859    -1815587.625000
1860    -1815597.000000
1861    -1815606.750000
1862    -1815616.250000
1863    -1815625.500000
1864    -1815635.250000
1865    -1815644.000000
1866    -1815653.750000
1867    -1815663.250000
1868    -1815672.125000
1869    -1815682.000000
1870    -1815691.500000
1871    -1815700.750000
1872    -1815710.125000
1873    -1815719.750000
1874    -1815728.875000
1875    -1815738.250000
1876    -1815747.500000
1877    -1815757.000000
1878    -1815766.500000
1879    -1815776.000000
1880    -1815785.000000
1881    -1815794.250000
1882    -1815803.625000
1883    -1815812.875000
1884    -1815822.500000
1885    -1815832.250000
1886    -1815841.375000
1887    -1815850.750000
1888    -1815859.750000
1889    -1815869.500000
1890    -1815878.500000
1891    -1815888.000000
1892    -1815896.750000
1893    -1815906.625000
1894    -1815915.750000
1895    -1815924.875000
1896    -1815934.500000
1897    -1815944.000000
1898    -1815952.625000
1899    -1815962.250000
1900    -1815971.750000
1901    -1815981.000000
1902    -1815990.125000
1903    -1815999.500000
1904    -1816008.875000
1905    -1816018.250000
1906    -1816027.250000
1907    -1816037.125000
1908    -1816045.875000
1909    -1816055.375000
1910    -1816064.750000
1911    -1816073.500000
1912    -1816083.375000
1913    -1816092.375000
1914    -1816101.375000
1915    -1816110.375000
1916    -1816120.250000
1917    -1816128.875000
1918    -1816138.500000
1919    -1816147.250000
1920    -1816156.750000
1921    -1816165.500000
1922    -1816174.875000
1923    -1816184.000000
1924    -1816193.250000
1925    -1816202.125000
1926    -1816211.125000
1927    -1816220.875000
1928    -1816229.750000
1929    -1816239.000000
1930    -1816248.000000
1931    -1816257.625000
1932    -1816266.625000
1933    -1816275.625000
1934    -1816284.500000
1935    -1816293.250000
1936    -1816302.625000
1937    -1816311.250000
1938    -1816321.125000
1939    -1816329.750000
1940    -1816339.000000
1941    -1816348.250000
1942    -1816357.375000
1943    -1816366.625000
1944    -1816375.375000
1945    -1816384.250000
1946    -1816393.750000
1947    -1816402.500000
1948    -1816411.500000
1949    -1816420.375000
1950    -1816430.000000
1951    -1816439.375000
1952    -1816448.125000
1953    -1816457.000000
1954    -1816466.000000
1955    -1816475.125000
1956    -1816484.000000
1957    -1816493.250000
1958    -1816502.500000
1959    -1816511.500000
1960    -1816520.500000
1961    -1816529.750000
1962    -1816538.750000
1963    -1816548.250000
1964    -1816557.000000
1965    -1816566.000000
1966    -1816575.250000
1967    -1816584.250000
1968    -1816592.750000
1969    -1816602.500000
1970    -1816611.750000
1971    -1816620.125000
1972    -1816629.125000
1973    -1816638.250000
1974    -1816647.000000
1975    -1816656.750000
1976    -1816665.500000
1977    -1816674.000000
1978    -1816683.250000
1979    -1816692.375000
1980    -1816701.250000
1981    -1816710.500000
1982    -1816719.750000
1983    -1816728.500000
1984    -1816737.000000
1985    -1816745.875000
1986    -1816755.000000
1987    -1816764.125000
1988    -1816773.250000
1989    -1816782.375000
1990    -1816791.250000
1991    -1816800.125000
1992    -1816809.500000
1993    -1816818.125000
1994    -1816827.375000
1995    -1816836.250000
1996    -1816845.000000
1997    -1816853.875000
1998    -1816863.000000
1999    -1816872.125000
2000    -1816880.750000
2001    -1816889.875000
2002    -1816898.750000
2003    -1816908.000000
2004    -1816916.250000
2005    -1816925.625000
2006    -1816934.375000
2007    -1816942.750000
2008    -1816952.000000
2009    -1816961.250000
2010    -1816969.875000
2011    -1816979.250000
2012    -1816988.500000
2013    -1816996.500000
2014    -1817006.000000
2015    -1817014.875000
2016    -1817023.875000
2017    -1817032.500000
2018    -1817041.250000
2019    -1817050.625000
2020    -1817059.500000
2021    -1817068.250000
2022    -1817077.250000
2023    -1817086.250000
2024    -1817095.375000
2025    -1817103.750000
2026    -1817112.750000
2027    -1817122.250000
2028    -1817131.250000
2029    -1817140.000000
2030    -1817149.250000
2031    -1817158.250000
2032    -1817167.000000
2033    -1817175.500000
2034    -1817185.250000
2035    -1817194.375000
2036    -1817203.125000
2037    -1817212.250000
2038    -1817221.750000
2039    -1817230.375000
2040    -1817239.250000
2041    -1817248.500000
2042    -1817257.125000
2043    -1817266.500000
2044    -1817275.250000
2045    -1817284.250000
2046    -1817293.375000
2047    -1817302.750000
2048    -1817312.000000
2049    -1817320.750000
2050    -1817329.750000
2051    -1817338.750000
2052    -1817348.125000
2053    -1817356.875000
2054    -1817365.750000
2055    -1817375.125000
2056    -1817383.750000
2057    -1817393.125000
2058    -1817402.500000
2059    -1817411.250000
2060    -1817420.500000
2061    -1817429.500000
2062    -1817438.750000
2063    -1817448.125000
2064    -1817457.000000
2065    -1817465.750000
2066    -1817475.250000
2067    -1817483.875000
2068    -1817493.500000
2069    -1817502.500000
2070    -1817511.500000
2071    -1817520.750000
2072    -1817529.375000
2073    -1817538.500000
2074    -1817548.000000
2075    -1817557.500000
2076    -1817566.375000
2077    -1817574.500000
2078    -1817584.250000
2079    -1817593.375000
2080    -1817602.000000
2081    -1817611.500000
2082    -1817620.500000
2083    -1817629.750000
2084    -1817638.625000
2085    -1817647.875000
2086    -1817656.625000
2087    -1817665.500000
2088    -1817674.750000
2089    -1817684.000000
2090    -1817693.375000
2091    -1817702.625000
2092    -1817711.375000
2093    -1817720.500000
2094    -1817729.250000
2095    -1817738.750000
2096    -1817748.000000
2097    -1817757.000000
2098    -1817765.625000
2099    -1817774.875000
2100    -1817784.000000
2101    -1817793.125000
2102    -1817802.375000
2103    -1817811.625000
2104    -1817820.750000
2105    -1817829.625000
2106    -1817838.750000
2107    -1817848.000000
2108    -1817857.375000
2109    -1817866.250000
2110    -1817875.125000
2111    -1817884.500000
2112    -1817893.250000
2113    -1817902.750000
2114    -1817911.250000
2115    -1817920.750000
2116    -1817930.000000
2117    -1817938.750000
2118    -1817947.750000
2119    -1817957.250000
2120    -1817966.250000
2121    -1817975.250000
2122    -1817984.250000
2123    -1817993.375000
2124    -1818002.500000
2125    -1818011.625000
2126    -1818020.750000
2127    -1818029.500000
2128    -1818038.500000
2129    -1818047.750000
2130    -1818056.500000
2131    -1818065.500000
2132    -1818074.750000
2133    -1818084.000000
2134    -1818093.000000
2135    -1818101.875000
2136    -1818111.000000
2137    -1818120.000000
2138    -1818129.000000
2139    -1818137.875000
2140    -1818146.750000
2141    -1818156.000000
2142    -1818164.875000
2143    -1818173.750000
2144    -1818182.875000
2145    -1818192.000000
2146    -1818200.750000
2147    -1818210.000000
2148    -1818219.000000
2149    -1818228.000000
2150    -1818237.000000
2151    -1818245.750000
2152    -1818254.750000
2153    -1818263.750000
2154    -1818272.250000
2155    -1818281.250000
2156    -1818290.375000
2157    -1818299.125000
2158    -1818308.250000
2159    -1818316.750000
2160    -1818325.875000
2161    -1818334.375000
2162    -1818343.500000
2163    -1818352.500000
2164    -1818361.125000
2165    -1818370.000000
2166    -1818378.750000
2167    -1818387.500000
2168    -1818396.000000
2169    -1818405.000000
2170    -1818413.500000
2171    -1818422.250000
2172    -1818431.250000
2173    -1818439.750000
2174    -1818448.750000
2175    -1818456.875000
2176    -1818465.875000
2177    -1818474.500000
2178    -1818482.500000
2179    -1818491.375000
2180    -1818500.000000
2181    -1818508.625000
2182    -1818517.500000
2183    -1818526.000000
2184    -1818534.500000
2185    -1818542.875000
2186    -1818551.000000
2187    -1818559.750000
2188    -1818568.250000
2189    -1818577.250000
2190    -1818585.375000
2191    -1818593.250000
2192    -1818602.000000
2193    -1818610.250000
2194    -1818618.875000
2195    -1818627.000000
2196    -1818635.125000
2197    -1818644.000000
2198    -1818652.000000
2199    -1818660.500000
2200    -1818669.000000
2201    -1818677.250000
2202    -1818685.250000
2203    -1818693.500000
2204    -1818701.750000
2205    -1818710.375000
2206    -1818718.375000
2207    -1818726.250000
2208    -1818734.500000
2209    -1818743.000000
2210    -1818751.000000
2211    -1818759.125000
2212    -1818767.500000
2213    -1818775.500000
2214    -1818783.500000
2215    -1818791.500000
2216    -1818800.000000
2217    -1818808.125000
2218    -1818816.125000
2219    -1818824.000000
2220    -1818831.750000
2221    -1818839.625000
2222    -1818847.500000
2223    -1818855.750000
2224    -1818863.750000
2225    -1818871.500000
2226    -1818879.500000
2227    -1818887.500000
2228    -1818895.625000
2229    -1818902.750000
2230    -1818910.875000
2231    -1818918.750000
2232    -1818926.625000
2233    -1818934.250000
2234    -1818942.125000
2235    -1818949.750000
2236    -1818957.750000
2237    -1818965.125000
2238    -1818972.875000
2239    -1818980.750000
2240    -1818988.375000
2241    -1818996.250000
2242    -1819003.375000
2243    -1819011.500000
2244    -1819019.000000
2245    -1819026.750000
2246    -1819034.000000
2247    -1819042.000000
2248    -1819049.375000
2249    -1819056.875000
2250    -1819064.625000
2251    -1819071.875000
2252    -1819079.625000
2253    -1819087.000000
2254    -1819094.500000
2255    -1819102.500000
2256    -1819109.375000
2257    -1819116.750000
2258    -1819124.625000
2259    -1819131.750000
2260    -1819139.250000
2261    -1819146.625000
2262    -1819154.000000
2263    -1819161.250000
2264    -1819168.500000
2265    -1819176.125000
2266    -1819183.500000
2267    -1819190.625000
2268    -1819198.250000
2269    -1819205.250000
2270    -1819212.625000
2271    -1819220.000000
2272    -1819227.500000
2273    -1819234.500000
2274    -1819241.750000
2275    -1819248.750000
2276    -1819255.875000
2277    -1819263.250000
2278    -1819270.750000
2279    -1819277.625000
2280    -1819284.500000
2281    -1819291.500000
2282    -1819299.250000
2283    -1819306.000000
2284    -1819313.000000
2285    -1819320.000000
2286    -1819327.125000
2287    -1819334.500000
2288    -1819341.125000
2289    -1819348.250000
2290    -1819355.000000
2291    -1819362.125000
2292    -1819369.125000
2293    -1819376.000000
2294    -1819383.000000
2295    -1819390.375000
2296    -1819397.000000
2297    -1819403.750000
2298    -1819410.500000
2299    -1819417.250000
2300    -1819424.375000
2301    -1819431.250000
2302    -1819438.250000
2303    -1819445.125000
2304    -1819451.875000
2305    -1819458.625000
2306    -1819465.000000
2307    -1819472.125000
2308    -1819479.000000
2309    -1819486.125000
2310    -1819492.625000
2311    -1819499.125000
2312    -1819506.000000
2313    -1819512.750000
2314    -1819519.250000
2315    -1819526.000000
2316    -1819533.000000
2317    -1819539.500000
2318    -1819546.250000
2319    -1819552.625000
2320    -1819559.500000
2321    -1819565.625000
2322    -1819572.750000
2323    -1819579.625000
2324    -1819585.750000
2325    -1819592.625000
2326    -1819599.250000
2327    -1819605.375000
2328    -1819612.000000
2329    -1819618.250000
2330    -1819625.000000
2331    -1819631.500000
2332    -1819638.500000
2333    -1819645.000000
2334    -1819651.500000
2335    -1819657.500000
2336    -1819664.250000
2337    -1819670.250000
2338    -1819676.750000
2339    -1819683.500000
2340    -1819690.000000
2341    -1819696.000000
2342    -1819702.500000
2343    -1819709.125000
2344    -1819715.250000
2345    -1819721.750000
2346    -1819728.000000
2347    -1819734.875000
2348    -1819740.875000
2349    -1819747.500000
2350    -1819753.500000
2351    -1819760.250000
2352    -1819766.500000
2353    -1819772.375000
2354    -1819778.750000
2355    -1819785.000000
2356    -1819791.125000
2357    -1819797.750000
2358    -1819803.875000
2359    -1819810.125000
2360    -1819816.375000
2361    -1819822.875000
2362    -1819829.125000
2363    -1819834.750000
2364    -1819841.250000
2365    -1819847.000000
2366    -1819853.250000
2367    -1819859.750000
2368    -1819865.750000
2369    -1819872.125000
2370    -1819877.875000
2371    -1819884.250000
2372    -1819890.000000
2373    -1819896.000000
2374    -1819901.750000
2375    -1819908.125000
2376    -1819914.125000
2377    -1819920.500000
2378    -1819925.875000
2379    -1819932.500000
2380    -1819938.500000
2381    -1819944.000000
2382    -1819949.750000
2383    -1819956.000000
2384    -1819961.875000
2385    -1819967.750000
2386    -1819974.000000
2387    -1819979.750000
2388    -1819985.500000
2389    -1819991.875000
2390    -1819997.750000
2391    -1820003.250000
2392    -1820009.500000
2393    -1820015.000000
2394    -1820021.125000
2395    -1820027.125000
2396    -1820033.250000
2397    -1820039.000000
2398    -1820044.750000
2399    -1820050.375000
2400    -1820056.500000
2401    -1820062.750000
2402    -1820068.375000
2403    -1820074.000000
2404    -1820079.875000
2405    -1820086.000000
2406    -1820091.500000
2407    -1820097.250000
2408    -1820102.750000
2409    -1820109.000000
2410    -1820114.500000
2411    -1820120.500000
2412    -1820126.125000
2413    -1820131.875000
2414    -1820137.500000
2415    -1820143.250000
2416    -1820149.125000
2417    -1820155.000000
2418    -1820160.500000
2419    -1820166.500000
2420    -1820172.250000
2421    -1820178.250000
2422    -1820183.500000
2423    -1820189.250000
2424    -1820195.000000
2425    -1820200.500000
2426    -1820206.500000
2427    -1820212.000000
2428    -1820217.625000
2429    -1820223.500000
2430    -1820229.500000
2431    -1820234.625000
2432    -1820240.000000
2433    -1820246.000000
2434    -1820251.750000
2435    -1820257.125000
2436    -1820262.750000
2437    -1820268.250000
2438    -1820274.250000
2439    -1820279.750000
2440    -1820285.250000
2441    -1820290.875000
2442    -1820297.000000
2443    -1820302.125000
2444    -1820308.250000
2445    -1820313.250000
2446    -1820319.125000
2447    -1820324.375000
2448    -1820329.750000
2449    -1820335.250000
2450    -1820341.250000
2451    -1820346.500000
2452    -1820352.125000
2453    -1820357.375000
2454    -1820362.875000
2455    -1820368.500000
2456    -1820374.000000
2457    -1820379.500000
2458    -1820385.000000
2459    -1820390.375000
2460    -1820395.875000
2461    -1820401.500000
2462    -1820406.750000
2463    -1820412.125000
2464    -1820417.250000
2465    -1820423.000000
2466    -1820428.250000
2467    -1820433.500000
2468    -1820439.000000
2469    -1820444.250000
2470    -1820449.625000
2471    -1820455.250000
2472    -1820460.000000
2473    -1820465.625000
2474    -1820471.000000
2475    -1820476.000000
2476    -1820481.125000
2477    -1820486.500000
2478    -1820491.750000
2479    -1820497.000000
2480    -1820502.125000
2481    -1820507.625000
2482    -1820512.750000
2483    -1820517.750000
2484    -1820523.125000
2485    -1820528.625000
2486    -1820533.625000
2487    -1820539.000000
2488    -1820544.500000
2489    -1820549.500000
2490    -1820554.750000
2491    -1820560.125000
2492    -1820565.000000
2493    -1820570.125000
2494    -1820575.125000
2495    -1820580.500000
2496    -1820585.750000
2497    -1820590.750000
2498    -1820595.750000
2499    -1820601.125000
2500    -1820606.500000
2501    -1820611.250000
2502    -1820616.500000
2503    -1820621.500000
2504    -1820626.750000
2505    -1820631.500000
2506    -1820637.000000
2507    -1820642.250000
2508    -1820647.250000
2509    -1820652.250000
2510    -1820657.500000
2511    -1820662.500000
2512    -1820668.000000
2513    -1820672.875000
2514    -1820677.750000
2515    -1820682.625000
2516    -1820688.000000
2517    -1820692.750000
2518    -1820698.000000
2519    -1820702.750000
2520    -1820708.000000
2521    -1820712.500000
2522    -1820718.125000
2523    -1820723.375000
2524    -1820728.250000
2525    -1820733.000000
2526    -1820738.125000
2527    -1820743.125000
2528    -1820748.250000
2529    -1820753.000000
2530    -1820757.875000
2531    -1820763.125000
2532    -1820768.250000
2533    -1820773.000000
2534    -1820778.125000
2535    -1820783.125000
2536    -1820788.500000
2537    -1820792.875000
2538    -1820798.125000
2539    -1820803.000000
2540    -1820807.625000
2541    -1820813.000000
2542    -1820818.000000
2543    -1820823.000000
2544    -1820827.500000
2545    -1820832.500000
2546    -1820837.500000
2547    -1820842.500000
2548    -1820847.375000
2549    -1820852.750000
2550    -1820857.625000
2551    -1820862.250000
2552    -1820867.250000
2553    -1820871.750000
2554    -1820876.750000
2555    -1820881.750000
2556    -1820886.625000
2557    -1820891.500000
2558    -1820896.250000
2559    -1820901.375000
2560    -1820905.750000
2561    -1820910.500000
2562    -1820915.500000
2563    -1820920.250000
2564    -1820925.250000
2565    -1820929.500000
2566    -1820934.250000
2567    -1820939.375000
2568    -1820944.000000
2569    -1820948.500000
2570    -1820953.750000
2571    -1820958.000000
2572    -1820962.750000
2573    -1820967.750000
2574    -1820972.250000
2575    -1820977.125000
2576    -1820982.250000
2577    -1820986.500000
2578    -1820991.375000
2579    -1820996.250000
2580    -1821000.875000
2581    -1821005.500000
2582    -1821010.000000
2583    -1821015.000000
2584    -1821019.875000
2585    -1821024.250000
2586    -1821029.250000
2587    -1821033.500000
2588    -1821038.000000
2589    -1821043.000000
2590    -1821047.250000
2591    -1821052.000000
2592    -1821056.750000
2593    -1821061.250000
2594    -1821065.750000
2595    -1821070.750000
2596    -1821075.000000
2597    -1821079.875000
2598    -1821084.750000
2599    -1821089.125000
2600    -1821093.500000
2601    -1821098.250000
2602    -1821103.000000
2603    -1821107.500000
2604    -1821112.250000
2605    -1821116.250000
2606    -1821121.000000
2607    -1821125.875000
2608    -1821130.000000
2609    -1821134.875000
2610    -1821139.000000
2611    -1821143.750000
2612    -1821148.375000
2613    -1821153.000000
2614    -1821157.500000
2615    -1821162.250000
2616    -1821166.625000
2617    -1821171.000000
2618    -1821175.500000
2619    -1821180.250000
2620    -1821184.500000
2621    -1821188.875000
2622    -1821193.500000
2623    -1821198.250000
2624    -1821202.625000
2625    -1821207.000000
2626    -1821211.875000
2627    -1821216.125000
2628    -1821220.750000
2629    -1821225.000000
2630    -1821229.750000
2631    -1821233.875000
2632    -1821238.500000
2633    -1821242.500000
2634    -1821247.250000
2635    -1821251.750000
2636    -1821256.125000
2637    -1821260.750000
2638    -1821264.875000
2639    -1821269.375000
2640    -1821273.750000
2641    -1821278.250000
2642    -1821282.500000
2643    -1821286.875000
2644    -1821291.500000
2645    -1821295.625000
2646    -1821300.000000
2647    -1821304.875000
2648    -1821308.875000
2649    -1821313.500000
2650    -1821317.750000
2651    -1821322.000000
2652    -1821326.375000
2653    -1821330.750000
2654    -1821335.000000
2655    -1821339.250000
2656    -1821344.000000
2657    -1821348.250000
2658    -1821352.375000
2659    -1821356.750000
2660    -1821361.250000
2661    -1821365.500000
2662    -1821370.000000
2663    -1821374.000000
2664    -1821378.250000
2665    -1821382.500000
2666    -1821386.750000
2667    -1821391.125000
2668    -1821395.500000
2669    -1821399.250000
2670    -1821403.500000
2671    -1821408.000000
2672    -1821412.125000
2673    -1821416.250000
2674    -1821420.500000
2675    -1821424.500000
2676    -1821429.250000
2677    -1821433.250000
2678    -1821437.500000
2679    -1821441.625000
2680    -1821446.000000
2681    -1821450.000000
2682    -1821454.000000
2683    -1821458.125000
2684    -1821462.250000
2685    -1821466.500000
2686    -1821470.250000
2687    -1821474.750000
2688    -1821479.000000
2689    -1821483.000000
2690    -1821487.000000
2691    -1821491.000000
2692    -1821495.250000
2693    -1821499.375000
2694    -1821503.250000
2695    -1821507.375000
2696    -1821511.875000
2697    -1821516.000000
2698    -1821519.500000
2699    -1821524.250000
2700    -1821528.000000
2701    -1821532.250000
2702    -1821536.625000
2703    -1821540.750000
2704    -1821544.500000
2705    -1821548.625000
2706    -1821552.750000
2707    -1821556.750000
2708    -1821560.750000
2709    -1821564.875000
2710    -1821569.000000
2711    -1821572.875000
2712    -1821576.875000
2713    -1821581.000000
2714    -1821585.250000
2715    -1821588.750000
2716    -1821593.250000
2717    -1821596.875000
2718    -1821600.750000
2719    -1821604.750000
2720    -1821609.000000
2721    -1821612.625000
2722    -1821616.500000
2723    -1821620.625000
2724    -1821624.625000
2725    -1821628.375000
2726    -1821632.625000
2727    -1821636.500000
2728    -1821640.250000
2729    -1821644.375000
2730    -1821648.500000
2731    -1821652.500000
2732    -1821656.125000
2733    -1821660.000000
2734    -1821663.750000
2735    -1821667.750000
2736    -1821672.000000
2737    -1821675.375000
2738    -1821679.375000
2739    -1821683.375000
2740    -1821687.000000
2741    -1821690.625000
2742    -1821694.750000
2743    -1821699.125000
2744    -1821702.750000
2745    -1821706.625000
2746    -1821710.250000
2747    -1821713.875000
2748    -1821717.500000
2749    -1821721.250000
2750    -1821725.000000
2751    -1821729.375000
2752    -1821733.125000
2753    -1821736.500000
2754    -1821740.250000
2755    -1821744.000000
2756    -1821747.500000
2757    -1821751.250000
2758    -1821755.000000
2759    -1821758.625000
2760    -1821762.375000
2761    -1821766.250000
2762    -1821769.750000
2763    -1821773.375000
2764    -1821777.250000
2765    -1821780.750000
2766    -1821784.500000
2767    -1821788.000000
2768    -1821792.000000
2769    -1821795.750000
2770    -1821799.250000
2771    -1821802.875000
2772    -1821806.375000
2773    -1821810.125000
2774    -1821813.875000
2775    -1821817.250000
2776    -1821821.250000
2777    -1821824.750000
2778    -1821828.250000
2779    -1821832.125000
2780    -1821835.750000
2781    -1821839.500000
2782    -1821842.750000
2783    -1821846.125000
2784    -1821850.250000
2785    -1821853.750000
2786    -1821857.125000
2787    -1821860.625000
2788    -1821864.500000
2789    -1821867.750000
2790    -1821871.500000
2791    -1821875.000000
2792    -1821878.250000
2793    -1821882.250000
2794    -1821885.625000
2795    -1821889.250000
2796    -1821892.375000
2797    -1821896.625000
2798    -1821900.250000
2799    -1821903.750000
2800    -1821907.125000
2801    -1821910.750000
2802    -1821914.250000
2803    -1821918.000000
2804    -1821921.500000
2805    -1821924.875000
2806    -1821928.750000
2807    -1821932.000000
2808    -1821935.750000
2809    -1821939.375000
2810    -1821942.750000
2811    -1821946.375000
2812    -1821950.000000
2813    -1821953.375000
2814    -1821957.000000
2815    -1821960.000000
2816    -1821964.125000
2817    -1821967.250000
2818    -1821970.750000
2819    -1821974.250000
2820    -1821977.500000
2821    -1821981.125000
2822    -1821984.500000
2823    -1821988.000000
2824    -1821991.500000
2825    -1821994.875000
2826    -1821998.500000
2827    -1822001.750000
2828    -1822005.375000
2829    -1822008.875000
2830    -1822012.500000
2831    -1822015.625000
2832    -1822019.250000
2833    -1822022.625000
2834    -1822026.250000
2835    -1822029.750000
2836    -1822032.750000
2837    -1822036.500000
2838    -1822040.000000
2839    -1822043.500000
2840    -1822047.250000
2841    -1822050.250000
2842    -1822053.500000
2843    -1822057.125000
2844    -1822060.500000
2845    -1822064.000000
2846    -1822067.250000
2847    -1822070.875000
2848    -1822074.500000
2849    -1822077.750000
2850    -1822081.375000
2851    -1822084.375000
2852    -1822088.000000
2853    -1822091.250000
2854    -1822094.750000
2855    -1822097.875000
2856    -1822101.500000
2857    -1822105.000000
2858    -1822108.000000
2859    -1822111.250000
2860    -1822114.750000
2861    -1822118.125000
2862    -1822121.500000
2863    -1822125.000000
2864    -1822128.000000
2865    -1822131.250000
2866    -1822134.750000
2867    -1822137.750000
2868    -1822141.625000
2869    -1822144.625000
2870    -1822148.250000
2871    -1822151.250000
2872    -1822154.625000
2873    -1822158.000000
2874    -1822161.500000
2875    -1822164.250000
2876    -1822168.000000
2877    -1822171.000000
2878    -1822174.875000
2879    -1822178.000000
2880    -1822181.000000
2881    -1822184.625000
2882    -1822187.750000
2883    -1822191.250000
2884    -1822194.000000
2885    -1822197.750000
2886    -1822200.500000
2887    -1822203.750000
2888    -1822207.500000
2889    -1822210.500000
2890    -1822213.750000
2891    -1822217.000000
2892    -1822220.500000
2893    -1822223.250000
2894    -1822226.875000
2895    -1822230.000000
2896    -1822232.750000
2897    -1822236.375000
2898    -1822239.250000
2899    -1822242.750000
2900    -1822245.875000
2901    -1822249.125000
2902    -1822252.375000
2903    -1822255.250000
2904    -1822258.750000
2905    -1822261.500000
2906    -1822265.000000
2907    -1822268.000000
2908    -1822271.375000
2909    -1822274.250000
2910    -1822277.750000
2911    -1822280.750000
2912    -1822283.750000
2913    -1822287.000000
2914    -1822290.125000
2915    -1822293.125000
2916    -1822296.000000
2917    -1822299.250000
2918    -1822302.250000
2919    -1822305.125000
2920    -1822308.375000
2921    -1822311.500000
2922    -1822314.750000
2923    -1822317.750000
2924    -1822321.000000
2925    -1822324.125000
2926    -1822326.625000
2927    -1822330.000000
2928    -1822333.000000
2929    -1822336.250000
2930    -1822339.250000
2931    -1822342.500000
2932    -1822345.500000
2933    -1822348.500000
2934    -1822351.250000
2935    -1822354.250000
2936    -1822357.625000
2937    -1822360.500000
2938    -1822363.500000
2939    -1822367.000000
2940    -1822369.750000
2941    -1822372.375000
2942    -1822375.750000
2943    -1822378.750000
2944    -1822381.750000
2945    -1822384.750000
2946    -1822388.000000
2947    -1822390.875000
2948    -1822393.750000
2949    -1822396.375000
2950    -1822399.500000
2951    -1822402.250000
2952    -1822405.250000
2953    -1822408.250000
2954    -1822411.125000
2955    -1822414.125000
2956    -1822417.000000
2957    -1822420.125000
2958    -1822423.000000
2959    -1822425.750000
2960    -1822428.750000
2961    -1822431.625000
2962    -1822434.750000
2963    -1822437.250000
2964    -1822440.500000
2965    -1822443.250000
2966    -1822446.500000
2967    -1822448.875000
2968    -1822451.500000
2969    -1822454.750000
2970    -1822457.500000
2971    -1822460.250000
2972    -1822463.500000
2973    -1822466.250000
2974    -1822468.750000
2975    -1822471.500000
2976    -1822474.375000
2977    -1822477.500000
2978    -1822480.125000
2979    -1822483.250000
2980    -1822485.750000
2981    -1822488.750000
2982    -1822491.250000
2983    -1822494.125000
2984    -1822497.000000
2985    -1822500.000000
2986    -1822502.500000
2987    -1822505.250000
2988    -1822508.000000
2989    -1822510.750000
2990    -1822513.750000
2991    -1822516.500000
2992    -1822519.250000
2993    -1822522.125000
2994    -1822525.000000
2995    -1822527.250000
2996    -1822530.000000
2997    -1822533.125000
2998    -1822535.500000
2999    -1822538.750000
3000    -1822541.500000
3001    -1822543.750000
3002    -1822546.750000
3003    -1822549.625000
3004    -1822552.250000
3005    -1822554.750000
3006    -1822557.875000
3007    -1822560.625000
3008    -1822563.125000
3009    -1822565.875000
3010    -1822568.875000
3011    -1822571.250000
3012    -1822574.250000
3013    -1822577.000000
3014    -1822579.750000
3015    -1822582.250000
3016    -1822585.000000
3017    -1822587.750000
3018    -1822590.375000
3019    -1822593.000000
3020    -1822595.625000
3021    -1822598.500000
3022    -1822601.000000
3023    -1822604.000000
3024    -1822606.500000
3025    -1822609.250000
3026    -1822611.875000
3027    -1822614.500000
3028    -1822617.250000
3029    -1822620.000000
3030    -1822622.750000
3031    -1822625.375000
3032    -1822628.250000
3033    -1822630.500000
3034    -1822633.375000
3035    -1822636.000000
3036    -1822638.750000
3037    -1822641.500000
3038    -1822644.000000
3039    -1822646.500000
3040    -1822649.000000
3041    -1822652.000000
3042    -1822654.500000
3043    -1822657.250000
3044    -1822659.500000
3045    -1822662.250000
3046    -1822665.000000
3047    -1822667.500000
3048    -1822670.125000
3049    -1822672.875000
3050    -1822675.375000
3051    -1822678.250000
3052    -1822680.625000
3053    -1822683.000000
3054    -1822685.875000
3055    -1822688.500000
3056    -1822690.875000
3057    -1822693.250000
3058    -1822695.750000
3059    -1822698.000000
3060    -1822700.875000
3061    -1822703.625000
3062    -1822706.000000
3063    -1822708.500000
3064    -1822711.250000
3065    -1822713.500000
3066    -1822716.250000
3067    -1822718.625000
3068    -1822721.250000
3069    -1822723.750000
3070    -1822726.375000
3071    -1822728.750000
3072    -1822731.625000
3073    -1822733.625000
3074    -1822736.250000
3075    -1822738.750000
3076    -1822741.250000
3077    -1822743.625000
3078    -1822745.875000
3079    -1822748.625000
3080    -1822751.125000
3081    -1822753.500000
3082    -1822755.750000
3083    -1822758.375000
3084    -1822760.500000
3085    -1822763.250000
3086    -1822765.750000
3087    -1822768.000000
3088    -1822770.375000
3089    -1822773.250000
3090    -1822775.500000
3091    -1822777.875000
3092    -1822780.250000
3093    -1822782.750000
3094    -1822785.625000
3095    -1822787.250000
3096    -1822789.875000
3097    -1822792.375000
3098    -1822794.875000
3099    -1822797.375000
3100    -1822800.000000
3101    -1822802.125000
3102    -1822804.250000
3103    -1822806.750000
3104    -1822809.375000
3105    -1822811.750000
3106    -1822814.250000
3107    -1822816.750000
3108    -1822819.000000
3109    -1822821.250000
3110    -1822823.750000
3111    -1822826.000000
3112    -1822828.500000
3113    -1822830.875000
3114    -1822833.500000
3115    -1822835.625000
3116    -1822838.000000
3117    -1822840.500000
3118    -1822842.875000
3119    -1822845.125000
3120    -1822847.500000
3121    -1822849.750000
3122    -1822852.125000
3123    -1822854.875000
3124    -1822857.375000
3125    -1822859.500000
3126    -1822862.000000
3127    -1822864.125000
3128    -1822866.750000
3129    -1822869.000000
3130    -1822871.500000
3131    -1822873.875000
3132    -1822876.250000
3133    -1822878.625000
3134    -1822880.750000
3135    -1822883.250000
3136    -1822885.500000
3137    -1822887.875000
3138    -1822890.625000
3139    -1822893.000000
3140    -1822895.125000
3141    -1822897.500000
3142    -1822899.750000
3143    -1822902.250000
3144    -1822904.250000
3145    -1822907.000000
3146    -1822909.500000
3147    -1822911.625000
3148    -1822914.000000
3149    -1822916.500000
3150    -1822918.875000
3151    -1822921.000000
3152    -1822923.125000
3153    -1822925.750000
3154    -1822928.000000
3155    -1822930.750000
3156    -1822932.875000
3157    -1822935.375000
3158    -1822937.750000
3159    -1822939.750000
3160    -1822942.500000
3161    -1822944.500000
3162    -1822947.000000
3163    -1822949.625000
3164    -1822952.000000
3165    -1822954.250000
3166    -1822956.250000
3167    -1822959.000000
3168    -1822961.500000
3169    -1822963.375000
3170    -1822965.875000
3171    -1822968.500000
3172    -1822970.500000
3173    -1822973.000000
3174    -1822975.500000
3175    -1822977.875000
3176    -1822980.000000
3177    -1822982.500000
3178    -1822985.000000
3179    -1822987.500000
3180    -1822989.500000
3181    -1822992.250000
3182    -1822994.500000
3183    -1822996.875000
3184    -1822999.125000
3185    -1823001.500000
3186    -1823004.000000
3187    -1823006.500000
3188    -1823008.750000
3189    -1823011.250000
3190    -1823013.500000
3191    -1823016.000000
3192    -1823018.750000
3193    -1823021.000000
3194    -1823023.500000
3195    -1823025.750000
3196    -1823028.250000
3197    -1823030.500000
3198    -1823032.750000
3199    -1823035.500000
3200    -1823037.375000
3201    -1823039.875000
3202    -1823042.500000
3203    -1823044.875000
3204    -1823047.125000
3205    -1823049.625000
3206    -1823051.875000
3207    -1823054.250000
3208    -1823056.625000
3209    -1823059.000000
3210    -1823061.250000
3211    -1823063.875000
3212    -1823066.375000
3213    -1823068.750000
3214    -1823071.250000
3215    -1823073.500000
3216    -1823075.750000
3217    -1823078.000000
3218    -1823080.625000
3219    -1823083.125000
3220    -1823085.625000
3221    -1823087.875000
3222    -1823090.250000
3223    -1823092.750000
3224    -1823095.125000
3225    -1823097.250000
3226    -1823100.125000
3227    -1823102.500000
3228    -1823104.750000
3229    -1823107.250000
3230    -1823110.250000
3231    -1823112.375000
3232    -1823115.000000
3233    -1823117.125000
3234    -1823119.500000
3235    -1823122.250000
3236    -1823124.500000
3237    -1823126.750000
3238    -1823129.250000
3239    -1823131.750000
3240    -1823134.500000
3241    -1823137.000000
3242    -1823139.625000
3243    -1823141.750000
3244    -1823144.000000
3245    -1823146.500000
3246    -1823149.250000
3247    -1823151.750000
3248    -1823154.125000
3249    -1823156.375000
3250    -1823159.250000
3251    -1823161.375000
3252    -1823163.750000
3253    -1823166.500000
3254    -1823169.125000
3255    -1823171.500000
3256    -1823173.875000
3257    -1823176.250000
3258    -1823179.000000
3259    -1823181.500000
3260    -1823183.750000
3261    -1823186.125000
3262    -1823188.875000
3263    -1823191.000000
3264    -1823194.000000
3265    -1823196.500000
3266    -1823199.250000
3267    -1823201.625000
3268    -1823204.250000
3269    -1823206.500000
3270    -1823209.125000
3271    -1823211.625000
3272    -1823214.000000
3273    -1823216.250000
3274    -1823219.000000
3275    -1823221.500000
3276    -1823223.750000
3277    -1823226.500000
3278    -1823228.875000
3279    -1823231.500000
3280    -1823233.875000
3281    -1823236.750000
3282    -1823238.875000
3283    -1823241.500000
3284    -1823244.000000
3285    -1823246.250000
3286    -1823248.750000
3287    -1823251.500000
3288    -1823253.875000
3289    -1823256.375000
3290    -1823259.000000
3291    -1823261.625000
3292    -1823263.875000
3293    -1823266.500000
3294    -1823268.875000
3295    -1823271.250000
3296    -1823274.000000
3297    -1823276.375000
3298    -1823278.875000
3299    -1823281.500000
3300    -1823283.625000
3301    -1823286.000000
3302    -1823288.625000
3303    -1823291.250000
3304    -1823293.750000
3305    -1823296.250000
3306    -1823298.750000
3307    -1823301.500000
3308    -1823303.625000
3309    -1823306.125000
3310    -1823308.500000
3311    -1823311.250000
3312    -1823313.750000
3313    -1823316.125000
3314    -1823318.500000
3315    -1823321.000000
3316    -1823323.500000
3317    -1823325.750000
3318    -1823328.500000
3319    -1823331.000000
3320    -1823333.500000
3321    -1823336.250000
3322    -1823338.375000
3323    -1823340.750000
3324    -1823343.375000
3325    -1823346.000000
3326    -1823348.000000
3327    -1823350.750000
3328    -1823353.375000
3329    -1823355.625000
3330    -1823358.250000
3331    -1823360.625000
3332    -1823363.250000
3333    -1823365.625000
3334    -1823368.000000
3335    -1823370.000000
3336    -1823372.750000
3337    -1823375.125000
3338    -1823377.375000
3339    -1823380.000000
3340    -1823382.750000
3341    -1823385.250000
3342    -1823387.500000
3343    -1823389.875000
3344    -1823392.250000
3345    -1823394.875000
3346    -1823397.250000
3347    -1823399.875000
3348    -1823402.000000
3349    -1823404.375000
3350    -1823407.250000
3351    -1823409.250000
3352    -1823412.000000
3353    -1823414.250000
3354    -1823416.625000
3355    -1823419.000000
3356    -1823421.625000
3357    -1823424.250000
3358    -1823426.500000
3359    -1823428.750000
3360    -1823431.500000
3361    -1823433.750000
3362    -1823436.250000
3363    -1823438.500000
3364    -1823441.125000
3365    -1823443.375000
3366    -1823445.625000
3367    -1823448.250000
3368    -1823450.250000
3369    -1823452.625000
3370    -1823455.125000
3371    -1823458.000000
3372    -1823460.250000
3373    -1823462.500000
3374    -1823464.500000
3375    -1823467.500000
3376    -1823469.875000
3377    -1823472.125000
3378    -1823474.625000
3379    -1823477.250000
3380    -1823479.500000
3381    -1823481.875000
3382    -1823484.000000
3383    -1823486.875000
3384    -1823489.500000
3385    -1823491.375000
3386    -1823494.125000
3387    -1823496.625000
3388    -1823499.000000
3389    -1823501.500000
3390    -1823503.750000
3391    -1823506.250000
3392    -1823508.625000
3393    -1823511.000000
3394    -1823513.625000
3395    -1823516.250000
3396    -1823518.625000
3397    -1823520.750000
3398    -1823523.750000
3399    -1823525.875000
3400    -1823528.250000
3401    -1823530.375000
3402    -1823533.000000
3403    -1823535.750000
3404    -1823537.750000
3405    -1823540.750000
3406    -1823543.375000
3407    -1823545.500000
3408    -1823547.750000
3409    -1823550.500000
3410    -1823552.875000
3411    -1823555.000000
3412    -1823557.625000
3413    -1823560.250000
3414    -1823562.500000
3415    -1823564.750000
3416    -1823567.625000
3417    -1823570.000000
3418    -1823572.250000
3419    -1823575.000000
3420    -1823577.250000
3421    -1823579.750000
3422    -1823582.375000
3423    -1823584.750000
3424    -1823587.625000
3425    -1823590.000000
3426    -1823592.250000
3427    -1823595.000000
3428    -1823597.750000
3429    -1823600.250000
3430    -1823602.250000
3431    -1823605.125000
3432    -1823607.250000
3433    -1823610.500000
3434    -1823612.625000
3435    -1823615.250000
3436    -1823617.750000
3437    -1823620.500000
3438    -1823622.750000
3439    -1823625.750000
3440    -1823628.000000
3441    -1823630.500000
3442    -1823633.000000
3443    -1823635.750000
3444    -1823638.125000
3445    -1823640.625000
3446    -1823643.250000
3447    -1823645.625000
3448    -1823648.250000
3449    -1823650.750000
3450    -1823653.750000
3451    -1823656.000000
3452    -1823658.500000
3453    -1823661.125000
3454    -1823663.625000
3455    -1823666.375000
3456    -1823669.125000
3457    -1823671.750000
3458    -1823674.000000
3459    -1823676.625000
3460    -1823679.250000
3461    -1823681.500000
3462    -1823684.625000
3463    -1823686.750000
3464    -1823689.125000
3465    -1823692.000000
3466    -1823694.250000
3467    -1823697.000000
3468    -1823700.000000
3469    -1823702.500000
3470    -1823704.625000
3471    -1823707.625000
3472    -1823710.000000
3473    -1823712.750000
3474    -1823715.250000
3475    -1823718.125000
3476    -1823720.000000
3477    -1823723.250000
3478    -1823725.375000
3479    -1823728.125000
3480    -1823730.750000
3481    -1823733.500000
3482    -1823736.125000
3483    -1823738.750000
3484    -1823741.500000
3485    -1823744.375000
3486    -1823746.500000
3487    -1823749.375000
3488    -1823751.750000
3489    -1823754.375000
3490    -1823757.000000
3491    -1823759.750000
3492    -1823761.875000
3493    -1823764.750000
3494    -1823767.500000
3495    -1823769.875000
3496    -1823772.625000
3497    -1823774.875000
3498    -1823777.625000
3499    -1823780.250000
3500    -1823782.625000
3501    -1823785.375000
3502    -1823787.750000
3503    -1823790.250000
3504    -1823793.000000
3505    -1823795.750000
3506    -1823798.000000
3507    -1823800.875000
3508    -1823803.250000
3509    -1823805.500000
3510    -1823808.500000
3511    -1823811.000000
3512    -1823813.250000
3513    -1823816.000000
3514    -1823818.500000
3515    -1823821.250000
3516    -1823824.000000
3517    -1823826.125000
3518    -1823828.750000
3519    -1823831.625000
3520    -1823833.750000
3521    -1823836.250000
3522    -1823839.125000
3523    -1823841.875000
3524    -1823843.875000
3525    -1823846.625000
3526    -1823849.250000
3527    -1823851.750000
3528    -1823854.250000
3529    -1823857.000000
3530    -1823859.375000
3531    -1823861.875000
3532    -1823864.375000
3533    -1823867.125000
3534    -1823869.500000
3535    -1823872.125000
3536    -1823874.500000
3537    -1823877.125000
3538    -1823879.375000
3539    -1823882.250000
3540    -1823885.000000
3541    -1823887.250000
3542    -1823890.125000
3543    -1823892.375000
3544    -1823895.000000
3545    -1823897.625000
3546    -1823900.000000
3547    -1823902.750000
3548    -1823905.000000
3549    -1823907.500000
3550    -1823910.000000
3551    -1823912.625000
3552    -1823915.000000
3553    -1823917.500000
3554    -1823920.250000
3555    -1823922.875000
3556    -1823925.375000
3557    -1823927.875000
3558    -1823930.500000
3559    -1823932.750000
3560    -1823935.250000
3561    -1823937.750000
3562    -1823940.250000
3563    -1823943.000000
3564    -1823945.500000
3565    -1823947.875000
3566    -1823950.500000
3567    -1823953.250000
3568    -1823955.375000
3569    -1823957.750000
3570    -1823960.375000
3571    -1823962.750000
3572    -1823965.250000
3573    -1823968.250000
3574    -1823970.750000
3575    -1823973.500000
3576    -1823975.750000
3577    -1823978.250000
3578    -1823980.750000
3579    -1823983.500000
3580    -1823985.750000
3581    -1823988.250000
3582    -1823990.750000
3583    -1823993.375000
3584    -1823996.000000
3585    -1823998.500000
3586    -1824001.125000
3587    -1824003.750000
3588    -1824005.750000
3589    -1824008.500000
3590    -1824010.750000
3591    -1824013.500000
3592    -1824016.000000
3593    -1824018.750000
3594    -1824021.000000
3595    -1824023.250000
3596    -1824026.125000
3597    -1824028.500000
3598    -1824031.250000
3599    -1824033.750000
3600    -1824036.250000
3601    -1824038.625000
3602    -1824041.250000
3603    -1824043.500000
3604    -1824046.500000
3605    -1824048.750000
3606    -1824051.375000
3607    -1824053.750000
3608    -1824056.125000
3609    -1824058.625000
3610    -1824061.500000
3611    -1824063.750000
3612    -1824066.625000
3613    -1824068.875000
3614    -1824071.500000
3615    -1824073.750000
3616    -1824076.250000
3617    -1824079.000000
3618    -1824081.375000
3619    -1824083.875000
3620    -1824086.500000
3621    -1824088.625000
3622    -1824091.250000
3623    -1824094.000000
3624    -1824096.250000
3625    -1824098.750000
3626    -1824101.250000
3627    -1824104.000000
3628    -1824106.500000
3629    -1824109.000000
3630    -1824111.375000
3631    -1824114.000000
3632    -1824116.500000
3633    -1824119.000000
3634    -1824121.500000
3635    -1824124.250000
3636    -1824126.750000
3637    -1824129.000000
3638    -1824131.500000
3639    -1824134.000000
3640    -1824136.750000
3641    -1824139.250000
3642    -1824141.500000
3643    -1824143.750000
3644    -1824146.500000
3645    -1824149.000000
3646    -1824151.625000
3647    -1824154.250000
3648    -1824156.750000
3649    -1824159.250000
3650    -1824161.500000
3651    -1824164.250000
3652    -1824166.750000
3653    -1824169.000000
3654    -1824171.625000
3655    -1824174.250000
3656    -1824176.875000
3657    -1824179.500000
3658    -1824182.000000
3659    -1824184.000000
3660    -1824187.125000
3661    -1824189.500000
3662    -1824191.500000
3663    -1824194.125000
3664    -1824197.000000
3665    -1824199.250000
3666    -1824202.000000
3667    -1824204.250000
3668    -1824207.250000
3669    -1824209.250000
3670    -1824212.000000
3671    -1824214.625000
3672    -1824216.875000
3673    -1824219.375000
3674    -1824221.750000
3675    -1824224.500000
3676    -1824226.750000
3677    -1824229.500000
3678    -1824232.000000
3679    -1824234.250000
3680    -1824237.000000
3681    -1824239.375000
3682    -1824242.000000
3683    -1824244.625000
3684    -1824247.250000
3685    -1824249.625000
3686    -1824252.000000
3687    -1824254.750000
3688    -1824256.875000
3689    -1824259.750000
3690    -1824262.000000
3691    -1824264.750000
3692    -1824267.250000
3693    -1824270.000000
3694    -1824272.500000
3695    -1824275.000000
3696    -1824277.750000
3697    -1824280.125000
3698    -1824282.750000
3699    -1824285.000000
3700    -1824287.875000
3701    -1824290.500000
3702    -1824292.875000
3703    -1824295.250000
3704    -1824297.750000
3705    -1824300.125000
3706    -1824303.000000
3707    -1824305.750000
3708    -1824308.250000
3709    -1824310.750000
3710    -1824313.500000
3711    -1824315.750000
3712    -1824318.375000
3713    -1824321.125000
3714    -1824323.500000
3715    -1824326.250000
3716    -1824328.375000
3717    -1824331.250000
3718    -1824334.000000
3719    -1824336.500000
3720    -1824338.750000
3721    -1824341.500000
3722    -1824343.750000
3723    -1824346.500000
3724    -1824349.000000
3725    -1824351.625000
3726    -1824354.250000
3727    -1824357.000000
3728    -1824359.250000
3729    -1824362.125000
3730    -1824364.875000
3731    -1824367.250000
3732    -1824369.750000
3733    -1824372.000000
3734    -1824374.750000
3735    -1824377.375000
3736    -1824380.000000
3737    -1824382.250000
3738    -1824385.000000
3739    -1824387.625000
3740    -1824390.375000
3741    -1824393.125000
3742    -1824395.750000
3743    -1824398.000000
3744    -1824400.250000
3745    -1824403.000000
3746    -1824405.750000
3747    -1824408.500000
3748    -1824410.875000
3749    -1824413.250000
3750    -1824415.875000
3751    -1824418.750000
3752    -1824421.125000
3753    -1824424.000000
3754    -1824426.375000
3755    -1824428.750000
3756    -1824431.375000
3757    -1824434.000000
3758    -1824436.500000
3759    -1824439.000000
3760    -1824441.625000
3761    -1824444.375000
3762    -1824446.750000
3763    -1824449.250000
3764    -1824452.000000
3765    -1824454.500000
3766    -1824457.125000
3767    -1824459.625000
3768    -1824462.250000
3769    -1824464.750000
3770    -1824467.250000
3771    -1824470.000000
3772    -1824472.500000
3773    -1824475.125000
3774    -1824477.500000
3775    -1824480.500000
3776    -1824482.500000
3777    -1824485.500000
3778    -1824487.750000
3779    -1824490.500000
3780    -1824492.750000
3781    -1824495.375000
3782    -1824497.750000
3783    -1824500.625000
3784    -1824503.250000
3785    -1824505.500000
3786    -1824507.875000
3787    -1824510.625000
3788    -1824513.250000
3789    -1824515.500000
3790    -1824518.250000
3791    -1824520.750000
3792    -1824523.500000
3793    -1824525.750000
3794    -1824528.125000
3795    -1824530.625000
3796    -1824532.875000
3797    -1824536.000000
3798    -1824538.250000
3799    -1824540.500000
3800    -1824543.250000
3801    -1824545.500000
3802    -1824548.375000
3803    -1824550.875000
3804    -1824553.500000
3805    -1824555.750000
3806    -1824558.250000
3807    -1824560.625000
3808    -1824563.500000
3809    -1824565.750000
3810    -1824568.250000
3811    -1824570.625000
3812    -1824573.250000
3813    -1824575.750000
3814    -1824578.250000
3815    -1824581.000000
3816    -1824583.000000
3817    -1824585.625000
3818    -1824588.250000
3819    -1824591.125000
3820    -1824593.250000
3821    -1824595.750000
3822    -1824597.875000
3823    -1824600.750000
3824    -1824603.000000
3825    -1824605.750000
3826    -1824608.125000
3827    -1824610.750000
3828    -1824613.000000
3829    -1824615.750000
3830    -1824618.000000
3831    -1824620.375000
3832    -1824622.750000
3833    -1824625.500000
3834    -1824627.750000
3835    -1824630.250000
3836    -1824632.750000
3837    -1824635.250000
3838    -1824637.875000
3839    -1824640.125000
3840    -1824642.375000
3841    -1824645.000000
3842    -1824647.750000
3843    -1824650.000000
3844    -1824652.250000
3845    -1824654.750000
3846    -1824657.250000
3847    -1824660.000000
3848    -1824662.000000
3849    -1824664.500000
3850    -1824667.125000
3851    -1824669.750000
3852    -1824672.250000
3853    -1824674.500000
3854    -1824677.000000
3855    -1824679.250000
3856    -1824681.750000
3857    -1824684.250000
3858    -1824686.625000
3859    -1824689.125000
3860    -1824691.625000
3861    -1824693.875000
3862    -1824696.250000
3863    -1824699.000000
3864    -1824701.000000
3865    -1824703.750000
3866    -1824706.000000
3867    -1824708.500000
3868    -1824711.250000
3869    -1824713.500000
3870    -1824716.125000
3871    -1824718.250000
3872    -1824721.375000
3873    -1824723.250000
3874    -1824725.750000
3875    -1824728.250000
3876    -1824730.625000
3877    -1824733.000000
3878    -1824735.500000
3879    -1824737.750000
3880    -1824740.625000
3881    -1824742.750000
3882    -1824745.250000
3883    -1824747.750000
3884    -1824750.000000
3885    -1824752.500000
3886    -1824754.750000
3887    -1824757.500000
3888    -1824760.000000
3889    -1824762.250000
3890    -1824765.000000
3891    -1824767.500000
3892    -1824769.750000
3893    -1824772.250000
3894    -1824774.375000
3895    -1824777.000000
3896    -1824779.500000
3897    -1824781.750000
3898    -1824784.500000
3899    -1824787.000000
3900    -1824789.000000
3901    -1824792.000000
3902    -1824794.500000
3903    -1824796.750000
3904    -1824799.125000
3905    -1824801.500000
3906    -1824803.875000
3907    -1824806.500000
3908    -1824808.625000
3909    -1824811.250000
3910    -1824813.500000
3911    -1824816.125000
3912    -1824818.750000
3913    -1824821.000000
3914    -1824823.125000
3915    -1824825.500000
3916    -1824828.375000
3917    -1824830.750000
3918    -1824833.000000
3919    -1824835.250000
3920    -1824837.625000
3921    -1824840.250000
3922    -1824842.750000
3923    -1824845.000000
3924    -1824847.750000
3925    -1824849.750000
3926    -1824852.125000
3927    -1824854.500000
3928    -1824857.000000
3929    -1824859.375000
3930    -1824861.875000
3931    -1824864.375000
3932    -1824866.500000
3933    -1824868.750000
3934    -1824871.250000
3935    -1824873.750000
3936    -1824876.125000
3937    -1824878.500000
3938    -1824880.750000
3939    -1824883.250000
3940    -1824885.875000
3941    -1824887.750000
3942    -1824890.250000
3943    -1824892.750000
3944    -1824895.500000
3945    -1824897.500000
3946    -1824900.000000
3947    -1824902.375000
3948    -1824904.375000
3949    -1824906.750000
3950    -1824909.250000
3951    -1824911.750000
3952    -1824914.250000
3953    -1824916.500000
3954    -1824918.750000
3955    -1824921.000000
3956    -1824923.250000
3957    -1824925.750000
3958    -1824928.000000
3959    -1824930.500000
3960    -1824932.875000
3961    -1824935.250000
3962    -1824937.750000
3963    -1824940.000000
3964    -1824942.250000
3965    -1824944.625000
3966    -1824947.125000
3967    -1824949.375000
3968    -1824951.750000
3969    -1824954.000000
3970    -1824956.500000
3971    -1824959.000000
3972    -1824960.875000
3973    -1824963.500000
3974    -1824965.750000
3975    -1824968.250000
3976    -1824970.500000
3977    -1824972.750000
3978    -1824975.125000
3979    -1824977.250000
3980    -1824980.000000
3981    -1824982.000000
3982    -1824984.500000
3983    -1824986.625000
3984    -1824989.250000
3985    -1824991.500000
3986    -1824993.500000
3987    -1824995.875000
3988    -1824998.250000
3989    -1825000.750000
3990    -1825003.000000
3991    -1825005.125000
3992    -1825007.500000
3993    -1825009.500000
3994    -1825012.125000
3995    -1825014.250000
3996    -1825016.500000
3997    -1825018.875000
3998    -1825021.000000
3999    -1825023.250000
4000    -1825025.250000
4001    -1825027.500000
4002    -1825030.000000
4003    -1825031.750000
4004    -1825034.500000
4005    -1825036.750000
4006    -1825038.875000
4007    -1825041.250000
4008    -1825043.250000
4009    -1825045.375000
4010    -1825047.500000
4011    -1825049.750000
4012    -1825052.375000
4013    -1825054.500000
4014    -1825056.625000
4015    -1825059.000000
4016    -1825061.250000
4017    -1825063.375000
4018    -1825065.375000
4019    -1825067.500000
4020    -1825069.750000
4021    -1825071.875000
4022    -1825074.375000
4023    -1825076.375000
4024    -1825078.500000
4025    -1825080.500000
4026    -1825082.750000
4027    -1825085.125000
4028    -1825087.250000
4029    -1825089.000000
4030    -1825091.500000
4031    -1825093.750000
4032    -1825095.750000
4033    -1825098.000000
4034    -1825100.125000
4035    -1825102.125000
4036    -1825104.125000
4037    -1825106.250000
4038    -1825108.250000
4039    -1825110.250000
4040    -1825112.500000
4041    -1825114.875000
4042    -1825116.500000
4043    -1825119.000000
4044    -1825120.875000
4045    -1825122.875000
4046    -1825124.750000
4047    -1825127.000000
4048    -1825129.000000
4049    -1825131.000000
4050    -1825133.000000
4051    -1825135.250000
4052    -1825137.250000
4053    -1825139.000000
4054    -1825140.875000
4055    -1825143.000000
4056    -1825145.000000
4057    -1825147.125000
4058    -1825149.000000
4059    -1825151.250000
4060    -1825153.000000
4061    -1825155.000000
4062    -1825157.125000
4063    -1825159.000000
4064    -1825161.250000
4065    -1825163.000000
4066    -1825165.000000
4067    -1825166.750000
4068    -1825168.875000
4069    -1825170.500000
4070    -1825173.000000
4071    -1825174.875000
4072    -1825176.625000
4073    -1825178.500000
4074    -1825180.750000
4075    -1825182.750000
4076    -1825184.750000
4077    -1825186.750000
4078    -1825188.500000
4079    -1825190.500000
4080    -1825192.250000
4081    -1825194.250000
4082    -1825196.250000
4083    -1825198.000000
4084    -1825200.000000
4085    -1825202.125000
4086    -1825203.750000
4087    -1825205.750000
4088    -1825207.500000
4089    -1825209.500000
4090    -1825211.375000
4091    -1825213.250000
4092    -1825215.375000
4093    -1825217.000000
4094    -1825219.125000
4095    -1825221.000000
4096    -1825222.625000
4097    -1825224.750000
4098    -1825226.500000
4099    -1825228.250000
4100    -1825230.000000
4101    -1825232.250000
4102    -1825234.250000
4103    -1825236.125000
4104    -1825237.750000
4105    -1825239.500000
4106    -1825241.375000
4107    -1825243.250000
4108    -1825245.500000
4109    -1825247.250000
4110    -1825249.000000
4111    -1825250.750000
4112    -1825252.250000
4113    -1825254.500000
4114    -1825256.375000
4115    -1825258.250000
4116    -1825260.000000
4117    -1825261.500000
4118    -1825263.750000
4119    -1825265.625000
4120    -1825267.125000
4121    -1825269.250000
4122    -1825270.875000
4123    -1825273.000000
4124    -1825274.750000
4125    -1825276.250000
4126    -1825278.250000
4127    -1825280.000000
4128    -1825282.000000
4129    -1825283.250000
4130    -1825285.625000
4131    -1825287.125000
4132    -1825288.750000
4133    -1825290.750000
4134    -1825292.250000
4135    -1825294.250000
4136    -1825296.000000
4137    -1825298.250000
4138    -1825299.875000
4139    -1825301.750000
4140    -1825303.375000
4141    -1825305.125000
4142    -1825306.750000
4143    -1825308.750000
4144    -1825310.250000
4145    -1825312.250000
4146    -1825314.250000
4147    -1825315.750000
4148    -1825317.500000
4149    -1825319.500000
4150    -1825321.250000
4151    -1825322.500000
4152    -1825324.750000
4153    -1825326.500000
4154    -1825328.250000
4155    -1825330.000000
4156    -1825331.875000
4157    -1825333.625000
4158    -1825335.125000
4159    -1825337.000000
4160    -1825339.000000
4161    -1825340.625000
4162    -1825342.625000
4163    -1825344.000000
4164    -1825346.000000
4165    -1825347.500000
4166    -1825349.500000
4167    -1825351.000000
4168    -1825353.000000
4169    -1825354.375000
4170    -1825356.750000
4171    -1825358.250000
4172    -1825359.750000
4173    -1825361.750000
4174    -1825363.500000
4175    -1825365.125000
4176    -1825366.750000
4177    -1825368.750000
4178    -1825370.500000
4179    -1825372.375000
4180    -1825373.875000
4181    -1825375.500000
4182    -1825377.250000
4183    -1825379.250000
4184    -1825381.125000
4185    -1825382.875000
4186    -1825384.625000
4187    -1825386.500000
4188    -1825388.125000
4189    -1825390.000000
4190    -1825391.500000
4191    -1825393.500000
4192    -1825395.250000
4193    -1825397.000000
4194    -1825398.750000
4195    -1825400.750000
4196    -1825402.375000
4197    -1825404.375000
4198    -1825406.125000
4199    -1825408.000000
4200    -1825409.500000
4201    -1825411.125000
