Step            Loss
--------------------
1        1801.769043
2       -1636.429321
3       -5071.657715
4       -8507.727539
5       -11944.425781
6       -15377.097656
7       -18815.779297
8       -22254.027344
9       -25691.699219
10      -29130.058594
11      -32566.738281
12      -36007.550781
13      -39444.687500
14      -42882.929688
15      -46326.492188
16      -49764.089844
17      -53211.906250
18      -56653.781250
19      -60098.656250
20      -63544.835938
21      -66993.578125
22      -70443.320312
23      -73892.921875
24      -77348.945312
25      -80805.937500
26      -84258.179688
27      -87723.132812
28      -91185.812500
29      -94647.218750
30      -98116.984375
31      -101588.546875
32      -105063.515625
33      -108541.976562
34      -112019.671875
35      -115507.843750
36      -118992.171875
37      -122483.562500
38      -125978.656250
39      -129478.781250
40      -132981.093750
41      -136490.421875
42      -140003.531250
43      -143517.765625
44      -147042.312500
45      -150567.875000
46      -154099.562500
47      -157637.437500
48      -161175.390625
49      -164721.765625
50      -168275.187500
51      -171833.437500
52      -175395.125000
53      -178964.687500
54      -182542.718750
55      -186122.359375
56      -189710.406250
57      -193303.046875
58      -196900.843750
59      -200506.093750
60      -204119.187500
61      -207739.796875
62      -211361.906250
63      -214993.875000
64      -218634.656250
65      -222280.218750
66      -225934.718750
67      -229591.390625
68      -233257.140625
69      -236929.078125
70      -240613.500000
71      -244301.718750
72      -247993.812500
73      -251697.984375
74      -255409.640625
75      -259122.968750
76      -262852.687500
77      -266580.125000
78      -270319.250000
79      -274069.343750
80      -277822.062500
81      -281587.875000
82      -285355.281250
83      -289131.562500
84      -292917.000000
85      -296713.437500
86      -300515.500000
87      -304322.312500
88      -308138.531250
89      -311965.531250
90      -315798.375000
91      -319639.687500
92      -323486.906250
93      -327345.687500
94      -331208.437500
95      -335080.625000
96      -338957.281250
97      -342846.062500
98      -346741.468750
99      -350647.062500
100     -354555.906250
101     -358474.250000
102     -362402.375000
103     -366337.093750
104     -370278.375000
105     -374225.750000
106     -378183.937500
107     -382154.781250
108     -386121.062500
109     -390104.875000
110     -394095.812500
111     -398088.000000
112     -402091.687500
113     -406100.343750
114     -410117.062500
115     -414142.375000
116     -418173.093750
117     -422214.312500
118     -426257.062500
119     -430315.812500
120     -434376.031250
121     -438444.000000
122     -442521.625000
123     -446600.593750
124     -450684.375000
125     -454783.500000
126     -458885.562500
127     -462994.312500
128     -467111.812500
129     -471228.437500
130     -475356.812500
131     -479497.468750
132     -483630.656250
133     -487775.750000
134     -491932.562500
135     -496087.687500
136     -500252.093750
137     -504417.562500
138     -508595.562500
139     -512777.812500
140     -516963.625000
141     -521156.500000
142     -525353.875000
143     -529558.750000
144     -533765.625000
145     -537975.875000
146     -542194.625000
147     -546416.062500
148     -550645.875000
149     -554875.875000
150     -559115.187500
151     -563354.250000
152     -567601.312500
153     -571851.750000
154     -576095.875000
155     -580357.062500
156     -584619.187500
157     -588887.000000
158     -593158.125000
159     -597430.375000
160     -601702.750000
161     -605980.187500
162     -610263.562500
163     -614551.562500
164     -618836.250000
165     -623129.500000
166     -627423.750000
167     -631714.875000
168     -636018.937500
169     -640316.812500
170     -644625.250000
171     -648924.437500
172     -653234.750000
173     -657539.125000
174     -661849.500000
175     -666165.875000
176     -670477.687500
177     -674796.937500
178     -679110.437500
179     -683429.250000
180     -687748.250000
181     -692063.125000
182     -696386.750000
183     -700702.500000
184     -705020.500000
185     -709342.687500
186     -713663.625000
187     -717987.187500
188     -722306.312500
189     -726630.625000
190     -730946.250000
191     -735259.750000
192     -739583.625000
193     -743899.375000
194     -748220.812500
195     -752533.250000
196     -756845.250000
197     -761156.062500
198     -765476.500000
199     -769785.500000
200     -774094.500000
201     -778406.625000
202     -782711.937500
203     -787010.312500
204     -791314.500000
205     -795620.625000
206     -799911.000000
207     -804202.500000
208     -808499.500000
209     -812788.937500
210     -817074.500000
211     -821360.750000
212     -825638.500000
213     -829914.750000
214     -834187.500000
215     -838458.875000
216     -842725.250000
217     -846984.375000
218     -851247.750000
219     -855504.562500
220     -859752.625000
221     -863998.625000
222     -868243.312500
223     -872472.500000
224     -876707.125000
225     -880946.375000
226     -885164.000000
227     -889383.687500
228     -893593.750000
229     -897805.687500
230     -902007.375000
231     -906206.750000
232     -910402.312500
233     -914588.875000
234     -918769.125000
235     -922942.000000
236     -927114.125000
237     -931273.437500
238     -935432.687500
239     -939578.062500
240     -943728.375000
241     -947867.750000
242     -951998.125000
243     -956121.250000
244     -960238.937500
245     -964349.500000
246     -968452.625000
247     -972548.875000
248     -976639.250000
249     -980727.687500
250     -984799.625000
251     -988865.312500
252     -992925.500000
253     -996982.812500
254     -1001025.375000
255     -1005064.500000
256     -1009093.500000
257     -1013113.500000
258     -1017122.875000
259     -1021131.312500
260     -1025126.937500
261     -1029115.125000
262     -1033087.375000
263     -1037062.062500
264     -1041028.000000
265     -1044982.312500
266     -1048925.000000
267     -1052867.250000
268     -1056787.000000
269     -1060706.500000
270     -1064619.750000
271     -1068517.250000
272     -1072405.250000
273     -1076287.125000
274     -1080157.750000
275     -1084018.375000
276     -1087869.500000
277     -1091709.500000
278     -1095543.500000
279     -1099369.500000
280     -1103179.000000
281     -1106981.875000
282     -1110776.250000
283     -1114555.000000
284     -1118337.125000
285     -1122098.750000
286     -1125848.500000
287     -1129591.750000
288     -1133319.750000
289     -1137039.125000
290     -1140750.000000
291     -1144449.375000
292     -1148140.375000
293     -1151826.000000
294     -1155489.500000
295     -1159140.750000
296     -1162783.875000
297     -1166426.375000
298     -1170045.875000
299     -1173659.000000
300     -1177263.250000
301     -1180851.000000
302     -1184433.000000
303     -1187996.000000
304     -1191557.000000
305     -1195106.250000
306     -1198634.500000
307     -1202158.500000
308     -1205675.500000
309     -1209178.500000
310     -1212659.875000
311     -1216142.250000
312     -1219605.500000
313     -1223067.500000
314     -1226510.250000
315     -1229939.000000
316     -1233359.000000
317     -1236767.500000
318     -1240157.000000
319     -1243549.375000
320     -1246919.000000
321     -1250280.125000
322     -1253626.625000
323     -1256962.000000
324     -1260291.000000
325     -1263595.125000
326     -1266900.500000
327     -1270186.000000
328     -1273460.000000
329     -1276728.000000
330     -1279970.000000
331     -1283210.500000
332     -1286431.250000
333     -1289650.500000
334     -1292851.250000
335     -1296038.750000
336     -1299217.750000
337     -1302389.500000
338     -1305535.750000
339     -1308675.000000
340     -1311795.875000
341     -1314910.250000
342     -1318011.000000
343     -1321102.250000
344     -1324176.000000
345     -1327241.500000
346     -1330290.750000
347     -1333324.000000
348     -1336350.000000
349     -1339368.500000
350     -1342358.125000
351     -1345355.375000
352     -1348323.500000
353     -1351280.625000
354     -1354229.625000
355     -1357157.375000
356     -1360082.250000
357     -1362986.125000
358     -1365887.250000
359     -1368772.000000
360     -1371638.000000
361     -1374491.000000
362     -1377338.750000
363     -1380168.625000
364     -1382981.250000
365     -1385789.500000
366     -1388586.500000
367     -1391365.000000
368     -1394131.000000
369     -1396883.750000
370     -1399632.250000
371     -1402363.750000
372     -1405070.250000
373     -1407773.375000
374     -1410461.000000
375     -1413138.000000
376     -1415804.250000
377     -1418451.875000
378     -1421082.375000
379     -1423706.250000
380     -1426317.500000
381     -1428908.500000
382     -1431500.000000
383     -1434067.250000
384     -1436624.250000
385     -1439175.750000
386     -1441715.750000
387     -1444232.500000
388     -1446741.000000
389     -1449237.500000
390     -1451717.125000
391     -1454187.250000
392     -1456642.250000
393     -1459086.125000
394     -1461526.500000
395     -1463946.500000
396     -1466341.125000
397     -1468737.500000
398     -1471116.000000
399     -1473487.875000
400     -1475838.250000
401     -1478180.750000
402     -1480512.375000
403     -1482831.500000
404     -1485136.500000
405     -1487422.000000
406     -1489705.250000
407     -1491975.750000
408     -1494226.500000
409     -1496472.750000
410     -1498707.750000
411     -1500925.250000
412     -1503125.750000
413     -1505318.125000
414     -1507502.000000
415     -1509666.750000
416     -1511823.750000
417     -1513964.375000
418     -1516100.500000
419     -1518211.250000
420     -1520325.500000
421     -1522416.250000
422     -1524499.250000
423     -1526572.375000
424     -1528627.750000
425     -1530675.125000
426     -1532708.375000
427     -1534727.500000
428     -1536736.500000
429     -1538732.125000
430     -1540719.375000
431     -1542688.625000
432     -1544652.375000
433     -1546598.250000
434     -1548538.875000
435     -1550460.875000
436     -1552369.750000
437     -1554268.750000
438     -1556151.375000
439     -1558034.125000
440     -1559898.875000
441     -1561744.375000
442     -1563589.500000
443     -1565416.250000
444     -1567230.125000
445     -1569038.125000
446     -1570837.375000
447     -1572612.125000
448     -1574380.875000
449     -1576138.375000
450     -1577884.000000
451     -1579609.125000
452     -1581332.250000
453     -1583048.125000
454     -1584741.250000
455     -1586426.750000
456     -1588106.500000
457     -1589772.375000
458     -1591421.750000
459     -1593057.750000
460     -1594694.000000
461     -1596310.250000
462     -1597919.750000
463     -1599517.500000
464     -1601105.750000
465     -1602680.750000
466     -1604249.500000
467     -1605804.500000
468     -1607346.500000
469     -1608879.875000
470     -1610404.125000
471     -1611913.250000
472     -1613412.625000
473     -1614903.750000
474     -1616379.250000
475     -1617846.500000
476     -1619301.500000
477     -1620751.750000
478     -1622187.125000
479     -1623609.125000
480     -1625030.625000
481     -1626434.375000
482     -1627824.500000
483     -1629205.750000
484     -1630582.000000
485     -1631947.125000
486     -1633295.125000
487     -1634638.250000
488     -1635971.750000
489     -1637298.000000
490     -1638609.750000
491     -1639911.250000
492     -1641205.500000
493     -1642488.250000
494     -1643758.250000
495     -1645023.250000
496     -1646275.875000
497     -1647516.250000
498     -1648750.875000
499     -1649973.375000
500     -1651185.250000
501     -1652383.625000
502     -1653584.875000
503     -1654767.750000
504     -1655943.500000
505     -1657109.375000
506     -1658263.000000
507     -1659403.375000
508     -1660545.250000
509     -1661677.750000
510     -1662791.125000
511     -1663902.500000
512     -1665004.375000
513     -1666099.500000
514     -1667183.125000
515     -1668253.750000
516     -1669318.750000
517     -1670372.375000
518     -1671416.750000
519     -1672455.500000
520     -1673489.500000
521     -1674503.875000
522     -1675519.250000
523     -1676525.250000
524     -1677521.500000
525     -1678510.875000
526     -1679493.875000
527     -1680463.750000
528     -1681426.000000
529     -1682386.125000
530     -1683329.000000
531     -1684272.750000
532     -1685204.750000
533     -1686126.875000
534     -1687044.250000
535     -1687957.375000
536     -1688857.000000
537     -1689752.750000
538     -1690642.000000
539     -1691519.000000
540     -1692390.125000
541     -1693254.000000
542     -1694104.375000
543     -1694955.500000
544     -1695800.750000
545     -1696634.500000
546     -1697462.875000
547     -1698284.125000
548     -1699099.750000
549     -1699906.500000
550     -1700705.500000
551     -1701502.625000
552     -1702291.750000
553     -1703074.500000
554     -1703842.500000
555     -1704613.750000
556     -1705365.875000
557     -1706115.750000
558     -1706864.000000
559     -1707599.625000
560     -1708328.125000
561     -1709049.625000
562     -1709770.000000
563     -1710480.750000
564     -1711180.875000
565     -1711880.125000
566     -1712569.000000
567     -1713256.375000
568     -1713935.000000
569     -1714607.250000
570     -1715273.750000
571     -1715926.000000
572     -1716576.125000
573     -1717222.250000
574     -1717859.625000
575     -1718494.375000
576     -1719116.000000
577     -1719739.750000
578     -1720353.750000
579     -1720961.875000
580     -1721564.500000
581     -1722159.750000
582     -1722755.750000
583     -1723335.750000
584     -1723917.000000
585     -1724493.000000
586     -1725063.250000
587     -1725630.000000
588     -1726188.750000
589     -1726743.500000
590     -1727295.000000
591     -1727838.500000
592     -1728373.875000
593     -1728908.000000
594     -1729437.500000
595     -1729962.250000
596     -1730482.500000
597     -1730997.000000
598     -1731506.375000
599     -1732015.500000
600     -1732519.375000
601     -1733011.625000
602     -1733504.500000
603     -1733994.000000
604     -1734476.750000
605     -1734957.500000
606     -1735427.750000
607     -1735899.250000
608     -1736365.750000
609     -1736830.125000
610     -1737283.500000
611     -1737741.375000
612     -1738189.750000
613     -1738634.375000
614     -1739074.000000
615     -1739511.750000
616     -1739945.000000
617     -1740375.500000
618     -1740802.250000
619     -1741224.000000
620     -1741642.750000
621     -1742058.625000
622     -1742467.000000
623     -1742875.000000
624     -1743277.875000
625     -1743679.125000
626     -1744075.750000
627     -1744470.750000
628     -1744858.875000
629     -1745245.500000
630     -1745628.000000
631     -1746008.125000
632     -1746381.625000
633     -1746753.375000
634     -1747123.625000
635     -1747488.125000
636     -1747849.500000
637     -1748208.250000
638     -1748563.250000
639     -1748915.625000
640     -1749265.500000
641     -1749609.125000
642     -1749955.500000
643     -1750291.000000
644     -1750630.750000
645     -1750965.250000
646     -1751294.625000
647     -1751624.500000
648     -1751949.125000
649     -1752272.500000
650     -1752592.000000
651     -1752909.375000
652     -1753224.250000
653     -1753537.000000
654     -1753843.500000
655     -1754152.000000
656     -1754456.250000
657     -1754758.125000
658     -1755057.625000
659     -1755358.000000
660     -1755647.875000
661     -1755942.500000
662     -1756229.375000
663     -1756517.500000
664     -1756800.750000
665     -1757083.500000
666     -1757363.125000
667     -1757641.250000
668     -1757917.000000
669     -1758190.375000
670     -1758461.250000
671     -1758728.750000
672     -1758995.625000
673     -1759259.250000
674     -1759521.250000
675     -1759779.000000
676     -1760037.250000
677     -1760292.250000
678     -1760547.125000
679     -1760798.250000
680     -1761047.000000
681     -1761294.125000
682     -1761539.750000
683     -1761784.000000
684     -1762024.750000
685     -1762263.875000
686     -1762502.375000
687     -1762738.250000
688     -1762972.250000
689     -1763204.500000
690     -1763436.250000
691     -1763664.500000
692     -1763891.750000
693     -1764116.000000
694     -1764338.875000
695     -1764561.625000
696     -1764780.375000
697     -1765000.750000
698     -1765216.875000
699     -1765432.000000
700     -1765646.250000
701     -1765856.750000
702     -1766069.375000
703     -1766276.500000
704     -1766483.375000
705     -1766690.750000
706     -1766893.750000
707     -1767096.875000
708     -1767295.750000
709     -1767496.500000
710     -1767694.625000
711     -1767891.750000
712     -1768086.500000
713     -1768281.500000
714     -1768474.500000
715     -1768663.625000
716     -1768854.375000
717     -1769041.500000
718     -1769227.125000
719     -1769414.500000
720     -1769597.125000
721     -1769781.750000
722     -1769961.750000
723     -1770143.250000
724     -1770322.500000
725     -1770501.250000
726     -1770678.250000
727     -1770853.375000
728     -1771027.500000
729     -1771201.250000
730     -1771373.750000
731     -1771544.250000
732     -1771715.000000
733     -1771884.250000
734     -1772052.250000
735     -1772216.000000
736     -1772383.750000
737     -1772547.250000
738     -1772710.625000
739     -1772872.250000
740     -1773032.875000
741     -1773191.625000
742     -1773353.250000
743     -1773509.750000
744     -1773667.250000
745     -1773820.125000
746     -1773975.750000
747     -1774129.375000
748     -1774282.500000
749     -1774434.000000
750     -1774584.250000
751     -1774734.375000
752     -1774883.000000
753     -1775030.250000
754     -1775177.875000
755     -1775322.500000
756     -1775468.375000
757     -1775610.500000
758     -1775754.125000
759     -1775896.500000
760     -1776038.375000
761     -1776178.250000
762     -1776318.125000
763     -1776457.500000
764     -1776593.375000
765     -1776731.500000
766     -1776867.000000
767     -1777002.125000
768     -1777134.250000
769     -1777266.625000
770     -1777399.250000
771     -1777530.250000
772     -1777661.750000
773     -1777791.250000
774     -1777920.125000
775     -1778048.875000
776     -1778176.750000
777     -1778305.000000
778     -1778430.375000
779     -1778556.000000
780     -1778680.000000
781     -1778804.750000
782     -1778928.875000
783     -1779050.375000
784     -1779174.000000
785     -1779292.625000
786     -1779412.000000
787     -1779532.500000
788     -1779651.500000
789     -1779768.500000
790     -1779884.750000
791     -1780001.625000
792     -1780117.000000
793     -1780232.250000
794     -1780345.750000
795     -1780458.875000
796     -1780570.625000
797     -1780684.750000
798     -1780793.625000
799     -1780907.250000
800     -1781017.500000
801     -1781127.000000
802     -1781236.125000
803     -1781343.875000
804     -1781452.250000
805     -1781558.750000
806     -1781665.625000
807     -1781771.500000
808     -1781875.250000
809     -1781980.125000
810     -1782084.750000
811     -1782187.625000
812     -1782291.000000
813     -1782393.500000
814     -1782494.500000
815     -1782596.125000
816     -1782697.250000
817     -1782797.500000
818     -1782897.375000
819     -1782996.375000
820     -1783094.500000
821     -1783192.000000
822     -1783290.500000
823     -1783388.500000
824     -1783484.750000
825     -1783581.250000
826     -1783677.750000
827     -1783773.000000
828     -1783867.500000
829     -1783962.250000
830     -1784056.750000
831     -1784150.125000
832     -1784243.375000
833     -1784336.500000
834     -1784428.375000
835     -1784520.375000
836     -1784611.375000
837     -1784701.250000
838     -1784793.250000
839     -1784883.250000
840     -1784973.000000
841     -1785062.000000
842     -1785150.000000
843     -1785238.375000
844     -1785327.000000
845     -1785414.250000
846     -1785501.000000
847     -1785588.250000
848     -1785673.250000
849     -1785759.500000
850     -1785845.000000
851     -1785930.625000
852     -1786014.750000
853     -1786097.750000
854     -1786182.000000
855     -1786265.875000
856     -1786348.000000
857     -1786430.500000
858     -1786513.500000
859     -1786594.750000
860     -1786676.500000
861     -1786756.625000
862     -1786838.500000
863     -1786917.000000
864     -1786996.125000
865     -1787075.125000
866     -1787154.250000
867     -1787232.500000
868     -1787310.375000
869     -1787388.000000
870     -1787467.500000
871     -1787543.500000
872     -1787619.625000
873     -1787695.375000
874     -1787773.250000
875     -1787848.125000
876     -1787923.250000
877     -1787998.000000
878     -1788072.000000
879     -1788147.250000
880     -1788221.250000
881     -1788295.500000
882     -1788368.125000
883     -1788439.875000
884     -1788513.000000
885     -1788584.250000
886     -1788655.750000
887     -1788727.250000
888     -1788798.125000
889     -1788868.125000
890     -1788938.750000
891     -1789008.375000
892     -1789078.000000
893     -1789148.125000
894     -1789217.000000
895     -1789286.375000
896     -1789354.000000
897     -1789422.750000
898     -1789490.750000
899     -1789558.750000
900     -1789626.125000
901     -1789693.250000
902     -1789760.750000
903     -1789826.500000
904     -1789892.250000
905     -1789958.500000
906     -1790023.500000
907     -1790089.000000
908     -1790154.250000
909     -1790219.000000
910     -1790283.500000
911     -1790347.125000
912     -1790411.500000
913     -1790475.750000
914     -1790538.250000
915     -1790601.125000
916     -1790663.000000
917     -1790725.500000
918     -1790787.750000
919     -1790849.625000
920     -1790910.375000
921     -1790972.125000
922     -1791034.000000
923     -1791095.125000
924     -1791156.000000
925     -1791216.250000
926     -1791277.500000
927     -1791337.000000
928     -1791397.250000
929     -1791455.500000
930     -1791515.500000
931     -1791574.000000
932     -1791633.250000
933     -1791691.875000
934     -1791749.375000
935     -1791807.000000
936     -1791864.000000
937     -1791921.875000
938     -1791979.250000
939     -1792036.125000
940     -1792093.375000
941     -1792149.125000
942     -1792205.375000
943     -1792262.125000
944     -1792317.250000
945     -1792372.500000
946     -1792428.750000
947     -1792483.250000
948     -1792537.500000
949     -1792592.500000
950     -1792647.750000
951     -1792702.250000
952     -1792755.750000
953     -1792810.250000
954     -1792863.750000
955     -1792917.000000
956     -1792970.875000
957     -1793023.125000
958     -1793075.750000
959     -1793129.000000
960     -1793181.125000
961     -1793233.500000
962     -1793284.500000
963     -1793336.750000
964     -1793388.250000
965     -1793440.000000
966     -1793491.000000
967     -1793542.750000
968     -1793594.000000
969     -1793643.750000
970     -1793695.500000
971     -1793745.250000
972     -1793795.500000
973     -1793845.875000
974     -1793894.750000
975     -1793945.250000
976     -1793994.125000
977     -1794044.500000
978     -1794093.250000
979     -1794141.750000
980     -1794191.000000
981     -1794240.000000
982     -1794287.750000
983     -1794336.250000
984     -1794384.000000
985     -1794433.000000
986     -1794480.250000
987     -1794528.000000
988     -1794575.625000
989     -1794623.125000
990     -1794670.125000
991     -1794717.500000
992     -1794763.750000
993     -1794811.375000
994     -1794857.750000
995     -1794904.625000
996     -1794951.375000
997     -1794997.250000
998     -1795042.875000
999     -1795089.250000
1000    -1795134.500000
1001    -1795179.750000
1002    -1795224.750000
1003    -1795270.625000
1004    -1795316.250000
1005    -1795360.250000
1006    -1795404.500000
1007    -1795449.750000
1008    -1795494.125000
1009    -1795538.875000
1010    -1795583.500000
1011    -1795628.000000
1012    -1795671.500000
1013    -1795716.000000
1014    -1795758.500000
1015    -1795802.625000
1016    -1795846.750000
1017    -1795889.250000
1018    -1795932.375000
1019    -1795975.250000
1020    -1796018.250000
1021    -1796061.500000
1022    -1796104.500000
1023    -1796147.000000
1024    -1796189.000000
1025    -1796232.000000
1026    -1796274.000000
1027    -1796315.500000
1028    -1796358.000000
1029    -1796399.500000
1030    -1796441.250000
1031    -1796482.750000
1032    -1796523.750000
1033    -1796565.125000
1034    -1796606.625000
1035    -1796647.750000
1036    -1796688.000000
1037    -1796729.250000
1038    -1796769.750000
1039    -1796809.875000
1040    -1796850.250000
1041    -1796889.750000
1042    -1796930.125000
1043    -1796969.750000
1044    -1797009.250000
1045    -1797049.500000
1046    -1797089.000000
1047    -1797128.000000
1048    -1797167.375000
1049    -1797206.500000
1050    -1797245.000000
1051    -1797284.000000
1052    -1797323.000000
1053    -1797361.250000
1054    -1797399.750000
1055    -1797438.500000
1056    -1797478.000000
1057    -1797515.500000
1058    -1797554.125000
1059    -1797592.125000
1060    -1797630.750000
1061    -1797668.125000
1062    -1797706.750000
1063    -1797744.000000
1064    -1797783.000000
1065    -1797820.250000
1066    -1797858.125000
1067    -1797895.000000
1068    -1797932.500000
1069    -1797970.000000
1070    -1798007.500000
1071    -1798043.750000
1072    -1798081.500000
1073    -1798117.750000
1074    -1798154.750000
1075    -1798191.250000
1076    -1798227.875000
1077    -1798264.250000
1078    -1798300.500000
1079    -1798337.500000
1080    -1798373.250000
1081    -1798409.750000
1082    -1798444.875000
1083    -1798481.000000
1084    -1798516.500000
1085    -1798552.750000
1086    -1798588.250000
1087    -1798623.500000
1088    -1798659.250000
1089    -1798694.000000
1090    -1798729.000000
1091    -1798763.750000
1092    -1798798.375000
1093    -1798833.625000
1094    -1798868.500000
1095    -1798902.500000
1096    -1798936.750000
1097    -1798971.250000
1098    -1799005.375000
1099    -1799040.250000
1100    -1799074.375000
1101    -1799108.250000
1102    -1799142.000000
1103    -1799175.750000
1104    -1799210.000000
1105    -1799242.750000
1106    -1799276.750000
1107    -1799309.750000
1108    -1799342.250000
1109    -1799375.250000
1110    -1799408.000000
1111    -1799440.500000
1112    -1799473.500000
1113    -1799506.000000
1114    -1799538.875000
1115    -1799570.500000
1116    -1799602.750000
1117    -1799635.375000
1118    -1799667.625000
1119    -1799699.500000
1120    -1799731.750000
1121    -1799763.750000
1122    -1799796.000000
1123    -1799828.375000
1124    -1799860.250000
1125    -1799891.000000
1126    -1799923.000000
1127    -1799954.375000
1128    -1799986.000000
1129    -1800016.500000
1130    -1800048.500000
1131    -1800079.500000
1132    -1800110.750000
1133    -1800141.375000
1134    -1800173.500000
1135    -1800203.625000
1136    -1800234.750000
1137    -1800264.750000
1138    -1800295.750000
1139    -1800326.625000
1140    -1800356.500000
1141    -1800386.750000
1142    -1800417.250000
1143    -1800447.750000
1144    -1800477.625000
1145    -1800507.875000
1146    -1800537.750000
1147    -1800568.000000
1148    -1800596.500000
1149    -1800626.625000
1150    -1800656.500000
1151    -1800686.750000
1152    -1800715.750000
1153    -1800744.625000
1154    -1800774.500000
1155    -1800803.875000
1156    -1800833.125000
1157    -1800862.250000
1158    -1800891.125000
1159    -1800920.250000
1160    -1800949.250000
1161    -1800977.750000
1162    -1801007.000000
1163    -1801035.000000
1164    -1801064.000000
1165    -1801092.500000
1166    -1801121.500000
1167    -1801150.000000
1168    -1801178.500000
1169    -1801207.000000
1170    -1801235.625000
1171    -1801263.250000
1172    -1801291.250000
1173    -1801319.750000
1174    -1801347.000000
1175    -1801375.500000
1176    -1801403.125000
1177    -1801430.875000
1178    -1801458.000000
1179    -1801486.500000
1180    -1801513.375000
1181    -1801540.500000
1182    -1801567.250000
1183    -1801594.875000
1184    -1801622.375000
1185    -1801649.375000
1186    -1801676.500000
1187    -1801702.250000
1188    -1801730.000000
1189    -1801757.250000
1190    -1801783.875000
1191    -1801810.500000
1192    -1801837.750000
1193    -1801864.250000
1194    -1801890.000000
1195    -1801916.875000
1196    -1801943.625000
1197    -1801969.875000
1198    -1801996.375000
1199    -1802022.750000
1200    -1802049.375000
1201    -1802075.250000
1202    -1802102.000000
1203    -1802127.000000
1204    -1802154.000000
1205    -1802179.000000
1206    -1802204.750000
1207    -1802230.625000
1208    -1802256.500000
1209    -1802281.500000
1210    -1802306.500000
1211    -1802332.750000
1212    -1802357.750000
1213    -1802383.500000
1214    -1802408.250000
1215    -1802433.000000
1216    -1802458.375000
1217    -1802483.000000
1218    -1802508.625000
1219    -1802533.250000
1220    -1802558.000000
1221    -1802583.250000
1222    -1802607.750000
1223    -1802631.625000
1224    -1802656.750000
1225    -1802681.625000
1226    -1802706.125000
1227    -1802730.375000
1228    -1802754.750000
1229    -1802779.250000
1230    -1802803.625000
1231    -1802827.500000
1232    -1802851.500000
1233    -1802875.750000
1234    -1802899.875000
1235    -1802924.000000
1236    -1802948.625000
1237    -1802972.000000
1238    -1802996.500000
1239    -1803019.875000
1240    -1803044.000000
1241    -1803067.000000
1242    -1803091.375000
1243    -1803115.250000
1244    -1803138.625000
1245    -1803162.500000
1246    -1803186.000000
1247    -1803209.500000
1248    -1803233.250000
1249    -1803256.000000
1250    -1803279.750000
1251    -1803302.750000
1252    -1803326.250000
1253    -1803349.375000
1254    -1803373.250000
1255    -1803395.625000
1256    -1803419.000000
1257    -1803442.125000
1258    -1803465.125000
1259    -1803488.000000
1260    -1803511.250000
1261    -1803533.750000
1262    -1803556.750000
1263    -1803579.500000
1264    -1803601.250000
1265    -1803623.750000
1266    -1803647.250000
1267    -1803668.500000
1268    -1803691.500000
1269    -1803713.875000
1270    -1803735.625000
1271    -1803758.500000
1272    -1803780.375000
1273    -1803802.250000
1274    -1803824.500000
1275    -1803847.125000
1276    -1803868.500000
1277    -1803891.250000
1278    -1803913.000000
1279    -1803934.625000
1280    -1803956.750000
1281    -1803978.500000
1282    -1803999.750000
1283    -1804021.500000
1284    -1804042.875000
1285    -1804064.500000
1286    -1804086.250000
1287    -1804107.750000
1288    -1804129.000000
1289    -1804150.125000
1290    -1804172.250000
1291    -1804193.750000
1292    -1804215.250000
1293    -1804235.500000
1294    -1804257.250000
1295    -1804278.000000
1296    -1804299.125000
1297    -1804320.500000
1298    -1804341.750000
1299    -1804363.250000
1300    -1804383.250000
1301    -1804403.750000
1302    -1804425.250000
1303    -1804446.250000
1304    -1804467.500000
1305    -1804487.750000
1306    -1804508.375000
1307    -1804529.000000
1308    -1804549.250000
1309    -1804570.125000
1310    -1804591.250000
1311    -1804611.750000
1312    -1804631.375000
1313    -1804651.750000
1314    -1804672.500000
1315    -1804692.875000
1316    -1804712.750000
1317    -1804733.750000
1318    -1804753.375000
1319    -1804773.500000
1320    -1804793.375000
1321    -1804814.125000
1322    -1804833.250000
1323    -1804853.000000
1324    -1804873.500000
1325    -1804893.500000
1326    -1804913.000000
1327    -1804933.250000
1328    -1804952.750000
1329    -1804972.750000
1330    -1804992.750000
1331    -1805012.000000
1332    -1805031.625000
1333    -1805052.125000
1334    -1805071.125000
1335    -1805090.750000
1336    -1805110.750000
1337    -1805129.750000
1338    -1805149.125000
1339    -1805169.000000
1340    -1805187.875000
1341    -1805207.500000
1342    -1805226.500000
1343    -1805245.375000
1344    -1805264.625000
1345    -1805284.500000
1346    -1805303.250000
1347    -1805322.250000
1348    -1805341.125000
1349    -1805360.500000
1350    -1805378.875000
1351    -1805398.250000
1352    -1805417.500000
1353    -1805435.375000
1354    -1805454.375000
1355    -1805473.500000
1356    -1805492.500000
1357    -1805511.375000
1358    -1805529.375000
1359    -1805547.250000
1360    -1805566.750000
1361    -1805585.625000
1362    -1805604.125000
1363    -1805622.250000
1364    -1805641.500000
1365    -1805660.250000
1366    -1805678.750000
1367    -1805696.875000
1368    -1805715.250000
1369    -1805733.875000
1370    -1805752.125000
1371    -1805770.375000
1372    -1805788.625000
1373    -1805806.375000
1374    -1805824.500000
1375    -1805842.750000
1376    -1805861.625000
1377    -1805879.375000
1378    -1805896.750000
1379    -1805915.250000
1380    -1805933.500000
1381    -1805952.000000
1382    -1805969.875000
1383    -1805988.000000
1384    -1806005.750000
1385    -1806023.875000
1386    -1806041.375000
1387    -1806059.250000
1388    -1806077.250000
1389    -1806094.625000
1390    -1806112.375000
1391    -1806130.250000
1392    -1806147.875000
1393    -1806165.250000
1394    -1806182.750000
1395    -1806201.000000
1396    -1806218.000000
1397    -1806235.375000
1398    -1806252.625000
1399    -1806270.500000
1400    -1806287.500000
1401    -1806305.000000
1402    -1806322.250000
1403    -1806339.500000
1404    -1806357.250000
1405    -1806373.500000
1406    -1806391.000000
1407    -1806408.125000
1408    -1806425.000000
1409    -1806442.250000
1410    -1806459.250000
1411    -1806476.375000
1412    -1806493.250000
1413    -1806509.500000
1414    -1806526.750000
1415    -1806543.625000
1416    -1806560.625000
1417    -1806577.250000
1418    -1806594.250000
1419    -1806610.375000
1420    -1806626.250000
1421    -1806644.000000
1422    -1806660.000000
1423    -1806676.750000
1424    -1806693.375000
1425    -1806710.125000
1426    -1806725.750000
1427    -1806742.625000
1428    -1806758.875000
1429    -1806775.125000
1430    -1806791.750000
1431    -1806807.750000
1432    -1806824.250000
1433    -1806840.500000
1434    -1806856.500000
1435    -1806872.500000
1436    -1806888.500000
1437    -1806904.750000
1438    -1806921.000000
1439    -1806937.250000
1440    -1806953.250000
1441    -1806968.750000
1442    -1806985.000000
1443    -1807000.625000
1444    -1807016.250000
1445    -1807032.250000
1446    -1807047.250000
1447    -1807063.250000
1448    -1807079.000000
1449    -1807094.750000
1450    -1807110.750000
1451    -1807126.250000
1452    -1807141.875000
1453    -1807157.250000
1454    -1807173.000000
1455    -1807188.750000
1456    -1807204.250000
1457    -1807219.375000
1458    -1807235.750000
1459    -1807250.500000
1460    -1807266.000000
1461    -1807281.750000
1462    -1807297.000000
1463    -1807312.125000
1464    -1807327.000000
1465    -1807342.750000
1466    -1807357.625000
1467    -1807373.375000
1468    -1807388.750000
1469    -1807403.750000
1470    -1807418.125000
1471    -1807434.000000
1472    -1807449.125000
1473    -1807464.125000
1474    -1807479.125000
1475    -1807494.250000
1476    -1807509.250000
1477    -1807523.750000
1478    -1807538.875000
1479    -1807553.500000
1480    -1807568.375000
1481    -1807583.500000
1482    -1807598.125000
1483    -1807613.250000
1484    -1807627.375000
1485    -1807642.500000
1486    -1807656.750000
1487    -1807671.250000
1488    -1807686.250000
1489    -1807700.750000
1490    -1807715.250000
1491    -1807730.125000
1492    -1807744.125000
1493    -1807758.500000
1494    -1807772.875000
1495    -1807786.500000
1496    -1807801.250000
1497    -1807816.250000
1498    -1807829.500000
1499    -1807844.500000
1500    -1807858.000000
1501    -1807872.000000
1502    -1807886.500000
1503    -1807900.250000
1504    -1807914.250000
1505    -1807928.375000
1506    -1807942.500000
1507    -1807956.250000
1508    -1807970.500000
1509    -1807984.000000
1510    -1807997.875000
1511    -1808011.875000
1512    -1808025.875000
1513    -1808039.500000
1514    -1808053.250000
1515    -1808066.750000
1516    -1808080.625000
1517    -1808094.000000
1518    -1808107.500000
1519    -1808122.250000
1520    -1808135.250000
1521    -1808148.250000
1522    -1808162.250000
1523    -1808175.875000
1524    -1808188.750000
1525    -1808203.125000
1526    -1808215.875000
1527    -1808229.125000
1528    -1808242.125000
1529    -1808256.000000
1530    -1808269.250000
1531    -1808282.750000
1532    -1808295.500000
1533    -1808308.500000
1534    -1808322.125000
1535    -1808335.875000
1536    -1808348.500000
1537    -1808361.500000
1538    -1808374.625000
1539    -1808387.750000
1540    -1808400.500000
1541    -1808413.500000
1542    -1808426.750000
1543    -1808439.250000
1544    -1808452.375000
1545    -1808465.375000
1546    -1808478.500000
1547    -1808491.000000
1548    -1808503.500000
1549    -1808516.625000
1550    -1808529.250000
1551    -1808542.500000
1552    -1808555.000000
1553    -1808568.375000
1554    -1808580.750000
1555    -1808593.875000
1556    -1808606.250000
1557    -1808618.500000
1558    -1808631.500000
1559    -1808644.000000
1560    -1808656.250000
1561    -1808669.125000
1562    -1808681.625000
1563    -1808694.500000
1564    -1808706.625000
1565    -1808718.625000
1566    -1808732.000000
1567    -1808743.250000
1568    -1808756.500000
1569    -1808768.750000
1570    -1808781.250000
1571    -1808793.750000
1572    -1808806.250000
1573    -1808818.250000
1574    -1808830.500000
1575    -1808842.250000
1576    -1808855.250000
1577    -1808867.125000
1578    -1808879.375000
1579    -1808892.000000
1580    -1808904.250000
1581    -1808916.375000
1582    -1808928.500000
1583    -1808941.250000
1584    -1808952.750000
1585    -1808965.125000
1586    -1808977.250000
1587    -1808989.250000
1588    -1809001.000000
1589    -1809013.625000
1590    -1809024.625000
1591    -1809037.250000
1592    -1809049.000000
1593    -1809061.000000
1594    -1809072.750000
1595    -1809084.750000
1596    -1809096.750000
1597    -1809108.500000
1598    -1809120.250000
1599    -1809131.875000
1600    -1809143.250000
1601    -1809155.250000
1602    -1809167.750000
1603    -1809178.250000
1604    -1809190.500000
1605    -1809201.500000
1606    -1809213.750000
1607    -1809225.250000
1608    -1809236.500000
1609    -1809248.000000
1610    -1809260.125000
1611    -1809271.625000
1612    -1809282.375000
1613    -1809293.875000
1614    -1809305.125000
1615    -1809317.125000
1616    -1809328.000000
1617    -1809340.000000
1618    -1809350.500000
1619    -1809362.250000
1620    -1809373.750000
1621    -1809385.000000
1622    -1809396.750000
1623    -1809407.875000
1624    -1809419.000000
1625    -1809430.250000
1626    -1809441.500000
1627    -1809452.250000
1628    -1809464.000000
1629    -1809475.500000
1630    -1809486.750000
1631    -1809498.000000
1632    -1809509.500000
1633    -1809520.375000
1634    -1809531.250000
1635    -1809542.750000
1636    -1809553.125000
1637    -1809564.875000
1638    -1809575.500000
1639    -1809586.250000
1640    -1809597.500000
1641    -1809607.625000
1642    -1809619.875000
1643    -1809630.375000
1644    -1809641.500000
1645    -1809652.375000
1646    -1809662.500000
1647    -1809674.250000
1648    -1809684.500000
1649    -1809695.000000
1650    -1809706.875000
1651    -1809717.250000
1652    -1809728.000000
1653    -1809738.875000
1654    -1809749.000000
1655    -1809759.750000
1656    -1809769.875000
1657    -1809781.375000
1658    -1809791.500000
1659    -1809802.750000
1660    -1809812.750000
1661    -1809823.500000
1662    -1809834.125000
1663    -1809844.750000
1664    -1809854.875000
1665    -1809865.500000
1666    -1809876.375000
1667    -1809885.625000
1668    -1809896.750000
1669    -1809907.000000
1670    -1809917.625000
1671    -1809928.625000
1672    -1809938.500000
1673    -1809948.875000
1674    -1809959.125000
1675    -1809969.500000
1676    -1809979.500000
1677    -1809990.750000
1678    -1810000.625000
1679    -1810010.750000
1680    -1810021.250000
1681    -1810031.625000
1682    -1810041.750000
1683    -1810051.750000
1684    -1810062.250000
1685    -1810072.500000
1686    -1810082.875000
1687    -1810093.000000
1688    -1810103.000000
1689    -1810113.375000
1690    -1810123.750000
1691    -1810134.250000
1692    -1810144.000000
1693    -1810154.500000
1694    -1810164.750000
1695    -1810174.875000
1696    -1810185.375000
1697    -1810195.000000
1698    -1810205.500000
1699    -1810215.375000
1700    -1810225.625000
1701    -1810235.500000
1702    -1810245.750000
1703    -1810256.125000
1704    -1810266.250000
1705    -1810276.625000
1706    -1810285.875000
1707    -1810296.250000
1708    -1810306.250000
1709    -1810316.125000
1710    -1810326.125000
1711    -1810336.250000
1712    -1810346.500000
1713    -1810357.125000
1714    -1810366.125000
1715    -1810376.375000
1716    -1810386.250000
1717    -1810396.000000
1718    -1810406.000000
1719    -1810416.000000
1720    -1810426.250000
1721    -1810435.625000
1722    -1810446.000000
1723    -1810456.000000
1724    -1810465.875000
1725    -1810474.750000
1726    -1810485.000000
1727    -1810494.750000
1728    -1810504.500000
1729    -1810514.500000
1730    -1810524.250000
1731    -1810534.000000
1732    -1810543.750000
1733    -1810553.750000
1734    -1810563.625000
1735    -1810572.750000
1736    -1810582.875000
1737    -1810592.625000
1738    -1810602.875000
1739    -1810612.375000
1740    -1810621.750000
1741    -1810631.500000
1742    -1810641.125000
1743    -1810651.250000
1744    -1810660.750000
1745    -1810669.750000
1746    -1810680.000000
1747    -1810689.625000
1748    -1810699.500000
1749    -1810709.250000
1750    -1810718.500000
1751    -1810728.125000
1752    -1810738.000000
1753    -1810747.375000
1754    -1810757.250000
1755    -1810766.375000
1756    -1810776.000000
1757    -1810786.375000
1758    -1810795.750000
1759    -1810805.250000
1760    -1810814.625000
1761    -1810824.250000
1762    -1810833.375000
1763    -1810843.125000
1764    -1810852.500000
1765    -1810862.250000
1766    -1810871.750000
1767    -1810881.250000
1768    -1810890.750000
1769    -1810900.250000
1770    -1810909.500000
1771    -1810919.125000
1772    -1810928.500000
1773    -1810938.250000
1774    -1810947.125000
1775    -1810957.250000
1776    -1810966.500000
1777    -1810976.250000
1778    -1810985.250000
1779    -1810994.750000
1780    -1811004.500000
1781    -1811013.750000
1782    -1811023.125000
1783    -1811032.750000
1784    -1811042.250000
1785    -1811051.875000
1786    -1811060.750000
1787    -1811069.875000
1788    -1811079.500000
1789    -1811089.250000
1790    -1811097.750000
1791    -1811107.750000
1792    -1811117.250000
1793    -1811126.000000
1794    -1811135.750000
1795    -1811144.750000
1796    -1811154.250000
1797    -1811163.250000
1798    -1811173.000000
1799    -1811182.125000
1800    -1811191.500000
1801    -1811201.000000
1802    -1811210.250000
1803    -1811219.500000
1804    -1811228.500000
1805    -1811237.500000
1806    -1811247.000000
1807    -1811256.000000
1808    -1811265.625000
1809    -1811274.750000
1810    -1811284.000000
1811    -1811293.500000
1812    -1811302.250000
1813    -1811312.250000
1814    -1811321.500000
1815    -1811330.500000
1816    -1811339.375000
1817    -1811348.625000
1818    -1811358.000000
1819    -1811366.250000
1820    -1811376.000000
1821    -1811385.375000
1822    -1811394.250000
1823    -1811403.500000
1824    -1811412.625000
1825    -1811422.000000
1826    -1811431.750000
1827    -1811440.250000
1828    -1811449.250000
1829    -1811458.375000
1830    -1811467.625000
1831    -1811476.750000
1832    -1811486.250000
1833    -1811495.625000
1834    -1811504.250000
1835    -1811513.375000
1836    -1811522.250000
1837    -1811531.750000
1838    -1811540.250000
1839    -1811549.750000
1840    -1811558.500000
1841    -1811568.000000
1842    -1811577.250000
1843    -1811585.625000
1844    -1811595.375000
1845    -1811604.250000
1846    -1811612.875000
1847    -1811622.250000
1848    -1811631.125000
1849    -1811640.000000
1850    -1811649.000000
1851    -1811658.250000
1852    -1811666.750000
1853    -1811675.875000
1854    -1811684.750000
1855    -1811693.375000
1856    -1811702.875000
1857    -1811711.375000
1858    -1811720.250000
1859    -1811729.000000
1860    -1811738.500000
1861    -1811747.125000
1862    -1811756.375000
1863    -1811765.000000
1864    -1811774.250000
1865    -1811782.625000
1866    -1811791.250000
1867    -1811800.750000
1868    -1811809.750000
1869    -1811818.750000
1870    -1811827.375000
1871    -1811836.500000
1872    -1811845.125000
1873    -1811853.875000
1874    -1811862.750000
1875    -1811871.875000
1876    -1811880.375000
1877    -1811889.500000
1878    -1811898.500000
1879    -1811907.250000
1880    -1811916.125000
1881    -1811924.500000
1882    -1811933.750000
1883    -1811942.750000
1884    -1811951.500000
1885    -1811960.500000
1886    -1811969.250000
1887    -1811978.250000
1888    -1811986.750000
1889    -1811995.750000
1890    -1812004.250000
1891    -1812013.625000
1892    -1812022.125000
1893    -1812031.000000
1894    -1812039.750000
1895    -1812048.125000
1896    -1812057.875000
1897    -1812066.250000
1898    -1812075.000000
1899    -1812083.625000
1900    -1812092.500000
1901    -1812101.250000
1902    -1812110.000000
1903    -1812118.500000
1904    -1812127.750000
1905    -1812136.500000
1906    -1812145.750000
1907    -1812154.375000
1908    -1812162.625000
1909    -1812171.000000
1910    -1812180.000000
1911    -1812188.625000
1912    -1812197.625000
1913    -1812206.250000
1914    -1812214.875000
1915    -1812223.750000
1916    -1812232.750000
1917    -1812241.875000
1918    -1812249.500000
1919    -1812258.375000
1920    -1812267.500000
1921    -1812275.750000
1922    -1812284.875000
1923    -1812293.250000
1924    -1812301.625000
1925    -1812310.875000
1926    -1812319.250000
1927    -1812328.000000
1928    -1812336.750000
1929    -1812345.250000
1930    -1812354.000000
1931    -1812362.875000
1932    -1812371.250000
1933    -1812380.000000
1934    -1812388.500000
1935    -1812397.125000
1936    -1812405.375000
1937    -1812414.250000
1938    -1812423.125000
1939    -1812431.000000
1940    -1812440.250000
1941    -1812448.750000
1942    -1812457.750000
1943    -1812465.500000
1944    -1812474.250000
1945    -1812483.000000
1946    -1812491.750000
1947    -1812499.750000
1948    -1812508.875000
1949    -1812517.000000
1950    -1812525.250000
1951    -1812534.000000
1952    -1812542.500000
1953    -1812551.375000
1954    -1812559.750000
1955    -1812568.125000
1956    -1812576.500000
1957    -1812584.500000
1958    -1812593.000000
1959    -1812601.500000
1960    -1812610.000000
1961    -1812618.500000
1962    -1812626.250000
1963    -1812635.750000
1964    -1812644.125000
1965    -1812652.375000
1966    -1812660.250000
1967    -1812668.750000
1968    -1812677.375000
1969    -1812685.875000
1970    -1812693.875000
1971    -1812702.875000
1972    -1812711.000000
1973    -1812718.750000
1974    -1812727.000000
1975    -1812735.500000
1976    -1812744.250000
1977    -1812751.750000
1978    -1812760.500000
1979    -1812769.000000
1980    -1812777.000000
1981    -1812785.625000
1982    -1812793.750000
1983    -1812802.000000
1984    -1812809.875000
1985    -1812818.125000
1986    -1812826.250000
1987    -1812834.625000
1988    -1812843.000000
1989    -1812850.625000
1990    -1812859.250000
1991    -1812867.250000
1992    -1812875.375000
1993    -1812883.625000
1994    -1812891.625000
1995    -1812900.000000
1996    -1812907.750000
1997    -1812916.000000
1998    -1812924.500000
1999    -1812932.625000
2000    -1812940.500000
2001    -1812948.625000
2002    -1812957.125000
2003    -1812965.000000
2004    -1812972.500000
2005    -1812981.000000
2006    -1812989.000000
2007    -1812997.125000
2008    -1813005.250000
2009    -1813013.000000
2010    -1813021.500000
2011    -1813029.000000
2012    -1813037.500000
2013    -1813044.875000
2014    -1813052.750000
2015    -1813060.875000
2016    -1813068.750000
2017    -1813076.750000
2018    -1813085.000000
2019    -1813093.000000
2020    -1813101.250000
2021    -1813108.500000
2022    -1813116.500000
2023    -1813124.750000
2024    -1813132.250000
2025    -1813140.500000
2026    -1813148.625000
2027    -1813156.750000
2028    -1813164.000000
2029    -1813172.000000
2030    -1813179.375000
2031    -1813187.750000
2032    -1813195.625000
2033    -1813203.750000
2034    -1813211.250000
2035    -1813219.375000
2036    -1813227.500000
2037    -1813235.250000
2038    -1813243.250000
2039    -1813250.625000
2040    -1813258.625000
2041    -1813266.375000
2042    -1813274.000000
2043    -1813282.000000
2044    -1813289.750000
2045    -1813297.250000
2046    -1813305.000000
2047    -1813313.000000
2048    -1813320.500000
2049    -1813328.750000
2050    -1813336.000000
2051    -1813344.250000
2052    -1813351.750000
2053    -1813359.250000
2054    -1813366.750000
2055    -1813374.500000
2056    -1813382.250000
2057    -1813390.000000
2058    -1813397.500000
2059    -1813405.125000
2060    -1813413.250000
2061    -1813420.750000
2062    -1813428.250000
2063    -1813435.750000
2064    -1813443.500000
2065    -1813451.500000
2066    -1813458.750000
2067    -1813466.375000
2068    -1813474.375000
2069    -1813482.000000
2070    -1813489.500000
2071    -1813497.250000
2072    -1813505.000000
2073    -1813511.750000
2074    -1813520.250000
2075    -1813527.500000
2076    -1813535.000000
2077    -1813542.500000
2078    -1813550.250000
2079    -1813557.500000
2080    -1813565.375000
2081    -1813573.375000
2082    -1813580.625000
2083    -1813588.375000
2084    -1813595.750000
2085    -1813603.375000
2086    -1813611.375000
2087    -1813618.750000
2088    -1813625.750000
2089    -1813633.250000
2090    -1813641.250000
2091    -1813648.750000
2092    -1813656.375000
2093    -1813664.375000
2094    -1813671.375000
2095    -1813679.000000
2096    -1813686.625000
2097    -1813694.250000
2098    -1813702.000000
2099    -1813709.750000
2100    -1813716.875000
2101    -1813724.500000
2102    -1813732.500000
2103    -1813739.625000
2104    -1813747.000000
2105    -1813755.000000
2106    -1813762.750000
2107    -1813769.750000
2108    -1813777.125000
2109    -1813785.125000
2110    -1813792.750000
2111    -1813800.125000
2112    -1813807.625000
2113    -1813815.000000
2114    -1813822.750000
2115    -1813830.000000
2116    -1813837.750000
2117    -1813845.500000
2118    -1813852.750000
2119    -1813859.750000
2120    -1813867.375000
2121    -1813875.000000
2122    -1813882.000000
2123    -1813889.625000
2124    -1813897.250000
2125    -1813904.500000
2126    -1813912.625000
2127    -1813919.500000
2128    -1813927.000000
2129    -1813935.000000
2130    -1813942.250000
2131    -1813949.500000
2132    -1813957.000000
2133    -1813964.500000
2134    -1813971.750000
2135    -1813979.250000
2136    -1813986.500000
2137    -1813993.750000
2138    -1814001.250000
2139    -1814008.750000
2140    -1814016.750000
2141    -1814023.500000
2142    -1814031.000000
2143    -1814038.625000
2144    -1814046.375000
2145    -1814053.750000
2146    -1814061.250000
2147    -1814068.750000
2148    -1814076.250000
2149    -1814083.375000
2150    -1814090.875000
2151    -1814098.125000
2152    -1814106.375000
2153    -1814113.500000
2154    -1814121.000000
2155    -1814128.250000
2156    -1814136.000000
2157    -1814143.000000
2158    -1814150.500000
2159    -1814158.500000
2160    -1814165.500000
2161    -1814172.875000
2162    -1814180.000000
2163    -1814187.750000
2164    -1814195.625000
2165    -1814202.500000
2166    -1814210.125000
2167    -1814217.750000
2168    -1814225.125000
2169    -1814232.750000
2170    -1814240.500000
2171    -1814247.250000
2172    -1814255.000000
2173    -1814262.750000
2174    -1814269.750000
2175    -1814277.750000
2176    -1814285.250000
2177    -1814292.500000
2178    -1814300.125000
2179    -1814307.750000
2180    -1814314.875000
2181    -1814322.375000
2182    -1814330.000000
2183    -1814337.250000
2184    -1814344.875000
2185    -1814352.625000
2186    -1814360.000000
2187    -1814367.500000
2188    -1814374.750000
2189    -1814382.250000
2190    -1814389.125000
2191    -1814397.125000
2192    -1814404.500000
2193    -1814412.500000
2194    -1814419.500000
2195    -1814428.000000
2196    -1814435.125000
2197    -1814442.500000
2198    -1814450.000000
2199    -1814457.125000
2200    -1814464.500000
2201    -1814471.875000
2202    -1814479.750000
2203    -1814486.875000
2204    -1814494.750000
2205    -1814502.375000
2206    -1814509.500000
2207    -1814516.625000
2208    -1814524.000000
2209    -1814531.250000
2210    -1814539.000000
2211    -1814546.625000
2212    -1814554.000000
2213    -1814561.250000
2214    -1814568.750000
2215    -1814576.125000
2216    -1814583.500000
2217    -1814590.500000
2218    -1814598.125000
2219    -1814605.250000
2220    -1814612.500000
2221    -1814620.375000
2222    -1814627.000000
2223    -1814635.000000
2224    -1814642.500000
2225    -1814649.625000
2226    -1814657.125000
2227    -1814664.000000
2228    -1814671.750000
2229    -1814678.750000
2230    -1814686.375000
2231    -1814693.250000
2232    -1814700.625000
2233    -1814708.000000
2234    -1814716.000000
2235    -1814722.875000
2236    -1814730.250000
2237    -1814736.500000
2238    -1814744.375000
2239    -1814751.500000
2240    -1814758.875000
2241    -1814765.750000
2242    -1814773.000000
2243    -1814780.500000
2244    -1814787.500000
2245    -1814794.625000
2246    -1814801.375000
2247    -1814808.750000
2248    -1814816.375000
2249    -1814823.750000
2250    -1814830.500000
2251    -1814837.750000
2252    -1814845.125000
2253    -1814852.000000
2254    -1814859.250000
2255    -1814866.625000
2256    -1814873.375000
2257    -1814881.000000
2258    -1814887.500000
2259    -1814894.750000
2260    -1814901.750000
2261    -1814908.625000
2262    -1814916.500000
2263    -1814923.000000
2264    -1814930.000000
2265    -1814937.250000
2266    -1814944.250000
2267    -1814951.500000
2268    -1814958.000000
2269    -1814965.375000
2270    -1814972.375000
2271    -1814979.250000
2272    -1814986.125000
2273    -1814993.500000
2274    -1815000.500000
2275    -1815007.250000
2276    -1815014.500000
2277    -1815021.500000
2278    -1815028.250000
2279    -1815035.500000
2280    -1815042.125000
2281    -1815049.250000
2282    -1815056.250000
2283    -1815063.250000
2284    -1815070.500000
2285    -1815077.250000
2286    -1815084.375000
2287    -1815091.250000
2288    -1815098.500000
2289    -1815104.750000
2290    -1815112.125000
2291    -1815118.750000
2292    -1815125.250000
2293    -1815132.750000
2294    -1815138.750000
2295    -1815146.750000
2296    -1815153.000000
2297    -1815160.000000
2298    -1815166.750000
2299    -1815173.750000
2300    -1815180.875000
2301    -1815188.125000
2302    -1815194.875000
2303    -1815201.500000
2304    -1815208.125000
2305    -1815214.875000
2306    -1815221.875000
2307    -1815228.625000
2308    -1815235.125000
2309    -1815242.250000
2310    -1815249.000000
2311    -1815255.875000
2312    -1815263.000000
2313    -1815269.500000
2314    -1815276.250000
2315    -1815282.875000
2316    -1815289.750000
2317    -1815296.500000
2318    -1815303.250000
2319    -1815310.250000
2320    -1815317.000000
2321    -1815323.625000
2322    -1815330.500000
2323    -1815337.000000
2324    -1815344.000000
2325    -1815350.750000
2326    -1815357.500000
2327    -1815364.000000
2328    -1815370.500000
2329    -1815377.375000
2330    -1815384.125000
2331    -1815391.000000
2332    -1815397.375000
2333    -1815404.250000
2334    -1815410.875000
2335    -1815417.500000
2336    -1815423.875000
2337    -1815430.750000
2338    -1815437.750000
2339    -1815444.375000
2340    -1815450.500000
2341    -1815457.125000
2342    -1815463.875000
2343    -1815470.750000
2344    -1815477.250000
2345    -1815483.500000
2346    -1815490.125000
2347    -1815496.875000
2348    -1815503.375000
2349    -1815509.750000
2350    -1815516.000000
2351    -1815523.000000
2352    -1815529.250000
2353    -1815536.125000
2354    -1815542.500000
2355    -1815549.000000
2356    -1815555.250000
2357    -1815561.875000
2358    -1815568.250000
2359    -1815575.000000
2360    -1815581.000000
2361    -1815587.500000
2362    -1815594.250000
2363    -1815600.750000
2364    -1815607.000000
2365    -1815613.250000
2366    -1815620.125000
2367    -1815626.000000
2368    -1815633.000000
2369    -1815639.000000
2370    -1815645.375000
2371    -1815652.000000
2372    -1815658.500000
2373    -1815664.500000
2374    -1815671.000000
2375    -1815677.625000
2376    -1815683.375000
2377    -1815690.000000
2378    -1815696.500000
2379    -1815703.250000
2380    -1815709.000000
2381    -1815715.000000
2382    -1815721.750000
2383    -1815727.500000
2384    -1815734.000000
2385    -1815740.250000
2386    -1815746.000000
2387    -1815752.500000
2388    -1815758.750000
2389    -1815764.500000
2390    -1815770.625000
2391    -1815776.625000
2392    -1815783.125000
2393    -1815789.250000
2394    -1815795.750000
2395    -1815801.500000
2396    -1815807.500000
2397    -1815813.500000
2398    -1815819.000000
2399    -1815825.250000
2400    -1815831.000000
2401    -1815836.750000
2402    -1815843.000000
2403    -1815849.125000
2404    -1815855.125000
2405    -1815861.250000
2406    -1815867.125000
2407    -1815873.000000
2408    -1815879.250000
2409    -1815884.750000
2410    -1815891.000000
2411    -1815896.750000
2412    -1815902.750000
2413    -1815908.125000
2414    -1815913.375000
2415    -1815920.250000
2416    -1815925.875000
2417    -1815931.500000
2418    -1815937.625000
2419    -1815943.750000
2420    -1815949.375000
2421    -1815955.000000
2422    -1815960.750000
2423    -1815966.500000
2424    -1815972.000000
2425    -1815978.375000
2426    -1815983.750000
2427    -1815989.375000
2428    -1815995.250000
2429    -1816001.000000
2430    -1816006.625000
2431    -1816012.125000
2432    -1816018.000000
2433    -1816023.500000
2434    -1816028.750000
2435    -1816034.750000
2436    -1816040.250000
2437    -1816046.000000
2438    -1816052.000000
2439    -1816057.375000
2440    -1816062.750000
2441    -1816068.625000
2442    -1816073.750000
2443    -1816079.375000
2444    -1816085.250000
2445    -1816090.750000
2446    -1816096.375000
2447    -1816101.750000
2448    -1816107.375000
2449    -1816113.250000
2450    -1816118.625000
2451    -1816124.000000
2452    -1816129.500000
2453    -1816135.250000
2454    -1816140.000000
2455    -1816146.000000
2456    -1816151.250000
2457    -1816156.875000
2458    -1816162.000000
2459    -1816167.750000
2460    -1816173.250000
2461    -1816178.750000
2462    -1816183.750000
2463    -1816189.500000
2464    -1816194.750000
2465    -1816199.375000
2466    -1816205.000000
2467    -1816210.500000
2468    -1816216.250000
2469    -1816221.000000
2470    -1816226.750000
2471    -1816232.000000
2472    -1816237.500000
2473    -1816242.250000
2474    -1816247.750000
2475    -1816252.875000
2476    -1816258.000000
2477    -1816263.625000
2478    -1816268.500000
2479    -1816273.875000
2480    -1816278.500000
2481    -1816283.750000
2482    -1816289.000000
2483    -1816293.750000
2484    -1816299.500000
2485    -1816304.750000
2486    -1816309.500000
2487    -1816314.875000
2488    -1816320.000000
2489    -1816325.000000
2490    -1816330.125000
2491    -1816335.000000
2492    -1816340.000000
2493    -1816345.125000
2494    -1816350.250000
2495    -1816355.000000
2496    -1816360.625000
2497    -1816365.500000
2498    -1816370.500000
2499    -1816375.750000
2500    -1816380.250000
2501    -1816385.375000
2502    -1816390.250000
2503    -1816395.625000
2504    -1816400.750000
2505    -1816405.750000
2506    -1816410.875000
2507    -1816415.250000
2508    -1816420.500000
2509    -1816425.375000
2510    -1816430.375000
2511    -1816435.375000
2512    -1816440.500000
2513    -1816445.750000
2514    -1816450.500000
2515    -1816455.250000
2516    -1816460.250000
2517    -1816465.000000
2518    -1816469.875000
2519    -1816474.500000
2520    -1816479.500000
2521    -1816484.375000
2522    -1816489.500000
2523    -1816494.000000
2524    -1816499.250000
2525    -1816503.750000
2526    -1816508.750000
2527    -1816513.750000
2528    -1816518.750000
2529    -1816523.000000
2530    -1816528.250000
2531    -1816533.250000
2532    -1816538.500000
2533    -1816542.750000
2534    -1816548.000000
2535    -1816552.750000
2536    -1816557.375000
2537    -1816562.000000
2538    -1816566.750000
2539    -1816571.500000
2540    -1816576.750000
2541    -1816580.750000
2542    -1816586.000000
2543    -1816590.750000
2544    -1816595.750000
2545    -1816600.250000
2546    -1816605.250000
2547    -1816609.625000
2548    -1816614.875000
2549    -1816619.500000
2550    -1816624.000000
2551    -1816628.750000
2552    -1816633.500000
2553    -1816638.375000
2554    -1816643.000000
2555    -1816647.125000
2556    -1816652.625000
2557    -1816657.250000
2558    -1816662.000000
2559    -1816666.500000
2560    -1816671.000000
2561    -1816675.750000
2562    -1816680.625000
2563    -1816685.125000
2564    -1816690.375000
2565    -1816694.750000
2566    -1816699.375000
2567    -1816703.500000
2568    -1816708.500000
2569    -1816712.750000
2570    -1816717.500000
2571    -1816722.625000
2572    -1816726.750000
2573    -1816731.375000
2574    -1816736.375000
2575    -1816740.375000
2576    -1816745.000000
2577    -1816749.750000
2578    -1816754.000000
2579    -1816759.125000
2580    -1816763.250000
2581    -1816767.750000
2582    -1816772.500000
2583    -1816777.125000
2584    -1816781.375000
2585    -1816786.375000
2586    -1816790.875000
2587    -1816795.000000
2588    -1816800.000000
2589    -1816804.375000
2590    -1816808.500000
2591    -1816813.375000
2592    -1816817.750000
2593    -1816822.500000
2594    -1816827.000000
2595    -1816831.000000
2596    -1816835.750000
2597    -1816840.250000
2598    -1816844.750000
2599    -1816849.125000
2600    -1816853.750000
2601    -1816858.000000
2602    -1816862.500000
2603    -1816866.500000
2604    -1816871.250000
2605    -1816875.500000
2606    -1816879.875000
2607    -1816884.000000
2608    -1816888.750000
2609    -1816892.875000
2610    -1816897.500000
2611    -1816901.875000
2612    -1816906.250000
2613    -1816910.750000
2614    -1816914.875000
2615    -1816919.000000
2616    -1816923.500000
2617    -1816927.750000
2618    -1816932.250000
2619    -1816936.500000
2620    -1816941.250000
2621    -1816945.250000
2622    -1816949.500000
2623    -1816953.750000
2624    -1816958.000000
2625    -1816962.750000
2626    -1816966.750000
2627    -1816971.250000
2628    -1816975.750000
2629    -1816979.250000
2630    -1816984.000000
2631    -1816988.625000
2632    -1816993.000000
2633    -1816997.250000
2634    -1817001.500000
2635    -1817005.875000
2636    -1817009.875000
2637    -1817014.750000
2638    -1817018.750000
2639    -1817023.000000
2640    -1817027.500000
2641    -1817031.625000
2642    -1817036.000000
2643    -1817040.375000
2644    -1817044.250000
2645    -1817048.875000
2646    -1817053.500000
2647    -1817057.250000
2648    -1817061.750000
2649    -1817066.250000
2650    -1817070.000000
2651    -1817074.250000
2652    -1817078.750000
2653    -1817083.500000
2654    -1817087.750000
2655    -1817091.500000
2656    -1817096.000000
2657    -1817100.000000
2658    -1817104.750000
2659    -1817109.250000
2660    -1817113.250000
2661    -1817117.500000
2662    -1817121.750000
2663    -1817126.375000
2664    -1817130.250000
2665    -1817134.875000
2666    -1817139.250000
2667    -1817143.500000
2668    -1817147.625000
2669    -1817152.000000
2670    -1817156.250000
2671    -1817160.500000
2672    -1817164.750000
2673    -1817169.000000
2674    -1817173.500000
2675    -1817177.875000
2676    -1817182.500000
2677    -1817186.625000
2678    -1817190.750000
2679    -1817195.375000
2680    -1817199.375000
2681    -1817203.750000
2682    -1817208.000000
2683    -1817212.375000
2684    -1817216.625000
2685    -1817220.750000
2686    -1817224.750000
2687    -1817229.750000
2688    -1817233.875000
2689    -1817238.250000
2690    -1817242.625000
2691    -1817246.750000
2692    -1817251.250000
2693    -1817255.750000
2694    -1817259.625000
2695    -1817264.125000
2696    -1817268.375000
2697    -1817272.625000
2698    -1817277.000000
2699    -1817281.500000
2700    -1817285.750000
2701    -1817289.625000
2702    -1817294.375000
2703    -1817299.125000
2704    -1817303.250000
2705    -1817307.375000
2706    -1817311.750000
2707    -1817316.000000
2708    -1817320.500000
2709    -1817324.875000
2710    -1817329.500000
2711    -1817333.750000
2712    -1817338.250000
2713    -1817342.500000
2714    -1817346.875000
2715    -1817351.125000
2716    -1817355.500000
2717    -1817359.875000
2718    -1817364.500000
2719    -1817368.625000
2720    -1817373.625000
2721    -1817377.750000
2722    -1817382.000000
2723    -1817386.500000
2724    -1817390.875000
2725    -1817395.000000
2726    -1817399.500000
2727    -1817403.875000
2728    -1817408.000000
2729    -1817412.500000
2730    -1817416.750000
2731    -1817421.500000
2732    -1817425.750000
2733    -1817430.250000
2734    -1817434.625000
2735    -1817439.500000
2736    -1817443.625000
2737    -1817448.250000
2738    -1817452.375000
2739    -1817456.750000
2740    -1817461.250000
2741    -1817465.375000
2742    -1817470.000000
2743    -1817474.500000
2744    -1817478.875000
2745    -1817483.625000
2746    -1817487.750000
2747    -1817492.375000
2748    -1817496.750000
2749    -1817501.000000
2750    -1817505.250000
2751    -1817510.000000
2752    -1817514.375000
2753    -1817518.750000
2754    -1817523.500000
2755    -1817528.125000
2756    -1817532.750000
2757    -1817537.125000
2758    -1817541.375000
2759    -1817545.750000
2760    -1817550.250000
2761    -1817554.375000
2762    -1817559.000000
2763    -1817564.000000
2764    -1817568.250000
2765    -1817572.750000
2766    -1817577.500000
2767    -1817581.750000
2768    -1817586.250000
2769    -1817591.000000
2770    -1817595.375000
2771    -1817599.625000
2772    -1817604.375000
2773    -1817609.125000
2774    -1817614.000000
2775    -1817618.375000
2776    -1817622.750000
2777    -1817627.125000
2778    -1817631.750000
2779    -1817636.500000
2780    -1817640.750000
2781    -1817645.125000
2782    -1817650.000000
2783    -1817654.500000
2784    -1817659.000000
2785    -1817663.375000
2786    -1817668.000000
2787    -1817672.875000
2788    -1817677.250000
2789    -1817681.750000
2790    -1817686.250000
2791    -1817690.750000
2792    -1817695.875000
2793    -1817700.000000
2794    -1817704.250000
2795    -1817709.125000
2796    -1817713.750000
2797    -1817718.250000
2798    -1817723.000000
2799    -1817727.250000
2800    -1817731.750000
2801    -1817736.250000
2802    -1817741.000000
2803    -1817745.250000
2804    -1817749.750000
2805    -1817754.375000
2806    -1817759.375000
2807    -1817763.500000
2808    -1817768.625000
2809    -1817772.750000
2810    -1817777.500000
2811    -1817782.000000
2812    -1817786.750000
2813    -1817791.250000
2814    -1817796.000000
2815    -1817800.375000
2816    -1817805.125000
2817    -1817809.375000
2818    -1817814.375000
2819    -1817819.000000
2820    -1817823.375000
2821    -1817828.250000
2822    -1817833.250000
2823    -1817837.500000
2824    -1817842.000000
2825    -1817846.500000
2826    -1817851.250000
2827    -1817855.750000
2828    -1817860.500000
2829    -1817865.250000
2830    -1817869.250000
2831    -1817874.000000
2832    -1817879.000000
2833    -1817883.375000
2834    -1817887.750000
2835    -1817892.750000
2836    -1817897.250000
2837    -1817901.500000
2838    -1817906.875000
2839    -1817911.125000
2840    -1817915.625000
2841    -1817920.000000
2842    -1817925.250000
2843    -1817929.250000
2844    -1817934.125000
2845    -1817938.625000
2846    -1817943.000000
2847    -1817947.500000
2848    -1817952.250000
2849    -1817957.000000
2850    -1817961.875000
2851    -1817966.125000
2852    -1817970.750000
2853    -1817975.000000
2854    -1817979.500000
2855    -1817984.250000
2856    -1817989.000000
2857    -1817993.375000
2858    -1817997.875000
2859    -1818002.875000
2860    -1818007.375000
2861    -1818011.625000
2862    -1818016.500000
2863    -1818021.125000
2864    -1818025.750000
2865    -1818030.000000
2866    -1818034.250000
2867    -1818039.000000
2868    -1818043.625000
2869    -1818047.750000
2870    -1818052.500000
2871    -1818057.000000
2872    -1818061.500000
2873    -1818066.125000
2874    -1818070.625000
2875    -1818075.000000
2876    -1818079.625000
2877    -1818084.250000
2878    -1818088.625000
2879    -1818093.250000
2880    -1818097.500000
2881    -1818102.000000
2882    -1818106.750000
2883    -1818111.000000
2884    -1818115.500000
2885    -1818120.000000
2886    -1818124.250000
2887    -1818128.875000
2888    -1818133.125000
2889    -1818138.000000
2890    -1818142.125000
2891    -1818146.500000
2892    -1818151.000000
2893    -1818155.500000
2894    -1818159.875000
2895    -1818164.375000
2896    -1818168.750000
2897    -1818173.250000
2898    -1818177.500000
2899    -1818182.125000
2900    -1818186.750000
2901    -1818190.625000
2902    -1818195.750000
2903    -1818200.000000
2904    -1818204.125000
2905    -1818208.250000
2906    -1818213.125000
2907    -1818217.500000
2908    -1818222.000000
2909    -1818226.250000
2910    -1818230.500000
2911    -1818235.125000
2912    -1818239.625000
2913    -1818243.625000
2914    -1818247.750000
2915    -1818252.250000
2916    -1818257.000000
2917    -1818261.375000
2918    -1818265.750000
2919    -1818270.125000
2920    -1818274.125000
2921    -1818278.625000
2922    -1818283.250000
2923    -1818287.500000
2924    -1818292.000000
2925    -1818296.250000
2926    -1818301.000000
2927    -1818304.875000
2928    -1818309.250000
2929    -1818313.250000
2930    -1818318.125000
2931    -1818322.500000
2932    -1818327.000000
2933    -1818331.375000
2934    -1818335.750000
2935    -1818340.000000
2936    -1818344.250000
2937    -1818348.500000
2938    -1818352.750000
2939    -1818357.375000
2940    -1818361.750000
2941    -1818365.750000
2942    -1818370.500000
2943    -1818374.750000
2944    -1818379.125000
2945    -1818383.875000
2946    -1818387.750000
2947    -1818391.750000
2948    -1818396.000000
2949    -1818400.375000
2950    -1818405.000000
2951    -1818409.375000
2952    -1818413.750000
2953    -1818418.000000
2954    -1818422.625000
2955    -1818426.750000
2956    -1818431.125000
2957    -1818435.500000
2958    -1818440.125000
2959    -1818444.250000
2960    -1818448.500000
2961    -1818452.875000
2962    -1818457.500000
2963    -1818461.750000
2964    -1818465.750000
2965    -1818470.500000
2966    -1818474.625000
2967    -1818479.000000
2968    -1818483.250000
2969    -1818487.500000
2970    -1818491.750000
2971    -1818496.250000
2972    -1818500.625000
2973    -1818505.000000
2974    -1818509.375000
2975    -1818513.875000
2976    -1818518.250000
2977    -1818522.375000
2978    -1818526.750000
2979    -1818531.250000
2980    -1818535.750000
2981    -1818540.000000
2982    -1818544.250000
2983    -1818548.750000
2984    -1818552.625000
2985    -1818557.250000
2986    -1818561.250000
2987    -1818565.500000
2988    -1818570.000000
2989    -1818574.500000
2990    -1818578.750000
2991    -1818583.000000
2992    -1818587.000000
2993    -1818591.750000
2994    -1818596.125000
2995    -1818600.250000
2996    -1818604.250000
2997    -1818608.375000
2998    -1818613.250000
2999    -1818617.625000
3000    -1818621.750000
3001    -1818626.250000
3002    -1818630.375000
3003    -1818634.500000
3004    -1818639.250000
3005    -1818643.625000
3006    -1818647.500000
3007    -1818652.000000
3008    -1818656.250000
3009    -1818660.500000
3010    -1818665.250000
3011    -1818669.375000
3012    -1818673.750000
3013    -1818678.250000
3014    -1818682.500000
3015    -1818687.000000
3016    -1818691.000000
3017    -1818695.500000
3018    -1818699.625000
3019    -1818704.500000
3020    -1818708.500000
3021    -1818713.000000
3022    -1818717.250000
3023    -1818721.750000
3024    -1818725.875000
3025    -1818730.250000
3026    -1818734.625000
3027    -1818739.250000
3028    -1818743.500000
3029    -1818748.000000
3030    -1818752.750000
3031    -1818756.625000
3032    -1818761.250000
3033    -1818765.625000
3034    -1818769.625000
3035    -1818774.375000
3036    -1818778.750000
3037    -1818782.750000
3038    -1818787.250000
3039    -1818791.500000
3040    -1818796.375000
3041    -1818800.500000
3042    -1818804.750000
3043    -1818809.250000
3044    -1818813.750000
3045    -1818817.750000
3046    -1818822.625000
3047    -1818827.000000
3048    -1818831.375000
3049    -1818835.875000
3050    -1818840.000000
3051    -1818844.250000
3052    -1818848.625000
3053    -1818852.875000
3054    -1818857.250000
3055    -1818861.875000
3056    -1818866.375000
3057    -1818870.750000
3058    -1818875.125000
3059    -1818879.500000
3060    -1818883.750000
3061    -1818888.125000
3062    -1818892.250000
3063    -1818897.000000
3064    -1818900.875000
3065    -1818905.250000
3066    -1818909.875000
3067    -1818914.125000
3068    -1818918.500000
3069    -1818922.875000
3070    -1818926.875000
3071    -1818931.625000
3072    -1818936.000000
3073    -1818940.125000
3074    -1818944.500000
3075    -1818949.250000
3076    -1818953.000000
3077    -1818957.500000
3078    -1818961.750000
3079    -1818966.250000
3080    -1818970.750000
3081    -1818975.000000
3082    -1818979.000000
3083    -1818983.500000
3084    -1818988.000000
3085    -1818992.250000
3086    -1818996.500000
3087    -1819000.875000
3088    -1819005.375000
3089    -1819009.250000
3090    -1819013.750000
3091    -1819018.500000
3092    -1819022.750000
3093    -1819026.750000
3094    -1819031.000000
3095    -1819035.000000
3096    -1819039.875000
3097    -1819044.000000
3098    -1819048.375000
3099    -1819052.625000
3100    -1819057.000000
3101    -1819061.500000
3102    -1819065.500000
3103    -1819069.875000
3104    -1819074.250000
3105    -1819078.250000
3106    -1819082.250000
3107    -1819086.500000
3108    -1819091.000000
3109    -1819095.500000
3110    -1819099.750000
3111    -1819104.000000
3112    -1819108.500000
3113    -1819112.750000
3114    -1819116.875000
3115    -1819121.375000
3116    -1819125.625000
3117    -1819130.000000
3118    -1819134.500000
3119    -1819138.625000
3120    -1819142.750000
3121    -1819147.000000
3122    -1819151.625000
3123    -1819155.625000
3124    -1819159.875000
3125    -1819164.750000
3126    -1819169.000000
3127    -1819173.125000
3128    -1819177.250000
3129    -1819181.750000
3130    -1819186.125000
3131    -1819190.375000
3132    -1819195.125000
3133    -1819199.000000
3134    -1819203.875000
3135    -1819208.250000
3136    -1819212.500000
3137    -1819216.750000
3138    -1819220.875000
3139    -1819225.500000
3140    -1819229.500000
3141    -1819234.000000
3142    -1819238.375000
3143    -1819242.500000
3144    -1819246.875000
3145    -1819251.500000
3146    -1819255.750000
3147    -1819260.000000
3148    -1819263.875000
3149    -1819268.250000
3150    -1819272.750000
3151    -1819276.750000
3152    -1819281.250000
3153    -1819285.750000
3154    -1819290.250000
3155    -1819294.250000
3156    -1819298.750000
3157    -1819302.875000
3158    -1819307.250000
3159    -1819311.250000
3160    -1819315.500000
3161    -1819320.000000
3162    -1819324.500000
3163    -1819328.750000
3164    -1819333.000000
3165    -1819336.750000
3166    -1819341.375000
3167    -1819345.750000
3168    -1819350.000000
3169    -1819354.000000
3170    -1819358.500000
3171    -1819362.750000
3172    -1819367.000000
3173    -1819371.375000
3174    -1819375.500000
3175    -1819380.000000
3176    -1819384.500000
3177    -1819388.500000
3178    -1819392.750000
3179    -1819397.000000
3180    -1819401.375000
3181    -1819405.875000
3182    -1819410.000000
3183    -1819414.125000
3184    -1819418.250000
3185    -1819422.750000
3186    -1819427.250000
3187    -1819431.125000
3188    -1819436.000000
3189    -1819440.000000
3190    -1819444.625000
3191    -1819448.750000
3192    -1819453.375000
3193    -1819457.625000
3194    -1819461.750000
3195    -1819466.250000
3196    -1819470.250000
3197    -1819474.625000
3198    -1819479.250000
3199    -1819483.250000
3200    -1819487.500000
3201    -1819492.000000
3202    -1819496.375000
3203    -1819501.000000
3204    -1819505.000000
3205    -1819509.250000
3206    -1819513.500000
3207    -1819518.000000
3208    -1819521.875000
3209    -1819526.250000
3210    -1819531.125000
3211    -1819535.000000
3212    -1819539.000000
3213    -1819543.250000
3214    -1819548.000000
3215    -1819552.500000
3216    -1819556.625000
3217    -1819561.000000
3218    -1819565.250000
3219    -1819569.750000
3220    -1819574.250000
3221    -1819578.125000
3222    -1819582.500000
3223    -1819586.750000
3224    -1819591.500000
3225    -1819595.375000
3226    -1819600.000000
3227    -1819604.250000
3228    -1819608.625000
3229    -1819613.250000
3230    -1819617.500000
3231    -1819621.625000
3232    -1819625.750000
3233    -1819630.500000
3234    -1819635.000000
3235    -1819639.000000
3236    -1819643.250000
3237    -1819647.625000
3238    -1819652.250000
3239    -1819656.250000
3240    -1819660.750000
3241    -1819665.000000
3242    -1819669.250000
3243    -1819673.750000
3244    -1819678.000000
3245    -1819682.250000
3246    -1819686.750000
3247    -1819691.250000
3248    -1819695.250000
3249    -1819699.750000
3250    -1819704.250000
3251    -1819708.500000
3252    -1819713.000000
3253    -1819717.125000
3254    -1819721.375000
3255    -1819725.750000
3256    -1819730.250000
3257    -1819734.500000
3258    -1819738.500000
3259    -1819743.250000
3260    -1819747.375000
3261    -1819751.750000
3262    -1819756.125000
3263    -1819760.000000
3264    -1819764.500000
3265    -1819769.000000
3266    -1819773.500000
3267    -1819777.375000
3268    -1819781.375000
3269    -1819786.000000
3270    -1819790.250000
3271    -1819794.500000
3272    -1819799.000000
3273    -1819802.750000
3274    -1819807.000000
3275    -1819811.625000
3276    -1819815.875000
3277    -1819819.750000
3278    -1819824.000000
3279    -1819828.500000
3280    -1819832.500000
3281    -1819836.250000
3282    -1819841.000000
3283    -1819844.875000
3284    -1819849.250000
3285    -1819853.250000
3286    -1819857.000000
3287    -1819861.250000
3288    -1819865.750000
3289    -1819869.500000
3290    -1819873.875000
3291    -1819878.000000
3292    -1819882.125000
3293    -1819886.500000
3294    -1819890.750000
3295    -1819894.750000
3296    -1819898.750000
3297    -1819903.000000
3298    -1819907.250000
3299    -1819911.125000
3300    -1819915.000000
3301    -1819919.375000
3302    -1819923.500000
3303    -1819927.750000
3304    -1819931.750000
3305    -1819935.625000
3306    -1819940.000000
3307    -1819944.250000
3308    -1819948.250000
3309    -1819952.500000
3310    -1819956.625000
3311    -1819960.375000
3312    -1819964.250000
3313    -1819968.500000
3314    -1819972.875000
3315    -1819976.750000
3316    -1819980.875000
3317    -1819985.250000
3318    -1819989.250000
3319    -1819993.375000
3320    -1819997.000000
3321    -1820001.250000
3322    -1820005.375000
3323    -1820009.875000
3324    -1820013.875000
3325    -1820017.125000
3326    -1820021.750000
3327    -1820025.750000
3328    -1820030.000000
3329    -1820033.750000
3330    -1820037.750000
3331    -1820041.875000
3332    -1820045.750000
3333    -1820050.250000
3334    -1820054.125000
3335    -1820058.250000
3336    -1820062.625000
3337    -1820066.750000
3338    -1820070.250000
3339    -1820074.250000
3340    -1820078.125000
3341    -1820082.500000
3342    -1820086.500000
3343    -1820090.125000
3344    -1820094.625000
3345    -1820098.250000
3346    -1820102.500000
3347    -1820105.750000
3348    -1820110.250000
3349    -1820114.000000
3350    -1820118.250000
3351    -1820122.000000
3352    -1820126.250000
3353    -1820130.000000
3354    -1820134.000000
3355    -1820137.750000
3356    -1820141.875000
3357    -1820146.250000
3358    -1820150.000000
3359    -1820154.125000
3360    -1820158.000000
3361    -1820162.000000
3362    -1820166.000000
3363    -1820169.875000
3364    -1820174.000000
3365    -1820177.750000
3366    -1820181.875000
3367    -1820185.625000
3368    -1820189.500000
3369    -1820193.750000
3370    -1820197.750000
3371    -1820201.750000
3372    -1820205.750000
3373    -1820209.500000
3374    -1820213.375000
3375    -1820217.500000
3376    -1820221.250000
3377    -1820225.125000
3378    -1820229.500000
3379    -1820233.250000
3380    -1820237.000000
3381    -1820241.000000
3382    -1820244.500000
3383    -1820249.000000
3384    -1820253.000000
3385    -1820256.750000
3386    -1820260.875000
3387    -1820264.750000
3388    -1820268.500000
3389    -1820272.250000
3390    -1820276.750000
3391    -1820280.500000
3392    -1820284.625000
3393    -1820288.500000
3394    -1820292.500000
3395    -1820296.250000
3396    -1820300.000000
3397    -1820304.500000
3398    -1820308.250000
3399    -1820311.750000
3400    -1820316.000000
3401    -1820319.750000
3402    -1820323.750000
3403    -1820327.750000
3404    -1820331.750000
3405    -1820335.375000
3406    -1820339.250000
3407    -1820343.625000
3408    -1820347.500000
3409    -1820351.250000
3410    -1820355.125000
3411    -1820359.000000
3412    -1820362.750000
3413    -1820366.750000
3414    -1820370.750000
3415    -1820374.500000
3416    -1820378.250000
3417    -1820382.125000
3418    -1820386.000000
3419    -1820390.250000
3420    -1820394.250000
3421    -1820398.000000
3422    -1820401.750000
3423    -1820406.000000
3424    -1820410.000000
3425    -1820413.500000
3426    -1820417.750000
3427    -1820421.250000
3428    -1820425.000000
3429    -1820429.125000
3430    -1820432.750000
3431    -1820436.500000
3432    -1820440.750000
3433    -1820444.125000
3434    -1820448.250000
3435    -1820451.750000
3436    -1820455.750000
3437    -1820459.500000
3438    -1820463.500000
3439    -1820467.250000
3440    -1820471.125000
3441    -1820474.625000
3442    -1820478.500000
3443    -1820482.000000
3444    -1820486.000000
3445    -1820490.125000
3446    -1820494.250000
3447    -1820497.875000
3448    -1820501.375000
3449    -1820505.500000
3450    -1820509.000000
3451    -1820513.250000
3452    -1820516.750000
3453    -1820520.750000
3454    -1820524.250000
3455    -1820528.250000
3456    -1820531.875000
3457    -1820535.750000
3458    -1820539.750000
3459    -1820543.250000
3460    -1820546.875000
3461    -1820551.125000
3462    -1820554.500000
3463    -1820558.500000
3464    -1820562.250000
3465    -1820566.000000
3466    -1820570.000000
3467    -1820573.375000
3468    -1820577.500000
3469    -1820580.750000
3470    -1820585.000000
3471    -1820588.500000
3472    -1820592.500000
3473    -1820596.250000
3474    -1820600.250000
3475    -1820604.000000
3476    -1820607.750000
3477    -1820611.250000
3478    -1820614.750000
3479    -1820618.750000
3480    -1820622.750000
3481    -1820626.750000
3482    -1820630.250000
3483    -1820633.750000
3484    -1820637.750000
3485    -1820641.500000
3486    -1820645.500000
3487    -1820649.000000
3488    -1820653.250000
3489    -1820656.750000
3490    -1820660.375000
3491    -1820664.000000
3492    -1820668.250000
3493    -1820671.750000
3494    -1820675.500000
3495    -1820679.250000
3496    -1820683.250000
3497    -1820686.750000
3498    -1820690.750000
3499    -1820694.625000
3500    -1820698.250000
3501    -1820701.875000
3502    -1820705.875000
3503    -1820709.750000
3504    -1820713.500000
3505    -1820717.125000
3506    -1820721.000000
3507    -1820725.000000
3508    -1820728.750000
3509    -1820732.750000
3510    -1820736.000000
3511    -1820740.000000
3512    -1820744.000000
3513    -1820747.500000
3514    -1820751.250000
3515    -1820754.875000
3516    -1820758.625000
3517    -1820762.250000
3518    -1820766.000000
3519    -1820769.875000
3520    -1820773.375000
3521    -1820777.500000
3522    -1820781.250000
3523    -1820785.250000
3524    -1820788.875000
3525    -1820792.500000
3526    -1820796.375000
3527    -1820800.000000
3528    -1820803.875000
3529    -1820807.875000
3530    -1820811.500000
3531    -1820815.250000
3532    -1820819.000000
3533    -1820822.500000
3534    -1820826.500000
3535    -1820830.125000
3536    -1820833.750000
3537    -1820838.000000
3538    -1820841.375000
3539    -1820845.125000
3540    -1820849.000000
3541    -1820853.000000
3542    -1820856.375000
3543    -1820860.375000
3544    -1820864.250000
3545    -1820868.250000
3546    -1820871.625000
3547    -1820875.375000
3548    -1820879.250000
3549    -1820882.750000
3550    -1820886.750000
3551    -1820890.625000
3552    -1820894.500000
3553    -1820897.875000
3554    -1820901.750000
3555    -1820905.625000
3556    -1820909.250000
3557    -1820913.000000
3558    -1820916.750000
3559    -1820920.500000
3560    -1820924.375000
3561    -1820928.625000
3562    -1820932.000000
3563    -1820936.250000
3564    -1820939.750000
3565    -1820943.250000
3566    -1820947.250000
3567    -1820951.375000
3568    -1820955.375000
3569    -1820958.625000
3570    -1820962.750000
3571    -1820966.250000
3572    -1820970.500000
3573    -1820974.125000
3574    -1820978.000000
3575    -1820981.250000
3576    -1820985.750000
3577    -1820989.500000
3578    -1820993.750000
3579    -1820997.000000
3580    -1821000.750000
3581    -1821005.000000
3582    -1821008.625000
3583    -1821012.125000
3584    -1821016.250000
3585    -1821020.000000
3586    -1821024.250000
3587    -1821028.000000
3588    -1821031.750000
3589    -1821035.750000
3590    -1821039.375000
3591    -1821043.125000
3592    -1821046.875000
3593    -1821050.875000
3594    -1821055.000000
3595    -1821058.375000
3596    -1821062.875000
3597    -1821066.000000
3598    -1821070.500000
3599    -1821073.750000
3600    -1821078.000000
3601    -1821081.625000
3602    -1821085.750000
3603    -1821089.375000
3604    -1821093.000000
3605    -1821097.250000
3606    -1821101.125000
3607    -1821104.500000
3608    -1821108.625000
3609    -1821112.750000
3610    -1821116.750000
3611    -1821120.500000
3612    -1821124.375000
3613    -1821128.125000
3614    -1821132.250000
3615    -1821135.500000
3616    -1821139.375000
3617    -1821143.250000
3618    -1821147.125000
3619    -1821151.250000
3620    -1821155.125000
3621    -1821158.625000
3622    -1821162.625000
3623    -1821166.375000
3624    -1821170.250000
3625    -1821174.000000
3626    -1821178.000000
3627    -1821181.750000
3628    -1821185.500000
3629    -1821189.125000
3630    -1821192.750000
3631    -1821196.375000
3632    -1821200.250000
3633    -1821204.000000
3634    -1821207.625000
3635    -1821211.750000
3636    -1821215.375000
3637    -1821219.125000
3638    -1821222.500000
3639    -1821226.625000
3640    -1821230.250000
3641    -1821234.125000
3642    -1821237.750000
3643    -1821241.750000
3644    -1821245.250000
3645    -1821248.875000
3646    -1821252.500000
3647    -1821256.500000
3648    -1821260.000000
3649    -1821264.000000
3650    -1821267.500000
3651    -1821271.000000
3652    -1821274.750000
3653    -1821278.750000
3654    -1821282.250000
3655    -1821285.625000
3656    -1821289.250000
3657    -1821293.000000
3658    -1821296.500000
3659    -1821300.500000
3660    -1821304.125000
3661    -1821307.250000
3662    -1821311.250000
3663    -1821315.125000
3664    -1821318.500000
3665    -1821321.500000
3666    -1821325.500000
3667    -1821329.250000
3668    -1821333.000000
3669    -1821336.500000
3670    -1821339.750000
3671    -1821343.500000
3672    -1821347.000000
3673    -1821350.750000
3674    -1821354.250000
3675    -1821357.500000
3676    -1821361.250000
3677    -1821364.875000
3678    -1821368.500000
3679    -1821371.625000
3680    -1821375.125000
3681    -1821378.750000
3682    -1821381.875000
3683    -1821386.125000
3684    -1821389.250000
3685    -1821392.500000
3686    -1821396.000000
3687    -1821400.000000
3688    -1821403.125000
3689    -1821406.375000
3690    -1821409.875000
3691    -1821413.375000
3692    -1821416.750000
3693    -1821420.625000
3694    -1821424.000000
3695    -1821427.250000
3696    -1821430.750000
3697    -1821434.000000
3698    -1821437.000000
3699    -1821440.875000
3700    -1821444.250000
3701    -1821447.500000
3702    -1821451.125000
3703    -1821454.500000
3704    -1821457.875000
3705    -1821461.000000
3706    -1821464.500000
3707    -1821467.750000
3708    -1821471.250000
3709    -1821474.250000
3710    -1821477.750000
3711    -1821481.000000
3712    -1821484.625000
3713    -1821488.125000
3714    -1821491.125000
3715    -1821494.250000
3716    -1821497.375000
3717    -1821501.000000
3718    -1821504.500000
3719    -1821507.750000
3720    -1821510.750000
3721    -1821514.000000
3722    -1821517.625000
3723    -1821520.500000
3724    -1821523.875000
3725    -1821527.375000
3726    -1821530.500000
3727    -1821533.750000
3728    -1821536.875000
3729    -1821540.000000
3730    -1821543.250000
3731    -1821546.250000
3732    -1821549.500000
3733    -1821553.250000
3734    -1821556.000000
3735    -1821559.250000
3736    -1821562.625000
3737    -1821565.250000
3738    -1821568.875000
3739    -1821572.125000
3740    -1821575.125000
3741    -1821578.250000
3742    -1821581.500000
3743    -1821584.500000
3744    -1821587.750000
3745    -1821590.875000
3746    -1821593.750000
3747    -1821597.000000
3748    -1821599.750000
3749    -1821602.750000
3750    -1821606.000000
3751    -1821609.125000
3752    -1821612.000000
3753    -1821615.250000
3754    -1821618.250000
3755    -1821621.375000
3756    -1821624.375000
3757    -1821627.000000
3758    -1821630.500000
3759    -1821633.250000
3760    -1821636.250000
3761    -1821639.375000
3762    -1821642.375000
3763    -1821645.375000
3764    -1821648.500000
3765    -1821651.125000
3766    -1821654.250000
3767    -1821657.000000
3768    -1821660.125000
3769    -1821663.375000
3770    -1821666.125000
3771    -1821669.125000
3772    -1821671.750000
3773    -1821675.000000
3774    -1821677.875000
3775    -1821680.750000
3776    -1821683.750000
3777    -1821686.625000
3778    -1821689.500000
3779    -1821692.000000
3780    -1821695.250000
3781    -1821698.375000
3782    -1821701.125000
3783    -1821703.875000
3784    -1821706.750000
3785    -1821709.875000
3786    -1821712.500000
3787    -1821715.375000
3788    -1821718.125000
3789    -1821721.000000
3790    -1821724.000000
3791    -1821726.750000
3792    -1821730.000000
3793    -1821732.750000
3794    -1821735.250000
3795    -1821738.125000
3796    -1821741.000000
3797    -1821743.750000
3798    -1821746.625000
3799    -1821748.875000
3800    -1821752.000000
3801    -1821754.500000
3802    -1821757.625000
3803    -1821760.250000
3804    -1821763.125000
3805    -1821766.000000
3806    -1821768.375000
3807    -1821771.000000
3808    -1821773.750000
3809    -1821776.500000
3810    -1821779.375000
3811    -1821782.000000
3812    -1821785.000000
3813    -1821787.500000
3814    -1821790.500000
3815    -1821793.000000
3816    -1821795.625000
3817    -1821798.375000
3818    -1821801.250000
3819    -1821803.875000
3820    -1821806.500000
3821    -1821809.125000
3822    -1821812.000000
3823    -1821814.750000
3824    -1821817.625000
3825    -1821820.000000
3826    -1821822.500000
3827    -1821825.250000
3828    -1821827.750000
3829    -1821831.000000
3830    -1821833.500000
3831    -1821836.125000
3832    -1821838.750000
3833    -1821841.500000
3834    -1821844.000000
3835    -1821846.750000
3836    -1821849.250000
3837    -1821852.250000
3838    -1821854.750000
3839    -1821857.500000
3840    -1821859.750000
3841    -1821862.625000
3842    -1821865.250000
3843    -1821868.000000
3844    -1821870.375000
3845    -1821873.250000
3846    -1821876.125000
3847    -1821878.250000
3848    -1821881.375000
3849    -1821883.750000
3850    -1821886.750000
3851    -1821889.125000
3852    -1821891.750000
3853    -1821894.250000
3854    -1821897.000000
3855    -1821899.750000
3856    -1821902.250000
3857    -1821904.750000
3858    -1821907.250000
3859    -1821910.000000
3860    -1821912.500000
3861    -1821915.000000
3862    -1821917.875000
3863    -1821920.500000
3864    -1821923.125000
3865    -1821925.750000
3866    -1821928.375000
3867    -1821930.875000
3868    -1821933.625000
3869    -1821936.250000
3870    -1821938.750000
3871    -1821941.250000
3872    -1821943.875000
3873    -1821946.500000
3874    -1821948.875000
3875    -1821951.625000
3876    -1821954.250000
3877    -1821956.875000
3878    -1821960.000000
3879    -1821962.125000
3880    -1821964.500000
3881    -1821967.250000
3882    -1821970.000000
3883    -1821972.625000
3884    -1821975.000000
3885    -1821977.500000
3886    -1821980.000000
3887    -1821982.375000
3888    -1821985.250000
3889    -1821987.375000
3890    -1821990.000000
3891    -1821992.750000
3892    -1821995.375000
3893    -1821997.750000
3894    -1822000.250000
3895    -1822003.125000
3896    -1822005.375000
3897    -1822008.000000
3898    -1822010.250000
3899    -1822012.875000
3900    -1822015.250000
3901    -1822018.000000
3902    -1822020.500000
3903    -1822022.750000
3904    -1822025.500000
3905    -1822028.000000
3906    -1822030.250000
3907    -1822032.875000
3908    -1822035.625000
3909    -1822037.500000
3910    -1822040.250000
3911    -1822042.750000
3912    -1822045.250000
3913    -1822047.750000
3914    -1822050.125000
3915    -1822053.000000
3916    -1822055.250000
3917    -1822057.750000
3918    -1822060.125000
3919    -1822062.625000
3920    -1822065.000000
3921    -1822067.250000
3922    -1822069.750000
3923    -1822072.250000
3924    -1822075.000000
3925    -1822077.375000
3926    -1822079.750000
3927    -1822082.000000
3928    -1822084.500000
3929    -1822087.000000
3930    -1822089.500000
3931    -1822092.000000
3932    -1822094.125000
3933    -1822096.750000
3934    -1822099.375000
3935    -1822101.500000
3936    -1822104.000000
3937    -1822106.500000
3938    -1822108.625000
3939    -1822111.250000
3940    -1822113.625000
3941    -1822116.000000
3942    -1822118.500000
3943    -1822120.875000
3944    -1822123.250000
3945    -1822125.625000
3946    -1822128.125000
3947    -1822130.250000
3948    -1822132.875000
3949    -1822135.000000
3950    -1822137.500000
3951    -1822140.000000
3952    -1822142.000000
3953    -1822144.500000
3954    -1822146.750000
3955    -1822149.000000
3956    -1822151.500000
3957    -1822153.750000
3958    -1822156.125000
3959    -1822158.625000
3960    -1822160.750000
3961    -1822163.125000
3962    -1822165.500000
3963    -1822167.750000
3964    -1822170.250000
3965    -1822172.500000
3966    -1822175.000000
3967    -1822177.125000
3968    -1822179.250000
3969    -1822181.750000
3970    -1822184.000000
3971    -1822186.000000
3972    -1822188.500000
3973    -1822191.000000
3974    -1822193.000000
3975    -1822195.750000
3976    -1822197.500000
3977    -1822199.750000
3978    -1822202.250000
3979    -1822204.500000
3980    -1822206.250000
3981    -1822208.500000
3982    -1822210.875000
3983    -1822213.000000
3984    -1822215.500000
3985    -1822217.625000
3986    -1822219.750000
3987    -1822222.125000
3988    -1822224.625000
3989    -1822226.500000
3990    -1822228.750000
3991    -1822230.750000
3992    -1822233.250000
3993    -1822235.250000
3994    -1822237.000000
3995    -1822239.375000
3996    -1822241.500000
3997    -1822243.750000
3998    -1822246.000000
3999    -1822248.000000
4000    -1822250.375000
4001    -1822252.375000
4002    -1822254.250000
4003    -1822256.750000
4004    -1822258.750000
4005    -1822260.750000
4006    -1822262.875000
4007    -1822264.750000
4008    -1822267.250000
4009    -1822269.125000
4010    -1822271.125000
4011    -1822273.000000
4012    -1822275.250000
4013    -1822277.625000
4014    -1822279.500000
4015    -1822281.250000
4016    -1822283.750000
4017    -1822286.000000
4018    -1822287.750000
4019    -1822290.000000
4020    -1822292.125000
4021    -1822294.250000
4022    -1822296.250000
4023    -1822298.250000
4024    -1822300.250000
4025    -1822302.250000
4026    -1822304.375000
4027    -1822306.375000
4028    -1822308.375000
4029    -1822310.875000
4030    -1822312.500000
4031    -1822314.500000
4032    -1822316.750000
4033    -1822318.375000
4034    -1822320.750000
4035    -1822322.625000
4036    -1822324.375000
4037    -1822326.750000
4038    -1822328.750000
4039    -1822330.750000
4040    -1822332.750000
4041    -1822335.000000
4042    -1822337.125000
4043    -1822338.875000
4044    -1822341.000000
4045    -1822342.750000
4046    -1822345.000000
4047    -1822346.750000
4048    -1822348.875000
4049    -1822350.750000
4050    -1822352.875000
4051    -1822354.875000
4052    -1822356.625000
4053    -1822359.000000
4054    -1822361.125000
4055    -1822363.000000
4056    -1822364.875000
4057    -1822367.000000
4058    -1822369.000000
4059    -1822371.000000
4060    -1822372.875000
4061    -1822375.125000
4062    -1822376.750000
4063    -1822378.750000
4064    -1822381.000000
4065    -1822382.750000
4066    -1822384.750000
4067    -1822386.750000
4068    -1822388.375000
4069    -1822390.750000
4070    -1822393.000000
4071    -1822394.750000
4072    -1822396.750000
4073    -1822399.000000
4074    -1822400.750000
4075    -1822402.625000
4076    -1822404.500000
4077    -1822406.750000
4078    -1822408.625000
4079    -1822410.875000
4080    -1822412.625000
4081    -1822414.750000
4082    -1822416.750000
4083    -1822418.750000
4084    -1822420.625000
4085    -1822422.625000
4086    -1822424.625000
4087    -1822426.500000
4088    -1822428.250000
4089    -1822430.500000
4090    -1822432.250000
4091    -1822434.250000
4092    -1822436.375000
4093    -1822438.500000
4094    -1822440.375000
4095    -1822442.500000
4096    -1822444.500000
4097    -1822446.250000
4098    -1822448.375000
4099    -1822450.500000
4100    -1822452.500000
4101    -1822454.250000
4102    -1822456.250000
4103    -1822458.250000
4104    -1822460.125000
4105    -1822462.250000
4106    -1822464.000000
4107    -1822466.000000
4108    -1822468.250000
4109    -1822470.375000
4110    -1822471.875000
4111    -1822473.750000
4112    -1822476.000000
4113    -1822478.000000
4114    -1822480.250000
4115    -1822482.000000
4116    -1822484.125000
4117    -1822486.000000
4118    -1822487.875000
4119    -1822490.125000
4120    -1822492.000000
4121    -1822493.875000
4122    -1822495.750000
4123    -1822497.875000
4124    -1822500.000000
4125    -1822502.125000
4126    -1822503.750000
4127    -1822505.875000
4128    -1822507.750000
4129    -1822509.750000
4130    -1822511.750000
4131    -1822513.750000
4132    -1822515.750000
4133    -1822517.625000
4134    -1822519.500000
4135    -1822521.750000
4136    -1822523.750000
4137    -1822525.875000
4138    -1822527.375000
4139    -1822529.500000
4140    -1822531.500000
4141    -1822533.625000
4142    -1822535.500000
4143    -1822537.375000
4144    -1822539.750000
4145    -1822541.500000
4146    -1822543.625000
4147    -1822545.750000
4148    -1822547.250000
4149    -1822549.500000
4150    -1822551.250000
4151    -1822553.500000
4152    -1822555.625000
4153    -1822557.750000
4154    -1822559.375000
4155    -1822561.375000
4156    -1822563.500000
4157    -1822565.125000
4158    -1822567.250000
4159    -1822569.500000
4160    -1822571.250000
4161    -1822573.375000
4162    -1822575.250000
4163    -1822577.250000
4164    -1822579.500000
4165    -1822581.250000
4166    -1822583.250000
4167    -1822585.500000
4168    -1822587.375000
4169    -1822589.500000
4170    -1822591.500000
4171    -1822593.375000
4172    -1822595.125000
4173    -1822597.500000
4174    -1822599.125000
4175    -1822601.375000
4176    -1822603.500000
4177    -1822605.375000
4178    -1822607.125000
4179    -1822609.375000
4180    -1822611.125000
4181    -1822613.375000
4182    -1822615.250000
4183    -1822617.000000
4184    -1822619.250000
4185    -1822621.250000
4186    -1822623.250000
4187    -1822624.875000
4188    -1822626.875000
4189    -1822629.000000
4190    -1822630.750000
4191    -1822632.875000
4192    -1822634.750000
4193    -1822636.875000
4194    -1822638.625000
4195    -1822640.625000
4196    -1822642.500000
4197    -1822644.500000
4198    -1822646.500000
4199    -1822648.500000
4200    -1822650.000000
4201    -1822652.250000
4202    -1822654.250000
4203    -1822656.250000
4204    -1822658.000000
4205    -1822660.250000
4206    -1822662.000000
4207    -1822663.750000
4208    -1822665.750000
4209    -1822667.750000
4210    -1822669.625000
4211    -1822671.750000
4212    -1822673.625000
4213    -1822675.500000
4214    -1822677.250000
4215    -1822679.000000
4216    -1822681.000000
4217    -1822683.000000
4218    -1822684.750000
4219    -1822686.750000
4220    -1822688.500000
4221    -1822690.500000
4222    -1822692.375000
4223    -1822694.375000
4224    -1822696.125000
4225    -1822698.000000
4226    -1822699.750000
4227    -1822702.000000
4228    -1822703.750000
4229    -1822705.500000
4230    -1822707.500000
4231    -1822709.250000
4232    -1822711.375000
4233    -1822713.000000
4234    -1822714.750000
4235    -1822716.500000
4236    -1822718.750000
4237    -1822720.625000
4238    -1822722.375000
4239    -1822724.125000
4240    -1822725.875000
4241    -1822728.000000
4242    -1822729.500000
4243    -1822731.750000
4244    -1822733.375000
4245    -1822735.250000
4246    -1822737.000000
4247    -1822738.750000
4248    -1822740.875000
4249    -1822742.500000
4250    -1822744.375000
4251    -1822746.125000
4252    -1822748.000000
4253    -1822749.750000
4254    -1822751.750000
4255    -1822753.375000
4256    -1822755.250000
4257    -1822757.250000
4258    -1822759.000000
4259    -1822760.625000
4260    -1822762.750000
4261    -1822764.250000
4262    -1822766.250000
4263    -1822768.000000
4264    -1822769.875000
4265    -1822771.625000
4266    -1822773.500000
4267    -1822775.250000
4268    -1822777.000000
4269    -1822779.000000
4270    -1822780.500000
4271    -1822782.500000
4272    -1822784.000000
4273    -1822786.000000
4274    -1822787.750000
4275    -1822789.500000
4276    -1822791.000000
4277    -1822792.875000
4278    -1822795.000000
4279    -1822796.250000
4280    -1822798.125000
4281    -1822800.250000
4282    -1822801.500000
4283    -1822803.500000
4284    -1822805.250000
4285    -1822806.750000
4286    -1822808.500000
4287    -1822810.500000
4288    -1822812.125000
4289    -1822814.125000
4290    -1822815.750000
4291    -1822817.375000
4292    -1822819.125000
4293    -1822820.750000
4294    -1822822.500000
4295    -1822824.250000
4296    -1822826.250000
4297    -1822827.500000
4298    -1822829.375000
4299    -1822831.125000
4300    -1822832.750000
4301    -1822834.500000
4302    -1822836.125000
4303    -1822838.000000
4304    -1822839.375000
4305    -1822841.250000
4306    -1822843.250000
4307    -1822845.000000
4308    -1822846.375000
4309    -1822848.250000
4310    -1822849.750000
4311    -1822851.625000
4312    -1822853.250000
4313    -1822854.875000
4314    -1822856.750000
4315    -1822858.250000
4316    -1822860.125000
4317    -1822861.750000
4318    -1822863.125000
4319    -1822865.250000
4320    -1822866.625000
4321    -1822868.250000
4322    -1822870.000000
4323    -1822871.750000
4324    -1822873.375000
4325    -1822875.000000
4326    -1822876.750000
4327    -1822878.250000
4328    -1822880.250000
4329    -1822881.750000
4330    -1822883.375000
4331    -1822885.000000
4332    -1822886.500000
4333    -1822888.250000
4334    -1822889.750000
4335    -1822891.625000
4336    -1822893.125000
4337    -1822894.875000
4338    -1822896.500000
4339    -1822898.250000
4340    -1822899.875000
4341    -1822901.500000
4342    -1822903.250000
4343    -1822904.750000
4344    -1822906.500000
4345    -1822908.250000
4346    -1822909.875000
4347    -1822911.750000
4348    -1822913.375000
4349    -1822915.000000
4350    -1822916.375000
4351    -1822918.250000
4352    -1822919.500000
4353    -1822921.375000
4354    -1822922.750000
4355    -1822924.625000
4356    -1822926.250000
4357    -1822927.750000
4358    -1822929.500000
4359    -1822931.125000
4360    -1822932.750000
4361    -1822934.625000
4362    -1822936.000000
4363    -1822937.750000
4364    -1822939.500000
4365    -1822941.000000
4366    -1822943.000000
4367    -1822944.500000
4368    -1822946.375000
4369    -1822947.750000
4370    -1822949.500000
4371    -1822951.500000
4372    -1822952.750000
4373    -1822954.625000
4374    -1822956.000000
4375    -1822957.750000
4376    -1822959.625000
4377    -1822961.000000
4378    -1822962.750000
4379    -1822964.500000
4380    -1822965.750000
4381    -1822968.125000
4382    -1822969.750000
4383    -1822970.875000
4384    -1822972.750000
4385    -1822974.375000
4386    -1822976.250000
4387    -1822978.000000
4388    -1822979.500000
4389    -1822981.250000
4390    -1822982.750000
4391    -1822984.500000
4392    -1822985.875000
4393    -1822987.750000
4394    -1822989.625000
4395    -1822991.000000
4396    -1822992.875000
4397    -1822994.500000
4398    -1822996.125000
4399    -1822998.250000
4400    -1822999.625000
4401    -1823001.625000
4402    -1823003.000000
4403    -1823004.625000
4404    -1823006.625000
4405    -1823008.250000
4406    -1823009.875000
4407    -1823011.500000
4408    -1823013.250000
4409    -1823015.000000
4410    -1823016.625000
4411    -1823018.250000
4412    -1823020.250000
4413    -1823022.000000
4414    -1823023.500000
4415    -1823025.500000
4416    -1823027.250000
4417    -1823028.875000
4418    -1823030.625000
4419    -1823032.500000
4420    -1823033.875000
4421    -1823035.875000
4422    -1823037.750000
4423    -1823039.125000
4424    -1823041.000000
4425    -1823043.000000
4426    -1823044.625000
4427    -1823046.500000
4428    -1823048.125000
4429    -1823049.625000
4430    -1823051.500000
4431    -1823053.250000
4432    -1823054.875000
4433    -1823056.875000
4434    -1823058.750000
4435    -1823060.250000
4436    -1823061.750000
4437    -1823064.000000
4438    -1823065.500000
4439    -1823067.250000
4440    -1823068.875000
4441    -1823071.000000
4442    -1823072.625000
4443    -1823074.250000
4444    -1823076.250000
4445    -1823078.000000
4446    -1823079.750000
4447    -1823081.625000
4448    -1823083.000000
4449    -1823085.125000
4450    -1823087.125000
4451    -1823089.000000
4452    -1823090.500000
4453    -1823092.500000
4454    -1823094.250000
4455    -1823095.875000
4456    -1823097.500000
4457    -1823099.500000
4458    -1823101.500000
4459    -1823103.500000
4460    -1823105.000000
4461    -1823106.750000
4462    -1823108.625000
4463    -1823110.500000
4464    -1823112.500000
4465    -1823114.000000
4466    -1823115.750000
4467    -1823117.750000
4468    -1823119.375000
4469    -1823121.500000
4470    -1823123.250000
4471    -1823125.250000
4472    -1823127.000000
4473    -1823128.750000
4474    -1823130.375000
4475    -1823132.000000
4476    -1823134.375000
4477    -1823136.250000
4478    -1823137.750000
4479    -1823139.750000
4480    -1823141.750000
4481    -1823143.250000
4482    -1823145.125000
4483    -1823146.875000
4484    -1823149.000000
4485    -1823150.625000
4486    -1823152.750000
4487    -1823154.250000
4488    -1823156.250000
4489    -1823158.250000
4490    -1823159.750000
4491    -1823161.750000
4492    -1823164.000000
4493    -1823165.500000
4494    -1823167.500000
4495    -1823169.250000
4496    -1823171.125000
4497    -1823173.000000
4498    -1823174.750000
4499    -1823176.750000
4500    -1823178.375000
4501    -1823180.500000
4502    -1823182.000000
4503    -1823184.250000
4504    -1823186.250000
4505    -1823187.875000
4506    -1823190.250000
4507    -1823191.750000
4508    -1823193.625000
4509    -1823195.375000
4510    -1823197.250000
4511    -1823199.250000
4512    -1823201.000000
4513    -1823202.875000
4514    -1823204.750000
4515    -1823206.375000
4516    -1823208.250000
4517    -1823210.500000
4518    -1823212.000000
4519    -1823213.750000
4520    -1823215.500000
4521    -1823217.625000
4522    -1823219.500000
4523    -1823221.250000
4524    -1823223.125000
4525    -1823225.000000
4526    -1823227.000000
4527    -1823228.750000
4528    -1823230.500000
4529    -1823232.500000
4530    -1823234.250000
4531    -1823236.250000
4532    -1823238.000000
4533    -1823239.625000
4534    -1823241.250000
4535    -1823243.250000
4536    -1823245.250000
4537    -1823247.250000
4538    -1823249.000000
4539    -1823250.500000
4540    -1823252.250000
4541    -1823254.000000
4542    -1823255.875000
4543    -1823257.750000
4544    -1823259.500000
4545    -1823261.250000
4546    -1823262.875000
4547    -1823264.875000
4548    -1823266.250000
4549    -1823268.250000
4550    -1823269.750000
4551    -1823272.000000
4552    -1823273.250000
4553    -1823275.250000
4554    -1823276.875000
4555    -1823278.875000
4556    -1823280.500000
4557    -1823282.250000
4558    -1823284.250000
4559    -1823285.625000
4560    -1823287.500000
4561    -1823289.500000
4562    -1823291.000000
4563    -1823292.750000
4564    -1823294.500000
4565    -1823296.250000
4566    -1823298.000000
4567    -1823299.750000
4568    -1823301.500000
4569    -1823302.875000
4570    -1823304.500000
4571    -1823306.250000
4572    -1823308.375000
4573    -1823310.000000
4574    -1823311.500000
4575    -1823313.375000
4576    -1823315.000000
4577    -1823317.000000
4578    -1823318.000000
4579    -1823319.875000
4580    -1823321.750000
4581    -1823323.500000
4582    -1823325.000000
4583    -1823326.875000
4584    -1823328.500000
4585    -1823330.250000
4586    -1823332.000000
4587    -1823333.750000
4588    -1823335.250000
4589    -1823337.000000
4590    -1823338.750000
4591    -1823340.125000
4592    -1823342.000000
4593    -1823343.500000
4594    -1823345.375000
4595    -1823346.500000
4596    -1823348.500000
4597    -1823350.125000
4598    -1823351.500000
4599    -1823353.375000
4600    -1823355.000000
4601    -1823356.750000
4602    -1823358.375000
4603    -1823359.875000
4604    -1823361.750000
4605    -1823363.000000
4606    -1823364.750000
4607    -1823366.125000
4608    -1823367.875000
4609    -1823369.500000
4610    -1823371.375000
4611    -1823373.000000
4612    -1823374.375000
4613    -1823376.250000
4614    -1823377.750000
4615    -1823379.500000
4616    -1823380.875000
4617    -1823382.750000
4618    -1823384.250000
4619    -1823386.000000
4620    -1823387.250000
4621    -1823389.000000
4622    -1823390.500000
4623    -1823392.000000
4624    -1823393.625000
4625    -1823395.250000
4626    -1823396.750000
4627    -1823398.375000
4628    -1823399.875000
4629    -1823401.500000
4630    -1823402.750000
4631    -1823404.500000
4632    -1823406.000000
4633    -1823407.625000
4634    -1823409.250000
4635    -1823410.500000
4636    -1823412.250000
4637    -1823413.875000
4638    -1823415.250000
4639    -1823416.750000
4640    -1823418.250000
4641    -1823420.000000
4642    -1823421.500000
4643    -1823422.875000
4644    -1823424.250000
4645    -1823426.000000
4646    -1823427.500000
4647    -1823428.750000
4648    -1823430.250000
4649    -1823432.125000
4650    -1823433.625000
4651    -1823435.000000
4652    -1823436.750000
4653    -1823438.000000
4654    -1823439.500000
4655    -1823441.250000
4656    -1823442.750000
4657    -1823444.250000
4658    -1823445.750000
4659    -1823447.375000
4660    -1823448.750000
4661    -1823450.250000
4662    -1823451.625000
4663    -1823453.125000
4664    -1823454.500000
4665    -1823456.500000
4666    -1823457.750000
4667    -1823459.125000
4668    -1823460.875000
4669    -1823462.250000
4670    -1823463.750000
4671    -1823465.000000
4672    -1823466.625000
4673    -1823468.250000
4674    -1823469.750000
4675    -1823471.250000
4676    -1823472.750000
4677    -1823474.500000
4678    -1823475.625000
4679    -1823477.250000
4680    -1823478.500000
4681    -1823480.375000
4682    -1823481.500000
4683    -1823483.250000
4684    -1823484.750000
4685    -1823486.125000
4686    -1823487.500000
4687    -1823489.000000
4688    -1823490.500000
4689    -1823492.375000
4690    -1823493.875000
4691    -1823495.250000
4692    -1823496.500000
4693    -1823498.000000
4694    -1823499.500000
4695    -1823500.875000
4696    -1823502.375000
4697    -1823504.000000
4698    -1823505.500000
4699    -1823507.125000
4700    -1823508.500000
4701    -1823510.250000
4702    -1823511.500000
4703    -1823513.125000
4704    -1823514.625000
4705    -1823516.125000
4706    -1823517.375000
4707    -1823518.750000
4708    -1823520.500000
4709    -1823521.875000
4710    -1823523.500000
4711    -1823525.125000
4712    -1823526.375000
4713    -1823528.000000
4714    -1823529.750000
4715    -1823530.875000
4716    -1823532.250000
4717    -1823533.875000
4718    -1823535.625000
4719    -1823537.000000
4720    -1823538.500000
4721    -1823540.250000
4722    -1823541.750000
4723    -1823543.000000
4724    -1823544.125000
4725    -1823546.000000
4726    -1823547.500000
4727    -1823548.875000
4728    -1823550.250000
4729    -1823551.500000
4730    -1823553.000000
4731    -1823554.625000
4732    -1823555.750000
4733    -1823557.500000
4734    -1823559.000000
4735    -1823560.500000
4736    -1823562.000000
4737    -1823563.500000
4738    -1823564.750000
4739    -1823566.125000
4740    -1823567.500000
4741    -1823569.000000
4742    -1823570.500000
4743    -1823571.875000
4744    -1823573.500000
4745    -1823575.125000
4746    -1823576.500000
4747    -1823577.750000
4748    -1823579.375000
4749    -1823580.750000
4750    -1823582.375000
4751    -1823583.750000
4752    -1823585.250000
4753    -1823586.750000
4754    -1823588.000000
4755    -1823589.250000
4756    -1823591.000000
4757    -1823592.375000
4758    -1823593.875000
4759    -1823595.250000
4760    -1823596.750000
4761    -1823598.250000
4762    -1823599.500000
4763    -1823601.250000
4764    -1823602.500000
4765    -1823604.125000
4766    -1823605.500000
4767    -1823607.250000
4768    -1823608.750000
4769    -1823610.000000
4770    -1823611.625000
4771    -1823613.000000
4772    -1823614.500000
4773    -1823616.000000
4774    -1823617.500000
4775    -1823619.000000
4776    -1823620.750000
4777    -1823622.000000
4778    -1823623.750000
4779    -1823624.875000
4780    -1823626.625000
4781    -1823627.875000
4782    -1823629.750000
4783    -1823631.125000
4784    -1823632.875000
4785    -1823634.375000
4786    -1823636.000000
4787    -1823637.250000
4788    -1823638.750000
4789    -1823640.500000
4790    -1823642.000000
4791    -1823643.500000
4792    -1823645.125000
4793    -1823646.750000
4794    -1823648.125000
4795    -1823649.750000
4796    -1823651.250000
4797    -1823653.000000
4798    -1823654.250000
4799    -1823655.875000
4800    -1823657.750000
4801    -1823659.250000
4802    -1823660.750000
4803    -1823662.250000
4804    -1823663.750000
4805    -1823665.250000
4806    -1823667.125000
4807    -1823668.750000
4808    -1823670.250000
4809    -1823671.750000
4810    -1823673.375000
4811    -1823675.000000
4812    -1823676.750000
4813    -1823678.250000
4814    -1823679.500000
4815    -1823681.375000
4816    -1823683.000000
4817    -1823684.625000
4818    -1823686.250000
4819    -1823687.875000
4820    -1823689.500000
4821    -1823691.000000
4822    -1823693.000000
4823    -1823694.250000
4824    -1823695.875000
4825    -1823697.500000
4826    -1823699.500000
4827    -1823700.750000
4828    -1823702.250000
4829    -1823704.000000
4830    -1823705.750000
4831    -1823707.250000
4832    -1823709.000000
4833    -1823710.625000
4834    -1823712.375000
4835    -1823713.750000
4836    -1823715.500000
4837    -1823717.000000
4838    -1823718.750000
4839    -1823720.625000
4840    -1823722.125000
4841    -1823723.500000
4842    -1823725.500000
4843    -1823726.875000
4844    -1823728.500000
4845    -1823730.250000
4846    -1823732.000000
4847    -1823733.750000
4848    -1823735.250000
4849    -1823736.875000
4850    -1823738.750000
4851    -1823740.125000
4852    -1823741.875000
4853    -1823743.500000
4854    -1823745.250000
4855    -1823747.000000
4856    -1823748.500000
4857    -1823750.375000
4858    -1823752.125000
4859    -1823753.625000
4860    -1823755.250000
4861    -1823756.750000
4862    -1823758.750000
4863    -1823760.375000
4864    -1823762.000000
4865    -1823763.750000
4866    -1823765.500000
4867    -1823767.250000
4868    -1823768.750000
4869    -1823770.625000
4870    -1823772.125000
4871    -1823773.750000
4872    -1823775.500000
4873    -1823777.000000
4874    -1823779.000000
4875    -1823780.750000
4876    -1823782.375000
4877    -1823784.250000
4878    -1823785.750000
4879    -1823787.500000
4880    -1823789.125000
4881    -1823791.000000
4882    -1823792.625000
4883    -1823794.250000
4884    -1823795.750000
4885    -1823797.625000
4886    -1823799.375000
4887    -1823801.000000
4888    -1823802.750000
4889    -1823804.250000
4890    -1823806.125000
4891    -1823807.625000
4892    -1823809.250000
4893    -1823811.125000
4894    -1823812.750000
4895    -1823814.250000
4896    -1823816.000000
4897    -1823817.750000
4898    -1823819.500000
4899    -1823821.000000
4900    -1823822.750000
4901    -1823824.250000
4902    -1823826.125000
4903    -1823827.750000
4904    -1823829.375000
4905    -1823830.875000
4906    -1823832.750000
4907    -1823834.250000
4908    -1823836.000000
4909    -1823837.500000
4910    -1823839.125000
4911    -1823840.625000
4912    -1823842.500000
4913    -1823844.000000
4914    -1823845.750000
4915    -1823847.250000
4916    -1823848.875000
4917    -1823850.750000
4918    -1823852.250000
4919    -1823853.750000
4920    -1823855.500000
4921    -1823857.000000
4922    -1823858.625000
4923    -1823860.375000
4924    -1823862.250000
4925    -1823863.625000
4926    -1823865.250000
4927    -1823867.000000
4928    -1823868.250000
4929    -1823870.125000
4930    -1823871.750000
4931    -1823873.500000
4932    -1823875.125000
4933    -1823876.500000
4934    -1823878.250000
4935    -1823879.875000
4936    -1823881.500000
4937    -1823883.250000
4938    -1823884.625000
4939    -1823886.250000
4940    -1823887.750000
4941    -1823889.250000
4942    -1823890.875000
4943    -1823892.500000
4944    -1823894.125000
4945    -1823895.750000
4946    -1823897.250000
4947    -1823899.250000
4948    -1823900.625000
4949    -1823902.000000
4950    -1823903.750000
4951    -1823905.500000
4952    -1823907.000000
4953    -1823908.750000
4954    -1823910.375000
4955    -1823911.625000
4956    -1823913.250000
4957    -1823914.750000
4958    -1823916.625000
4959    -1823918.250000
4960    -1823919.750000
4961    -1823921.250000
4962    -1823922.625000
4963    -1823924.375000
4964    -1823926.250000
4965    -1823927.500000
4966    -1823929.250000
4967    -1823930.750000
4968    -1823932.500000
4969    -1823933.750000
4970    -1823935.375000
4971    -1823937.000000
4972    -1823938.625000
4973    -1823940.250000
4974    -1823941.750000
4975    -1823943.500000
4976    -1823945.000000
4977    -1823946.500000
4978    -1823948.125000
4979    -1823949.625000
4980    -1823951.375000
4981    -1823952.750000
4982    -1823954.500000
4983    -1823956.000000
4984    -1823957.750000
4985    -1823959.125000
4986    -1823961.000000
4987    -1823962.500000
4988    -1823964.000000
4989    -1823965.500000
4990    -1823967.000000
4991    -1823969.000000
4992    -1823970.250000
4993    -1823971.875000
4994    -1823973.500000
4995    -1823975.000000
4996    -1823976.750000
4997    -1823978.000000
4998    -1823979.500000
4999    -1823981.500000
5000    -1823982.875000
5001    -1823984.625000
5002    -1823986.000000
5003    -1823987.500000
5004    -1823989.000000
5005    -1823990.750000
5006    -1823992.125000
5007    -1823993.750000
5008    -1823995.500000
5009    -1823997.000000
5010    -1823998.500000
5011    -1824000.000000
5012    -1824001.750000
5013    -1824003.250000
5014    -1824005.000000
5015    -1824006.375000
5016    -1824008.000000
5017    -1824009.750000
5018    -1824011.375000
5019    -1824012.750000
5020    -1824014.500000
5021    -1824016.000000
5022    -1824017.500000
5023    -1824019.250000
5024    -1824020.750000
5025    -1824022.375000
5026    -1824024.000000
5027    -1824025.750000
5028    -1824027.000000
5029    -1824028.625000
5030    -1824030.375000
5031    -1824032.000000
5032    -1824033.750000
5033    -1824035.500000
5034    -1824037.000000
5035    -1824038.750000
5036    -1824040.000000
5037    -1824041.750000
5038    -1824043.500000
5039    -1824044.875000
5040    -1824046.625000
5041    -1824048.250000
5042    -1824050.000000
5043    -1824051.750000
5044    -1824053.250000
5045    -1824054.875000
5046    -1824056.375000
5047    -1824058.250000
5048    -1824059.750000
5049    -1824061.625000
5050    -1824063.250000
5051    -1824064.750000
5052    -1824066.500000
5053    -1824068.000000
5054    -1824070.125000
5055    -1824071.750000
5056    -1824073.250000
5057    -1824074.875000
5058    -1824076.500000
5059    -1824078.250000
5060    -1824079.875000
5061    -1824081.625000
5062    -1824083.500000
5063    -1824085.000000
5064    -1824086.875000
5065    -1824088.500000
5066    -1824090.250000
5067    -1824091.875000
5068    -1824093.500000
5069    -1824095.000000
5070    -1824097.000000
5071    -1824098.750000
5072    -1824100.500000
5073    -1824102.125000
5074    -1824103.750000
5075    -1824105.375000
5076    -1824107.000000
5077    -1824108.750000
5078    -1824110.500000
5079    -1824112.000000
5080    -1824113.750000
5081    -1824115.500000
5082    -1824117.375000
5083    -1824119.125000
5084    -1824121.000000
5085    -1824122.625000
5086    -1824124.000000
5087    -1824126.000000
5088    -1824127.500000
5089    -1824129.250000
5090    -1824131.125000
5091    -1824132.750000
5092    -1824134.500000
5093    -1824136.250000
5094    -1824137.750000
5095    -1824139.750000
5096    -1824141.375000
5097    -1824143.125000
5098    -1824144.875000
5099    -1824146.750000
5100    -1824148.500000
5101    -1824150.375000
5102    -1824151.875000
5103    -1824153.625000
5104    -1824155.375000
5105    -1824157.125000
5106    -1824158.625000
5107    -1824160.250000
5108    -1824162.000000
5109    -1824164.000000
5110    -1824165.750000
5111    -1824167.375000
5112    -1824169.250000
5113    -1824170.750000
5114    -1824172.375000
5115    -1824174.250000
5116    -1824176.000000
5117    -1824177.500000
5118    -1824179.375000
5119    -1824181.125000
5120    -1824182.625000
5121    -1824184.500000
5122    -1824186.250000
5123    -1824188.125000
5124    -1824189.750000
5125    -1824191.375000
5126    -1824193.000000
5127    -1824194.875000
5128    -1824196.625000
5129    -1824198.125000
5130    -1824200.000000
5131    -1824201.750000
5132    -1824203.375000
5133    -1824205.000000
5134    -1824206.750000
5135    -1824208.500000
5136    -1824210.125000
5137    -1824211.750000
5138    -1824213.625000
5139    -1824215.500000
5140    -1824217.125000
5141    -1824218.750000
5142    -1824220.250000
5143    -1824222.250000
5144    -1824223.750000
5145    -1824225.750000
5146    -1824227.250000
5147    -1824229.000000
5148    -1824230.750000
5149    -1824232.500000
5150    -1824234.000000
5151    -1824235.750000
5152    -1824237.750000
5153    -1824239.250000
5154    -1824241.125000
5155    -1824242.750000
5156    -1824244.250000
5157    -1824246.000000
5158    -1824247.750000
5159    -1824249.250000
5160    -1824251.125000
5161    -1824252.750000
5162    -1824254.250000
5163    -1824256.125000
5164    -1824257.625000
5165    -1824259.500000
5166    -1824261.000000
5167    -1824263.125000
5168    -1824264.750000
5169    -1824266.250000
5170    -1824267.750000
5171    -1824269.625000
5172    -1824271.250000
5173    -1824272.875000
5174    -1824274.375000
5175    -1824276.250000
5176    -1824277.750000
5177    -1824279.750000
5178    -1824281.375000
5179    -1824283.000000
5180    -1824284.875000
5181    -1824286.500000
5182    -1824288.250000
5183    -1824290.000000
5184    -1824291.500000
5185    -1824293.250000
5186    -1824295.250000
5187    -1824296.750000
5188    -1824298.250000
5189    -1824300.125000
5190    -1824301.750000
5191    -1824303.375000
5192    -1824305.125000
5193    -1824306.625000
5194    -1824308.750000
5195    -1824310.500000
5196    -1824312.250000
5197    -1824313.750000
5198    -1824315.625000
5199    -1824317.125000
5200    -1824319.000000
5201    -1824320.750000
5202    -1824322.375000
5203    -1824324.250000
5204    -1824326.125000
5205    -1824327.750000
5206    -1824329.500000
5207    -1824331.125000
5208    -1824333.000000
5209    -1824334.750000
5210    -1824336.375000
5211    -1824338.000000
5212    -1824339.750000
5213    -1824341.625000
5214    -1824343.375000
5215    -1824345.000000
5216    -1824346.750000
5217    -1824348.500000
5218    -1824350.375000
5219    -1824351.875000
5220    -1824353.750000
5221    -1824355.625000
5222    -1824357.250000
5223    -1824359.000000
5224    -1824360.625000
5225    -1824362.500000
5226    -1824364.250000
5227    -1824366.000000
5228    -1824367.750000
5229    -1824369.750000
5230    -1824371.375000
5231    -1824373.250000
5232    -1824375.000000
5233    -1824376.375000
5234    -1824378.250000
5235    -1824380.125000
5236    -1824381.750000
5237    -1824383.500000
5238    -1824385.500000
5239    -1824387.250000
5240    -1824388.875000
5241    -1824390.750000
5242    -1824392.500000
5243    -1824394.250000
5244    -1824395.750000
5245    -1824397.875000
5246    -1824399.500000
5247    -1824401.500000
5248    -1824403.125000
5249    -1824404.750000
5250    -1824406.750000
5251    -1824408.500000
5252    -1824410.000000
5253    -1824412.000000
5254    -1824413.625000
5255    -1824415.750000
5256    -1824417.000000
5257    -1824419.000000
5258    -1824420.750000
5259    -1824422.500000
5260    -1824424.250000
5261    -1824426.375000
5262    -1824428.000000
5263    -1824429.875000
5264    -1824431.750000
5265    -1824433.000000
5266    -1824435.000000
5267    -1824436.500000
5268    -1824438.750000
5269    -1824440.500000
5270    -1824442.250000
5271    -1824444.250000
5272    -1824445.875000
5273    -1824447.375000
5274    -1824449.250000
5275    -1824451.000000
5276    -1824452.875000
5277    -1824454.625000
5278    -1824456.250000
5279    -1824458.250000
5280    -1824460.000000
5281    -1824461.875000
5282    -1824463.500000
5283    -1824465.500000
5284    -1824467.250000
5285    -1824469.000000
5286    -1824470.750000
5287    -1824472.625000
5288    -1824474.250000
5289    -1824476.250000
5290    -1824478.000000
5291    -1824480.000000
5292    -1824481.750000
5293    -1824483.375000
5294    -1824485.250000
5295    -1824487.000000
5296    -1824489.000000
5297    -1824490.500000
5298    -1824492.250000
5299    -1824494.000000
5300    -1824495.750000
5301    -1824497.875000
5302    -1824499.875000
5303    -1824501.500000
5304    -1824503.125000
5305    -1824505.250000
5306    -1824507.000000
5307    -1824508.750000
5308    -1824510.625000
5309    -1824512.250000
5310    -1824514.125000
5311    -1824516.125000
5312    -1824517.750000
5313    -1824519.500000
5314    -1824521.250000
5315    -1824523.000000
5316    -1824525.000000
5317    -1824526.750000
5318    -1824528.375000
5319    -1824530.250000
5320    -1824532.000000
5321    -1824533.750000
5322    -1824535.375000
5323    -1824537.250000
5324    -1824539.000000
5325    -1824541.250000
5326    -1824542.625000
5327    -1824544.500000
5328    -1824546.000000
5329    -1824548.125000
5330    -1824550.000000
5331    -1824551.500000
5332    -1824553.125000
5333    -1824555.000000
5334    -1824556.750000
5335    -1824558.500000
5336    -1824560.625000
5337    -1824562.250000
5338    -1824564.125000
5339    -1824566.125000
5340    -1824567.750000
5341    -1824569.625000
5342    -1824571.375000
5343    -1824573.000000
5344    -1824574.875000
5345    -1824576.500000
5346    -1824578.250000
5347    -1824580.125000
5348    -1824581.875000
5349    -1824583.625000
5350    -1824585.375000
5351    -1824587.375000
5352    -1824589.125000
5353    -1824591.000000
5354    -1824592.750000
5355    -1824594.250000
5356    -1824596.000000
5357    -1824598.000000
5358    -1824599.875000
5359    -1824601.500000
5360    -1824603.375000
5361    -1824605.125000
5362    -1824607.000000
5363    -1824608.750000
5364    -1824610.500000
5365    -1824612.250000
5366    -1824614.250000
5367    -1824615.875000
5368    -1824617.875000
5369    -1824619.375000
5370    -1824621.125000
5371    -1824623.125000
5372    -1824624.750000
5373    -1824626.500000
5374    -1824627.750000
5375    -1824630.125000
5376    -1824631.875000
5377    -1824633.625000
5378    -1824635.500000
5379    -1824637.250000
5380    -1824639.000000
5381    -1824640.875000
5382    -1824642.500000
5383    -1824644.375000
5384    -1824645.750000
5385    -1824647.875000
5386    -1824649.625000
5387    -1824651.625000
5388    -1824653.250000
5389    -1824654.750000
5390    -1824656.500000
5391    -1824658.250000
5392    -1824660.000000
5393    -1824662.000000
5394    -1824663.625000
5395    -1824665.500000
5396    -1824667.125000
5397    -1824668.750000
5398    -1824670.750000
5399    -1824672.625000
5400    -1824674.250000
5401    -1824676.000000
5402    -1824677.750000
5403    -1824679.625000
5404    -1824681.500000
5405    -1824683.250000
5406    -1824685.000000
5407    -1824686.750000
5408    -1824688.375000
5409    -1824690.000000
5410    -1824691.875000
5411    -1824694.000000
5412    -1824695.625000
5413    -1824697.375000
5414    -1824698.875000
5415    -1824700.500000
5416    -1824702.375000
5417    -1824704.000000
5418    -1824705.750000
5419    -1824707.250000
5420    -1824709.000000
5421    -1824710.750000
5422    -1824712.875000
5423    -1824714.250000
5424    -1824716.000000
5425    -1824717.750000
5426    -1824719.375000
5427    -1824721.250000
5428    -1824722.750000
5429    -1824724.625000
5430    -1824726.250000
5431    -1824727.875000
5432    -1824729.750000
5433    -1824731.250000
5434    -1824733.250000
5435    -1824735.125000
5436    -1824736.500000
5437    -1824738.250000
5438    -1824740.000000
5439    -1824741.500000
5440    -1824743.125000
5441    -1824745.000000
5442    -1824746.500000
5443    -1824748.250000
5444    -1824749.750000
5445    -1824751.625000
5446    -1824753.250000
5447    -1824755.000000
5448    -1824756.750000
5449    -1824758.500000
5450    -1824760.000000
5451    -1824761.875000
5452    -1824763.375000
5453    -1824765.000000
5454    -1824766.750000
5455    -1824768.250000
5456    -1824769.750000
5457    -1824771.250000
5458    -1824772.875000
5459    -1824774.500000
5460    -1824776.125000
5461    -1824777.625000
5462    -1824779.375000
5463    -1824781.250000
5464    -1824783.000000
5465    -1824784.250000
5466    -1824786.250000
5467    -1824787.625000
5468    -1824789.250000
5469    -1824790.750000
5470    -1824792.375000
5471    -1824794.000000
5472    -1824795.500000
5473    -1824797.125000
5474    -1824798.875000
5475    -1824800.250000
5476    -1824802.000000
5477    -1824803.875000
5478    -1824805.375000
5479    -1824807.000000
5480    -1824808.625000
5481    -1824810.000000
5482    -1824811.750000
5483    -1824813.250000
5484    -1824814.750000
5485    -1824816.250000
5486    -1824818.000000
5487    -1824819.500000
5488    -1824821.000000
5489    -1824822.750000
5490    -1824824.250000
5491    -1824826.000000
5492    -1824827.375000
5493    -1824829.000000
5494    -1824830.500000
5495    -1824832.125000
5496    -1824833.750000
5497    -1824835.250000
5498    -1824836.750000
5499    -1824838.250000
5500    -1824839.750000
5501    -1824841.500000
5502    -1824843.000000
5503    -1824844.250000
5504    -1824845.750000
5505    -1824847.250000
5506    -1824849.000000
5507    -1824850.500000
5508    -1824852.000000
5509    -1824853.750000
5510    -1824855.000000
5511    -1824856.875000
5512    -1824858.250000
5513    -1824859.750000
5514    -1824861.375000
5515    -1824862.750000
5516    -1824864.125000
5517    -1824865.750000
5518    -1824867.250000
5519    -1824868.750000
5520    -1824870.250000
5521    -1824871.750000
5522    -1824873.250000
5523    -1824874.500000
5524    -1824876.500000
5525    -1824878.000000
5526    -1824879.375000
5527    -1824880.875000
5528    -1824882.375000
5529    -1824884.000000
5530    -1824885.125000
5531    -1824887.000000
5532    -1824888.250000
5533    -1824890.000000
5534    -1824891.375000
5535    -1824892.750000
5536    -1824894.250000
5537    -1824895.750000
5538    -1824897.500000
5539    -1824898.750000
5540    -1824900.375000
5541    -1824902.000000
5542    -1824903.375000
5543    -1824904.750000
5544    -1824906.250000
5545    -1824908.000000
5546    -1824909.375000
5547    -1824911.000000
5548    -1824912.375000
5549    -1824914.000000
5550    -1824915.500000
5551    -1824916.750000
5552    -1824918.250000
5553    -1824920.125000
5554    -1824921.375000
5555    -1824923.000000
5556    -1824924.375000
5557    -1824925.875000
5558    -1824927.500000
5559    -1824928.750000
5560    -1824930.500000
5561    -1824931.875000
5562    -1824933.250000
5563    -1824934.625000
5564    -1824936.250000
5565    -1824937.750000
5566    -1824939.250000
5567    -1824941.000000
5568    -1824942.250000
5569    -1824943.750000
5570    -1824945.250000
5571    -1824946.750000
5572    -1824948.250000
5573    -1824950.000000
5574    -1824951.250000
5575    -1824952.625000
5576    -1824954.500000
5577    -1824955.750000
5578    -1824957.500000
5579    -1824959.125000
5580    -1824960.375000
5581    -1824961.750000
5582    -1824963.250000
5583    -1824964.875000
5584    -1824966.250000
5585    -1824967.875000
5586    -1824969.250000
5587    -1824970.750000
5588    -1824972.500000
5589    -1824974.000000
5590    -1824975.625000
5591    -1824977.000000
5592    -1824978.500000
5593    -1824980.125000
5594    -1824981.750000
5595    -1824983.125000
5596    -1824984.875000
5597    -1824986.500000
5598    -1824988.000000
5599    -1824989.375000
5600    -1824991.000000
5601    -1824992.750000
5602    -1824994.250000
5603    -1824995.875000
5604    -1824997.250000
5605    -1824998.750000
5606    -1825000.500000
5607    -1825001.875000
5608    -1825003.500000
5609    -1825005.125000
5610    -1825006.625000
5611    -1825008.000000
5612    -1825009.750000
5613    -1825011.250000
5614    -1825013.000000
5615    -1825014.750000
5616    -1825016.125000
5617    -1825017.750000
5618    -1825019.500000
5619    -1825021.000000
5620    -1825022.750000
5621    -1825024.000000
5622    -1825026.000000
5623    -1825027.500000
5624    -1825028.750000
5625    -1825030.625000
5626    -1825032.000000
5627    -1825033.875000
5628    -1825035.500000
5629    -1825037.000000
5630    -1825038.500000
5631    -1825040.125000
5632    -1825042.000000
5633    -1825043.750000
5634    -1825045.375000
5635    -1825047.000000
5636    -1825048.500000
5637    -1825050.250000
5638    -1825052.000000
5639    -1825053.625000
5640    -1825055.250000
5641    -1825056.750000
5642    -1825058.500000
5643    -1825060.375000
5644    -1825062.125000
5645    -1825063.500000
5646    -1825065.375000
5647    -1825066.875000
5648    -1825068.750000
5649    -1825070.250000
5650    -1825072.000000
5651    -1825073.375000
5652    -1825075.500000
5653    -1825077.250000
5654    -1825079.125000
5655    -1825080.500000
5656    -1825082.125000
5657    -1825084.125000
5658    -1825085.500000
5659    -1825087.500000
5660    -1825089.250000
5661    -1825090.750000
5662    -1825092.500000
5663    -1825094.250000
5664    -1825096.000000
5665    -1825097.750000
5666    -1825099.375000
5667    -1825101.500000
5668    -1825103.000000
5669    -1825104.500000
5670    -1825106.750000
5671    -1825108.500000
5672    -1825110.125000
5673    -1825112.125000
5674    -1825113.875000
5675    -1825115.625000
5676    -1825117.250000
5677    -1825118.875000
5678    -1825120.750000
5679    -1825122.500000
5680    -1825124.625000
5681    -1825126.500000
5682    -1825128.125000
5683    -1825129.875000
5684    -1825131.875000
5685    -1825133.750000
5686    -1825135.625000
5687    -1825137.500000
5688    -1825139.125000
5689    -1825141.250000
5690    -1825143.000000
5691    -1825144.750000
5692    -1825146.750000
5693    -1825148.625000
5694    -1825150.250000
5695    -1825152.125000
5696    -1825154.000000
5697    -1825155.750000
5698    -1825158.000000
5699    -1825159.875000
5700    -1825161.500000
5701    -1825163.500000
5702    -1825165.500000
5703    -1825167.625000
5704    -1825169.500000
5705    -1825171.125000
5706    -1825173.000000
5707    -1825175.000000
5708    -1825177.000000
5709    -1825179.000000
5710    -1825180.750000
5711    -1825182.500000
5712    -1825184.750000
5713    -1825186.750000
5714    -1825188.750000
5715    -1825190.500000
5716    -1825192.500000
5717    -1825194.500000
5718    -1825196.500000
5719    -1825198.250000
5720    -1825200.125000
5721    -1825202.125000
5722    -1825203.875000
5723    -1825206.000000
5724    -1825208.000000
5725    -1825210.000000
5726    -1825211.875000
5727    -1825213.875000
5728    -1825215.500000
5729    -1825217.500000
5730    -1825219.375000
5731    -1825221.375000
5732    -1825223.375000
5733    -1825225.375000
5734    -1825227.375000
5735    -1825229.250000
5736    -1825231.125000
5737    -1825233.250000
5738    -1825235.250000
5739    -1825237.125000
5740    -1825239.250000
5741    -1825241.000000
5742    -1825243.250000
5743    -1825245.000000
5744    -1825247.250000
5745    -1825249.125000
5746    -1825251.250000
5747    -1825253.125000
5748    -1825255.500000
5749    -1825257.000000
5750    -1825259.125000
5751    -1825261.000000
5752    -1825263.250000
5753    -1825264.875000
5754    -1825267.000000
5755    -1825268.875000
5756    -1825271.000000
5757    -1825273.000000
5758    -1825274.875000
5759    -1825277.000000
5760    -1825279.000000
5761    -1825280.750000
5762    -1825282.500000
5763    -1825284.750000
5764    -1825286.750000
5765    -1825288.750000
5766    -1825291.000000
5767    -1825292.750000
5768    -1825294.875000
5769    -1825296.750000
5770    -1825298.750000
5771    -1825300.500000
5772    -1825303.000000
5773    -1825304.875000
5774    -1825306.750000
5775    -1825308.750000
5776    -1825310.750000
5777    -1825312.500000
5778    -1825314.750000
5779    -1825316.750000
5780    -1825318.875000
5781    -1825320.750000
5782    -1825322.875000
5783    -1825324.875000
5784    -1825326.750000
5785    -1825328.875000
5786    -1825330.875000
5787    -1825332.875000
5788    -1825335.000000
5789    -1825337.000000
5790    -1825339.000000
5791    -1825341.125000
5792    -1825343.125000
5793    -1825345.250000
5794    -1825347.250000
5795    -1825349.500000
5796    -1825351.250000
5797    -1825353.500000
5798    -1825355.375000
5799    -1825357.500000
5800    -1825359.500000
5801    -1825361.375000
5802    -1825363.500000
5803    -1825365.500000
5804    -1825367.375000
5805    -1825369.875000
5806    -1825371.750000
5807    -1825373.750000
5808    -1825376.000000
5809    -1825378.000000
5810    -1825380.125000
5811    -1825382.125000
5812    -1825384.000000
5813    -1825386.250000
5814    -1825388.500000
5815    -1825390.500000
5816    -1825392.250000
5817    -1825394.625000
5818    -1825396.375000
5819    -1825398.750000
5820    -1825401.000000
5821    -1825403.000000
5822    -1825404.750000
5823    -1825407.250000
5824    -1825409.125000
5825    -1825411.000000
5826    -1825413.250000
5827    -1825415.500000
5828    -1825417.500000
5829    -1825419.500000
5830    -1825421.750000
5831    -1825424.000000
5832    -1825426.000000
5833    -1825428.250000
5834    -1825430.000000
5835    -1825432.000000
5836    -1825434.500000
5837    -1825436.375000
5838    -1825438.625000
5839    -1825440.625000
5840    -1825442.750000
5841    -1825444.750000
5842    -1825447.000000
5843    -1825449.000000
5844    -1825451.125000
5845    -1825453.250000
5846    -1825455.625000
5847    -1825457.500000
5848    -1825459.500000
5849    -1825462.000000
5850    -1825463.750000
5851    -1825465.875000
5852    -1825468.000000
5853    -1825470.250000
5854    -1825472.375000
5855    -1825474.750000
5856    -1825476.500000
5857    -1825478.750000
5858    -1825480.750000
5859    -1825483.000000
5860    -1825484.750000
5861    -1825487.125000
5862    -1825489.125000
5863    -1825491.500000
5864    -1825493.375000
5865    -1825495.500000
5866    -1825497.750000
5867    -1825499.750000
5868    -1825502.000000
5869    -1825504.250000
5870    -1825506.250000
5871    -1825508.000000
5872    -1825510.375000
5873    -1825512.625000
5874    -1825514.375000
5875    -1825516.625000
5876    -1825518.875000
5877    -1825520.750000
5878    -1825523.000000
5879    -1825525.125000
5880    -1825527.125000
5881    -1825529.125000
5882    -1825531.250000
5883    -1825533.500000
5884    -1825535.625000
5885    -1825537.750000
5886    -1825539.500000
5887    -1825541.875000
5888    -1825544.125000
5889    -1825545.875000
5890    -1825548.000000
5891    -1825550.250000
5892    -1825552.250000
5893    -1825554.375000
5894    -1825556.250000
5895    -1825558.750000
5896    -1825560.875000
5897    -1825562.750000
5898    -1825565.250000
5899    -1825567.000000
5900    -1825569.250000
5901    -1825571.250000
5902    -1825573.375000
5903    -1825575.375000
5904    -1825577.250000
5905    -1825579.500000
5906    -1825581.625000
5907    -1825583.500000
5908    -1825585.750000
5909    -1825587.625000
5910    -1825590.000000
5911    -1825591.875000
5912    -1825593.750000
5913    -1825595.875000
5914    -1825597.750000
5915    -1825600.000000
5916    -1825602.000000
5917    -1825604.250000
5918    -1825606.125000
5919    -1825608.250000
5920    -1825610.250000
5921    -1825612.500000
5922    -1825614.625000
5923    -1825616.500000
5924    -1825618.375000
5925    -1825620.500000
5926    -1825622.500000
5927    -1825624.750000
5928    -1825626.750000
5929    -1825628.750000
5930    -1825630.750000
5931    -1825632.750000
5932    -1825634.750000
5933    -1825636.625000
5934    -1825638.500000
5935    -1825640.625000
5936    -1825642.500000
5937    -1825645.000000
5938    -1825646.625000
5939    -1825648.875000
5940    -1825650.875000
5941    -1825653.000000
5942    -1825655.000000
5943    -1825656.875000
5944    -1825659.000000
5945    -1825660.875000
5946    -1825662.875000
5947    -1825665.000000
5948    -1825666.750000
5949    -1825668.875000
5950    -1825671.000000
5951    -1825672.625000
5952    -1825675.000000
5953    -1825677.000000
5954    -1825679.000000
5955    -1825680.750000
5956    -1825683.000000
5957    -1825684.750000
5958    -1825686.750000
5959    -1825689.000000
5960    -1825690.750000
5961    -1825693.000000
5962    -1825695.000000
5963    -1825696.625000
5964    -1825698.750000
5965    -1825700.750000
5966    -1825703.000000
5967    -1825704.750000
5968    -1825707.000000
5969    -1825708.750000
5970    -1825710.750000
5971    -1825713.000000
5972    -1825714.750000
5973    -1825717.000000
5974    -1825718.625000
5975    -1825721.000000
5976    -1825722.750000
5977    -1825724.875000
5978    -1825726.500000
5979    -1825728.500000
5980    -1825730.375000
5981    -1825732.500000
5982    -1825734.500000
5983    -1825736.750000
5984    -1825738.750000
5985    -1825740.750000
5986    -1825742.500000
5987    -1825744.750000
5988    -1825746.750000
5989    -1825748.625000
5990    -1825750.500000
5991    -1825752.500000
5992    -1825754.500000
5993    -1825756.250000
5994    -1825758.750000
5995    -1825760.500000
5996    -1825762.750000
5997    -1825764.500000
5998    -1825766.375000
5999    -1825768.500000
6000    -1825770.500000
6001    -1825772.500000
6002    -1825774.500000
6003    -1825776.500000
6004    -1825778.625000
6005    -1825780.625000
6006    -1825782.625000
6007    -1825784.375000
6008    -1825786.500000
6009    -1825788.500000
6010    -1825790.750000
6011    -1825792.625000
6012    -1825794.750000
6013    -1825796.500000
6014    -1825798.750000
6015    -1825800.625000
6016    -1825802.375000
6017    -1825804.750000
6018    -1825806.750000
6019    -1825808.750000
6020    -1825810.875000
6021    -1825812.750000
6022    -1825814.750000
6023    -1825816.750000
6024    -1825819.000000
6025    -1825820.750000
6026    -1825823.000000
6027    -1825825.250000
6028    -1825827.000000
6029    -1825829.000000
6030    -1825830.625000
6031    -1825833.125000
6032    -1825835.000000
6033    -1825837.375000
6034    -1825839.375000
6035    -1825841.250000
6036    -1825843.250000
6037    -1825845.500000
6038    -1825847.500000
6039    -1825849.625000
6040    -1825851.750000
6041    -1825853.750000
6042    -1825856.250000
6043    -1825858.125000
6044    -1825860.000000
6045    -1825862.250000
6046    -1825864.250000
6047    -1825866.250000
6048    -1825868.125000
6049    -1825870.375000
6050    -1825872.750000
6051    -1825874.500000
6052    -1825876.750000
6053    -1825878.750000
6054    -1825881.000000
6055    -1825882.750000
6056    -1825885.000000
6057    -1825887.250000
6058    -1825889.250000
6059    -1825891.500000
6060    -1825893.500000
6061    -1825895.625000
6062    -1825897.750000
6063    -1825900.000000
6064    -1825901.875000
6065    -1825904.250000
6066    -1825906.250000
6067    -1825908.125000
6068    -1825910.500000
6069    -1825912.500000
6070    -1825914.750000
6071    -1825917.000000
6072    -1825919.000000
6073    -1825921.000000
6074    -1825923.250000
6075    -1825925.250000
6076    -1825927.375000
6077    -1825929.625000
6078    -1825931.750000
6079    -1825933.875000
6080    -1825936.125000
6081    -1825938.250000
6082    -1825940.500000
6083    -1825942.625000
6084    -1825944.750000
6085    -1825946.750000
6086    -1825949.000000
6087    -1825951.125000
6088    -1825953.125000
6089    -1825955.500000
6090    -1825957.875000
6091    -1825960.000000
6092    -1825962.250000
6093    -1825964.250000
6094    -1825966.500000
6095    -1825968.500000
6096    -1825971.000000
6097    -1825973.000000
6098    -1825975.250000
6099    -1825977.500000
6100    -1825980.000000
6101    -1825982.125000
6102    -1825984.125000
6103    -1825986.125000
6104    -1825988.500000
6105    -1825990.625000
6106    -1825992.750000
6107    -1825995.125000
6108    -1825997.250000
6109    -1825999.625000
6110    -1826001.750000
6111    -1826003.750000
6112    -1826006.250000
6113    -1826008.375000
6114    -1826010.750000
6115    -1826012.500000
6116    -1826014.625000
6117    -1826017.000000
6118    -1826019.250000
6119    -1826021.250000
6120    -1826023.500000
6121    -1826025.875000
6122    -1826028.000000
6123    -1826029.875000
6124    -1826032.000000
6125    -1826034.375000
6126    -1826036.500000
6127    -1826038.750000
6128    -1826041.000000
6129    -1826043.125000
6130    -1826045.000000
6131    -1826047.500000
6132    -1826049.500000
6133    -1826051.875000
6134    -1826053.750000
6135    -1826056.250000
6136    -1826058.250000
6137    -1826060.500000
6138    -1826062.625000
6139    -1826065.000000
6140    -1826067.000000
6141    -1826069.250000
6142    -1826071.000000
6143    -1826073.500000
6144    -1826076.000000
6145    -1826077.750000
6146    -1826079.875000
6147    -1826082.125000
6148    -1826084.250000
6149    -1826086.500000
6150    -1826088.750000
6151    -1826090.500000
6152    -1826093.000000
6153    -1826095.125000
6154    -1826097.250000
6155    -1826099.625000
6156    -1826101.750000
6157    -1826104.250000
6158    -1826106.000000
6159    -1826108.375000
6160    -1826110.500000
6161    -1826112.625000
6162    -1826114.750000
6163    -1826117.000000
6164    -1826119.000000
6165    -1826121.375000
6166    -1826123.375000
6167    -1826125.750000
6168    -1826128.000000
6169    -1826129.875000
6170    -1826132.250000
6171    -1826134.500000
6172    -1826136.750000
6173    -1826139.000000
6174    -1826141.125000
6175    -1826143.250000
6176    -1826145.500000
6177    -1826147.625000
6178    -1826149.500000
6179    -1826152.000000
6180    -1826154.250000
6181    -1826156.250000
6182    -1826158.375000
6183    -1826161.000000
6184    -1826163.000000
6185    -1826165.250000
6186    -1826167.375000
6187    -1826169.750000
6188    -1826171.500000
6189    -1826174.000000
6190    -1826176.125000
6191    -1826178.125000
6192    -1826180.500000
6193    -1826182.375000
6194    -1826184.875000
6195    -1826186.750000
6196    -1826189.125000
6197    -1826191.000000
6198    -1826193.375000
6199    -1826195.625000
6200    -1826197.750000
6201    -1826199.750000
6202    -1826202.000000
6203    -1826204.250000
6204    -1826206.250000
6205    -1826208.500000
6206    -1826210.750000
6207    -1826212.625000
6208    -1826214.875000
6209    -1826216.875000
6210    -1826219.000000
6211    -1826221.000000
6212    -1826223.250000
6213    -1826225.375000
6214    -1826227.750000
6215    -1826229.750000
6216    -1826231.625000
6217    -1826233.750000
6218    -1826236.000000
6219    -1826238.125000
6220    -1826240.375000
6221    -1826242.250000
6222    -1826244.375000
6223    -1826246.500000
6224    -1826248.750000
6225    -1826250.500000
6226    -1826252.750000
6227    -1826255.000000
6228    -1826257.000000
6229    -1826258.875000
6230    -1826261.250000
6231    -1826263.250000
6232    -1826265.250000
6233    -1826267.500000
6234    -1826269.625000
6235    -1826271.625000
6236    -1826273.625000
6237    -1826275.875000
6238    -1826277.750000
6239    -1826280.250000
6240    -1826282.000000
6241    -1826284.125000
6242    -1826286.500000
6243    -1826288.500000
6244    -1826290.625000
6245    -1826292.625000
6246    -1826294.750000
6247    -1826296.750000
6248    -1826299.000000
6249    -1826300.875000
6250    -1826303.250000
6251    -1826305.375000
6252    -1826307.250000
6253    -1826309.250000
6254    -1826311.750000
6255    -1826313.625000
6256    -1826315.750000
6257    -1826318.000000
6258    -1826320.250000
6259    -1826322.000000
6260    -1826324.250000
6261    -1826326.125000
6262    -1826328.375000
6263    -1826330.250000
6264    -1826332.500000
6265    -1826334.500000
6266    -1826336.750000
6267    -1826338.500000
6268    -1826341.250000
6269    -1826343.125000
6270    -1826345.250000
6271    -1826347.250000
6272    -1826349.250000
6273    -1826351.375000
6274    -1826353.750000
6275    -1826355.625000
6276    -1826357.625000
6277    -1826359.500000
6278    -1826361.625000
6279    -1826363.750000
6280    -1826365.750000
6281    -1826367.750000
6282    -1826370.125000
6283    -1826371.500000
6284    -1826373.875000
6285    -1826375.875000
6286    -1826378.250000
6287    -1826380.000000
6288    -1826382.000000
6289    -1826384.000000
6290    -1826385.875000
6291    -1826388.250000
6292    -1826390.250000
6293    -1826392.375000
6294    -1826394.250000
6295    -1826396.250000
6296    -1826398.250000
6297    -1826400.500000
6298    -1826402.250000
6299    -1826404.500000
6300    -1826406.250000
6301    -1826408.625000
6302    -1826410.500000
6303    -1826412.500000
6304    -1826414.500000
6305    -1826417.000000
6306    -1826418.500000
6307    -1826420.750000
6308    -1826422.750000
6309    -1826424.750000
6310    -1826426.875000
6311    -1826428.750000
6312    -1826431.000000
6313    -1826432.750000
6314    -1826435.000000
6315    -1826436.875000
6316    -1826439.000000
6317    -1826440.750000
6318    -1826443.000000
6319    -1826444.875000
6320    -1826446.750000
6321    -1826448.875000
6322    -1826451.000000
6323    -1826453.125000
6324    -1826455.250000
6325    -1826457.125000
6326    -1826459.000000
6327    -1826461.250000
6328    -1826463.250000
6329    -1826465.250000
6330    -1826467.125000
6331    -1826469.250000
6332    -1826471.375000
6333    -1826473.250000
6334    -1826475.000000
6335    -1826477.000000
6336    -1826479.250000
6337    -1826481.250000
6338    -1826483.125000
6339    -1826485.125000
6340    -1826487.000000
6341    -1826489.125000
6342    -1826491.125000
6343    -1826493.000000
6344    -1826494.875000
6345    -1826497.000000
6346    -1826498.750000
6347    -1826501.000000
6348    -1826503.000000
6349    -1826504.750000
6350    -1826507.125000
6351    -1826508.750000
6352    -1826511.000000
6353    -1826513.000000
6354    -1826515.000000
6355    -1826516.750000
6356    -1826518.750000
6357    -1826521.000000
6358    -1826522.750000
6359    -1826525.000000
6360    -1826526.875000
6361    -1826528.750000
6362    -1826530.750000
6363    -1826532.750000
6364    -1826534.875000
6365    -1826536.750000
6366    -1826538.625000
6367    -1826540.750000
6368    -1826542.500000
6369    -1826544.625000
6370    -1826546.750000
6371    -1826548.500000
6372    -1826550.625000
6373    -1826552.500000
6374    -1826554.500000
6375    -1826556.500000
6376    -1826558.625000
6377    -1826560.500000
6378    -1826562.500000
6379    -1826564.375000
6380    -1826566.500000
6381    -1826568.500000
6382    -1826570.250000
6383    -1826572.500000
6384    -1826574.375000
6385    -1826576.375000
6386    -1826578.250000
6387    -1826580.250000
6388    -1826582.125000
6389    -1826584.250000
6390    -1826586.250000
6391    -1826588.125000
6392    -1826590.000000
6393    -1826592.250000
6394    -1826594.000000
6395    -1826596.000000
6396    -1826598.125000
6397    -1826600.000000
6398    -1826602.000000
6399    -1826604.000000
6400    -1826606.125000
6401    -1826608.000000
6402    -1826609.875000
6403    -1826612.000000
6404    -1826614.000000
6405    -1826615.750000
6406    -1826618.000000
6407    -1826620.125000
6408    -1826622.000000
6409    -1826624.000000
6410    -1826626.125000
6411    -1826628.000000
6412    -1826629.750000
6413    -1826631.750000
6414    -1826634.000000
6415    -1826635.750000
6416    -1826637.875000
6417    -1826639.875000
6418    -1826642.000000
6419    -1826644.000000
6420    -1826646.000000
6421    -1826647.750000
6422    -1826649.750000
6423    -1826651.875000
6424    -1826653.875000
6425    -1826656.000000
6426    -1826657.875000
6427    -1826660.000000
6428    -1826661.750000
6429    -1826663.875000
6430    -1826665.875000
6431    -1826667.625000
6432    -1826669.500000
6433    -1826671.750000
6434    -1826673.750000
6435    -1826675.625000
6436    -1826677.250000
6437    -1826679.500000
6438    -1826681.750000
6439    -1826683.375000
6440    -1826685.500000
6441    -1826687.375000
6442    -1826689.750000
6443    -1826691.250000
6444    -1826693.250000
6445    -1826695.375000
6446    -1826697.250000
6447    -1826699.375000
6448    -1826701.000000
6449    -1826703.250000
6450    -1826705.000000
6451    -1826707.000000
6452    -1826709.000000
6453    -1826711.000000
6454    -1826713.000000
6455    -1826714.625000
6456    -1826717.000000
6457    -1826719.000000
6458    -1826720.625000
6459    -1826722.875000
6460    -1826724.625000
6461    -1826726.625000
6462    -1826728.375000
6463    -1826730.250000
6464    -1826732.500000
6465    -1826734.125000
6466    -1826736.125000
6467    -1826738.000000
6468    -1826740.000000
6469    -1826741.875000
6470    -1826743.750000
6471    -1826745.500000
6472    -1826747.500000
6473    -1826749.250000
6474    -1826751.500000
6475    -1826753.250000
6476    -1826755.000000
6477    -1826756.875000
6478    -1826758.750000
6479    -1826760.750000
6480    -1826762.375000
6481    -1826764.000000
6482    -1826766.000000
6483    -1826767.875000
6484    -1826769.750000
6485    -1826771.500000
6486    -1826773.250000
6487    -1826774.875000
6488    -1826777.000000
6489    -1826778.750000
6490    -1826780.500000
6491    -1826782.250000
6492    -1826783.875000
6493    -1826786.000000
6494    -1826787.750000
6495    -1826789.500000
6496    -1826791.125000
6497    -1826793.000000
6498    -1826794.875000
6499    -1826796.750000
6500    -1826798.125000
6501    -1826799.875000
6502    -1826801.750000
6503    -1826803.500000
6504    -1826805.125000
6505    -1826807.000000
6506    -1826808.625000
6507    -1826810.500000
6508    -1826812.000000
6509    -1826813.500000
6510    -1826815.500000
6511    -1826817.250000
6512    -1826819.000000
6513    -1826820.625000
6514    -1826822.250000
6515    -1826824.000000
6516    -1826825.750000
6517    -1826827.375000
6518    -1826829.000000
6519    -1826830.750000
6520    -1826832.625000
6521    -1826834.000000
6522    -1826835.625000
6523    -1826837.250000
6524    -1826839.250000
6525    -1826840.500000
6526    -1826842.125000
6527    -1826843.750000
6528    -1826845.500000
6529    -1826847.125000
6530    -1826848.500000
6531    -1826850.250000
6532    -1826852.000000
6533    -1826853.250000
6534    -1826855.000000
6535    -1826856.750000
6536    -1826858.375000
6537    -1826860.000000
6538    -1826861.500000
6539    -1826862.750000
6540    -1826864.500000
6541    -1826866.000000
6542    -1826867.625000
6543    -1826869.125000
6544    -1826870.750000
6545    -1826872.375000
6546    -1826874.000000
6547    -1826875.750000
6548    -1826877.125000
6549    -1826878.500000
6550    -1826880.125000
6551    -1826881.500000
6552    -1826883.250000
6553    -1826884.750000
6554    -1826886.250000
6555    -1826887.750000
6556    -1826889.500000
6557    -1826890.750000
6558    -1826892.250000
6559    -1826894.000000
6560    -1826895.500000
6561    -1826896.875000
6562    -1826898.250000
6563    -1826899.750000
6564    -1826901.625000
6565    -1826903.000000
6566    -1826904.500000
6567    -1826906.125000
6568    -1826907.500000
6569    -1826908.875000
6570    -1826910.250000
6571    -1826912.250000
6572    -1826913.375000
6573    -1826914.875000
6574    -1826916.375000
6575    -1826917.750000
6576    -1826919.250000
6577    -1826920.875000
6578    -1826922.125000
6579    -1826923.750000
6580    -1826925.250000
6581    -1826926.750000
6582    -1826928.000000
6583    -1826929.625000
6584    -1826931.000000
6585    -1826932.625000
6586    -1826934.375000
6587    -1826935.750000
6588    -1826937.125000
6589    -1826938.500000
6590    -1826940.125000
6591    -1826941.500000
6592    -1826943.125000
6593    -1826944.375000
6594    -1826946.000000
6595    -1826947.625000
6596    -1826949.000000
6597    -1826950.500000
6598    -1826952.000000
6599    -1826953.250000
6600    -1826954.750000
6601    -1826956.250000
6602    -1826957.750000
6603    -1826959.500000
6604    -1826960.500000
6605    -1826962.125000
6606    -1826963.750000
6607    -1826965.125000
6608    -1826966.500000
6609    -1826967.750000
6610    -1826969.500000
6611    -1826971.000000
6612    -1826972.375000
6613    -1826973.750000
6614    -1826975.250000
6615    -1826977.000000
6616    -1826978.000000
6617    -1826979.625000
6618    -1826980.875000
6619    -1826982.875000
6620    -1826984.000000
6621    -1826985.250000
6622    -1826987.000000
6623    -1826988.500000
6624    -1826989.625000
6625    -1826991.000000
6626    -1826992.500000
6627    -1826994.000000
6628    -1826995.500000
6629    -1826997.000000
6630    -1826998.250000
6631    -1826999.750000
6632    -1827001.125000
6633    -1827003.000000
6634    -1827004.000000
6635    -1827005.750000
6636    -1827007.000000
6637    -1827008.375000
6638    -1827010.125000
6639    -1827011.125000
6640    -1827012.750000
6641    -1827014.250000
6642    -1827015.500000
6643    -1827017.000000
6644    -1827018.375000
6645    -1827020.000000
6646    -1827021.125000
6647    -1827022.875000
6648    -1827024.000000
6649    -1827025.500000
6650    -1827026.750000
6651    -1827028.500000
6652    -1827029.375000
6653    -1827030.750000
6654    -1827032.250000
6655    -1827033.750000
6656    -1827035.250000
6657    -1827036.625000
6658    -1827038.000000
6659    -1827039.250000
6660    -1827040.375000
6661    -1827042.000000
6662    -1827043.000000
6663    -1827044.250000
6664    -1827046.000000
6665    -1827047.250000
6666    -1827048.500000
6667    -1827050.000000
6668    -1827051.250000
6669    -1827052.375000
6670    -1827053.875000
6671    -1827055.250000
6672    -1827056.500000
6673    -1827057.875000
6674    -1827059.375000
6675    -1827060.625000
6676    -1827062.000000
6677    -1827063.250000
6678    -1827064.625000
6679    -1827065.875000
6680    -1827067.250000
6681    -1827068.375000
6682    -1827069.875000
6683    -1827071.250000
6684    -1827072.250000
6685    -1827073.750000
6686    -1827075.000000
6687    -1827076.125000
6688    -1827077.625000
6689    -1827078.750000
6690    -1827080.125000
6691    -1827081.500000
6692    -1827082.750000
6693    -1827084.000000
6694    -1827085.500000
6695    -1827086.750000
6696    -1827087.750000
6697    -1827089.000000
6698    -1827090.250000
6699    -1827091.750000
6700    -1827093.000000
6701    -1827094.125000
6702    -1827095.750000
6703    -1827096.750000
6704    -1827098.000000
6705    -1827099.250000
6706    -1827100.250000
6707    -1827101.875000
6708    -1827102.875000
6709    -1827104.375000
6710    -1827105.500000
6711    -1827107.000000
6712    -1827107.750000
6713    -1827109.125000
6714    -1827110.500000
6715    -1827111.750000
6716    -1827112.750000
6717    -1827114.125000
6718    -1827115.125000
6719    -1827116.625000
6720    -1827117.875000
6721    -1827119.000000
6722    -1827120.250000
6723    -1827121.750000
6724    -1827122.750000
6725    -1827123.875000
6726    -1827125.000000
6727    -1827126.250000
6728    -1827127.500000
6729    -1827128.875000
6730    -1827130.000000
6731    -1827131.000000
6732    -1827132.250000
6733    -1827133.500000
6734    -1827134.500000
6735    -1827135.500000
6736    -1827137.125000
6737    -1827138.000000
6738    -1827139.250000
6739    -1827140.500000
6740    -1827141.750000
6741    -1827142.750000
6742    -1827144.000000
6743    -1827145.125000
6744    -1827146.125000
6745    -1827147.375000
6746    -1827149.000000
6747    -1827149.750000
6748    -1827150.750000
6749    -1827152.250000
6750    -1827153.500000
6751    -1827154.250000
6752    -1827155.625000
6753    -1827156.625000
6754    -1827157.625000
6755    -1827159.000000
6756    -1827160.250000
6757    -1827161.500000
6758    -1827162.375000
6759    -1827163.625000
6760    -1827165.000000
6761    -1827165.750000
6762    -1827167.125000
6763    -1827168.125000
6764    -1827169.500000
6765    -1827170.250000
6766    -1827171.500000
6767    -1827172.750000
6768    -1827173.875000
6769    -1827175.000000
6770    -1827176.000000
6771    -1827177.250000
6772    -1827178.250000
6773    -1827179.375000
6774    -1827180.500000
6775    -1827181.750000
6776    -1827182.625000
6777    -1827183.750000
6778    -1827185.125000
6779    -1827186.125000
6780    -1827187.250000
6781    -1827188.500000
6782    -1827189.750000
6783    -1827190.625000
6784    -1827191.625000
6785    -1827192.750000
6786    -1827194.000000
6787    -1827195.000000
6788    -1827196.125000
6789    -1827197.125000
6790    -1827198.250000
6791    -1827199.250000
6792    -1827200.500000
6793    -1827201.750000
6794    -1827202.625000
6795    -1827203.750000
6796    -1827205.000000
6797    -1827205.875000
6798    -1827206.875000
6799    -1827208.000000
6800    -1827209.125000
6801    -1827210.250000
6802    -1827211.500000
6803    -1827212.500000
6804    -1827213.750000
6805    -1827214.750000
6806    -1827215.750000
6807    -1827216.875000
6808    -1827217.875000
6809    -1827219.250000
6810    -1827220.125000
6811    -1827221.125000
6812    -1827222.250000
6813    -1827223.125000
6814    -1827224.250000
6815    -1827225.500000
6816    -1827226.625000
6817    -1827227.750000
6818    -1827228.750000
6819    -1827230.000000
6820    -1827230.875000
6821    -1827232.000000
6822    -1827233.000000
6823    -1827234.000000
6824    -1827235.000000
6825    -1827236.250000
6826    -1827237.375000
6827    -1827238.250000
6828    -1827239.375000
6829    -1827240.500000
6830    -1827241.625000
6831    -1827242.750000
6832    -1827243.625000
6833    -1827244.625000
6834    -1827245.625000
6835    -1827246.750000
6836    -1827247.750000
6837    -1827249.000000
6838    -1827250.000000
6839    -1827251.000000
6840    -1827251.750000
6841    -1827253.000000
6842    -1827253.750000
6843    -1827255.125000
6844    -1827256.250000
6845    -1827257.250000
6846    -1827258.000000
6847    -1827259.250000
6848    -1827260.250000
6849    -1827261.625000
6850    -1827262.500000
6851    -1827263.500000
6852    -1827264.625000
6853    -1827265.500000
6854    -1827266.750000
6855    -1827267.750000
6856    -1827268.875000
6857    -1827269.500000
6858    -1827271.000000
6859    -1827271.750000
6860    -1827273.250000
6861    -1827274.125000
6862    -1827275.000000
6863    -1827276.250000
6864    -1827277.000000
6865    -1827278.250000
6866    -1827279.250000
6867    -1827280.250000
6868    -1827281.375000
6869    -1827282.500000
6870    -1827283.500000
6871    -1827284.500000
6872    -1827285.750000
6873    -1827286.750000
6874    -1827287.750000
6875    -1827288.750000
6876    -1827289.875000
6877    -1827291.000000
6878    -1827292.000000
6879    -1827293.125000
6880    -1827294.000000
6881    -1827295.125000
6882    -1827296.250000
6883    -1827297.250000
6884    -1827298.500000
6885    -1827299.375000
6886    -1827300.375000
6887    -1827301.500000
6888    -1827302.625000
6889    -1827303.750000
6890    -1827304.750000
6891    -1827305.750000
6892    -1827306.875000
6893    -1827308.000000
6894    -1827309.000000
6895    -1827310.250000
6896    -1827311.500000
6897    -1827312.250000
6898    -1827313.125000
6899    -1827314.250000
6900    -1827315.500000
6901    -1827316.750000
6902    -1827317.500000
6903    -1827318.625000
6904    -1827319.750000
6905    -1827320.625000
6906    -1827321.750000
6907    -1827323.000000
6908    -1827324.000000
6909    -1827325.000000
6910    -1827326.000000
6911    -1827327.125000
6912    -1827328.000000
6913    -1827329.250000
6914    -1827330.500000
6915    -1827331.250000
6916    -1827332.250000
6917    -1827333.625000
6918    -1827334.625000
6919    -1827335.375000
6920    -1827336.500000
6921    -1827337.500000
6922    -1827338.750000
6923    -1827339.750000
6924    -1827340.750000
6925    -1827341.875000
6926    -1827342.875000
6927    -1827343.875000
6928    -1827345.000000
6929    -1827345.875000
6930    -1827347.000000
6931    -1827348.000000
6932    -1827349.000000
6933    -1827350.000000
6934    -1827351.125000
6935    -1827352.250000
6936    -1827353.000000
6937    -1827354.250000
6938    -1827355.250000
6939    -1827356.500000
6940    -1827357.000000
6941    -1827358.250000
6942    -1827359.375000
6943    -1827360.500000
6944    -1827361.500000
6945    -1827362.500000
6946    -1827363.500000
6947    -1827364.625000
6948    -1827365.375000
6949    -1827366.750000
6950    -1827367.250000
6951    -1827368.750000
6952    -1827369.625000
6953    -1827370.500000
6954    -1827371.500000
6955    -1827372.625000
6956    -1827373.250000
6957    -1827374.500000
6958    -1827375.500000
6959    -1827376.375000
6960    -1827377.625000
6961    -1827378.625000
6962    -1827379.625000
6963    -1827380.500000
6964    -1827381.625000
6965    -1827382.500000
6966    -1827383.375000
6967    -1827384.500000
6968    -1827385.500000
6969    -1827386.625000
6970    -1827387.750000
6971    -1827388.750000
6972    -1827389.500000
6973    -1827390.500000
6974    -1827391.500000
6975    -1827392.625000
6976    -1827393.500000
6977    -1827394.375000
6978    -1827395.500000
6979    -1827396.625000
6980    -1827397.500000
6981    -1827398.500000
6982    -1827399.500000
6983    -1827400.250000
6984    -1827401.375000
6985    -1827402.250000
6986    -1827403.500000
6987    -1827404.250000
6988    -1827405.500000
6989    -1827406.500000
6990    -1827407.250000
6991    -1827408.250000
6992    -1827409.250000
6993    -1827410.250000
6994    -1827411.250000
6995    -1827412.000000
6996    -1827413.125000
6997    -1827414.125000
6998    -1827415.000000
6999    -1827416.000000
7000    -1827417.000000
7001    -1827417.875000
7002    -1827418.875000
7003    -1827420.000000
7004    -1827420.625000
7005    -1827421.750000
7006    -1827422.625000
7007    -1827423.625000
7008    -1827424.750000
7009    -1827425.500000
7010    -1827426.375000
7011    -1827427.500000
7012    -1827428.250000
7013    -1827429.250000
7014    -1827430.500000
7015    -1827431.125000
7016    -1827432.000000
7017    -1827433.250000
7018    -1827434.000000
7019    -1827435.000000
7020    -1827436.000000
7021    -1827437.000000
7022    -1827437.750000
7023    -1827438.750000
7024    -1827439.750000
7025    -1827440.625000
7026    -1827441.750000
7027    -1827442.750000
7028    -1827443.750000
7029    -1827444.375000
7030    -1827445.500000
7031    -1827446.500000
7032    -1827447.250000
7033    -1827448.250000
7034    -1827449.375000
7035    -1827450.250000
7036    -1827451.250000
7037    -1827452.000000
7038    -1827453.000000
7039    -1827454.000000
7040    -1827454.750000
7041    -1827455.875000
7042    -1827456.875000
7043    -1827457.750000
7044    -1827458.750000
7045    -1827459.500000
7046    -1827460.625000
7047    -1827461.500000
7048    -1827462.500000
7049    -1827463.250000
7050    -1827464.250000
7051    -1827465.375000
7052    -1827466.250000
7053    -1827467.125000
7054    -1827467.750000
7055    -1827469.000000
7056    -1827469.875000
7057    -1827470.875000
7058    -1827471.750000
7059    -1827472.625000
7060    -1827473.500000
7061    -1827474.750000
7062    -1827475.750000
7063    -1827476.375000
7064    -1827477.250000
7065    -1827478.125000
7066    -1827479.500000
7067    -1827480.000000
7068    -1827481.250000
7069    -1827482.000000
7070    -1827483.000000
7071    -1827484.000000
7072    -1827484.750000
7073    -1827485.750000
7074    -1827486.750000
7075    -1827487.625000
7076    -1827488.500000
7077    -1827489.625000
7078    -1827490.500000
7079    -1827491.500000
7080    -1827492.375000
7081    -1827493.250000
7082    -1827494.250000
7083    -1827495.250000
7084    -1827496.000000
7085    -1827497.250000
7086    -1827498.250000
7087    -1827498.875000
7088    -1827500.000000
7089    -1827501.000000
7090    -1827501.750000
7091    -1827502.750000
7092    -1827504.000000
7093    -1827504.625000
7094    -1827505.625000
7095    -1827506.500000
7096    -1827507.750000
7097    -1827508.625000
7098    -1827509.500000
7099    -1827510.375000
7100    -1827511.250000
7101    -1827512.375000
7102    -1827513.500000
7103    -1827514.250000
7104    -1827515.250000
7105    -1827516.250000
7106    -1827517.250000
7107    -1827518.250000
7108    -1827519.500000
7109    -1827520.125000
7110    -1827521.125000
7111    -1827522.125000
7112    -1827523.000000
7113    -1827524.000000
7114    -1827525.000000
7115    -1827525.750000
7116    -1827527.000000
7117    -1827528.000000
7118    -1827528.750000
7119    -1827529.875000
7120    -1827531.000000
7121    -1827531.750000
7122    -1827532.750000
7123    -1827533.875000
7124    -1827534.750000
7125    -1827535.625000
7126    -1827536.750000
7127    -1827537.750000
7128    -1827538.750000
7129    -1827539.625000
7130    -1827540.500000
7131    -1827541.500000
7132    -1827542.500000
7133    -1827543.500000
7134    -1827544.500000
7135    -1827545.250000
7136    -1827546.375000
7137    -1827547.250000
7138    -1827548.375000
7139    -1827549.375000
7140    -1827550.250000
7141    -1827551.375000
7142    -1827552.250000
7143    -1827553.250000
7144    -1827554.250000
7145    -1827555.000000
7146    -1827556.000000
7147    -1827557.000000
7148    -1827558.000000
7149    -1827559.000000
7150    -1827560.000000
7151    -1827561.125000
7152    -1827562.000000
7153    -1827563.125000
7154    -1827563.875000
7155    -1827565.000000
7156    -1827566.000000
7157    -1827566.875000
7158    -1827568.000000
7159    -1827569.000000
7160    -1827569.875000
7161    -1827570.750000
7162    -1827571.750000
7163    -1827573.000000
7164    -1827573.750000
7165    -1827574.875000
7166    -1827575.750000
7167    -1827576.625000
7168    -1827577.750000
7169    -1827578.750000
7170    -1827580.000000
7171    -1827580.750000
7172    -1827581.750000
7173    -1827582.750000
7174    -1827583.750000
7175    -1827584.500000
7176    -1827585.750000
7177    -1827586.750000
7178    -1827587.750000
7179    -1827588.875000
7180    -1827589.625000
7181    -1827590.875000
7182    -1827591.875000
7183    -1827592.875000
7184    -1827593.750000
7185    -1827594.875000
7186    -1827595.625000
7187    -1827596.750000
7188    -1827597.750000
7189    -1827598.750000
7190    -1827599.750000
7191    -1827601.000000
7192    -1827602.000000
7193    -1827603.000000
7194    -1827603.875000
7195    -1827604.750000
7196    -1827606.000000
7197    -1827607.000000
7198    -1827608.000000
7199    -1827609.000000
7200    -1827609.875000
7201    -1827611.000000
7202    -1827612.000000
7203    -1827613.000000
7204    -1827614.250000
7205    -1827615.125000
7206    -1827616.000000
7207    -1827617.125000
7208    -1827618.250000
7209    -1827619.000000
7210    -1827620.250000
7211    -1827621.250000
7212    -1827622.000000
7213    -1827623.125000
7214    -1827624.375000
7215    -1827625.250000
7216    -1827626.250000
7217    -1827627.375000
7218    -1827628.375000
7219    -1827629.500000
7220    -1827630.375000
7221    -1827631.375000
7222    -1827632.375000
7223    -1827633.250000
7224    -1827634.250000
7225    -1827635.500000
7226    -1827636.500000
7227    -1827637.625000
7228    -1827638.750000
7229    -1827639.500000
7230    -1827640.500000
7231    -1827641.500000
7232    -1827642.500000
7233    -1827643.625000
7234    -1827644.500000
7235    -1827645.500000
7236    -1827646.500000
7237    -1827647.625000
7238    -1827648.500000
7239    -1827649.625000
7240    -1827650.750000
7241    -1827651.750000
7242    -1827653.000000
7243    -1827653.625000
7244    -1827654.750000
7245    -1827655.625000
7246    -1827656.750000
7247    -1827657.750000
7248    -1827658.750000
7249    -1827659.750000
7250    -1827661.000000
7251    -1827662.000000
7252    -1827662.875000
7253    -1827664.125000
7254    -1827665.000000
7255    -1827665.875000
7256    -1827667.125000
7257    -1827668.000000
7258    -1827669.000000
7259    -1827670.000000
7260    -1827671.125000
7261    -1827672.000000
7262    -1827673.000000
7263    -1827674.000000
7264    -1827675.125000
7265    -1827676.125000
7266    -1827677.000000
7267    -1827678.250000
7268    -1827679.250000
7269    -1827680.250000
7270    -1827681.250000
7271    -1827682.250000
7272    -1827683.250000
7273    -1827684.125000
7274    -1827685.250000
7275    -1827686.125000
7276    -1827687.250000
7277    -1827688.125000
7278    -1827689.250000
7279    -1827690.250000
7280    -1827691.250000
7281    -1827692.250000
7282    -1827693.000000
7283    -1827694.250000
7284    -1827695.250000
7285    -1827696.250000
7286    -1827697.250000
7287    -1827698.250000
7288    -1827699.250000
7289    -1827700.125000
7290    -1827701.250000
7291    -1827702.125000
7292    -1827703.125000
7293    -1827704.375000
7294    -1827705.375000
7295    -1827706.250000
7296    -1827707.250000
7297    -1827708.250000
7298    -1827709.000000
7299    -1827710.250000
7300    -1827711.250000
7301    -1827712.000000
7302    -1827713.250000
7303    -1827714.375000
7304    -1827715.250000
7305    -1827716.250000
7306    -1827717.000000
7307    -1827718.000000
7308    -1827719.000000
7309    -1827720.125000
7310    -1827721.250000
7311    -1827722.125000
7312    -1827723.125000
7313    -1827724.125000
7314    -1827725.250000
7315    -1827726.125000
7316    -1827727.000000
7317    -1827728.125000
7318    -1827728.875000
7319    -1827730.000000
7320    -1827731.000000
7321    -1827732.125000
7322    -1827732.875000
7323    -1827734.000000
7324    -1827735.000000
7325    -1827736.000000
7326    -1827737.125000
7327    -1827738.000000
7328    -1827739.125000
7329    -1827740.000000
7330    -1827741.125000
7331    -1827742.250000
7332    -1827743.250000
7333    -1827744.250000
7334    -1827745.000000
7335    -1827746.125000
7336    -1827747.000000
7337    -1827748.000000
7338    -1827749.125000
7339    -1827750.000000
7340    -1827751.000000
7341    -1827752.000000
7342    -1827753.000000
7343    -1827753.875000
7344    -1827754.875000
7345    -1827756.000000
7346    -1827757.000000
7347    -1827758.000000
7348    -1827758.875000
7349    -1827759.875000
7350    -1827760.875000
7351    -1827762.000000
7352    -1827763.000000
7353    -1827764.000000
7354    -1827765.000000
7355    -1827765.875000
7356    -1827766.750000
7357    -1827767.750000
7358    -1827768.750000
7359    -1827770.000000
7360    -1827771.000000
7361    -1827771.875000
7362    -1827773.000000
7363    -1827774.000000
7364    -1827774.750000
7365    -1827775.875000
7366    -1827776.875000
7367    -1827778.000000
7368    -1827779.000000
7369    -1827780.000000
7370    -1827780.875000
7371    -1827781.875000
7372    -1827783.000000
7373    -1827783.875000
7374    -1827784.750000
7375    -1827785.875000
7376    -1827787.000000
7377    -1827787.750000
7378    -1827789.000000
7379    -1827789.875000
7380    -1827791.000000
7381    -1827791.875000
7382    -1827793.000000
7383    -1827794.000000
7384    -1827795.000000
7385    -1827796.000000
7386    -1827797.125000
7387    -1827798.250000
7388    -1827799.250000
7389    -1827800.375000
7390    -1827801.250000
7391    -1827802.375000
7392    -1827803.250000
7393    -1827804.375000
7394    -1827805.250000
7395    -1827806.250000
7396    -1827807.500000
7397    -1827808.500000
7398    -1827809.500000
7399    -1827810.500000
7400    -1827811.500000
7401    -1827812.500000
7402    -1827813.750000
7403    -1827815.000000
7404    -1827815.750000
7405    -1827817.000000
7406    -1827817.875000
7407    -1827819.000000
7408    -1827820.125000
7409    -1827821.250000
7410    -1827822.250000
7411    -1827823.250000
7412    -1827824.250000
7413    -1827825.250000
7414    -1827826.375000
7415    -1827827.500000
7416    -1827828.750000
7417    -1827829.625000
7418    -1827830.500000
7419    -1827831.625000
7420    -1827832.375000
7421    -1827833.750000
7422    -1827834.750000
7423    -1827835.875000
7424    -1827836.875000
7425    -1827838.000000
7426    -1827839.000000
7427    -1827840.250000
7428    -1827841.250000
7429    -1827842.250000
7430    -1827843.250000
7431    -1827844.500000
7432    -1827845.750000
7433    -1827846.500000
7434    -1827847.625000
7435    -1827848.750000
7436    -1827849.875000
7437    -1827851.000000
7438    -1827852.000000
7439    -1827853.000000
7440    -1827854.250000
7441    -1827855.500000
7442    -1827856.500000
7443    -1827857.625000
7444    -1827858.750000
7445    -1827859.750000
7446    -1827860.875000
7447    -1827862.000000
7448    -1827863.250000
7449    -1827864.250000
7450    -1827865.250000
7451    -1827866.375000
7452    -1827867.500000
7453    -1827868.625000
7454    -1827869.875000
7455    -1827871.000000
7456    -1827872.000000
7457    -1827873.125000
7458    -1827874.250000
7459    -1827875.125000
7460    -1827876.625000
7461    -1827877.500000
7462    -1827878.750000
7463    -1827880.000000
7464    -1827881.000000
7465    -1827882.250000
7466    -1827883.250000
7467    -1827884.500000
7468    -1827885.500000
7469    -1827886.625000
7470    -1827887.750000
7471    -1827889.000000
7472    -1827890.125000
7473    -1827891.375000
7474    -1827892.500000
7475    -1827893.750000
7476    -1827894.875000
7477    -1827896.000000
7478    -1827897.375000
7479    -1827898.375000
7480    -1827899.625000
7481    -1827900.750000
7482    -1827901.875000
7483    -1827903.250000
7484    -1827904.000000
7485    -1827905.250000
7486    -1827906.500000
7487    -1827907.375000
7488    -1827909.000000
7489    -1827910.000000
7490    -1827911.250000
7491    -1827912.375000
7492    -1827913.250000
7493    -1827914.750000
7494    -1827916.000000
7495    -1827917.000000
7496    -1827918.250000
7497    -1827919.250000
7498    -1827920.500000
7499    -1827921.750000
7500    -1827923.000000
7501    -1827924.000000
7502    -1827925.250000
7503    -1827926.375000
7504    -1827927.500000
7505    -1827928.750000
7506    -1827929.875000
7507    -1827931.000000
7508    -1827932.125000
7509    -1827933.250000
7510    -1827934.625000
7511    -1827936.000000
7512    -1827937.000000
7513    -1827938.250000
7514    -1827939.250000
7515    -1827940.375000
7516    -1827941.625000
7517    -1827942.875000
7518    -1827944.000000
7519    -1827945.250000
7520    -1827946.250000
7521    -1827947.250000
7522    -1827948.500000
7523    -1827949.875000
7524    -1827951.000000
7525    -1827952.250000
7526    -1827953.250000
7527    -1827954.625000
7528    -1827955.625000
7529    -1827956.750000
7530    -1827957.875000
7531    -1827959.000000
7532    -1827960.375000
7533    -1827961.250000
7534    -1827962.750000
7535    -1827964.000000
7536    -1827965.000000
7537    -1827966.125000
7538    -1827967.375000
7539    -1827968.500000
7540    -1827969.500000
7541    -1827970.625000
7542    -1827971.875000
7543    -1827973.250000
7544    -1827974.500000
7545    -1827975.625000
7546    -1827976.625000
7547    -1827977.625000
7548    -1827979.000000
7549    -1827980.000000
7550    -1827981.125000
7551    -1827982.500000
7552    -1827983.500000
7553    -1827984.750000
7554    -1827986.000000
7555    -1827987.000000
7556    -1827988.250000
7557    -1827989.375000
7558    -1827990.250000
7559    -1827991.500000
7560    -1827992.875000
7561    -1827993.750000
7562    -1827994.750000
7563    -1827996.125000
7564    -1827997.250000
7565    -1827998.375000
7566    -1827999.625000
7567    -1828000.750000
7568    -1828001.875000
7569    -1828003.000000
7570    -1828004.000000
7571    -1828005.250000
7572    -1828006.375000
7573    -1828007.625000
7574    -1828008.875000
7575    -1828009.750000
7576    -1828010.750000
7577    -1828012.000000
7578    -1828013.250000
7579    -1828014.500000
7580    -1828015.500000
7581    -1828016.375000
7582    -1828017.500000
7583    -1828018.500000
7584    -1828019.625000
7585    -1828020.750000
7586    -1828022.125000
7587    -1828023.125000
7588    -1828024.250000
7589    -1828025.250000
7590    -1828026.500000
7591    -1828027.500000
7592    -1828028.500000
7593    -1828029.500000
7594    -1828030.750000
7595    -1828031.625000
7596    -1828032.750000
7597    -1828033.875000
7598    -1828035.000000
7599    -1828036.000000
7600    -1828037.250000
7601    -1828038.250000
7602    -1828039.250000
7603    -1828040.250000
7604    -1828041.500000
7605    -1828042.500000
7606    -1828043.500000
7607    -1828044.250000
7608    -1828045.500000
7609    -1828046.500000
7610    -1828047.750000
7611    -1828048.750000
7612    -1828049.750000
7613    -1828050.875000
7614    -1828052.000000
7615    -1828052.875000
7616    -1828053.750000
7617    -1828054.875000
7618    -1828056.125000
7619    -1828057.125000
7620    -1828058.000000
7621    -1828059.125000
7622    -1828059.875000
7623    -1828061.125000
7624    -1828062.250000
7625    -1828063.250000
7626    -1828064.250000
7627    -1828065.000000
7628    -1828066.375000
7629    -1828067.250000
7630    -1828068.250000
7631    -1828069.250000
7632    -1828070.375000
7633    -1828071.375000
7634    -1828072.375000
7635    -1828073.250000
7636    -1828074.500000
7637    -1828075.375000
7638    -1828076.375000
7639    -1828077.500000
7640    -1828078.500000
7641    -1828079.500000
7642    -1828080.500000
7643    -1828081.500000
7644    -1828082.500000
7645    -1828083.625000
7646    -1828084.500000
7647    -1828085.500000
7648    -1828086.625000
7649    -1828087.500000
7650    -1828088.500000
7651    -1828089.625000
7652    -1828090.500000
7653    -1828091.500000
7654    -1828092.500000
7655    -1828093.375000
7656    -1828094.750000
7657    -1828095.750000
7658    -1828096.625000
7659    -1828097.625000
7660    -1828098.500000
7661    -1828099.500000
7662    -1828100.750000
7663    -1828101.500000
7664    -1828102.625000
7665    -1828103.750000
7666    -1828104.750000
7667    -1828105.750000
7668    -1828106.750000
7669    -1828107.750000
7670    -1828108.625000
7671    -1828109.875000
7672    -1828110.750000
7673    -1828111.500000
7674    -1828112.750000
7675    -1828113.500000
7676    -1828114.625000
7677    -1828115.500000
7678    -1828116.750000
7679    -1828117.750000
7680    -1828118.500000
7681    -1828119.500000
7682    -1828120.375000
7683    -1828121.250000
7684    -1828122.250000
7685    -1828123.250000
7686    -1828124.250000
7687    -1828125.125000
7688    -1828126.250000
7689    -1828127.125000
7690    -1828128.000000
7691    -1828129.000000
7692    -1828129.875000
7693    -1828130.750000
7694    -1828131.750000
7695    -1828132.625000
7696    -1828133.625000
7697    -1828134.625000
7698    -1828135.500000
7699    -1828136.500000
7700    -1828137.375000
7701    -1828138.375000
7702    -1828139.250000
7703    -1828140.125000
7704    -1828141.250000
7705    -1828142.000000
7706    -1828143.125000
7707    -1828144.000000
7708    -1828144.750000
7709    -1828145.750000
7710    -1828146.625000
7711    -1828147.625000
7712    -1828148.500000
7713    -1828149.500000
7714    -1828150.250000
7715    -1828151.375000
7716    -1828152.125000
7717    -1828153.000000
7718    -1828154.000000
7719    -1828154.750000
7720    -1828155.750000
7721    -1828156.500000
7722    -1828157.500000
7723    -1828158.500000
7724    -1828159.250000
7725    -1828160.250000
7726    -1828161.125000
7727    -1828162.125000
7728    -1828163.000000
7729    -1828163.750000
7730    -1828164.750000
7731    -1828165.625000
7732    -1828166.500000
7733    -1828167.250000
7734    -1828168.250000
7735    -1828169.000000
7736    -1828170.000000
7737    -1828171.000000
7738    -1828171.500000
7739    -1828172.500000
7740    -1828173.375000
7741    -1828174.500000
7742    -1828175.250000
7743    -1828175.875000
7744    -1828176.875000
7745    -1828177.750000
7746    -1828178.500000
7747    -1828179.500000
7748    -1828180.125000
7749    -1828181.250000
7750    -1828182.000000
7751    -1828182.750000
7752    -1828183.750000
7753    -1828184.250000
7754    -1828185.375000
7755    -1828186.250000
7756    -1828187.000000
7757    -1828187.625000
7758    -1828188.750000
7759    -1828189.500000
7760    -1828190.375000
7761    -1828191.125000
7762    -1828192.000000
7763    -1828192.875000
7764    -1828193.750000
7765    -1828194.500000
7766    -1828195.250000
7767    -1828196.125000
7768    -1828197.000000
7769    -1828197.750000
7770    -1828198.625000
7771    -1828199.250000
7772    -1828200.250000
7773    -1828201.125000
7774    -1828201.875000
7775    -1828202.750000
7776    -1828203.250000
7777    -1828204.250000
7778    -1828205.125000
7779    -1828205.750000
7780    -1828206.750000
7781    -1828207.625000
7782    -1828208.250000
7783    -1828209.000000
7784    -1828209.750000
7785    -1828210.500000
7786    -1828211.750000
7787    -1828212.250000
7788    -1828213.125000
7789    -1828213.875000
7790    -1828214.750000
7791    -1828215.500000
7792    -1828216.375000
7793    -1828217.000000
7794    -1828217.750000
7795    -1828218.625000
7796    -1828219.250000
7797    -1828220.125000
7798    -1828221.000000
7799    -1828221.750000
7800    -1828222.500000
7801    -1828223.250000
7802    -1828224.000000
7803    -1828224.750000
7804    -1828225.750000
7805    -1828226.500000
7806    -1828227.250000
7807    -1828227.875000
7808    -1828228.750000
7809    -1828229.375000
7810    -1828230.375000
7811    -1828231.125000
7812    -1828231.750000
7813    -1828232.625000
7814    -1828233.250000
7815    -1828234.250000
7816    -1828234.750000
7817    -1828235.625000
7818    -1828236.375000
7819    -1828237.125000
7820    -1828237.875000
7821    -1828238.625000
7822    -1828239.500000
7823    -1828240.250000
7824    -1828241.000000
7825    -1828242.000000
7826    -1828242.750000
7827    -1828243.250000
7828    -1828244.250000
7829    -1828244.750000
7830    -1828245.750000
7831    -1828246.500000
7832    -1828247.125000
7833    -1828247.750000
7834    -1828248.750000
7835    -1828249.625000
7836    -1828250.375000
7837    -1828251.000000
7838    -1828251.750000
7839    -1828252.500000
7840    -1828253.375000
7841    -1828254.250000
7842    -1828255.000000
7843    -1828255.625000
7844    -1828256.250000
7845    -1828257.250000
7846    -1828258.000000
7847    -1828258.750000
7848    -1828259.500000
7849    -1828260.250000
7850    -1828261.125000
7851    -1828262.125000
7852    -1828262.500000
7853    -1828263.750000
7854    -1828264.250000
7855    -1828265.250000
7856    -1828266.000000
7857    -1828266.625000
7858    -1828267.500000
7859    -1828268.250000
7860    -1828269.000000
7861    -1828269.750000
7862    -1828270.625000
7863    -1828271.375000
7864    -1828272.250000
7865    -1828273.000000
7866    -1828274.000000
7867    -1828274.750000
7868    -1828275.500000
7869    -1828276.125000
7870    -1828277.000000
7871    -1828278.125000
7872    -1828278.875000
7873    -1828279.625000
7874    -1828280.250000
7875    -1828281.125000
7876    -1828282.000000
7877    -1828283.000000
7878    -1828283.500000
7879    -1828284.750000
7880    -1828285.250000
7881    -1828286.250000
7882    -1828287.125000
7883    -1828288.000000
7884    -1828289.000000
7885    -1828289.750000
7886    -1828290.750000
7887    -1828291.500000
7888    -1828292.250000
7889    -1828293.125000
7890    -1828293.750000
7891    -1828294.750000
7892    -1828295.625000
7893    -1828296.500000
7894    -1828297.250000
7895    -1828298.250000
7896    -1828299.125000
7897    -1828300.250000
7898    -1828301.000000
7899    -1828301.750000
7900    -1828302.500000
7901    -1828303.625000
7902    -1828304.250000
7903    -1828305.250000
7904    -1828306.125000
7905    -1828307.000000
7906    -1828308.000000
7907    -1828308.750000
7908    -1828309.875000
7909    -1828310.750000
7910    -1828311.500000
7911    -1828312.500000
7912    -1828313.375000
7913    -1828314.250000
7914    -1828315.125000
7915    -1828315.875000
7916    -1828316.875000
7917    -1828317.750000
7918    -1828318.625000
7919    -1828319.500000
7920    -1828320.500000
7921    -1828321.500000
7922    -1828322.125000
7923    -1828323.250000
7924    -1828324.125000
7925    -1828325.000000
7926    -1828326.000000
7927    -1828327.000000
7928    -1828327.750000
7929    -1828328.750000
7930    -1828329.625000
7931    -1828330.625000
7932    -1828331.500000
7933    -1828332.250000
7934    -1828333.125000
7935    -1828334.250000
7936    -1828335.000000
7937    -1828336.000000
7938    -1828336.750000
7939    -1828337.750000
7940    -1828338.875000
7941    -1828339.500000
7942    -1828340.500000
7943    -1828341.375000
7944    -1828342.250000
7945    -1828343.250000
7946    -1828344.250000
7947    -1828345.000000
7948    -1828346.000000
7949    -1828347.000000
7950    -1828348.000000
7951    -1828348.875000
7952    -1828349.625000
7953    -1828350.625000
7954    -1828351.625000
7955    -1828352.500000
7956    -1828353.375000
7957    -1828354.500000
7958    -1828355.250000
7959    -1828356.250000
7960    -1828357.125000
7961    -1828358.000000
7962    -1828359.000000
7963    -1828359.750000
7964    -1828360.750000
7965    -1828361.625000
7966    -1828362.625000
7967    -1828363.375000
7968    -1828364.250000
7969    -1828365.250000
7970    -1828366.250000
7971    -1828367.000000
7972    -1828368.000000
7973    -1828368.750000
7974    -1828369.750000
7975    -1828370.500000
7976    -1828371.500000
7977    -1828372.500000
7978    -1828373.375000
7979    -1828374.250000
7980    -1828375.000000
7981    -1828375.875000
7982    -1828376.875000
7983    -1828377.750000
7984    -1828378.625000
7985    -1828379.375000
7986    -1828380.500000
7987    -1828381.375000
7988    -1828382.375000
7989    -1828383.000000
7990    -1828383.875000
7991    -1828384.750000
7992    -1828385.500000
7993    -1828386.500000
7994    -1828387.375000
7995    -1828388.250000
7996    -1828389.000000
7997    -1828389.875000
7998    -1828390.750000
7999    -1828391.625000
8000    -1828392.500000
8001    -1828393.250000
8002    -1828394.375000
8003    -1828395.125000
8004    -1828395.875000
8005    -1828396.750000
8006    -1828397.750000
8007    -1828398.625000
8008    -1828399.375000
8009    -1828400.250000
8010    -1828401.000000
8011    -1828401.875000
8012    -1828402.875000
8013    -1828403.625000
8014    -1828404.500000
8015    -1828405.250000
8016    -1828406.250000
8017    -1828407.000000
8018    -1828407.750000
8019    -1828408.750000
8020    -1828409.500000
8021    -1828410.375000
8022    -1828411.250000
8023    -1828411.750000
8024    -1828412.875000
8025    -1828413.500000
8026    -1828414.250000
8027    -1828415.125000
8028    -1828416.000000
8029    -1828416.625000
8030    -1828417.375000
8031    -1828418.500000
8032    -1828419.250000
8033    -1828420.000000
8034    -1828420.750000
8035    -1828421.500000
8036    -1828422.500000
8037    -1828423.250000
8038    -1828424.000000
8039    -1828424.625000
8040    -1828425.750000
8041    -1828426.500000
8042    -1828427.125000
8043    -1828427.875000
8044    -1828428.875000
8045    -1828429.625000
8046    -1828430.250000
8047    -1828431.000000
8048    -1828431.625000
8049    -1828432.500000
8050    -1828433.500000
8051    -1828434.000000
8052    -1828435.000000
8053    -1828435.625000
8054    -1828436.375000
8055    -1828437.250000
8056    -1828438.000000
8057    -1828438.750000
8058    -1828439.375000
8059    -1828440.250000
8060    -1828441.000000
8061    -1828441.750000
8062    -1828442.500000
8063    -1828443.250000
8064    -1828444.000000
8065    -1828445.000000
8066    -1828445.500000
8067    -1828446.250000
8068    -1828447.000000
8069    -1828447.625000
8070    -1828448.250000
8071    -1828449.125000
8072    -1828449.875000
8073    -1828450.750000
8074    -1828451.250000
8075    -1828452.000000
8076    -1828452.875000
8077    -1828453.500000
8078    -1828454.500000
8079    -1828455.125000
8080    -1828455.750000
8081    -1828456.375000
8082    -1828457.250000
8083    -1828458.000000
8084    -1828459.000000
8085    -1828459.500000
8086    -1828460.250000
8087    -1828460.750000
8088    -1828461.500000
8089    -1828462.250000
8090    -1828462.750000
8091    -1828463.500000
8092    -1828464.375000
8093    -1828465.125000
8094    -1828465.750000
8095    -1828466.500000
8096    -1828467.250000
8097    -1828467.875000
8098    -1828468.750000
8099    -1828469.250000
8100    -1828469.750000
8101    -1828470.625000
8102    -1828471.250000
8103    -1828472.125000
8104    -1828472.500000
8105    -1828473.250000
8106    -1828474.000000
8107    -1828474.875000
8108    -1828475.250000
8109    -1828476.000000
8110    -1828477.000000
8111    -1828477.250000
8112    -1828478.000000
8113    -1828478.625000
8114    -1828479.500000
8115    -1828480.250000
8116    -1828481.000000
8117    -1828481.625000
8118    -1828482.250000
8119    -1828483.125000
8120    -1828483.500000
8121    -1828484.375000
8122    -1828484.750000
8123    -1828485.625000
8124    -1828486.250000
8125    -1828487.000000
8126    -1828487.500000
8127    -1828488.250000
8128    -1828489.000000
8129    -1828489.500000
8130    -1828490.250000
8131    -1828490.875000
8132    -1828491.625000
8133    -1828492.000000
8134    -1828492.625000
8135    -1828493.250000
8136    -1828493.875000
8137    -1828494.750000
8138    -1828495.250000
8139    -1828495.875000
8140    -1828496.500000
8141    -1828497.125000
8142    -1828497.750000
8143    -1828498.250000
8144    -1828498.875000
8145    -1828499.500000
8146    -1828500.250000
8147    -1828500.625000
8148    -1828501.250000
8149    -1828501.750000
8150    -1828502.625000
8151    -1828503.250000
8152    -1828503.750000
8153    -1828504.500000
8154    -1828505.000000
8155    -1828505.500000
8156    -1828506.250000
8157    -1828506.750000
8158    -1828507.250000
8159    -1828508.000000
8160    -1828508.625000
8161    -1828509.250000
8162    -1828509.750000
8163    -1828510.250000
8164    -1828511.000000
8165    -1828511.750000
8166    -1828512.250000
8167    -1828512.875000
8168    -1828513.375000
8169    -1828513.750000
8170    -1828514.500000
8171    -1828515.375000
8172    -1828515.750000
8173    -1828516.500000
8174    -1828517.000000
8175    -1828517.500000
8176    -1828518.375000
8177    -1828518.875000
8178    -1828519.500000
8179    -1828520.000000
8180    -1828520.750000
8181    -1828520.875000
8182    -1828521.875000
8183    -1828522.375000
8184    -1828523.000000
8185    -1828523.375000
8186    -1828524.000000
8187    -1828524.750000
8188    -1828525.250000
8189    -1828525.750000
8190    -1828526.375000
8191    -1828527.000000
8192    -1828527.500000
8193    -1828528.000000
8194    -1828528.750000
8195    -1828529.250000
8196    -1828529.875000
8197    -1828530.500000
8198    -1828530.875000
8199    -1828531.625000
8200    -1828532.125000
8201    -1828532.625000
8202    -1828533.375000
8203    -1828534.125000
8204    -1828534.500000
8205    -1828535.000000
8206    -1828535.750000
8207    -1828536.250000
8208    -1828536.875000
8209    -1828537.500000
8210    -1828537.875000
8211    -1828538.750000
8212    -1828539.000000
8213    -1828539.750000
8214    -1828540.500000
8215    -1828541.000000
8216    -1828541.500000
8217    -1828542.000000
8218    -1828542.500000
8219    -1828543.125000
8220    -1828543.750000
8221    -1828544.375000
8222    -1828545.000000
8223    -1828545.500000
8224    -1828546.000000
8225    -1828546.750000
8226    -1828547.250000
8227    -1828547.875000
8228    -1828548.375000
8229    -1828549.125000
8230    -1828549.500000
8231    -1828550.000000
8232    -1828550.750000
8233    -1828551.125000
8234    -1828552.000000
8235    -1828552.375000
8236    -1828552.750000
8237    -1828553.250000
8238    -1828554.250000
8239    -1828554.500000
8240    -1828555.000000
8241    -1828555.750000
8242    -1828556.250000
8243    -1828556.750000
8244    -1828557.250000
8245    -1828558.000000
8246    -1828558.500000
8247    -1828559.000000
8248    -1828559.250000
8249    -1828560.000000
8250    -1828560.750000
8251    -1828561.250000
8252    -1828561.750000
8253    -1828562.250000
8254    -1828563.000000
8255    -1828563.375000
8256    -1828564.000000
8257    -1828564.500000
8258    -1828565.125000
8259    -1828565.500000
8260    -1828566.250000
8261    -1828566.875000
8262    -1828567.250000
8263    -1828568.000000
8264    -1828568.500000
8265    -1828568.875000
8266    -1828569.750000
8267    -1828570.125000
8268    -1828570.750000
8269    -1828571.000000
8270    -1828571.750000
8271    -1828572.125000
8272    -1828573.000000
8273    -1828573.500000
8274    -1828574.000000
8275    -1828574.625000
8276    -1828575.125000
8277    -1828575.750000
8278    -1828576.000000
8279    -1828576.750000
8280    -1828577.250000
8281    -1828577.875000
8282    -1828578.250000
8283    -1828578.750000
8284    -1828579.250000
8285    -1828579.875000
8286    -1828580.250000
8287    -1828580.750000
8288    -1828581.500000
8289    -1828582.125000
8290    -1828582.500000
8291    -1828583.000000
8292    -1828583.500000
8293    -1828584.000000
8294    -1828584.750000
8295    -1828585.250000
8296    -1828585.625000
8297    -1828586.000000
8298    -1828586.625000
8299    -1828587.250000
8300    -1828587.750000
8301    -1828588.250000
8302    -1828588.750000
8303    -1828589.375000
8304    -1828590.000000
8305    -1828590.250000
8306    -1828590.875000
8307    -1828591.375000
8308    -1828591.750000
8309    -1828592.250000
8310    -1828593.000000
8311    -1828593.250000
8312    -1828594.000000
8313    -1828594.250000
8314    -1828595.000000
8315    -1828595.500000
8316    -1828595.750000
8317    -1828596.375000
8318    -1828596.875000
8319    -1828597.250000
8320    -1828598.000000
8321    -1828598.375000
8322    -1828598.875000
8323    -1828599.125000
8324    -1828599.875000
8325    -1828600.250000
8326    -1828600.750000
8327    -1828601.250000
8328    -1828601.750000
8329    -1828602.250000
8330    -1828602.750000
8331    -1828603.250000
8332    -1828603.750000
8333    -1828604.250000
8334    -1828604.625000
8335    -1828605.250000
8336    -1828605.750000
8337    -1828606.125000
8338    -1828606.500000
8339    -1828607.125000
8340    -1828607.625000
8341    -1828608.000000
8342    -1828608.500000
8343    -1828609.000000
8344    -1828609.375000
8345    -1828610.000000
8346    -1828610.500000
8347    -1828611.000000
8348    -1828611.625000
8349    -1828611.750000
8350    -1828612.375000
8351    -1828612.750000
8352    -1828613.375000
8353    -1828613.750000
8354    -1828614.250000
8355    -1828614.750000
8356    -1828615.250000
8357    -1828615.500000
8358    -1828616.125000
8359    -1828616.500000
8360    -1828617.125000
8361    -1828617.500000
8362    -1828618.125000
8363    -1828618.625000
8364    -1828618.750000
8365    -1828619.500000
8366    -1828620.000000
8367    -1828620.250000
8368    -1828620.875000
8369    -1828621.250000
8370    -1828621.750000
8371    -1828622.250000
8372    -1828622.750000
8373    -1828623.125000
8374    -1828623.625000
8375    -1828624.000000
8376    -1828624.500000
8377    -1828625.125000
8378    -1828625.500000
8379    -1828626.000000
8380    -1828626.375000
8381    -1828626.750000
8382    -1828627.375000
8383    -1828627.875000
8384    -1828628.250000
8385    -1828628.500000
8386    -1828629.125000
8387    -1828629.625000
8388    -1828629.875000
8389    -1828630.500000
8390    -1828630.875000
8391    -1828631.500000
8392    -1828631.625000
8393    -1828632.250000
8394    -1828632.750000
8395    -1828633.125000
8396    -1828633.500000
8397    -1828634.125000
8398    -1828634.500000
8399    -1828635.000000
8400    -1828635.375000
8401    -1828635.875000
8402    -1828636.375000
8403    -1828637.000000
8404    -1828637.250000
8405    -1828637.750000
8406    -1828638.000000
8407    -1828638.750000
8408    -1828639.000000
8409    -1828639.500000
8410    -1828639.875000
8411    -1828640.250000
8412    -1828640.750000
8413    -1828641.250000
8414    -1828641.750000
8415    -1828642.000000
8416    -1828642.500000
8417    -1828643.000000
8418    -1828643.250000
8419    -1828643.750000
8420    -1828644.250000
8421    -1828644.750000
8422    -1828645.000000
8423    -1828645.375000
8424    -1828646.000000
8425    -1828646.250000
8426    -1828647.000000
8427    -1828647.125000
8428    -1828647.750000
8429    -1828648.250000
8430    -1828648.625000
8431    -1828649.000000
8432    -1828649.375000
8433    -1828650.000000
8434    -1828650.250000
8435    -1828650.875000
8436    -1828651.125000
8437    -1828651.625000
8438    -1828652.000000
8439    -1828652.500000
8440    -1828652.750000
8441    -1828653.500000
8442    -1828653.625000
8443    -1828654.125000
8444    -1828654.625000
8445    -1828655.000000
8446    -1828655.375000
8447    -1828655.875000
8448    -1828656.250000
8449    -1828656.750000
8450    -1828657.125000
8451    -1828657.500000
8452    -1828658.125000
8453    -1828658.250000
8454    -1828658.750000
8455    -1828659.250000
8456    -1828659.625000
8457    -1828660.000000
8458    -1828660.625000
8459    -1828661.000000
8460    -1828661.500000
8461    -1828661.750000
8462    -1828662.250000
8463    -1828662.500000
8464    -1828663.125000
8465    -1828663.500000
8466    -1828664.000000
8467    -1828664.250000
8468    -1828664.875000
8469    -1828665.125000
8470    -1828665.750000
8471    -1828666.000000
8472    -1828666.500000
8473    -1828667.000000
8474    -1828667.250000
8475    -1828667.750000
8476    -1828668.375000
8477    -1828668.625000
8478    -1828669.000000
8479    -1828669.750000
8480    -1828670.000000
8481    -1828670.500000
8482    -1828671.000000
8483    -1828671.500000
8484    -1828671.750000
8485    -1828672.250000
8486    -1828672.750000
8487    -1828673.125000
8488    -1828673.750000
8489    -1828674.000000
8490    -1828674.750000
8491    -1828675.000000
8492    -1828675.250000
8493    -1828675.750000
8494    -1828676.250000
8495    -1828676.500000
8496    -1828677.250000
8497    -1828677.500000
8498    -1828678.125000
8499    -1828678.500000
8500    -1828678.750000
8501    -1828679.500000
8502    -1828679.875000
8503    -1828680.250000
8504    -1828680.750000
8505    -1828681.125000
8506    -1828681.375000
8507    -1828682.000000
8508    -1828682.500000
8509    -1828682.875000
8510    -1828683.750000
8511    -1828684.000000
8512    -1828684.500000
8513    -1828685.000000
8514    -1828685.375000
8515    -1828685.750000
8516    -1828686.500000
8517    -1828686.875000
8518    -1828687.250000
8519    -1828687.750000
8520    -1828688.125000
8521    -1828688.500000
8522    -1828689.000000
8523    -1828689.375000
8524    -1828690.250000
8525    -1828690.500000
8526    -1828690.750000
8527    -1828691.500000
8528    -1828691.875000
8529    -1828692.375000
8530    -1828692.750000
8531    -1828693.500000
8532    -1828694.000000
8533    -1828694.500000
8534    -1828694.750000
8535    -1828695.500000
8536    -1828696.000000
8537    -1828696.375000
8538    -1828696.875000
8539    -1828697.375000
8540    -1828697.750000
8541    -1828698.250000
8542    -1828698.750000
8543    -1828699.125000
8544    -1828699.625000
8545    -1828700.125000
8546    -1828700.625000
8547    -1828701.125000
8548    -1828701.750000
8549    -1828702.250000
8550    -1828702.625000
8551    -1828703.250000
8552    -1828703.625000
8553    -1828704.125000
8554    -1828704.625000
8555    -1828705.125000
8556    -1828705.500000
8557    -1828706.000000
8558    -1828706.500000
8559    -1828707.250000
8560    -1828707.750000
8561    -1828708.250000
8562    -1828708.750000
8563    -1828709.125000
8564    -1828709.500000
8565    -1828710.250000
8566    -1828710.625000
8567    -1828711.000000
8568    -1828711.500000
8569    -1828712.250000
8570    -1828712.625000
8571    -1828713.000000
8572    -1828713.750000
8573    -1828714.375000
8574    -1828714.750000
8575    -1828715.125000
8576    -1828715.750000
8577    -1828716.375000
8578    -1828716.750000
8579    -1828717.250000
8580    -1828717.750000
8581    -1828718.250000
8582    -1828718.875000
8583    -1828719.250000
8584    -1828719.875000
8585    -1828720.250000
8586    -1828720.750000
8587    -1828721.500000
8588    -1828722.125000
8589    -1828722.250000
8590    -1828723.000000
8591    -1828723.375000
8592    -1828724.000000
8593    -1828724.250000
8594    -1828724.875000
8595    -1828725.500000
8596    -1828726.000000
8597    -1828726.500000
8598    -1828727.000000
8599    -1828727.500000
8600    -1828728.000000
8601    -1828728.625000
8602    -1828729.000000
8603    -1828729.750000
8604    -1828730.250000
8605    -1828730.625000
8606    -1828731.000000
8607    -1828731.625000
8608    -1828732.125000
8609    -1828732.625000
8610    -1828733.125000
8611    -1828733.500000
8612    -1828734.250000
8613    -1828734.625000
8614    -1828735.250000
8615    -1828735.750000
8616    -1828736.375000
8617    -1828737.000000
8618    -1828737.250000
8619    -1828737.625000
8620    -1828738.375000
8621    -1828738.500000
8622    -1828739.250000
8623    -1828739.750000
8624    -1828740.250000
8625    -1828740.750000
8626    -1828741.375000
8627    -1828741.750000
8628    -1828742.500000
8629    -1828743.000000
8630    -1828743.500000
8631    -1828744.000000
8632    -1828744.500000
8633    -1828744.875000
8634    -1828745.625000
8635    -1828746.000000
8636    -1828746.625000
8637    -1828747.000000
8638    -1828747.750000
8639    -1828748.000000
8640    -1828748.500000
8641    -1828749.250000
8642    -1828749.625000
8643    -1828750.250000
8644    -1828750.750000
8645    -1828751.375000
8646    -1828751.375000
8647    -1828752.250000
8648    -1828752.750000
8649    -1828753.125000
8650    -1828753.750000
8651    -1828754.250000
8652    -1828754.750000
8653    -1828755.250000
8654    -1828755.875000
8655    -1828756.250000
8656    -1828756.875000
8657    -1828757.375000
8658    -1828758.000000
8659    -1828758.500000
8660    -1828759.000000
8661    -1828759.625000
8662    -1828759.875000
8663    -1828760.625000
8664    -1828761.000000
8665    -1828761.750000
8666    -1828762.125000
8667    -1828762.750000
8668    -1828763.125000
8669    -1828763.875000
8670    -1828764.250000
8671    -1828764.875000
8672    -1828765.500000
8673    -1828766.000000
8674    -1828766.500000
8675    -1828766.875000
8676    -1828767.250000
8677    -1828768.000000
8678    -1828768.375000
8679    -1828769.000000
8680    -1828769.625000
8681    -1828770.250000
8682    -1828770.750000
8683    -1828771.000000
8684    -1828771.750000
8685    -1828772.000000
8686    -1828772.750000
8687    -1828773.250000
8688    -1828773.750000
8689    -1828774.250000
8690    -1828774.750000
8691    -1828775.375000
8692    -1828776.000000
8693    -1828776.500000
8694    -1828777.000000
8695    -1828777.500000
8696    -1828778.000000
8697    -1828778.500000
8698    -1828779.000000
8699    -1828779.750000
8700    -1828780.125000
8701    -1828780.500000
8702    -1828781.250000
8703    -1828781.750000
8704    -1828782.250000
8705    -1828783.125000
8706    -1828783.500000
8707    -1828784.125000
8708    -1828784.500000
8709    -1828785.000000
8710    -1828785.500000
8711    -1828786.000000
8712    -1828786.750000
8713    -1828787.250000
8714    -1828787.500000
8715    -1828788.250000
8716    -1828789.000000
8717    -1828789.500000
8718    -1828789.750000
8719    -1828790.250000
8720    -1828791.000000
8721    -1828791.750000
8722    -1828792.125000
8723    -1828792.500000
8724    -1828793.000000
8725    -1828793.625000
8726    -1828794.250000
8727    -1828794.625000
8728    -1828795.375000
8729    -1828795.875000
8730    -1828796.500000
8731    -1828797.000000
8732    -1828797.500000
8733    -1828798.125000
8734    -1828798.750000
8735    -1828799.250000
8736    -1828799.875000
8737    -1828800.375000
8738    -1828801.000000
8739    -1828801.500000
8740    -1828802.125000
8741    -1828802.625000
8742    -1828803.375000
8743    -1828803.875000
8744    -1828804.250000
8745    -1828805.000000
8746    -1828805.500000
8747    -1828806.125000
8748    -1828806.625000
8749    -1828807.250000
8750    -1828807.750000
8751    -1828808.500000
8752    -1828808.875000
8753    -1828809.500000
8754    -1828810.250000
8755    -1828810.625000
8756    -1828811.250000
8757    -1828811.875000
8758    -1828812.500000
8759    -1828813.125000
8760    -1828813.500000
8761    -1828814.250000
8762    -1828814.875000
8763    -1828815.500000
8764    -1828816.000000
8765    -1828816.750000
8766    -1828817.250000
8767    -1828817.750000
8768    -1828818.500000
8769    -1828819.250000
8770    -1828819.750000
8771    -1828820.375000
8772    -1828821.000000
8773    -1828821.625000
8774    -1828822.250000
8775    -1828822.750000
8776    -1828823.500000
8777    -1828824.125000
8778    -1828824.750000
8779    -1828825.375000
8780    -1828826.000000
8781    -1828826.500000
8782    -1828827.000000
8783    -1828827.875000
8784    -1828828.625000
8785    -1828829.000000
8786    -1828829.750000
8787    -1828830.250000
8788    -1828831.125000
8789    -1828831.500000
8790    -1828832.250000
8791    -1828833.000000
8792    -1828833.750000
8793    -1828834.250000
8794    -1828835.000000
8795    -1828835.500000
8796    -1828836.125000
8797    -1828837.000000
8798    -1828837.625000
8799    -1828838.125000
8800    -1828838.750000
8801    -1828839.625000
8802    -1828840.125000
8803    -1828841.000000
8804    -1828841.500000
8805    -1828842.000000
8806    -1828842.500000
8807    -1828843.250000
8808    -1828844.250000
8809    -1828844.750000
8810    -1828845.500000
8811    -1828846.125000
8812    -1828846.750000
8813    -1828847.500000
8814    -1828848.000000
8815    -1828848.750000
8816    -1828849.500000
8817    -1828850.125000
8818    -1828850.750000
8819    -1828851.500000
8820    -1828852.250000
8821    -1828852.750000
8822    -1828853.375000
8823    -1828854.000000
8824    -1828854.750000
8825    -1828855.500000
8826    -1828856.000000
8827    -1828856.625000
8828    -1828857.500000
8829    -1828858.125000
8830    -1828859.000000
8831    -1828859.500000
8832    -1828860.250000
8833    -1828860.875000
8834    -1828861.625000
8835    -1828862.000000
8836    -1828862.875000
8837    -1828863.500000
8838    -1828864.000000
8839    -1828864.750000
8840    -1828865.250000
8841    -1828866.000000
8842    -1828867.000000
8843    -1828867.250000
8844    -1828868.250000
8845    -1828868.750000
8846    -1828869.250000
8847    -1828870.000000
8848    -1828870.750000
8849    -1828871.250000
8850    -1828871.875000
8851    -1828872.750000
8852    -1828873.250000
8853    -1828873.750000
8854    -1828874.750000
8855    -1828875.375000
8856    -1828876.000000
8857    -1828876.625000
8858    -1828877.250000
8859    -1828878.000000
8860    -1828878.500000
8861    -1828879.000000
8862    -1828879.875000
8863    -1828880.500000
8864    -1828881.125000
8865    -1828881.625000
8866    -1828882.375000
8867    -1828883.000000
8868    -1828883.500000
8869    -1828884.375000
8870    -1828885.000000
8871    -1828885.500000
8872    -1828886.250000
8873    -1828886.875000
8874    -1828887.375000
8875    -1828888.000000
8876    -1828888.750000
8877    -1828889.250000
8878    -1828890.000000
8879    -1828890.500000
8880    -1828891.250000
8881    -1828891.750000
8882    -1828892.500000
8883    -1828893.125000
8884    -1828893.625000
8885    -1828894.250000
8886    -1828894.875000
8887    -1828895.625000
8888    -1828896.250000
8889    -1828896.625000
8890    -1828897.250000
8891    -1828898.000000
8892    -1828898.500000
8893    -1828899.000000
8894    -1828899.750000
8895    -1828900.375000
8896    -1828901.000000
8897    -1828901.500000
8898    -1828902.000000
8899    -1828902.750000
8900    -1828903.250000
8901    -1828904.000000
8902    -1828904.500000
8903    -1828905.125000
8904    -1828905.500000
8905    -1828906.375000
8906    -1828907.000000
8907    -1828907.500000
8908    -1828908.125000
8909    -1828908.625000
8910    -1828909.250000
8911    -1828909.750000
8912    -1828910.500000
8913    -1828910.875000
8914    -1828911.750000
8915    -1828912.375000
8916    -1828912.750000
8917    -1828913.500000
8918    -1828913.750000
8919    -1828914.500000
8920    -1828915.125000
8921    -1828915.625000
8922    -1828916.250000
8923    -1828916.750000
8924    -1828917.250000
8925    -1828918.125000
8926    -1828918.500000
8927    -1828919.125000
8928    -1828919.750000
8929    -1828920.375000
8930    -1828921.000000
8931    -1828921.625000
8932    -1828922.125000
8933    -1828922.625000
8934    -1828923.250000
8935    -1828923.750000
8936    -1828924.250000
8937    -1828924.875000
8938    -1828925.500000
8939    -1828926.250000
8940    -1828926.750000
8941    -1828927.250000
8942    -1828928.000000
8943    -1828928.500000
8944    -1828929.000000
8945    -1828929.625000
8946    -1828930.000000
8947    -1828930.750000
8948    -1828931.250000
8949    -1828931.875000
8950    -1828932.500000
8951    -1828933.000000
8952    -1828933.750000
8953    -1828934.250000
8954    -1828934.750000
8955    -1828935.375000
8956    -1828936.000000
8957    -1828936.500000
8958    -1828937.250000
8959    -1828938.000000
8960    -1828938.375000
8961    -1828939.000000
8962    -1828939.500000
8963    -1828940.000000
8964    -1828940.500000
8965    -1828941.250000
8966    -1828942.000000
8967    -1828942.250000
8968    -1828943.000000
8969    -1828943.750000
8970    -1828944.250000
8971    -1828944.500000
8972    -1828945.250000
8973    -1828945.750000
8974    -1828946.500000
8975    -1828947.000000
8976    -1828947.500000
8977    -1828948.000000
8978    -1828948.750000
8979    -1828949.500000
8980    -1828950.000000
8981    -1828950.500000
8982    -1828951.250000
8983    -1828951.750000
8984    -1828952.500000
8985    -1828953.000000
8986    -1828953.500000
8987    -1828954.125000
8988    -1828954.750000
8989    -1828955.375000
8990    -1828956.000000
8991    -1828956.500000
8992    -1828957.000000
8993    -1828957.500000
8994    -1828958.125000
8995    -1828958.625000
8996    -1828959.125000
8997    -1828960.000000
8998    -1828960.500000
8999    -1828960.875000
9000    -1828961.250000
9001    -1828962.000000
9002    -1828962.625000
9003    -1828963.250000
9004    -1828964.000000
9005    -1828964.500000
9006    -1828965.125000
9007    -1828965.625000
9008    -1828966.250000
9009    -1828967.000000
9010    -1828967.625000
9011    -1828968.000000
9012    -1828968.500000
9013    -1828969.125000
9014    -1828969.875000
9015    -1828970.625000
9016    -1828971.250000
9017    -1828971.625000
9018    -1828972.375000
9019    -1828972.750000
9020    -1828973.625000
9021    -1828974.000000
9022    -1828974.750000
9023    -1828975.250000
9024    -1828975.875000
9025    -1828976.375000
9026    -1828977.125000
9027    -1828977.500000
9028    -1828978.125000
9029    -1828978.750000
9030    -1828979.250000
9031    -1828979.875000
9032    -1828980.500000
9033    -1828981.000000
9034    -1828981.750000
9035    -1828982.375000
9036    -1828983.000000
9037    -1828983.625000
9038    -1828984.250000
9039    -1828984.750000
9040    -1828985.500000
9041    -1828986.000000
9042    -1828986.625000
9043    -1828987.250000
9044    -1828987.625000
9045    -1828988.250000
9046    -1828988.875000
9047    -1828989.500000
9048    -1828990.250000
9049    -1828990.625000
9050    -1828991.250000
9051    -1828992.000000
9052    -1828992.500000
9053    -1828993.125000
9054    -1828993.750000
9055    -1828994.375000
9056    -1828995.000000
9057    -1828995.750000
9058    -1828996.375000
9059    -1828996.750000
9060    -1828997.625000
9061    -1828998.250000
9062    -1828998.750000
9063    -1828999.375000
9064    -1829000.000000
9065    -1829000.500000
9066    -1829001.000000
9067    -1829001.625000
9068    -1829002.500000
9069    -1829002.875000
9070    -1829003.750000
9071    -1829004.250000
9072    -1829005.000000
9073    -1829005.375000
9074    -1829006.125000
9075    -1829006.750000
9076    -1829007.500000
9077    -1829008.250000
9078    -1829008.625000
9079    -1829009.375000
9080    -1829010.000000
9081    -1829010.500000
9082    -1829011.125000
9083    -1829011.750000
9084    -1829012.375000
9085    -1829012.875000
9086    -1829013.625000
9087    -1829014.375000
9088    -1829015.000000
9089    -1829015.625000
9090    -1829016.250000
9091    -1829017.000000
9092    -1829017.750000
9093    -1829018.250000
9094    -1829019.000000
9095    -1829019.375000
9096    -1829020.000000
9097    -1829020.875000
9098    -1829021.375000
9099    -1829022.125000
9100    -1829022.500000
9101    -1829023.250000
9102    -1829024.000000
9103    -1829024.500000
9104    -1829025.125000
9105    -1829025.750000
9106    -1829026.500000
9107    -1829027.000000
9108    -1829027.500000
9109    -1829028.250000
9110    -1829029.000000
9111    -1829030.000000
9112    -1829030.375000
9113    -1829031.000000
9114    -1829031.625000
9115    -1829032.250000
9116    -1829032.750000
9117    -1829033.500000
9118    -1829034.000000
9119    -1829034.750000
9120    -1829035.250000
9121    -1829035.875000
9122    -1829036.500000
9123    -1829037.250000
9124    -1829037.750000
9125    -1829038.500000
9126    -1829039.250000
9127    -1829040.000000
9128    -1829040.250000
9129    -1829041.250000
9130    -1829041.875000
9131    -1829042.500000
9132    -1829043.125000
9133    -1829043.625000
9134    -1829044.375000
9135    -1829045.000000
9136    -1829045.500000
9137    -1829046.250000
9138    -1829047.000000
9139    -1829047.500000
9140    -1829048.250000
9141    -1829048.625000
9142    -1829049.375000
9143    -1829050.000000
9144    -1829050.625000
9145    -1829051.375000
9146    -1829052.000000
9147    -1829052.625000
9148    -1829053.250000
9149    -1829053.750000
9150    -1829054.500000
9151    -1829055.125000
9152    -1829055.750000
9153    -1829056.500000
9154    -1829056.875000
9155    -1829057.625000
9156    -1829058.125000
9157    -1829058.625000
9158    -1829059.250000
9159    -1829059.875000
9160    -1829060.750000
9161    -1829061.125000
9162    -1829062.000000
9163    -1829062.500000
9164    -1829063.250000
9165    -1829063.750000
9166    -1829064.250000
9167    -1829065.250000
9168    -1829065.625000
9169    -1829066.250000
9170    -1829066.875000
9171    -1829067.375000
9172    -1829068.000000
9173    -1829068.500000
9174    -1829069.250000
9175    -1829070.000000
9176    -1829070.500000
9177    -1829070.875000
9178    -1829071.750000
9179    -1829072.125000
9180    -1829073.000000
9181    -1829073.500000
9182    -1829074.000000
9183    -1829074.750000
9184    -1829075.375000
9185    -1829075.875000
9186    -1829076.500000
9187    -1829077.250000
9188    -1829077.750000
9189    -1829078.500000
9190    -1829078.875000
9191    -1829079.500000
9192    -1829080.125000
9193    -1829080.875000
9194    -1829081.250000
9195    -1829081.750000
9196    -1829082.250000
9197    -1829083.000000
9198    -1829083.625000
9199    -1829084.125000
9200    -1829084.750000
9201    -1829085.500000
9202    -1829085.875000
9203    -1829086.375000
9204    -1829087.000000
9205    -1829087.500000
9206    -1829088.250000
9207    -1829088.750000
9208    -1829089.250000
9209    -1829089.750000
9210    -1829090.500000
9211    -1829090.750000
9212    -1829091.375000
9213    -1829092.000000
9214    -1829092.625000
9215    -1829093.250000
9216    -1829093.625000
9217    -1829094.125000
9218    -1829095.000000
9219    -1829095.250000
9220    -1829096.000000
9221    -1829096.375000
9222    -1829097.000000
9223    -1829097.500000
9224    -1829098.000000
9225    -1829098.625000
9226    -1829099.000000
9227    -1829099.625000
9228    -1829100.250000
9229    -1829100.750000
9230    -1829101.250000
9231    -1829101.625000
9232    -1829102.250000
9233    -1829102.625000
9234    -1829103.125000
9235    -1829103.750000
9236    -1829104.250000
9237    -1829104.750000
9238    -1829105.250000
9239    -1829105.875000
9240    -1829106.125000
9241    -1829106.750000
9242    -1829107.250000
9243    -1829107.750000
9244    -1829108.250000
9245    -1829108.500000
9246    -1829109.000000
9247    -1829109.750000
9248    -1829110.250000
9249    -1829110.750000
9250    -1829111.000000
9251    -1829111.500000
9252    -1829112.000000
9253    -1829112.375000
9254    -1829112.750000
9255    -1829113.250000
9256    -1829113.750000
9257    -1829114.125000
9258    -1829114.750000
9259    -1829115.250000
9260    -1829115.500000
9261    -1829116.000000
9262    -1829116.250000
9263    -1829116.750000
9264    -1829117.500000
9265    -1829117.750000
9266    -1829118.250000
9267    -1829118.625000
9268    -1829119.000000
9269    -1829119.500000
9270    -1829120.000000
9271    -1829120.250000
9272    -1829120.750000
9273    -1829121.375000
9274    -1829121.750000
9275    -1829122.250000
9276    -1829122.500000
9277    -1829123.125000
9278    -1829123.500000
9279    -1829123.750000
9280    -1829124.250000
9281    -1829124.625000
9282    -1829124.875000
9283    -1829125.500000
9284    -1829126.000000
9285    -1829126.250000
9286    -1829126.750000
9287    -1829127.250000
9288    -1829127.500000
9289    -1829128.000000
9290    -1829128.500000
9291    -1829128.750000
9292    -1829129.000000
9293    -1829129.500000
9294    -1829130.000000
9295    -1829130.500000
9296    -1829130.875000
9297    -1829131.250000
9298    -1829131.625000
9299    -1829132.000000
9300    -1829132.375000
9301    -1829132.750000
9302    -1829133.250000
9303    -1829133.500000
9304    -1829134.125000
9305    -1829134.375000
9306    -1829135.000000
9307    -1829135.000000
9308    -1829135.625000
9309    -1829136.000000
9310    -1829136.375000
9311    -1829136.625000
9312    -1829137.000000
9313    -1829137.500000
9314    -1829137.750000
9315    -1829138.375000
9316    -1829138.625000
9317    -1829139.125000
9318    -1829139.375000
9319    -1829139.750000
9320    -1829140.250000
9321    -1829140.375000
9322    -1829140.750000
9323    -1829141.250000
9324    -1829141.625000
9325    -1829142.000000
9326    -1829142.500000
9327    -1829142.750000
9328    -1829143.000000
9329    -1829143.500000
9330    -1829144.000000
9331    -1829144.125000
9332    -1829144.500000
9333    -1829145.000000
9334    -1829145.250000
9335    -1829145.750000
9336    -1829146.000000
9337    -1829146.375000
9338    -1829146.625000
9339    -1829147.125000
9340    -1829147.500000
9341    -1829147.625000
9342    -1829148.000000
9343    -1829148.750000
9344    -1829148.750000
9345    -1829149.250000
9346    -1829149.750000
9347    -1829150.000000
9348    -1829150.250000
9349    -1829150.500000
9350    -1829151.000000
9351    -1829151.500000
9352    -1829151.750000
9353    -1829151.875000
9354    -1829152.250000
9355    -1829152.750000
9356    -1829153.250000
9357    -1829153.375000
9358    -1829153.750000
9359    -1829154.125000
9360    -1829154.250000
9361    -1829155.000000
9362    -1829155.250000
9363    -1829155.250000
9364    -1829155.750000
9365    -1829156.000000
9366    -1829156.500000
9367    -1829156.875000
9368    -1829157.125000
9369    -1829157.250000
9370    -1829157.875000
9371    -1829158.000000
9372    -1829158.750000
9373    -1829158.750000
9374    -1829159.000000
9375    -1829159.500000
9376    -1829159.750000
9377    -1829160.250000
9378    -1829160.500000
9379    -1829160.750000
9380    -1829161.250000
9381    -1829161.625000
9382    -1829161.875000
9383    -1829162.250000
9384    -1829162.750000
9385    -1829163.000000
9386    -1829163.250000
9387    -1829163.875000
9388    -1829164.125000
9389    -1829164.250000
9390    -1829164.500000
9391    -1829165.125000
9392    -1829165.250000
9393    -1829165.500000
9394    -1829166.000000
9395    -1829166.250000
9396    -1829166.750000
9397    -1829167.000000
9398    -1829167.500000
9399    -1829167.750000
9400    -1829168.250000
9401    -1829168.500000
9402    -1829168.875000
9403    -1829169.000000
9404    -1829169.500000
9405    -1829169.750000
9406    -1829169.875000
9407    -1829170.250000
9408    -1829170.750000
9409    -1829171.000000
9410    -1829171.500000
9411    -1829172.000000
9412    -1829172.250000
9413    -1829172.625000
9414    -1829173.000000
9415    -1829173.250000
9416    -1829173.750000
9417    -1829174.000000
9418    -1829174.375000
9419    -1829175.000000
9420    -1829175.250000
9421    -1829175.375000
9422    -1829175.875000
9423    -1829176.375000
9424    -1829176.750000
9425    -1829177.000000
9426    -1829177.250000
9427    -1829177.750000
9428    -1829178.000000
9429    -1829178.500000
9430    -1829179.125000
9431    -1829179.500000
9432    -1829179.750000
9433    -1829180.000000
9434    -1829180.375000
9435    -1829180.750000
9436    -1829181.000000
9437    -1829181.625000
9438    -1829182.000000
9439    -1829182.375000
9440    -1829182.750000
9441    -1829183.000000
9442    -1829183.750000
9443    -1829183.875000
9444    -1829184.000000
9445    -1829184.750000
9446    -1829185.250000
9447    -1829185.375000
9448    -1829186.000000
9449    -1829186.500000
9450    -1829186.500000
9451    -1829187.125000
9452    -1829187.500000
9453    -1829187.750000
9454    -1829188.125000
9455    -1829188.625000
9456    -1829189.250000
9457    -1829189.500000
9458    -1829189.875000
9459    -1829190.250000
9460    -1829190.625000
9461    -1829191.250000
9462    -1829191.500000
9463    -1829191.875000
9464    -1829192.375000
9465    -1829192.750000
9466    -1829193.250000
9467    -1829193.625000
9468    -1829194.000000
9469    -1829194.500000
9470    -1829194.875000
9471    -1829195.250000
9472    -1829195.750000
9473    -1829196.125000
9474    -1829196.500000
9475    -1829197.000000
9476    -1829197.375000
9477    -1829197.750000
9478    -1829198.250000
9479    -1829198.750000
9480    -1829199.000000
9481    -1829199.500000
9482    -1829200.000000
9483    -1829200.250000
9484    -1829200.750000
9485    -1829201.125000
9486    -1829201.500000
9487    -1829202.000000
9488    -1829202.625000
9489    -1829203.000000
9490    -1829203.625000
9491    -1829203.750000
9492    -1829204.250000
9493    -1829204.625000
9494    -1829205.125000
9495    -1829205.500000
9496    -1829206.000000
9497    -1829206.500000
9498    -1829207.000000
9499    -1829207.500000
9500    -1829207.750000
9501    -1829208.250000
9502    -1829208.750000
9503    -1829209.125000
9504    -1829209.500000
9505    -1829210.000000
9506    -1829210.500000
9507    -1829210.875000
9508    -1829211.250000
9509    -1829211.875000
9510    -1829212.250000
9511    -1829212.750000
9512    -1829213.250000
9513    -1829213.500000
9514    -1829214.125000
9515    -1829214.500000
9516    -1829215.125000
9517    -1829215.625000
9518    -1829215.875000
9519    -1829216.500000
9520    -1829216.625000
9521    -1829217.250000
9522    -1829218.000000
9523    -1829218.125000
9524    -1829218.750000
9525    -1829219.000000
9526    -1829219.750000
9527    -1829220.125000
9528    -1829220.375000
9529    -1829220.875000
9530    -1829221.625000
9531    -1829222.000000
9532    -1829222.250000
9533    -1829223.000000
9534    -1829223.250000
9535    -1829224.000000
9536    -1829224.500000
9537    -1829224.875000
9538    -1829225.125000
9539    -1829225.750000
9540    -1829226.000000
9541    -1829226.750000
9542    -1829227.000000
9543    -1829227.750000
9544    -1829228.250000
9545    -1829228.500000
9546    -1829229.250000
9547    -1829229.500000
9548    -1829230.125000
9549    -1829230.625000
9550    -1829231.000000
9551    -1829231.500000
9552    -1829232.250000
9553    -1829232.500000
9554    -1829232.750000
9555    -1829233.500000
9556    -1829234.000000
9557    -1829234.500000
9558    -1829235.000000
9559    -1829235.375000
9560    -1829236.000000
9561    -1829236.500000
9562    -1829237.000000
9563    -1829237.500000
9564    -1829238.000000
9565    -1829238.500000
9566    -1829239.000000
9567    -1829239.500000
9568    -1829240.125000
9569    -1829240.500000
9570    -1829240.750000
9571    -1829241.500000
9572    -1829242.000000
9573    -1829242.500000
9574    -1829242.875000
9575    -1829243.375000
9576    -1829243.875000
9577    -1829244.500000
9578    -1829245.000000
9579    -1829245.500000
9580    -1829246.000000
9581    -1829246.500000
9582    -1829247.125000
9583    -1829247.500000
9584    -1829248.000000
9585    -1829248.500000
9586    -1829249.250000
9587    -1829249.500000
9588    -1829250.000000
9589    -1829250.500000
9590    -1829251.125000
9591    -1829251.875000
9592    -1829252.000000
9593    -1829252.625000
9594    -1829253.250000
9595    -1829253.500000
9596    -1829254.250000
9597    -1829254.500000
9598    -1829255.000000
9599    -1829255.750000
9600    -1829256.250000
9601    -1829256.750000
9602    -1829257.250000
9603    -1829258.125000
9604    -1829258.375000
9605    -1829258.750000
9606    -1829259.500000
9607    -1829260.000000
9608    -1829260.625000
9609    -1829261.000000
9610    -1829261.500000
9611    -1829262.125000
9612    -1829262.625000
9613    -1829263.125000
9614    -1829263.750000
9615    -1829264.250000
9616    -1829264.750000
9617    -1829265.250000
9618    -1829266.000000
9619    -1829266.375000
9620    -1829267.000000
9621    -1829267.625000
9622    -1829268.000000
9623    -1829268.500000
9624    -1829269.000000
9625    -1829269.750000
9626    -1829270.000000
9627    -1829270.750000
9628    -1829271.250000
9629    -1829272.000000
9630    -1829272.625000
9631    -1829273.000000
9632    -1829273.500000
9633    -1829273.750000
9634    -1829274.250000
9635    -1829275.250000
9636    -1829275.625000
9637    -1829276.250000
9638    -1829276.750000
9639    -1829277.375000
9640    -1829277.875000
9641    -1829278.500000
9642    -1829279.250000
9643    -1829279.750000
9644    -1829280.250000
9645    -1829280.875000
9646    -1829281.250000
9647    -1829281.750000
9648    -1829282.500000
9649    -1829283.250000
9650    -1829283.500000
9651    -1829284.250000
9652    -1829284.625000
9653    -1829285.250000
9654    -1829285.875000
9655    -1829286.250000
9656    -1829287.000000
9657    -1829287.750000
9658    -1829288.375000
9659    -1829288.750000
9660    -1829289.250000
9661    -1829289.750000
9662    -1829290.750000
9663    -1829291.250000
9664    -1829291.750000
9665    -1829292.375000
9666    -1829292.750000
9667    -1829293.500000
9668    -1829294.125000
9669    -1829294.625000
9670    -1829295.250000
9671    -1829295.750000
9672    -1829296.500000
9673    -1829297.000000
9674    -1829297.500000
9675    -1829298.000000
9676    -1829298.750000
9677    -1829299.500000
9678    -1829300.000000
9679    -1829300.375000
9680    -1829301.250000
9681    -1829301.750000
9682    -1829302.250000
9683    -1829303.000000
9684    -1829303.500000
9685    -1829304.000000
9686    -1829304.750000
9687    -1829305.250000
9688    -1829306.000000
9689    -1829306.500000
9690    -1829307.250000
9691    -1829307.875000
9692    -1829308.000000
9693    -1829309.000000
9694    -1829309.500000
9695    -1829310.250000
9696    -1829310.625000
9697    -1829311.250000
9698    -1829311.875000
9699    -1829312.500000
9700    -1829313.000000
9701    -1829313.750000
9702    -1829314.250000
9703    -1829314.750000
9704    -1829315.500000
9705    -1829316.000000
9706    -1829316.750000
9707    -1829317.250000
9708    -1829317.875000
9709    -1829318.375000
9710    -1829319.000000
9711    -1829319.750000
9712    -1829320.250000
9713    -1829320.750000
9714    -1829321.500000
9715    -1829322.000000
9716    -1829322.500000
9717    -1829323.375000
9718    -1829323.750000
9719    -1829324.375000
9720    -1829325.000000
9721    -1829325.750000
9722    -1829326.250000
9723    -1829326.750000
9724    -1829327.375000
9725    -1829328.000000
9726    -1829328.750000
9727    -1829329.125000
9728    -1829329.750000
9729    -1829330.250000
9730    -1829331.000000
9731    -1829331.500000
9732    -1829331.875000
9733    -1829332.500000
9734    -1829333.250000
9735    -1829333.875000
9736    -1829334.500000
9737    -1829335.000000
9738    -1829335.375000
9739    -1829336.125000
9740    -1829336.625000
9741    -1829337.500000
9742    -1829338.000000
9743    -1829338.625000
9744    -1829339.125000
9745    -1829339.625000
9746    -1829340.125000
9747    -1829340.875000
9748    -1829341.500000
9749    -1829342.000000
9750    -1829342.500000
9751    -1829343.250000
9752    -1829343.750000
9753    -1829344.375000
9754    -1829345.125000
9755    -1829345.500000
9756    -1829346.250000
9757    -1829346.750000
9758    -1829347.375000
9759    -1829347.750000
9760    -1829348.500000
9761    -1829349.250000
9762    -1829349.625000
9763    -1829350.250000
9764    -1829350.750000
9765    -1829351.375000
9766    -1829351.750000
9767    -1829352.500000
9768    -1829353.000000
9769    -1829353.750000
9770    -1829354.250000
9771    -1829354.875000
9772    -1829355.625000
9773    -1829356.000000
9774    -1829356.750000
9775    -1829357.250000
9776    -1829357.875000
9777    -1829358.500000
9778    -1829359.000000
9779    -1829359.500000
9780    -1829360.250000
9781    -1829360.625000
9782    -1829361.250000
9783    -1829361.875000
9784    -1829362.500000
9785    -1829363.125000
9786    -1829363.750000
9787    -1829364.250000
9788    -1829364.750000
9789    -1829365.500000
9790    -1829365.875000
9791    -1829366.500000
9792    -1829367.125000
9793    -1829367.750000
9794    -1829368.250000
9795    -1829369.000000
9796    -1829369.625000
9797    -1829370.000000
9798    -1829370.625000
9799    -1829371.250000
9800    -1829372.000000
9801    -1829372.375000
9802    -1829373.250000
9803    -1829373.625000
9804    -1829374.375000
9805    -1829374.750000
9806    -1829375.625000
9807    -1829376.000000
9808    -1829376.625000
9809    -1829377.250000
9810    -1829378.000000
9811    -1829378.250000
9812    -1829379.125000
9813    -1829379.625000
9814    -1829380.250000
9815    -1829380.750000
9816    -1829381.500000
9817    -1829382.000000
9818    -1829382.500000
9819    -1829383.125000
9820    -1829383.750000
9821    -1829384.375000
9822    -1829385.000000
9823    -1829385.750000
9824    -1829386.250000
9825    -1829386.875000
9826    -1829387.625000
9827    -1829388.000000
9828    -1829388.750000
9829    -1829389.250000
9830    -1829389.750000
9831    -1829390.500000
9832    -1829391.250000
9833    -1829391.750000
9834    -1829392.375000
9835    -1829393.250000
9836    -1829393.750000
9837    -1829394.250000
9838    -1829395.000000
9839    -1829395.375000
9840    -1829396.000000
9841    -1829397.000000
9842    -1829397.375000
9843    -1829398.125000
9844    -1829398.750000
9845    -1829399.375000
9846    -1829399.875000
9847    -1829400.500000
9848    -1829401.000000
9849    -1829401.625000
9850    -1829402.250000
9851    -1829403.000000
9852    -1829403.625000
9853    -1829404.250000
9854    -1829405.000000
9855    -1829405.625000
9856    -1829406.000000
9857    -1829406.750000
9858    -1829407.250000
9859    -1829408.000000
9860    -1829408.625000
9861    -1829409.250000
9862    -1829410.000000
9863    -1829410.750000
9864    -1829411.250000
9865    -1829411.750000
9866    -1829412.500000
9867    -1829413.250000
9868    -1829413.875000
9869    -1829414.500000
9870    -1829415.250000
9871    -1829415.750000
9872    -1829416.250000
9873    -1829417.000000
9874    -1829417.750000
9875    -1829418.250000
9876    -1829419.000000
9877    -1829419.500000
9878    -1829420.375000
9879    -1829421.000000
9880    -1829421.750000
9881    -1829422.500000
9882    -1829423.250000
9883    -1829423.875000
9884    -1829424.500000
9885    -1829425.000000
9886    -1829425.750000
9887    -1829426.500000
9888    -1829427.250000
9889    -1829427.750000
9890    -1829428.500000
9891    -1829429.250000
9892    -1829429.750000
9893    -1829430.625000
9894    -1829431.375000
9895    -1829432.125000
9896    -1829432.750000
9897    -1829433.375000
9898    -1829434.000000
9899    -1829434.500000
9900    -1829435.500000
9901    -1829436.125000
9902    -1829436.875000
9903    -1829437.625000
9904    -1829438.250000
9905    -1829438.750000
9906    -1829439.500000
9907    -1829440.250000
9908    -1829441.125000
9909    -1829442.000000
9910    -1829442.500000
9911    -1829443.000000
9912    -1829443.875000
9913    -1829444.500000
9914    -1829445.250000
9915    -1829446.000000
9916    -1829446.750000
9917    -1829447.250000
9918    -1829448.000000
9919    -1829448.750000
9920    -1829449.375000
9921    -1829450.125000
9922    -1829450.750000
9923    -1829451.500000
9924    -1829452.250000
9925    -1829452.750000
9926    -1829453.750000
9927    -1829454.375000
9928    -1829455.000000
9929    -1829455.875000
9930    -1829456.500000
9931    -1829457.250000
9932    -1829458.000000
9933    -1829458.625000
9934    -1829459.500000
9935    -1829460.125000
9936    -1829460.875000
9937    -1829461.500000
9938    -1829462.250000
9939    -1829462.875000
9940    -1829463.625000
9941    -1829464.375000
9942    -1829465.000000
9943    -1829465.875000
9944    -1829466.500000
9945    -1829467.250000
9946    -1829468.250000
9947    -1829468.875000
9948    -1829469.375000
9949    -1829470.000000
9950    -1829470.750000
9951    -1829471.625000
9952    -1829472.250000
9953    -1829473.125000
9954    -1829473.875000
9955    -1829474.625000
9956    -1829475.250000
9957    -1829475.875000
9958    -1829476.750000
9959    -1829477.375000
9960    -1829478.250000
9961    -1829478.875000
9962    -1829479.750000
9963    -1829480.250000
9964    -1829481.250000
9965    -1829481.875000
9966    -1829482.625000
9967    -1829483.250000
9968    -1829484.000000
9969    -1829484.750000
9970    -1829485.625000
9971    -1829486.375000
9972    -1829487.000000
9973    -1829487.875000
9974    -1829488.750000
9975    -1829489.375000
9976    -1829490.250000
9977    -1829490.875000
9978    -1829491.750000
9979    -1829492.250000
9980    -1829493.250000
9981    -1829494.000000
9982    -1829494.750000
9983    -1829495.375000
9984    -1829496.250000
9985    -1829496.750000
9986    -1829497.625000
9987    -1829498.375000
9988    -1829499.250000
9989    -1829499.750000
9990    -1829500.750000
9991    -1829501.375000
9992    -1829502.125000
9993    -1829503.000000
9994    -1829503.750000
9995    -1829504.500000
9996    -1829505.125000
9997    -1829506.000000
9998    -1829506.750000
9999    -1829507.750000
10000   -1829508.250000
10001   -1829509.000000
10002   -1829510.000000
10003   -1829510.500000
10004   -1829511.250000
10005   -1829512.000000
10006   -1829512.750000
10007   -1829513.750000
10008   -1829514.375000
10009   -1829515.250000
10010   -1829516.125000
10011   -1829516.875000
10012   -1829517.500000
10013   -1829518.250000
10014   -1829519.250000
10015   -1829519.750000
10016   -1829520.750000
10017   -1829521.375000
10018   -1829522.250000
10019   -1829523.000000
10020   -1829523.625000
10021   -1829524.625000
10022   -1829525.375000
10023   -1829526.000000
10024   -1829526.750000
10025   -1829527.750000
10026   -1829528.500000
10027   -1829529.375000
10028   -1829530.000000
10029   -1829530.875000
10030   -1829531.500000
10031   -1829532.375000
10032   -1829533.250000
10033   -1829533.875000
10034   -1829534.625000
10035   -1829535.375000
10036   -1829536.250000
10037   -1829537.000000
10038   -1829537.750000
10039   -1829538.625000
10040   -1829539.375000
10041   -1829540.250000
10042   -1829540.875000
10043   -1829541.875000
10044   -1829542.500000
10045   -1829543.250000
10046   -1829544.000000
10047   -1829544.750000
10048   -1829545.500000
10049   -1829546.250000
10050   -1829547.000000
10051   -1829547.750000
10052   -1829548.625000
10053   -1829549.250000
10054   -1829550.250000
10055   -1829551.000000
10056   -1829551.750000
10057   -1829552.500000
10058   -1829553.250000
10059   -1829554.000000
10060   -1829554.750000
10061   -1829555.500000
10062   -1829556.375000
10063   -1829557.125000
10064   -1829558.000000
10065   -1829558.750000
10066   -1829559.500000
10067   -1829560.125000
10068   -1829560.875000
10069   -1829561.750000
10070   -1829562.375000
10071   -1829563.125000
10072   -1829564.000000
10073   -1829564.750000
10074   -1829565.500000
10075   -1829566.250000
10076   -1829567.000000
10077   -1829567.750000
10078   -1829568.500000
10079   -1829569.250000
10080   -1829570.000000
10081   -1829570.625000
10082   -1829571.500000
10083   -1829572.250000
10084   -1829572.750000
10085   -1829573.500000
10086   -1829574.250000
10087   -1829574.875000
10088   -1829575.750000
10089   -1829576.500000
10090   -1829577.250000
10091   -1829578.000000
10092   -1829578.750000
10093   -1829579.375000
10094   -1829580.125000
10095   -1829581.000000
10096   -1829581.750000
10097   -1829582.375000
10098   -1829583.125000
10099   -1829583.750000
10100   -1829584.500000
10101   -1829585.250000
10102   -1829586.000000
10103   -1829586.625000
10104   -1829587.500000
10105   -1829588.250000
10106   -1829588.750000
10107   -1829589.500000
10108   -1829590.375000
10109   -1829591.000000
10110   -1829591.750000
10111   -1829592.500000
10112   -1829593.125000
10113   -1829593.750000
10114   -1829594.500000
10115   -1829595.375000
10116   -1829596.000000
10117   -1829596.750000
10118   -1829597.500000
10119   -1829598.125000
10120   -1829598.875000
10121   -1829599.500000
10122   -1829600.250000
10123   -1829601.000000
10124   -1829601.625000
10125   -1829602.375000
10126   -1829603.000000
10127   -1829603.625000
10128   -1829604.500000
10129   -1829605.250000
10130   -1829605.875000
10131   -1829606.625000
10132   -1829607.250000
10133   -1829607.875000
10134   -1829608.625000
10135   -1829609.250000
10136   -1829610.000000
10137   -1829610.750000
10138   -1829611.250000
10139   -1829612.125000
10140   -1829612.750000
10141   -1829613.250000
10142   -1829614.250000
10143   -1829615.000000
10144   -1829615.500000
10145   -1829616.250000
10146   -1829617.000000
10147   -1829617.750000
10148   -1829618.250000
10149   -1829619.000000
10150   -1829619.750000
10151   -1829620.500000
10152   -1829621.000000
10153   -1829621.750000
10154   -1829622.500000
10155   -1829623.250000
10156   -1829623.875000
10157   -1829624.500000
10158   -1829625.250000
10159   -1829626.000000
10160   -1829626.750000
10161   -1829627.250000
10162   -1829628.000000
10163   -1829628.875000
10164   -1829629.500000
10165   -1829630.375000
10166   -1829631.000000
10167   -1829631.750000
10168   -1829632.375000
10169   -1829633.250000
10170   -1829633.875000
10171   -1829634.750000
10172   -1829635.500000
10173   -1829636.250000
10174   -1829636.875000
10175   -1829637.625000
10176   -1829638.500000
10177   -1829639.000000
10178   -1829639.750000
10179   -1829640.625000
10180   -1829641.250000
10181   -1829642.000000
10182   -1829642.750000
10183   -1829643.500000
10184   -1829644.375000
10185   -1829645.125000
10186   -1829646.000000
10187   -1829646.750000
10188   -1829647.500000
10189   -1829648.375000
10190   -1829649.250000
10191   -1829649.750000
10192   -1829650.625000
10193   -1829651.375000
10194   -1829652.250000
10195   -1829653.000000
10196   -1829653.750000
10197   -1829654.500000
10198   -1829655.500000
10199   -1829656.250000
10200   -1829657.000000
10201   -1829657.750000
10202   -1829658.625000
10203   -1829659.500000
10204   -1829660.250000
10205   -1829661.125000
10206   -1829661.750000
10207   -1829662.750000
10208   -1829663.500000
10209   -1829664.250000
10210   -1829665.125000
10211   -1829666.000000
10212   -1829666.875000
10213   -1829667.500000
10214   -1829668.375000
10215   -1829669.125000
10216   -1829670.000000
10217   -1829671.000000
10218   -1829671.750000
10219   -1829672.750000
10220   -1829673.375000
10221   -1829674.250000
10222   -1829675.125000
10223   -1829676.000000
10224   -1829676.750000
10225   -1829677.500000
10226   -1829678.375000
10227   -1829679.500000
10228   -1829680.250000
10229   -1829680.875000
10230   -1829681.875000
10231   -1829682.750000
10232   -1829683.500000
10233   -1829684.375000
10234   -1829685.125000
10235   -1829686.000000
10236   -1829687.000000
10237   -1829687.625000
10238   -1829688.625000
10239   -1829689.500000
10240   -1829690.500000
10241   -1829691.375000
10242   -1829692.000000
10243   -1829692.875000
10244   -1829693.750000
10245   -1829694.500000
10246   -1829695.500000
10247   -1829696.375000
10248   -1829697.250000
10249   -1829698.000000
10250   -1829698.750000
10251   -1829699.750000
10252   -1829700.750000
10253   -1829701.375000
10254   -1829702.250000
10255   -1829703.125000
10256   -1829703.750000
10257   -1829704.875000
10258   -1829705.875000
10259   -1829706.750000
10260   -1829707.500000
10261   -1829708.250000
10262   -1829709.125000
10263   -1829710.000000
10264   -1829711.000000
10265   -1829711.500000
10266   -1829712.625000
10267   -1829713.250000
10268   -1829714.250000
10269   -1829715.250000
10270   -1829716.000000
10271   -1829716.750000
10272   -1829717.750000
10273   -1829718.500000
10274   -1829719.500000
10275   -1829720.250000
10276   -1829721.250000
10277   -1829722.250000
10278   -1829722.875000
10279   -1829723.750000
10280   -1829724.625000
10281   -1829725.500000
10282   -1829726.250000
10283   -1829727.250000
10284   -1829728.250000
10285   -1829728.875000
10286   -1829729.625000
10287   -1829730.625000
10288   -1829731.500000
10289   -1829732.250000
10290   -1829733.000000
10291   -1829734.000000
10292   -1829734.875000
10293   -1829735.750000
10294   -1829736.500000
10295   -1829737.500000
10296   -1829738.375000
10297   -1829739.000000
10298   -1829740.000000
10299   -1829740.750000
10300   -1829741.625000
10301   -1829742.500000
10302   -1829743.250000
10303   -1829744.250000
10304   -1829745.000000
10305   -1829745.750000
10306   -1829746.625000
10307   -1829747.500000
10308   -1829748.250000
10309   -1829749.125000
10310   -1829750.000000
10311   -1829750.750000
10312   -1829751.500000
10313   -1829752.500000
10314   -1829753.375000
10315   -1829754.000000
10316   -1829754.750000
10317   -1829755.750000
10318   -1829756.500000
10319   -1829757.250000
10320   -1829758.000000
10321   -1829758.875000
10322   -1829759.750000
10323   -1829760.500000
10324   -1829761.375000
10325   -1829762.250000
10326   -1829763.000000
10327   -1829763.750000
10328   -1829764.750000
10329   -1829765.500000
10330   -1829766.250000
10331   -1829767.000000
10332   -1829768.000000
10333   -1829768.500000
10334   -1829769.250000
10335   -1829770.250000
10336   -1829771.000000
10337   -1829771.625000
10338   -1829772.500000
10339   -1829773.250000
10340   -1829774.000000
10341   -1829774.750000
10342   -1829775.625000
10343   -1829776.250000
10344   -1829777.000000
10345   -1829778.125000
10346   -1829778.750000
10347   -1829779.500000
10348   -1829780.375000
10349   -1829781.000000
10350   -1829781.750000
10351   -1829782.375000
10352   -1829783.250000
10353   -1829784.000000
10354   -1829784.750000
10355   -1829785.500000
10356   -1829786.250000
10357   -1829787.125000
10358   -1829787.750000
10359   -1829788.750000
10360   -1829789.250000
10361   -1829790.000000
10362   -1829790.750000
10363   -1829791.625000
10364   -1829792.375000
10365   -1829793.000000
10366   -1829793.875000
10367   -1829794.375000
10368   -1829795.250000
10369   -1829796.000000
10370   -1829796.875000
10371   -1829797.500000
10372   -1829798.375000
10373   -1829799.000000
10374   -1829799.750000
10375   -1829800.500000
10376   -1829801.250000
10377   -1829802.000000
10378   -1829802.750000
10379   -1829803.500000
10380   -1829804.250000
10381   -1829805.125000
10382   -1829806.000000
10383   -1829806.500000
10384   -1829807.250000
10385   -1829808.250000
10386   -1829808.875000
10387   -1829809.500000
10388   -1829810.250000
10389   -1829811.000000
10390   -1829811.750000
10391   -1829812.250000
10392   -1829813.250000
10393   -1829814.000000
10394   -1829814.750000
10395   -1829815.500000
10396   -1829816.000000
10397   -1829817.000000
10398   -1829817.500000
10399   -1829818.500000
10400   -1829819.250000
10401   -1829819.875000
10402   -1829820.750000
10403   -1829821.500000
10404   -1829822.250000
10405   -1829823.000000
10406   -1829823.750000
10407   -1829824.250000
10408   -1829825.250000
10409   -1829825.875000
10410   -1829826.750000
10411   -1829827.250000
10412   -1829827.750000
10413   -1829828.750000
10414   -1829829.500000
10415   -1829830.250000
10416   -1829831.000000
10417   -1829832.000000
10418   -1829832.250000
10419   -1829833.125000
10420   -1829833.750000
10421   -1829834.625000
10422   -1829835.375000
10423   -1829836.000000
10424   -1829836.750000
10425   -1829837.500000
10426   -1829838.250000
10427   -1829839.000000
10428   -1829839.750000
10429   -1829840.625000
10430   -1829841.375000
10431   -1829842.000000
10432   -1829842.750000
10433   -1829843.500000
10434   -1829844.250000
10435   -1829845.000000
10436   -1829845.750000
10437   -1829846.500000
10438   -1829847.500000
10439   -1829847.875000
10440   -1829848.625000
10441   -1829849.375000
10442   -1829850.250000
10443   -1829850.750000
10444   -1829851.500000
10445   -1829852.250000
10446   -1829853.000000
10447   -1829853.750000
10448   -1829854.250000
10449   -1829855.000000
10450   -1829855.875000
10451   -1829856.750000
10452   -1829857.500000
10453   -1829858.000000
10454   -1829858.625000
10455   -1829859.750000
10456   -1829860.375000
10457   -1829861.000000
10458   -1829861.750000
10459   -1829862.500000
10460   -1829863.125000
10461   -1829864.000000
10462   -1829864.750000
10463   -1829865.500000
10464   -1829866.125000
10465   -1829866.750000
10466   -1829867.500000
10467   -1829868.500000
10468   -1829868.875000
10469   -1829869.500000
10470   -1829870.250000
10471   -1829871.000000
10472   -1829871.750000
10473   -1829872.375000
10474   -1829873.000000
10475   -1829873.875000
10476   -1829874.750000
10477   -1829875.500000
10478   -1829876.250000
10479   -1829876.875000
10480   -1829877.500000
10481   -1829878.250000
10482   -1829878.875000
10483   -1829879.625000
10484   -1829880.250000
10485   -1829880.875000
10486   -1829881.750000
10487   -1829882.375000
10488   -1829883.125000
10489   -1829883.750000
10490   -1829884.500000
10491   -1829885.000000
10492   -1829885.750000
10493   -1829886.500000
10494   -1829887.250000
10495   -1829888.000000
10496   -1829888.750000
10497   -1829889.250000
10498   -1829890.000000
10499   -1829890.750000
10500   -1829891.250000
10501   -1829892.000000
10502   -1829893.000000
10503   -1829893.500000
10504   -1829894.250000
10505   -1829895.000000
10506   -1829895.750000
10507   -1829896.250000
10508   -1829897.000000
10509   -1829897.750000
10510   -1829898.375000
10511   -1829899.250000
10512   -1829900.000000
10513   -1829900.500000
10514   -1829901.250000
10515   -1829902.000000
10516   -1829902.750000
10517   -1829903.125000
10518   -1829903.750000
10519   -1829904.875000
10520   -1829905.500000
10521   -1829906.125000
10522   -1829907.000000
10523   -1829907.750000
10524   -1829908.250000
10525   -1829909.000000
10526   -1829909.625000
10527   -1829910.250000
10528   -1829911.000000
10529   -1829911.625000
10530   -1829912.375000
10531   -1829913.125000
10532   -1829914.000000
10533   -1829914.625000
10534   -1829915.250000
10535   -1829915.875000
10536   -1829917.000000
10537   -1829917.625000
10538   -1829918.375000
10539   -1829919.000000
10540   -1829919.625000
10541   -1829920.375000
10542   -1829921.000000
10543   -1829921.750000
10544   -1829922.500000
10545   -1829923.125000
10546   -1829923.750000
10547   -1829924.750000
10548   -1829925.500000
10549   -1829926.250000
10550   -1829927.000000
10551   -1829927.625000
10552   -1829928.500000
10553   -1829929.000000
10554   -1829929.875000
10555   -1829930.500000
10556   -1829931.250000
10557   -1829932.125000
10558   -1829932.750000
10559   -1829933.625000
10560   -1829934.500000
10561   -1829935.000000
10562   -1829935.625000
10563   -1829936.375000
10564   -1829937.250000
10565   -1829937.875000
10566   -1829938.750000
10567   -1829939.500000
10568   -1829940.250000
10569   -1829941.000000
10570   -1829941.625000
10571   -1829942.500000
10572   -1829943.125000
10573   -1829943.875000
10574   -1829944.875000
10575   -1829945.500000
10576   -1829946.000000
10577   -1829946.875000
10578   -1829947.750000
10579   -1829948.500000
10580   -1829949.250000
10581   -1829950.000000
10582   -1829950.750000
10583   -1829951.500000
10584   -1829952.250000
10585   -1829953.250000
10586   -1829954.000000
10587   -1829954.750000
10588   -1829955.625000
10589   -1829956.250000
10590   -1829957.000000
10591   -1829957.750000
10592   -1829958.750000
10593   -1829959.500000
10594   -1829960.250000
10595   -1829961.000000
10596   -1829961.500000
10597   -1829962.750000
10598   -1829963.250000
10599   -1829964.000000
10600   -1829964.875000
10601   -1829965.875000
10602   -1829966.625000
10603   -1829967.500000
10604   -1829968.000000
10605   -1829969.000000
10606   -1829969.625000
10607   -1829970.500000
10608   -1829971.375000
10609   -1829972.250000
10610   -1829973.000000
10611   -1829973.625000
10612   -1829974.375000
10613   -1829975.250000
10614   -1829976.125000
10615   -1829977.000000
10616   -1829977.750000
10617   -1829978.500000
10618   -1829979.500000
10619   -1829980.000000
10620   -1829980.750000
10621   -1829981.625000
10622   -1829982.375000
10623   -1829983.125000
10624   -1829984.000000
10625   -1829985.000000
10626   -1829985.750000
10627   -1829986.375000
10628   -1829987.250000
10629   -1829988.000000
10630   -1829988.750000
10631   -1829989.500000
10632   -1829990.500000
10633   -1829991.125000
10634   -1829991.875000
10635   -1829992.625000
10636   -1829993.625000
10637   -1829994.625000
10638   -1829995.375000
10639   -1829996.125000
10640   -1829997.000000
10641   -1829997.625000
10642   -1829998.500000
10643   -1829999.250000
10644   -1830000.250000
10645   -1830001.000000
10646   -1830002.000000
10647   -1830002.750000
10648   -1830003.500000
10649   -1830004.500000
10650   -1830005.125000
10651   -1830005.750000
10652   -1830006.750000
10653   -1830007.750000
10654   -1830008.750000
10655   -1830009.375000
10656   -1830010.250000
10657   -1830011.125000
10658   -1830012.000000
10659   -1830012.750000
10660   -1830013.500000
10661   -1830014.500000
10662   -1830015.250000
10663   -1830016.250000
10664   -1830017.125000
10665   -1830018.000000
10666   -1830018.750000
10667   -1830019.500000
10668   -1830020.250000
10669   -1830021.250000
10670   -1830022.125000
10671   -1830023.000000
10672   -1830023.750000
10673   -1830024.750000
10674   -1830025.500000
10675   -1830026.500000
10676   -1830027.250000
10677   -1830028.000000
10678   -1830029.000000
10679   -1830030.000000
10680   -1830030.750000
10681   -1830031.625000
10682   -1830032.625000
10683   -1830033.375000
10684   -1830034.000000
10685   -1830035.000000
10686   -1830035.875000
10687   -1830036.750000
10688   -1830037.625000
10689   -1830038.500000
10690   -1830039.375000
10691   -1830040.250000
10692   -1830041.250000
10693   -1830042.000000
10694   -1830043.000000
10695   -1830043.750000
10696   -1830044.625000
10697   -1830045.500000
10698   -1830046.125000
10699   -1830047.125000
10700   -1830048.125000
10701   -1830048.875000
10702   -1830049.500000
10703   -1830050.750000
10704   -1830051.625000
10705   -1830052.500000
10706   -1830053.375000
10707   -1830054.500000
10708   -1830055.250000
10709   -1830056.000000
10710   -1830056.750000
10711   -1830057.750000
10712   -1830058.500000
10713   -1830059.250000
10714   -1830060.625000
10715   -1830061.250000
10716   -1830062.000000
10717   -1830063.000000
10718   -1830063.750000
10719   -1830064.625000
10720   -1830065.500000
10721   -1830066.375000
10722   -1830067.375000
10723   -1830068.125000
10724   -1830068.750000
10725   -1830070.000000
10726   -1830070.750000
10727   -1830071.375000
10728   -1830072.500000
10729   -1830073.375000
10730   -1830074.250000
10731   -1830075.000000
10732   -1830076.000000
10733   -1830077.000000
10734   -1830077.500000
10735   -1830078.500000
10736   -1830079.375000
10737   -1830080.500000
10738   -1830081.000000
10739   -1830081.875000
10740   -1830082.750000
10741   -1830083.500000
10742   -1830084.250000
10743   -1830085.000000
10744   -1830085.875000
10745   -1830086.750000
10746   -1830087.625000
10747   -1830088.500000
10748   -1830089.125000
10749   -1830090.125000
10750   -1830090.750000
10751   -1830091.375000
10752   -1830092.625000
10753   -1830093.250000
10754   -1830093.750000
10755   -1830094.625000
10756   -1830095.500000
10757   -1830096.250000
10758   -1830097.000000
10759   -1830097.875000
10760   -1830098.625000
10761   -1830099.500000
10762   -1830100.125000
10763   -1830101.000000
10764   -1830102.000000
10765   -1830102.625000
10766   -1830103.250000
10767   -1830104.250000
10768   -1830105.000000
10769   -1830106.000000
10770   -1830106.750000
10771   -1830107.250000
10772   -1830108.250000
10773   -1830108.875000
10774   -1830110.000000
10775   -1830110.750000
10776   -1830111.125000
10777   -1830112.000000
10778   -1830112.875000
10779   -1830113.500000
10780   -1830114.250000
10781   -1830115.125000
10782   -1830115.875000
10783   -1830116.500000
10784   -1830117.375000
10785   -1830118.125000
10786   -1830119.000000
10787   -1830119.625000
10788   -1830120.500000
10789   -1830121.250000
10790   -1830122.125000
10791   -1830122.750000
10792   -1830123.500000
10793   -1830124.125000
10794   -1830124.875000
10795   -1830125.625000
10796   -1830126.500000
10797   -1830127.250000
10798   -1830128.125000
10799   -1830128.750000
10800   -1830129.500000
10801   -1830130.250000
10802   -1830131.000000
10803   -1830131.875000
10804   -1830132.500000
10805   -1830133.250000
10806   -1830133.750000
10807   -1830134.750000
10808   -1830135.500000
10809   -1830136.000000
10810   -1830137.000000
10811   -1830137.625000
10812   -1830138.500000
10813   -1830139.125000
10814   -1830140.000000
10815   -1830140.500000
10816   -1830141.250000
10817   -1830142.000000
10818   -1830142.625000
10819   -1830143.250000
10820   -1830144.125000
10821   -1830144.875000
10822   -1830145.625000
10823   -1830146.625000
10824   -1830147.000000
10825   -1830147.750000
10826   -1830148.500000
10827   -1830149.000000
10828   -1830149.875000
10829   -1830150.500000
10830   -1830151.250000
10831   -1830152.000000
10832   -1830152.750000
10833   -1830153.500000
10834   -1830154.250000
10835   -1830154.750000
10836   -1830155.750000
10837   -1830156.500000
10838   -1830156.875000
10839   -1830157.250000
10840   -1830158.250000
10841   -1830159.000000
10842   -1830159.750000
10843   -1830160.250000
10844   -1830161.000000
10845   -1830161.750000
10846   -1830162.375000
10847   -1830163.000000
10848   -1830163.500000
10849   -1830164.250000
10850   -1830165.000000
10851   -1830165.750000
10852   -1830166.250000
10853   -1830167.125000
10854   -1830167.750000
10855   -1830168.500000
10856   -1830169.000000
10857   -1830169.750000
10858   -1830170.250000
10859   -1830171.250000
10860   -1830171.750000
10861   -1830172.375000
10862   -1830173.125000
10863   -1830174.000000
10864   -1830174.375000
10865   -1830175.250000
10866   -1830175.750000
10867   -1830176.750000
10868   -1830177.250000
10869   -1830177.750000
10870   -1830178.500000
10871   -1830179.000000
10872   -1830179.750000
10873   -1830180.500000
10874   -1830181.375000
10875   -1830181.750000
10876   -1830182.625000
10877   -1830183.250000
10878   -1830184.000000
10879   -1830184.750000
10880   -1830185.250000
10881   -1830185.750000
10882   -1830186.625000
10883   -1830187.250000
10884   -1830188.000000
10885   -1830188.750000
10886   -1830189.375000
10887   -1830190.250000
10888   -1830190.750000
10889   -1830191.500000
10890   -1830192.000000
10891   -1830193.000000
10892   -1830193.750000
10893   -1830194.250000
10894   -1830195.000000
10895   -1830195.500000
10896   -1830196.375000
10897   -1830197.250000
10898   -1830197.875000
10899   -1830198.500000
10900   -1830199.250000
10901   -1830200.000000
10902   -1830200.500000
10903   -1830201.250000
10904   -1830201.875000
10905   -1830202.500000
10906   -1830203.500000
10907   -1830204.250000
10908   -1830204.875000
10909   -1830205.500000
10910   -1830206.500000
10911   -1830207.000000
10912   -1830207.750000
10913   -1830208.500000
10914   -1830209.375000
10915   -1830210.000000
10916   -1830210.875000
10917   -1830211.500000
10918   -1830212.250000
10919   -1830213.000000
10920   -1830213.750000
10921   -1830214.375000
10922   -1830215.000000
10923   -1830215.750000
10924   -1830216.750000
10925   -1830217.375000
10926   -1830218.250000
10927   -1830219.250000
10928   -1830219.750000
10929   -1830220.500000
10930   -1830221.250000
10931   -1830222.000000
10932   -1830222.875000
10933   -1830223.750000
10934   -1830224.125000
10935   -1830225.000000
10936   -1830225.750000
10937   -1830226.750000
10938   -1830227.500000
10939   -1830228.250000
10940   -1830229.000000
10941   -1830229.875000
10942   -1830230.750000
10943   -1830231.250000
10944   -1830232.125000
10945   -1830232.875000
10946   -1830233.500000
10947   -1830234.375000
10948   -1830235.250000
10949   -1830236.000000
10950   -1830236.750000
10951   -1830237.625000
10952   -1830238.500000
10953   -1830239.250000
10954   -1830240.000000
10955   -1830240.750000
10956   -1830241.250000
10957   -1830242.500000
10958   -1830243.250000
10959   -1830243.875000
10960   -1830244.750000
10961   -1830245.625000
10962   -1830246.250000
10963   -1830247.125000
10964   -1830247.750000
10965   -1830248.750000
10966   -1830249.625000
10967   -1830250.375000
10968   -1830251.250000
10969   -1830252.000000
10970   -1830252.750000
10971   -1830253.250000
10972   -1830254.250000
10973   -1830255.000000
10974   -1830256.000000
10975   -1830256.875000
10976   -1830257.750000
10977   -1830258.500000
10978   -1830259.000000
10979   -1830260.000000
10980   -1830260.750000
10981   -1830261.500000
10982   -1830262.625000
10983   -1830263.500000
10984   -1830264.250000
10985   -1830265.000000
10986   -1830265.750000
10987   -1830266.625000
10988   -1830267.500000
10989   -1830268.250000
10990   -1830269.375000
10991   -1830270.000000
10992   -1830270.750000
10993   -1830271.500000
10994   -1830272.500000
10995   -1830273.375000
10996   -1830274.250000
10997   -1830275.000000
10998   -1830276.000000
10999   -1830276.750000
11000   -1830277.375000
11001   -1830278.250000
11002   -1830279.000000
11003   -1830279.750000
11004   -1830280.750000
11005   -1830281.625000
11006   -1830282.500000
11007   -1830283.250000
11008   -1830284.000000
11009   -1830284.875000
11010   -1830285.750000
11011   -1830286.750000
11012   -1830287.750000
11013   -1830288.500000
11014   -1830289.500000
11015   -1830290.000000
11016   -1830291.125000
11017   -1830291.750000
11018   -1830292.625000
11019   -1830293.500000
11020   -1830294.375000
11021   -1830295.125000
11022   -1830296.250000
11023   -1830297.000000
11024   -1830297.750000
11025   -1830298.375000
11026   -1830299.500000
11027   -1830300.250000
11028   -1830301.000000
11029   -1830302.000000
11030   -1830303.000000
11031   -1830303.750000
11032   -1830304.500000
11033   -1830305.625000
11034   -1830306.500000
11035   -1830307.250000
11036   -1830308.000000
11037   -1830308.875000
11038   -1830309.750000
11039   -1830310.500000
11040   -1830311.375000
11041   -1830312.375000
11042   -1830313.250000
11043   -1830314.000000
11044   -1830314.750000
11045   -1830315.875000
11046   -1830316.625000
11047   -1830317.500000
11048   -1830318.250000
11049   -1830319.125000
11050   -1830320.250000
11051   -1830320.875000
11052   -1830322.000000
11053   -1830322.750000
11054   -1830323.750000
11055   -1830324.250000
11056   -1830325.250000
11057   -1830326.250000
11058   -1830327.000000
11059   -1830327.875000
11060   -1830328.750000
11061   -1830329.625000
11062   -1830330.375000
11063   -1830331.250000
11064   -1830332.250000
11065   -1830333.000000
11066   -1830333.875000
11067   -1830334.750000
11068   -1830335.500000
11069   -1830336.375000
11070   -1830337.500000
11071   -1830338.125000
11072   -1830339.000000
11073   -1830340.250000
11074   -1830340.750000
11075   -1830341.500000
11076   -1830342.500000
11077   -1830343.500000
11078   -1830344.000000
11079   -1830345.000000
11080   -1830345.750000
11081   -1830346.750000
11082   -1830347.625000
11083   -1830348.375000
11084   -1830349.500000
11085   -1830350.250000
11086   -1830351.250000
11087   -1830352.125000
11088   -1830352.875000
11089   -1830353.875000
11090   -1830354.500000
11091   -1830355.375000
11092   -1830356.375000
11093   -1830357.000000
11094   -1830357.875000
11095   -1830359.000000
11096   -1830359.750000
11097   -1830360.500000
11098   -1830361.500000
11099   -1830362.000000
11100   -1830363.250000
11101   -1830363.875000
11102   -1830364.875000
11103   -1830365.625000
11104   -1830366.500000
11105   -1830367.250000
11106   -1830368.375000
11107   -1830369.000000
11108   -1830369.875000
11109   -1830370.750000
11110   -1830371.750000
11111   -1830372.500000
11112   -1830373.375000
11113   -1830374.125000
11114   -1830375.000000
11115   -1830375.875000
11116   -1830376.500000
11117   -1830377.500000
11118   -1830378.250000
11119   -1830379.250000
11120   -1830380.000000
11121   -1830380.750000
11122   -1830381.500000
11123   -1830382.500000
11124   -1830383.500000
11125   -1830384.000000
11126   -1830385.000000
11127   -1830385.750000
11128   -1830386.750000
11129   -1830387.625000
11130   -1830388.500000
11131   -1830389.000000
11132   -1830389.625000
11133   -1830390.750000
11134   -1830391.500000
11135   -1830392.250000
11136   -1830393.250000
11137   -1830393.875000
11138   -1830394.500000
11139   -1830395.500000
11140   -1830396.250000
11141   -1830397.000000
11142   -1830398.125000
11143   -1830398.750000
11144   -1830399.500000
11145   -1830400.375000
11146   -1830401.250000
11147   -1830402.000000
11148   -1830402.750000
11149   -1830403.500000
11150   -1830404.500000
11151   -1830405.000000
11152   -1830406.000000
11153   -1830406.750000
11154   -1830407.375000
11155   -1830408.250000
11156   -1830409.125000
11157   -1830410.000000
11158   -1830410.750000
11159   -1830411.500000
11160   -1830412.250000
11161   -1830413.250000
11162   -1830413.750000
11163   -1830414.750000
11164   -1830415.250000
11165   -1830416.250000
11166   -1830416.750000
11167   -1830417.750000
11168   -1830418.375000
11169   -1830419.500000
11170   -1830420.250000
11171   -1830421.000000
11172   -1830421.625000
11173   -1830422.500000
11174   -1830423.250000
11175   -1830424.250000
11176   -1830425.125000
11177   -1830425.750000
11178   -1830426.500000
11179   -1830427.250000
11180   -1830428.000000
11181   -1830428.500000
11182   -1830429.375000
11183   -1830430.250000
11184   -1830431.000000
11185   -1830432.000000
11186   -1830432.375000
11187   -1830433.375000
11188   -1830434.000000
11189   -1830434.750000
11190   -1830435.500000
11191   -1830436.125000
11192   -1830437.000000
11193   -1830437.750000
11194   -1830438.250000
11195   -1830439.000000
11196   -1830439.875000
11197   -1830440.500000
11198   -1830441.250000
11199   -1830442.000000
11200   -1830442.750000
11201   -1830443.500000
11202   -1830444.000000
11203   -1830444.750000
11204   -1830445.500000
11205   -1830446.250000
11206   -1830446.750000
11207   -1830447.750000
11208   -1830448.250000
11209   -1830449.000000
11210   -1830449.750000
11211   -1830450.250000
11212   -1830451.125000
11213   -1830451.625000
11214   -1830452.750000
11215   -1830453.250000
11216   -1830453.750000
11217   -1830454.625000
11218   -1830455.250000
11219   -1830455.875000
11220   -1830456.625000
11221   -1830457.250000
11222   -1830458.000000
11223   -1830458.625000
11224   -1830459.250000
11225   -1830460.000000
11226   -1830460.625000
11227   -1830461.500000
11228   -1830462.000000
11229   -1830462.500000
11230   -1830463.250000
11231   -1830464.000000
11232   -1830464.500000
11233   -1830465.250000
11234   -1830465.625000
11235   -1830466.500000
11236   -1830467.125000
11237   -1830467.500000
11238   -1830468.375000
11239   -1830469.250000
11240   -1830469.500000
11241   -1830470.250000
11242   -1830471.000000
11243   -1830471.750000
11244   -1830472.250000
11245   -1830473.000000
11246   -1830473.500000
11247   -1830474.125000
11248   -1830475.000000
11249   -1830475.500000
11250   -1830476.000000
11251   -1830476.625000
11252   -1830477.000000
11253   -1830478.000000
11254   -1830478.250000
11255   -1830479.125000
11256   -1830479.500000
11257   -1830480.375000
11258   -1830480.750000
11259   -1830481.500000
11260   -1830482.000000
11261   -1830482.750000
11262   -1830483.250000
11263   -1830483.875000
11264   -1830484.250000
11265   -1830485.000000
11266   -1830485.500000
11267   -1830486.250000
11268   -1830487.000000
11269   -1830487.125000
11270   -1830487.875000
11271   -1830488.500000
11272   -1830488.875000
11273   -1830489.875000
11274   -1830490.625000
11275   -1830491.000000
11276   -1830491.500000
11277   -1830492.000000
11278   -1830492.500000
11279   -1830493.125000
11280   -1830493.750000
11281   -1830494.250000
11282   -1830494.750000
11283   -1830495.375000
11284   -1830496.000000
11285   -1830496.750000
11286   -1830497.375000
11287   -1830497.750000
11288   -1830498.125000
11289   -1830498.625000
11290   -1830499.250000
11291   -1830499.750000
11292   -1830500.500000
11293   -1830501.000000
11294   -1830501.500000
11295   -1830502.125000
11296   -1830502.750000
11297   -1830503.375000
11298   -1830503.750000
11299   -1830504.375000
11300   -1830505.000000
11301   -1830505.375000
11302   -1830506.000000
11303   -1830506.500000
11304   -1830507.125000
11305   -1830507.500000
11306   -1830508.000000
11307   -1830508.500000
11308   -1830509.250000
11309   -1830509.750000
11310   -1830510.125000
11311   -1830510.750000
11312   -1830511.000000
11313   -1830511.750000
11314   -1830512.250000
11315   -1830512.625000
11316   -1830513.375000
11317   -1830513.875000
11318   -1830514.375000
11319   -1830515.250000
11320   -1830515.500000
11321   -1830516.250000
11322   -1830516.500000
11323   -1830517.250000
11324   -1830517.750000
11325   -1830518.375000
11326   -1830518.875000
11327   -1830519.375000
11328   -1830520.000000
11329   -1830520.500000
11330   -1830520.750000
11331   -1830521.250000
11332   -1830521.750000
11333   -1830522.250000
11334   -1830523.000000
11335   -1830523.375000
11336   -1830523.875000
11337   -1830524.625000
11338   -1830525.125000
11339   -1830525.500000
11340   -1830526.000000
11341   -1830526.750000
11342   -1830527.250000
11343   -1830527.750000
11344   -1830528.250000
11345   -1830528.750000
11346   -1830529.250000
11347   -1830529.875000
11348   -1830530.250000
11349   -1830530.750000
11350   -1830531.375000
11351   -1830532.000000
11352   -1830532.250000
11353   -1830532.875000
11354   -1830533.375000
11355   -1830533.750000
11356   -1830534.125000
11357   -1830534.750000
11358   -1830535.500000
11359   -1830536.000000
11360   -1830536.250000
11361   -1830536.750000
11362   -1830537.250000
11363   -1830538.000000
11364   -1830538.500000
11365   -1830539.000000
11366   -1830539.500000
11367   -1830540.000000
11368   -1830540.375000
11369   -1830541.250000
11370   -1830541.375000
11371   -1830541.875000
11372   -1830542.625000
11373   -1830542.750000
11374   -1830543.625000
11375   -1830544.000000
11376   -1830544.500000
11377   -1830545.250000
11378   -1830545.750000
11379   -1830545.875000
11380   -1830546.625000
11381   -1830547.000000
11382   -1830547.500000
11383   -1830548.000000
11384   -1830548.500000
11385   -1830548.875000
11386   -1830549.750000
11387   -1830550.000000
11388   -1830550.750000
11389   -1830551.250000
11390   -1830551.500000
11391   -1830551.875000
11392   -1830552.500000
11393   -1830553.250000
11394   -1830553.500000
11395   -1830554.125000
11396   -1830554.750000
11397   -1830555.125000
11398   -1830555.750000
11399   -1830556.250000
11400   -1830556.500000
11401   -1830557.125000
11402   -1830557.750000
11403   -1830558.125000
11404   -1830559.000000
11405   -1830559.250000
11406   -1830559.750000
11407   -1830560.250000
11408   -1830560.625000
11409   -1830561.125000
11410   -1830561.500000
11411   -1830562.125000
11412   -1830562.625000
11413   -1830563.000000
11414   -1830563.625000
11415   -1830564.000000
11416   -1830564.500000
11417   -1830564.750000
11418   -1830565.500000
11419   -1830566.000000
11420   -1830566.500000
11421   -1830567.000000
11422   -1830567.500000
11423   -1830568.000000
11424   -1830568.500000
11425   -1830569.000000
11426   -1830569.250000
11427   -1830569.875000
11428   -1830570.250000
11429   -1830570.875000
11430   -1830571.250000
11431   -1830571.750000
11432   -1830572.250000
11433   -1830572.625000
11434   -1830573.000000
11435   -1830573.625000
11436   -1830574.250000
11437   -1830574.625000
11438   -1830575.000000
11439   -1830575.375000
11440   -1830576.000000
11441   -1830576.500000
11442   -1830577.000000
11443   -1830577.250000
11444   -1830577.750000
11445   -1830578.500000
11446   -1830578.750000
11447   -1830579.250000
11448   -1830579.625000
11449   -1830580.250000
11450   -1830580.625000
11451   -1830581.250000
11452   -1830581.500000
11453   -1830582.000000
11454   -1830582.250000
11455   -1830583.000000
11456   -1830583.375000
11457   -1830583.875000
11458   -1830584.125000
11459   -1830584.750000
11460   -1830585.125000
11461   -1830585.500000
11462   -1830585.750000
11463   -1830586.250000
11464   -1830586.750000
11465   -1830587.500000
11466   -1830587.500000
11467   -1830588.250000
11468   -1830588.625000
11469   -1830589.000000
11470   -1830589.375000
11471   -1830590.000000
11472   -1830590.375000
11473   -1830590.750000
11474   -1830591.250000
11475   -1830591.750000
11476   -1830592.125000
11477   -1830592.500000
11478   -1830593.125000
11479   -1830593.500000
11480   -1830593.750000
11481   -1830594.250000
11482   -1830594.500000
11483   -1830595.250000
11484   -1830595.750000
11485   -1830596.125000
11486   -1830596.500000
11487   -1830597.000000
11488   -1830597.375000
11489   -1830597.500000
11490   -1830598.125000
11491   -1830598.500000
11492   -1830599.000000
11493   -1830599.500000
11494   -1830600.000000
11495   -1830600.250000
11496   -1830600.750000
11497   -1830601.250000
11498   -1830601.500000
11499   -1830602.250000
11500   -1830602.500000
11501   -1830603.000000
11502   -1830603.500000
11503   -1830603.750000
11504   -1830604.125000
11505   -1830604.625000
11506   -1830605.125000
11507   -1830605.500000
11508   -1830605.875000
11509   -1830606.375000
11510   -1830606.750000
11511   -1830607.250000
11512   -1830607.750000
11513   -1830608.125000
11514   -1830608.625000
11515   -1830609.000000
11516   -1830609.250000
11517   -1830609.750000
11518   -1830610.250000
11519   -1830610.500000
11520   -1830611.000000
11521   -1830611.375000
11522   -1830612.000000
11523   -1830612.250000
11524   -1830612.625000
11525   -1830613.000000
11526   -1830613.500000
11527   -1830614.000000
11528   -1830614.250000
11529   -1830614.750000
11530   -1830615.250000
11531   -1830615.625000
11532   -1830616.000000
11533   -1830616.375000
11534   -1830616.750000
11535   -1830617.500000
11536   -1830617.750000
11537   -1830618.250000
11538   -1830618.625000
11539   -1830619.000000
11540   -1830619.500000
11541   -1830619.750000
11542   -1830620.500000
11543   -1830620.750000
11544   -1830621.000000
11545   -1830621.500000
11546   -1830622.000000
11547   -1830622.250000
11548   -1830623.000000
11549   -1830623.375000
11550   -1830623.750000
11551   -1830624.125000
11552   -1830624.625000
11553   -1830624.750000
11554   -1830625.375000
11555   -1830625.875000
11556   -1830626.000000
11557   -1830626.750000
11558   -1830627.000000
11559   -1830627.500000
11560   -1830628.000000
11561   -1830628.500000
11562   -1830628.750000
11563   -1830629.250000
11564   -1830629.625000
11565   -1830630.000000
11566   -1830630.375000
11567   -1830630.750000
11568   -1830631.250000
11569   -1830631.750000
11570   -1830632.000000
11571   -1830632.375000
11572   -1830633.000000
11573   -1830633.375000
11574   -1830633.750000
11575   -1830634.125000
11576   -1830635.000000
11577   -1830635.250000
11578   -1830635.500000
11579   -1830635.750000
11580   -1830636.500000
11581   -1830636.750000
11582   -1830637.250000
11583   -1830637.750000
11584   -1830638.250000
11585   -1830638.500000
11586   -1830638.875000
11587   -1830639.500000
11588   -1830640.000000
11589   -1830640.250000
11590   -1830640.750000
11591   -1830641.125000
11592   -1830641.750000
11593   -1830642.250000
11594   -1830642.500000
11595   -1830642.875000
11596   -1830643.500000
11597   -1830644.000000
11598   -1830644.250000
11599   -1830644.500000
11600   -1830645.250000
11601   -1830645.750000
11602   -1830646.125000
11603   -1830646.750000
11604   -1830647.000000
11605   -1830647.625000
11606   -1830647.875000
11607   -1830648.375000
11608   -1830649.000000
11609   -1830649.375000
11610   -1830649.875000
11611   -1830650.375000
11612   -1830650.750000
11613   -1830651.125000
11614   -1830651.500000
11615   -1830652.250000
11616   -1830652.625000
11617   -1830653.000000
11618   -1830653.625000
11619   -1830654.000000
11620   -1830654.500000
11621   -1830655.000000
11622   -1830655.250000
11623   -1830655.875000
11624   -1830656.375000
11625   -1830656.750000
11626   -1830657.250000
11627   -1830658.000000
11628   -1830658.250000
11629   -1830658.625000
11630   -1830659.250000
11631   -1830659.750000
11632   -1830660.125000
11633   -1830660.750000
11634   -1830661.250000
11635   -1830661.750000
11636   -1830662.125000
11637   -1830662.750000
11638   -1830663.125000
11639   -1830663.750000
11640   -1830664.250000
11641   -1830664.750000
11642   -1830665.250000
11643   -1830665.750000
11644   -1830666.250000
11645   -1830666.750000
11646   -1830667.375000
11647   -1830667.750000
11648   -1830668.250000
11649   -1830668.750000
11650   -1830669.500000
11651   -1830670.000000
11652   -1830670.500000
11653   -1830671.000000
11654   -1830671.750000
11655   -1830672.250000
11656   -1830672.625000
11657   -1830673.250000
11658   -1830673.750000
11659   -1830674.500000
11660   -1830675.000000
11661   -1830675.625000
11662   -1830676.000000
11663   -1830676.500000
11664   -1830677.125000
11665   -1830677.750000
11666   -1830678.375000
11667   -1830679.000000
11668   -1830679.375000
11669   -1830680.000000
11670   -1830680.750000
11671   -1830681.250000
11672   -1830682.000000
11673   -1830682.500000
11674   -1830683.000000
11675   -1830683.750000
11676   -1830684.500000
11677   -1830685.000000
11678   -1830685.500000
11679   -1830686.250000
11680   -1830686.875000
11681   -1830687.500000
11682   -1830688.000000
11683   -1830688.750000
11684   -1830689.500000
11685   -1830690.000000
11686   -1830690.625000
11687   -1830691.250000
11688   -1830692.000000
11689   -1830692.500000
11690   -1830693.250000
11691   -1830694.125000
11692   -1830694.750000
11693   -1830695.250000
11694   -1830696.000000
11695   -1830696.500000
11696   -1830697.250000
11697   -1830698.000000
11698   -1830698.625000
11699   -1830699.250000
11700   -1830700.125000
11701   -1830700.750000
11702   -1830701.250000
11703   -1830702.125000
11704   -1830702.750000
11705   -1830703.375000
11706   -1830704.125000
11707   -1830705.000000
11708   -1830705.500000
11709   -1830706.375000
11710   -1830707.000000
11711   -1830707.875000
11712   -1830708.500000
11713   -1830709.000000
11714   -1830709.750000
11715   -1830710.625000
11716   -1830711.250000
11717   -1830712.125000
11718   -1830712.750000
11719   -1830713.500000
11720   -1830714.125000
11721   -1830714.875000
11722   -1830715.875000
11723   -1830716.625000
11724   -1830717.375000
11725   -1830718.000000
11726   -1830718.875000
11727   -1830719.750000
11728   -1830720.375000
11729   -1830721.250000
11730   -1830721.875000
11731   -1830722.750000
11732   -1830723.500000
11733   -1830724.375000
11734   -1830725.000000
11735   -1830726.000000
11736   -1830726.500000
11737   -1830727.500000
11738   -1830728.125000
11739   -1830728.875000
11740   -1830729.750000
11741   -1830730.750000
11742   -1830731.250000
11743   -1830732.000000
11744   -1830733.000000
11745   -1830733.875000
11746   -1830734.750000
11747   -1830735.500000
11748   -1830736.250000
11749   -1830737.125000
11750   -1830738.000000
11751   -1830738.875000
11752   -1830739.625000
11753   -1830740.375000
11754   -1830741.375000
11755   -1830742.250000
11756   -1830743.000000
11757   -1830743.750000
11758   -1830744.625000
11759   -1830745.500000
11760   -1830746.250000
11761   -1830747.375000
11762   -1830748.000000
11763   -1830749.000000
11764   -1830749.875000
11765   -1830750.625000
11766   -1830751.500000
11767   -1830752.250000
11768   -1830753.250000
11769   -1830754.125000
11770   -1830755.000000
11771   -1830755.750000
11772   -1830756.750000
11773   -1830757.500000
11774   -1830758.500000
11775   -1830759.500000
11776   -1830760.250000
11777   -1830761.000000
11778   -1830762.000000
11779   -1830762.750000
11780   -1830763.750000
11781   -1830764.750000
11782   -1830765.625000
11783   -1830766.500000
11784   -1830767.250000
11785   -1830768.250000
11786   -1830769.125000
11787   -1830769.875000
11788   -1830770.750000
11789   -1830771.625000
11790   -1830772.500000
11791   -1830773.500000
11792   -1830774.375000
11793   -1830775.375000
11794   -1830776.250000
11795   -1830776.875000
11796   -1830778.000000
11797   -1830779.000000
11798   -1830780.000000
11799   -1830780.750000
11800   -1830781.500000
11801   -1830782.750000
11802   -1830783.375000
11803   -1830784.500000
11804   -1830785.500000
11805   -1830786.250000
11806   -1830787.250000
11807   -1830788.125000
11808   -1830789.125000
11809   -1830790.000000
11810   -1830790.750000
11811   -1830791.875000
11812   -1830792.750000
11813   -1830793.750000
11814   -1830794.750000
11815   -1830795.625000
11816   -1830796.750000
11817   -1830797.750000
11818   -1830798.750000
11819   -1830799.625000
11820   -1830800.625000
11821   -1830801.500000
11822   -1830802.250000
11823   -1830803.500000
11824   -1830804.250000
11825   -1830805.375000
11826   -1830806.250000
11827   -1830807.125000
11828   -1830808.000000
11829   -1830809.000000
11830   -1830809.875000
11831   -1830811.125000
11832   -1830812.125000
11833   -1830813.000000
11834   -1830813.875000
11835   -1830814.750000
11836   -1830815.750000
11837   -1830816.875000
11838   -1830817.750000
11839   -1830818.750000
11840   -1830819.750000
11841   -1830820.625000
11842   -1830821.750000
11843   -1830822.750000
11844   -1830823.500000
11845   -1830824.500000
11846   -1830825.500000
11847   -1830826.500000
11848   -1830827.625000
11849   -1830828.375000
11850   -1830829.375000
11851   -1830830.500000
11852   -1830831.500000
11853   -1830832.500000
11854   -1830833.375000
11855   -1830834.500000
11856   -1830835.500000
11857   -1830836.125000
11858   -1830837.375000
11859   -1830838.250000
11860   -1830839.250000
11861   -1830840.375000
11862   -1830841.000000
11863   -1830842.125000
11864   -1830843.250000
11865   -1830844.250000
11866   -1830845.125000
11867   -1830846.000000
11868   -1830847.125000
11869   -1830848.000000
11870   -1830848.875000
11871   -1830849.750000
11872   -1830850.750000
11873   -1830852.000000
11874   -1830853.000000
11875   -1830853.750000
11876   -1830855.000000
11877   -1830855.750000
11878   -1830856.750000
11879   -1830857.750000
11880   -1830858.625000
11881   -1830859.750000
11882   -1830860.625000
11883   -1830861.500000
11884   -1830862.500000
11885   -1830863.500000
11886   -1830864.625000
11887   -1830865.625000
11888   -1830866.500000
11889   -1830867.500000
11890   -1830868.500000
11891   -1830869.375000
11892   -1830870.375000
11893   -1830871.250000
11894   -1830872.250000
11895   -1830873.250000
11896   -1830874.125000
11897   -1830875.125000
11898   -1830876.000000
11899   -1830876.875000
11900   -1830878.000000
11901   -1830878.750000
11902   -1830879.750000
11903   -1830880.750000
11904   -1830881.500000
11905   -1830882.625000
11906   -1830883.500000
11907   -1830884.500000
11908   -1830885.250000
11909   -1830886.375000
11910   -1830887.250000
11911   -1830888.000000
11912   -1830889.125000
11913   -1830890.000000
11914   -1830891.000000
11915   -1830891.750000
11916   -1830892.750000
11917   -1830893.500000
11918   -1830894.625000
11919   -1830895.500000
11920   -1830896.500000
11921   -1830897.500000
11922   -1830898.250000
11923   -1830899.250000
11924   -1830900.125000
11925   -1830901.125000
11926   -1830902.000000
11927   -1830902.750000
11928   -1830903.750000
11929   -1830904.500000
11930   -1830905.625000
11931   -1830906.500000
11932   -1830907.500000
11933   -1830908.250000
11934   -1830909.125000
11935   -1830910.125000
11936   -1830911.125000
11937   -1830912.000000
11938   -1830912.750000
11939   -1830913.750000
11940   -1830914.750000
11941   -1830915.625000
11942   -1830916.500000
11943   -1830917.375000
11944   -1830918.375000
11945   -1830919.250000
11946   -1830920.250000
11947   -1830921.125000
11948   -1830922.000000
11949   -1830922.875000
11950   -1830924.000000
11951   -1830924.750000
11952   -1830925.750000
11953   -1830926.750000
11954   -1830927.500000
11955   -1830928.500000
11956   -1830929.250000
11957   -1830930.500000
11958   -1830931.250000
11959   -1830932.125000
11960   -1830933.250000
11961   -1830934.000000
11962   -1830934.875000
11963   -1830935.750000
11964   -1830936.750000
11965   -1830937.625000
11966   -1830938.750000
11967   -1830939.500000
11968   -1830940.625000
11969   -1830941.250000
11970   -1830942.250000
11971   -1830943.125000
11972   -1830944.250000
11973   -1830945.000000
11974   -1830945.875000
11975   -1830947.000000
11976   -1830948.000000
11977   -1830948.750000
11978   -1830949.750000
11979   -1830950.500000
11980   -1830951.750000
11981   -1830952.375000
11982   -1830953.500000
11983   -1830954.250000
11984   -1830955.250000
11985   -1830956.250000
11986   -1830957.000000
11987   -1830958.000000
11988   -1830959.000000
11989   -1830959.750000
11990   -1830960.750000
11991   -1830961.625000
11992   -1830962.625000
11993   -1830963.625000
11994   -1830964.375000
11995   -1830965.375000
11996   -1830966.250000
11997   -1830967.250000
11998   -1830968.000000
11999   -1830969.000000
12000   -1830969.875000
12001   -1830971.000000
12002   -1830971.625000
12003   -1830972.750000
12004   -1830973.500000
12005   -1830974.500000
12006   -1830975.250000
12007   -1830976.125000
12008   -1830977.250000
12009   -1830978.000000
12010   -1830979.000000
12011   -1830980.000000
12012   -1830980.875000
12013   -1830981.750000
12014   -1830982.375000
12015   -1830983.500000
12016   -1830984.125000
12017   -1830985.125000
12018   -1830985.750000
12019   -1830986.750000
12020   -1830987.500000
12021   -1830988.625000
12022   -1830989.500000
12023   -1830990.375000
12024   -1830991.125000
12025   -1830992.250000
12026   -1830992.875000
12027   -1830993.750000
12028   -1830994.750000
12029   -1830995.500000
12030   -1830996.250000
12031   -1830997.125000
12032   -1830997.875000
12033   -1830998.750000
12034   -1830999.750000
12035   -1831000.500000
12036   -1831001.500000
12037   -1831002.125000
12038   -1831003.250000
12039   -1831003.875000
12040   -1831004.750000
12041   -1831005.625000
12042   -1831006.375000
12043   -1831007.125000
12044   -1831007.875000
12045   -1831008.875000
12046   -1831009.500000
12047   -1831010.500000
12048   -1831011.250000
12049   -1831012.125000
12050   -1831013.000000
12051   -1831014.000000
12052   -1831014.625000
12053   -1831015.500000
12054   -1831016.250000
12055   -1831017.125000
12056   -1831017.750000
12057   -1831018.500000
12058   -1831019.500000
12059   -1831020.125000
12060   -1831021.000000
12061   -1831021.625000
12062   -1831022.500000
12063   -1831023.250000
12064   -1831024.000000
12065   -1831025.000000
12066   -1831025.875000
12067   -1831026.250000
12068   -1831027.250000
12069   -1831028.000000
12070   -1831028.875000
12071   -1831029.500000
12072   -1831030.375000
12073   -1831031.000000
12074   -1831031.875000
12075   -1831032.500000
12076   -1831033.125000
12077   -1831034.000000
12078   -1831034.750000
12079   -1831035.750000
12080   -1831036.250000
12081   -1831037.000000
12082   -1831037.750000
12083   -1831038.500000
12084   -1831039.250000
12085   -1831039.875000
12086   -1831040.750000
12087   -1831041.500000
12088   -1831042.250000
12089   -1831043.000000
12090   -1831043.500000
12091   -1831044.250000
12092   -1831045.125000
12093   -1831045.625000
12094   -1831046.750000
12095   -1831047.250000
12096   -1831048.000000
12097   -1831048.750000
12098   -1831049.250000
12099   -1831050.000000
12100   -1831050.750000
12101   -1831051.250000
12102   -1831052.125000
12103   -1831052.750000
12104   -1831053.500000
12105   -1831054.250000
12106   -1831055.125000
12107   -1831055.500000
12108   -1831056.375000
12109   -1831056.875000
12110   -1831057.750000
12111   -1831058.500000
12112   -1831058.750000
12113   -1831059.625000
12114   -1831060.250000
12115   -1831061.000000
12116   -1831061.750000
12117   -1831062.250000
12118   -1831063.125000
12119   -1831063.875000
12120   -1831064.500000
12121   -1831065.125000
12122   -1831065.500000
12123   -1831066.375000
12124   -1831067.000000
12125   -1831067.875000
12126   -1831068.375000
12127   -1831069.000000
12128   -1831069.750000
12129   -1831070.250000
12130   -1831071.000000
12131   -1831071.500000
12132   -1831072.250000
12133   -1831073.125000
12134   -1831073.750000
12135   -1831074.250000
12136   -1831075.250000
12137   -1831075.750000
12138   -1831076.250000
12139   -1831077.000000
12140   -1831077.625000
12141   -1831078.125000
12142   -1831079.000000
12143   -1831079.875000
12144   -1831080.375000
12145   -1831081.000000
12146   -1831081.750000
12147   -1831082.250000
12148   -1831083.000000
12149   -1831083.625000
12150   -1831084.250000
12151   -1831084.750000
12152   -1831085.625000
12153   -1831086.125000
12154   -1831086.750000
12155   -1831087.750000
12156   -1831088.250000
12157   -1831088.625000
12158   -1831089.625000
12159   -1831090.250000
12160   -1831091.000000
12161   -1831091.625000
12162   -1831092.000000
12163   -1831092.750000
12164   -1831093.375000
12165   -1831094.250000
12166   -1831094.750000
12167   -1831095.750000
12168   -1831096.000000
12169   -1831096.750000
12170   -1831097.250000
12171   -1831098.000000
12172   -1831098.500000
12173   -1831099.250000
12174   -1831100.125000
12175   -1831100.750000
12176   -1831101.375000
12177   -1831102.000000
12178   -1831102.500000
12179   -1831103.375000
12180   -1831103.875000
12181   -1831104.500000
12182   -1831105.125000
12183   -1831106.000000
12184   -1831106.375000
12185   -1831107.125000
12186   -1831107.750000
12187   -1831108.500000
12188   -1831109.000000
12189   -1831109.750000
12190   -1831110.250000
12191   -1831111.000000
12192   -1831111.500000
12193   -1831112.125000
12194   -1831113.000000
12195   -1831113.750000
12196   -1831114.000000
12197   -1831114.750000
12198   -1831115.500000
12199   -1831116.250000
12200   -1831116.750000
12201   -1831117.500000
12202   -1831118.000000
12203   -1831118.625000
12204   -1831119.250000
12205   -1831119.875000
12206   -1831120.500000
12207   -1831121.125000
12208   -1831121.750000
12209   -1831122.500000
12210   -1831123.125000
12211   -1831123.625000
12212   -1831124.250000
12213   -1831125.000000
12214   -1831125.500000
12215   -1831126.500000
12216   -1831127.000000
12217   -1831127.500000
12218   -1831128.125000
12219   -1831128.750000
12220   -1831129.500000
12221   -1831130.000000
12222   -1831130.750000
12223   -1831131.500000
12224   -1831132.000000
12225   -1831132.500000
12226   -1831133.250000
12227   -1831133.750000
12228   -1831134.500000
12229   -1831135.125000
12230   -1831135.750000
12231   -1831136.250000
12232   -1831137.000000
12233   -1831137.500000
12234   -1831138.000000
12235   -1831138.750000
12236   -1831139.250000
12237   -1831140.000000
12238   -1831140.500000
12239   -1831141.000000
12240   -1831141.750000
12241   -1831142.500000
12242   -1831143.000000
12243   -1831143.500000
12244   -1831144.125000
12245   -1831145.000000
12246   -1831145.500000
12247   -1831146.125000
12248   -1831146.500000
12249   -1831147.250000
12250   -1831148.000000
12251   -1831148.500000
12252   -1831149.250000
12253   -1831149.750000
12254   -1831150.000000
12255   -1831150.750000
12256   -1831151.750000
12257   -1831152.125000
12258   -1831152.750000
12259   -1831153.125000
12260   -1831153.875000
12261   -1831154.375000
12262   -1831155.000000
12263   -1831155.375000
12264   -1831156.000000
12265   -1831156.750000
12266   -1831157.250000
12267   -1831157.750000
12268   -1831158.375000
12269   -1831159.125000
12270   -1831159.750000
12271   -1831160.250000
12272   -1831160.875000
12273   -1831161.500000
12274   -1831162.000000
12275   -1831162.750000
12276   -1831163.125000
12277   -1831163.875000
12278   -1831164.250000
12279   -1831165.000000
12280   -1831165.500000
12281   -1831166.250000
12282   -1831166.750000
12283   -1831167.250000
12284   -1831168.000000
12285   -1831168.500000
12286   -1831169.000000
12287   -1831169.500000
12288   -1831170.125000
12289   -1831170.750000
12290   -1831171.250000
12291   -1831171.750000
12292   -1831172.625000
12293   -1831173.000000
12294   -1831173.500000
12295   -1831174.125000
12296   -1831174.625000
12297   -1831175.000000
12298   -1831175.750000
12299   -1831176.250000
12300   -1831176.750000
12301   -1831177.750000
12302   -1831178.125000
12303   -1831178.500000
12304   -1831179.250000
12305   -1831179.625000
12306   -1831180.250000
12307   -1831181.000000
12308   -1831181.500000
12309   -1831182.125000
12310   -1831182.750000
12311   -1831183.250000
12312   -1831183.875000
12313   -1831184.250000
12314   -1831185.000000
12315   -1831185.375000
12316   -1831186.250000
12317   -1831186.750000
12318   -1831187.125000
12319   -1831187.750000
12320   -1831188.250000
12321   -1831188.750000
12322   -1831189.500000
12323   -1831189.875000
12324   -1831190.500000
12325   -1831191.000000
12326   -1831191.750000
12327   -1831192.250000
12328   -1831192.875000
12329   -1831193.375000
12330   -1831194.000000
12331   -1831194.375000
12332   -1831195.000000
12333   -1831195.500000
12334   -1831196.375000
12335   -1831196.750000
12336   -1831197.250000
12337   -1831197.750000
12338   -1831198.250000
12339   -1831199.000000
12340   -1831199.625000
12341   -1831199.875000
12342   -1831200.750000
12343   -1831201.125000
12344   -1831201.750000
12345   -1831202.250000
12346   -1831203.000000
12347   -1831203.250000
12348   -1831203.875000
12349   -1831204.500000
12350   -1831205.000000
12351   -1831205.750000
12352   -1831206.000000
12353   -1831206.750000
12354   -1831207.375000
12355   -1831207.750000
12356   -1831208.250000
12357   -1831209.000000
12358   -1831209.500000
12359   -1831210.000000
12360   -1831210.625000
12361   -1831211.250000
12362   -1831211.750000
12363   -1831212.375000
12364   -1831212.875000
12365   -1831213.500000
12366   -1831214.000000
12367   -1831214.750000
12368   -1831215.250000
12369   -1831215.750000
12370   -1831216.375000
12371   -1831217.000000
12372   -1831217.500000
12373   -1831218.000000
12374   -1831218.625000
12375   -1831219.375000
12376   -1831219.750000
12377   -1831220.250000
12378   -1831221.000000
12379   -1831221.375000
12380   -1831222.000000
12381   -1831222.625000
12382   -1831223.250000
12383   -1831223.750000
12384   -1831224.375000
12385   -1831224.750000
12386   -1831225.500000
12387   -1831225.875000
12388   -1831226.500000
12389   -1831227.250000
12390   -1831227.750000
12391   -1831228.125000
12392   -1831228.750000
12393   -1831229.500000
12394   -1831230.000000
12395   -1831230.625000
12396   -1831231.125000
12397   -1831231.750000
12398   -1831232.375000
12399   -1831233.000000
12400   -1831233.625000
12401   -1831234.000000
12402   -1831234.500000
12403   -1831235.250000
12404   -1831236.000000
12405   -1831236.250000
12406   -1831237.125000
12407   -1831237.625000
12408   -1831238.250000
12409   -1831238.625000
12410   -1831239.375000
12411   -1831240.000000
12412   -1831240.750000
12413   -1831241.250000
12414   -1831241.750000
12415   -1831242.500000
12416   -1831243.250000
12417   -1831243.750000
12418   -1831244.250000
12419   -1831244.875000
12420   -1831245.500000
12421   -1831246.250000
12422   -1831246.750000
12423   -1831247.500000
12424   -1831248.000000
12425   -1831248.500000
12426   -1831249.000000
12427   -1831249.750000
12428   -1831250.125000
12429   -1831251.000000
12430   -1831251.375000
12431   -1831252.000000
12432   -1831252.625000
12433   -1831253.125000
12434   -1831253.750000
12435   -1831254.250000
12436   -1831254.875000
12437   -1831255.625000
12438   -1831256.250000
12439   -1831256.750000
12440   -1831257.500000
12441   -1831258.000000
12442   -1831258.750000
12443   -1831259.250000
12444   -1831259.750000
12445   -1831260.500000
12446   -1831261.125000
12447   -1831261.500000
12448   -1831262.250000
12449   -1831262.750000
12450   -1831263.500000
12451   -1831264.125000
12452   -1831264.500000
12453   -1831265.250000
12454   -1831265.750000
12455   -1831266.250000
12456   -1831266.750000
12457   -1831267.375000
12458   -1831268.000000
12459   -1831268.750000
12460   -1831269.250000
12461   -1831269.875000
12462   -1831270.625000
12463   -1831271.000000
12464   -1831271.750000
12465   -1831272.375000
12466   -1831272.875000
12467   -1831273.500000
12468   -1831274.125000
12469   -1831274.750000
12470   -1831275.375000
12471   -1831275.875000
12472   -1831276.500000
12473   -1831276.875000
12474   -1831277.375000
12475   -1831278.000000
12476   -1831278.875000
12477   -1831279.375000
12478   -1831280.000000
12479   -1831280.500000
12480   -1831281.125000
12481   -1831281.625000
12482   -1831282.250000
12483   -1831282.625000
12484   -1831283.250000
12485   -1831283.750000
12486   -1831284.250000
12487   -1831284.875000
12488   -1831285.250000
12489   -1831285.750000
12490   -1831286.375000
12491   -1831286.750000
12492   -1831287.500000
12493   -1831287.875000
12494   -1831288.750000
12495   -1831289.000000
12496   -1831289.750000
12497   -1831290.125000
12498   -1831290.750000
12499   -1831291.500000
12500   -1831291.875000
12501   -1831292.500000
12502   -1831293.000000
12503   -1831293.250000
12504   -1831294.000000
12505   -1831294.375000
12506   -1831295.000000
12507   -1831295.500000
12508   -1831296.000000
12509   -1831296.500000
12510   -1831296.750000
12511   -1831297.375000
12512   -1831297.750000
12513   -1831298.250000
12514   -1831298.750000
12515   -1831299.375000
12516   -1831299.750000
12517   -1831300.500000
12518   -1831300.875000
12519   -1831301.250000
12520   -1831301.625000
12521   -1831302.125000
12522   -1831302.750000
12523   -1831303.250000
12524   -1831303.625000
12525   -1831304.125000
12526   -1831304.750000
12527   -1831305.125000
12528   -1831305.500000
12529   -1831305.875000
12530   -1831306.625000
12531   -1831307.000000
12532   -1831307.500000
12533   -1831307.875000
12534   -1831308.375000
12535   -1831308.750000
12536   -1831309.250000
12537   -1831309.750000
12538   -1831310.375000
12539   -1831310.500000
12540   -1831311.250000
12541   -1831311.625000
12542   -1831312.000000
12543   -1831312.500000
12544   -1831313.000000
12545   -1831313.250000
12546   -1831314.000000
12547   -1831314.250000
12548   -1831314.625000
12549   -1831315.250000
12550   -1831315.500000
12551   -1831316.000000
12552   -1831316.500000
12553   -1831316.875000
12554   -1831317.250000
12555   -1831317.625000
12556   -1831318.250000
12557   -1831318.375000
12558   -1831319.000000
12559   -1831319.500000
12560   -1831320.000000
12561   -1831320.250000
12562   -1831320.750000
12563   -1831321.250000
12564   -1831321.500000
12565   -1831322.000000
12566   -1831322.375000
12567   -1831322.750000
12568   -1831323.250000
12569   -1831323.750000
12570   -1831324.125000
12571   -1831324.500000
12572   -1831324.750000
12573   -1831325.375000
12574   -1831325.750000
12575   -1831326.250000
12576   -1831326.500000
12577   -1831327.000000
12578   -1831327.375000
12579   -1831327.750000
12580   -1831328.250000
12581   -1831328.500000
12582   -1831329.000000
12583   -1831329.500000
12584   -1831329.750000
12585   -1831330.250000
12586   -1831330.500000
12587   -1831331.000000
12588   -1831331.250000
12589   -1831331.875000
12590   -1831332.125000
12591   -1831332.625000
12592   -1831332.750000
12593   -1831333.125000
12594   -1831333.375000
12595   -1831333.750000
12596   -1831334.250000
12597   -1831334.750000
12598   -1831335.000000
12599   -1831335.500000
12600   -1831335.875000
12601   -1831336.250000
12602   -1831336.500000
12603   -1831336.875000
12604   -1831337.250000
12605   -1831337.750000
12606   -1831338.125000
12607   -1831338.375000
12608   -1831338.750000
12609   -1831339.000000
12610   -1831339.500000
12611   -1831339.875000
12612   -1831340.250000
12613   -1831340.625000
12614   -1831340.875000
12615   -1831341.250000
12616   -1831341.500000
12617   -1831341.750000
12618   -1831342.250000
12619   -1831342.500000
12620   -1831342.875000
12621   -1831343.250000
12622   -1831343.750000
12623   -1831344.000000
12624   -1831344.250000
12625   -1831344.750000
12626   -1831345.000000
12627   -1831345.500000
12628   -1831345.875000
12629   -1831346.250000
12630   -1831346.500000
12631   -1831346.875000
12632   -1831347.250000
12633   -1831347.500000
12634   -1831347.750000
12635   -1831348.000000
12636   -1831348.250000
12637   -1831348.750000
12638   -1831349.000000
12639   -1831349.375000
12640   -1831349.750000
12641   -1831350.000000
12642   -1831350.250000
12643   -1831350.500000
12644   -1831351.000000
12645   -1831351.500000
12646   -1831351.875000
12647   -1831352.000000
12648   -1831352.500000
12649   -1831352.625000
12650   -1831353.000000
12651   -1831353.375000
12652   -1831353.625000
12653   -1831353.750000
12654   -1831354.125000
12655   -1831354.500000
12656   -1831354.625000
12657   -1831355.000000
12658   -1831355.250000
12659   -1831355.625000
12660   -1831356.000000
12661   -1831356.250000
12662   -1831356.500000
12663   -1831356.750000
12664   -1831357.125000
12665   -1831357.500000
12666   -1831357.500000
12667   -1831358.000000
12668   -1831358.250000
12669   -1831358.500000
12670   -1831358.625000
12671   -1831359.000000
12672   -1831359.250000
12673   -1831359.500000
12674   -1831359.875000
12675   -1831360.125000
12676   -1831360.375000
12677   -1831360.750000
12678   -1831360.750000
12679   -1831361.125000
12680   -1831361.750000
12681   -1831361.750000
12682   -1831362.125000
12683   -1831362.250000
12684   -1831362.750000
12685   -1831362.875000
12686   -1831363.000000
12687   -1831363.375000
12688   -1831363.625000
12689   -1831363.750000
12690   -1831364.125000
12691   -1831364.375000
12692   -1831364.500000
12693   -1831365.000000
12694   -1831365.000000
12695   -1831365.500000
12696   -1831365.625000
12697   -1831365.875000
12698   -1831366.250000
12699   -1831366.500000
12700   -1831366.750000
12701   -1831366.750000
12702   -1831367.000000
12703   -1831367.250000
12704   -1831367.500000
12705   -1831367.625000
12706   -1831368.000000
12707   -1831368.250000
12708   -1831368.500000
12709   -1831368.750000
12710   -1831369.125000
12711   -1831369.250000
12712   -1831369.500000
12713   -1831369.750000
12714   -1831370.000000
12715   -1831370.250000
12716   -1831370.500000
12717   -1831370.625000
12718   -1831370.750000
12719   -1831371.000000
12720   -1831371.250000
12721   -1831371.500000
12722   -1831371.750000
12723   -1831372.125000
12724   -1831372.250000
12725   -1831372.375000
12726   -1831372.750000
12727   -1831373.000000
12728   -1831373.250000
12729   -1831373.250000
12730   -1831373.500000
12731   -1831373.875000
12732   -1831374.000000
12733   -1831374.125000
12734   -1831374.375000
12735   -1831374.750000
12736   -1831375.000000
12737   -1831375.000000
12738   -1831375.250000
12739   -1831375.500000
12740   -1831375.875000
12741   -1831376.000000
12742   -1831376.250000
12743   -1831376.500000
12744   -1831376.625000
12745   -1831377.000000
12746   -1831377.000000
12747   -1831377.125000
12748   -1831377.500000
12749   -1831377.750000
12750   -1831377.750000
12751   -1831378.000000
12752   -1831378.500000
12753   -1831378.750000
12754   -1831378.750000
12755   -1831379.000000
12756   -1831379.250000
12757   -1831379.625000
12758   -1831379.750000
12759   -1831380.000000
12760   -1831380.250000
12761   -1831380.375000
12762   -1831380.750000
12763   -1831380.750000
12764   -1831381.000000
12765   -1831381.250000
12766   -1831381.500000
12767   -1831381.750000
12768   -1831381.875000
12769   -1831382.250000
12770   -1831382.500000
12771   -1831382.625000
12772   -1831382.875000
12773   -1831383.000000
12774   -1831383.125000
12775   -1831383.250000
12776   -1831383.500000
12777   -1831383.875000
12778   -1831384.000000
12779   -1831384.375000
12780   -1831384.500000
12781   -1831384.750000
12782   -1831384.750000
12783   -1831385.125000
12784   -1831385.500000
12785   -1831385.625000
12786   -1831385.625000
12787   -1831385.750000
12788   -1831386.000000
12789   -1831386.375000
12790   -1831386.625000
12791   -1831386.750000
12792   -1831387.125000
12793   -1831387.250000
12794   -1831387.500000
12795   -1831387.750000
12796   -1831388.000000
12797   -1831388.125000
12798   -1831388.125000
12799   -1831388.500000
12800   -1831388.625000
12801   -1831388.875000
12802   -1831389.250000
12803   -1831389.250000
12804   -1831389.500000
12805   -1831389.750000
12806   -1831390.000000
12807   -1831390.000000
12808   -1831390.500000
12809   -1831390.750000
12810   -1831390.750000
12811   -1831391.000000
12812   -1831391.250000
12813   -1831391.500000
12814   -1831391.750000
12815   -1831392.000000
12816   -1831392.250000
12817   -1831392.500000
12818   -1831392.875000
12819   -1831393.000000
12820   -1831393.250000
12821   -1831393.500000
12822   -1831393.750000
12823   -1831393.750000
12824   -1831394.125000
12825   -1831394.250000
12826   -1831394.500000
12827   -1831394.750000
12828   -1831395.125000
12829   -1831395.250000
12830   -1831395.500000
12831   -1831395.625000
12832   -1831395.750000
12833   -1831395.875000
12834   -1831396.250000
12835   -1831396.375000
12836   -1831396.750000
12837   -1831396.875000
12838   -1831397.000000
12839   -1831397.250000
12840   -1831397.500000
12841   -1831397.750000
12842   -1831398.000000
12843   -1831398.375000
12844   -1831398.500000
12845   -1831398.500000
12846   -1831398.875000
12847   -1831399.000000
12848   -1831399.250000
12849   -1831399.625000
12850   -1831399.625000
12851   -1831399.875000
12852   -1831400.125000
12853   -1831400.500000
12854   -1831400.875000
12855   -1831400.625000
12856   -1831401.000000
12857   -1831401.000000
12858   -1831401.500000
12859   -1831401.750000
12860   -1831401.750000
12861   -1831402.000000
12862   -1831402.125000
12863   -1831402.500000
12864   -1831402.625000
12865   -1831402.750000
12866   -1831402.875000
12867   -1831403.125000
12868   -1831403.250000
12869   -1831403.500000
12870   -1831403.750000
12871   -1831403.875000
12872   -1831404.125000
12873   -1831404.375000
12874   -1831404.625000
12875   -1831404.750000
12876   -1831404.750000
12877   -1831405.000000
12878   -1831405.250000
12879   -1831405.500000
12880   -1831405.750000
12881   -1831405.875000
12882   -1831406.000000
12883   -1831406.250000
12884   -1831406.250000
12885   -1831406.500000
12886   -1831406.500000
12887   -1831406.750000
12888   -1831407.125000
12889   -1831407.250000
12890   -1831407.375000
12891   -1831407.625000
12892   -1831407.750000
12893   -1831408.000000
12894   -1831408.000000
12895   -1831408.250000
12896   -1831408.500000
12897   -1831408.500000
12898   -1831408.750000
12899   -1831408.875000
12900   -1831409.125000
12901   -1831409.250000
12902   -1831409.500000
12903   -1831409.500000
12904   -1831409.625000
12905   -1831410.000000
12906   -1831410.000000
12907   -1831410.250000
12908   -1831410.375000
12909   -1831410.625000
12910   -1831410.750000
12911   -1831410.875000
12912   -1831411.000000
12913   -1831411.250000
12914   -1831411.500000
12915   -1831411.375000
12916   -1831411.625000
12917   -1831411.750000
12918   -1831411.875000
12919   -1831412.125000
12920   -1831412.250000
12921   -1831412.250000
12922   -1831412.500000
12923   -1831412.750000
12924   -1831413.000000
12925   -1831413.000000
12926   -1831413.125000
12927   -1831413.500000
12928   -1831413.750000
12929   -1831413.625000
12930   -1831413.875000
12931   -1831413.875000
12932   -1831414.000000
12933   -1831414.250000
12934   -1831414.250000
12935   -1831414.500000
12936   -1831414.750000
12937   -1831415.000000
12938   -1831415.000000
12939   -1831415.125000
12940   -1831415.250000
12941   -1831415.375000
12942   -1831415.625000
12943   -1831415.750000
12944   -1831416.000000
12945   -1831416.000000
12946   -1831416.125000
12947   -1831416.250000
12948   -1831416.500000
12949   -1831416.625000
12950   -1831416.875000
12951   -1831417.000000
12952   -1831417.125000
12953   -1831417.250000
12954   -1831417.250000
12955   -1831417.750000
12956   -1831417.750000
12957   -1831417.750000
12958   -1831418.000000
12959   -1831418.250000
12960   -1831418.500000
12961   -1831418.750000
12962   -1831418.500000
12963   -1831418.750000
12964   -1831418.750000
12965   -1831419.000000
12966   -1831419.000000
12967   -1831419.250000
12968   -1831419.500000
12969   -1831419.500000
12970   -1831419.750000
12971   -1831419.750000
12972   -1831420.000000
12973   -1831420.250000
12974   -1831420.500000
12975   -1831420.500000
12976   -1831420.750000
12977   -1831420.750000
12978   -1831420.750000
12979   -1831421.000000
12980   -1831421.250000
12981   -1831421.375000
12982   -1831421.500000
12983   -1831421.750000
12984   -1831421.750000
12985   -1831421.875000
12986   -1831422.125000
12987   -1831422.250000
12988   -1831422.500000
12989   -1831422.750000
12990   -1831422.750000
12991   -1831422.750000
12992   -1831423.000000
12993   -1831423.250000
12994   -1831423.250000
12995   -1831423.500000
12996   -1831423.500000
12997   -1831423.750000
12998   -1831424.000000
12999   -1831424.000000
13000   -1831424.250000
13001   -1831424.250000
13002   -1831424.625000
13003   -1831424.500000
13004   -1831424.750000
13005   -1831424.875000
13006   -1831425.000000
13007   -1831425.250000
13008   -1831425.250000
13009   -1831425.500000
13010   -1831425.875000
13011   -1831425.750000
13012   -1831426.000000
13013   -1831426.000000
13014   -1831426.250000
13015   -1831426.250000
13016   -1831426.500000
13017   -1831426.750000
13018   -1831427.000000
13019   -1831427.000000
13020   -1831427.125000
13021   -1831427.500000
13022   -1831427.500000
13023   -1831427.500000
13024   -1831427.750000
13025   -1831428.000000
13026   -1831428.125000
13027   -1831428.250000
13028   -1831428.250000
13029   -1831428.500000
13030   -1831428.500000
13031   -1831428.625000
13032   -1831429.000000
13033   -1831429.250000
13034   -1831429.250000
13035   -1831429.375000
13036   -1831429.625000
13037   -1831429.625000
13038   -1831429.750000
13039   -1831430.000000
13040   -1831430.375000
13041   -1831430.250000
13042   -1831430.375000
13043   -1831430.500000
13044   -1831430.750000
13045   -1831431.000000
13046   -1831431.250000
13047   -1831431.250000
13048   -1831431.250000
13049   -1831431.375000
13050   -1831431.750000
13051   -1831431.875000
13052   -1831431.750000
13053   -1831432.125000
13054   -1831432.125000
13055   -1831432.250000
13056   -1831432.500000
13057   -1831432.750000
13058   -1831432.750000
13059   -1831432.750000
13060   -1831433.125000
13061   -1831433.000000
13062   -1831433.250000
13063   -1831433.375000
13064   -1831433.500000
13065   -1831433.625000
13066   -1831434.000000
13067   -1831433.875000
13068   -1831434.000000
13069   -1831434.250000
13070   -1831434.500000
13071   -1831434.500000
13072   -1831434.625000
13073   -1831434.750000
13074   -1831434.750000
13075   -1831435.125000
13076   -1831435.250000
13077   -1831435.250000
13078   -1831435.500000
13079   -1831435.625000
13080   -1831435.750000
13081   -1831435.750000
13082   -1831436.000000
13083   -1831436.250000
13084   -1831436.250000
13085   -1831436.500000
13086   -1831436.750000
13087   -1831436.625000
13088   -1831436.750000
13089   -1831436.875000
13090   -1831437.250000
13091   -1831437.250000
13092   -1831437.375000
13093   -1831437.375000
13094   -1831437.625000
13095   -1831437.750000
13096   -1831438.000000
13097   -1831438.000000
13098   -1831438.250000
13099   -1831438.250000
13100   -1831438.250000
13101   -1831438.625000
13102   -1831438.750000
13103   -1831438.875000
13104   -1831439.000000
13105   -1831439.250000
13106   -1831439.250000
13107   -1831439.500000
13108   -1831439.625000
13109   -1831439.750000
13110   -1831439.750000
13111   -1831440.000000
13112   -1831440.000000
13113   -1831440.125000
13114   -1831440.375000
13115   -1831440.500000
13116   -1831440.750000
13117   -1831440.750000
13118   -1831440.875000
13119   -1831441.125000
13120   -1831441.125000
13121   -1831441.375000
13122   -1831441.500000
13123   -1831441.750000
13124   -1831441.500000
13125   -1831441.750000
13126   -1831442.000000
13127   -1831442.250000
13128   -1831442.250000
13129   -1831442.500000
13130   -1831442.625000
13131   -1831442.750000
13132   -1831442.750000
13133   -1831443.000000
13134   -1831443.125000
13135   -1831443.250000
13136   -1831443.375000
13137   -1831443.500000
13138   -1831443.625000
13139   -1831443.750000
13140   -1831444.000000
13141   -1831444.125000
13142   -1831444.125000
13143   -1831444.375000
13144   -1831444.500000
13145   -1831444.500000
13146   -1831444.750000
13147   -1831444.875000
13148   -1831444.750000
13149   -1831445.125000
13150   -1831445.250000
13151   -1831445.375000
13152   -1831445.750000
13153   -1831445.500000
13154   -1831445.750000
13155   -1831445.875000
13156   -1831446.250000
13157   -1831446.125000
13158   -1831446.375000
13159   -1831446.375000
13160   -1831446.625000
13161   -1831446.875000
13162   -1831447.000000
13163   -1831447.000000
13164   -1831447.000000
13165   -1831447.250000
13166   -1831447.375000
13167   -1831447.500000
13168   -1831447.625000
13169   -1831447.750000
13170   -1831447.875000
13171   -1831448.000000
13172   -1831448.250000
13173   -1831448.375000
13174   -1831448.500000
13175   -1831448.500000
13176   -1831448.750000
13177   -1831448.750000
13178   -1831449.250000
13179   -1831449.250000
13180   -1831449.375000
13181   -1831449.500000
13182   -1831449.625000
13183   -1831449.750000
13184   -1831450.000000
13185   -1831450.000000
13186   -1831450.125000
13187   -1831450.250000
13188   -1831450.500000
13189   -1831450.375000
13190   -1831450.625000
13191   -1831450.750000
13192   -1831450.750000
13193   -1831451.000000
13194   -1831451.000000
13195   -1831451.250000
13196   -1831451.250000
13197   -1831451.750000
13198   -1831451.875000
13199   -1831452.000000
13200   -1831452.000000
13201   -1831452.250000
13202   -1831452.250000
13203   -1831452.250000
13204   -1831452.500000
13205   -1831452.750000
13206   -1831452.750000
13207   -1831453.000000
13208   -1831453.000000
13209   -1831453.250000
13210   -1831453.250000
13211   -1831453.500000
13212   -1831453.500000
13213   -1831453.750000
13214   -1831454.000000
13215   -1831454.000000
13216   -1831454.250000
13217   -1831454.375000
13218   -1831454.375000
13219   -1831454.500000
13220   -1831454.750000
13221   -1831454.750000
13222   -1831455.000000
13223   -1831455.125000
13224   -1831455.125000
13225   -1831455.250000
13226   -1831455.500000
13227   -1831455.750000
13228   -1831455.750000
13229   -1831455.875000
13230   -1831456.125000
13231   -1831456.125000
13232   -1831456.250000
13233   -1831456.500000
13234   -1831456.625000
13235   -1831456.750000
13236   -1831457.000000
13237   -1831457.125000
13238   -1831457.250000
13239   -1831457.375000
13240   -1831457.625000
13241   -1831457.750000
13242   -1831457.875000
13243   -1831458.000000
13244   -1831458.250000
13245   -1831458.125000
13246   -1831458.375000
13247   -1831458.500000
13248   -1831458.875000
13249   -1831459.000000
13250   -1831459.250000
13251   -1831459.250000
13252   -1831459.250000
13253   -1831459.500000
13254   -1831459.500000
13255   -1831459.750000
13256   -1831459.875000
13257   -1831460.250000
13258   -1831460.125000
13259   -1831460.375000
13260   -1831460.500000
13261   -1831460.750000
13262   -1831461.000000
13263   -1831461.000000
13264   -1831461.125000
13265   -1831461.250000
13266   -1831461.375000
13267   -1831461.625000
13268   -1831461.750000
13269   -1831461.875000
13270   -1831462.000000
13271   -1831462.375000
13272   -1831462.500000
13273   -1831462.750000
13274   -1831462.750000
13275   -1831463.000000
13276   -1831463.250000
13277   -1831463.375000
13278   -1831463.500000
13279   -1831463.500000
13280   -1831463.750000
13281   -1831463.750000
13282   -1831464.250000
13283   -1831464.250000
13284   -1831464.500000
13285   -1831464.500000
13286   -1831464.500000
13287   -1831464.875000
13288   -1831465.000000
13289   -1831465.250000
13290   -1831465.375000
13291   -1831465.500000
13292   -1831465.750000
13293   -1831465.750000
13294   -1831466.250000
13295   -1831466.375000
13296   -1831466.500000
13297   -1831466.500000
13298   -1831466.750000
13299   -1831467.000000
13300   -1831467.250000
13301   -1831467.375000
13302   -1831467.750000
13303   -1831467.750000
13304   -1831468.000000
13305   -1831468.125000
13306   -1831468.250000
13307   -1831468.500000
13308   -1831468.625000
13309   -1831468.875000
13310   -1831469.000000
13311   -1831469.250000
13312   -1831469.375000
13313   -1831469.500000
13314   -1831469.875000
13315   -1831470.000000
13316   -1831470.250000
13317   -1831470.250000
13318   -1831470.500000
13319   -1831470.750000
13320   -1831471.000000
13321   -1831471.250000
13322   -1831471.250000
13323   -1831471.500000
13324   -1831471.750000
13325   -1831471.875000
13326   -1831472.000000
13327   -1831472.375000
13328   -1831472.500000
13329   -1831472.625000
13330   -1831473.000000
13331   -1831473.250000
13332   -1831473.250000
13333   -1831473.375000
13334   -1831473.750000
13335   -1831474.000000
13336   -1831474.000000
13337   -1831474.375000
13338   -1831474.625000
13339   -1831474.750000
13340   -1831475.000000
13341   -1831475.250000
13342   -1831475.500000
13343   -1831475.500000
13344   -1831475.750000
13345   -1831476.000000
13346   -1831476.250000
13347   -1831476.500000
13348   -1831476.750000
13349   -1831476.875000
13350   -1831477.125000
13351   -1831477.375000
13352   -1831477.500000
13353   -1831477.750000
13354   -1831477.875000
13355   -1831478.125000
13356   -1831478.250000
13357   -1831478.625000
13358   -1831478.750000
13359   -1831479.000000
13360   -1831479.250000
13361   -1831479.625000
13362   -1831479.750000
13363   -1831480.000000
13364   -1831480.000000
13365   -1831480.500000
13366   -1831480.500000
13367   -1831480.750000
13368   -1831481.250000
13369   -1831481.250000
13370   -1831481.500000
13371   -1831481.750000
13372   -1831481.750000
13373   -1831482.000000
13374   -1831482.375000
13375   -1831482.500000
13376   -1831482.750000
13377   -1831483.000000
13378   -1831483.250000
13379   -1831483.500000
13380   -1831483.625000
13381   -1831484.000000
13382   -1831484.250000
13383   -1831484.500000
13384   -1831484.750000
13385   -1831484.875000
13386   -1831485.125000
13387   -1831485.250000
13388   -1831485.625000
13389   -1831485.875000
13390   -1831486.000000
13391   -1831486.250000
13392   -1831486.500000
13393   -1831486.750000
13394   -1831486.875000
13395   -1831487.250000
13396   -1831487.250000
13397   -1831487.625000
13398   -1831487.750000
13399   -1831488.000000
13400   -1831488.500000
13401   -1831488.500000
13402   -1831488.875000
13403   -1831489.000000
13404   -1831489.250000
13405   -1831489.500000
13406   -1831489.750000
13407   -1831490.000000
13408   -1831490.125000
13409   -1831490.500000
13410   -1831490.500000
13411   -1831490.750000
13412   -1831491.125000
13413   -1831491.250000
13414   -1831491.750000
13415   -1831491.750000
13416   -1831492.000000
13417   -1831492.250000
13418   -1831492.500000
13419   -1831492.750000
13420   -1831493.000000
13421   -1831493.000000
13422   -1831493.375000
13423   -1831493.875000
13424   -1831493.875000
13425   -1831494.250000
13426   -1831494.375000
13427   -1831494.625000
13428   -1831494.750000
13429   -1831495.000000
13430   -1831495.250000
13431   -1831495.500000
13432   -1831495.625000
13433   -1831496.000000
13434   -1831496.125000
13435   -1831496.375000
13436   -1831496.625000
13437   -1831496.875000
13438   -1831497.125000
13439   -1831497.250000
13440   -1831497.625000
13441   -1831497.750000
13442   -1831497.875000
13443   -1831498.250000
13444   -1831498.375000
13445   -1831498.625000
13446   -1831498.875000
13447   -1831499.250000
13448   -1831499.500000
13449   -1831499.500000
13450   -1831499.750000
13451   -1831500.250000
13452   -1831500.375000
13453   -1831500.750000
13454   -1831500.750000
13455   -1831501.000000
13456   -1831501.250000
13457   -1831501.500000
13458   -1831501.750000
13459   -1831502.000000
13460   -1831502.000000
13461   -1831502.375000
13462   -1831502.500000
13463   -1831502.750000
13464   -1831503.000000
13465   -1831503.125000
13466   -1831503.500000
13467   -1831503.750000
13468   -1831503.875000
13469   -1831504.000000
13470   -1831504.250000
13471   -1831504.500000
13472   -1831504.625000
13473   -1831505.000000
13474   -1831505.125000
13475   -1831505.375000
13476   -1831505.500000
13477   -1831506.000000
13478   -1831506.000000
13479   -1831506.000000
13480   -1831506.500000
13481   -1831506.500000
13482   -1831506.875000
13483   -1831507.000000
13484   -1831507.000000
13485   -1831507.500000
13486   -1831507.750000
13487   -1831507.875000
13488   -1831508.250000
13489   -1831508.250000
13490   -1831508.500000
13491   -1831508.750000
13492   -1831509.000000
13493   -1831509.250000
13494   -1831509.500000
13495   -1831509.625000
13496   -1831509.625000
13497   -1831510.000000
13498   -1831510.000000
13499   -1831510.500000
13500   -1831510.750000
13501   -1831511.000000
13502   -1831511.000000
13503   -1831511.250000
13504   -1831511.500000
13505   -1831511.750000
13506   -1831512.000000
13507   -1831512.000000
13508   -1831512.250000
13509   -1831512.500000
13510   -1831512.750000
13511   -1831512.875000
13512   -1831513.000000
13513   -1831513.375000
13514   -1831513.500000
13515   -1831513.750000
13516   -1831514.000000
13517   -1831514.125000
13518   -1831514.500000
13519   -1831514.500000
13520   -1831514.750000
13521   -1831515.125000
13522   -1831515.125000
13523   -1831515.250000
13524   -1831515.500000
13525   -1831516.000000
13526   -1831516.000000
13527   -1831516.250000
13528   -1831516.500000
13529   -1831516.750000
13530   -1831516.750000
13531   -1831517.000000
13532   -1831517.375000
13533   -1831517.625000
13534   -1831517.750000
13535   -1831517.750000
13536   -1831518.250000
13537   -1831518.375000
13538   -1831518.500000
13539   -1831518.750000
13540   -1831519.000000
13541   -1831519.000000
13542   -1831519.375000
13543   -1831519.500000
13544   -1831519.750000
13545   -1831519.750000
13546   -1831520.125000
13547   -1831520.250000
13548   -1831520.500000
13549   -1831520.750000
13550   -1831521.000000
13551   -1831521.250000
13552   -1831521.375000
13553   -1831521.750000
13554   -1831521.750000
13555   -1831522.125000
13556   -1831522.250000
13557   -1831522.375000
13558   -1831522.750000
13559   -1831522.875000
13560   -1831523.000000
13561   -1831523.250000
13562   -1831523.500000
13563   -1831523.500000
13564   -1831523.875000
13565   -1831524.000000
13566   -1831524.125000
13567   -1831524.500000
13568   -1831524.625000
13569   -1831524.750000
13570   -1831525.000000
13571   -1831525.250000
13572   -1831525.500000
13573   -1831525.500000
13574   -1831526.000000
13575   -1831526.250000
13576   -1831526.250000
13577   -1831526.500000
13578   -1831526.625000
13579   -1831526.750000
13580   -1831527.000000
13581   -1831527.375000
13582   -1831527.500000
13583   -1831527.750000
13584   -1831528.000000
13585   -1831528.250000
13586   -1831528.375000
13587   -1831528.500000
13588   -1831528.750000
13589   -1831529.000000
13590   -1831529.250000
13591   -1831529.250000
13592   -1831529.625000
13593   -1831529.750000
13594   -1831530.125000
13595   -1831530.250000
13596   -1831530.500000
13597   -1831530.750000
13598   -1831530.875000
13599   -1831531.250000
13600   -1831531.250000
13601   -1831531.625000
13602   -1831531.750000
13603   -1831532.000000
13604   -1831532.250000
13605   -1831532.500000
13606   -1831532.750000
13607   -1831532.875000
13608   -1831533.125000
13609   -1831533.500000
13610   -1831533.625000
13611   -1831533.875000
13612   -1831534.125000
13613   -1831534.500000
13614   -1831534.500000
13615   -1831534.750000
13616   -1831535.125000
13617   -1831535.250000
13618   -1831535.500000
13619   -1831535.750000
13620   -1831535.875000
13621   -1831536.250000
13622   -1831536.500000
13623   -1831536.750000
13624   -1831536.750000
13625   -1831537.125000
13626   -1831537.375000
13627   -1831537.500000
13628   -1831538.000000
13629   -1831538.125000
13630   -1831538.250000
13631   -1831538.625000
13632   -1831538.875000
13633   -1831539.000000
13634   -1831539.250000
13635   -1831539.625000
13636   -1831539.875000
13637   -1831540.000000
13638   -1831540.500000
13639   -1831540.500000
13640   -1831540.750000
13641   -1831541.000000
13642   -1831541.250000
13643   -1831541.500000
13644   -1831541.750000
13645   -1831542.125000
13646   -1831542.375000
13647   -1831542.625000
13648   -1831543.000000
13649   -1831543.250000
13650   -1831543.500000
13651   -1831543.750000
13652   -1831544.000000
13653   -1831544.125000
13654   -1831544.500000
13655   -1831544.750000
13656   -1831544.875000
13657   -1831545.250000
13658   -1831545.625000
13659   -1831545.750000
13660   -1831546.000000
13661   -1831546.375000
13662   -1831546.500000
13663   -1831547.000000
13664   -1831547.250000
13665   -1831547.500000
13666   -1831547.625000
13667   -1831548.000000
13668   -1831548.375000
13669   -1831548.375000
13670   -1831548.750000
13671   -1831549.125000
13672   -1831549.500000
13673   -1831549.625000
13674   -1831549.750000
13675   -1831550.250000
13676   -1831550.375000
13677   -1831550.750000
13678   -1831551.125000
13679   -1831551.500000
13680   -1831551.500000
13681   -1831551.875000
13682   -1831552.250000
13683   -1831552.500000
13684   -1831553.000000
13685   -1831553.000000
13686   -1831553.375000
13687   -1831553.625000
13688   -1831554.000000
13689   -1831554.250000
13690   -1831554.500000
13691   -1831554.875000
13692   -1831555.125000
13693   -1831555.250000
13694   -1831555.875000
13695   -1831556.000000
13696   -1831556.250000
13697   -1831556.625000
13698   -1831556.750000
13699   -1831557.250000
13700   -1831557.500000
13701   -1831557.750000
13702   -1831558.000000
13703   -1831558.375000
13704   -1831558.625000
13705   -1831559.000000
13706   -1831559.500000
13707   -1831559.625000
13708   -1831560.000000
13709   -1831560.250000
13710   -1831560.500000
13711   -1831560.750000
13712   -1831561.125000
13713   -1831561.250000
13714   -1831561.625000
13715   -1831562.000000
13716   -1831562.250000
13717   -1831562.500000
13718   -1831562.750000
13719   -1831563.000000
13720   -1831563.500000
13721   -1831563.750000
13722   -1831564.000000
13723   -1831564.250000
13724   -1831564.375000
13725   -1831564.750000
13726   -1831565.000000
13727   -1831565.500000
13728   -1831565.750000
13729   -1831566.000000
13730   -1831566.250000
13731   -1831566.500000
13732   -1831566.625000
13733   -1831567.000000
13734   -1831567.500000
13735   -1831567.750000
13736   -1831567.875000
13737   -1831568.250000
13738   -1831568.250000
13739   -1831568.750000
13740   -1831569.250000
13741   -1831569.250000
13742   -1831569.625000
13743   -1831569.750000
13744   -1831570.125000
13745   -1831570.375000
13746   -1831570.750000
13747   -1831571.000000
13748   -1831571.250000
13749   -1831571.375000
13750   -1831571.875000
13751   -1831572.125000
13752   -1831572.125000
13753   -1831572.500000
13754   -1831572.875000
13755   -1831573.125000
13756   -1831573.375000
13757   -1831573.625000
13758   -1831573.750000
13759   -1831574.250000
13760   -1831574.250000
13761   -1831574.750000
13762   -1831574.875000
13763   -1831575.250000
13764   -1831575.500000
13765   -1831575.750000
13766   -1831576.125000
13767   -1831576.250000
13768   -1831576.500000
13769   -1831576.750000
13770   -1831577.125000
13771   -1831577.250000
13772   -1831577.500000
13773   -1831577.750000
13774   -1831578.000000
13775   -1831578.250000
13776   -1831578.625000
13777   -1831578.875000
13778   -1831579.000000
13779   -1831579.500000
13780   -1831579.500000
13781   -1831579.750000
13782   -1831580.000000
13783   -1831580.250000
13784   -1831580.500000
13785   -1831580.750000
13786   -1831581.000000
13787   -1831581.250000
13788   -1831581.500000
13789   -1831581.750000
13790   -1831582.000000
13791   -1831582.250000
13792   -1831582.375000
13793   -1831582.750000
13794   -1831583.000000
13795   -1831583.000000
13796   -1831583.500000
13797   -1831583.750000
13798   -1831584.000000
13799   -1831584.250000
13800   -1831584.500000
13801   -1831584.500000
13802   -1831584.875000
13803   -1831585.125000
13804   -1831585.250000
13805   -1831585.500000
13806   -1831585.750000
13807   -1831586.000000
13808   -1831586.250000
13809   -1831586.500000
13810   -1831586.750000
13811   -1831586.875000
13812   -1831587.250000
13813   -1831587.375000
13814   -1831587.750000
13815   -1831588.000000
13816   -1831588.000000
13817   -1831588.500000
13818   -1831588.500000
13819   -1831588.875000
13820   -1831589.000000
13821   -1831589.375000
13822   -1831589.500000
13823   -1831589.875000
13824   -1831590.000000
13825   -1831590.250000
13826   -1831590.500000
13827   -1831590.750000
13828   -1831590.875000
13829   -1831591.250000
13830   -1831591.250000
13831   -1831591.625000
13832   -1831592.000000
13833   -1831592.125000
13834   -1831592.375000
13835   -1831592.750000
13836   -1831592.750000
13837   -1831593.000000
13838   -1831593.375000
13839   -1831593.500000
13840   -1831594.000000
13841   -1831593.875000
13842   -1831594.250000
13843   -1831594.500000
13844   -1831594.750000
13845   -1831595.000000
13846   -1831595.250000
13847   -1831595.625000
13848   -1831595.500000
13849   -1831596.000000
13850   -1831596.250000
13851   -1831596.500000
13852   -1831596.750000
13853   -1831596.750000
13854   -1831597.250000
13855   -1831597.250000
13856   -1831597.625000
13857   -1831597.750000
13858   -1831597.875000
13859   -1831598.250000
13860   -1831598.500000
13861   -1831598.750000
13862   -1831599.000000
13863   -1831599.250000
13864   -1831599.250000
13865   -1831599.750000
13866   -1831600.000000
13867   -1831600.000000
13868   -1831600.250000
13869   -1831600.500000
13870   -1831600.875000
13871   -1831601.000000
13872   -1831601.250000
13873   -1831601.500000
13874   -1831601.750000
13875   -1831601.750000
13876   -1831602.250000
13877   -1831602.500000
13878   -1831602.750000
13879   -1831602.750000
13880   -1831603.125000
13881   -1831603.375000
13882   -1831603.625000
13883   -1831603.750000
13884   -1831604.000000
13885   -1831604.250000
13886   -1831604.500000
13887   -1831604.875000
13888   -1831605.000000
13889   -1831605.125000
13890   -1831605.500000
13891   -1831605.750000
13892   -1831606.000000
13893   -1831606.250000
13894   -1831606.500000
13895   -1831606.625000
13896   -1831606.875000
13897   -1831607.250000
13898   -1831607.250000
13899   -1831607.500000
13900   -1831607.875000
13901   -1831608.125000
13902   -1831608.250000
13903   -1831608.500000
13904   -1831608.750000
13905   -1831609.000000
13906   -1831609.250000
13907   -1831609.375000
13908   -1831609.500000
13909   -1831609.875000
13910   -1831610.000000
13911   -1831610.250000
13912   -1831610.625000
13913   -1831610.750000
13914   -1831611.000000
13915   -1831611.250000
13916   -1831611.500000
13917   -1831611.500000
13918   -1831611.875000
13919   -1831612.000000
13920   -1831612.375000
13921   -1831612.750000
13922   -1831612.875000
13923   -1831613.125000
13924   -1831613.250000
13925   -1831613.500000
13926   -1831613.750000
13927   -1831614.000000
13928   -1831614.250000
13929   -1831614.500000
13930   -1831614.875000
13931   -1831615.000000
13932   -1831615.375000
13933   -1831615.500000
13934   -1831615.750000
13935   -1831616.000000
13936   -1831616.250000
13937   -1831616.500000
13938   -1831616.625000
13939   -1831617.000000
13940   -1831617.250000
13941   -1831617.500000
13942   -1831617.625000
13943   -1831617.875000
13944   -1831618.250000
13945   -1831618.375000
13946   -1831618.750000
13947   -1831618.875000
13948   -1831619.000000
13949   -1831619.500000
13950   -1831619.500000
13951   -1831619.875000
13952   -1831620.000000
13953   -1831620.250000
13954   -1831620.500000
13955   -1831620.750000
13956   -1831621.000000
13957   -1831621.250000
13958   -1831621.500000
13959   -1831621.750000
13960   -1831622.000000
13961   -1831622.250000
13962   -1831622.375000
13963   -1831622.500000
13964   -1831623.000000
13965   -1831623.250000
13966   -1831623.375000
13967   -1831623.625000
13968   -1831623.750000
13969   -1831624.000000
13970   -1831624.500000
13971   -1831624.625000
13972   -1831625.000000
13973   -1831625.000000
13974   -1831625.250000
13975   -1831625.500000
13976   -1831625.750000
13977   -1831626.250000
13978   -1831626.375000
13979   -1831626.500000
13980   -1831626.750000
13981   -1831626.875000
13982   -1831627.250000
13983   -1831627.375000
13984   -1831627.625000
13985   -1831628.000000
13986   -1831628.250000
13987   -1831628.375000
13988   -1831628.625000
13989   -1831628.750000
13990   -1831629.250000
13991   -1831629.375000
13992   -1831629.750000
13993   -1831629.875000
13994   -1831630.250000
13995   -1831630.250000
13996   -1831630.750000
13997   -1831630.750000
13998   -1831631.000000
13999   -1831631.125000
14000   -1831631.500000
14001   -1831631.750000
14002   -1831632.000000
14003   -1831632.125000
14004   -1831632.625000
14005   -1831632.750000
14006   -1831633.000000
14007   -1831633.000000
14008   -1831633.250000
14009   -1831633.625000
14010   -1831633.750000
14011   -1831634.250000
14012   -1831634.250000
14013   -1831634.625000
14014   -1831634.625000
14015   -1831634.875000
14016   -1831635.250000
14017   -1831635.250000
14018   -1831635.750000
14019   -1831635.750000
14020   -1831636.000000
14021   -1831636.250000
14022   -1831636.500000
14023   -1831636.750000
14024   -1831636.750000
14025   -1831637.250000
14026   -1831637.500000
14027   -1831637.750000
14028   -1831637.750000
14029   -1831638.000000
14030   -1831638.250000
14031   -1831638.500000
14032   -1831638.625000
14033   -1831639.000000
14034   -1831639.125000
14035   -1831639.375000
14036   -1831639.625000
14037   -1831639.750000
14038   -1831640.000000
14039   -1831640.250000
14040   -1831640.500000
14041   -1831640.625000
14042   -1831640.875000
14043   -1831641.250000
14044   -1831641.250000
14045   -1831641.500000
14046   -1831641.750000
14047   -1831642.000000
14048   -1831642.125000
14049   -1831642.500000
14050   -1831642.750000
14051   -1831642.750000
14052   -1831643.000000
14053   -1831643.250000
14054   -1831643.375000
14055   -1831643.500000
14056   -1831643.875000
14057   -1831644.125000
14058   -1831644.250000
14059   -1831644.375000
14060   -1831644.875000
14061   -1831644.875000
14062   -1831645.125000
14063   -1831645.250000
14064   -1831645.500000
14065   -1831645.875000
14066   -1831646.000000
14067   -1831646.125000
14068   -1831646.500000
14069   -1831646.500000
14070   -1831646.750000
14071   -1831647.000000
14072   -1831647.250000
14073   -1831647.375000
14074   -1831647.625000
14075   -1831647.750000
14076   -1831648.000000
14077   -1831648.250000
14078   -1831648.375000
14079   -1831648.625000
14080   -1831648.750000
14081   -1831649.125000
14082   -1831649.250000
14083   -1831649.500000
14084   -1831649.750000
14085   -1831650.000000
14086   -1831650.125000
14087   -1831650.500000
14088   -1831650.500000
14089   -1831650.750000
14090   -1831651.000000
14091   -1831651.125000
14092   -1831651.375000
14093   -1831651.500000
14094   -1831651.750000
14095   -1831652.000000
14096   -1831652.125000
14097   -1831652.375000
14098   -1831652.500000
14099   -1831652.875000
14100   -1831652.875000
14101   -1831653.000000
14102   -1831653.500000
14103   -1831653.500000
14104   -1831653.875000
14105   -1831653.875000
14106   -1831654.250000
14107   -1831654.250000
14108   -1831654.625000
14109   -1831654.750000
14110   -1831655.000000
14111   -1831655.250000
14112   -1831655.500000
14113   -1831655.625000
14114   -1831655.875000
14115   -1831656.000000
14116   -1831656.125000
14117   -1831656.500000
14118   -1831656.500000
14119   -1831656.875000
14120   -1831657.000000
14121   -1831657.250000
14122   -1831657.500000
14123   -1831657.750000
14124   -1831657.875000
14125   -1831658.000000
14126   -1831658.000000
14127   -1831658.500000
14128   -1831658.625000
14129   -1831658.750000
14130   -1831659.000000
14131   -1831659.250000
14132   -1831659.500000
14133   -1831659.750000
14134   -1831659.875000
14135   -1831660.125000
14136   -1831660.250000
14137   -1831660.500000
14138   -1831660.750000
14139   -1831660.875000
14140   -1831661.000000
14141   -1831661.375000
14142   -1831661.500000
14143   -1831661.625000
14144   -1831661.750000
14145   -1831662.250000
14146   -1831662.250000
14147   -1831662.500000
14148   -1831662.875000
14149   -1831663.000000
14150   -1831663.000000
14151   -1831663.500000
14152   -1831663.500000
14153   -1831663.750000
14154   -1831664.125000
14155   -1831664.250000
14156   -1831664.375000
14157   -1831664.500000
14158   -1831664.750000
14159   -1831665.000000
14160   -1831665.250000
14161   -1831665.375000
14162   -1831665.500000
14163   -1831665.750000
14164   -1831666.000000
14165   -1831666.250000
14166   -1831666.500000
14167   -1831666.625000
14168   -1831667.000000
14169   -1831667.000000
14170   -1831667.250000
14171   -1831667.500000
14172   -1831667.625000
14173   -1831667.875000
14174   -1831668.000000
14175   -1831668.500000
14176   -1831668.500000
14177   -1831668.750000
14178   -1831668.875000
14179   -1831669.000000
14180   -1831669.250000
14181   -1831669.625000
14182   -1831669.875000
14183   -1831670.125000
14184   -1831670.250000
14185   -1831670.250000
14186   -1831670.500000
14187   -1831670.750000
14188   -1831671.000000
14189   -1831671.250000
14190   -1831671.250000
14191   -1831671.625000
14192   -1831671.750000
14193   -1831672.125000
14194   -1831672.375000
14195   -1831672.500000
14196   -1831672.625000
14197   -1831673.000000
14198   -1831673.125000
14199   -1831673.250000
14200   -1831673.500000
14201   -1831673.750000
14202   -1831674.000000
14203   -1831674.125000
14204   -1831674.500000
14205   -1831674.750000
14206   -1831674.750000
14207   -1831675.000000
14208   -1831675.250000
14209   -1831675.500000
14210   -1831675.625000
14211   -1831676.000000
14212   -1831676.125000
14213   -1831676.250000
14214   -1831676.500000
14215   -1831676.750000
14216   -1831677.000000
14217   -1831677.250000
14218   -1831677.500000
14219   -1831677.625000
14220   -1831678.000000
14221   -1831678.000000
14222   -1831678.250000
14223   -1831678.750000
14224   -1831678.750000
14225   -1831679.000000
14226   -1831679.250000
14227   -1831679.500000
14228   -1831679.750000
14229   -1831679.750000
14230   -1831680.125000
14231   -1831680.375000
14232   -1831680.500000
14233   -1831680.750000
14234   -1831681.000000
14235   -1831681.250000
14236   -1831681.500000
14237   -1831682.000000
14238   -1831682.000000
14239   -1831682.375000
14240   -1831682.500000
14241   -1831682.750000
14242   -1831683.000000
14243   -1831683.125000
14244   -1831683.500000
14245   -1831683.625000
14246   -1831684.000000
14247   -1831684.250000
14248   -1831684.500000
14249   -1831684.750000
14250   -1831685.000000
14251   -1831685.125000
14252   -1831685.500000
14253   -1831685.625000
14254   -1831686.000000
14255   -1831686.125000
14256   -1831686.500000
14257   -1831686.750000
14258   -1831687.000000
14259   -1831687.250000
14260   -1831687.500000
14261   -1831687.750000
14262   -1831688.000000
14263   -1831688.250000
14264   -1831688.500000
14265   -1831688.750000
14266   -1831689.000000
14267   -1831689.250000
14268   -1831689.625000
14269   -1831689.750000
14270   -1831690.000000
14271   -1831690.375000
14272   -1831690.500000
14273   -1831690.875000
14274   -1831691.125000
14275   -1831691.250000
14276   -1831691.750000
14277   -1831691.750000
14278   -1831692.250000
14279   -1831692.375000
14280   -1831692.750000
14281   -1831693.000000
14282   -1831693.250000
14283   -1831693.500000
14284   -1831693.875000
14285   -1831694.000000
14286   -1831694.250000
14287   -1831694.750000
14288   -1831695.000000
14289   -1831695.125000
14290   -1831695.375000
14291   -1831695.625000
14292   -1831696.000000
14293   -1831696.375000
14294   -1831696.625000
14295   -1831696.875000
14296   -1831697.125000
14297   -1831697.500000
14298   -1831697.750000
14299   -1831698.000000
14300   -1831698.125000
14301   -1831698.500000
14302   -1831698.750000
14303   -1831699.125000
14304   -1831699.500000
14305   -1831699.625000
14306   -1831700.000000
14307   -1831700.250000
14308   -1831700.500000
14309   -1831700.750000
14310   -1831701.125000
14311   -1831701.375000
14312   -1831701.750000
14313   -1831701.875000
14314   -1831702.125000
14315   -1831702.500000
14316   -1831702.750000
14317   -1831703.000000
14318   -1831703.375000
14319   -1831703.625000
14320   -1831703.875000
14321   -1831704.125000
14322   -1831704.500000
14323   -1831704.750000
14324   -1831705.125000
14325   -1831705.250000
14326   -1831705.750000
14327   -1831706.000000
14328   -1831706.250000
14329   -1831706.500000
14330   -1831706.750000
14331   -1831707.000000
14332   -1831707.500000
14333   -1831707.750000
14334   -1831708.000000
14335   -1831708.250000
14336   -1831708.500000
14337   -1831708.750000
14338   -1831709.250000
14339   -1831709.375000
14340   -1831709.625000
14341   -1831710.000000
14342   -1831710.250000
14343   -1831710.625000
14344   -1831710.875000
14345   -1831711.250000
14346   -1831711.500000
14347   -1831711.750000
14348   -1831712.125000
14349   -1831712.250000
14350   -1831712.500000
14351   -1831712.875000
14352   -1831713.250000
14353   -1831713.500000
14354   -1831713.875000
14355   -1831714.250000
14356   -1831714.500000
14357   -1831714.750000
14358   -1831715.000000
14359   -1831715.250000
14360   -1831715.500000
14361   -1831715.750000
14362   -1831716.125000
14363   -1831716.250000
14364   -1831716.750000
14365   -1831717.000000
14366   -1831717.250000
14367   -1831717.500000
14368   -1831717.875000
14369   -1831718.250000
14370   -1831718.500000
14371   -1831718.875000
14372   -1831719.125000
14373   -1831719.375000
14374   -1831719.500000
14375   -1831719.875000
14376   -1831720.000000
14377   -1831720.500000
14378   -1831720.750000
14379   -1831721.000000
14380   -1831721.500000
14381   -1831721.750000
14382   -1831721.875000
14383   -1831722.000000
14384   -1831722.500000
14385   -1831722.750000
14386   -1831723.000000
14387   -1831723.375000
14388   -1831723.750000
14389   -1831723.875000
14390   -1831724.250000
14391   -1831724.500000
14392   -1831724.750000
14393   -1831725.125000
14394   -1831725.375000
14395   -1831725.750000
14396   -1831725.750000
14397   -1831726.125000
14398   -1831726.500000
14399   -1831726.625000
14400   -1831727.000000
14401   -1831727.250000
14402   -1831727.625000
14403   -1831727.875000
14404   -1831728.125000
14405   -1831728.375000
14406   -1831728.750000
14407   -1831729.000000
14408   -1831729.125000
14409   -1831729.500000
14410   -1831729.750000
14411   -1831730.000000
14412   -1831730.250000
14413   -1831730.500000
14414   -1831730.750000
14415   -1831731.000000
14416   -1831731.250000
14417   -1831731.500000
14418   -1831731.750000
14419   -1831732.000000
14420   -1831732.250000
14421   -1831732.625000
14422   -1831732.875000
14423   -1831733.250000
14424   -1831733.500000
14425   -1831733.500000
14426   -1831733.875000
14427   -1831734.250000
14428   -1831734.375000
14429   -1831734.500000
14430   -1831734.875000
14431   -1831735.250000
14432   -1831735.250000
14433   -1831735.625000
14434   -1831735.750000
14435   -1831736.250000
14436   -1831736.500000
14437   -1831736.500000
14438   -1831737.000000
14439   -1831737.000000
14440   -1831737.375000
14441   -1831737.750000
14442   -1831737.875000
14443   -1831738.125000
14444   -1831738.375000
14445   -1831738.625000
14446   -1831738.750000
14447   -1831739.125000
14448   -1831739.375000
14449   -1831739.625000
14450   -1831739.875000
14451   -1831740.250000
14452   -1831740.250000
14453   -1831740.625000
14454   -1831740.875000
14455   -1831741.000000
14456   -1831741.250000
14457   -1831741.500000
14458   -1831741.750000
14459   -1831741.875000
14460   -1831742.125000
14461   -1831742.375000
14462   -1831742.750000
14463   -1831742.750000
14464   -1831743.125000
14465   -1831743.250000
14466   -1831743.500000
14467   -1831743.750000
14468   -1831744.000000
14469   -1831744.125000
14470   -1831744.500000
14471   -1831744.750000
14472   -1831744.750000
14473   -1831745.000000
14474   -1831745.375000
14475   -1831745.500000
14476   -1831745.750000
14477   -1831745.875000
14478   -1831746.000000
14479   -1831746.250000
14480   -1831746.500000
14481   -1831746.875000
14482   -1831747.000000
14483   -1831747.250000
14484   -1831747.500000
14485   -1831747.750000
14486   -1831748.000000
14487   -1831748.125000
14488   -1831748.250000
14489   -1831748.500000
14490   -1831749.000000
14491   -1831749.000000
14492   -1831749.125000
14493   -1831749.500000
14494   -1831749.750000
14495   -1831749.875000
14496   -1831750.000000
14497   -1831750.500000
14498   -1831750.500000
14499   -1831750.750000
14500   -1831751.000000
14501   -1831751.250000
14502   -1831751.375000
14503   -1831751.500000
14504   -1831752.000000
14505   -1831752.000000
14506   -1831752.375000
14507   -1831752.500000
14508   -1831752.750000
14509   -1831753.000000
14510   -1831753.125000
14511   -1831753.375000
14512   -1831753.750000
14513   -1831753.750000
14514   -1831754.000000
14515   -1831754.250000
14516   -1831754.500000
14517   -1831754.500000
14518   -1831754.750000
14519   -1831755.000000
14520   -1831755.250000
14521   -1831755.375000
14522   -1831755.750000
14523   -1831755.750000
14524   -1831756.125000
14525   -1831756.250000
14526   -1831756.500000
14527   -1831756.625000
14528   -1831757.000000
14529   -1831757.250000
14530   -1831757.500000
14531   -1831757.500000
14532   -1831757.750000
14533   -1831758.000000
14534   -1831758.250000
14535   -1831758.500000
14536   -1831758.500000
14537   -1831758.750000
14538   -1831759.125000
14539   -1831759.250000
14540   -1831759.500000
14541   -1831759.750000
14542   -1831760.000000
14543   -1831760.125000
14544   -1831760.250000
14545   -1831760.500000
14546   -1831760.875000
14547   -1831761.000000
14548   -1831761.250000
14549   -1831761.500000
14550   -1831761.750000
14551   -1831762.125000
14552   -1831762.125000
14553   -1831762.375000
14554   -1831762.750000
14555   -1831762.875000
14556   -1831763.000000
14557   -1831763.250000
14558   -1831763.375000
14559   -1831763.500000
14560   -1831763.750000
14561   -1831764.125000
14562   -1831764.375000
14563   -1831764.625000
14564   -1831764.750000
14565   -1831765.000000
14566   -1831765.500000
14567   -1831765.500000
14568   -1831765.750000
14569   -1831765.875000
14570   -1831766.250000
14571   -1831766.250000
14572   -1831766.750000
14573   -1831766.875000
14574   -1831767.250000
14575   -1831767.250000
14576   -1831767.625000
14577   -1831767.750000
14578   -1831768.000000
14579   -1831768.250000
14580   -1831768.500000
14581   -1831768.500000
14582   -1831768.875000
14583   -1831769.250000
14584   -1831769.250000
14585   -1831769.500000
14586   -1831769.750000
14587   -1831770.125000
14588   -1831770.250000
14589   -1831770.500000
14590   -1831770.750000
14591   -1831770.875000
14592   -1831771.250000
14593   -1831771.500000
14594   -1831771.625000
14595   -1831771.875000
14596   -1831772.250000
14597   -1831772.250000
14598   -1831772.625000
14599   -1831772.750000
14600   -1831773.125000
14601   -1831773.250000
14602   -1831773.750000
14603   -1831773.750000
14604   -1831774.125000
14605   -1831774.375000
14606   -1831774.375000
14607   -1831774.750000
14608   -1831775.000000
14609   -1831775.250000
14610   -1831775.250000
14611   -1831775.625000
14612   -1831775.875000
14613   -1831776.125000
14614   -1831776.250000
14615   -1831776.625000
14616   -1831776.750000
14617   -1831777.125000
14618   -1831777.250000
14619   -1831777.500000
14620   -1831777.750000
14621   -1831778.000000
14622   -1831778.250000
14623   -1831778.500000
14624   -1831778.625000
14625   -1831779.000000
14626   -1831779.250000
14627   -1831779.500000
14628   -1831779.750000
14629   -1831780.000000
14630   -1831780.125000
14631   -1831780.500000
14632   -1831780.625000
14633   -1831780.750000
14634   -1831781.125000
14635   -1831781.375000
14636   -1831781.500000
14637   -1831781.750000
14638   -1831782.000000
14639   -1831782.250000
14640   -1831782.500000
14641   -1831782.750000
14642   -1831783.000000
14643   -1831783.250000
14644   -1831783.500000
14645   -1831783.875000
14646   -1831784.000000
14647   -1831784.375000
14648   -1831784.625000
14649   -1831784.750000
14650   -1831785.000000
14651   -1831785.250000
14652   -1831785.500000
14653   -1831785.750000
14654   -1831786.000000
14655   -1831786.250000
14656   -1831786.500000
14657   -1831786.625000
14658   -1831787.000000
14659   -1831787.125000
14660   -1831787.500000
14661   -1831787.750000
14662   -1831788.000000
14663   -1831788.250000
14664   -1831788.500000
14665   -1831788.500000
14666   -1831788.875000
14667   -1831789.125000
14668   -1831789.250000
14669   -1831789.500000
14670   -1831789.750000
14671   -1831790.000000
14672   -1831790.250000
14673   -1831790.750000
14674   -1831790.750000
14675   -1831791.000000
14676   -1831791.250000
14677   -1831791.500000
14678   -1831791.750000
14679   -1831792.000000
14680   -1831792.250000
14681   -1831792.500000
14682   -1831792.750000
14683   -1831793.000000
14684   -1831793.250000
14685   -1831793.625000
14686   -1831793.750000
14687   -1831794.000000
14688   -1831794.250000
14689   -1831794.500000
14690   -1831794.875000
14691   -1831795.000000
14692   -1831795.250000
14693   -1831795.625000
14694   -1831795.875000
14695   -1831796.000000
14696   -1831796.250000
14697   -1831796.500000
14698   -1831796.750000
14699   -1831797.000000
14700   -1831797.250000
14701   -1831797.500000
14702   -1831797.750000
14703   -1831798.000000
14704   -1831798.250000
14705   -1831798.500000
14706   -1831798.750000
14707   -1831799.000000
14708   -1831799.250000
14709   -1831799.500000
14710   -1831799.750000
14711   -1831799.875000
14712   -1831800.125000
14713   -1831800.500000
14714   -1831800.875000
14715   -1831801.250000
14716   -1831801.250000
14717   -1831801.625000
14718   -1831801.875000
14719   -1831802.125000
14720   -1831802.250000
14721   -1831802.500000
14722   -1831802.750000
14723   -1831803.000000
14724   -1831803.250000
14725   -1831803.625000
14726   -1831803.875000
14727   -1831804.125000
14728   -1831804.250000
14729   -1831804.500000
14730   -1831804.750000
14731   -1831805.000000
14732   -1831805.375000
14733   -1831805.625000
14734   -1831805.750000
14735   -1831806.125000
14736   -1831806.375000
14737   -1831806.625000
14738   -1831806.875000
14739   -1831807.000000
14740   -1831807.375000
14741   -1831807.625000
14742   -1831807.875000
14743   -1831808.125000
14744   -1831808.375000
14745   -1831808.625000
14746   -1831808.750000
14747   -1831809.250000
14748   -1831809.500000
14749   -1831809.750000
14750   -1831810.000000
14751   -1831810.250000
14752   -1831810.625000
14753   -1831810.750000
14754   -1831811.125000
14755   -1831811.250000
14756   -1831811.500000
14757   -1831811.750000
14758   -1831812.000000
14759   -1831812.375000
14760   -1831812.500000
14761   -1831812.750000
14762   -1831813.000000
14763   -1831813.250000
14764   -1831813.500000
14765   -1831813.875000
14766   -1831814.000000
14767   -1831814.375000
14768   -1831814.625000
14769   -1831814.875000
14770   -1831815.000000
14771   -1831815.375000
14772   -1831815.500000
14773   -1831815.750000
14774   -1831816.125000
14775   -1831816.375000
14776   -1831816.625000
14777   -1831817.000000
14778   -1831817.250000
14779   -1831817.375000
14780   -1831817.750000
14781   -1831818.000000
14782   -1831818.000000
14783   -1831818.375000
14784   -1831818.750000
14785   -1831818.875000
14786   -1831819.250000
14787   -1831819.500000
14788   -1831819.625000
14789   -1831820.000000
14790   -1831820.250000
14791   -1831820.500000
14792   -1831820.750000
14793   -1831820.875000
14794   -1831821.000000
14795   -1831821.375000
14796   -1831821.625000
14797   -1831822.000000
14798   -1831822.125000
14799   -1831822.375000
14800   -1831822.625000
14801   -1831823.000000
14802   -1831823.250000
14803   -1831823.375000
14804   -1831823.625000
14805   -1831824.000000
14806   -1831824.125000
14807   -1831824.250000
14808   -1831824.625000
14809   -1831824.875000
14810   -1831825.000000
14811   -1831825.375000
14812   -1831825.500000
14813   -1831825.750000
14814   -1831826.000000
14815   -1831826.500000
14816   -1831826.625000
14817   -1831826.875000
14818   -1831827.250000
14819   -1831827.250000
14820   -1831827.500000
14821   -1831827.750000
14822   -1831828.000000
14823   -1831828.500000
14824   -1831828.500000
14825   -1831828.750000
14826   -1831829.000000
14827   -1831829.250000
14828   -1831829.500000
14829   -1831829.750000
14830   -1831830.000000
14831   -1831830.250000
14832   -1831830.500000
14833   -1831830.625000
14834   -1831831.000000
14835   -1831831.250000
14836   -1831831.500000
14837   -1831831.750000
14838   -1831831.875000
14839   -1831832.250000
14840   -1831832.375000
14841   -1831832.625000
14842   -1831832.750000
14843   -1831833.125000
14844   -1831833.250000
14845   -1831833.500000
14846   -1831833.875000
14847   -1831834.000000
14848   -1831834.250000
14849   -1831834.500000
14850   -1831834.750000
14851   -1831835.000000
14852   -1831835.250000
14853   -1831835.500000
14854   -1831835.750000
14855   -1831835.875000
14856   -1831836.250000
14857   -1831836.500000
14858   -1831836.500000
14859   -1831836.875000
14860   -1831837.000000
14861   -1831837.250000
14862   -1831837.500000
14863   -1831837.750000
14864   -1831837.875000
14865   -1831838.125000
14866   -1831838.500000
14867   -1831838.500000
14868   -1831838.750000
14869   -1831839.000000
14870   -1831839.250000
14871   -1831839.500000
14872   -1831839.750000
14873   -1831839.875000
14874   -1831840.125000
14875   -1831840.250000
14876   -1831840.500000
14877   -1831840.750000
14878   -1831841.000000
14879   -1831841.250000
14880   -1831841.250000
14881   -1831841.625000
14882   -1831841.875000
14883   -1831842.000000
14884   -1831842.250000
14885   -1831842.500000
14886   -1831842.625000
14887   -1831842.750000
14888   -1831843.000000
14889   -1831843.250000
14890   -1831843.500000
14891   -1831843.750000
14892   -1831843.750000
14893   -1831844.125000
14894   -1831844.250000
14895   -1831844.625000
14896   -1831844.875000
14897   -1831845.000000
14898   -1831845.250000
14899   -1831845.375000
14900   -1831845.500000
14901   -1831845.750000
14902   -1831846.000000
14903   -1831846.125000
14904   -1831846.375000
14905   -1831846.500000
14906   -1831846.750000
14907   -1831847.000000
14908   -1831847.125000
14909   -1831847.250000
14910   -1831847.500000
14911   -1831847.750000
14912   -1831848.000000
14913   -1831848.250000
14914   -1831848.500000
14915   -1831848.500000
14916   -1831848.750000
14917   -1831849.000000
14918   -1831849.250000
14919   -1831849.500000
14920   -1831849.625000
14921   -1831849.750000
14922   -1831850.000000
14923   -1831850.250000
14924   -1831850.375000
14925   -1831850.625000
14926   -1831850.750000
14927   -1831851.000000
14928   -1831851.250000
14929   -1831851.500000
14930   -1831851.625000
14931   -1831851.875000
14932   -1831852.125000
14933   -1831852.250000
14934   -1831852.375000
14935   -1831852.750000
14936   -1831852.750000
14937   -1831853.125000
14938   -1831853.125000
14939   -1831853.375000
14940   -1831853.625000
14941   -1831853.750000
14942   -1831854.000000
14943   -1831854.250000
14944   -1831854.500000
14945   -1831854.500000
14946   -1831854.750000
14947   -1831855.000000
14948   -1831855.250000
14949   -1831855.250000
14950   -1831855.375000
14951   -1831855.625000
14952   -1831855.875000
14953   -1831856.000000
14954   -1831856.250000
14955   -1831856.500000
14956   -1831856.500000
14957   -1831856.750000
14958   -1831857.000000
14959   -1831857.125000
14960   -1831857.250000
14961   -1831857.500000
14962   -1831857.750000
14963   -1831858.000000
14964   -1831858.000000
14965   -1831858.125000
14966   -1831858.375000
14967   -1831858.500000
14968   -1831858.875000
14969   -1831859.000000
14970   -1831859.125000
14971   -1831859.250000
14972   -1831859.375000
14973   -1831859.625000
14974   -1831859.750000
14975   -1831860.000000
14976   -1831860.250000
14977   -1831860.375000
14978   -1831860.500000
14979   -1831860.750000
14980   -1831860.750000
14981   -1831861.000000
14982   -1831861.250000
14983   -1831861.250000
14984   -1831861.500000
14985   -1831861.750000
14986   -1831861.875000
14987   -1831862.250000
14988   -1831862.250000
14989   -1831862.500000
14990   -1831862.500000
14991   -1831862.750000
14992   -1831862.875000
14993   -1831863.000000
14994   -1831863.125000
14995   -1831863.500000
14996   -1831863.500000
14997   -1831863.750000
14998   -1831863.875000
14999   -1831864.000000
15000   -1831864.500000
15001   -1831864.500000
15002   -1831864.500000
15003   -1831864.625000
15004   -1831864.750000
15005   -1831865.000000
15006   -1831865.250000
15007   -1831865.250000
15008   -1831865.500000
15009   -1831865.500000
15010   -1831865.750000
15011   -1831865.875000
15012   -1831866.250000
15013   -1831866.250000
15014   -1831866.500000
15015   -1831866.500000
15016   -1831866.750000
15017   -1831866.875000
15018   -1831867.125000
15019   -1831867.250000
15020   -1831867.375000
15021   -1831867.500000
15022   -1831867.750000
15023   -1831867.750000
15024   -1831868.000000
15025   -1831868.250000
15026   -1831868.250000
15027   -1831868.500000
15028   -1831868.625000
15029   -1831868.750000
15030   -1831868.875000
15031   -1831869.000000
15032   -1831869.250000
15033   -1831869.375000
15034   -1831869.375000
15035   -1831869.625000
15036   -1831869.625000
15037   -1831869.875000
15038   -1831870.000000
15039   -1831870.250000
15040   -1831870.250000
15041   -1831870.500000
15042   -1831870.625000
15043   -1831870.750000
15044   -1831871.000000
15045   -1831871.000000
15046   -1831871.250000
15047   -1831871.375000
15048   -1831871.500000
15049   -1831871.500000
15050   -1831871.625000
15051   -1831871.875000
15052   -1831872.000000
15053   -1831872.000000
15054   -1831872.250000
15055   -1831872.250000
15056   -1831872.500000
15057   -1831872.750000
15058   -1831872.750000
15059   -1831872.875000
15060   -1831873.250000
15061   -1831873.250000
15062   -1831873.250000
15063   -1831873.375000
15064   -1831873.750000
15065   -1831873.750000
15066   -1831873.875000
15067   -1831874.000000
15068   -1831874.250000
15069   -1831874.000000
15070   -1831874.250000
15071   -1831874.500000
15072   -1831874.625000
15073   -1831874.875000
15074   -1831875.000000
15075   -1831875.125000
15076   -1831875.250000
15077   -1831875.375000
15078   -1831875.500000
15079   -1831875.625000
15080   -1831875.750000
15081   -1831876.000000
15082   -1831876.000000
15083   -1831876.125000
15084   -1831876.250000
15085   -1831876.500000
15086   -1831876.500000
15087   -1831876.750000
15088   -1831876.875000
15089   -1831877.000000
15090   -1831877.125000
15091   -1831877.250000
15092   -1831877.250000
15093   -1831877.500000
15094   -1831877.625000
15095   -1831877.750000
15096   -1831877.875000
15097   -1831878.000000
15098   -1831878.250000
15099   -1831878.250000
15100   -1831878.500000
15101   -1831878.625000
15102   -1831878.750000
15103   -1831878.750000
15104   -1831879.125000
15105   -1831879.250000
15106   -1831879.250000
15107   -1831879.500000
15108   -1831879.625000
15109   -1831879.625000
15110   -1831879.875000
15111   -1831880.000000
15112   -1831880.125000
15113   -1831880.250000
15114   -1831880.500000
15115   -1831880.750000
15116   -1831880.750000
15117   -1831881.000000
15118   -1831881.000000
15119   -1831881.000000
15120   -1831881.250000
15121   -1831881.500000
15122   -1831881.625000
15123   -1831881.875000
15124   -1831882.000000
15125   -1831882.000000
15126   -1831882.250000
15127   -1831882.500000
15128   -1831882.750000
15129   -1831882.750000
15130   -1831882.750000
15131   -1831883.000000
15132   -1831883.250000
15133   -1831883.250000
15134   -1831883.500000
15135   -1831883.625000
15136   -1831883.750000
15137   -1831884.000000
15138   -1831884.000000
15139   -1831884.125000
15140   -1831884.375000
15141   -1831884.625000
15142   -1831884.750000
15143   -1831884.750000
15144   -1831885.250000
15145   -1831885.250000
15146   -1831885.625000
15147   -1831885.500000
15148   -1831885.750000
15149   -1831885.750000
15150   -1831886.125000
15151   -1831886.250000
15152   -1831886.500000
15153   -1831886.625000
15154   -1831886.750000
15155   -1831886.750000
15156   -1831887.125000
15157   -1831887.125000
15158   -1831887.500000
15159   -1831887.500000
15160   -1831887.750000
15161   -1831888.000000
15162   -1831888.250000
15163   -1831888.250000
15164   -1831888.500000
15165   -1831888.500000
15166   -1831888.750000
15167   -1831888.875000
15168   -1831889.000000
15169   -1831889.500000
15170   -1831889.375000
15171   -1831889.625000
15172   -1831889.750000
15173   -1831890.000000
15174   -1831890.250000
15175   -1831890.250000
15176   -1831890.500000
15177   -1831890.750000
15178   -1831891.000000
15179   -1831891.000000
15180   -1831891.250000
15181   -1831891.500000
15182   -1831891.500000
15183   -1831891.875000
15184   -1831892.000000
15185   -1831892.125000
15186   -1831892.375000
15187   -1831892.500000
15188   -1831892.500000
15189   -1831892.750000
15190   -1831893.000000
15191   -1831893.250000
15192   -1831893.250000
15193   -1831893.625000
15194   -1831893.750000
15195   -1831893.875000
15196   -1831894.250000
15197   -1831894.250000
15198   -1831894.375000
15199   -1831894.625000
15200   -1831894.750000
15201   -1831895.000000
15202   -1831895.250000
15203   -1831895.375000
15204   -1831895.500000
15205   -1831895.875000
15206   -1831896.000000
15207   -1831896.125000
15208   -1831896.250000
15209   -1831896.500000
15210   -1831896.750000
15211   -1831896.875000
15212   -1831897.000000
15213   -1831897.250000
15214   -1831897.375000
15215   -1831897.500000
15216   -1831897.750000
15217   -1831898.000000
15218   -1831898.250000
15219   -1831898.500000
15220   -1831898.750000
15221   -1831898.750000
15222   -1831899.250000
15223   -1831899.250000
15224   -1831899.375000
15225   -1831899.750000
15226   -1831900.000000
15227   -1831900.125000
15228   -1831900.250000
15229   -1831900.500000
15230   -1831900.625000
15231   -1831901.000000
15232   -1831901.000000
15233   -1831901.125000
15234   -1831901.500000
15235   -1831901.750000
15236   -1831902.000000
15237   -1831902.125000
15238   -1831902.375000
15239   -1831902.375000
15240   -1831902.625000
15241   -1831902.750000
15242   -1831903.250000
15243   -1831903.375000
15244   -1831903.500000
15245   -1831903.750000
15246   -1831904.000000
15247   -1831904.250000
15248   -1831904.250000
15249   -1831904.500000
15250   -1831904.875000
15251   -1831904.875000
15252   -1831905.250000
15253   -1831905.375000
15254   -1831905.625000
15255   -1831905.750000
15256   -1831906.000000
15257   -1831906.125000
15258   -1831906.375000
15259   -1831906.625000
15260   -1831906.750000
15261   -1831907.125000
15262   -1831907.250000
15263   -1831907.500000
15264   -1831907.750000
15265   -1831907.875000
15266   -1831908.375000
15267   -1831908.250000
15268   -1831908.500000
15269   -1831908.625000
15270   -1831909.000000
15271   -1831909.125000
15272   -1831909.375000
15273   -1831909.750000
15274   -1831909.750000
15275   -1831910.250000
15276   -1831910.250000
15277   -1831910.375000
15278   -1831910.500000
15279   -1831910.875000
15280   -1831911.000000
15281   -1831911.250000
15282   -1831911.500000
15283   -1831911.875000
15284   -1831911.875000
15285   -1831912.250000
15286   -1831912.375000
15287   -1831912.500000
15288   -1831912.750000
15289   -1831913.000000
15290   -1831913.250000
15291   -1831913.375000
15292   -1831913.750000
15293   -1831913.750000
15294   -1831914.125000
15295   -1831914.375000
15296   -1831914.625000
15297   -1831914.750000
15298   -1831915.000000
15299   -1831915.125000
15300   -1831915.375000
15301   -1831915.625000
15302   -1831916.000000
15303   -1831916.250000
15304   -1831916.250000
15305   -1831916.500000
15306   -1831916.750000
15307   -1831916.875000
15308   -1831917.250000
15309   -1831917.375000
15310   -1831917.500000
15311   -1831917.750000
15312   -1831918.000000
15313   -1831918.375000
15314   -1831918.500000
15315   -1831918.750000
15316   -1831919.000000
15317   -1831919.125000
15318   -1831919.250000
15319   -1831919.500000
15320   -1831919.750000
15321   -1831920.000000
15322   -1831920.250000
15323   -1831920.500000
15324   -1831920.750000
15325   -1831921.000000
15326   -1831921.000000
15327   -1831921.250000
15328   -1831921.500000
15329   -1831921.750000
15330   -1831922.000000
15331   -1831922.250000
15332   -1831922.375000
15333   -1831922.625000
15334   -1831922.875000
15335   -1831923.125000
15336   -1831923.250000
15337   -1831923.500000
15338   -1831923.750000
15339   -1831924.000000
15340   -1831924.000000
15341   -1831924.375000
15342   -1831924.750000
15343   -1831925.000000
15344   -1831925.125000
15345   -1831925.250000
15346   -1831925.250000
15347   -1831925.750000
15348   -1831926.125000
15349   -1831926.125000
15350   -1831926.250000
15351   -1831926.500000
15352   -1831926.875000
15353   -1831926.875000
15354   -1831927.250000
15355   -1831927.500000
15356   -1831927.750000
15357   -1831927.750000
15358   -1831928.000000
15359   -1831928.250000
15360   -1831928.500000
15361   -1831928.750000
15362   -1831929.000000
15363   -1831929.250000
15364   -1831929.250000
15365   -1831929.500000
15366   -1831929.750000
15367   -1831930.000000
15368   -1831930.000000
15369   -1831930.500000
15370   -1831930.625000
15371   -1831931.000000
15372   -1831931.125000
15373   -1831931.250000
15374   -1831931.500000
15375   -1831931.875000
15376   -1831932.000000
15377   -1831932.000000
15378   -1831932.500000
15379   -1831932.750000
15380   -1831932.750000
15381   -1831933.000000
15382   -1831933.250000
15383   -1831933.500000
15384   -1831933.750000
15385   -1831934.000000
15386   -1831934.125000
15387   -1831934.250000
15388   -1831934.500000
15389   -1831934.750000
15390   -1831935.000000
15391   -1831935.250000
15392   -1831935.500000
15393   -1831935.625000
15394   -1831935.750000
15395   -1831936.000000
15396   -1831936.375000
15397   -1831936.500000
15398   -1831936.500000
15399   -1831937.000000
15400   -1831937.250000
15401   -1831937.375000
15402   -1831937.625000
15403   -1831937.750000
15404   -1831938.250000
15405   -1831938.250000
15406   -1831938.500000
15407   -1831938.750000
15408   -1831938.875000
15409   -1831939.250000
15410   -1831939.500000
15411   -1831939.750000
15412   -1831939.750000
15413   -1831940.125000
15414   -1831940.250000
15415   -1831940.500000
15416   -1831940.750000
15417   -1831941.000000
15418   -1831941.125000
15419   -1831941.500000
15420   -1831941.625000
15421   -1831941.750000
15422   -1831942.125000
15423   -1831942.250000
15424   -1831942.500000
15425   -1831942.750000
15426   -1831943.000000
15427   -1831943.000000
15428   -1831943.500000
15429   -1831943.625000
15430   -1831943.750000
15431   -1831944.000000
15432   -1831944.250000
15433   -1831944.500000
15434   -1831944.750000
15435   -1831945.000000
15436   -1831945.250000
15437   -1831945.375000
15438   -1831945.500000
15439   -1831945.750000
15440   -1831946.000000
15441   -1831946.250000
15442   -1831946.500000
15443   -1831946.750000
15444   -1831946.750000
15445   -1831947.125000
15446   -1831947.250000
15447   -1831947.625000
15448   -1831947.875000
15449   -1831948.000000
15450   -1831948.125000
15451   -1831948.500000
15452   -1831948.750000
15453   -1831948.875000
15454   -1831949.000000
15455   -1831949.250000
15456   -1831949.500000
15457   -1831949.750000
15458   -1831949.875000
15459   -1831950.125000
15460   -1831950.250000
15461   -1831950.250000
15462   -1831950.750000
15463   -1831950.750000
15464   -1831951.250000
15465   -1831951.375000
15466   -1831951.500000
15467   -1831951.750000
15468   -1831952.000000
15469   -1831952.000000
15470   -1831952.250000
15471   -1831952.500000
15472   -1831952.500000
15473   -1831952.875000
15474   -1831953.250000
15475   -1831953.250000
15476   -1831953.500000
15477   -1831953.750000
15478   -1831954.000000
15479   -1831954.125000
15480   -1831954.250000
15481   -1831954.500000
15482   -1831954.750000
15483   -1831955.000000
15484   -1831955.125000
15485   -1831955.375000
15486   -1831955.500000
15487   -1831955.750000
15488   -1831955.875000
15489   -1831956.125000
15490   -1831956.375000
15491   -1831956.500000
15492   -1831956.750000
15493   -1831957.000000
15494   -1831957.000000
15495   -1831957.375000
15496   -1831957.500000
15497   -1831957.750000
15498   -1831958.000000
15499   -1831958.125000
15500   -1831958.250000
15501   -1831958.500000
15502   -1831958.875000
15503   -1831959.000000
15504   -1831959.250000
15505   -1831959.250000
15506   -1831959.750000
15507   -1831959.750000
15508   -1831960.000000
15509   -1831960.250000
15510   -1831960.375000
15511   -1831960.500000
15512   -1831960.750000
15513   -1831961.000000
15514   -1831961.000000
15515   -1831961.250000
15516   -1831961.500000
15517   -1831961.625000
15518   -1831962.000000
15519   -1831962.125000
15520   -1831962.250000
15521   -1831962.500000
15522   -1831962.625000
15523   -1831962.750000
15524   -1831963.000000
15525   -1831963.125000
15526   -1831963.375000
15527   -1831963.500000
15528   -1831963.875000
15529   -1831964.000000
15530   -1831964.250000
15531   -1831964.500000
15532   -1831964.625000
15533   -1831964.750000
15534   -1831965.000000
15535   -1831965.000000
15536   -1831965.375000
15537   -1831965.500000
15538   -1831965.750000
15539   -1831966.000000
15540   -1831966.125000
15541   -1831966.250000
15542   -1831966.500000
15543   -1831966.750000
15544   -1831966.875000
15545   -1831967.000000
15546   -1831967.250000
15547   -1831967.500000
15548   -1831967.750000
15549   -1831967.875000
15550   -1831968.000000
15551   -1831968.250000
15552   -1831968.625000
15553   -1831968.625000
15554   -1831969.000000
15555   -1831969.125000
15556   -1831969.500000
15557   -1831969.500000
15558   -1831969.750000
15559   -1831969.750000
15560   -1831970.000000
15561   -1831970.250000
15562   -1831970.250000
15563   -1831970.750000
15564   -1831970.875000
15565   -1831971.000000
15566   -1831971.250000
15567   -1831971.500000
15568   -1831971.750000
15569   -1831971.875000
15570   -1831972.125000
15571   -1831972.500000
15572   -1831972.500000
15573   -1831972.750000
15574   -1831972.875000
15575   -1831973.000000
15576   -1831973.250000
15577   -1831973.500000
15578   -1831973.750000
15579   -1831973.750000
15580   -1831974.250000
15581   -1831974.250000
15582   -1831974.500000
15583   -1831974.750000
15584   -1831974.875000
15585   -1831975.000000
15586   -1831975.250000
15587   -1831975.500000
15588   -1831975.625000
15589   -1831976.000000
15590   -1831976.125000
15591   -1831976.375000
15592   -1831976.625000
15593   -1831977.000000
15594   -1831977.000000
15595   -1831977.125000
15596   -1831977.375000
15597   -1831977.750000
15598   -1831977.875000
15599   -1831978.000000
15600   -1831978.125000
15601   -1831978.500000
15602   -1831978.750000
15603   -1831978.750000
15604   -1831979.250000
15605   -1831979.250000
15606   -1831979.750000
15607   -1831979.875000
15608   -1831980.000000
15609   -1831980.125000
15610   -1831980.500000
15611   -1831980.750000
15612   -1831981.000000
15613   -1831981.250000
15614   -1831981.500000
15615   -1831981.625000
15616   -1831982.000000
15617   -1831982.000000
15618   -1831982.250000
15619   -1831982.500000
15620   -1831982.750000
15621   -1831983.000000
15622   -1831983.250000
15623   -1831983.375000
15624   -1831983.625000
15625   -1831984.000000
15626   -1831984.250000
15627   -1831984.250000
15628   -1831984.625000
15629   -1831984.750000
15630   -1831985.000000
15631   -1831985.250000
15632   -1831985.625000
15633   -1831985.750000
15634   -1831986.000000
15635   -1831986.500000
15636   -1831986.750000
15637   -1831986.875000
15638   -1831987.000000
15639   -1831987.375000
15640   -1831987.750000
15641   -1831987.875000
15642   -1831988.125000
15643   -1831988.500000
15644   -1831988.500000
15645   -1831988.750000
15646   -1831988.875000
15647   -1831989.250000
15648   -1831989.625000
15649   -1831990.000000
15650   -1831990.125000
15651   -1831990.500000
15652   -1831990.750000
15653   -1831990.875000
15654   -1831991.375000
15655   -1831991.750000
15656   -1831991.875000
15657   -1831992.250000
15658   -1831992.250000
15659   -1831992.500000
15660   -1831993.000000
15661   -1831993.250000
15662   -1831993.500000
15663   -1831993.750000
15664   -1831994.000000
15665   -1831994.250000
15666   -1831994.500000
15667   -1831994.750000
15668   -1831995.000000
15669   -1831995.250000
15670   -1831995.750000
15671   -1831996.000000
15672   -1831996.250000
15673   -1831996.500000
15674   -1831996.875000
15675   -1831997.000000
15676   -1831997.375000
15677   -1831998.000000
15678   -1831998.000000
15679   -1831998.250000
15680   -1831998.750000
15681   -1831998.750000
15682   -1831999.125000
15683   -1831999.500000
15684   -1831999.875000
15685   -1832000.125000
15686   -1832000.500000
15687   -1832000.750000
15688   -1832001.250000
15689   -1832001.500000
15690   -1832001.625000
15691   -1832002.125000
15692   -1832002.250000
15693   -1832002.750000
15694   -1832003.000000
15695   -1832003.375000
15696   -1832003.750000
15697   -1832003.875000
15698   -1832004.250000
15699   -1832004.750000
15700   -1832005.000000
15701   -1832005.375000
15702   -1832005.750000
15703   -1832006.125000
15704   -1832006.625000
15705   -1832007.000000
15706   -1832007.250000
15707   -1832007.250000
15708   -1832007.750000
15709   -1832008.125000
15710   -1832008.625000
15711   -1832009.000000
15712   -1832009.250000
15713   -1832009.625000
15714   -1832009.875000
15715   -1832010.500000
15716   -1832010.750000
15717   -1832011.000000
15718   -1832011.500000
15719   -1832011.750000
15720   -1832012.125000
15721   -1832012.750000
15722   -1832013.000000
15723   -1832013.375000
15724   -1832013.625000
15725   -1832014.250000
15726   -1832014.250000
15727   -1832014.750000
15728   -1832015.125000
15729   -1832015.500000
15730   -1832016.250000
15731   -1832016.250000
15732   -1832016.750000
15733   -1832017.250000
15734   -1832017.750000
15735   -1832017.875000
15736   -1832018.250000
15737   -1832018.750000
15738   -1832019.125000
15739   -1832019.625000
15740   -1832019.750000
15741   -1832020.500000
15742   -1832020.875000
15743   -1832021.000000
15744   -1832021.625000
15745   -1832022.000000
15746   -1832022.250000
15747   -1832022.750000
15748   -1832023.250000
15749   -1832023.500000
15750   -1832023.875000
15751   -1832024.250000
15752   -1832024.750000
15753   -1832025.000000
15754   -1832025.500000
15755   -1832026.125000
15756   -1832026.500000
15757   -1832026.875000
15758   -1832027.250000
15759   -1832027.500000
15760   -1832028.000000
15761   -1832028.375000
15762   -1832028.875000
15763   -1832029.250000
15764   -1832029.625000
15765   -1832030.000000
15766   -1832030.625000
15767   -1832030.750000
15768   -1832031.250000
15769   -1832031.750000
15770   -1832032.250000
15771   -1832032.500000
15772   -1832032.875000
15773   -1832033.125000
15774   -1832033.750000
15775   -1832034.250000
15776   -1832034.500000
15777   -1832034.750000
15778   -1832035.125000
15779   -1832035.500000
15780   -1832036.000000
15781   -1832036.500000
15782   -1832036.875000
15783   -1832037.250000
15784   -1832037.500000
15785   -1832038.000000
15786   -1832038.375000
15787   -1832038.625000
15788   -1832039.125000
15789   -1832039.500000
15790   -1832040.000000
15791   -1832040.500000
15792   -1832040.625000
15793   -1832041.000000
15794   -1832041.375000
15795   -1832041.875000
15796   -1832042.125000
15797   -1832042.500000
15798   -1832043.000000
15799   -1832043.375000
15800   -1832043.750000
15801   -1832044.250000
15802   -1832044.375000
15803   -1832045.000000
15804   -1832045.250000
15805   -1832045.625000
15806   -1832046.000000
15807   -1832046.250000
15808   -1832046.750000
15809   -1832047.000000
15810   -1832047.250000
15811   -1832047.750000
15812   -1832048.250000
15813   -1832048.500000
15814   -1832048.750000
15815   -1832049.125000
15816   -1832049.500000
15817   -1832049.750000
15818   -1832050.250000
15819   -1832050.500000
15820   -1832051.125000
15821   -1832051.250000
15822   -1832051.750000
15823   -1832052.000000
15824   -1832052.500000
15825   -1832052.500000
15826   -1832053.000000
15827   -1832053.500000
15828   -1832053.875000
15829   -1832054.000000
15830   -1832054.500000
15831   -1832054.750000
15832   -1832055.125000
15833   -1832055.500000
15834   -1832056.000000
15835   -1832056.125000
15836   -1832056.375000
15837   -1832056.875000
15838   -1832057.000000
15839   -1832057.750000
15840   -1832057.750000
15841   -1832058.250000
15842   -1832058.375000
15843   -1832058.875000
15844   -1832059.250000
15845   -1832059.500000
15846   -1832060.000000
15847   -1832060.500000
15848   -1832060.500000
15849   -1832060.875000
15850   -1832061.250000
15851   -1832061.500000
15852   -1832061.750000
15853   -1832062.125000
15854   -1832062.500000
15855   -1832062.750000
15856   -1832062.875000
15857   -1832063.500000
15858   -1832063.750000
15859   -1832064.000000
15860   -1832064.250000
15861   -1832064.750000
15862   -1832065.125000
15863   -1832065.250000
15864   -1832065.750000
15865   -1832066.000000
15866   -1832066.250000
15867   -1832066.750000
15868   -1832067.000000
15869   -1832067.250000
15870   -1832067.750000
15871   -1832068.000000
15872   -1832068.250000
15873   -1832068.500000
15874   -1832069.000000
15875   -1832069.250000
15876   -1832069.750000
15877   -1832069.750000
15878   -1832070.125000
15879   -1832070.250000
15880   -1832070.750000
15881   -1832071.000000
15882   -1832071.375000
15883   -1832071.750000
15884   -1832072.000000
15885   -1832072.375000
15886   -1832072.750000
15887   -1832073.000000
15888   -1832073.250000
15889   -1832073.500000
15890   -1832073.750000
15891   -1832074.375000
15892   -1832074.500000
15893   -1832074.750000
15894   -1832075.250000
15895   -1832075.500000
15896   -1832075.625000
15897   -1832076.125000
15898   -1832076.500000
15899   -1832076.625000
15900   -1832077.250000
15901   -1832077.500000
15902   -1832077.750000
15903   -1832078.000000
15904   -1832078.250000
15905   -1832078.750000
15906   -1832079.000000
15907   -1832079.250000
15908   -1832079.500000
15909   -1832080.000000
15910   -1832080.250000
15911   -1832080.500000
15912   -1832080.750000
15913   -1832081.125000
15914   -1832081.500000
15915   -1832081.750000
15916   -1832081.750000
15917   -1832082.500000
15918   -1832082.750000
15919   -1832083.000000
15920   -1832083.250000
15921   -1832083.750000
15922   -1832084.000000
15923   -1832084.250000
15924   -1832084.625000
15925   -1832085.000000
15926   -1832085.000000
15927   -1832085.500000
15928   -1832085.625000
15929   -1832086.000000
15930   -1832086.250000
15931   -1832086.750000
15932   -1832087.000000
15933   -1832087.375000
15934   -1832087.500000
15935   -1832087.750000
15936   -1832088.250000
15937   -1832088.500000
15938   -1832088.750000
15939   -1832089.250000
15940   -1832089.375000
15941   -1832089.750000
15942   -1832090.250000
15943   -1832090.500000
15944   -1832090.750000
15945   -1832091.000000
15946   -1832091.250000
15947   -1832091.750000
15948   -1832092.000000
15949   -1832092.250000
15950   -1832092.750000
15951   -1832092.875000
15952   -1832093.500000
15953   -1832093.750000
15954   -1832094.000000
15955   -1832094.250000
15956   -1832094.625000
15957   -1832095.125000
15958   -1832095.375000
15959   -1832095.750000
15960   -1832096.000000
15961   -1832096.250000
15962   -1832096.625000
15963   -1832097.000000
15964   -1832097.250000
15965   -1832097.500000
15966   -1832098.125000
15967   -1832098.500000
15968   -1832098.500000
15969   -1832099.000000
15970   -1832099.500000
15971   -1832099.750000
15972   -1832099.875000
15973   -1832100.250000
15974   -1832100.500000
15975   -1832101.000000
15976   -1832101.500000
15977   -1832101.625000
15978   -1832101.875000
15979   -1832102.250000
15980   -1832102.625000
15981   -1832103.000000
15982   -1832103.125000
15983   -1832103.625000
15984   -1832104.000000
15985   -1832104.375000
15986   -1832104.625000
15987   -1832104.750000
15988   -1832105.250000
15989   -1832105.500000
15990   -1832106.000000
15991   -1832106.250000
15992   -1832106.625000
15993   -1832107.000000
15994   -1832107.375000
15995   -1832107.500000
15996   -1832108.000000
15997   -1832108.250000
15998   -1832108.500000
15999   -1832108.875000
16000   -1832109.250000
16001   -1832109.750000
16002   -1832110.000000
16003   -1832110.250000
16004   -1832110.625000
16005   -1832110.875000
16006   -1832111.250000
16007   -1832111.750000
16008   -1832112.000000
16009   -1832112.375000
16010   -1832112.750000
16011   -1832113.000000
16012   -1832113.250000
16013   -1832113.750000
16014   -1832114.000000
16015   -1832114.375000
16016   -1832114.500000
16017   -1832115.000000
16018   -1832115.500000
16019   -1832115.750000
16020   -1832116.000000
16021   -1832116.250000
16022   -1832116.750000
16023   -1832117.000000
16024   -1832117.375000
16025   -1832117.750000
16026   -1832118.000000
16027   -1832118.375000
16028   -1832118.625000
16029   -1832118.875000
16030   -1832119.250000
16031   -1832119.750000
16032   -1832120.000000
16033   -1832120.250000
16034   -1832120.750000
16035   -1832121.000000
16036   -1832121.375000
16037   -1832121.500000
16038   -1832122.000000
16039   -1832122.375000
16040   -1832122.500000
16041   -1832123.250000
16042   -1832123.375000
16043   -1832123.500000
16044   -1832124.000000
16045   -1832124.500000
16046   -1832124.500000
16047   -1832125.125000
16048   -1832125.250000
16049   -1832125.625000
16050   -1832125.625000
16051   -1832126.125000
16052   -1832126.500000
16053   -1832126.750000
16054   -1832127.125000
16055   -1832127.500000
16056   -1832127.750000
16057   -1832128.000000
16058   -1832128.000000
16059   -1832128.500000
16060   -1832128.750000
16061   -1832129.125000
16062   -1832129.625000
16063   -1832129.750000
16064   -1832130.125000
16065   -1832130.250000
16066   -1832130.750000
16067   -1832130.875000
16068   -1832131.250000
16069   -1832131.625000
16070   -1832131.750000
16071   -1832132.125000
16072   -1832132.500000
16073   -1832132.750000
16074   -1832133.000000
16075   -1832133.375000
16076   -1832133.500000
16077   -1832133.750000
16078   -1832134.250000
16079   -1832134.375000
16080   -1832134.750000
16081   -1832135.000000
16082   -1832135.250000
16083   -1832135.500000
16084   -1832135.750000
16085   -1832136.250000
16086   -1832136.375000
16087   -1832136.750000
16088   -1832137.000000
16089   -1832137.375000
16090   -1832137.500000
16091   -1832137.750000
16092   -1832138.000000
16093   -1832138.500000
16094   -1832138.750000
16095   -1832139.000000
16096   -1832139.000000
16097   -1832139.500000
16098   -1832139.750000
16099   -1832140.000000
16100   -1832140.250000
16101   -1832140.625000
16102   -1832140.750000
16103   -1832141.000000
16104   -1832141.250000
16105   -1832141.500000
16106   -1832142.000000
16107   -1832142.250000
16108   -1832142.500000
16109   -1832142.750000
16110   -1832143.000000
16111   -1832143.250000
16112   -1832143.375000
16113   -1832143.750000
16114   -1832144.000000
16115   -1832144.000000
16116   -1832144.500000
16117   -1832144.750000
16118   -1832145.000000
16119   -1832145.250000
16120   -1832145.500000
16121   -1832145.750000
16122   -1832146.000000
16123   -1832146.250000
16124   -1832146.625000
16125   -1832146.750000
16126   -1832146.875000
16127   -1832147.250000
16128   -1832147.250000
16129   -1832147.750000
16130   -1832147.875000
16131   -1832148.000000
16132   -1832148.375000
16133   -1832148.625000
16134   -1832149.000000
16135   -1832149.125000
16136   -1832149.250000
16137   -1832149.750000
16138   -1832149.750000
16139   -1832150.000000
16140   -1832150.250000
16141   -1832150.500000
16142   -1832150.750000
16143   -1832151.000000
16144   -1832151.250000
16145   -1832151.250000
16146   -1832151.750000
16147   -1832152.000000
16148   -1832152.125000
16149   -1832152.500000
16150   -1832152.625000
16151   -1832152.875000
16152   -1832153.000000
16153   -1832153.250000
16154   -1832153.375000
16155   -1832153.625000
16156   -1832153.875000
16157   -1832154.000000
16158   -1832154.500000
16159   -1832154.625000
16160   -1832154.750000
16161   -1832155.000000
16162   -1832155.250000
16163   -1832155.500000
16164   -1832155.750000
16165   -1832155.875000
16166   -1832156.125000
16167   -1832156.125000
16168   -1832156.500000
16169   -1832156.625000
16170   -1832157.000000
16171   -1832157.125000
16172   -1832157.250000
16173   -1832157.375000
16174   -1832157.750000
16175   -1832157.750000
16176   -1832157.875000
16177   -1832158.000000
16178   -1832158.250000
16179   -1832158.500000
16180   -1832158.750000
16181   -1832159.000000
16182   -1832159.250000
16183   -1832159.250000
16184   -1832159.500000
16185   -1832159.750000
16186   -1832159.875000
16187   -1832160.000000
16188   -1832160.250000
16189   -1832160.500000
16190   -1832160.750000
16191   -1832160.875000
16192   -1832161.000000
16193   -1832161.125000
16194   -1832161.500000
16195   -1832161.500000
16196   -1832161.875000
16197   -1832161.875000
16198   -1832162.000000
16199   -1832162.375000
16200   -1832162.500000
16201   -1832162.750000
16202   -1832162.750000
16203   -1832163.000000
16204   -1832163.250000
16205   -1832163.375000
16206   -1832163.500000
16207   -1832163.750000
16208   -1832164.125000
16209   -1832164.125000
16210   -1832164.250000
16211   -1832164.500000
16212   -1832164.625000
16213   -1832164.750000
16214   -1832165.000000
16215   -1832165.250000
16216   -1832165.500000
16217   -1832165.500000
16218   -1832165.750000
16219   -1832166.000000
16220   -1832166.250000
16221   -1832166.250000
16222   -1832166.500000
16223   -1832166.625000
16224   -1832166.750000
16225   -1832166.875000
16226   -1832167.000000
16227   -1832167.250000
16228   -1832167.250000
16229   -1832167.625000
16230   -1832167.875000
16231   -1832168.000000
16232   -1832168.000000
16233   -1832168.250000
16234   -1832168.250000
16235   -1832168.625000
16236   -1832168.625000
16237   -1832168.750000
16238   -1832169.000000
16239   -1832169.375000
16240   -1832169.500000
16241   -1832169.500000
16242   -1832169.875000
16243   -1832170.000000
16244   -1832170.125000
16245   -1832170.250000
16246   -1832170.500000
16247   -1832170.500000
16248   -1832170.750000
16249   -1832170.875000
16250   -1832171.000000
16251   -1832171.250000
16252   -1832171.500000
16253   -1832171.375000
16254   -1832171.750000
16255   -1832172.000000
16256   -1832172.000000
16257   -1832172.250000
16258   -1832172.500000
16259   -1832172.500000
16260   -1832172.750000
16261   -1832172.750000
16262   -1832173.000000
16263   -1832173.250000
16264   -1832173.250000
16265   -1832173.375000
16266   -1832173.750000
16267   -1832173.750000
16268   -1832174.000000
16269   -1832174.250000
16270   -1832174.250000
16271   -1832174.375000
16272   -1832174.500000
16273   -1832174.750000
16274   -1832174.875000
16275   -1832175.000000
16276   -1832175.250000
16277   -1832175.375000
16278   -1832175.500000
16279   -1832175.625000
16280   -1832175.875000
16281   -1832176.000000
16282   -1832176.000000
16283   -1832176.250000
16284   -1832176.375000
16285   -1832176.500000
16286   -1832176.750000
16287   -1832176.750000
16288   -1832177.125000
16289   -1832177.250000
16290   -1832177.500000
16291   -1832177.500000
16292   -1832177.750000
16293   -1832177.875000
16294   -1832178.000000
16295   -1832178.250000
16296   -1832178.500000
16297   -1832178.500000
16298   -1832178.500000
16299   -1832178.750000
16300   -1832178.875000
16301   -1832179.125000
16302   -1832179.250000
16303   -1832179.375000
16304   -1832179.375000
16305   -1832179.750000
16306   -1832179.750000
16307   -1832179.875000
16308   -1832180.125000
16309   -1832180.125000
16310   -1832180.375000
16311   -1832180.625000
16312   -1832180.500000
16313   -1832180.875000
16314   -1832181.000000
16315   -1832181.000000
16316   -1832181.250000
16317   -1832181.375000
16318   -1832181.625000
16319   -1832181.625000
16320   -1832182.000000
16321   -1832182.000000
16322   -1832182.125000
16323   -1832182.375000
16324   -1832182.375000
16325   -1832182.750000
16326   -1832182.750000
16327   -1832183.000000
16328   -1832183.125000
16329   -1832183.000000
16330   -1832183.375000
16331   -1832183.500000
16332   -1832183.750000
16333   -1832183.750000
16334   -1832183.750000
16335   -1832184.000000
16336   -1832184.375000
16337   -1832184.500000
16338   -1832184.750000
16339   -1832184.750000
16340   -1832185.000000
16341   -1832185.000000
16342   -1832185.250000
16343   -1832185.500000
16344   -1832185.625000
16345   -1832185.500000
16346   -1832186.000000
16347   -1832186.000000
16348   -1832186.250000
16349   -1832186.500000
16350   -1832186.500000
16351   -1832186.500000
16352   -1832186.750000
16353   -1832187.000000
16354   -1832187.125000
16355   -1832187.250000
16356   -1832187.375000
16357   -1832187.625000
16358   -1832187.750000
16359   -1832187.875000
16360   -1832188.000000
16361   -1832188.250000
16362   -1832188.250000
16363   -1832188.500000
16364   -1832188.625000
16365   -1832189.000000
16366   -1832189.000000
16367   -1832189.000000
16368   -1832189.250000
16369   -1832189.500000
16370   -1832189.750000
16371   -1832189.750000
16372   -1832190.000000
16373   -1832190.000000
16374   -1832190.250000
16375   -1832190.500000
16376   -1832190.500000
16377   -1832190.750000
16378   -1832191.000000
16379   -1832191.250000
16380   -1832191.250000
16381   -1832191.500000
16382   -1832191.625000
16383   -1832191.750000
16384   -1832191.750000
16385   -1832191.875000
16386   -1832192.125000
16387   -1832192.500000
16388   -1832192.500000
16389   -1832192.750000
16390   -1832193.000000
16391   -1832193.125000
16392   -1832193.250000
16393   -1832193.375000
16394   -1832193.500000
16395   -1832193.750000
16396   -1832194.000000
16397   -1832194.125000
16398   -1832194.250000
16399   -1832194.500000
16400   -1832194.625000
16401   -1832195.000000
16402   -1832194.875000
16403   -1832195.125000
16404   -1832195.250000
16405   -1832195.500000
16406   -1832195.500000
16407   -1832195.750000
16408   -1832196.000000
16409   -1832196.250000
16410   -1832196.250000
16411   -1832196.500000
16412   -1832196.750000
16413   -1832197.000000
16414   -1832197.000000
16415   -1832197.125000
16416   -1832197.375000
16417   -1832197.500000
16418   -1832197.750000
16419   -1832197.750000
16420   -1832198.000000
16421   -1832198.250000
16422   -1832198.500000
16423   -1832198.625000
16424   -1832198.750000
16425   -1832199.000000
16426   -1832199.250000
16427   -1832199.375000
16428   -1832199.500000
16429   -1832199.750000
16430   -1832200.000000
16431   -1832200.000000
16432   -1832200.250000
16433   -1832200.375000
16434   -1832200.500000
16435   -1832200.750000
16436   -1832200.875000
16437   -1832201.000000
16438   -1832201.250000
16439   -1832201.500000
16440   -1832201.750000
16441   -1832201.875000
16442   -1832202.000000
16443   -1832202.250000
16444   -1832202.375000
16445   -1832202.500000
16446   -1832202.750000
16447   -1832202.750000
16448   -1832203.125000
16449   -1832203.250000
16450   -1832203.500000
16451   -1832203.625000
16452   -1832203.750000
16453   -1832204.125000
16454   -1832204.125000
16455   -1832204.250000
16456   -1832204.625000
16457   -1832204.750000
16458   -1832204.875000
16459   -1832205.250000
16460   -1832205.250000
16461   -1832205.375000
16462   -1832205.500000
16463   -1832205.750000
16464   -1832206.000000
16465   -1832206.000000
16466   -1832206.375000
16467   -1832206.500000
16468   -1832206.750000
16469   -1832206.875000
16470   -1832207.125000
16471   -1832207.250000
16472   -1832207.375000
16473   -1832207.625000
16474   -1832207.750000
16475   -1832208.000000
16476   -1832208.125000
16477   -1832208.375000
16478   -1832208.500000
16479   -1832208.750000
16480   -1832208.875000
16481   -1832208.875000
16482   -1832209.125000
16483   -1832209.375000
16484   -1832209.625000
16485   -1832209.875000
16486   -1832210.125000
16487   -1832210.250000
16488   -1832210.375000
16489   -1832210.500000
16490   -1832210.750000
16491   -1832210.875000
16492   -1832211.125000
16493   -1832211.250000
16494   -1832211.500000
16495   -1832211.500000
16496   -1832211.750000
16497   -1832212.000000
16498   -1832212.125000
16499   -1832212.250000
16500   -1832212.500000
16501   -1832212.750000
16502   -1832213.000000
16503   -1832213.250000
16504   -1832213.375000
16505   -1832213.500000
16506   -1832213.750000
16507   -1832214.000000
16508   -1832214.250000
16509   -1832214.250000
16510   -1832214.500000
16511   -1832214.750000
16512   -1832214.750000
16513   -1832215.000000
16514   -1832215.250000
16515   -1832215.500000
16516   -1832215.625000
16517   -1832215.875000
16518   -1832216.000000
16519   -1832216.250000
16520   -1832216.500000
16521   -1832216.625000
16522   -1832216.750000
16523   -1832217.000000
16524   -1832217.000000
16525   -1832217.250000
16526   -1832217.500000
16527   -1832217.750000
16528   -1832218.000000
16529   -1832218.000000
16530   -1832218.375000
16531   -1832218.500000
16532   -1832218.750000
16533   -1832219.000000
16534   -1832219.000000
16535   -1832219.250000
16536   -1832219.500000
16537   -1832219.625000
16538   -1832219.875000
16539   -1832220.000000
16540   -1832220.250000
16541   -1832220.625000
16542   -1832220.750000
16543   -1832220.750000
16544   -1832221.000000
16545   -1832221.375000
16546   -1832221.500000
16547   -1832221.625000
16548   -1832221.875000
16549   -1832222.000000
16550   -1832222.250000
16551   -1832222.500000
16552   -1832222.750000
16553   -1832223.000000
16554   -1832223.125000
16555   -1832223.250000
16556   -1832223.500000
16557   -1832223.750000
16558   -1832224.000000
16559   -1832224.250000
16560   -1832224.250000
16561   -1832224.750000
16562   -1832224.875000
16563   -1832225.125000
16564   -1832225.500000
16565   -1832225.500000
16566   -1832225.875000
16567   -1832226.000000
16568   -1832226.125000
16569   -1832226.375000
16570   -1832226.625000
16571   -1832226.875000
16572   -1832227.000000
16573   -1832227.375000
16574   -1832227.625000
16575   -1832227.875000
16576   -1832227.875000
16577   -1832228.125000
16578   -1832228.500000
16579   -1832228.750000
16580   -1832229.000000
16581   -1832229.125000
16582   -1832229.375000
16583   -1832229.625000
16584   -1832229.750000
16585   -1832230.000000
16586   -1832230.375000
16587   -1832230.375000
16588   -1832230.750000
16589   -1832231.000000
16590   -1832231.250000
16591   -1832231.625000
16592   -1832231.750000
16593   -1832232.125000
16594   -1832232.500000
16595   -1832232.500000
16596   -1832232.750000
16597   -1832233.125000
16598   -1832233.375000
16599   -1832233.625000
16600   -1832233.875000
16601   -1832234.000000
16602   -1832234.375000
16603   -1832234.750000
16604   -1832234.750000
16605   -1832235.250000
16606   -1832235.375000
16607   -1832235.750000
16608   -1832236.000000
16609   -1832236.250000
16610   -1832236.625000
16611   -1832236.875000
16612   -1832237.000000
16613   -1832237.500000
16614   -1832237.750000
16615   -1832237.875000
16616   -1832238.250000
16617   -1832238.500000
16618   -1832238.750000
16619   -1832239.000000
16620   -1832239.375000
16621   -1832239.750000
16622   -1832240.000000
16623   -1832240.250000
16624   -1832240.500000
16625   -1832240.750000
16626   -1832241.250000
16627   -1832241.500000
16628   -1832241.750000
16629   -1832242.125000
16630   -1832242.250000
16631   -1832242.750000
16632   -1832242.875000
16633   -1832243.250000
16634   -1832243.750000
16635   -1832243.750000
16636   -1832244.250000
16637   -1832244.500000
16638   -1832244.750000
16639   -1832245.000000
16640   -1832245.375000
16641   -1832245.625000
16642   -1832246.125000
16643   -1832246.250000
16644   -1832246.625000
16645   -1832247.000000
16646   -1832247.250000
16647   -1832247.500000
16648   -1832247.875000
16649   -1832248.250000
16650   -1832248.500000
16651   -1832248.875000
16652   -1832249.250000
16653   -1832249.375000
16654   -1832249.750000
16655   -1832250.000000
16656   -1832250.500000
16657   -1832250.875000
16658   -1832251.250000
16659   -1832251.375000
16660   -1832251.625000
16661   -1832252.000000
16662   -1832252.500000
16663   -1832252.750000
16664   -1832253.000000
16665   -1832253.250000
16666   -1832253.625000
16667   -1832254.000000
16668   -1832254.250000
16669   -1832254.750000
16670   -1832254.875000
16671   -1832255.125000
16672   -1832255.625000
16673   -1832255.875000
16674   -1832256.250000
16675   -1832256.500000
16676   -1832256.875000
16677   -1832257.125000
16678   -1832257.500000
16679   -1832257.875000
16680   -1832258.125000
16681   -1832258.500000
16682   -1832258.750000
16683   -1832259.250000
16684   -1832259.500000
16685   -1832259.750000
16686   -1832260.250000
16687   -1832260.500000
16688   -1832260.750000
16689   -1832261.000000
16690   -1832261.500000
16691   -1832261.750000
16692   -1832262.125000
16693   -1832262.375000
16694   -1832262.750000
16695   -1832263.000000
16696   -1832263.375000
16697   -1832263.750000
16698   -1832264.000000
16699   -1832264.375000
16700   -1832264.750000
16701   -1832265.000000
16702   -1832265.500000
16703   -1832265.750000
16704   -1832266.000000
16705   -1832266.250000
16706   -1832266.750000
16707   -1832267.000000
16708   -1832267.375000
16709   -1832267.750000
16710   -1832268.125000
16711   -1832268.250000
16712   -1832268.750000
16713   -1832269.000000
16714   -1832269.375000
16715   -1832269.750000
16716   -1832270.000000
16717   -1832270.250000
16718   -1832270.750000
16719   -1832271.000000
16720   -1832271.375000
16721   -1832271.750000
16722   -1832272.125000
16723   -1832272.250000
16724   -1832272.750000
16725   -1832273.000000
16726   -1832273.250000
16727   -1832273.750000
16728   -1832273.875000
16729   -1832274.375000
16730   -1832274.500000
16731   -1832275.000000
16732   -1832275.375000
16733   -1832275.750000
16734   -1832276.000000
16735   -1832276.375000
16736   -1832276.750000
16737   -1832277.000000
16738   -1832277.375000
16739   -1832277.625000
16740   -1832278.125000
16741   -1832278.500000
16742   -1832278.750000
16743   -1832279.000000
16744   -1832279.500000
16745   -1832279.750000
16746   -1832280.000000
16747   -1832280.375000
16748   -1832280.625000
16749   -1832281.125000
16750   -1832281.500000
16751   -1832281.750000
16752   -1832282.125000
16753   -1832282.375000
16754   -1832282.750000
16755   -1832283.250000
16756   -1832283.500000
16757   -1832283.750000
16758   -1832284.125000
16759   -1832284.500000
16760   -1832284.750000
16761   -1832285.250000
16762   -1832285.375000
16763   -1832285.875000
16764   -1832286.250000
16765   -1832286.500000
16766   -1832286.750000
16767   -1832287.125000
16768   -1832287.500000
16769   -1832288.000000
16770   -1832288.250000
16771   -1832288.500000
16772   -1832288.750000
16773   -1832289.250000
16774   -1832289.500000
16775   -1832290.000000
16776   -1832290.250000
16777   -1832290.500000
16778   -1832291.000000
16779   -1832291.250000
16780   -1832291.750000
16781   -1832292.000000
16782   -1832292.250000
16783   -1832292.500000
16784   -1832293.000000
16785   -1832293.375000
16786   -1832293.750000
16787   -1832294.000000
16788   -1832294.250000
16789   -1832294.750000
16790   -1832295.000000
16791   -1832295.250000
16792   -1832295.750000
16793   -1832296.000000
16794   -1832296.250000
16795   -1832296.625000
16796   -1832297.000000
16797   -1832297.375000
16798   -1832297.750000
16799   -1832297.875000
16800   -1832298.375000
16801   -1832298.750000
16802   -1832299.000000
16803   -1832299.250000
16804   -1832299.500000
16805   -1832300.000000
16806   -1832300.250000
16807   -1832300.500000
16808   -1832300.875000
16809   -1832301.250000
16810   -1832301.500000
16811   -1832301.750000
16812   -1832302.000000
16813   -1832302.375000
16814   -1832302.750000
16815   -1832303.000000
16816   -1832303.375000
16817   -1832303.750000
16818   -1832304.000000
16819   -1832304.250000
16820   -1832304.750000
16821   -1832304.875000
16822   -1832305.250000
16823   -1832305.500000
16824   -1832306.000000
16825   -1832306.250000
16826   -1832306.500000
16827   -1832306.875000
16828   -1832307.250000
16829   -1832307.500000
16830   -1832307.750000
16831   -1832308.000000
16832   -1832308.250000
16833   -1832308.750000
16834   -1832309.000000
16835   -1832309.250000
16836   -1832309.500000
16837   -1832309.750000
16838   -1832310.000000
16839   -1832310.375000
16840   -1832310.750000
16841   -1832311.000000
16842   -1832311.250000
16843   -1832311.500000
16844   -1832311.875000
16845   -1832312.000000
16846   -1832312.500000
16847   -1832312.625000
16848   -1832313.000000
16849   -1832313.125000
16850   -1832313.625000
16851   -1832313.750000
16852   -1832314.000000
16853   -1832314.375000
16854   -1832314.625000
16855   -1832314.750000
16856   -1832315.000000
16857   -1832315.500000
16858   -1832315.625000
16859   -1832316.000000
16860   -1832316.125000
16861   -1832316.500000
16862   -1832316.750000
16863   -1832317.000000
16864   -1832317.125000
16865   -1832317.625000
16866   -1832317.875000
16867   -1832318.250000
16868   -1832318.250000
16869   -1832318.750000
16870   -1832318.750000
16871   -1832319.250000
16872   -1832319.500000
16873   -1832319.500000
16874   -1832319.750000
16875   -1832320.000000
16876   -1832320.500000
16877   -1832320.625000
16878   -1832321.000000
16879   -1832321.250000
16880   -1832321.500000
16881   -1832321.750000
16882   -1832322.000000
16883   -1832322.250000
16884   -1832322.750000
16885   -1832322.750000
16886   -1832323.125000
16887   -1832323.250000
16888   -1832323.625000
16889   -1832323.750000
16890   -1832324.000000
16891   -1832324.375000
16892   -1832324.750000
16893   -1832325.000000
16894   -1832325.250000
16895   -1832325.500000
16896   -1832325.875000
16897   -1832326.000000
16898   -1832326.250000
16899   -1832326.500000
16900   -1832327.000000
16901   -1832327.000000
16902   -1832327.250000
16903   -1832327.500000
16904   -1832327.750000
16905   -1832328.000000
16906   -1832328.375000
16907   -1832328.750000
16908   -1832328.750000
16909   -1832329.250000
16910   -1832329.500000
16911   -1832329.625000
16912   -1832330.000000
16913   -1832330.250000
16914   -1832330.500000
16915   -1832330.750000
16916   -1832331.250000
16917   -1832331.375000
16918   -1832331.625000
16919   -1832331.875000
16920   -1832332.250000
16921   -1832332.375000
16922   -1832332.750000
16923   -1832333.000000
16924   -1832333.500000
16925   -1832333.500000
16926   -1832333.875000
16927   -1832334.250000
16928   -1832334.375000
16929   -1832334.750000
16930   -1832335.000000
16931   -1832335.250000
16932   -1832335.625000
16933   -1832336.125000
16934   -1832336.250000
16935   -1832336.500000
16936   -1832336.750000
16937   -1832337.000000
16938   -1832337.250000
16939   -1832337.625000
16940   -1832337.875000
16941   -1832338.000000
16942   -1832338.500000
16943   -1832338.750000
16944   -1832339.000000
16945   -1832339.375000
16946   -1832339.500000
16947   -1832339.750000
16948   -1832340.125000
16949   -1832340.500000
16950   -1832340.750000
16951   -1832341.000000
16952   -1832341.375000
16953   -1832341.750000
16954   -1832342.125000
16955   -1832342.250000
16956   -1832342.750000
16957   -1832342.875000
16958   -1832343.125000
16959   -1832343.250000
16960   -1832343.625000
16961   -1832344.000000
16962   -1832344.375000
16963   -1832344.500000
16964   -1832345.000000
16965   -1832345.250000
16966   -1832345.500000
16967   -1832345.875000
16968   -1832346.000000
16969   -1832346.375000
16970   -1832346.625000
16971   -1832346.750000
16972   -1832347.250000
16973   -1832347.250000
16974   -1832347.625000
16975   -1832348.250000
16976   -1832348.375000
16977   -1832348.750000
16978   -1832349.000000
16979   -1832349.250000
16980   -1832349.500000
16981   -1832349.750000
16982   -1832350.125000
16983   -1832350.500000
16984   -1832350.750000
16985   -1832351.250000
16986   -1832351.500000
16987   -1832351.750000
16988   -1832352.000000
16989   -1832352.375000
16990   -1832352.750000
16991   -1832352.875000
16992   -1832353.250000
16993   -1832353.500000
16994   -1832354.000000
16995   -1832354.125000
16996   -1832354.500000
16997   -1832354.875000
16998   -1832355.250000
16999   -1832355.500000
17000   -1832355.750000
17001   -1832356.125000
17002   -1832356.375000
17003   -1832356.750000
17004   -1832357.125000
17005   -1832357.375000
17006   -1832357.500000
17007   -1832358.000000
17008   -1832358.250000
17009   -1832358.500000
17010   -1832358.875000
17011   -1832359.125000
17012   -1832359.500000
17013   -1832359.750000
17014   -1832360.000000
17015   -1832360.500000
17016   -1832360.625000
17017   -1832361.000000
17018   -1832361.250000
17019   -1832361.625000
17020   -1832361.875000
17021   -1832362.250000
17022   -1832362.500000
17023   -1832362.875000
17024   -1832363.000000
17025   -1832363.500000
17026   -1832363.750000
17027   -1832364.000000
17028   -1832364.375000
17029   -1832364.750000
17030   -1832365.000000
17031   -1832365.250000
17032   -1832365.750000
17033   -1832365.875000
17034   -1832366.250000
17035   -1832366.500000
17036   -1832366.875000
17037   -1832367.125000
17038   -1832367.250000
17039   -1832367.500000
17040   -1832368.000000
17041   -1832368.250000
17042   -1832368.625000
17043   -1832368.875000
17044   -1832369.250000
17045   -1832369.375000
17046   -1832369.750000
17047   -1832370.000000
17048   -1832370.500000
17049   -1832370.750000
17050   -1832371.000000
17051   -1832371.250000
17052   -1832371.500000
17053   -1832372.000000
17054   -1832372.000000
17055   -1832372.375000
17056   -1832372.500000
17057   -1832373.000000
17058   -1832373.250000
17059   -1832373.750000
17060   -1832373.875000
17061   -1832374.250000
17062   -1832374.500000
17063   -1832374.875000
17064   -1832375.000000
17065   -1832375.375000
17066   -1832375.750000
17067   -1832376.000000
17068   -1832376.250000
17069   -1832376.500000
17070   -1832376.750000
17071   -1832377.000000
17072   -1832377.375000
17073   -1832377.500000
17074   -1832378.000000
17075   -1832378.125000
17076   -1832378.625000
17077   -1832378.750000
17078   -1832379.125000
17079   -1832379.500000
17080   -1832379.750000
17081   -1832380.000000
17082   -1832380.250000
17083   -1832380.500000
17084   -1832380.750000
17085   -1832381.125000
17086   -1832381.375000
17087   -1832381.625000
17088   -1832382.000000
17089   -1832382.125000
17090   -1832382.500000
17091   -1832382.750000
17092   -1832383.250000
17093   -1832383.375000
17094   -1832383.375000
17095   -1832383.750000
17096   -1832384.125000
17097   -1832384.375000
17098   -1832384.750000
17099   -1832384.875000
17100   -1832385.375000
17101   -1832385.500000
17102   -1832385.875000
17103   -1832386.125000
17104   -1832386.250000
17105   -1832386.500000
17106   -1832386.875000
17107   -1832387.125000
17108   -1832387.250000
17109   -1832387.750000
17110   -1832388.125000
17111   -1832388.125000
17112   -1832388.500000
17113   -1832388.750000
17114   -1832388.875000
17115   -1832389.250000
17116   -1832389.500000
17117   -1832390.000000
17118   -1832390.000000
17119   -1832390.375000
17120   -1832390.500000
17121   -1832391.000000
17122   -1832391.250000
17123   -1832391.500000
17124   -1832391.750000
17125   -1832392.000000
17126   -1832392.250000
17127   -1832392.500000
17128   -1832392.875000
17129   -1832393.000000
17130   -1832393.500000
17131   -1832393.750000
17132   -1832394.000000
17133   -1832394.375000
17134   -1832394.500000
17135   -1832394.750000
17136   -1832395.000000
17137   -1832395.250000
17138   -1832395.625000
17139   -1832395.875000
17140   -1832396.250000
17141   -1832396.500000
17142   -1832396.750000
17143   -1832397.250000
17144   -1832397.375000
17145   -1832397.750000
17146   -1832398.125000
17147   -1832398.250000
17148   -1832398.625000
17149   -1832398.875000
17150   -1832399.000000
17151   -1832399.375000
17152   -1832399.750000
17153   -1832400.000000
17154   -1832400.250000
17155   -1832400.750000
17156   -1832400.750000
17157   -1832401.250000
17158   -1832401.500000
17159   -1832401.875000
17160   -1832402.125000
17161   -1832402.375000
17162   -1832402.875000
17163   -1832403.125000
17164   -1832403.250000
17165   -1832403.750000
17166   -1832404.000000
17167   -1832404.250000
17168   -1832404.625000
17169   -1832405.000000
17170   -1832405.375000
17171   -1832405.625000
17172   -1832405.875000
17173   -1832406.250000
17174   -1832406.500000
17175   -1832407.000000
17176   -1832407.250000
17177   -1832407.625000
17178   -1832408.000000
17179   -1832408.250000
17180   -1832408.500000
17181   -1832409.000000
17182   -1832409.250000
17183   -1832409.625000
17184   -1832409.875000
17185   -1832410.125000
17186   -1832410.500000
17187   -1832411.000000
17188   -1832411.250000
17189   -1832411.500000
17190   -1832412.000000
17191   -1832412.375000
17192   -1832412.750000
17193   -1832413.000000
17194   -1832413.500000
17195   -1832413.875000
17196   -1832414.000000
17197   -1832414.500000
17198   -1832414.750000
17199   -1832415.250000
17200   -1832415.625000
17201   -1832416.000000
17202   -1832416.375000
17203   -1832416.750000
17204   -1832417.000000
17205   -1832417.500000
17206   -1832417.750000
17207   -1832418.250000
17208   -1832418.625000
17209   -1832419.000000
17210   -1832419.250000
17211   -1832419.750000
17212   -1832420.125000
17213   -1832420.500000
17214   -1832420.750000
17215   -1832421.250000
17216   -1832421.500000
17217   -1832421.875000
17218   -1832422.375000
17219   -1832422.750000
17220   -1832423.250000
17221   -1832423.500000
17222   -1832423.750000
17223   -1832424.250000
17224   -1832424.750000
17225   -1832425.250000
17226   -1832425.500000
17227   -1832426.000000
17228   -1832426.375000
17229   -1832426.750000
17230   -1832427.250000
17231   -1832427.500000
17232   -1832427.875000
17233   -1832428.500000
17234   -1832429.000000
17235   -1832429.375000
17236   -1832429.750000
17237   -1832430.250000
17238   -1832430.500000
17239   -1832431.000000
17240   -1832431.500000
17241   -1832432.000000
17242   -1832432.500000
17243   -1832432.875000
17244   -1832433.250000
17245   -1832433.750000
17246   -1832434.250000
17247   -1832434.750000
17248   -1832435.250000
17249   -1832435.750000
17250   -1832436.250000
17251   -1832436.625000
17252   -1832437.125000
17253   -1832437.500000
17254   -1832438.000000
17255   -1832438.500000
17256   -1832439.000000
17257   -1832439.500000
17258   -1832440.000000
17259   -1832440.500000
17260   -1832441.000000
17261   -1832441.500000
17262   -1832442.000000
17263   -1832442.500000
17264   -1832443.000000
17265   -1832443.625000
17266   -1832443.750000
17267   -1832444.500000
17268   -1832445.000000
17269   -1832445.500000
17270   -1832446.000000
17271   -1832446.500000
17272   -1832447.000000
17273   -1832447.500000
17274   -1832448.125000
17275   -1832448.625000
17276   -1832449.000000
17277   -1832449.750000
17278   -1832450.125000
17279   -1832450.750000
17280   -1832451.250000
17281   -1832451.500000
17282   -1832452.125000
17283   -1832452.625000
17284   -1832453.250000
17285   -1832453.750000
17286   -1832454.375000
17287   -1832454.750000
17288   -1832455.375000
17289   -1832456.000000
17290   -1832456.500000
17291   -1832457.000000
17292   -1832457.500000
17293   -1832458.000000
17294   -1832458.500000
17295   -1832459.000000
17296   -1832459.625000
17297   -1832460.250000
17298   -1832460.750000
17299   -1832461.250000
17300   -1832461.625000
17301   -1832462.250000
17302   -1832462.750000
17303   -1832463.250000
17304   -1832464.000000
17305   -1832464.375000
17306   -1832464.875000
17307   -1832465.500000
17308   -1832466.125000
17309   -1832466.500000
17310   -1832467.250000
17311   -1832467.750000
17312   -1832468.125000
17313   -1832468.625000
17314   -1832469.375000
17315   -1832469.875000
17316   -1832470.250000
17317   -1832471.000000
17318   -1832471.500000
17319   -1832472.000000
17320   -1832472.500000
17321   -1832473.125000
17322   -1832473.750000
17323   -1832474.000000
17324   -1832474.625000
17325   -1832475.250000
17326   -1832475.750000
17327   -1832476.250000
17328   -1832476.750000
17329   -1832477.250000
17330   -1832477.750000
17331   -1832478.250000
17332   -1832478.875000
17333   -1832479.375000
17334   -1832479.750000
17335   -1832480.500000
17336   -1832481.000000
17337   -1832481.625000
17338   -1832481.875000
17339   -1832482.500000
17340   -1832483.000000
17341   -1832483.750000
17342   -1832484.000000
17343   -1832484.375000
17344   -1832485.000000
17345   -1832485.625000
17346   -1832486.000000
17347   -1832486.500000
17348   -1832487.000000
17349   -1832487.625000
17350   -1832488.000000
17351   -1832488.625000
17352   -1832489.000000
17353   -1832489.500000
17354   -1832490.000000
17355   -1832490.500000
17356   -1832491.125000
17357   -1832491.500000
17358   -1832492.125000
17359   -1832492.500000
17360   -1832492.875000
17361   -1832493.500000
17362   -1832494.000000
17363   -1832494.500000
17364   -1832495.000000
17365   -1832495.500000
17366   -1832496.000000
17367   -1832496.375000
17368   -1832497.000000
17369   -1832497.500000
17370   -1832497.875000
17371   -1832498.500000
17372   -1832499.000000
17373   -1832499.250000
17374   -1832499.750000
17375   -1832500.250000
17376   -1832500.750000
17377   -1832501.125000
17378   -1832501.750000
17379   -1832502.125000
17380   -1832502.750000
17381   -1832503.250000
17382   -1832503.750000
17383   -1832504.250000
17384   -1832504.500000
17385   -1832505.000000
17386   -1832505.500000
17387   -1832506.000000
17388   -1832506.500000
17389   -1832507.000000
17390   -1832507.250000
17391   -1832507.875000
17392   -1832508.250000
17393   -1832508.750000
17394   -1832509.375000
17395   -1832509.750000
17396   -1832510.250000
17397   -1832510.625000
17398   -1832511.000000
17399   -1832511.500000
17400   -1832511.875000
17401   -1832512.375000
17402   -1832512.625000
17403   -1832513.250000
17404   -1832513.750000
17405   -1832514.125000
17406   -1832514.500000
17407   -1832515.125000
17408   -1832515.500000
17409   -1832515.875000
17410   -1832516.250000
17411   -1832516.750000
17412   -1832517.250000
17413   -1832517.500000
17414   -1832518.000000
17415   -1832518.500000
17416   -1832518.875000
17417   -1832519.250000
17418   -1832519.750000
17419   -1832520.250000
17420   -1832520.500000
17421   -1832521.000000
17422   -1832521.500000
17423   -1832522.000000
17424   -1832522.250000
17425   -1832522.750000
17426   -1832523.250000
17427   -1832523.500000
17428   -1832524.000000
17429   -1832524.500000
17430   -1832524.875000
17431   -1832525.500000
17432   -1832525.750000
17433   -1832526.125000
17434   -1832526.500000
17435   -1832526.875000
17436   -1832527.500000
17437   -1832527.750000
17438   -1832528.125000
17439   -1832528.500000
17440   -1832529.000000
17441   -1832529.500000
17442   -1832529.750000
17443   -1832530.250000
17444   -1832530.750000
17445   -1832531.125000
17446   -1832531.375000
17447   -1832531.750000
17448   -1832532.250000
17449   -1832532.750000
17450   -1832533.000000
17451   -1832533.250000
17452   -1832534.000000
17453   -1832534.125000
17454   -1832534.500000
17455   -1832535.000000
17456   -1832535.375000
17457   -1832535.750000
17458   -1832536.000000
17459   -1832536.500000
17460   -1832536.750000
17461   -1832537.250000
17462   -1832537.750000
17463   -1832538.000000
17464   -1832538.250000
17465   -1832538.625000
17466   -1832539.000000
17467   -1832539.250000
17468   -1832539.750000
17469   -1832540.250000
17470   -1832540.500000
17471   -1832541.000000
17472   -1832541.000000
17473   -1832541.250000
17474   -1832541.750000
17475   -1832542.125000
17476   -1832542.500000
17477   -1832542.750000
17478   -1832543.250000
17479   -1832543.250000
17480   -1832543.750000
17481   -1832544.250000
17482   -1832544.500000
17483   -1832544.875000
17484   -1832545.000000
17485   -1832545.500000
17486   -1832545.750000
17487   -1832546.000000
17488   -1832546.250000
17489   -1832546.625000
17490   -1832546.875000
17491   -1832547.375000
17492   -1832547.750000
17493   -1832548.000000
17494   -1832548.125000
17495   -1832548.625000
17496   -1832549.000000
17497   -1832549.250000
17498   -1832549.500000
17499   -1832549.750000
17500   -1832550.000000
17501   -1832550.250000
17502   -1832550.375000
17503   -1832550.750000
17504   -1832551.000000
17505   -1832551.250000
17506   -1832551.500000
17507   -1832551.750000
17508   -1832552.250000
17509   -1832552.250000
17510   -1832552.500000
17511   -1832552.750000
17512   -1832553.250000
17513   -1832553.500000
17514   -1832553.750000
17515   -1832554.000000
17516   -1832554.250000
17517   -1832554.500000
17518   -1832554.750000
17519   -1832555.000000
17520   -1832555.250000
17521   -1832555.500000
17522   -1832555.625000
17523   -1832555.875000
17524   -1832556.125000
17525   -1832556.625000
17526   -1832556.750000
17527   -1832557.000000
17528   -1832557.125000
17529   -1832557.500000
17530   -1832557.500000
17531   -1832557.750000
17532   -1832558.125000
17533   -1832558.500000
17534   -1832558.500000
17535   -1832558.875000
17536   -1832559.000000
17537   -1832559.250000
17538   -1832559.500000
17539   -1832559.750000
17540   -1832560.000000
17541   -1832560.125000
17542   -1832560.500000
17543   -1832561.000000
17544   -1832561.000000
17545   -1832561.250000
17546   -1832561.250000
17547   -1832561.750000
17548   -1832562.000000
17549   -1832562.000000
17550   -1832562.375000
17551   -1832562.500000
17552   -1832562.750000
17553   -1832563.000000
17554   -1832563.250000
17555   -1832563.500000
17556   -1832563.750000
17557   -1832564.000000
17558   -1832564.125000
17559   -1832564.500000
17560   -1832564.750000
17561   -1832564.750000
17562   -1832565.125000
17563   -1832565.250000
17564   -1832565.625000
17565   -1832565.750000
17566   -1832566.000000
17567   -1832566.250000
17568   -1832566.500000
17569   -1832566.750000
17570   -1832567.000000
17571   -1832567.125000
17572   -1832567.375000
17573   -1832567.625000
17574   -1832567.875000
17575   -1832568.125000
17576   -1832568.250000
17577   -1832568.500000
17578   -1832568.875000
17579   -1832569.000000
17580   -1832569.125000
17581   -1832569.500000
17582   -1832569.500000
17583   -1832569.875000
17584   -1832570.000000
17585   -1832570.500000
17586   -1832570.500000
17587   -1832570.750000
17588   -1832571.000000
17589   -1832571.250000
17590   -1832571.375000
17591   -1832571.750000
17592   -1832571.875000
17593   -1832572.250000
17594   -1832572.250000
17595   -1832572.625000
17596   -1832572.875000
17597   -1832573.000000
17598   -1832573.250000
17599   -1832573.500000
17600   -1832573.750000
17601   -1832573.875000
17602   -1832574.250000
17603   -1832574.500000
17604   -1832574.500000
17605   -1832574.750000
17606   -1832575.000000
17607   -1832575.375000
17608   -1832575.625000
17609   -1832575.875000
17610   -1832576.125000
17611   -1832576.250000
17612   -1832576.500000
17613   -1832576.750000
17614   -1832577.000000
17615   -1832577.250000
17616   -1832577.500000
17617   -1832577.750000
17618   -1832578.000000
17619   -1832578.250000
17620   -1832578.500000
17621   -1832578.750000
17622   -1832579.000000
17623   -1832579.125000
17624   -1832579.375000
17625   -1832579.500000
17626   -1832579.750000
17627   -1832580.000000
17628   -1832580.250000
17629   -1832580.500000
17630   -1832580.625000
17631   -1832581.000000
17632   -1832581.125000
17633   -1832581.375000
17634   -1832581.625000
17635   -1832581.750000
17636   -1832582.000000
17637   -1832582.250000
17638   -1832582.500000
17639   -1832582.750000
17640   -1832583.000000
17641   -1832583.250000
17642   -1832583.500000
17643   -1832583.750000
17644   -1832584.000000
17645   -1832584.000000
17646   -1832584.375000
17647   -1832584.625000
17648   -1832584.750000
17649   -1832585.000000
17650   -1832585.250000
17651   -1832585.500000
17652   -1832585.750000
17653   -1832586.125000
17654   -1832586.250000
17655   -1832586.500000
17656   -1832586.750000
17657   -1832587.000000
17658   -1832587.250000
17659   -1832587.375000
17660   -1832587.750000
17661   -1832588.000000
17662   -1832588.250000
17663   -1832588.500000
17664   -1832588.750000
17665   -1832588.875000
17666   -1832589.125000
17667   -1832589.375000
17668   -1832589.750000
17669   -1832590.000000
17670   -1832590.125000
17671   -1832590.375000
17672   -1832590.750000
17673   -1832590.875000
17674   -1832591.000000
17675   -1832591.375000
17676   -1832591.500000
17677   -1832591.875000
17678   -1832592.000000
17679   -1832592.250000
17680   -1832592.625000
17681   -1832592.750000
17682   -1832593.125000
17683   -1832593.375000
17684   -1832593.625000
17685   -1832594.000000
17686   -1832594.125000
17687   -1832594.500000
17688   -1832594.750000
17689   -1832595.000000
17690   -1832595.125000
17691   -1832595.375000
17692   -1832595.625000
17693   -1832596.000000
17694   -1832596.250000
17695   -1832596.500000
17696   -1832596.750000
17697   -1832597.000000
17698   -1832597.250000
17699   -1832597.500000
17700   -1832597.750000
17701   -1832598.000000
17702   -1832598.250000
17703   -1832598.625000
17704   -1832598.875000
17705   -1832599.000000
17706   -1832599.375000
17707   -1832599.500000
17708   -1832600.000000
17709   -1832600.250000
17710   -1832600.500000
17711   -1832600.750000
17712   -1832601.000000
17713   -1832601.375000
17714   -1832601.500000
17715   -1832601.750000
17716   -1832602.125000
17717   -1832602.250000
17718   -1832602.625000
17719   -1832602.750000
17720   -1832603.000000
17721   -1832603.375000
17722   -1832603.625000
17723   -1832604.000000
17724   -1832604.250000
17725   -1832604.625000
17726   -1832604.875000
17727   -1832605.000000
17728   -1832605.375000
17729   -1832605.750000
17730   -1832605.875000
17731   -1832606.000000
17732   -1832606.500000
17733   -1832606.750000
17734   -1832606.875000
17735   -1832607.250000
17736   -1832607.500000
17737   -1832608.000000
17738   -1832608.125000
17739   -1832608.250000
17740   -1832608.750000
17741   -1832608.750000
17742   -1832609.375000
17743   -1832609.500000
17744   -1832609.750000
17745   -1832610.000000
17746   -1832610.500000
17747   -1832610.625000
17748   -1832611.000000
17749   -1832611.250000
17750   -1832611.500000
17751   -1832611.750000
17752   -1832612.000000
17753   -1832612.375000
17754   -1832612.750000
17755   -1832613.000000
17756   -1832613.250000
17757   -1832613.375000
17758   -1832613.750000
17759   -1832614.000000
17760   -1832614.250000
17761   -1832614.500000
17762   -1832614.750000
17763   -1832615.000000
17764   -1832615.500000
17765   -1832615.625000
17766   -1832616.000000
17767   -1832616.125000
17768   -1832616.375000
17769   -1832616.750000
17770   -1832617.000000
17771   -1832617.250000
17772   -1832617.500000
17773   -1832617.875000
17774   -1832618.000000
17775   -1832618.500000
17776   -1832618.500000
17777   -1832618.875000
17778   -1832619.250000
17779   -1832619.375000
17780   -1832619.875000
17781   -1832620.000000
17782   -1832620.250000
17783   -1832620.500000
17784   -1832620.875000
17785   -1832621.250000
17786   -1832621.250000
17787   -1832621.625000
17788   -1832621.875000
17789   -1832622.125000
17790   -1832622.375000
17791   -1832622.500000
17792   -1832623.000000
17793   -1832623.250000
17794   -1832623.500000
17795   -1832623.750000
17796   -1832624.000000
17797   -1832624.250000
17798   -1832624.625000
17799   -1832624.875000
17800   -1832625.250000
17801   -1832625.500000
17802   -1832625.500000
17803   -1832626.000000
17804   -1832626.125000
17805   -1832626.500000
17806   -1832626.750000
17807   -1832627.000000
17808   -1832627.250000
17809   -1832627.500000
17810   -1832628.000000
17811   -1832628.250000
17812   -1832628.375000
17813   -1832628.750000
17814   -1832629.000000
17815   -1832629.000000
17816   -1832629.375000
17817   -1832629.500000
17818   -1832629.875000
17819   -1832630.125000
17820   -1832630.375000
17821   -1832630.625000
17822   -1832630.875000
17823   -1832631.125000
17824   -1832631.500000
17825   -1832631.750000
17826   -1832632.000000
17827   -1832632.250000
17828   -1832632.500000
17829   -1832632.750000
17830   -1832633.000000
17831   -1832633.250000
17832   -1832633.500000
17833   -1832633.750000
17834   -1832634.000000
17835   -1832634.000000
17836   -1832634.375000
17837   -1832634.625000
17838   -1832635.000000
17839   -1832635.250000
17840   -1832635.500000
17841   -1832635.750000
17842   -1832635.875000
17843   -1832636.250000
17844   -1832636.500000
17845   -1832636.500000
17846   -1832636.875000
17847   -1832637.375000
17848   -1832637.250000
17849   -1832637.750000
17850   -1832637.750000
17851   -1832638.000000
17852   -1832638.375000
17853   -1832638.750000
17854   -1832638.750000
17855   -1832639.000000
17856   -1832639.250000
17857   -1832639.625000
17858   -1832639.750000
17859   -1832639.875000
17860   -1832640.125000
17861   -1832640.250000
17862   -1832640.625000
17863   -1832640.750000
17864   -1832641.000000
17865   -1832641.375000
17866   -1832641.625000
17867   -1832641.750000
17868   -1832642.000000
17869   -1832642.000000
17870   -1832642.375000
17871   -1832642.625000
17872   -1832642.750000
17873   -1832643.000000
17874   -1832643.250000
17875   -1832643.375000
17876   -1832643.750000
17877   -1832644.125000
17878   -1832644.250000
17879   -1832644.375000
17880   -1832644.750000
17881   -1832645.000000
17882   -1832645.125000
17883   -1832645.250000
17884   -1832645.625000
17885   -1832645.750000
17886   -1832646.000000
17887   -1832646.375000
17888   -1832646.375000
17889   -1832646.750000
17890   -1832647.000000
17891   -1832647.125000
17892   -1832647.375000
17893   -1832647.500000
17894   -1832647.875000
17895   -1832648.250000
17896   -1832648.250000
17897   -1832648.625000
17898   -1832648.750000
17899   -1832649.000000
17900   -1832649.250000
17901   -1832649.625000
17902   -1832649.750000
17903   -1832650.125000
17904   -1832650.250000
17905   -1832650.375000
17906   -1832650.750000
17907   -1832650.750000
17908   -1832651.250000
17909   -1832651.250000
17910   -1832651.500000
17911   -1832651.875000
17912   -1832652.125000
17913   -1832652.375000
17914   -1832652.750000
17915   -1832653.000000
17916   -1832653.250000
17917   -1832653.500000
17918   -1832653.750000
17919   -1832654.000000
17920   -1832654.250000
17921   -1832654.500000
17922   -1832654.875000
17923   -1832655.125000
17924   -1832655.250000
17925   -1832655.750000
17926   -1832656.000000
17927   -1832656.000000
17928   -1832656.250000
17929   -1832656.500000
17930   -1832656.875000
17931   -1832657.250000
17932   -1832657.500000
17933   -1832657.750000
17934   -1832658.250000
17935   -1832658.250000
17936   -1832658.625000
17937   -1832658.750000
17938   -1832659.125000
17939   -1832659.500000
17940   -1832659.750000
17941   -1832660.000000
17942   -1832660.375000
17943   -1832660.500000
17944   -1832660.875000
17945   -1832661.125000
17946   -1832661.500000
17947   -1832661.750000
17948   -1832661.875000
17949   -1832662.375000
17950   -1832662.625000
17951   -1832663.000000
17952   -1832663.250000
17953   -1832663.625000
17954   -1832664.000000
17955   -1832664.250000
17956   -1832664.625000
17957   -1832665.000000
17958   -1832665.250000
17959   -1832665.500000
17960   -1832665.875000
17961   -1832666.250000
17962   -1832666.500000
17963   -1832667.000000
17964   -1832667.125000
17965   -1832667.500000
17966   -1832667.875000
17967   -1832668.250000
17968   -1832668.375000
17969   -1832669.000000
17970   -1832669.500000
17971   -1832669.500000
17972   -1832670.000000
17973   -1832670.500000
17974   -1832670.625000
17975   -1832671.125000
17976   -1832671.250000
17977   -1832671.625000
17978   -1832671.750000
17979   -1832672.375000
17980   -1832672.625000
17981   -1832673.000000
17982   -1832673.500000
17983   -1832673.750000
17984   -1832674.000000
17985   -1832674.500000
17986   -1832674.875000
17987   -1832675.000000
17988   -1832675.500000
17989   -1832676.000000
17990   -1832676.000000
17991   -1832676.500000
17992   -1832676.750000
17993   -1832677.000000
17994   -1832677.750000
17995   -1832678.000000
17996   -1832678.125000
17997   -1832678.625000
17998   -1832679.125000
17999   -1832679.375000
18000   -1832679.625000
18001   -1832680.000000
18002   -1832680.500000
18003   -1832680.625000
18004   -1832681.250000
18005   -1832681.500000
18006   -1832682.000000
18007   -1832682.375000
18008   -1832682.625000
18009   -1832682.875000
18010   -1832683.250000
18011   -1832683.750000
18012   -1832684.125000
18013   -1832684.250000
18014   -1832684.875000
18015   -1832685.125000
18016   -1832685.500000
18017   -1832685.750000
18018   -1832686.125000
18019   -1832686.500000
18020   -1832686.750000
18021   -1832687.250000
18022   -1832687.625000
18023   -1832687.750000
18024   -1832688.250000
18025   -1832688.500000
18026   -1832688.875000
18027   -1832689.500000
18028   -1832689.875000
18029   -1832690.000000
18030   -1832690.250000
18031   -1832690.875000
18032   -1832691.000000
18033   -1832691.375000
18034   -1832691.750000
18035   -1832691.875000
18036   -1832692.500000
18037   -1832692.750000
18038   -1832693.000000
18039   -1832693.500000
18040   -1832693.750000
18041   -1832694.000000
18042   -1832694.250000
18043   -1832694.875000
18044   -1832695.250000
18045   -1832695.500000
18046   -1832695.750000
18047   -1832696.000000
18048   -1832696.500000
18049   -1832697.000000
18050   -1832697.375000
18051   -1832697.625000
18052   -1832697.750000
18053   -1832698.250000
18054   -1832698.500000
18055   -1832698.750000
18056   -1832699.250000
18057   -1832699.500000
18058   -1832699.750000
18059   -1832700.375000
18060   -1832700.625000
18061   -1832700.750000
18062   -1832701.250000
18063   -1832701.500000
18064   -1832701.750000
18065   -1832702.125000
18066   -1832702.500000
18067   -1832702.875000
18068   -1832703.250000
18069   -1832703.500000
18070   -1832703.750000
18071   -1832704.125000
18072   -1832704.625000
18073   -1832704.750000
18074   -1832705.125000
18075   -1832705.500000
18076   -1832705.750000
18077   -1832706.125000
18078   -1832706.375000
18079   -1832706.750000
18080   -1832707.000000
18081   -1832707.375000
18082   -1832707.625000
18083   -1832708.000000
18084   -1832708.500000
18085   -1832708.625000
18086   -1832709.000000
18087   -1832709.375000
18088   -1832709.500000
18089   -1832710.000000
18090   -1832710.250000
18091   -1832710.500000
18092   -1832711.000000
18093   -1832711.250000
18094   -1832711.500000
18095   -1832711.750000
18096   -1832712.250000
18097   -1832712.375000
18098   -1832712.750000
18099   -1832713.125000
18100   -1832713.500000
18101   -1832713.625000
18102   -1832714.000000
18103   -1832714.500000
18104   -1832714.625000
18105   -1832715.000000
18106   -1832715.250000
18107   -1832715.500000
18108   -1832716.000000
18109   -1832716.125000
18110   -1832716.375000
18111   -1832716.750000
18112   -1832717.000000
18113   -1832717.500000
18114   -1832717.500000
18115   -1832717.875000
18116   -1832718.250000
18117   -1832718.750000
18118   -1832718.750000
18119   -1832719.125000
18120   -1832719.500000
18121   -1832719.750000
18122   -1832720.125000
18123   -1832720.250000
18124   -1832720.750000
18125   -1832721.250000
18126   -1832721.375000
18127   -1832721.500000
18128   -1832722.000000
18129   -1832722.250000
18130   -1832722.375000
18131   -1832722.750000
18132   -1832723.125000
18133   -1832723.500000
18134   -1832723.625000
18135   -1832724.000000
18136   -1832724.500000
18137   -1832724.625000
18138   -1832724.750000
18139   -1832725.375000
18140   -1832725.625000
18141   -1832725.750000
18142   -1832726.000000
18143   -1832726.375000
18144   -1832726.750000
18145   -1832727.000000
18146   -1832727.250000
18147   -1832727.750000
18148   -1832727.875000
18149   -1832728.125000
18150   -1832728.625000
18151   -1832728.750000
18152   -1832729.000000
18153   -1832729.250000
18154   -1832729.750000
18155   -1832729.750000
18156   -1832730.250000
18157   -1832730.625000
18158   -1832730.750000
18159   -1832731.000000
18160   -1832731.375000
18161   -1832731.750000
18162   -1832731.750000
18163   -1832732.250000
18164   -1832732.500000
18165   -1832732.750000
18166   -1832733.000000
18167   -1832733.250000
18168   -1832733.375000
18169   -1832733.875000
18170   -1832734.250000
18171   -1832734.250000
18172   -1832734.625000
18173   -1832735.000000
18174   -1832735.250000
18175   -1832735.500000
18176   -1832735.750000
18177   -1832736.000000
18178   -1832736.250000
18179   -1832736.625000
18180   -1832736.875000
18181   -1832737.125000
18182   -1832737.500000
18183   -1832737.750000
18184   -1832738.000000
18185   -1832738.250000
18186   -1832738.750000
18187   -1832738.750000
18188   -1832739.000000
18189   -1832739.375000
18190   -1832739.500000
18191   -1832740.000000
18192   -1832740.250000
18193   -1832740.250000
18194   -1832740.500000
18195   -1832740.875000
18196   -1832741.250000
18197   -1832741.250000
18198   -1832741.750000
18199   -1832741.750000
18200   -1832742.250000
18201   -1832742.500000
18202   -1832742.750000
18203   -1832743.000000
18204   -1832743.250000
18205   -1832743.375000
18206   -1832743.750000
18207   -1832743.750000
18208   -1832744.250000
18209   -1832744.500000
18210   -1832744.750000
18211   -1832745.125000
18212   -1832745.250000
18213   -1832745.500000
18214   -1832745.500000
18215   -1832746.125000
18216   -1832746.250000
18217   -1832746.500000
18218   -1832746.750000
18219   -1832746.625000
18220   -1832747.250000
18221   -1832747.625000
18222   -1832747.750000
18223   -1832748.125000
18224   -1832748.250000
18225   -1832748.250000
18226   -1832748.625000
18227   -1832748.750000
18228   -1832749.000000
18229   -1832749.500000
18230   -1832749.500000
18231   -1832749.875000
18232   -1832750.250000
18233   -1832750.250000
18234   -1832750.750000
18235   -1832750.875000
18236   -1832751.000000
18237   -1832751.250000
18238   -1832751.625000
18239   -1832751.750000
18240   -1832752.000000
18241   -1832752.375000
18242   -1832752.500000
18243   -1832752.625000
18244   -1832753.125000
18245   -1832753.125000
18246   -1832753.500000
18247   -1832754.000000
18248   -1832754.000000
18249   -1832754.250000
18250   -1832754.375000
18251   -1832754.750000
18252   -1832754.875000
18253   -1832755.000000
18254   -1832755.250000
18255   -1832755.625000
18256   -1832755.750000
18257   -1832756.000000
18258   -1832756.500000
18259   -1832756.375000
18260   -1832756.750000
18261   -1832757.125000
18262   -1832757.000000
18263   -1832757.500000
18264   -1832757.750000
18265   -1832757.750000
18266   -1832758.000000
18267   -1832758.375000
18268   -1832758.625000
18269   -1832758.875000
18270   -1832759.250000
18271   -1832759.375000
18272   -1832759.500000
18273   -1832759.625000
18274   -1832759.875000
18275   -1832760.250000
18276   -1832760.500000
18277   -1832760.500000
18278   -1832761.000000
18279   -1832761.125000
18280   -1832761.500000
18281   -1832761.750000
18282   -1832761.750000
18283   -1832762.000000
18284   -1832762.500000
18285   -1832762.500000
18286   -1832763.000000
18287   -1832763.000000
18288   -1832763.250000
18289   -1832763.750000
18290   -1832763.875000
18291   -1832764.000000
18292   -1832764.500000
18293   -1832764.750000
18294   -1832764.750000
18295   -1832765.125000
18296   -1832765.250000
18297   -1832765.625000
18298   -1832765.750000
18299   -1832766.125000
18300   -1832766.250000
18301   -1832766.625000
18302   -1832766.750000
18303   -1832767.000000
18304   -1832767.375000
18305   -1832767.375000
18306   -1832767.750000
18307   -1832768.250000
18308   -1832768.125000
18309   -1832768.500000
18310   -1832768.750000
18311   -1832768.750000
18312   -1832769.375000
18313   -1832769.625000
18314   -1832769.875000
18315   -1832770.000000
18316   -1832770.125000
18317   -1832770.500000
18318   -1832770.750000
18319   -1832771.000000
18320   -1832771.250000
18321   -1832771.500000
18322   -1832771.750000
18323   -1832772.000000
18324   -1832772.250000
18325   -1832772.500000
18326   -1832772.750000
18327   -1832772.875000
18328   -1832773.250000
18329   -1832773.500000
18330   -1832773.750000
18331   -1832774.000000
18332   -1832774.250000
18333   -1832774.500000
18334   -1832774.750000
18335   -1832775.125000
18336   -1832775.000000
18337   -1832775.500000
18338   -1832775.500000
18339   -1832776.000000
18340   -1832776.500000
18341   -1832776.375000
18342   -1832776.875000
18343   -1832777.000000
18344   -1832777.125000
18345   -1832777.625000
18346   -1832777.750000
18347   -1832778.125000
18348   -1832778.375000
18349   -1832778.500000
18350   -1832779.000000
18351   -1832779.000000
18352   -1832779.375000
18353   -1832779.625000
18354   -1832779.750000
18355   -1832780.000000
18356   -1832780.250000
18357   -1832780.750000
18358   -1832781.000000
18359   -1832781.125000
18360   -1832781.500000
18361   -1832781.625000
18362   -1832781.875000
18363   -1832782.250000
18364   -1832782.250000
18365   -1832782.750000
18366   -1832783.000000
18367   -1832783.250000
18368   -1832783.625000
18369   -1832784.000000
18370   -1832784.125000
18371   -1832784.250000
18372   -1832784.625000
18373   -1832785.000000
18374   -1832785.250000
18375   -1832785.250000
18376   -1832785.500000
18377   -1832786.000000
18378   -1832786.125000
18379   -1832786.375000
18380   -1832786.625000
18381   -1832787.000000
18382   -1832787.250000
18383   -1832787.500000
18384   -1832787.625000
18385   -1832788.000000
18386   -1832788.500000
18387   -1832788.625000
18388   -1832789.000000
18389   -1832789.250000
18390   -1832789.500000
18391   -1832789.625000
18392   -1832790.000000
18393   -1832790.250000
18394   -1832790.750000
18395   -1832790.875000
18396   -1832791.000000
18397   -1832791.375000
18398   -1832791.750000
18399   -1832791.875000
18400   -1832792.000000
18401   -1832792.500000
18402   -1832792.625000
18403   -1832793.000000
18404   -1832793.125000
18405   -1832793.750000
18406   -1832793.875000
18407   -1832794.000000
18408   -1832794.250000
18409   -1832794.625000
18410   -1832795.000000
18411   -1832795.000000
18412   -1832795.375000
18413   -1832795.750000
18414   -1832796.125000
18415   -1832796.250000
18416   -1832796.625000
18417   -1832797.000000
18418   -1832797.250000
18419   -1832797.250000
18420   -1832797.750000
18421   -1832798.000000
18422   -1832798.375000
18423   -1832798.500000
18424   -1832798.875000
18425   -1832799.125000
18426   -1832799.500000
18427   -1832799.750000
18428   -1832799.875000
18429   -1832800.250000
18430   -1832800.500000
18431   -1832800.750000
18432   -1832801.000000
18433   -1832801.500000
18434   -1832801.750000
18435   -1832801.875000
18436   -1832802.000000
18437   -1832802.625000
18438   -1832802.625000
18439   -1832803.000000
18440   -1832803.375000
18441   -1832803.625000
18442   -1832803.875000
18443   -1832804.125000
18444   -1832804.250000
18445   -1832804.750000
18446   -1832805.000000
18447   -1832805.250000
18448   -1832805.500000
18449   -1832806.000000
18450   -1832806.125000
18451   -1832806.375000
18452   -1832806.625000
18453   -1832806.750000
18454   -1832807.250000
18455   -1832807.500000
18456   -1832807.750000
18457   -1832807.875000
18458   -1832808.250000
18459   -1832808.625000
18460   -1832809.000000
18461   -1832809.000000
18462   -1832809.375000
18463   -1832809.750000
18464   -1832810.000000
18465   -1832810.250000
18466   -1832810.250000
18467   -1832810.750000
18468   -1832811.125000
18469   -1832811.250000
18470   -1832811.500000
18471   -1832811.750000
18472   -1832812.000000
18473   -1832812.375000
18474   -1832812.750000
18475   -1832813.000000
18476   -1832813.125000
18477   -1832813.500000
18478   -1832813.625000
18479   -1832814.125000
18480   -1832814.375000
18481   -1832814.500000
18482   -1832814.625000
18483   -1832815.000000
18484   -1832815.250000
18485   -1832815.750000
18486   -1832816.000000
18487   -1832816.250000
18488   -1832816.500000
18489   -1832816.750000
18490   -1832816.750000
18491   -1832817.250000
18492   -1832817.625000
18493   -1832818.000000
18494   -1832818.000000
18495   -1832818.250000
18496   -1832818.500000
18497   -1832818.875000
18498   -1832819.000000
18499   -1832819.500000
18500   -1832819.750000
18501   -1832820.000000
18502   -1832820.250000
18503   -1832820.500000
18504   -1832820.750000
18505   -1832821.000000
18506   -1832821.250000
18507   -1832821.500000
18508   -1832821.875000
18509   -1832822.125000
18510   -1832822.250000
18511   -1832822.750000
18512   -1832822.875000
18513   -1832823.000000
18514   -1832823.500000
18515   -1832823.750000
18516   -1832823.875000
18517   -1832824.250000
18518   -1832824.500000
18519   -1832824.625000
18520   -1832825.000000
18521   -1832825.125000
18522   -1832825.500000
18523   -1832825.750000
18524   -1832826.125000
18525   -1832826.250000
18526   -1832826.500000
18527   -1832826.750000
18528   -1832827.000000
18529   -1832827.500000
18530   -1832827.625000
18531   -1832827.750000
18532   -1832828.000000
18533   -1832828.250000
18534   -1832828.875000
18535   -1832829.000000
18536   -1832829.250000
18537   -1832829.500000
18538   -1832829.750000
18539   -1832830.000000
18540   -1832830.375000
18541   -1832830.500000
18542   -1832830.750000
18543   -1832831.000000
18544   -1832831.500000
18545   -1832831.625000
18546   -1832831.875000
18547   -1832832.125000
18548   -1832832.500000
18549   -1832832.750000
18550   -1832833.000000
18551   -1832833.250000
18552   -1832833.500000
18553   -1832833.750000
18554   -1832834.000000
18555   -1832834.250000
18556   -1832834.625000
18557   -1832834.750000
18558   -1832835.000000
18559   -1832835.500000
18560   -1832835.625000
18561   -1832836.000000
18562   -1832836.250000
18563   -1832836.500000
18564   -1832836.750000
18565   -1832837.250000
18566   -1832837.375000
18567   -1832837.750000
18568   -1832837.875000
18569   -1832838.250000
18570   -1832838.375000
18571   -1832838.500000
18572   -1832838.750000
18573   -1832839.125000
18574   -1832839.500000
18575   -1832839.625000
18576   -1832840.000000
18577   -1832840.250000
18578   -1832840.500000
18579   -1832840.875000
18580   -1832841.000000
18581   -1832841.250000
18582   -1832841.750000
18583   -1832842.000000
18584   -1832842.250000
18585   -1832842.500000
18586   -1832842.750000
18587   -1832843.000000
18588   -1832843.375000
18589   -1832843.500000
18590   -1832843.750000
18591   -1832844.125000
18592   -1832844.375000
18593   -1832844.500000
18594   -1832844.750000
18595   -1832845.250000
18596   -1832845.500000
18597   -1832845.750000
18598   -1832846.000000
18599   -1832846.250000
18600   -1832846.750000
18601   -1832846.875000
18602   -1832847.125000
18603   -1832847.375000
18604   -1832847.625000
18605   -1832847.750000
18606   -1832848.250000
18607   -1832848.500000
18608   -1832848.750000
18609   -1832849.000000
18610   -1832849.375000
18611   -1832849.625000
18612   -1832850.000000
18613   -1832850.125000
18614   -1832850.500000
18615   -1832850.625000
18616   -1832851.125000
18617   -1832851.250000
18618   -1832851.500000
18619   -1832851.750000
18620   -1832852.000000
18621   -1832852.375000
18622   -1832852.750000
18623   -1832853.000000
18624   -1832853.250000
18625   -1832853.500000
18626   -1832853.750000
18627   -1832854.000000
18628   -1832854.250000
18629   -1832854.750000
18630   -1832854.750000
18631   -1832855.000000
18632   -1832855.500000
18633   -1832855.750000
18634   -1832856.000000
18635   -1832856.250000
18636   -1832856.500000
18637   -1832856.750000
18638   -1832857.000000
18639   -1832857.500000
18640   -1832857.750000
18641   -1832857.750000
18642   -1832858.125000
18643   -1832858.500000
18644   -1832858.750000
18645   -1832859.000000
18646   -1832859.250000
18647   -1832859.625000
18648   -1832859.875000
18649   -1832860.000000
18650   -1832860.250000
18651   -1832860.625000
18652   -1832861.000000
18653   -1832861.250000
18654   -1832861.375000
18655   -1832861.750000
18656   -1832862.000000
18657   -1832862.375000
18658   -1832862.500000
18659   -1832862.875000
18660   -1832863.125000
18661   -1832863.250000
18662   -1832863.500000
18663   -1832863.750000
18664   -1832864.125000
18665   -1832864.250000
18666   -1832864.625000
18667   -1832864.875000
18668   -1832865.125000
18669   -1832865.375000
18670   -1832865.750000
18671   -1832866.000000
18672   -1832866.000000
18673   -1832866.500000
18674   -1832866.750000
18675   -1832867.000000
18676   -1832867.250000
18677   -1832867.500000
18678   -1832867.750000
18679   -1832868.000000
18680   -1832868.250000
18681   -1832868.500000
18682   -1832868.750000
18683   -1832869.125000
18684   -1832869.250000
18685   -1832869.500000
18686   -1832870.000000
18687   -1832869.875000
18688   -1832870.375000
18689   -1832870.500000
18690   -1832870.750000
18691   -1832871.000000
18692   -1832871.250000
18693   -1832871.500000
18694   -1832871.750000
18695   -1832872.000000
18696   -1832872.250000
18697   -1832872.375000
18698   -1832872.750000
18699   -1832873.000000
18700   -1832873.250000
18701   -1832873.625000
18702   -1832873.750000
18703   -1832874.000000
18704   -1832874.250000
18705   -1832874.250000
18706   -1832874.750000
18707   -1832874.750000
18708   -1832875.125000
18709   -1832875.250000
18710   -1832875.750000
18711   -1832875.750000
18712   -1832876.000000
18713   -1832876.375000
18714   -1832876.625000
18715   -1832876.875000
18716   -1832877.000000
18717   -1832877.125000
18718   -1832877.500000
18719   -1832877.750000
18720   -1832878.000000
18721   -1832878.250000
18722   -1832878.250000
18723   -1832878.500000
18724   -1832878.750000
18725   -1832879.250000
18726   -1832879.250000
18727   -1832879.500000
18728   -1832879.750000
18729   -1832880.000000
18730   -1832880.250000
18731   -1832880.375000
18732   -1832880.750000
18733   -1832880.875000
18734   -1832881.250000
18735   -1832881.375000
18736   -1832881.750000
18737   -1832881.875000
18738   -1832882.000000
18739   -1832882.250000
18740   -1832882.500000
18741   -1832882.750000
18742   -1832883.000000
18743   -1832883.250000
18744   -1832883.500000
18745   -1832883.750000
18746   -1832883.875000
18747   -1832884.000000
18748   -1832884.250000
18749   -1832884.500000
18750   -1832884.625000
18751   -1832884.875000
18752   -1832885.125000
18753   -1832885.375000
18754   -1832885.500000
18755   -1832885.875000
18756   -1832886.000000
18757   -1832886.250000
18758   -1832886.500000
18759   -1832886.750000
18760   -1832886.875000
18761   -1832887.125000
18762   -1832887.250000
18763   -1832887.375000
18764   -1832887.750000
18765   -1832887.875000
18766   -1832888.250000
18767   -1832888.500000
18768   -1832888.625000
18769   -1832888.875000
18770   -1832889.000000
18771   -1832889.250000
18772   -1832889.500000
18773   -1832889.625000
18774   -1832889.875000
18775   -1832890.000000
18776   -1832890.250000
18777   -1832890.500000
18778   -1832890.750000
18779   -1832890.750000
18780   -1832891.125000
18781   -1832891.250000
18782   -1832891.375000
18783   -1832891.750000
18784   -1832892.000000
18785   -1832892.125000
18786   -1832892.375000
18787   -1832892.375000
18788   -1832892.750000
18789   -1832893.000000
18790   -1832893.000000
18791   -1832893.500000
18792   -1832893.500000
18793   -1832893.750000
18794   -1832894.000000
18795   -1832894.125000
18796   -1832894.250000
18797   -1832894.500000
18798   -1832894.750000
18799   -1832895.000000
18800   -1832895.000000
18801   -1832895.250000
18802   -1832895.500000
18803   -1832895.750000
18804   -1832896.000000
18805   -1832896.000000
18806   -1832896.250000
18807   -1832896.375000
18808   -1832896.750000
18809   -1832896.875000
18810   -1832897.000000
18811   -1832897.250000
18812   -1832897.500000
18813   -1832897.500000
18814   -1832897.750000
18815   -1832898.000000
18816   -1832898.125000
18817   -1832898.500000
18818   -1832898.500000
18819   -1832898.875000
18820   -1832899.000000
18821   -1832899.250000
18822   -1832899.250000
18823   -1832899.500000
18824   -1832899.625000
18825   -1832899.750000
18826   -1832900.000000
18827   -1832900.000000
18828   -1832900.375000
18829   -1832900.500000
18830   -1832900.750000
18831   -1832900.750000
18832   -1832901.000000
18833   -1832901.250000
18834   -1832901.500000
18835   -1832901.625000
18836   -1832901.750000
18837   -1832902.000000
18838   -1832902.000000
18839   -1832902.375000
18840   -1832902.500000
18841   -1832902.750000
18842   -1832902.750000
18843   -1832903.000000
18844   -1832903.250000
18845   -1832903.375000
18846   -1832903.625000
18847   -1832903.750000
18848   -1832904.000000
18849   -1832904.250000
18850   -1832904.375000
18851   -1832904.625000
18852   -1832904.750000
18853   -1832905.000000
18854   -1832905.125000
18855   -1832905.250000
18856   -1832905.500000
18857   -1832905.625000
18858   -1832905.750000
18859   -1832906.125000
18860   -1832906.250000
18861   -1832906.375000
18862   -1832906.500000
18863   -1832906.750000
18864   -1832907.125000
18865   -1832907.250000
18866   -1832907.375000
18867   -1832907.625000
18868   -1832907.750000
18869   -1832908.000000
18870   -1832908.000000
18871   -1832908.250000
18872   -1832908.375000
18873   -1832908.500000
18874   -1832908.875000
18875   -1832909.000000
18876   -1832909.250000
18877   -1832909.500000
18878   -1832909.500000
18879   -1832909.750000
18880   -1832909.875000
18881   -1832910.125000
18882   -1832910.375000
18883   -1832910.375000
18884   -1832910.625000
18885   -1832910.875000
18886   -1832911.125000
18887   -1832911.250000
18888   -1832911.375000
18889   -1832911.625000
18890   -1832911.750000
18891   -1832912.000000
18892   -1832912.125000
18893   -1832912.250000
18894   -1832912.500000
18895   -1832912.500000
18896   -1832912.750000
18897   -1832913.000000
18898   -1832913.250000
18899   -1832913.500000
18900   -1832913.500000
18901   -1832913.750000
18902   -1832913.750000
18903   -1832914.000000
18904   -1832914.500000
18905   -1832914.500000
18906   -1832914.750000
18907   -1832914.750000
18908   -1832914.875000
18909   -1832915.000000
18910   -1832915.250000
18911   -1832915.375000
18912   -1832915.500000
18913   -1832915.750000
18914   -1832915.875000
18915   -1832916.000000
18916   -1832916.250000
18917   -1832916.375000
18918   -1832916.500000
18919   -1832916.625000
18920   -1832916.750000
18921   -1832917.000000
18922   -1832917.250000
18923   -1832917.250000
18924   -1832917.500000
18925   -1832917.750000
18926   -1832917.875000
18927   -1832918.000000
18928   -1832918.125000
18929   -1832918.250000
18930   -1832918.625000
18931   -1832918.750000
18932   -1832918.875000
18933   -1832919.000000
18934   -1832919.250000
18935   -1832919.375000
18936   -1832919.375000
18937   -1832919.625000
18938   -1832919.750000
18939   -1832920.000000
18940   -1832920.000000
18941   -1832920.250000
18942   -1832920.375000
18943   -1832920.500000
18944   -1832920.750000
18945   -1832920.875000
18946   -1832921.000000
18947   -1832921.250000
18948   -1832921.250000
18949   -1832921.500000
18950   -1832921.625000
18951   -1832921.750000
18952   -1832922.000000
18953   -1832922.000000
18954   -1832922.250000
18955   -1832922.375000
18956   -1832922.500000
18957   -1832922.750000
18958   -1832922.750000
18959   -1832923.000000
18960   -1832923.000000
18961   -1832923.375000
18962   -1832923.500000
18963   -1832923.500000
18964   -1832923.750000
18965   -1832923.875000
18966   -1832924.000000
18967   -1832924.250000
18968   -1832924.250000
18969   -1832924.500000
18970   -1832924.500000
18971   -1832924.750000
18972   -1832924.875000
18973   -1832925.000000
18974   -1832925.250000
18975   -1832925.500000
18976   -1832925.625000
18977   -1832925.750000
18978   -1832925.750000
18979   -1832926.000000
18980   -1832926.125000
18981   -1832926.250000
18982   -1832926.375000
18983   -1832926.625000
18984   -1832926.750000
18985   -1832927.000000
18986   -1832927.000000
18987   -1832927.125000
18988   -1832927.375000
18989   -1832927.500000
18990   -1832927.750000
18991   -1832927.750000
18992   -1832928.000000
18993   -1832928.125000
18994   -1832928.250000
18995   -1832928.375000
18996   -1832928.500000
18997   -1832928.750000
18998   -1832928.875000
18999   -1832929.000000
19000   -1832929.125000
19001   -1832929.250000
19002   -1832929.375000
19003   -1832929.750000
19004   -1832929.750000
19005   -1832930.000000
19006   -1832930.250000
19007   -1832930.375000
19008   -1832930.500000
19009   -1832930.625000
19010   -1832930.750000
19011   -1832931.000000
19012   -1832931.250000
19013   -1832931.250000
19014   -1832931.250000
19015   -1832931.625000
19016   -1832931.750000
19017   -1832932.000000
19018   -1832932.000000
19019   -1832932.250000
19020   -1832932.500000
19021   -1832932.625000
19022   -1832932.750000
19023   -1832933.000000
19024   -1832933.250000
19025   -1832933.375000
19026   -1832933.500000
19027   -1832933.750000
19028   -1832933.750000
19029   -1832934.000000
19030   -1832934.125000
19031   -1832934.250000
19032   -1832934.250000
19033   -1832934.500000
19034   -1832934.750000
19035   -1832934.875000
19036   -1832935.000000
19037   -1832935.250000
19038   -1832935.375000
19039   -1832935.500000
19040   -1832935.750000
19041   -1832935.875000
19042   -1832936.000000
19043   -1832936.125000
19044   -1832936.375000
19045   -1832936.500000
19046   -1832936.750000
19047   -1832936.875000
19048   -1832937.000000
19049   -1832937.250000
19050   -1832937.250000
19051   -1832937.500000
19052   -1832937.750000
19053   -1832937.750000
19054   -1832938.000000
19055   -1832938.125000
19056   -1832938.500000
19057   -1832938.625000
19058   -1832938.750000
19059   -1832938.875000
19060   -1832939.250000
19061   -1832939.250000
19062   -1832939.500000
19063   -1832939.500000
19064   -1832939.875000
19065   -1832940.000000
19066   -1832940.250000
19067   -1832940.250000
19068   -1832940.500000
19069   -1832940.875000
19070   -1832941.000000
19071   -1832941.250000
19072   -1832941.250000
19073   -1832941.500000
19074   -1832941.750000
19075   -1832941.875000
19076   -1832942.250000
19077   -1832942.250000
19078   -1832942.250000
19079   -1832942.500000
19080   -1832942.750000
19081   -1832943.000000
19082   -1832943.000000
19083   -1832943.250000
19084   -1832943.500000
19085   -1832943.750000
19086   -1832944.000000
19087   -1832944.125000
19088   -1832944.375000
19089   -1832944.500000
19090   -1832944.500000
19091   -1832944.750000
19092   -1832945.000000
19093   -1832945.125000
19094   -1832945.500000
19095   -1832945.750000
19096   -1832945.750000
19097   -1832946.000000
19098   -1832946.250000
19099   -1832946.250000
19100   -1832946.625000
19101   -1832946.750000
19102   -1832946.875000
19103   -1832947.000000
19104   -1832947.375000
19105   -1832947.375000
19106   -1832947.750000
19107   -1832947.875000
19108   -1832948.000000
19109   -1832948.500000
19110   -1832948.500000
19111   -1832948.500000
19112   -1832948.875000
19113   -1832949.125000
19114   -1832949.375000
19115   -1832949.500000
19116   -1832949.500000
19117   -1832949.750000
19118   -1832950.125000
19119   -1832950.250000
19120   -1832950.375000
19121   -1832950.625000
19122   -1832950.750000
19123   -1832951.000000
19124   -1832951.250000
19125   -1832951.500000
19126   -1832951.500000
19127   -1832951.750000
19128   -1832952.000000
19129   -1832952.250000
19130   -1832952.500000
19131   -1832952.500000
19132   -1832952.750000
19133   -1832953.000000
19134   -1832953.000000
19135   -1832953.250000
19136   -1832953.625000
19137   -1832953.625000
19138   -1832954.000000
19139   -1832954.000000
19140   -1832954.500000
19141   -1832954.500000
19142   -1832954.625000
19143   -1832955.000000
19144   -1832955.125000
19145   -1832955.500000
19146   -1832955.500000
19147   -1832955.750000
19148   -1832956.000000
19149   -1832956.125000
19150   -1832956.250000
19151   -1832956.500000
19152   -1832956.750000
19153   -1832957.000000
19154   -1832957.000000
19155   -1832957.250000
19156   -1832957.500000
19157   -1832957.750000
19158   -1832958.000000
19159   -1832958.000000
19160   -1832958.250000
19161   -1832958.500000
19162   -1832958.625000
19163   -1832959.000000
19164   -1832959.125000
19165   -1832959.250000
19166   -1832959.250000
19167   -1832959.750000
19168   -1832959.875000
19169   -1832960.000000
19170   -1832960.375000
19171   -1832960.500000
19172   -1832960.750000
19173   -1832961.000000
19174   -1832961.125000
19175   -1832961.250000
19176   -1832961.500000
19177   -1832961.750000
19178   -1832962.000000
19179   -1832962.250000
19180   -1832962.250000
19181   -1832962.500000
19182   -1832962.875000
19183   -1832963.000000
19184   -1832963.250000
19185   -1832963.500000
19186   -1832963.625000
19187   -1832963.750000
19188   -1832964.000000
19189   -1832964.250000
19190   -1832964.500000
19191   -1832964.750000
19192   -1832965.000000
19193   -1832965.000000
19194   -1832965.250000
19195   -1832965.500000
19196   -1832965.750000
19197   -1832966.000000
19198   -1832966.125000
19199   -1832966.250000
19200   -1832966.625000
19201   -1832966.750000
19202   -1832966.875000
19203   -1832967.125000
19204   -1832967.500000
19205   -1832967.500000
19206   -1832967.750000
19207   -1832968.000000
19208   -1832968.250000
19209   -1832968.375000
19210   -1832968.750000
19211   -1832969.000000
19212   -1832969.125000
19213   -1832969.500000
19214   -1832969.500000
19215   -1832969.750000
19216   -1832970.000000
19217   -1832970.250000
19218   -1832970.500000
19219   -1832970.750000
19220   -1832970.875000
19221   -1832971.250000
19222   -1832971.375000
19223   -1832971.500000
19224   -1832971.875000
19225   -1832972.000000
19226   -1832972.250000
19227   -1832972.500000
19228   -1832972.750000
19229   -1832973.000000
19230   -1832973.125000
19231   -1832973.375000
19232   -1832973.625000
19233   -1832973.875000
19234   -1832974.000000
19235   -1832974.250000
19236   -1832974.500000
19237   -1832974.875000
19238   -1832975.000000
19239   -1832975.125000
19240   -1832975.500000
19241   -1832975.750000
19242   -1832975.875000
19243   -1832976.250000
19244   -1832976.250000
19245   -1832976.625000
19246   -1832976.750000
19247   -1832977.000000
19248   -1832977.250000
19249   -1832977.625000
19250   -1832977.750000
19251   -1832978.000000
19252   -1832978.250000
19253   -1832978.625000
19254   -1832978.750000
19255   -1832978.750000
19256   -1832979.250000
19257   -1832979.375000
19258   -1832979.625000
19259   -1832979.875000
19260   -1832980.125000
19261   -1832980.375000
19262   -1832980.750000
19263   -1832980.875000
19264   -1832981.250000
19265   -1832981.375000
19266   -1832981.750000
19267   -1832981.750000
19268   -1832982.000000
19269   -1832982.250000
19270   -1832982.500000
19271   -1832982.875000
19272   -1832982.875000
19273   -1832983.250000
19274   -1832983.500000
19275   -1832983.750000
19276   -1832984.000000
19277   -1832984.250000
19278   -1832984.500000
19279   -1832984.750000
19280   -1832985.000000
19281   -1832985.250000
19282   -1832985.250000
19283   -1832985.500000
19284   -1832985.750000
19285   -1832986.250000
19286   -1832986.250000
19287   -1832986.500000
19288   -1832986.750000
19289   -1832986.875000
19290   -1832987.250000
19291   -1832987.500000
19292   -1832987.750000
19293   -1832988.000000
19294   -1832988.000000
19295   -1832988.250000
19296   -1832988.750000
19297   -1832988.750000
19298   -1832989.125000
19299   -1832989.375000
19300   -1832989.500000
19301   -1832989.875000
19302   -1832990.000000
19303   -1832990.250000
19304   -1832990.500000
19305   -1832990.750000
19306   -1832991.000000
19307   -1832991.125000
19308   -1832991.375000
19309   -1832991.500000
19310   -1832991.875000
19311   -1832992.125000
19312   -1832992.375000
19313   -1832992.625000
19314   -1832992.750000
19315   -1832993.000000
19316   -1832993.250000
19317   -1832993.500000
19318   -1832993.875000
19319   -1832994.000000
19320   -1832994.250000
19321   -1832994.500000
19322   -1832994.750000
19323   -1832995.000000
19324   -1832995.125000
19325   -1832995.250000
19326   -1832995.500000
19327   -1832995.750000
19328   -1832996.000000
19329   -1832996.500000
19330   -1832996.500000
19331   -1832996.750000
19332   -1832996.875000
19333   -1832997.250000
19334   -1832997.375000
19335   -1832997.750000
19336   -1832997.875000
19337   -1832998.125000
19338   -1832998.250000
19339   -1832998.500000
19340   -1832998.750000
19341   -1832999.000000
19342   -1832999.250000
19343   -1832999.375000
19344   -1832999.750000
19345   -1833000.000000
19346   -1833000.250000
19347   -1833000.250000
19348   -1833000.750000
19349   -1833000.875000
19350   -1833001.000000
19351   -1833001.375000
19352   -1833001.750000
19353   -1833001.750000
19354   -1833002.000000
19355   -1833002.375000
19356   -1833002.250000
19357   -1833002.500000
19358   -1833002.875000
19359   -1833003.125000
19360   -1833003.375000
19361   -1833003.500000
19362   -1833003.750000
19363   -1833004.000000
19364   -1833004.250000
19365   -1833004.375000
19366   -1833004.625000
19367   -1833005.000000
19368   -1833005.000000
19369   -1833005.375000
19370   -1833005.750000
19371   -1833005.875000
19372   -1833006.000000
19373   -1833006.125000
19374   -1833006.500000
19375   -1833006.625000
19376   -1833007.000000
19377   -1833007.250000
19378   -1833007.375000
19379   -1833007.750000
19380   -1833007.875000
19381   -1833008.000000
19382   -1833008.250000
19383   -1833008.500000
19384   -1833008.750000
19385   -1833008.875000
19386   -1833009.250000
19387   -1833009.500000
19388   -1833009.625000
19389   -1833009.750000
19390   -1833010.125000
19391   -1833010.250000
19392   -1833010.250000
19393   -1833010.750000
19394   -1833011.000000
19395   -1833011.250000
19396   -1833011.250000
19397   -1833011.500000
19398   -1833011.750000
19399   -1833012.000000
19400   -1833012.250000
19401   -1833012.500000
19402   -1833012.625000
19403   -1833013.000000
19404   -1833013.250000
19405   -1833013.250000
19406   -1833013.500000
19407   -1833013.750000
19408   -1833014.000000
19409   -1833014.250000
19410   -1833014.375000
19411   -1833014.625000
19412   -1833015.000000
19413   -1833015.125000
19414   -1833015.375000
19415   -1833015.625000
19416   -1833015.750000
19417   -1833016.000000
19418   -1833016.250000
19419   -1833016.500000
19420   -1833016.750000
19421   -1833017.000000
19422   -1833017.125000
19423   -1833017.375000
19424   -1833017.500000
19425   -1833017.875000
19426   -1833018.000000
19427   -1833018.250000
19428   -1833018.500000
19429   -1833018.750000
19430   -1833019.000000
19431   -1833019.125000
19432   -1833019.500000
19433   -1833019.625000
19434   -1833019.750000
19435   -1833020.125000
19436   -1833020.250000
19437   -1833020.500000
19438   -1833020.625000
19439   -1833020.875000
19440   -1833021.250000
19441   -1833021.500000
19442   -1833021.625000
19443   -1833022.000000
19444   -1833022.125000
19445   -1833022.375000
19446   -1833022.500000
19447   -1833022.750000
19448   -1833023.000000
19449   -1833023.250000
19450   -1833023.625000
19451   -1833023.875000
19452   -1833024.000000
19453   -1833024.250000
19454   -1833024.375000
19455   -1833024.750000
19456   -1833025.125000
19457   -1833025.250000
19458   -1833025.500000
19459   -1833025.625000
19460   -1833026.000000
19461   -1833026.000000
19462   -1833026.500000
19463   -1833026.750000
19464   -1833026.750000
19465   -1833027.250000
19466   -1833027.250000
19467   -1833027.625000
19468   -1833027.875000
19469   -1833028.125000
19470   -1833028.500000
19471   -1833028.500000
19472   -1833029.000000
19473   -1833029.000000
19474   -1833029.375000
19475   -1833029.500000
19476   -1833030.000000
19477   -1833030.250000
19478   -1833030.250000
19479   -1833030.750000
19480   -1833030.875000
19481   -1833031.250000
19482   -1833031.250000
19483   -1833031.875000
19484   -1833031.875000
19485   -1833032.250000
19486   -1833032.500000
19487   -1833032.750000
19488   -1833032.875000
19489   -1833033.375000
19490   -1833033.500000
19491   -1833033.750000
19492   -1833034.000000
19493   -1833034.375000
19494   -1833034.500000
19495   -1833034.875000
19496   -1833035.000000
19497   -1833035.375000
19498   -1833035.500000
19499   -1833035.875000
19500   -1833036.250000
19501   -1833036.500000
19502   -1833036.750000
19503   -1833037.000000
19504   -1833037.250000
19505   -1833037.500000
19506   -1833038.000000
19507   -1833038.125000
19508   -1833038.250000
19509   -1833038.750000
19510   -1833039.000000
19511   -1833039.375000
19512   -1833039.500000
19513   -1833039.875000
19514   -1833040.125000
19515   -1833040.250000
19516   -1833040.625000
19517   -1833040.750000
19518   -1833041.250000
19519   -1833041.500000
19520   -1833041.750000
19521   -1833042.250000
19522   -1833042.250000
19523   -1833042.750000
19524   -1833043.000000
19525   -1833043.500000
19526   -1833043.750000
19527   -1833044.000000
19528   -1833044.375000
19529   -1833044.750000
19530   -1833044.875000
19531   -1833045.250000
19532   -1833045.625000
19533   -1833045.750000
19534   -1833046.250000
19535   -1833046.500000
19536   -1833046.750000
19537   -1833047.000000
19538   -1833047.500000
19539   -1833047.875000
19540   -1833048.250000
19541   -1833048.375000
19542   -1833048.875000
19543   -1833049.250000
19544   -1833049.500000
19545   -1833049.750000
19546   -1833050.250000
19547   -1833050.500000
19548   -1833050.750000
19549   -1833051.000000
19550   -1833051.500000
19551   -1833051.750000
19552   -1833052.000000
19553   -1833052.375000
19554   -1833052.875000
19555   -1833053.250000
19556   -1833053.625000
19557   -1833054.000000
19558   -1833054.250000
19559   -1833054.500000
19560   -1833055.000000
19561   -1833055.250000
19562   -1833055.500000
19563   -1833056.125000
19564   -1833056.625000
19565   -1833056.750000
19566   -1833057.125000
19567   -1833057.500000
19568   -1833057.875000
19569   -1833058.250000
19570   -1833058.625000
19571   -1833059.000000
19572   -1833059.500000
19573   -1833059.625000
19574   -1833060.125000
19575   -1833060.500000
19576   -1833060.750000
19577   -1833061.250000
19578   -1833061.625000
19579   -1833061.750000
19580   -1833062.250000
19581   -1833062.750000
19582   -1833063.125000
19583   -1833063.500000
19584   -1833064.000000
19585   -1833064.250000
19586   -1833064.500000
19587   -1833065.000000
19588   -1833065.375000
19589   -1833065.750000
19590   -1833066.250000
19591   -1833066.625000
19592   -1833067.000000
19593   -1833067.375000
19594   -1833067.750000
19595   -1833068.125000
19596   -1833068.500000
19597   -1833069.000000
19598   -1833069.500000
19599   -1833069.875000
19600   -1833070.000000
19601   -1833070.500000
19602   -1833071.000000
19603   -1833071.375000
19604   -1833071.625000
19605   -1833072.250000
19606   -1833072.750000
19607   -1833073.000000
19608   -1833073.250000
19609   -1833073.750000
19610   -1833074.125000
19611   -1833074.750000
19612   -1833075.125000
19613   -1833075.250000
19614   -1833076.000000
19615   -1833076.250000
19616   -1833076.750000
19617   -1833077.000000
19618   -1833077.500000
19619   -1833078.000000
19620   -1833078.500000
19621   -1833078.750000
19622   -1833079.000000
19623   -1833079.500000
19624   -1833080.000000
19625   -1833080.500000
19626   -1833080.750000
19627   -1833081.250000
19628   -1833081.750000
19629   -1833082.250000
19630   -1833082.500000
19631   -1833083.000000
19632   -1833083.500000
19633   -1833083.750000
19634   -1833084.125000
19635   -1833084.750000
19636   -1833085.250000
19637   -1833085.500000
19638   -1833086.000000
19639   -1833086.500000
19640   -1833087.000000
19641   -1833087.500000
19642   -1833087.750000
19643   -1833088.125000
19644   -1833088.500000
19645   -1833088.875000
19646   -1833089.750000
19647   -1833089.750000
19648   -1833090.250000
19649   -1833090.750000
19650   -1833091.125000
19651   -1833091.750000
19652   -1833092.000000
19653   -1833092.500000
19654   -1833093.000000
19655   -1833093.500000
19656   -1833094.125000
19657   -1833094.375000
19658   -1833094.750000
19659   -1833095.000000
19660   -1833095.750000
19661   -1833096.125000
19662   -1833096.625000
19663   -1833097.000000
19664   -1833097.500000
19665   -1833097.875000
19666   -1833098.500000
19667   -1833098.875000
19668   -1833099.250000
19669   -1833099.500000
19670   -1833100.125000
19671   -1833100.625000
19672   -1833101.000000
19673   -1833101.500000
19674   -1833101.750000
19675   -1833102.375000
19676   -1833103.000000
19677   -1833103.250000
19678   -1833103.750000
19679   -1833104.250000
19680   -1833104.500000
19681   -1833105.125000
19682   -1833105.500000
19683   -1833105.875000
19684   -1833106.500000
19685   -1833106.750000
19686   -1833107.250000
19687   -1833107.750000
19688   -1833108.375000
19689   -1833108.750000
19690   -1833109.250000
19691   -1833109.625000
19692   -1833110.000000
19693   -1833110.500000
19694   -1833111.000000
19695   -1833111.250000
19696   -1833111.875000
19697   -1833112.250000
19698   -1833113.000000
19699   -1833113.125000
19700   -1833113.625000
19701   -1833114.250000
19702   -1833114.750000
19703   -1833115.125000
19704   -1833115.500000
19705   -1833116.000000
19706   -1833116.500000
19707   -1833116.875000
19708   -1833117.375000
19709   -1833117.750000
19710   -1833118.250000
19711   -1833118.875000
19712   -1833119.125000
19713   -1833119.625000
19714   -1833120.250000
19715   -1833120.625000
19716   -1833121.000000
19717   -1833121.375000
19718   -1833122.000000
19719   -1833122.250000
19720   -1833122.750000
19721   -1833123.375000
19722   -1833123.750000
19723   -1833124.000000
19724   -1833124.875000
19725   -1833125.000000
19726   -1833125.500000
19727   -1833126.000000
19728   -1833126.250000
19729   -1833126.875000
19730   -1833127.500000
19731   -1833127.750000
19732   -1833128.125000
19733   -1833128.625000
19734   -1833129.125000
19735   -1833129.625000
19736   -1833130.000000
19737   -1833130.500000
19738   -1833131.000000
19739   -1833131.500000
19740   -1833131.750000
19741   -1833132.250000
19742   -1833132.500000
19743   -1833133.000000
19744   -1833133.750000
19745   -1833134.000000
19746   -1833134.500000
19747   -1833134.875000
19748   -1833135.250000
19749   -1833135.500000
19750   -1833136.125000
19751   -1833136.625000
19752   -1833137.000000
19753   -1833137.375000
19754   -1833137.500000
19755   -1833137.875000
19756   -1833138.500000
19757   -1833139.000000
19758   -1833139.250000
19759   -1833139.625000
19760   -1833140.000000
19761   -1833140.250000
19762   -1833141.000000
19763   -1833141.250000
19764   -1833141.500000
19765   -1833142.000000
19766   -1833142.250000
19767   -1833142.625000
19768   -1833143.250000
19769   -1833143.625000
19770   -1833144.000000
19771   -1833144.250000
19772   -1833144.750000
19773   -1833145.250000
19774   -1833145.375000
19775   -1833145.750000
19776   -1833146.375000
19777   -1833146.625000
19778   -1833147.000000
19779   -1833147.250000
19780   -1833147.625000
19781   -1833148.125000
19782   -1833148.500000
19783   -1833149.000000
19784   -1833149.250000
19785   -1833149.500000
19786   -1833150.000000
19787   -1833150.500000
19788   -1833150.625000
19789   -1833151.000000
19790   -1833151.375000
19791   -1833151.750000
19792   -1833152.125000
19793   -1833152.500000
19794   -1833152.875000
19795   -1833153.000000
19796   -1833153.500000
19797   -1833153.875000
19798   -1833154.125000
19799   -1833154.500000
19800   -1833155.000000
19801   -1833155.375000
19802   -1833155.500000
19803   -1833156.000000
19804   -1833156.500000
19805   -1833156.625000
19806   -1833156.875000
19807   -1833157.250000
19808   -1833157.500000
19809   -1833158.000000
19810   -1833158.500000
19811   -1833158.875000
19812   -1833159.000000
19813   -1833159.375000
19814   -1833159.875000
19815   -1833160.125000
19816   -1833160.500000
19817   -1833160.750000
19818   -1833161.125000
19819   -1833161.250000
19820   -1833161.875000
19821   -1833162.250000
19822   -1833162.500000
19823   -1833162.875000
19824   -1833163.125000
19825   -1833163.500000
19826   -1833163.875000
19827   -1833164.000000
19828   -1833164.500000
19829   -1833164.750000
19830   -1833165.000000
19831   -1833165.500000
19832   -1833165.875000
19833   -1833166.250000
19834   -1833166.500000
19835   -1833166.750000
19836   -1833167.250000
19837   -1833167.500000
19838   -1833168.000000
19839   -1833168.125000
19840   -1833168.500000
19841   -1833168.875000
19842   -1833169.000000
19843   -1833169.500000
19844   -1833170.000000
19845   -1833170.250000
19846   -1833170.500000
19847   -1833171.000000
19848   -1833171.250000
19849   -1833171.250000
19850   -1833172.000000
19851   -1833172.125000
19852   -1833172.500000
19853   -1833172.750000
19854   -1833173.250000
19855   -1833173.625000
19856   -1833174.000000
19857   -1833174.250000
19858   -1833174.625000
19859   -1833174.750000
19860   -1833175.250000
19861   -1833175.500000
19862   -1833175.750000
19863   -1833176.125000
19864   -1833176.625000
19865   -1833177.000000
19866   -1833177.250000
19867   -1833177.500000
19868   -1833178.000000
19869   -1833178.250000
19870   -1833178.625000
19871   -1833178.750000
19872   -1833179.250000
19873   -1833179.625000
19874   -1833180.000000
19875   -1833180.500000
19876   -1833180.500000
19877   -1833180.750000
19878   -1833181.375000
19879   -1833181.750000
19880   -1833181.875000
19881   -1833182.500000
19882   -1833182.750000
19883   -1833183.000000
19884   -1833183.375000
19885   -1833183.875000
19886   -1833184.000000
19887   -1833184.375000
19888   -1833184.875000
19889   -1833185.125000
19890   -1833185.500000
19891   -1833185.750000
19892   -1833186.125000
19893   -1833186.500000
19894   -1833186.875000
19895   -1833187.125000
19896   -1833187.500000
19897   -1833187.750000
19898   -1833188.125000
19899   -1833188.500000
19900   -1833188.750000
19901   -1833189.000000
19902   -1833189.250000
19903   -1833189.750000
19904   -1833190.125000
19905   -1833190.250000
19906   -1833190.750000
19907   -1833191.250000
19908   -1833191.500000
19909   -1833191.750000
19910   -1833192.125000
19911   -1833192.500000
19912   -1833192.750000
19913   -1833193.250000
19914   -1833193.375000
19915   -1833193.750000
19916   -1833194.250000
19917   -1833194.250000
19918   -1833194.750000
19919   -1833195.000000
19920   -1833195.500000
19921   -1833195.750000
19922   -1833196.000000
19923   -1833196.375000
19924   -1833196.750000
19925   -1833197.000000
19926   -1833197.375000
19927   -1833197.875000
19928   -1833198.000000
19929   -1833198.375000
19930   -1833198.750000
19931   -1833198.875000
19932   -1833199.250000
19933   -1833199.625000
19934   -1833199.875000
19935   -1833200.250000
19936   -1833200.750000
19937   -1833201.000000
19938   -1833201.250000
19939   -1833201.500000
19940   -1833201.750000
19941   -1833202.125000
19942   -1833202.625000
19943   -1833202.750000
19944   -1833203.125000
19945   -1833203.500000
19946   -1833203.750000
19947   -1833204.250000
19948   -1833204.500000
19949   -1833204.750000
19950   -1833205.000000
19951   -1833205.375000
19952   -1833205.625000
19953   -1833206.000000
19954   -1833206.250000
19955   -1833206.750000
19956   -1833207.000000
19957   -1833207.250000
19958   -1833207.500000
19959   -1833208.000000
19960   -1833208.250000
19961   -1833208.500000
19962   -1833209.000000
19963   -1833209.250000
19964   -1833209.500000
19965   -1833209.875000
19966   -1833210.375000
19967   -1833210.500000
19968   -1833211.000000
19969   -1833211.250000
19970   -1833211.500000
19971   -1833211.750000
19972   -1833212.125000
19973   -1833212.500000
19974   -1833212.875000
19975   -1833213.125000
19976   -1833213.500000
19977   -1833213.750000
19978   -1833214.000000
19979   -1833214.375000
19980   -1833214.750000
19981   -1833215.000000
19982   -1833215.500000
19983   -1833215.750000
19984   -1833216.000000
19985   -1833216.250000
19986   -1833216.750000
19987   -1833217.000000
19988   -1833217.250000
19989   -1833217.500000
19990   -1833218.000000
19991   -1833218.250000
19992   -1833218.625000
19993   -1833218.875000
19994   -1833219.375000
19995   -1833219.500000
19996   -1833220.000000
19997   -1833220.250000
19998   -1833220.500000
19999   -1833220.875000
20000   -1833221.250000
20001   -1833221.500000
20002   -1833221.750000
20003   -1833222.000000
20004   -1833222.375000
20005   -1833222.500000
20006   -1833223.000000
20007   -1833223.250000
20008   -1833223.750000
20009   -1833224.000000
20010   -1833224.250000
20011   -1833224.625000
20012   -1833225.000000
20013   -1833225.250000
20014   -1833225.500000
20015   -1833225.875000
20016   -1833226.125000
20017   -1833226.500000
20018   -1833226.750000
20019   -1833227.250000
20020   -1833227.375000
20021   -1833227.750000
20022   -1833228.125000
20023   -1833228.500000
20024   -1833228.750000
20025   -1833229.000000
20026   -1833229.250000
20027   -1833229.625000
20028   -1833230.000000
20029   -1833230.250000
20030   -1833230.625000
20031   -1833231.000000
20032   -1833231.250000
20033   -1833231.500000
20034   -1833231.750000
20035   -1833232.250000
20036   -1833232.500000
20037   -1833232.750000
20038   -1833233.250000
20039   -1833233.500000
20040   -1833233.750000
20041   -1833234.125000
20042   -1833234.500000
20043   -1833234.750000
20044   -1833235.000000
20045   -1833235.250000
20046   -1833235.625000
20047   -1833236.000000
20048   -1833236.125000
20049   -1833236.500000
20050   -1833236.875000
20051   -1833237.000000
20052   -1833237.500000
20053   -1833237.750000
20054   -1833238.000000
20055   -1833238.250000
20056   -1833238.750000
20057   -1833239.000000
20058   -1833239.250000
20059   -1833239.750000
20060   -1833239.750000
20061   -1833240.250000
20062   -1833240.625000
20063   -1833240.750000
20064   -1833241.250000
20065   -1833241.375000
20066   -1833241.500000
20067   -1833242.125000
20068   -1833242.000000
20069   -1833242.500000
20070   -1833242.875000
20071   -1833243.000000
20072   -1833243.375000
20073   -1833243.625000
20074   -1833244.000000
20075   -1833244.250000
20076   -1833244.500000
20077   -1833244.750000
20078   -1833245.000000
20079   -1833245.375000
20080   -1833245.750000
20081   -1833246.000000
20082   -1833246.250000
20083   -1833246.500000
20084   -1833246.750000
20085   -1833247.125000
20086   -1833247.375000
20087   -1833247.625000
20088   -1833248.000000
20089   -1833248.250000
20090   -1833248.375000
20091   -1833248.750000
20092   -1833249.000000
20093   -1833249.250000
20094   -1833249.625000
20095   -1833250.000000
20096   -1833250.000000
20097   -1833250.500000
20098   -1833250.625000
20099   -1833250.875000
20100   -1833251.375000
20101   -1833251.500000
20102   -1833251.875000
20103   -1833251.875000
20104   -1833252.250000
20105   -1833252.500000
20106   -1833252.875000
20107   -1833253.000000
20108   -1833253.375000
20109   -1833253.625000
20110   -1833253.875000
20111   -1833254.250000
20112   -1833254.500000
20113   -1833254.750000
20114   -1833254.875000
20115   -1833255.250000
20116   -1833255.500000
20117   -1833255.625000
20118   -1833256.000000
20119   -1833256.250000
20120   -1833256.500000
20121   -1833256.750000
20122   -1833256.875000
20123   -1833257.250000
20124   -1833257.375000
20125   -1833257.625000
20126   -1833257.750000
20127   -1833258.125000
20128   -1833258.500000
20129   -1833258.625000
20130   -1833258.875000
20131   -1833259.125000
20132   -1833259.250000
20133   -1833259.750000
20134   -1833259.875000
20135   -1833260.125000
20136   -1833260.500000
20137   -1833260.500000
20138   -1833260.750000
20139   -1833261.000000
20140   -1833261.125000
20141   -1833261.500000
20142   -1833261.750000
20143   -1833261.875000
20144   -1833262.250000
20145   -1833262.500000
20146   -1833262.750000
20147   -1833262.875000
20148   -1833263.125000
20149   -1833263.375000
20150   -1833263.500000
20151   -1833263.750000
20152   -1833264.000000
20153   -1833264.250000
20154   -1833264.500000
20155   -1833264.625000
20156   -1833264.750000
20157   -1833265.250000
20158   -1833265.250000
20159   -1833265.500000
20160   -1833265.750000
20161   -1833266.000000
20162   -1833266.125000
20163   -1833266.500000
20164   -1833266.625000
20165   -1833266.750000
20166   -1833267.000000
20167   -1833267.250000
20168   -1833267.500000
20169   -1833267.625000
20170   -1833267.750000
20171   -1833268.000000
20172   -1833268.250000
20173   -1833268.500000
20174   -1833268.750000
20175   -1833268.875000
20176   -1833269.125000
20177   -1833269.250000
20178   -1833269.500000
20179   -1833269.750000
20180   -1833270.000000
20181   -1833270.250000
20182   -1833270.250000
20183   -1833270.500000
20184   -1833270.750000
20185   -1833271.000000
20186   -1833271.250000
20187   -1833271.500000
20188   -1833271.625000
20189   -1833271.875000
20190   -1833271.875000
20191   -1833272.125000
20192   -1833272.500000
20193   -1833272.500000
20194   -1833273.000000
20195   -1833272.875000
20196   -1833273.000000
20197   -1833273.500000
20198   -1833273.625000
20199   -1833273.750000
20200   -1833274.000000
20201   -1833274.000000
20202   -1833274.375000
20203   -1833274.750000
20204   -1833274.875000
20205   -1833274.875000
20206   -1833275.000000
20207   -1833275.250000
20208   -1833275.500000
20209   -1833275.750000
20210   -1833275.875000
20211   -1833276.000000
20212   -1833276.125000
20213   -1833276.500000
20214   -1833276.750000
20215   -1833277.000000
20216   -1833277.125000
20217   -1833277.250000
20218   -1833277.500000
20219   -1833277.625000
20220   -1833277.875000
20221   -1833278.250000
20222   -1833278.250000
20223   -1833278.500000
20224   -1833278.750000
20225   -1833278.750000
20226   -1833279.000000
20227   -1833279.250000
20228   -1833279.500000
20229   -1833279.500000
20230   -1833279.875000
20231   -1833280.000000
20232   -1833280.125000
20233   -1833280.250000
20234   -1833280.625000
20235   -1833280.750000
20236   -1833280.875000
20237   -1833281.250000
20238   -1833281.500000
20239   -1833281.500000
20240   -1833281.875000
20241   -1833282.000000
20242   -1833282.125000
20243   -1833282.375000
20244   -1833282.500000
20245   -1833282.750000
20246   -1833282.875000
20247   -1833283.250000
20248   -1833283.375000
20249   -1833283.500000
20250   -1833283.750000
20251   -1833284.000000
20252   -1833284.250000
20253   -1833284.250000
20254   -1833284.500000
20255   -1833284.750000
20256   -1833284.875000
20257   -1833285.125000
20258   -1833285.250000
20259   -1833285.500000
20260   -1833285.625000
20261   -1833285.750000
20262   -1833286.000000
20263   -1833286.250000
20264   -1833286.500000
20265   -1833286.625000
20266   -1833287.000000
20267   -1833287.125000
20268   -1833287.250000
20269   -1833287.500000
20270   -1833287.500000
20271   -1833287.875000
20272   -1833288.125000
20273   -1833288.250000
20274   -1833288.500000
20275   -1833288.500000
20276   -1833288.875000
20277   -1833289.000000
20278   -1833289.250000
20279   -1833289.250000
20280   -1833289.500000
20281   -1833289.875000
20282   -1833289.875000
20283   -1833290.125000
20284   -1833290.250000
20285   -1833290.250000
20286   -1833290.750000
20287   -1833290.750000
20288   -1833291.000000
20289   -1833291.500000
20290   -1833291.500000
20291   -1833291.750000
20292   -1833292.000000
20293   -1833292.000000
20294   -1833292.500000
20295   -1833292.500000
20296   -1833292.500000
20297   -1833292.750000
20298   -1833293.000000
20299   -1833293.250000
20300   -1833293.250000
20301   -1833293.750000
20302   -1833293.750000
20303   -1833294.000000
20304   -1833294.250000
20305   -1833294.500000
20306   -1833294.500000
20307   -1833294.625000
20308   -1833295.000000
20309   -1833295.250000
20310   -1833295.500000
20311   -1833295.625000
20312   -1833295.750000
20313   -1833296.000000
20314   -1833296.000000
20315   -1833296.250000
20316   -1833296.500000
20317   -1833296.875000
20318   -1833297.000000
20319   -1833297.250000
20320   -1833297.375000
20321   -1833297.500000
20322   -1833297.750000
20323   -1833298.000000
20324   -1833298.000000
20325   -1833298.250000
20326   -1833298.375000
20327   -1833298.625000
20328   -1833299.000000
20329   -1833299.000000
20330   -1833299.250000
20331   -1833299.625000
20332   -1833299.625000
20333   -1833299.875000
20334   -1833300.000000
20335   -1833300.250000
20336   -1833300.250000
20337   -1833300.750000
20338   -1833300.875000
20339   -1833301.000000
20340   -1833301.125000
20341   -1833301.250000
20342   -1833301.500000
20343   -1833301.750000
20344   -1833302.000000
20345   -1833302.125000
20346   -1833302.375000
20347   -1833302.375000
20348   -1833302.750000
20349   -1833303.000000
20350   -1833303.000000
20351   -1833303.250000
20352   -1833303.500000
20353   -1833303.750000
20354   -1833303.875000
20355   -1833304.125000
20356   -1833304.250000
20357   -1833304.375000
20358   -1833304.625000
20359   -1833304.750000
20360   -1833305.000000
20361   -1833305.000000
20362   -1833305.250000
20363   -1833305.625000
20364   -1833305.625000
20365   -1833305.875000
20366   -1833306.125000
20367   -1833306.125000
20368   -1833306.375000
20369   -1833306.625000
20370   -1833307.000000
20371   -1833307.000000
20372   -1833307.250000
20373   -1833307.250000
20374   -1833307.500000
20375   -1833307.875000
20376   -1833308.000000
20377   -1833308.250000
20378   -1833308.500000
20379   -1833308.500000
20380   -1833308.750000
20381   -1833309.000000
20382   -1833309.000000
20383   -1833309.250000
20384   -1833309.375000
20385   -1833309.500000
20386   -1833309.625000
20387   -1833309.750000
20388   -1833310.000000
20389   -1833310.250000
20390   -1833310.500000
20391   -1833310.500000
20392   -1833310.750000
20393   -1833310.750000
20394   -1833311.250000
20395   -1833311.375000
20396   -1833311.500000
20397   -1833311.625000
20398   -1833311.875000
20399   -1833312.125000
20400   -1833312.125000
20401   -1833312.250000
20402   -1833312.375000
20403   -1833312.750000
20404   -1833312.750000
20405   -1833313.125000
20406   -1833313.250000
20407   -1833313.250000
20408   -1833313.500000
20409   -1833313.750000
20410   -1833313.750000
20411   -1833314.000000
20412   -1833314.250000
20413   -1833314.500000
20414   -1833314.500000
20415   -1833314.625000
20416   -1833314.875000
20417   -1833315.000000
20418   -1833315.250000
20419   -1833315.375000
20420   -1833315.500000
20421   -1833315.625000
20422   -1833315.750000
20423   -1833316.000000
20424   -1833316.250000
20425   -1833316.250000
20426   -1833316.500000
20427   -1833316.625000
20428   -1833316.750000
20429   -1833317.000000
20430   -1833317.125000
20431   -1833317.250000
20432   -1833317.500000
20433   -1833317.625000
20434   -1833317.750000
20435   -1833318.000000
20436   -1833318.000000
20437   -1833318.250000
20438   -1833318.500000
20439   -1833318.500000
20440   -1833318.750000
20441   -1833319.000000
20442   -1833319.000000
20443   -1833319.250000
20444   -1833319.250000
20445   -1833319.500000
20446   -1833319.625000
20447   -1833319.750000
20448   -1833320.000000
20449   -1833320.000000
20450   -1833320.250000
20451   -1833320.250000
20452   -1833320.750000
20453   -1833320.750000
20454   -1833321.000000
20455   -1833321.125000
20456   -1833321.250000
20457   -1833321.500000
20458   -1833321.625000
20459   -1833321.750000
20460   -1833321.875000
20461   -1833322.125000
20462   -1833322.250000
20463   -1833322.375000
20464   -1833322.500000
20465   -1833322.625000
20466   -1833322.750000
20467   -1833323.000000
20468   -1833323.000000
20469   -1833323.250000
20470   -1833323.500000
20471   -1833323.500000
20472   -1833323.750000
20473   -1833324.000000
20474   -1833324.000000
20475   -1833324.125000
20476   -1833324.375000
20477   -1833324.500000
20478   -1833324.750000
20479   -1833324.750000
20480   -1833324.875000
20481   -1833325.250000
20482   -1833325.250000
20483   -1833325.250000
20484   -1833325.625000
20485   -1833325.750000
20486   -1833326.000000
20487   -1833326.125000
20488   -1833326.125000
20489   -1833326.375000
20490   -1833326.500000
20491   -1833326.750000
20492   -1833326.750000
20493   -1833327.000000
20494   -1833327.000000
20495   -1833327.250000
20496   -1833327.500000
20497   -1833327.625000
20498   -1833327.875000
20499   -1833327.875000
20500   -1833328.000000
20501   -1833328.250000
20502   -1833328.250000
20503   -1833328.750000
20504   -1833328.750000
20505   -1833328.875000
20506   -1833329.000000
20507   -1833329.250000
20508   -1833329.250000
20509   -1833329.375000
20510   -1833329.625000
20511   -1833329.750000
20512   -1833329.750000
20513   -1833330.000000
20514   -1833330.125000
20515   -1833330.375000
20516   -1833330.625000
20517   -1833330.500000
20518   -1833330.750000
20519   -1833331.000000
20520   -1833331.125000
20521   -1833331.250000
20522   -1833331.500000
20523   -1833331.750000
20524   -1833331.500000
20525   -1833331.750000
20526   -1833331.875000
20527   -1833332.000000
20528   -1833332.250000
20529   -1833332.500000
20530   -1833332.375000
20531   -1833332.750000
20532   -1833332.875000
20533   -1833333.000000
20534   -1833333.250000
20535   -1833333.250000
20536   -1833333.500000
20537   -1833333.500000
20538   -1833333.750000
20539   -1833333.875000
20540   -1833334.000000
20541   -1833334.000000
20542   -1833334.250000
20543   -1833334.500000
20544   -1833334.500000
20545   -1833334.500000
20546   -1833334.750000
20547   -1833335.000000
20548   -1833335.000000
20549   -1833335.250000
20550   -1833335.250000
20551   -1833335.500000
20552   -1833335.875000
20553   -1833335.875000
20554   -1833336.000000
20555   -1833336.250000
20556   -1833336.250000
20557   -1833336.375000
20558   -1833336.500000
20559   -1833336.500000
20560   -1833337.000000
20561   -1833337.000000
20562   -1833337.125000
20563   -1833337.250000
20564   -1833337.500000
20565   -1833337.500000
20566   -1833337.750000
20567   -1833337.750000
20568   -1833338.000000
20569   -1833338.125000
20570   -1833338.375000
20571   -1833338.500000
20572   -1833338.750000
20573   -1833338.750000
20574   -1833338.875000
20575   -1833339.000000
20576   -1833339.250000
20577   -1833339.250000
20578   -1833339.500000
20579   -1833339.625000
20580   -1833339.750000
20581   -1833340.000000
20582   -1833340.000000
20583   -1833340.250000
20584   -1833340.500000
20585   -1833340.500000
20586   -1833340.625000
20587   -1833340.750000
20588   -1833341.000000
20589   -1833341.000000
20590   -1833341.250000
20591   -1833341.500000
20592   -1833341.500000
20593   -1833341.500000
20594   -1833341.875000
20595   -1833341.875000
20596   -1833342.125000
20597   -1833342.250000
20598   -1833342.500000
20599   -1833342.500000
20600   -1833342.750000
20601   -1833342.750000
20602   -1833343.000000
20603   -1833343.250000
20604   -1833343.375000
20605   -1833343.500000
20606   -1833343.750000
20607   -1833343.875000
20608   -1833344.000000
20609   -1833344.250000
20610   -1833344.250000
20611   -1833344.500000
20612   -1833344.500000
20613   -1833344.750000
20614   -1833345.000000
20615   -1833345.000000
20616   -1833345.125000
20617   -1833345.375000
20618   -1833345.375000
20619   -1833345.500000
20620   -1833345.750000
20621   -1833345.875000
20622   -1833346.125000
20623   -1833346.250000
20624   -1833346.250000
20625   -1833346.625000
20626   -1833346.750000
20627   -1833346.750000
20628   -1833346.875000
20629   -1833347.250000
20630   -1833347.250000
20631   -1833347.500000
20632   -1833347.750000
20633   -1833347.750000
20634   -1833348.000000
20635   -1833348.125000
20636   -1833348.375000
20637   -1833348.500000
20638   -1833348.500000
20639   -1833348.625000
20640   -1833348.875000
20641   -1833349.000000
20642   -1833349.250000
20643   -1833349.375000
20644   -1833349.750000
20645   -1833349.750000
20646   -1833349.875000
20647   -1833350.000000
20648   -1833350.000000
20649   -1833350.375000
20650   -1833350.375000
20651   -1833350.625000
20652   -1833350.750000
20653   -1833351.000000
20654   -1833351.125000
20655   -1833351.375000
20656   -1833351.500000
20657   -1833351.625000
20658   -1833351.750000
20659   -1833352.000000
20660   -1833352.250000
20661   -1833352.250000
20662   -1833352.375000
20663   -1833352.500000
20664   -1833352.625000
20665   -1833352.750000
20666   -1833353.000000
20667   -1833353.250000
20668   -1833353.250000
20669   -1833353.500000
20670   -1833353.750000
20671   -1833353.750000
20672   -1833354.000000
20673   -1833354.000000
20674   -1833354.125000
20675   -1833354.375000
20676   -1833354.500000
20677   -1833354.625000
20678   -1833354.875000
20679   -1833355.000000
20680   -1833355.125000
20681   -1833355.250000
20682   -1833355.500000
20683   -1833355.500000
20684   -1833355.750000
20685   -1833355.875000
20686   -1833356.250000
20687   -1833356.125000
20688   -1833356.250000
20689   -1833356.500000
20690   -1833356.625000
20691   -1833357.000000
20692   -1833357.000000
20693   -1833357.000000
20694   -1833357.125000
20695   -1833357.500000
20696   -1833357.500000
20697   -1833357.625000
20698   -1833357.625000
20699   -1833357.875000
20700   -1833358.000000
20701   -1833358.250000
20702   -1833358.250000
20703   -1833358.500000
20704   -1833358.500000
20705   -1833358.875000
20706   -1833358.875000
20707   -1833359.125000
20708   -1833359.250000
20709   -1833359.250000
20710   -1833359.500000
20711   -1833359.750000
20712   -1833359.750000
20713   -1833359.750000
20714   -1833360.000000
20715   -1833360.125000
20716   -1833360.125000
20717   -1833360.250000
20718   -1833360.375000
20719   -1833360.500000
20720   -1833360.750000
20721   -1833360.875000
20722   -1833361.000000
20723   -1833361.250000
20724   -1833361.250000
20725   -1833361.500000
20726   -1833361.625000
20727   -1833361.750000
20728   -1833361.875000
20729   -1833362.000000
20730   -1833362.250000
20731   -1833362.375000
20732   -1833362.500000
20733   -1833362.625000
20734   -1833362.750000
20735   -1833363.000000
20736   -1833363.000000
20737   -1833363.250000
20738   -1833363.250000
20739   -1833363.500000
20740   -1833363.500000
20741   -1833363.750000
20742   -1833363.750000
20743   -1833363.875000
20744   -1833364.000000
20745   -1833364.250000
20746   -1833364.375000
20747   -1833364.500000
20748   -1833364.750000
20749   -1833365.000000
20750   -1833365.000000
20751   -1833365.250000
20752   -1833365.250000
20753   -1833365.375000
20754   -1833365.750000
20755   -1833365.750000
20756   -1833366.000000
20757   -1833366.125000
20758   -1833366.125000
20759   -1833366.500000
20760   -1833366.500000
20761   -1833366.750000
20762   -1833366.750000
20763   -1833367.000000
20764   -1833367.000000
20765   -1833367.250000
20766   -1833367.250000
20767   -1833367.500000
20768   -1833367.750000
20769   -1833368.000000
20770   -1833368.125000
20771   -1833368.250000
20772   -1833368.500000
20773   -1833368.500000
20774   -1833368.750000
20775   -1833368.750000
20776   -1833368.750000
20777   -1833369.250000
20778   -1833369.250000
20779   -1833369.375000
20780   -1833369.625000
20781   -1833369.625000
20782   -1833369.750000
20783   -1833370.000000
20784   -1833370.250000
20785   -1833370.250000
20786   -1833370.500000
20787   -1833370.500000
20788   -1833370.750000
20789   -1833370.750000
20790   -1833371.000000
20791   -1833371.125000
20792   -1833371.250000
20793   -1833371.500000
20794   -1833371.500000
20795   -1833371.750000
20796   -1833372.000000
20797   -1833372.000000
20798   -1833372.250000
20799   -1833372.375000
20800   -1833372.500000
20801   -1833372.750000
20802   -1833372.875000
20803   -1833373.125000
20804   -1833373.375000
20805   -1833373.375000
20806   -1833373.500000
20807   -1833373.875000
20808   -1833373.875000
20809   -1833374.000000
20810   -1833374.250000
20811   -1833374.375000
20812   -1833374.625000
20813   -1833374.750000
20814   -1833375.000000
20815   -1833375.000000
20816   -1833375.375000
20817   -1833375.250000
20818   -1833375.500000
20819   -1833375.750000
20820   -1833376.000000
20821   -1833376.000000
20822   -1833376.250000
20823   -1833376.500000
20824   -1833376.500000
20825   -1833376.750000
20826   -1833376.875000
20827   -1833377.000000
20828   -1833377.250000
20829   -1833377.500000
20830   -1833377.750000
20831   -1833377.750000
20832   -1833378.000000
20833   -1833378.125000
20834   -1833378.375000
20835   -1833378.500000
20836   -1833378.750000
20837   -1833378.750000
20838   -1833379.000000
20839   -1833379.250000
20840   -1833379.375000
20841   -1833379.750000
20842   -1833379.625000
20843   -1833379.875000
20844   -1833380.125000
20845   -1833380.250000
20846   -1833380.500000
20847   -1833380.750000
20848   -1833380.875000
20849   -1833381.000000
20850   -1833381.250000
20851   -1833381.500000
20852   -1833381.625000
20853   -1833381.875000
20854   -1833382.000000
20855   -1833382.250000
20856   -1833382.250000
20857   -1833382.500000
20858   -1833382.625000
20859   -1833382.875000
20860   -1833383.000000
20861   -1833383.250000
20862   -1833383.500000
20863   -1833383.625000
20864   -1833383.750000
20865   -1833383.875000
20866   -1833384.250000
20867   -1833384.375000
20868   -1833384.500000
20869   -1833384.750000
20870   -1833385.000000
20871   -1833385.250000
20872   -1833385.250000
20873   -1833385.500000
20874   -1833385.500000
20875   -1833386.000000
20876   -1833386.000000
20877   -1833386.250000
20878   -1833386.500000
20879   -1833386.500000
20880   -1833387.000000
20881   -1833386.875000
20882   -1833387.250000
20883   -1833387.500000
20884   -1833387.500000
20885   -1833387.875000
20886   -1833388.000000
20887   -1833388.000000
20888   -1833388.375000
20889   -1833388.625000
20890   -1833389.000000
20891   -1833389.000000
20892   -1833389.000000
20893   -1833389.375000
20894   -1833389.500000
20895   -1833389.750000
20896   -1833390.000000
20897   -1833390.125000
20898   -1833390.375000
20899   -1833390.500000
20900   -1833390.750000
20901   -1833390.875000
20902   -1833391.125000
20903   -1833391.250000
20904   -1833391.500000
20905   -1833391.750000
20906   -1833391.875000
20907   -1833392.250000
20908   -1833392.250000
20909   -1833392.500000
20910   -1833392.625000
20911   -1833392.875000
20912   -1833393.000000
20913   -1833393.125000
20914   -1833393.375000
20915   -1833393.625000
20916   -1833393.750000
20917   -1833394.000000
20918   -1833394.125000
20919   -1833394.375000
20920   -1833394.500000
20921   -1833394.750000
20922   -1833394.750000
20923   -1833395.250000
20924   -1833395.250000
20925   -1833395.500000
20926   -1833395.750000
20927   -1833395.875000
20928   -1833396.000000
20929   -1833396.250000
20930   -1833396.500000
20931   -1833396.500000
20932   -1833396.750000
20933   -1833397.000000
20934   -1833397.250000
20935   -1833397.375000
20936   -1833397.625000
20937   -1833397.625000
20938   -1833398.000000
20939   -1833398.125000
20940   -1833398.375000
20941   -1833398.500000
20942   -1833398.500000
20943   -1833398.875000
20944   -1833399.000000
20945   -1833399.125000
20946   -1833399.375000
20947   -1833399.500000
20948   -1833399.750000
20949   -1833399.875000
20950   -1833400.250000
20951   -1833400.250000
20952   -1833400.500000
20953   -1833400.625000
20954   -1833401.000000
20955   -1833401.000000
20956   -1833401.000000
20957   -1833401.500000
20958   -1833401.500000
20959   -1833401.625000
20960   -1833401.875000
20961   -1833402.125000
20962   -1833402.125000
20963   -1833402.250000
20964   -1833402.875000
20965   -1833403.000000
20966   -1833403.125000
20967   -1833403.250000
20968   -1833403.375000
20969   -1833403.625000
20970   -1833403.750000
20971   -1833404.000000
20972   -1833404.125000
20973   -1833404.250000
20974   -1833404.375000
20975   -1833404.625000
20976   -1833404.875000
20977   -1833405.125000
20978   -1833405.250000
20979   -1833405.500000
20980   -1833405.750000
20981   -1833405.875000
20982   -1833406.000000
20983   -1833406.000000
20984   -1833406.250000
20985   -1833406.500000
20986   -1833406.625000
20987   -1833406.875000
20988   -1833407.000000
20989   -1833407.250000
20990   -1833407.375000
20991   -1833407.750000
20992   -1833407.750000
20993   -1833407.875000
20994   -1833408.125000
20995   -1833408.375000
20996   -1833408.375000
20997   -1833408.625000
20998   -1833409.000000
20999   -1833409.125000
21000   -1833409.250000
21001   -1833409.375000
21002   -1833409.750000
21003   -1833410.000000
21004   -1833410.000000
21005   -1833410.000000
21006   -1833410.375000
21007   -1833410.750000
21008   -1833410.750000
21009   -1833411.000000
21010   -1833411.250000
21011   -1833411.375000
21012   -1833411.500000
21013   -1833411.625000
21014   -1833412.000000
21015   -1833412.250000
21016   -1833412.250000
21017   -1833412.375000
21018   -1833412.750000
21019   -1833412.875000
21020   -1833413.250000
21021   -1833413.250000
21022   -1833413.500000
21023   -1833413.625000
21024   -1833413.750000
21025   -1833414.000000
21026   -1833414.250000
21027   -1833414.500000
21028   -1833414.625000
21029   -1833415.000000
21030   -1833415.000000
21031   -1833415.250000
21032   -1833415.500000
21033   -1833415.625000
21034   -1833415.875000
21035   -1833416.000000
21036   -1833416.250000
21037   -1833416.500000
21038   -1833416.625000
21039   -1833416.750000
21040   -1833417.000000
21041   -1833417.250000
21042   -1833417.375000
21043   -1833417.500000
21044   -1833417.750000
21045   -1833418.000000
21046   -1833418.125000
21047   -1833418.500000
21048   -1833418.625000
21049   -1833419.000000
21050   -1833419.000000
21051   -1833419.250000
21052   -1833419.375000
21053   -1833419.750000
21054   -1833419.875000
21055   -1833420.125000
21056   -1833420.250000
21057   -1833420.500000
21058   -1833420.625000
21059   -1833420.750000
21060   -1833421.250000
21061   -1833421.375000
21062   -1833421.500000
21063   -1833421.750000
21064   -1833422.000000
21065   -1833422.250000
21066   -1833422.375000
21067   -1833422.625000
21068   -1833422.750000
21069   -1833423.125000
21070   -1833423.125000
21071   -1833423.500000
21072   -1833423.625000
21073   -1833423.875000
21074   -1833424.250000
21075   -1833424.375000
21076   -1833424.500000
21077   -1833424.875000
21078   -1833425.000000
21079   -1833425.250000
21080   -1833425.375000
21081   -1833425.625000
21082   -1833426.000000
21083   -1833426.125000
21084   -1833426.250000
21085   -1833426.625000
21086   -1833426.750000
21087   -1833427.000000
21088   -1833427.250000
21089   -1833427.500000
21090   -1833427.750000
21091   -1833427.875000
21092   -1833428.125000
21093   -1833428.375000
21094   -1833428.625000
21095   -1833428.875000
21096   -1833428.875000
21097   -1833429.125000
21098   -1833429.500000
21099   -1833429.750000
21100   -1833429.750000
21101   -1833430.125000
21102   -1833430.250000
21103   -1833430.500000
21104   -1833430.750000
21105   -1833430.875000
21106   -1833431.250000
21107   -1833431.500000
21108   -1833431.500000
21109   -1833431.750000
21110   -1833432.250000
21111   -1833432.250000
21112   -1833432.625000
21113   -1833432.750000
21114   -1833432.750000
21115   -1833433.000000
21116   -1833433.500000
21117   -1833433.500000
21118   -1833433.750000
21119   -1833434.000000
21120   -1833434.250000
21121   -1833434.250000
21122   -1833434.625000
21123   -1833434.750000
21124   -1833435.000000
21125   -1833435.250000
21126   -1833435.500000
21127   -1833435.750000
21128   -1833435.750000
21129   -1833436.000000
21130   -1833436.250000
21131   -1833436.500000
21132   -1833436.500000
21133   -1833436.875000
21134   -1833437.000000
21135   -1833437.250000
21136   -1833437.375000
21137   -1833437.625000
21138   -1833437.750000
21139   -1833438.000000
21140   -1833438.250000
21141   -1833438.500000
21142   -1833438.750000
21143   -1833438.875000
21144   -1833439.125000
21145   -1833439.250000
21146   -1833439.500000
21147   -1833439.750000
21148   -1833440.000000
21149   -1833440.125000
21150   -1833440.250000
21151   -1833440.250000
21152   -1833440.625000
21153   -1833440.625000
21154   -1833440.875000
21155   -1833441.125000
21156   -1833441.250000
21157   -1833441.500000
21158   -1833441.750000
21159   -1833442.000000
21160   -1833442.125000
21161   -1833442.250000
21162   -1833442.500000
21163   -1833442.625000
21164   -1833443.000000
21165   -1833443.000000
21166   -1833443.250000
21167   -1833443.250000
21168   -1833443.500000
21169   -1833443.500000
21170   -1833443.750000
21171   -1833444.250000
21172   -1833444.250000
21173   -1833444.500000
21174   -1833444.500000
21175   -1833444.875000
21176   -1833444.875000
21177   -1833445.000000
21178   -1833445.000000
21179   -1833445.250000
21180   -1833445.500000
21181   -1833445.750000
21182   -1833445.750000
21183   -1833446.000000
21184   -1833446.250000
21185   -1833446.250000
21186   -1833446.500000
21187   -1833446.750000
21188   -1833446.875000
21189   -1833446.750000
21190   -1833447.000000
21191   -1833447.250000
21192   -1833447.250000
21193   -1833447.625000
21194   -1833447.500000
21195   -1833447.750000
21196   -1833448.125000
21197   -1833448.125000
21198   -1833448.250000
21199   -1833448.375000
21200   -1833448.375000
21201   -1833448.500000
21202   -1833448.750000
21203   -1833449.125000
21204   -1833449.000000
21205   -1833449.125000
21206   -1833449.375000
21207   -1833449.625000
21208   -1833449.500000
21209   -1833449.625000
21210   -1833449.750000
21211   -1833449.875000
21212   -1833450.250000
21213   -1833450.250000
21214   -1833450.375000
21215   -1833450.500000
21216   -1833450.625000
21217   -1833450.750000
21218   -1833450.750000
21219   -1833451.000000
21220   -1833451.000000
21221   -1833451.250000
21222   -1833451.500000
21223   -1833451.500000
21224   -1833451.500000
21225   -1833451.750000
21226   -1833451.750000
21227   -1833452.000000
21228   -1833452.000000
21229   -1833452.250000
21230   -1833452.500000
21231   -1833452.500000
21232   -1833452.625000
21233   -1833452.500000
21234   -1833452.750000
21235   -1833453.000000
21236   -1833453.000000
21237   -1833453.000000
21238   -1833453.250000
21239   -1833453.375000
21240   -1833453.500000
21241   -1833453.500000
21242   -1833453.500000
21243   -1833453.875000
21244   -1833454.000000
21245   -1833454.000000
21246   -1833454.000000
21247   -1833454.125000
21248   -1833454.250000
21249   -1833454.375000
21250   -1833454.500000
21251   -1833454.750000
21252   -1833454.875000
21253   -1833454.875000
21254   -1833455.000000
21255   -1833455.125000
21256   -1833455.125000
21257   -1833455.250000
21258   -1833455.500000
21259   -1833455.625000
21260   -1833455.750000
21261   -1833455.750000
21262   -1833455.750000
21263   -1833456.000000
21264   -1833456.125000
21265   -1833456.250000
21266   -1833456.250000
21267   -1833456.375000
21268   -1833456.500000
21269   -1833456.750000
21270   -1833456.750000
21271   -1833456.625000
21272   -1833456.750000
21273   -1833456.875000
21274   -1833457.125000
21275   -1833457.000000
21276   -1833457.250000
21277   -1833457.375000
21278   -1833457.500000
21279   -1833457.500000
21280   -1833457.750000
21281   -1833457.875000
21282   -1833457.875000
21283   -1833458.000000
21284   -1833458.000000
21285   -1833458.125000
21286   -1833458.250000
21287   -1833458.375000
21288   -1833458.500000
21289   -1833458.500000
21290   -1833458.750000
21291   -1833459.000000
21292   -1833459.000000
21293   -1833458.875000
21294   -1833459.000000
21295   -1833459.125000
21296   -1833459.250000
21297   -1833459.375000
21298   -1833459.500000
21299   -1833459.500000
21300   -1833459.750000
21301   -1833459.750000
21302   -1833459.750000
21303   -1833460.000000
21304   -1833460.000000
21305   -1833460.250000
21306   -1833460.250000
21307   -1833460.125000
21308   -1833460.375000
21309   -1833460.500000
21310   -1833460.625000
21311   -1833460.500000
21312   -1833460.625000
21313   -1833460.750000
21314   -1833461.000000
21315   -1833460.750000
21316   -1833461.000000
21317   -1833461.125000
21318   -1833461.250000
21319   -1833461.250000
21320   -1833461.500000
21321   -1833461.500000
21322   -1833461.500000
21323   -1833461.625000
21324   -1833461.750000
21325   -1833461.875000
21326   -1833462.000000
21327   -1833462.000000
21328   -1833462.250000
21329   -1833462.250000
21330   -1833462.250000
21331   -1833462.250000
21332   -1833462.500000
21333   -1833462.500000
21334   -1833462.625000
21335   -1833462.625000
21336   -1833462.750000
21337   -1833463.000000
21338   -1833463.000000
21339   -1833463.000000
21340   -1833463.250000
21341   -1833463.250000
21342   -1833463.500000
21343   -1833463.500000
21344   -1833463.500000
21345   -1833463.625000
21346   -1833463.750000
21347   -1833463.875000
21348   -1833464.000000
21349   -1833464.000000
21350   -1833464.250000
21351   -1833464.250000
21352   -1833464.250000
21353   -1833464.500000
21354   -1833464.500000
21355   -1833464.500000
21356   -1833464.750000
21357   -1833464.875000
21358   -1833464.875000
21359   -1833465.000000
21360   -1833465.250000
21361   -1833465.125000
21362   -1833465.250000
21363   -1833465.500000
21364   -1833465.500000
21365   -1833465.500000
21366   -1833465.750000
21367   -1833465.750000
21368   -1833465.875000
21369   -1833466.000000
21370   -1833466.000000
21371   -1833466.250000
21372   -1833466.125000
21373   -1833466.250000
21374   -1833466.500000
21375   -1833466.500000
21376   -1833466.625000
21377   -1833466.750000
21378   -1833466.750000
21379   -1833467.000000
21380   -1833467.000000
21381   -1833467.250000
21382   -1833467.375000
21383   -1833467.375000
21384   -1833467.625000
21385   -1833467.500000
21386   -1833467.750000
21387   -1833467.875000
21388   -1833467.875000
21389   -1833468.000000
21390   -1833468.125000
21391   -1833468.125000
21392   -1833468.375000
21393   -1833468.500000
21394   -1833468.500000
21395   -1833468.625000
21396   -1833469.000000
21397   -1833468.750000
21398   -1833469.000000
21399   -1833469.000000
21400   -1833469.250000
21401   -1833469.250000
21402   -1833469.500000
21403   -1833469.500000
21404   -1833469.625000
21405   -1833469.750000
21406   -1833470.000000
21407   -1833470.000000
21408   -1833470.250000
21409   -1833470.250000
21410   -1833470.250000
21411   -1833470.500000
21412   -1833470.500000
21413   -1833470.625000
21414   -1833470.750000
21415   -1833470.875000
21416   -1833471.250000
21417   -1833471.125000
21418   -1833471.250000
21419   -1833471.250000
21420   -1833471.625000
21421   -1833471.625000
21422   -1833471.750000
21423   -1833472.000000
21424   -1833472.000000
21425   -1833472.000000
21426   -1833472.250000
21427   -1833472.375000
21428   -1833472.500000
21429   -1833472.625000
21430   -1833472.750000
21431   -1833472.875000
21432   -1833473.000000
21433   -1833473.000000
21434   -1833473.125000
21435   -1833473.500000
21436   -1833473.500000
21437   -1833473.500000
21438   -1833473.750000
21439   -1833473.750000
21440   -1833473.875000
21441   -1833474.000000
21442   -1833474.250000
21443   -1833474.250000
21444   -1833474.375000
21445   -1833474.625000
21446   -1833474.625000
21447   -1833474.750000
21448   -1833475.000000
21449   -1833475.000000
21450   -1833475.250000
21451   -1833475.250000
21452   -1833475.500000
21453   -1833475.500000
21454   -1833475.625000
21455   -1833475.750000
21456   -1833475.750000
21457   -1833476.000000
21458   -1833476.125000
21459   -1833476.250000
21460   -1833476.250000
21461   -1833476.375000
21462   -1833476.625000
21463   -1833476.750000
21464   -1833476.750000
21465   -1833476.875000
21466   -1833477.000000
21467   -1833477.000000
21468   -1833477.250000
21469   -1833477.250000
21470   -1833477.500000
21471   -1833477.750000
21472   -1833477.875000
21473   -1833478.000000
21474   -1833478.000000
21475   -1833478.250000
21476   -1833478.250000
21477   -1833478.375000
21478   -1833478.625000
21479   -1833478.625000
21480   -1833478.750000
21481   -1833478.875000
21482   -1833479.000000
21483   -1833479.125000
21484   -1833479.250000
21485   -1833479.375000
21486   -1833479.500000
21487   -1833479.625000
21488   -1833479.750000
21489   -1833479.875000
21490   -1833479.875000
21491   -1833480.000000
21492   -1833480.250000
21493   -1833480.250000
21494   -1833480.500000
21495   -1833480.625000
21496   -1833480.750000
21497   -1833480.875000
21498   -1833481.000000
21499   -1833481.125000
21500   -1833481.250000
21501   -1833481.250000
21502   -1833481.375000
21503   -1833481.625000
21504   -1833481.750000
21505   -1833481.875000
21506   -1833482.000000
21507   -1833482.250000
21508   -1833482.250000
21509   -1833482.375000
21510   -1833482.500000
21511   -1833482.500000
21512   -1833482.750000
21513   -1833483.000000
21514   -1833483.000000
21515   -1833483.250000
21516   -1833483.250000
21517   -1833483.500000
21518   -1833483.625000
21519   -1833483.875000
21520   -1833483.750000
21521   -1833484.000000
21522   -1833484.375000
21523   -1833484.250000
21524   -1833484.500000
21525   -1833484.500000
21526   -1833484.750000
21527   -1833484.875000
21528   -1833485.000000
21529   -1833485.250000
21530   -1833485.375000
21531   -1833485.500000
21532   -1833485.500000
21533   -1833485.875000
21534   -1833486.000000
21535   -1833486.000000
21536   -1833486.250000
21537   -1833486.250000
21538   -1833486.500000
21539   -1833486.750000
21540   -1833487.000000
21541   -1833487.000000
21542   -1833487.250000
21543   -1833487.250000
21544   -1833487.500000
21545   -1833487.625000
21546   -1833487.625000
21547   -1833487.875000
21548   -1833488.000000
21549   -1833488.250000
21550   -1833488.250000
21551   -1833488.500000
21552   -1833488.625000
21553   -1833488.750000
21554   -1833488.875000
21555   -1833489.125000
21556   -1833489.375000
21557   -1833489.500000
21558   -1833489.750000
21559   -1833489.750000
21560   -1833489.875000
21561   -1833490.000000
21562   -1833490.250000
21563   -1833490.375000
21564   -1833490.625000
21565   -1833490.750000
21566   -1833490.750000
21567   -1833491.000000
21568   -1833491.250000
21569   -1833491.250000
21570   -1833491.500000
21571   -1833491.750000
21572   -1833491.875000
21573   -1833492.000000
21574   -1833492.125000
21575   -1833492.250000
21576   -1833492.375000
21577   -1833492.500000
21578   -1833493.000000
21579   -1833492.875000
21580   -1833493.125000
21581   -1833493.375000
21582   -1833493.625000
21583   -1833493.500000
21584   -1833493.750000
21585   -1833494.000000
21586   -1833494.125000
21587   -1833494.250000
21588   -1833494.250000
21589   -1833494.500000
21590   -1833494.750000
21591   -1833494.875000
21592   -1833495.250000
21593   -1833495.250000
21594   -1833495.375000
21595   -1833495.500000
21596   -1833495.750000
21597   -1833495.750000
21598   -1833496.125000
21599   -1833496.000000
21600   -1833496.375000
21601   -1833496.500000
21602   -1833496.625000
21603   -1833496.750000
21604   -1833497.000000
21605   -1833497.125000
21606   -1833497.250000
21607   -1833497.500000
21608   -1833497.500000
21609   -1833497.875000
21610   -1833498.000000
21611   -1833498.000000
21612   -1833498.250000
21613   -1833498.500000
21614   -1833498.750000
21615   -1833498.750000
21616   -1833498.750000
21617   -1833499.000000
21618   -1833499.250000
21619   -1833499.375000
21620   -1833499.500000
21621   -1833499.625000
21622   -1833499.750000
21623   -1833499.875000
21624   -1833500.250000
21625   -1833500.250000
21626   -1833500.375000
21627   -1833500.625000
21628   -1833500.750000
21629   -1833501.000000
21630   -1833501.125000
21631   -1833501.250000
21632   -1833501.500000
21633   -1833501.500000
21634   -1833501.750000
21635   -1833502.000000
21636   -1833502.000000
21637   -1833502.250000
21638   -1833502.500000
21639   -1833502.500000
21640   -1833502.750000
21641   -1833502.750000
21642   -1833503.000000
21643   -1833503.125000
21644   -1833503.250000
21645   -1833503.500000
21646   -1833503.750000
21647   -1833503.750000
21648   -1833503.875000
21649   -1833504.000000
21650   -1833504.375000
21651   -1833504.500000
21652   -1833504.750000
21653   -1833505.000000
21654   -1833505.000000
21655   -1833505.125000
21656   -1833505.250000
21657   -1833505.250000
21658   -1833505.500000
21659   -1833505.750000
21660   -1833505.750000
21661   -1833506.125000
21662   -1833506.250000
21663   -1833506.375000
21664   -1833506.625000
21665   -1833506.625000
21666   -1833506.750000
21667   -1833507.000000
21668   -1833507.250000
21669   -1833507.500000
21670   -1833507.625000
21671   -1833507.875000
21672   -1833507.875000
21673   -1833508.125000
21674   -1833508.250000
21675   -1833508.500000
21676   -1833508.625000
21677   -1833508.750000
21678   -1833509.000000
21679   -1833509.125000
21680   -1833509.250000
21681   -1833509.500000
21682   -1833509.625000
21683   -1833509.750000
21684   -1833510.000000
21685   -1833510.250000
21686   -1833510.375000
21687   -1833510.625000
21688   -1833510.625000
21689   -1833510.750000
21690   -1833511.125000
21691   -1833511.250000
21692   -1833511.375000
21693   -1833511.500000
21694   -1833511.750000
21695   -1833511.875000
21696   -1833512.125000
21697   -1833512.250000
21698   -1833512.250000
21699   -1833512.750000
21700   -1833512.750000
21701   -1833513.000000
21702   -1833513.125000
21703   -1833513.250000
21704   -1833513.375000
21705   -1833513.750000
21706   -1833513.750000
21707   -1833514.000000
21708   -1833514.250000
21709   -1833514.250000
21710   -1833514.500000
21711   -1833514.500000
21712   -1833514.875000
21713   -1833515.000000
21714   -1833515.250000
21715   -1833515.375000
21716   -1833515.500000
21717   -1833515.750000
21718   -1833516.000000
21719   -1833516.250000
21720   -1833516.250000
21721   -1833516.500000
21722   -1833516.625000
21723   -1833516.750000
21724   -1833517.000000
21725   -1833517.125000
21726   -1833517.250000
21727   -1833517.500000
21728   -1833517.750000
21729   -1833517.750000
21730   -1833518.000000
21731   -1833518.250000
21732   -1833518.375000
21733   -1833518.500000
21734   -1833518.750000
21735   -1833519.000000
21736   -1833519.250000
21737   -1833519.250000
21738   -1833519.375000
21739   -1833519.750000
21740   -1833519.875000
21741   -1833519.875000
21742   -1833520.250000
21743   -1833520.375000
21744   -1833520.500000
21745   -1833520.750000
21746   -1833520.875000
21747   -1833521.125000
21748   -1833521.250000
21749   -1833521.500000
21750   -1833521.500000
21751   -1833521.750000
21752   -1833522.000000
21753   -1833522.250000
21754   -1833522.375000
21755   -1833522.500000
21756   -1833522.875000
21757   -1833523.000000
21758   -1833523.125000
21759   -1833523.250000
21760   -1833523.500000
21761   -1833523.750000
21762   -1833524.000000
21763   -1833524.000000
21764   -1833524.250000
21765   -1833524.375000
21766   -1833524.500000
21767   -1833524.750000
21768   -1833525.000000
21769   -1833525.250000
21770   -1833525.250000
21771   -1833525.500000
21772   -1833525.625000
21773   -1833525.750000
21774   -1833526.125000
21775   -1833526.250000
21776   -1833526.500000
21777   -1833526.625000
21778   -1833527.000000
21779   -1833527.250000
21780   -1833527.125000
21781   -1833527.250000
21782   -1833527.625000
21783   -1833527.625000
21784   -1833528.000000
21785   -1833528.000000
21786   -1833528.250000
21787   -1833528.375000
21788   -1833528.625000
21789   -1833528.750000
21790   -1833529.000000
21791   -1833529.250000
21792   -1833529.250000
21793   -1833529.500000
21794   -1833529.625000
21795   -1833529.875000
21796   -1833529.875000
21797   -1833530.125000
21798   -1833530.250000
21799   -1833530.625000
21800   -1833530.625000
21801   -1833530.750000
21802   -1833531.000000
21803   -1833531.250000
21804   -1833531.375000
21805   -1833531.500000
21806   -1833531.625000
21807   -1833531.750000
21808   -1833532.000000
21809   -1833532.125000
21810   -1833532.500000
21811   -1833532.500000
21812   -1833532.625000
21813   -1833533.000000
21814   -1833533.000000
21815   -1833533.375000
21816   -1833533.500000
21817   -1833533.750000
21818   -1833533.875000
21819   -1833534.000000
21820   -1833534.250000
21821   -1833534.250000
21822   -1833534.500000
21823   -1833534.750000
21824   -1833535.000000
21825   -1833535.000000
21826   -1833535.250000
21827   -1833535.500000
21828   -1833535.625000
21829   -1833536.000000
21830   -1833536.000000
21831   -1833536.250000
21832   -1833536.500000
21833   -1833536.625000
21834   -1833536.625000
21835   -1833536.875000
21836   -1833537.000000
21837   -1833537.250000
21838   -1833537.500000
21839   -1833537.625000
21840   -1833537.875000
21841   -1833538.000000
21842   -1833538.250000
21843   -1833538.500000
21844   -1833538.500000
21845   -1833538.750000
21846   -1833538.875000
21847   -1833539.125000
21848   -1833539.375000
21849   -1833539.500000
21850   -1833539.625000
21851   -1833539.875000
21852   -1833540.000000
21853   -1833540.250000
21854   -1833540.250000
21855   -1833540.500000
21856   -1833540.875000
21857   -1833541.000000
21858   -1833541.250000
21859   -1833541.500000
21860   -1833541.750000
21861   -1833541.750000
21862   -1833541.750000
21863   -1833542.000000
21864   -1833542.250000
21865   -1833542.500000
21866   -1833542.750000
21867   -1833542.750000
21868   -1833543.125000
21869   -1833543.375000
21870   -1833543.500000
21871   -1833543.750000
21872   -1833543.750000
21873   -1833544.125000
21874   -1833544.250000
21875   -1833544.500000
21876   -1833544.750000
21877   -1833544.750000
21878   -1833545.000000
21879   -1833545.250000
21880   -1833545.375000
21881   -1833545.625000
21882   -1833545.875000
21883   -1833546.000000
21884   -1833546.250000
21885   -1833546.375000
21886   -1833546.625000
21887   -1833546.875000
21888   -1833547.000000
21889   -1833547.250000
21890   -1833547.500000
21891   -1833547.625000
21892   -1833547.875000
21893   -1833548.000000
21894   -1833548.125000
21895   -1833548.500000
21896   -1833548.500000
21897   -1833548.750000
21898   -1833549.000000
21899   -1833549.250000
21900   -1833549.500000
21901   -1833549.500000
21902   -1833549.750000
21903   -1833550.000000
21904   -1833550.250000
21905   -1833550.375000
21906   -1833550.625000
21907   -1833550.875000
21908   -1833551.000000
21909   -1833551.250000
21910   -1833551.500000
21911   -1833551.750000
21912   -1833551.875000
21913   -1833552.000000
21914   -1833552.250000
21915   -1833552.250000
21916   -1833552.500000
21917   -1833553.000000
21918   -1833553.000000
21919   -1833553.375000
21920   -1833553.500000
21921   -1833553.750000
21922   -1833553.750000
21923   -1833554.125000
21924   -1833554.375000
21925   -1833554.500000
21926   -1833554.750000
21927   -1833555.000000
21928   -1833555.125000
21929   -1833555.375000
21930   -1833555.750000
21931   -1833555.750000
21932   -1833555.875000
21933   -1833556.250000
21934   -1833556.500000
21935   -1833556.750000
21936   -1833556.750000
21937   -1833557.125000
21938   -1833557.250000
21939   -1833557.500000
21940   -1833557.750000
21941   -1833558.000000
21942   -1833558.125000
21943   -1833558.250000
21944   -1833558.500000
21945   -1833558.750000
21946   -1833559.000000
21947   -1833559.250000
21948   -1833559.500000
21949   -1833559.500000
21950   -1833559.750000
21951   -1833560.125000
21952   -1833560.250000
21953   -1833560.375000
21954   -1833560.750000
21955   -1833560.875000
21956   -1833561.000000
21957   -1833561.250000
21958   -1833561.500000
21959   -1833561.875000
21960   -1833562.000000
21961   -1833562.250000
21962   -1833562.500000
21963   -1833562.750000
21964   -1833563.000000
21965   -1833563.250000
21966   -1833563.375000
21967   -1833563.625000
21968   -1833563.750000
21969   -1833564.000000
21970   -1833564.250000
21971   -1833564.500000
21972   -1833564.500000
21973   -1833564.875000
21974   -1833565.000000
21975   -1833565.250000
21976   -1833565.500000
21977   -1833565.750000
21978   -1833566.000000
21979   -1833566.125000
21980   -1833566.500000
21981   -1833566.750000
21982   -1833566.875000
21983   -1833567.000000
21984   -1833567.250000
21985   -1833567.500000
21986   -1833567.625000
21987   -1833568.000000
21988   -1833568.000000
21989   -1833568.500000
21990   -1833568.625000
21991   -1833568.750000
21992   -1833569.000000
21993   -1833569.250000
21994   -1833569.375000
21995   -1833569.625000
21996   -1833569.750000
21997   -1833570.000000
21998   -1833570.250000
21999   -1833570.500000
22000   -1833570.750000
22001   -1833570.750000
22002   -1833571.000000
22003   -1833571.250000
22004   -1833571.375000
22005   -1833571.625000
22006   -1833571.875000
22007   -1833572.250000
22008   -1833572.375000
22009   -1833572.625000
22010   -1833572.750000
22011   -1833572.875000
22012   -1833573.000000
22013   -1833573.250000
22014   -1833573.250000
22015   -1833573.750000
22016   -1833573.750000
22017   -1833574.000000
22018   -1833574.250000
22019   -1833574.500000
22020   -1833574.625000
22021   -1833574.875000
22022   -1833575.000000
22023   -1833575.000000
22024   -1833575.500000
22025   -1833575.500000
22026   -1833575.750000
22027   -1833576.000000
22028   -1833576.250000
22029   -1833576.250000
22030   -1833576.375000
22031   -1833576.500000
22032   -1833576.875000
22033   -1833577.000000
22034   -1833577.125000
22035   -1833577.250000
22036   -1833577.625000
22037   -1833577.750000
22038   -1833577.750000
22039   -1833578.000000
22040   -1833578.375000
22041   -1833578.500000
22042   -1833578.750000
22043   -1833578.750000
22044   -1833578.875000
22045   -1833579.125000
22046   -1833579.375000
22047   -1833579.500000
22048   -1833579.750000
22049   -1833579.875000
22050   -1833580.000000
22051   -1833580.375000
22052   -1833580.375000
22053   -1833580.625000
22054   -1833580.875000
22055   -1833581.000000
22056   -1833581.000000
22057   -1833581.500000
22058   -1833581.625000
22059   -1833581.625000
22060   -1833581.875000
22061   -1833582.000000
22062   -1833582.250000
22063   -1833582.500000
22064   -1833582.625000
22065   -1833582.750000
22066   -1833583.000000
22067   -1833583.250000
22068   -1833583.375000
22069   -1833583.625000
22070   -1833583.750000
22071   -1833584.000000
22072   -1833584.250000
22073   -1833584.250000
22074   -1833584.500000
22075   -1833584.750000
22076   -1833584.875000
22077   -1833585.125000
22078   -1833585.250000
22079   -1833585.500000
22080   -1833585.625000
22081   -1833586.000000
22082   -1833586.000000
22083   -1833586.250000
22084   -1833586.375000
22085   -1833586.625000
22086   -1833587.000000
22087   -1833587.125000
22088   -1833587.125000
22089   -1833587.500000
22090   -1833587.625000
22091   -1833587.875000
22092   -1833588.000000
22093   -1833588.125000
22094   -1833588.250000
22095   -1833588.625000
22096   -1833588.750000
22097   -1833589.000000
22098   -1833589.250000
22099   -1833589.375000
22100   -1833589.500000
22101   -1833589.750000
22102   -1833590.000000
22103   -1833590.125000
22104   -1833590.250000
22105   -1833590.500000
22106   -1833590.750000
22107   -1833590.750000
22108   -1833591.250000
22109   -1833591.250000
22110   -1833591.500000
22111   -1833591.750000
22112   -1833592.000000
22113   -1833592.250000
22114   -1833592.375000
22115   -1833592.500000
22116   -1833593.000000
22117   -1833593.000000
22118   -1833593.125000
22119   -1833593.500000
22120   -1833593.625000
22121   -1833593.875000
22122   -1833594.000000
22123   -1833594.250000
22124   -1833594.500000
22125   -1833594.625000
22126   -1833594.875000
22127   -1833595.125000
22128   -1833595.250000
22129   -1833595.500000
22130   -1833595.625000
22131   -1833595.750000
22132   -1833596.000000
22133   -1833596.000000
22134   -1833596.250000
22135   -1833596.500000
22136   -1833596.750000
22137   -1833597.125000
22138   -1833597.250000
22139   -1833597.500000
22140   -1833597.750000
22141   -1833597.875000
22142   -1833598.000000
22143   -1833598.250000
22144   -1833598.500000
22145   -1833598.750000
22146   -1833598.750000
22147   -1833599.000000
22148   -1833599.250000
22149   -1833599.500000
22150   -1833599.750000
22151   -1833599.750000
22152   -1833600.000000
22153   -1833600.250000
22154   -1833600.500000
22155   -1833600.500000
22156   -1833600.875000
22157   -1833601.000000
22158   -1833601.250000
22159   -1833601.250000
22160   -1833601.500000
22161   -1833601.875000
22162   -1833601.875000
22163   -1833602.250000
22164   -1833602.500000
22165   -1833602.500000
22166   -1833602.875000
22167   -1833603.125000
22168   -1833603.250000
22169   -1833603.500000
22170   -1833603.625000
22171   -1833603.750000
22172   -1833604.000000
22173   -1833604.250000
22174   -1833604.500000
22175   -1833604.500000
22176   -1833604.750000
22177   -1833605.000000
22178   -1833605.125000
22179   -1833605.250000
22180   -1833605.500000
22181   -1833605.750000
22182   -1833605.750000
22183   -1833606.125000
22184   -1833606.500000
22185   -1833606.625000
22186   -1833606.750000
22187   -1833606.875000
22188   -1833607.125000
22189   -1833607.250000
22190   -1833607.750000
22191   -1833607.875000
22192   -1833607.750000
22193   -1833608.000000
22194   -1833608.000000
22195   -1833608.500000
22196   -1833608.500000
22197   -1833608.750000
22198   -1833608.875000
22199   -1833609.000000
22200   -1833609.250000
22201   -1833609.500000
22202   -1833609.500000
22203   -1833609.750000
22204   -1833609.750000
22205   -1833610.125000
22206   -1833610.375000
22207   -1833610.375000
22208   -1833610.500000
22209   -1833610.750000
22210   -1833610.875000
22211   -1833611.000000
22212   -1833611.250000
22213   -1833611.375000
22214   -1833611.500000
22215   -1833611.625000
22216   -1833611.875000
22217   -1833612.125000
22218   -1833612.250000
22219   -1833612.250000
22220   -1833612.500000
22221   -1833612.625000
22222   -1833612.750000
22223   -1833613.000000
22224   -1833613.000000
22225   -1833613.125000
22226   -1833613.375000
22227   -1833613.625000
22228   -1833613.625000
22229   -1833613.875000
22230   -1833614.000000
22231   -1833614.000000
22232   -1833614.250000
22233   -1833614.500000
22234   -1833614.500000
22235   -1833614.750000
22236   -1833614.875000
22237   -1833615.125000
22238   -1833615.125000
22239   -1833615.250000
22240   -1833615.500000
22241   -1833615.750000
22242   -1833615.750000
22243   -1833615.875000
22244   -1833616.000000
22245   -1833616.250000
22246   -1833616.250000
22247   -1833616.500000
22248   -1833616.625000
22249   -1833616.750000
22250   -1833616.875000
22251   -1833617.000000
22252   -1833617.125000
22253   -1833617.375000
22254   -1833617.375000
22255   -1833617.625000
22256   -1833617.750000
22257   -1833617.875000
22258   -1833618.000000
22259   -1833618.000000
22260   -1833618.250000
22261   -1833618.250000
22262   -1833618.500000
22263   -1833618.750000
22264   -1833618.875000
22265   -1833619.000000
22266   -1833619.000000
22267   -1833619.375000
22268   -1833619.500000
22269   -1833619.375000
22270   -1833619.625000
22271   -1833619.750000
22272   -1833619.750000
22273   -1833620.000000
22274   -1833620.250000
22275   -1833620.375000
22276   -1833620.500000
22277   -1833620.625000
22278   -1833620.750000
22279   -1833621.000000
22280   -1833621.000000
22281   -1833621.250000
22282   -1833621.125000
22283   -1833621.500000
22284   -1833621.500000
22285   -1833621.625000
22286   -1833621.750000
22287   -1833621.750000
22288   -1833622.125000
22289   -1833622.250000
22290   -1833622.500000
22291   -1833622.500000
22292   -1833622.625000
22293   -1833622.750000
22294   -1833622.875000
22295   -1833623.000000
22296   -1833623.000000
22297   -1833623.250000
22298   -1833623.500000
22299   -1833623.625000
22300   -1833623.750000
22301   -1833623.750000
22302   -1833624.000000
22303   -1833624.000000
22304   -1833624.250000
22305   -1833624.375000
22306   -1833624.375000
22307   -1833624.750000
22308   -1833624.750000
22309   -1833624.875000
22310   -1833625.000000
22311   -1833625.250000
22312   -1833625.375000
22313   -1833625.375000
22314   -1833625.750000
22315   -1833625.750000
22316   -1833626.000000
22317   -1833626.000000
22318   -1833626.125000
22319   -1833626.250000
22320   -1833626.250000
22321   -1833626.500000
22322   -1833626.750000
22323   -1833626.875000
22324   -1833626.875000
22325   -1833627.125000
22326   -1833627.250000
22327   -1833627.500000
22328   -1833627.500000
22329   -1833627.500000
22330   -1833627.750000
22331   -1833627.875000
22332   -1833628.000000
22333   -1833628.125000
22334   -1833628.375000
22335   -1833628.500000
22336   -1833628.500000
22337   -1833628.750000
22338   -1833628.750000
22339   -1833629.000000
22340   -1833629.125000
22341   -1833629.250000
22342   -1833629.375000
22343   -1833629.500000
22344   -1833629.625000
22345   -1833629.750000
22346   -1833629.875000
22347   -1833630.250000
22348   -1833630.250000
22349   -1833630.375000
22350   -1833630.500000
22351   -1833630.625000
22352   -1833630.750000
22353   -1833630.875000
22354   -1833631.000000
22355   -1833631.125000
22356   -1833631.250000
22357   -1833631.500000
22358   -1833631.500000
22359   -1833631.625000
22360   -1833631.750000
22361   -1833631.875000
22362   -1833632.125000
22363   -1833632.250000
22364   -1833632.250000
22365   -1833632.500000
22366   -1833632.625000
22367   -1833632.750000
22368   -1833632.875000
22369   -1833633.000000
22370   -1833633.125000
22371   -1833633.250000
22372   -1833633.500000
22373   -1833633.500000
22374   -1833633.625000
22375   -1833633.750000
22376   -1833633.875000
22377   -1833634.000000
22378   -1833634.125000
22379   -1833634.375000
22380   -1833634.500000
22381   -1833634.500000
22382   -1833634.750000
22383   -1833634.875000
22384   -1833635.000000
22385   -1833635.250000
22386   -1833635.250000
22387   -1833635.500000
22388   -1833635.500000
22389   -1833635.625000
22390   -1833635.875000
22391   -1833636.000000
22392   -1833636.000000
22393   -1833636.250000
22394   -1833636.250000
22395   -1833636.250000
22396   -1833636.500000
22397   -1833636.500000
22398   -1833636.750000
22399   -1833636.750000
22400   -1833637.000000
22401   -1833636.875000
22402   -1833637.125000
22403   -1833637.250000
22404   -1833637.500000
22405   -1833637.500000
22406   -1833637.625000
22407   -1833637.750000
22408   -1833638.000000
22409   -1833638.000000
22410   -1833638.250000
22411   -1833638.250000
22412   -1833638.375000
22413   -1833638.500000
22414   -1833638.750000
22415   -1833638.750000
22416   -1833639.000000
22417   -1833639.000000
22418   -1833639.250000
22419   -1833639.250000
22420   -1833639.375000
22421   -1833639.375000
22422   -1833639.500000
22423   -1833639.625000
22424   -1833639.750000
22425   -1833640.000000
22426   -1833640.000000
22427   -1833640.125000
22428   -1833640.250000
22429   -1833640.500000
22430   -1833640.625000
22431   -1833640.750000
22432   -1833640.750000
22433   -1833640.750000
22434   -1833640.875000
22435   -1833641.000000
22436   -1833641.000000
22437   -1833641.250000
22438   -1833641.375000
22439   -1833641.500000
22440   -1833641.500000
22441   -1833641.750000
22442   -1833642.000000
22443   -1833642.000000
22444   -1833642.000000
22445   -1833642.250000
22446   -1833642.500000
22447   -1833642.500000
22448   -1833642.500000
22449   -1833642.625000
22450   -1833642.750000
22451   -1833642.875000
22452   -1833643.000000
22453   -1833643.250000
22454   -1833643.375000
22455   -1833643.375000
22456   -1833643.500000
22457   -1833643.750000
22458   -1833643.750000
22459   -1833644.000000
22460   -1833643.875000
22461   -1833644.000000
22462   -1833644.125000
22463   -1833644.250000
22464   -1833644.500000
22465   -1833644.500000
22466   -1833644.625000
22467   -1833644.750000
22468   -1833645.000000
22469   -1833645.000000
22470   -1833645.000000
22471   -1833645.250000
22472   -1833645.375000
22473   -1833645.250000
22474   -1833645.500000
22475   -1833645.750000
22476   -1833645.750000
22477   -1833645.875000
22478   -1833646.000000
22479   -1833646.250000
22480   -1833646.250000
22481   -1833646.500000
22482   -1833646.375000
22483   -1833646.500000
22484   -1833646.500000
22485   -1833646.750000
22486   -1833647.000000
22487   -1833647.000000
22488   -1833647.250000
22489   -1833647.250000
22490   -1833647.250000
22491   -1833647.250000
22492   -1833647.625000
22493   -1833647.750000
22494   -1833648.000000
22495   -1833648.000000
22496   -1833648.000000
22497   -1833648.125000
22498   -1833648.250000
22499   -1833648.375000
22500   -1833648.500000
22501   -1833648.625000
22502   -1833648.750000
22503   -1833649.000000
22504   -1833649.000000
22505   -1833649.250000
22506   -1833649.125000
22507   -1833649.500000
22508   -1833649.500000
22509   -1833649.500000
22510   -1833649.750000
22511   -1833649.750000
22512   -1833649.875000
22513   -1833650.000000
22514   -1833650.250000
22515   -1833650.375000
22516   -1833650.500000
22517   -1833650.500000
22518   -1833650.625000
22519   -1833650.625000
22520   -1833650.875000
22521   -1833651.000000
22522   -1833651.250000
22523   -1833651.375000
22524   -1833651.375000
22525   -1833651.500000
22526   -1833651.625000
22527   -1833651.750000
22528   -1833651.750000
22529   -1833652.000000
22530   -1833652.000000
22531   -1833652.250000
22532   -1833652.125000
22533   -1833652.250000
22534   -1833652.375000
22535   -1833652.625000
22536   -1833652.750000
22537   -1833652.875000
22538   -1833653.000000
22539   -1833653.000000
22540   -1833653.125000
22541   -1833653.250000
22542   -1833653.500000
22543   -1833653.500000
22544   -1833653.750000
22545   -1833653.875000
22546   -1833653.750000
22547   -1833654.000000
22548   -1833654.000000
22549   -1833654.250000
22550   -1833654.375000
22551   -1833654.500000
22552   -1833654.500000
22553   -1833654.625000
22554   -1833654.875000
22555   -1833654.875000
22556   -1833655.000000
22557   -1833655.250000
22558   -1833655.125000
22559   -1833655.250000
22560   -1833655.500000
22561   -1833655.500000
22562   -1833655.625000
22563   -1833655.750000
22564   -1833655.750000
22565   -1833656.000000
22566   -1833656.125000
22567   -1833656.250000
22568   -1833656.250000
22569   -1833656.500000
22570   -1833656.500000
22571   -1833656.625000
22572   -1833656.750000
22573   -1833657.000000
22574   -1833657.125000
22575   -1833657.250000
22576   -1833657.250000
22577   -1833657.500000
22578   -1833657.500000
22579   -1833657.750000
22580   -1833658.000000
22581   -1833657.750000
22582   -1833658.000000
22583   -1833658.250000
22584   -1833658.250000
22585   -1833658.375000
22586   -1833658.500000
22587   -1833658.750000
22588   -1833658.750000
22589   -1833658.875000
22590   -1833659.000000
22591   -1833659.125000
22592   -1833659.250000
22593   -1833659.250000
22594   -1833659.500000
22595   -1833659.750000
22596   -1833659.625000
22597   -1833659.750000
22598   -1833660.000000
22599   -1833660.125000
22600   -1833660.000000
22601   -1833660.250000
22602   -1833660.500000
22603   -1833660.750000
22604   -1833660.750000
22605   -1833660.750000
22606   -1833661.000000
22607   -1833661.250000
22608   -1833661.250000
22609   -1833661.375000
22610   -1833661.500000
22611   -1833661.625000
22612   -1833661.750000
22613   -1833662.000000
22614   -1833662.000000
22615   -1833662.000000
22616   -1833662.375000
22617   -1833662.375000
22618   -1833662.500000
22619   -1833662.750000
22620   -1833662.750000
22621   -1833663.000000
22622   -1833663.000000
22623   -1833663.125000
22624   -1833663.250000
22625   -1833663.500000
22626   -1833663.500000
22627   -1833663.500000
22628   -1833663.750000
22629   -1833664.000000
22630   -1833664.000000
22631   -1833664.250000
22632   -1833664.250000
22633   -1833664.625000
22634   -1833664.500000
22635   -1833664.750000
22636   -1833664.750000
22637   -1833665.125000
22638   -1833665.125000
22639   -1833665.250000
22640   -1833665.500000
22641   -1833665.375000
22642   -1833665.750000
22643   -1833665.750000
22644   -1833666.000000
22645   -1833665.875000
22646   -1833666.125000
22647   -1833666.375000
22648   -1833666.375000
22649   -1833666.625000
22650   -1833666.750000
22651   -1833666.750000
22652   -1833667.000000
22653   -1833667.125000
22654   -1833667.250000
22655   -1833667.500000
22656   -1833667.500000
22657   -1833667.750000
22658   -1833667.750000
22659   -1833668.000000
22660   -1833668.000000
22661   -1833668.250000
22662   -1833668.250000
22663   -1833668.500000
22664   -1833668.500000
22665   -1833668.625000
22666   -1833668.875000
22667   -1833668.875000
22668   -1833669.125000
22669   -1833669.125000
22670   -1833669.250000
22671   -1833669.500000
22672   -1833669.750000
22673   -1833669.750000
22674   -1833669.875000
22675   -1833670.000000
22676   -1833670.000000
22677   -1833670.250000
22678   -1833670.500000
22679   -1833670.500000
22680   -1833670.750000
22681   -1833670.750000
22682   -1833670.875000
22683   -1833671.000000
22684   -1833671.250000
22685   -1833671.250000
22686   -1833671.500000
22687   -1833671.500000
22688   -1833671.625000
22689   -1833671.875000
22690   -1833672.000000
22691   -1833672.000000
22692   -1833672.000000
22693   -1833672.250000
22694   -1833672.375000
22695   -1833672.500000
22696   -1833672.625000
22697   -1833672.750000
22698   -1833672.750000
22699   -1833673.000000
22700   -1833673.125000
22701   -1833673.250000
22702   -1833673.500000
22703   -1833673.500000
22704   -1833673.625000
22705   -1833673.875000
22706   -1833673.875000
22707   -1833674.250000
22708   -1833674.375000
22709   -1833674.375000
22710   -1833674.500000
22711   -1833674.500000
22712   -1833674.625000
22713   -1833674.750000
22714   -1833674.875000
22715   -1833675.000000
22716   -1833675.250000
22717   -1833675.250000
22718   -1833675.375000
22719   -1833675.500000
22720   -1833675.750000
22721   -1833675.875000
22722   -1833676.125000
22723   -1833676.000000
22724   -1833676.250000
22725   -1833676.250000
22726   -1833676.500000
22727   -1833676.750000
22728   -1833676.875000
22729   -1833676.750000
22730   -1833676.875000
22731   -1833677.000000
22732   -1833677.375000
22733   -1833677.250000
22734   -1833677.500000
22735   -1833677.625000
22736   -1833677.875000
22737   -1833678.000000
22738   -1833678.000000
22739   -1833678.250000
22740   -1833678.375000
22741   -1833678.500000
22742   -1833678.500000
22743   -1833678.750000
22744   -1833678.750000
22745   -1833679.000000
22746   -1833679.000000
22747   -1833679.125000
22748   -1833679.250000
22749   -1833679.500000
22750   -1833679.500000
22751   -1833679.750000
22752   -1833679.875000
22753   -1833680.000000
22754   -1833680.250000
22755   -1833680.250000
22756   -1833680.500000
22757   -1833680.500000
22758   -1833680.750000
22759   -1833680.750000
22760   -1833681.000000
22761   -1833681.000000
22762   -1833681.125000
22763   -1833681.375000
22764   -1833681.375000
22765   -1833681.500000
22766   -1833681.750000
22767   -1833681.750000
22768   -1833682.000000
22769   -1833682.000000
22770   -1833682.250000
22771   -1833682.500000
22772   -1833682.500000
22773   -1833682.750000
22774   -1833682.875000
22775   -1833683.000000
22776   -1833683.000000
22777   -1833683.250000
22778   -1833683.250000
22779   -1833683.500000
22780   -1833683.750000
22781   -1833683.750000
22782   -1833683.875000
22783   -1833684.125000
22784   -1833684.250000
22785   -1833684.375000
22786   -1833684.500000
22787   -1833684.625000
22788   -1833684.750000
22789   -1833684.750000
22790   -1833685.000000
22791   -1833685.000000
22792   -1833685.125000
22793   -1833685.250000
22794   -1833685.625000
22795   -1833685.625000
22796   -1833685.750000
22797   -1833685.875000
22798   -1833685.875000
22799   -1833686.000000
22800   -1833686.250000
22801   -1833686.375000
22802   -1833686.625000
22803   -1833686.750000
22804   -1833686.750000
22805   -1833686.750000
22806   -1833687.000000
22807   -1833687.000000
22808   -1833687.250000
22809   -1833687.500000
22810   -1833687.500000
22811   -1833687.625000
22812   -1833687.750000
22813   -1833688.000000
22814   -1833688.000000
22815   -1833688.125000
22816   -1833688.250000
22817   -1833688.500000
22818   -1833688.500000
22819   -1833688.625000
22820   -1833688.750000
22821   -1833689.000000
22822   -1833689.125000
22823   -1833689.000000
22824   -1833689.250000
22825   -1833689.500000
22826   -1833689.500000
22827   -1833689.500000
22828   -1833689.750000
22829   -1833689.875000
22830   -1833690.000000
22831   -1833690.250000
22832   -1833690.250000
22833   -1833690.500000
22834   -1833690.500000
22835   -1833690.625000
22836   -1833690.750000
22837   -1833690.750000
22838   -1833691.000000
22839   -1833691.000000
22840   -1833691.125000
22841   -1833691.250000
22842   -1833691.375000
22843   -1833691.500000
22844   -1833691.750000
22845   -1833691.625000
22846   -1833691.750000
22847   -1833692.000000
22848   -1833692.000000
22849   -1833692.125000
22850   -1833692.250000
22851   -1833692.250000
22852   -1833692.500000
22853   -1833692.750000
22854   -1833692.750000
22855   -1833692.875000
22856   -1833693.000000
22857   -1833693.000000
22858   -1833693.000000
22859   -1833693.250000
22860   -1833693.375000
22861   -1833693.500000
22862   -1833693.500000
22863   -1833693.750000
22864   -1833693.750000
22865   -1833693.875000
22866   -1833694.000000
22867   -1833694.000000
22868   -1833694.250000
22869   -1833694.250000
22870   -1833694.375000
22871   -1833694.375000
22872   -1833694.500000
22873   -1833694.625000
22874   -1833694.625000
22875   -1833694.750000
22876   -1833694.875000
22877   -1833695.000000
22878   -1833695.250000
22879   -1833695.250000
22880   -1833695.250000
22881   -1833695.500000
22882   -1833695.500000
22883   -1833695.625000
22884   -1833695.750000
22885   -1833695.875000
22886   -1833695.875000
22887   -1833696.000000
22888   -1833696.000000
22889   -1833696.125000
22890   -1833696.250000
22891   -1833696.500000
22892   -1833696.500000
22893   -1833696.500000
22894   -1833696.750000
22895   -1833696.750000
22896   -1833696.750000
22897   -1833696.750000
22898   -1833696.875000
22899   -1833697.000000
22900   -1833697.250000
22901   -1833697.250000
22902   -1833697.250000
22903   -1833697.500000
22904   -1833697.500000
22905   -1833697.625000
22906   -1833697.625000
22907   -1833697.750000
22908   -1833697.750000
22909   -1833698.000000
22910   -1833698.000000
22911   -1833698.000000
22912   -1833698.250000
22913   -1833698.000000
22914   -1833698.250000
22915   -1833698.375000
22916   -1833698.375000
22917   -1833698.500000
22918   -1833698.625000
22919   -1833698.750000
22920   -1833698.750000
22921   -1833698.875000
22922   -1833699.000000
22923   -1833699.000000
22924   -1833699.125000
22925   -1833699.250000
22926   -1833699.250000
22927   -1833699.250000
22928   -1833699.500000
22929   -1833699.500000
22930   -1833699.625000
22931   -1833699.625000
22932   -1833699.750000
22933   -1833699.875000
22934   -1833699.875000
22935   -1833700.000000
22936   -1833700.000000
22937   -1833700.125000
22938   -1833700.000000
22939   -1833700.500000
22940   -1833700.250000
22941   -1833700.375000
22942   -1833700.500000
22943   -1833700.625000
22944   -1833700.500000
22945   -1833700.750000
22946   -1833700.750000
22947   -1833700.750000
22948   -1833701.000000
22949   -1833701.000000
22950   -1833701.000000
22951   -1833701.250000
22952   -1833701.250000
22953   -1833701.250000
22954   -1833701.250000
22955   -1833701.500000
22956   -1833701.500000
22957   -1833701.750000
22958   -1833701.750000
22959   -1833701.875000
22960   -1833701.750000
22961   -1833702.000000
22962   -1833702.000000
22963   -1833702.000000
22964   -1833702.250000
22965   -1833702.250000
22966   -1833702.250000
22967   -1833702.375000
22968   -1833702.500000
22969   -1833702.500000
22970   -1833702.500000
22971   -1833702.625000
22972   -1833702.750000
22973   -1833702.875000
22974   -1833703.000000
22975   -1833703.000000
22976   -1833703.125000
22977   -1833703.000000
22978   -1833703.125000
22979   -1833703.125000
22980   -1833703.250000
22981   -1833703.375000
22982   -1833703.500000
22983   -1833703.500000
22984   -1833703.750000
22985   -1833703.750000
22986   -1833703.625000
22987   -1833703.875000
22988   -1833703.875000
22989   -1833704.125000
22990   -1833704.250000
22991   -1833704.125000
22992   -1833704.250000
22993   -1833704.250000
22994   -1833704.375000
22995   -1833704.375000
22996   -1833704.500000
22997   -1833704.625000
22998   -1833704.750000
22999   -1833704.750000
23000   -1833705.000000
23001   -1833704.750000
23002   -1833705.000000
23003   -1833705.125000
23004   -1833705.125000
23005   -1833705.125000
23006   -1833705.250000
23007   -1833705.250000
23008   -1833705.375000
23009   -1833705.500000
23010   -1833705.750000
23011   -1833705.750000
23012   -1833705.750000
23013   -1833705.750000
23014   -1833705.875000
23015   -1833705.750000
23016   -1833706.000000
23017   -1833706.125000
23018   -1833706.250000
23019   -1833706.250000
23020   -1833706.250000
23021   -1833706.375000
23022   -1833706.500000
23023   -1833706.500000
23024   -1833706.625000
23025   -1833706.750000
23026   -1833706.750000
23027   -1833706.875000
23028   -1833706.875000
23029   -1833707.000000
23030   -1833707.000000
23031   -1833707.125000
23032   -1833707.125000
23033   -1833707.250000
23034   -1833707.250000
23035   -1833707.250000
23036   -1833707.500000
23037   -1833707.500000
23038   -1833707.500000
23039   -1833707.750000
23040   -1833707.750000
23041   -1833707.750000
23042   -1833707.875000
23043   -1833708.000000
23044   -1833708.125000
23045   -1833708.125000
23046   -1833708.125000
23047   -1833708.250000
23048   -1833708.375000
23049   -1833708.375000
23050   -1833708.500000
23051   -1833708.500000
23052   -1833708.500000
23053   -1833708.750000
23054   -1833708.750000
23055   -1833708.875000
23056   -1833709.000000
23057   -1833709.000000
23058   -1833709.000000
23059   -1833709.250000
23060   -1833709.250000
23061   -1833709.375000
23062   -1833709.500000
23063   -1833709.500000
23064   -1833709.500000
23065   -1833709.750000
23066   -1833709.750000
23067   -1833709.750000
23068   -1833710.000000
23069   -1833710.000000
23070   -1833710.000000
23071   -1833710.250000
23072   -1833710.250000
23073   -1833710.500000
23074   -1833710.500000
23075   -1833710.500000
23076   -1833710.750000
23077   -1833710.750000
23078   -1833710.875000
23079   -1833711.000000
23080   -1833710.875000
23081   -1833711.000000
23082   -1833711.250000
23083   -1833711.250000
23084   -1833711.375000
23085   -1833711.375000
23086   -1833711.500000
23087   -1833711.500000
23088   -1833711.750000
23089   -1833711.750000
23090   -1833711.875000
23091   -1833712.000000
23092   -1833712.125000
23093   -1833712.250000
23094   -1833712.375000
23095   -1833712.250000
23096   -1833712.500000
23097   -1833712.625000
23098   -1833712.625000
23099   -1833712.750000
23100   -1833713.000000
23101   -1833713.000000
23102   -1833713.125000
23103   -1833713.250000
23104   -1833713.250000
23105   -1833713.375000
23106   -1833713.500000
23107   -1833713.625000
23108   -1833713.625000
23109   -1833713.750000
23110   -1833714.000000
23111   -1833714.000000
23112   -1833714.000000
23113   -1833714.250000
23114   -1833714.250000
23115   -1833714.375000
23116   -1833714.500000
23117   -1833714.750000
23118   -1833714.750000
23119   -1833714.875000
23120   -1833714.875000
23121   -1833715.000000
23122   -1833715.250000
23123   -1833715.250000
23124   -1833715.500000
23125   -1833715.500000
23126   -1833715.625000
23127   -1833715.750000
23128   -1833715.875000
23129   -1833716.000000
23130   -1833716.000000
23131   -1833716.250000
23132   -1833716.250000
23133   -1833716.500000
23134   -1833716.500000
23135   -1833716.625000
23136   -1833716.875000
23137   -1833716.875000
23138   -1833717.000000
23139   -1833717.125000
23140   -1833717.250000
23141   -1833717.375000
23142   -1833717.625000
23143   -1833717.750000
23144   -1833717.750000
23145   -1833718.000000
23146   -1833718.000000
23147   -1833718.000000
23148   -1833718.250000
23149   -1833718.250000
23150   -1833718.500000
23151   -1833718.750000
23152   -1833718.750000
23153   -1833718.875000
23154   -1833718.875000
23155   -1833719.000000
23156   -1833719.125000
23157   -1833719.250000
23158   -1833719.250000
23159   -1833719.625000
23160   -1833719.625000
23161   -1833719.875000
23162   -1833719.875000
23163   -1833720.000000
23164   -1833720.250000
23165   -1833720.250000
23166   -1833720.500000
23167   -1833720.625000
23168   -1833720.750000
23169   -1833720.750000
23170   -1833721.000000
23171   -1833721.000000
23172   -1833721.250000
23173   -1833721.250000
23174   -1833721.500000
23175   -1833721.500000
23176   -1833721.750000
23177   -1833721.750000
23178   -1833721.875000
23179   -1833722.000000
23180   -1833722.125000
23181   -1833722.250000
23182   -1833722.500000
23183   -1833722.500000
23184   -1833722.750000
23185   -1833723.000000
23186   -1833723.000000
23187   -1833723.000000
23188   -1833723.250000
23189   -1833723.375000
23190   -1833723.500000
23191   -1833723.625000
23192   -1833723.750000
23193   -1833723.750000
23194   -1833723.875000
23195   -1833724.000000
23196   -1833724.125000
23197   -1833724.250000
23198   -1833724.500000
23199   -1833724.625000
23200   -1833724.750000
23201   -1833724.750000
23202   -1833725.000000
23203   -1833725.125000
23204   -1833725.250000
23205   -1833725.375000
23206   -1833725.500000
23207   -1833725.750000
23208   -1833725.750000
23209   -1833726.000000
23210   -1833726.000000
23211   -1833726.000000
23212   -1833726.250000
23213   -1833726.375000
23214   -1833726.500000
23215   -1833726.625000
23216   -1833726.750000
23217   -1833726.875000
23218   -1833727.000000
23219   -1833727.125000
23220   -1833727.250000
23221   -1833727.375000
23222   -1833727.500000
23223   -1833727.625000
23224   -1833727.750000
23225   -1833728.000000
23226   -1833728.125000
23227   -1833728.250000
23228   -1833728.250000
23229   -1833728.500000
23230   -1833728.750000
23231   -1833728.750000
23232   -1833729.000000
23233   -1833729.000000
23234   -1833729.250000
23235   -1833729.500000
23236   -1833729.500000
23237   -1833729.500000
23238   -1833729.750000
23239   -1833729.875000
23240   -1833730.000000
23241   -1833730.250000
23242   -1833730.250000
23243   -1833730.500000
23244   -1833730.625000
23245   -1833730.750000
23246   -1833730.875000
23247   -1833731.000000
23248   -1833731.000000
23249   -1833731.250000
23250   -1833731.500000
23251   -1833731.500000
23252   -1833731.750000
23253   -1833732.000000
23254   -1833732.000000
23255   -1833732.000000
23256   -1833732.375000
23257   -1833732.500000
23258   -1833732.750000
23259   -1833732.875000
23260   -1833733.000000
23261   -1833733.000000
23262   -1833733.125000
23263   -1833733.250000
23264   -1833733.500000
23265   -1833733.750000
23266   -1833733.750000
23267   -1833734.000000
23268   -1833734.000000
23269   -1833734.375000
23270   -1833734.500000
23271   -1833734.500000
23272   -1833734.625000
23273   -1833734.750000
23274   -1833735.000000
23275   -1833735.125000
23276   -1833735.250000
23277   -1833735.500000
23278   -1833735.625000
23279   -1833735.750000
23280   -1833736.000000
23281   -1833736.000000
23282   -1833736.250000
23283   -1833736.500000
23284   -1833736.625000
23285   -1833736.750000
23286   -1833736.750000
23287   -1833737.000000
23288   -1833737.250000
23289   -1833737.250000
23290   -1833737.500000
23291   -1833737.500000
23292   -1833737.625000
23293   -1833737.750000
23294   -1833738.000000
23295   -1833738.250000
23296   -1833738.250000
23297   -1833738.500000
23298   -1833738.625000
23299   -1833738.750000
23300   -1833738.750000
23301   -1833739.000000
23302   -1833739.250000
23303   -1833739.375000
23304   -1833739.500000
23305   -1833739.625000
23306   -1833739.750000
23307   -1833740.000000
23308   -1833740.125000
23309   -1833740.250000
23310   -1833740.500000
23311   -1833740.500000
23312   -1833740.750000
23313   -1833740.875000
23314   -1833741.000000
23315   -1833741.000000
23316   -1833741.250000
23317   -1833741.250000
23318   -1833741.500000
23319   -1833741.750000
23320   -1833741.875000
23321   -1833742.000000
23322   -1833742.000000
23323   -1833742.250000
23324   -1833742.375000
23325   -1833742.500000
23326   -1833742.625000
23327   -1833742.875000
23328   -1833743.000000
23329   -1833743.000000
23330   -1833743.125000
23331   -1833743.250000
23332   -1833743.375000
23333   -1833743.500000
23334   -1833743.750000
23335   -1833743.750000
23336   -1833744.000000
23337   -1833744.125000
23338   -1833744.250000
23339   -1833744.250000
23340   -1833744.375000
23341   -1833744.500000
23342   -1833744.750000
23343   -1833744.875000
23344   -1833745.000000
23345   -1833745.125000
23346   -1833745.250000
23347   -1833745.250000
23348   -1833745.500000
23349   -1833745.625000
23350   -1833745.625000
23351   -1833746.000000
23352   -1833745.875000
23353   -1833746.250000
23354   -1833746.250000
23355   -1833746.500000
23356   -1833746.250000
23357   -1833746.625000
23358   -1833746.750000
23359   -1833746.875000
23360   -1833747.000000
23361   -1833747.000000
23362   -1833747.125000
23363   -1833747.375000
23364   -1833747.375000
23365   -1833747.500000
23366   -1833747.625000
23367   -1833747.875000
23368   -1833747.875000
23369   -1833748.000000
23370   -1833748.000000
23371   -1833748.375000
23372   -1833748.375000
23373   -1833748.625000
23374   -1833748.625000
23375   -1833748.750000
23376   -1833749.000000
23377   -1833749.000000
23378   -1833749.000000
23379   -1833749.125000
23380   -1833749.375000
23381   -1833749.500000
23382   -1833749.500000
23383   -1833749.750000
23384   -1833749.875000
23385   -1833750.000000
23386   -1833750.125000
23387   -1833750.125000
23388   -1833750.125000
23389   -1833750.250000
23390   -1833750.375000
23391   -1833750.500000
23392   -1833750.625000
23393   -1833750.750000
23394   -1833751.000000
23395   -1833751.000000
23396   -1833751.125000
23397   -1833751.250000
23398   -1833751.375000
23399   -1833751.500000
23400   -1833751.500000
23401   -1833751.750000
23402   -1833751.875000
23403   -1833751.875000
23404   -1833752.000000
23405   -1833752.250000
23406   -1833752.250000
23407   -1833752.500000
23408   -1833752.500000
23409   -1833752.625000
23410   -1833752.750000
23411   -1833752.875000
23412   -1833753.000000
23413   -1833753.000000
23414   -1833753.250000
23415   -1833753.375000
23416   -1833753.500000
23417   -1833753.500000
23418   -1833753.750000
23419   -1833753.750000
23420   -1833753.750000
23421   -1833754.000000
23422   -1833754.000000
23423   -1833754.250000
23424   -1833754.250000
23425   -1833754.500000
23426   -1833754.375000
23427   -1833754.625000
23428   -1833754.750000
23429   -1833755.000000
23430   -1833755.000000
23431   -1833755.250000
23432   -1833755.250000
23433   -1833755.250000
23434   -1833755.500000
23435   -1833755.625000
23436   -1833755.750000
23437   -1833755.875000
23438   -1833755.875000
23439   -1833756.000000
23440   -1833756.250000
23441   -1833756.250000
23442   -1833756.250000
23443   -1833756.375000
23444   -1833756.500000
23445   -1833756.625000
23446   -1833756.750000
23447   -1833756.875000
23448   -1833757.250000
23449   -1833757.250000
23450   -1833757.375000
23451   -1833757.500000
23452   -1833757.625000
23453   -1833757.750000
23454   -1833757.750000
23455   -1833757.750000
23456   -1833758.250000
23457   -1833758.250000
23458   -1833758.250000
23459   -1833758.375000
23460   -1833758.500000
23461   -1833758.625000
23462   -1833758.750000
23463   -1833758.875000
23464   -1833758.875000
23465   -1833759.125000
23466   -1833759.250000
23467   -1833759.375000
23468   -1833759.375000
23469   -1833759.500000
23470   -1833759.875000
23471   -1833759.750000
23472   -1833760.000000
23473   -1833760.000000
23474   -1833760.375000
23475   -1833760.250000
23476   -1833760.500000
23477   -1833760.500000
23478   -1833760.750000
23479   -1833760.750000
23480   -1833760.875000
23481   -1833761.250000
23482   -1833761.250000
23483   -1833761.500000
23484   -1833761.500000
23485   -1833761.750000
23486   -1833761.875000
23487   -1833761.875000
23488   -1833762.000000
23489   -1833762.250000
23490   -1833762.250000
23491   -1833762.375000
23492   -1833762.500000
23493   -1833762.625000
23494   -1833762.875000
23495   -1833763.000000
23496   -1833763.125000
23497   -1833763.250000
23498   -1833763.500000
23499   -1833763.500000
23500   -1833763.750000
23501   -1833763.750000
23502   -1833764.000000
23503   -1833764.000000
23504   -1833764.125000
23505   -1833764.500000
23506   -1833764.500000
23507   -1833764.750000
23508   -1833765.000000
23509   -1833765.000000
23510   -1833765.250000
23511   -1833765.375000
23512   -1833765.500000
23513   -1833765.625000
23514   -1833765.750000
23515   -1833765.875000
23516   -1833766.125000
23517   -1833766.250000
23518   -1833766.250000
23519   -1833766.500000
23520   -1833766.750000
23521   -1833767.000000
23522   -1833767.000000
23523   -1833767.250000
23524   -1833767.375000
23525   -1833767.500000
23526   -1833767.750000
23527   -1833768.000000
23528   -1833768.000000
23529   -1833768.250000
23530   -1833768.500000
23531   -1833768.375000
23532   -1833768.875000
23533   -1833768.875000
23534   -1833769.250000
23535   -1833769.250000
23536   -1833769.500000
23537   -1833769.750000
23538   -1833769.750000
23539   -1833770.000000
23540   -1833770.250000
23541   -1833770.500000
23542   -1833770.625000
23543   -1833770.875000
23544   -1833771.000000
23545   -1833771.125000
23546   -1833771.250000
23547   -1833771.500000
23548   -1833771.750000
23549   -1833772.000000
23550   -1833772.125000
23551   -1833772.250000
23552   -1833772.625000
23553   -1833772.500000
23554   -1833773.000000
23555   -1833773.000000
23556   -1833773.500000
23557   -1833773.500000
23558   -1833773.750000
23559   -1833773.750000
23560   -1833774.125000
23561   -1833774.250000
23562   -1833774.500000
23563   -1833774.750000
23564   -1833775.000000
23565   -1833775.250000
23566   -1833775.250000
23567   -1833775.625000
23568   -1833775.750000
23569   -1833776.000000
23570   -1833776.125000
23571   -1833776.500000
23572   -1833776.625000
23573   -1833776.875000
23574   -1833777.250000
23575   -1833777.250000
23576   -1833777.500000
23577   -1833777.750000
23578   -1833777.875000
23579   -1833778.250000
23580   -1833778.250000
23581   -1833778.500000
23582   -1833778.875000
23583   -1833779.000000
23584   -1833779.250000
23585   -1833779.375000
23586   -1833779.625000
23587   -1833779.750000
23588   -1833780.000000
23589   -1833780.250000
23590   -1833780.375000
23591   -1833780.625000
23592   -1833781.000000
23593   -1833781.250000
23594   -1833781.375000
23595   -1833781.500000
23596   -1833781.750000
23597   -1833782.000000
23598   -1833782.250000
23599   -1833782.500000
23600   -1833782.750000
23601   -1833782.875000
23602   -1833783.250000
23603   -1833783.375000
23604   -1833783.500000
23605   -1833783.750000
23606   -1833784.000000
23607   -1833784.250000
23608   -1833784.500000
23609   -1833784.750000
23610   -1833784.875000
23611   -1833785.250000
23612   -1833785.375000
23613   -1833785.625000
23614   -1833785.750000
23615   -1833786.000000
23616   -1833786.375000
23617   -1833786.500000
23618   -1833786.750000
23619   -1833786.875000
23620   -1833787.125000
23621   -1833787.250000
23622   -1833787.750000
23623   -1833788.000000
23624   -1833788.125000
23625   -1833788.250000
23626   -1833788.500000
23627   -1833788.750000
23628   -1833789.000000
23629   -1833789.250000
23630   -1833789.500000
23631   -1833789.750000
23632   -1833789.875000
23633   -1833790.000000
23634   -1833790.250000
23635   -1833790.500000
23636   -1833790.750000
23637   -1833791.000000
23638   -1833791.250000
23639   -1833791.375000
23640   -1833791.625000
23641   -1833791.750000
23642   -1833792.250000
23643   -1833792.375000
23644   -1833792.500000
23645   -1833792.750000
23646   -1833793.000000
23647   -1833793.250000
23648   -1833793.500000
23649   -1833793.500000
23650   -1833793.875000
23651   -1833794.125000
23652   -1833794.250000
23653   -1833794.500000
23654   -1833794.875000
23655   -1833795.000000
23656   -1833795.250000
23657   -1833795.500000
23658   -1833795.625000
23659   -1833795.875000
23660   -1833796.000000
23661   -1833796.375000
23662   -1833796.500000
23663   -1833796.750000
23664   -1833796.875000
23665   -1833797.000000
23666   -1833797.375000
23667   -1833797.500000
23668   -1833797.750000
23669   -1833798.000000
23670   -1833798.250000
23671   -1833798.500000
23672   -1833798.625000
23673   -1833799.000000
23674   -1833799.250000
23675   -1833799.375000
23676   -1833799.500000
23677   -1833799.750000
23678   -1833800.000000
23679   -1833800.250000
23680   -1833800.500000
23681   -1833800.625000
23682   -1833800.750000
23683   -1833800.875000
23684   -1833801.000000
23685   -1833801.250000
23686   -1833801.625000
23687   -1833801.875000
23688   -1833802.000000
23689   -1833802.250000
23690   -1833802.500000
23691   -1833802.625000
23692   -1833802.875000
23693   -1833803.000000
23694   -1833803.375000
23695   -1833803.500000
23696   -1833803.750000
23697   -1833804.000000
23698   -1833804.000000
23699   -1833804.250000
23700   -1833804.500000
23701   -1833804.750000
23702   -1833805.000000
23703   -1833805.125000
23704   -1833805.250000
23705   -1833805.375000
23706   -1833805.750000
23707   -1833806.000000
23708   -1833806.000000
23709   -1833806.500000
23710   -1833806.500000
23711   -1833806.750000
23712   -1833807.000000
23713   -1833807.125000
23714   -1833807.375000
23715   -1833807.500000
23716   -1833807.625000
23717   -1833807.875000
23718   -1833808.250000
23719   -1833808.500000
23720   -1833808.500000
23721   -1833808.750000
23722   -1833809.000000
23723   -1833809.250000
23724   -1833809.375000
23725   -1833809.500000
23726   -1833809.750000
23727   -1833810.000000
23728   -1833810.250000
23729   -1833810.375000
23730   -1833810.375000
23731   -1833810.750000
23732   -1833811.000000
23733   -1833811.125000
23734   -1833811.250000
23735   -1833811.500000
23736   -1833811.750000
23737   -1833812.000000
23738   -1833812.125000
23739   -1833812.375000
23740   -1833812.375000
23741   -1833812.750000
23742   -1833812.875000
23743   -1833813.125000
23744   -1833813.250000
23745   -1833813.250000
23746   -1833813.750000
23747   -1833813.875000
23748   -1833814.000000
23749   -1833814.250000
23750   -1833814.500000
23751   -1833814.750000
23752   -1833814.750000
23753   -1833815.000000
23754   -1833815.125000
23755   -1833815.375000
23756   -1833815.625000
23757   -1833815.750000
23758   -1833816.000000
23759   -1833816.250000
23760   -1833816.500000
23761   -1833816.750000
23762   -1833816.750000
23763   -1833817.000000
23764   -1833817.250000
23765   -1833817.375000
23766   -1833817.500000
23767   -1833817.750000
23768   -1833818.125000
23769   -1833818.125000
23770   -1833818.375000
23771   -1833818.500000
23772   -1833818.750000
23773   -1833819.000000
23774   -1833819.250000
23775   -1833819.250000
23776   -1833819.500000
23777   -1833819.750000
23778   -1833820.000000
23779   -1833820.125000
23780   -1833820.375000
23781   -1833820.750000
23782   -1833820.750000
23783   -1833821.000000
23784   -1833821.125000
23785   -1833821.250000
23786   -1833821.500000
23787   -1833821.750000
23788   -1833822.000000
23789   -1833822.250000
23790   -1833822.375000
23791   -1833822.500000
23792   -1833822.750000
23793   -1833822.875000
23794   -1833823.125000
23795   -1833823.250000
23796   -1833823.500000
23797   -1833823.750000
23798   -1833824.125000
23799   -1833824.250000
23800   -1833824.250000
23801   -1833824.500000
23802   -1833824.750000
23803   -1833825.125000
23804   -1833825.125000
23805   -1833825.500000
23806   -1833825.500000
23807   -1833825.750000
23808   -1833826.000000
23809   -1833826.125000
23810   -1833826.250000
23811   -1833826.500000
23812   -1833826.625000
23813   -1833826.750000
23814   -1833827.000000
23815   -1833827.250000
23816   -1833827.500000
23817   -1833827.750000
23818   -1833827.875000
23819   -1833828.000000
23820   -1833828.250000
23821   -1833828.500000
23822   -1833828.500000
23823   -1833828.875000
23824   -1833829.000000
23825   -1833829.250000
23826   -1833829.500000
23827   -1833829.625000
23828   -1833830.000000
23829   -1833830.000000
23830   -1833830.125000
23831   -1833830.375000
23832   -1833830.625000
23833   -1833830.875000
23834   -1833831.000000
23835   -1833831.125000
23836   -1833831.250000
23837   -1833831.500000
23838   -1833831.750000
23839   -1833832.000000
23840   -1833832.250000
23841   -1833832.375000
23842   -1833832.500000
23843   -1833832.750000
23844   -1833832.750000
23845   -1833833.000000
23846   -1833833.375000
23847   -1833833.500000
23848   -1833833.750000
23849   -1833834.000000
23850   -1833834.250000
23851   -1833834.250000
23852   -1833834.500000
23853   -1833834.500000
23854   -1833834.750000
23855   -1833835.000000
23856   -1833835.250000
23857   -1833835.500000
23858   -1833835.625000
23859   -1833835.750000
23860   -1833836.125000
23861   -1833836.250000
23862   -1833836.250000
23863   -1833836.500000
23864   -1833836.625000
23865   -1833836.875000
23866   -1833837.000000
23867   -1833837.250000
23868   -1833837.500000
23869   -1833837.625000
23870   -1833837.750000
23871   -1833837.750000
23872   -1833838.125000
23873   -1833838.250000
23874   -1833838.500000
23875   -1833838.625000
23876   -1833838.750000
23877   -1833839.125000
23878   -1833839.125000
23879   -1833839.375000
23880   -1833839.500000
23881   -1833839.750000
23882   -1833839.750000
23883   -1833840.250000
23884   -1833840.250000
23885   -1833840.500000
23886   -1833840.500000
23887   -1833840.750000
23888   -1833840.875000
23889   -1833841.125000
23890   -1833841.250000
23891   -1833841.500000
23892   -1833841.625000
23893   -1833842.000000
23894   -1833842.125000
23895   -1833842.250000
23896   -1833842.500000
23897   -1833842.500000
23898   -1833842.750000
23899   -1833843.000000
23900   -1833843.125000
23901   -1833843.375000
23902   -1833843.500000
23903   -1833843.750000
23904   -1833843.875000
23905   -1833844.000000
23906   -1833844.250000
23907   -1833844.500000
23908   -1833844.625000
23909   -1833844.750000
23910   -1833845.000000
23911   -1833845.250000
23912   -1833845.250000
23913   -1833845.500000
23914   -1833845.750000
23915   -1833846.000000
23916   -1833846.000000
23917   -1833846.375000
23918   -1833846.375000
23919   -1833846.500000
23920   -1833846.750000
23921   -1833847.000000
23922   -1833847.250000
23923   -1833847.500000
23924   -1833847.500000
23925   -1833847.750000
23926   -1833847.750000
23927   -1833848.250000
23928   -1833848.375000
23929   -1833848.500000
23930   -1833848.750000
23931   -1833848.750000
23932   -1833849.125000
23933   -1833849.125000
23934   -1833849.500000
23935   -1833849.625000
23936   -1833849.750000
23937   -1833850.000000
23938   -1833850.250000
23939   -1833850.500000
23940   -1833850.500000
23941   -1833850.750000
23942   -1833851.000000
23943   -1833851.250000
23944   -1833851.500000
23945   -1833851.625000
23946   -1833851.750000
23947   -1833852.000000
23948   -1833852.250000
23949   -1833852.500000
23950   -1833852.625000
23951   -1833852.875000
23952   -1833853.000000
23953   -1833853.250000
23954   -1833853.375000
23955   -1833853.500000
23956   -1833853.750000
23957   -1833854.000000
23958   -1833854.125000
23959   -1833854.375000
23960   -1833854.625000
23961   -1833854.875000
23962   -1833855.000000
23963   -1833855.250000
23964   -1833855.500000
23965   -1833855.750000
23966   -1833856.000000
23967   -1833856.125000
23968   -1833856.250000
23969   -1833856.500000
23970   -1833856.875000
23971   -1833857.000000
23972   -1833857.125000
23973   -1833857.375000
23974   -1833857.625000
23975   -1833857.750000
23976   -1833858.000000
23977   -1833858.250000
23978   -1833858.500000
23979   -1833858.750000
23980   -1833859.000000
23981   -1833859.000000
23982   -1833859.250000
23983   -1833859.625000
23984   -1833859.750000
23985   -1833860.125000
23986   -1833860.250000
23987   -1833860.500000
23988   -1833860.750000
23989   -1833861.000000
23990   -1833861.125000
23991   -1833861.250000
23992   -1833861.750000
23993   -1833861.875000
23994   -1833862.125000
23995   -1833862.250000
23996   -1833862.625000
23997   -1833862.750000
23998   -1833863.000000
23999   -1833863.250000
24000   -1833863.500000
24001   -1833863.625000
24002   -1833863.875000
24003   -1833864.125000
24004   -1833864.375000
24005   -1833864.625000
24006   -1833864.875000
24007   -1833865.000000
24008   -1833865.250000
24009   -1833865.500000
24010   -1833865.875000
24011   -1833866.000000
24012   -1833866.250000
24013   -1833866.500000
24014   -1833866.750000
24015   -1833867.000000
24016   -1833867.250000
24017   -1833867.250000
24018   -1833867.500000
24019   -1833867.750000
24020   -1833868.000000
24021   -1833868.250000
24022   -1833868.500000
24023   -1833868.750000
24024   -1833869.000000
24025   -1833869.250000
24026   -1833869.500000
24027   -1833869.750000
24028   -1833870.000000
24029   -1833870.250000
24030   -1833870.250000
24031   -1833870.625000
24032   -1833870.875000
24033   -1833871.000000
24034   -1833871.375000
24035   -1833871.500000
24036   -1833871.750000
24037   -1833872.000000
24038   -1833872.250000
24039   -1833872.500000
24040   -1833872.750000
24041   -1833873.000000
24042   -1833873.250000
24043   -1833873.500000
24044   -1833873.625000
24045   -1833873.750000
24046   -1833874.125000
24047   -1833874.375000
24048   -1833874.500000
24049   -1833874.875000
24050   -1833875.000000
24051   -1833875.250000
24052   -1833875.500000
24053   -1833875.750000
24054   -1833876.000000
24055   -1833876.250000
24056   -1833876.375000
24057   -1833876.750000
24058   -1833877.000000
24059   -1833877.125000
24060   -1833877.375000
24061   -1833877.500000
24062   -1833877.750000
24063   -1833878.000000
24064   -1833878.250000
24065   -1833878.500000
24066   -1833878.750000
24067   -1833879.000000
24068   -1833879.000000
24069   -1833879.500000
24070   -1833879.625000
24071   -1833879.750000
24072   -1833880.000000
24073   -1833880.250000
24074   -1833880.500000
24075   -1833880.750000
24076   -1833880.875000
24077   -1833881.125000
24078   -1833881.375000
24079   -1833881.750000
24080   -1833881.875000
24081   -1833882.000000
24082   -1833882.250000
24083   -1833882.500000
24084   -1833882.625000
24085   -1833882.875000
24086   -1833883.250000
24087   -1833883.500000
24088   -1833883.500000
24089   -1833883.875000
24090   -1833884.000000
24091   -1833884.125000
24092   -1833884.500000
24093   -1833884.750000
24094   -1833885.000000
24095   -1833885.000000
24096   -1833885.375000
24097   -1833885.500000
24098   -1833885.750000
24099   -1833885.875000
24100   -1833886.125000
24101   -1833886.375000
24102   -1833886.750000
24103   -1833886.750000
24104   -1833887.000000
24105   -1833887.250000
24106   -1833887.500000
24107   -1833887.625000
24108   -1833887.875000
24109   -1833888.125000
24110   -1833888.250000
24111   -1833888.500000
24112   -1833888.750000
24113   -1833889.000000
24114   -1833889.250000
24115   -1833889.500000
24116   -1833889.500000
24117   -1833889.750000
24118   -1833890.000000
24119   -1833890.250000
24120   -1833890.250000
24121   -1833890.500000
24122   -1833890.750000
24123   -1833891.000000
24124   -1833891.250000
24125   -1833891.375000
24126   -1833891.500000
24127   -1833891.875000
24128   -1833892.000000
24129   -1833892.250000
24130   -1833892.500000
24131   -1833892.750000
24132   -1833892.750000
24133   -1833893.000000
24134   -1833893.250000
24135   -1833893.375000
24136   -1833893.500000
24137   -1833893.750000
24138   -1833894.000000
24139   -1833894.375000
24140   -1833894.500000
24141   -1833894.625000
24142   -1833894.750000
24143   -1833895.125000
24144   -1833895.250000
24145   -1833895.500000
24146   -1833895.750000
24147   -1833895.875000
24148   -1833896.000000
24149   -1833896.250000
24150   -1833896.500000
24151   -1833896.625000
24152   -1833896.875000
24153   -1833897.000000
24154   -1833897.250000
24155   -1833897.500000
24156   -1833897.625000
24157   -1833897.875000
24158   -1833898.000000
24159   -1833898.375000
24160   -1833898.500000
24161   -1833898.625000
24162   -1833898.875000
24163   -1833899.125000
24164   -1833899.250000
24165   -1833899.500000
24166   -1833899.750000
24167   -1833900.000000
24168   -1833900.125000
24169   -1833900.250000
24170   -1833900.500000
24171   -1833900.750000
24172   -1833901.000000
24173   -1833901.250000
24174   -1833901.375000
24175   -1833901.500000
24176   -1833901.750000
24177   -1833902.000000
24178   -1833902.250000
24179   -1833902.500000
24180   -1833902.625000
24181   -1833902.750000
24182   -1833903.000000
24183   -1833903.250000
24184   -1833903.500000
24185   -1833903.500000
24186   -1833903.875000
24187   -1833904.000000
24188   -1833904.375000
24189   -1833904.500000
24190   -1833904.750000
24191   -1833904.875000
24192   -1833905.125000
24193   -1833905.500000
24194   -1833905.750000
24195   -1833905.625000
24196   -1833906.000000
24197   -1833906.250000
24198   -1833906.375000
24199   -1833906.625000
24200   -1833906.875000
24201   -1833907.125000
24202   -1833907.250000
24203   -1833907.375000
24204   -1833907.750000
24205   -1833907.875000
24206   -1833908.125000
24207   -1833908.500000
24208   -1833908.500000
24209   -1833908.750000
24210   -1833909.000000
24211   -1833909.375000
24212   -1833909.500000
24213   -1833909.750000
24214   -1833909.750000
24215   -1833910.000000
24216   -1833910.250000
24217   -1833910.500000
24218   -1833910.750000
24219   -1833911.000000
24220   -1833911.250000
24221   -1833911.500000
24222   -1833911.500000
24223   -1833911.750000
24224   -1833912.125000
24225   -1833912.250000
24226   -1833912.500000
24227   -1833912.750000
24228   -1833912.875000
24229   -1833913.125000
24230   -1833913.375000
24231   -1833913.625000
24232   -1833913.750000
24233   -1833914.000000
24234   -1833914.250000
24235   -1833914.500000
24236   -1833914.625000
24237   -1833915.000000
24238   -1833915.000000
24239   -1833915.250000
24240   -1833915.500000
24241   -1833915.750000
24242   -1833916.000000
24243   -1833916.000000
24244   -1833916.375000
24245   -1833916.750000
24246   -1833916.750000
24247   -1833917.000000
24248   -1833917.250000
24249   -1833917.500000
24250   -1833917.750000
24251   -1833918.000000
24252   -1833918.125000
24253   -1833918.375000
24254   -1833918.500000
24255   -1833918.750000
24256   -1833919.000000
24257   -1833919.250000
24258   -1833919.500000
24259   -1833919.750000
24260   -1833919.875000
24261   -1833920.125000
24262   -1833920.375000
24263   -1833920.750000
24264   -1833921.000000
24265   -1833921.000000
24266   -1833921.250000
24267   -1833921.500000
24268   -1833921.750000
24269   -1833922.000000
24270   -1833922.250000
24271   -1833922.500000
24272   -1833922.750000
24273   -1833922.875000
24274   -1833923.250000
24275   -1833923.250000
24276   -1833923.500000
24277   -1833923.875000
24278   -1833924.000000
24279   -1833924.250000
24280   -1833924.500000
24281   -1833924.750000
24282   -1833924.875000
24283   -1833925.250000
24284   -1833925.500000
24285   -1833925.750000
24286   -1833926.000000
24287   -1833926.250000
24288   -1833926.500000
24289   -1833926.750000
24290   -1833926.875000
24291   -1833927.125000
24292   -1833927.250000
24293   -1833927.500000
24294   -1833927.750000
24295   -1833928.250000
24296   -1833928.250000
24297   -1833928.500000
24298   -1833928.750000
24299   -1833929.000000
24300   -1833929.250000
24301   -1833929.500000
24302   -1833929.750000
24303   -1833930.000000
24304   -1833930.250000
24305   -1833930.500000
24306   -1833930.750000
24307   -1833930.875000
24308   -1833931.125000
24309   -1833931.375000
24310   -1833931.625000
24311   -1833931.875000
24312   -1833932.250000
24313   -1833932.500000
24314   -1833932.750000
24315   -1833932.875000
24316   -1833933.250000
24317   -1833933.375000
24318   -1833933.750000
24319   -1833934.000000
24320   -1833934.250000
24321   -1833934.500000
24322   -1833934.625000
24323   -1833935.000000
24324   -1833935.375000
24325   -1833935.500000
24326   -1833935.875000
24327   -1833936.125000
24328   -1833936.250000
24329   -1833936.500000
24330   -1833936.875000
24331   -1833937.125000
24332   -1833937.500000
24333   -1833937.625000
24334   -1833938.000000
24335   -1833938.250000
24336   -1833938.500000
24337   -1833938.750000
24338   -1833939.125000
24339   -1833939.375000
24340   -1833939.625000
24341   -1833939.750000
24342   -1833940.125000
24343   -1833940.500000
24344   -1833940.750000
24345   -1833941.000000
24346   -1833941.250000
24347   -1833941.625000
24348   -1833942.000000
24349   -1833942.125000
24350   -1833942.500000
24351   -1833942.625000
24352   -1833943.125000
24353   -1833943.250000
24354   -1833943.750000
24355   -1833944.000000
24356   -1833944.250000
24357   -1833944.500000
24358   -1833944.875000
24359   -1833945.125000
24360   -1833945.500000
24361   -1833945.750000
24362   -1833946.000000
24363   -1833946.250000
24364   -1833946.500000
24365   -1833947.000000
24366   -1833947.250000
24367   -1833947.750000
24368   -1833948.000000
24369   -1833948.125000
24370   -1833948.500000
24371   -1833948.750000
24372   -1833949.000000
24373   -1833949.375000
24374   -1833949.750000
24375   -1833950.000000
24376   -1833950.500000
24377   -1833950.750000
24378   -1833951.000000
24379   -1833951.375000
24380   -1833951.750000
24381   -1833952.000000
24382   -1833952.250000
24383   -1833952.750000
24384   -1833953.000000
24385   -1833953.250000
24386   -1833953.500000
24387   -1833953.750000
24388   -1833954.250000
24389   -1833954.750000
24390   -1833955.000000
24391   -1833955.250000
24392   -1833955.625000
24393   -1833955.875000
24394   -1833956.250000
24395   -1833956.500000
24396   -1833956.875000
24397   -1833957.250000
24398   -1833957.500000
24399   -1833957.875000
24400   -1833958.250000
24401   -1833958.500000
24402   -1833959.000000
24403   -1833959.250000
24404   -1833959.750000
24405   -1833960.000000
24406   -1833960.250000
24407   -1833960.625000
24408   -1833961.000000
24409   -1833961.375000
24410   -1833961.750000
24411   -1833962.000000
24412   -1833962.375000
24413   -1833962.750000
24414   -1833963.125000
24415   -1833963.500000
24416   -1833963.875000
24417   -1833964.125000
24418   -1833964.500000
24419   -1833964.750000
24420   -1833965.250000
24421   -1833965.500000
24422   -1833966.000000
24423   -1833966.125000
24424   -1833966.375000
24425   -1833966.875000
24426   -1833967.250000
24427   -1833967.625000
24428   -1833968.000000
24429   -1833968.375000
24430   -1833968.750000
24431   -1833969.000000
24432   -1833969.500000
24433   -1833969.750000
24434   -1833970.250000
24435   -1833970.500000
24436   -1833970.750000
24437   -1833971.250000
24438   -1833971.750000
24439   -1833972.000000
24440   -1833972.250000
24441   -1833972.750000
24442   -1833973.000000
24443   -1833973.250000
24444   -1833973.750000
24445   -1833974.000000
24446   -1833974.375000
24447   -1833974.750000
24448   -1833975.000000
24449   -1833975.375000
24450   -1833975.750000
24451   -1833976.125000
24452   -1833976.375000
24453   -1833976.750000
24454   -1833977.125000
24455   -1833977.625000
24456   -1833977.875000
24457   -1833978.250000
24458   -1833978.625000
24459   -1833978.875000
24460   -1833979.375000
24461   -1833979.500000
24462   -1833979.875000
24463   -1833980.375000
24464   -1833980.500000
24465   -1833980.750000
24466   -1833981.250000
24467   -1833981.500000
24468   -1833982.000000
24469   -1833982.250000
24470   -1833982.500000
24471   -1833983.000000
24472   -1833983.250000
24473   -1833983.750000
24474   -1833983.750000
24475   -1833984.250000
24476   -1833984.750000
24477   -1833984.750000
24478   -1833985.375000
24479   -1833985.750000
24480   -1833986.000000
24481   -1833986.250000
24482   -1833986.500000
24483   -1833987.000000
24484   -1833987.250000
24485   -1833987.500000
24486   -1833987.750000
24487   -1833988.250000
24488   -1833988.625000
24489   -1833988.875000
24490   -1833989.250000
24491   -1833989.500000
24492   -1833989.750000
24493   -1833990.000000
24494   -1833990.500000
24495   -1833990.625000
24496   -1833990.875000
24497   -1833991.250000
24498   -1833991.750000
24499   -1833992.000000
24500   -1833992.250000
24501   -1833992.625000
24502   -1833992.750000
24503   -1833993.000000
24504   -1833993.375000
24505   -1833993.750000
24506   -1833994.125000
24507   -1833994.375000
24508   -1833994.500000
24509   -1833995.000000
24510   -1833995.125000
24511   -1833995.625000
24512   -1833995.750000
24513   -1833996.000000
24514   -1833996.375000
24515   -1833996.625000
24516   -1833996.750000
24517   -1833997.125000
24518   -1833997.250000
24519   -1833997.625000
24520   -1833997.875000
24521   -1833998.000000
24522   -1833998.375000
24523   -1833998.750000
24524   -1833999.000000
24525   -1833999.250000
24526   -1833999.625000
24527   -1833999.750000
24528   -1834000.000000
24529   -1834000.250000
24530   -1834000.625000
24531   -1834000.750000
24532   -1834001.000000
24533   -1834001.250000
24534   -1834001.500000
24535   -1834001.750000
24536   -1834002.000000
24537   -1834002.000000
24538   -1834002.500000
24539   -1834002.500000
24540   -1834002.750000
24541   -1834003.000000
24542   -1834003.250000
24543   -1834003.625000
24544   -1834003.875000
24545   -1834004.250000
24546   -1834004.500000
24547   -1834004.750000
24548   -1834004.875000
24549   -1834005.000000
24550   -1834005.250000
24551   -1834005.625000
24552   -1834005.750000
24553   -1834006.125000
24554   -1834006.250000
24555   -1834006.500000
24556   -1834006.625000
24557   -1834006.750000
24558   -1834007.125000
24559   -1834007.250000
24560   -1834007.500000
24561   -1834007.750000
24562   -1834008.000000
24563   -1834008.125000
24564   -1834008.500000
24565   -1834008.750000
24566   -1834008.750000
24567   -1834009.000000
24568   -1834009.250000
24569   -1834009.375000
24570   -1834009.625000
24571   -1834009.750000
24572   -1834010.000000
24573   -1834010.000000
24574   -1834010.250000
24575   -1834010.500000
24576   -1834010.750000
24577   -1834011.000000
24578   -1834011.125000
24579   -1834011.250000
24580   -1834011.500000
24581   -1834011.750000
24582   -1834012.000000
24583   -1834012.000000
24584   -1834012.125000
24585   -1834012.375000
24586   -1834012.625000
24587   -1834012.750000
24588   -1834013.000000
24589   -1834013.125000
24590   -1834013.250000
24591   -1834013.500000
24592   -1834013.625000
24593   -1834013.875000
24594   -1834014.000000
24595   -1834014.250000
24596   -1834014.500000
24597   -1834014.500000
24598   -1834014.750000
24599   -1834014.750000
24600   -1834015.000000
24601   -1834015.250000
24602   -1834015.375000
24603   -1834015.375000
24604   -1834015.750000
24605   -1834015.875000
24606   -1834016.000000
24607   -1834016.000000
24608   -1834016.250000
24609   -1834016.500000
24610   -1834016.500000
24611   -1834016.625000
24612   -1834016.875000
24613   -1834017.000000
24614   -1834017.125000
24615   -1834017.250000
24616   -1834017.500000
24617   -1834017.625000
24618   -1834017.750000
24619   -1834018.000000
24620   -1834018.125000
24621   -1834018.125000
24622   -1834018.250000
24623   -1834018.500000
24624   -1834018.625000
24625   -1834018.750000
24626   -1834019.000000
24627   -1834019.000000
24628   -1834019.125000
24629   -1834019.250000
24630   -1834019.500000
24631   -1834019.625000
24632   -1834019.750000
24633   -1834019.750000
24634   -1834020.000000
24635   -1834020.000000
24636   -1834020.250000
24637   -1834020.500000
24638   -1834020.500000
24639   -1834020.750000
24640   -1834020.750000
24641   -1834020.875000
24642   -1834021.000000
24643   -1834021.125000
24644   -1834021.500000
24645   -1834021.500000
24646   -1834021.500000
24647   -1834021.625000
24648   -1834021.750000
24649   -1834021.875000
24650   -1834022.125000
24651   -1834022.250000
24652   -1834022.250000
24653   -1834022.500000
24654   -1834022.500000
24655   -1834022.750000
24656   -1834022.875000
24657   -1834023.000000
24658   -1834022.875000
24659   -1834023.250000
24660   -1834023.125000
24661   -1834023.250000
24662   -1834023.250000
24663   -1834023.500000
24664   -1834023.500000
24665   -1834023.750000
24666   -1834023.875000
24667   -1834024.000000
24668   -1834024.000000
24669   -1834024.125000
24670   -1834024.250000
24671   -1834024.250000
24672   -1834024.625000
24673   -1834024.625000
24674   -1834024.625000
24675   -1834024.750000
24676   -1834025.000000
24677   -1834025.000000
24678   -1834025.000000
24679   -1834025.250000
24680   -1834025.250000
24681   -1834025.500000
24682   -1834025.500000
24683   -1834025.500000
24684   -1834025.500000
24685   -1834025.750000
24686   -1834025.875000
24687   -1834026.000000
24688   -1834025.875000
24689   -1834025.875000
24690   -1834026.250000
24691   -1834026.250000
24692   -1834026.250000
24693   -1834026.500000
24694   -1834026.500000
24695   -1834026.500000
24696   -1834026.500000
24697   -1834026.625000
24698   -1834026.750000
24699   -1834026.875000
24700   -1834027.000000
24701   -1834027.000000
24702   -1834027.000000
24703   -1834027.000000
24704   -1834027.250000
24705   -1834027.250000
24706   -1834027.250000
24707   -1834027.375000
24708   -1834027.500000
24709   -1834027.500000
24710   -1834027.500000
24711   -1834027.500000
24712   -1834027.625000
24713   -1834027.750000
24714   -1834028.000000
24715   -1834028.000000
24716   -1834028.000000
24717   -1834028.000000
24718   -1834028.250000
24719   -1834028.125000
24720   -1834028.250000
24721   -1834028.250000
24722   -1834028.375000
24723   -1834028.500000
24724   -1834028.500000
24725   -1834028.500000
24726   -1834028.750000
24727   -1834028.750000
24728   -1834028.875000
24729   -1834028.875000
24730   -1834028.875000
24731   -1834029.000000
24732   -1834029.125000
24733   -1834029.250000
24734   -1834029.250000
24735   -1834029.250000
24736   -1834029.375000
24737   -1834029.500000
24738   -1834029.375000
24739   -1834029.500000
24740   -1834029.625000
24741   -1834029.750000
24742   -1834029.625000
24743   -1834029.875000
24744   -1834029.875000
24745   -1834029.875000
24746   -1834030.000000
24747   -1834030.000000
24748   -1834030.250000
24749   -1834030.125000
24750   -1834030.250000
24751   -1834030.375000
24752   -1834030.375000
24753   -1834030.500000
24754   -1834030.500000
24755   -1834030.500000
24756   -1834030.750000
24757   -1834030.750000
24758   -1834030.625000
24759   -1834030.750000
24760   -1834031.000000
24761   -1834031.000000
24762   -1834031.000000
24763   -1834031.000000
24764   -1834031.250000
24765   -1834031.250000
24766   -1834031.250000
24767   -1834031.250000
24768   -1834031.500000
24769   -1834031.500000
24770   -1834031.500000
24771   -1834031.500000
24772   -1834031.750000
24773   -1834032.000000
24774   -1834031.750000
24775   -1834031.750000
24776   -1834032.000000
24777   -1834032.000000
24778   -1834032.000000
24779   -1834032.000000
24780   -1834032.250000
24781   -1834032.250000
24782   -1834032.250000
24783   -1834032.250000
24784   -1834032.375000
24785   -1834032.500000
24786   -1834032.625000
24787   -1834032.750000
24788   -1834032.750000
24789   -1834033.000000
24790   -1834032.750000
24791   -1834033.000000
24792   -1834033.125000
24793   -1834033.125000
24794   -1834033.250000
24795   -1834033.125000
24796   -1834033.375000
24797   -1834033.250000
24798   -1834033.375000
24799   -1834033.500000
24800   -1834033.500000
24801   -1834033.750000
24802   -1834033.750000
24803   -1834033.750000
24804   -1834034.000000
24805   -1834033.875000
24806   -1834034.000000
24807   -1834034.000000
24808   -1834034.125000
24809   -1834034.250000
24810   -1834034.250000
24811   -1834034.250000
24812   -1834034.375000
24813   -1834034.500000
24814   -1834034.500000
24815   -1834034.750000
24816   -1834034.625000
24817   -1834034.750000
24818   -1834034.875000
24819   -1834035.000000
24820   -1834035.000000
24821   -1834035.000000
24822   -1834035.125000
24823   -1834035.250000
24824   -1834035.250000
24825   -1834035.250000
24826   -1834035.375000
24827   -1834035.500000
24828   -1834035.375000
24829   -1834035.500000
24830   -1834035.750000
24831   -1834035.750000
24832   -1834035.750000
24833   -1834035.875000
24834   -1834036.000000
24835   -1834036.125000
24836   -1834036.250000
24837   -1834036.125000
24838   -1834036.250000
24839   -1834036.250000
24840   -1834036.375000
24841   -1834036.500000
24842   -1834036.500000
24843   -1834036.750000
24844   -1834036.625000
24845   -1834036.875000
24846   -1834036.875000
24847   -1834036.750000
24848   -1834036.750000
24849   -1834037.000000
24850   -1834037.250000
24851   -1834037.250000
24852   -1834037.125000
24853   -1834037.500000
24854   -1834037.500000
24855   -1834037.500000
24856   -1834037.500000
24857   -1834037.750000
24858   -1834037.875000
24859   -1834037.875000
24860   -1834037.750000
24861   -1834038.000000
24862   -1834038.000000
24863   -1834038.125000
24864   -1834038.250000
24865   -1834038.250000
24866   -1834038.250000
24867   -1834038.500000
24868   -1834038.500000
24869   -1834038.500000
24870   -1834038.625000
24871   -1834038.625000
24872   -1834038.750000
24873   -1834038.750000
24874   -1834038.875000
24875   -1834039.000000
24876   -1834039.125000
24877   -1834039.125000
24878   -1834039.250000
24879   -1834039.500000
24880   -1834039.375000
24881   -1834039.375000
24882   -1834039.625000
24883   -1834039.750000
24884   -1834039.625000
24885   -1834039.750000
24886   -1834039.750000
24887   -1834039.750000
24888   -1834040.000000
24889   -1834040.000000
24890   -1834040.000000
24891   -1834040.250000
24892   -1834040.125000
24893   -1834040.250000
24894   -1834040.500000
24895   -1834040.500000
24896   -1834040.500000
24897   -1834040.500000
24898   -1834040.625000
24899   -1834040.750000
24900   -1834040.750000
24901   -1834041.000000
24902   -1834041.000000
24903   -1834041.000000
24904   -1834041.125000
24905   -1834041.250000
24906   -1834041.250000
24907   -1834041.375000
24908   -1834041.250000
24909   -1834041.500000
24910   -1834041.625000
24911   -1834041.500000
24912   -1834041.750000
24913   -1834041.625000
24914   -1834041.875000
24915   -1834042.000000
24916   -1834041.875000
24917   -1834042.000000
24918   -1834042.250000
24919   -1834042.250000
24920   -1834042.375000
24921   -1834042.250000
24922   -1834042.375000
24923   -1834042.625000
24924   -1834042.500000
24925   -1834042.625000
24926   -1834042.750000
24927   -1834042.750000
24928   -1834043.000000
24929   -1834042.875000
24930   -1834043.000000
24931   -1834043.125000
24932   -1834043.250000
24933   -1834043.250000
24934   -1834043.250000
24935   -1834043.375000
24936   -1834043.500000
24937   -1834043.500000
24938   -1834043.625000
24939   -1834043.750000
24940   -1834043.750000
24941   -1834043.750000
24942   -1834044.000000
24943   -1834043.875000
24944   -1834044.000000
24945   -1834044.250000
24946   -1834044.000000
24947   -1834044.250000
24948   -1834044.500000
24949   -1834044.500000
24950   -1834044.500000
24951   -1834044.500000
24952   -1834044.750000
24953   -1834044.750000
24954   -1834044.750000
24955   -1834044.875000
24956   -1834045.000000
24957   -1834045.000000
24958   -1834045.000000
24959   -1834045.125000
24960   -1834045.125000
24961   -1834045.500000
24962   -1834045.500000
24963   -1834045.625000
24964   -1834045.500000
24965   -1834045.750000
24966   -1834045.750000
24967   -1834045.750000
24968   -1834046.000000
24969   -1834046.000000
24970   -1834046.000000
24971   -1834046.000000
24972   -1834046.250000
24973   -1834046.375000
24974   -1834046.500000
24975   -1834046.500000
24976   -1834046.500000
24977   -1834046.750000
24978   -1834046.750000
24979   -1834046.750000
24980   -1834046.750000
24981   -1834046.875000
24982   -1834047.000000
24983   -1834047.125000
24984   -1834047.000000
24985   -1834047.250000
24986   -1834047.250000
24987   -1834047.500000
24988   -1834047.500000
24989   -1834047.500000
24990   -1834047.500000
24991   -1834047.750000
24992   -1834047.750000
24993   -1834047.875000
24994   -1834048.000000
24995   -1834048.000000
24996   -1834048.125000
24997   -1834048.125000
24998   -1834048.125000
24999   -1834048.250000
25000   -1834048.500000
25001   -1834048.500000
25002   -1834048.500000
25003   -1834048.750000
25004   -1834048.750000
25005   -1834048.750000
25006   -1834048.750000
25007   -1834049.000000
25008   -1834049.000000
25009   -1834049.125000
25010   -1834049.125000
25011   -1834049.250000
25012   -1834049.375000
25013   -1834049.500000
25014   -1834049.500000
25015   -1834049.625000
25016   -1834049.750000
25017   -1834049.750000
25018   -1834049.750000
25019   -1834050.000000
25020   -1834050.000000
25021   -1834050.125000
25022   -1834050.125000
25023   -1834050.250000
25024   -1834050.250000
25025   -1834050.500000
25026   -1834050.500000
25027   -1834050.500000
25028   -1834050.625000
25029   -1834050.750000
25030   -1834050.750000
25031   -1834050.750000
25032   -1834050.875000
25033   -1834051.125000
25034   -1834051.250000
25035   -1834051.250000
25036   -1834051.250000
25037   -1834051.250000
25038   -1834051.500000
25039   -1834051.500000
25040   -1834051.500000
25041   -1834051.750000
25042   -1834051.750000
25043   -1834051.875000
25044   -1834052.000000
25045   -1834052.000000
25046   -1834052.250000
25047   -1834052.250000
25048   -1834052.250000
25049   -1834052.250000
25050   -1834052.500000
25051   -1834052.375000
25052   -1834052.625000
25053   -1834052.750000
25054   -1834052.750000
25055   -1834052.750000
25056   -1834053.000000
25057   -1834053.000000
25058   -1834053.125000
25059   -1834053.250000
25060   -1834053.375000
25061   -1834053.250000
25062   -1834053.250000
25063   -1834053.625000
25064   -1834053.500000
25065   -1834053.625000
25066   -1834053.750000
25067   -1834053.750000
25068   -1834053.875000
25069   -1834054.000000
25070   -1834054.000000
25071   -1834054.000000
25072   -1834054.250000
25073   -1834054.500000
25074   -1834054.375000
25075   -1834054.500000
25076   -1834054.500000
25077   -1834054.500000
25078   -1834054.625000
25079   -1834054.875000
25080   -1834054.875000
25081   -1834054.875000
25082   -1834055.125000
25083   -1834055.125000
25084   -1834055.000000
25085   -1834055.250000
25086   -1834055.250000
25087   -1834055.375000
25088   -1834055.500000
25089   -1834055.625000
25090   -1834055.750000
25091   -1834055.875000
25092   -1834055.750000
25093   -1834055.875000
25094   -1834055.875000
25095   -1834056.000000
25096   -1834056.125000
25097   -1834056.250000
25098   -1834056.250000
25099   -1834056.375000
25100   -1834056.500000
25101   -1834056.500000
25102   -1834056.625000
25103   -1834056.750000
25104   -1834056.750000
25105   -1834056.750000
25106   -1834057.000000
25107   -1834057.000000
25108   -1834057.125000
25109   -1834057.125000
25110   -1834057.250000
25111   -1834057.375000
25112   -1834057.250000
25113   -1834057.375000
25114   -1834057.500000
25115   -1834057.625000
25116   -1834057.500000
25117   -1834057.750000
25118   -1834057.875000
25119   -1834058.000000
25120   -1834058.000000
25121   -1834058.125000
25122   -1834058.125000
25123   -1834058.250000
25124   -1834058.250000
25125   -1834058.250000
25126   -1834058.500000
25127   -1834058.500000
25128   -1834058.750000
25129   -1834058.750000
25130   -1834058.750000
25131   -1834059.000000
25132   -1834059.000000
25133   -1834059.000000
25134   -1834059.000000
25135   -1834059.250000
25136   -1834059.250000
25137   -1834059.375000
25138   -1834059.250000
25139   -1834059.500000
25140   -1834059.500000
25141   -1834059.625000
25142   -1834059.750000
25143   -1834059.750000
25144   -1834059.875000
25145   -1834060.000000
25146   -1834060.000000
25147   -1834060.125000
25148   -1834060.000000
25149   -1834060.250000
25150   -1834060.250000
25151   -1834060.250000
25152   -1834060.500000
25153   -1834060.500000
25154   -1834060.500000
25155   -1834060.500000
25156   -1834060.625000
25157   -1834060.750000
25158   -1834060.875000
25159   -1834061.000000
25160   -1834060.875000
25161   -1834061.000000
25162   -1834061.250000
25163   -1834061.125000
25164   -1834061.250000
25165   -1834061.250000
25166   -1834061.250000
25167   -1834061.375000
25168   -1834061.500000
25169   -1834061.500000
25170   -1834061.750000
25171   -1834061.750000
25172   -1834061.750000
25173   -1834061.875000
25174   -1834061.875000
25175   -1834062.000000
25176   -1834062.125000
25177   -1834062.125000
25178   -1834062.250000
25179   -1834062.250000
25180   -1834062.375000
25181   -1834062.250000
25182   -1834062.375000
25183   -1834062.625000
25184   -1834062.750000
25185   -1834062.750000
25186   -1834062.750000
25187   -1834062.875000
25188   -1834062.875000
25189   -1834063.000000
25190   -1834063.000000
25191   -1834063.000000
25192   -1834063.250000
25193   -1834063.250000
25194   -1834063.375000
25195   -1834063.500000
25196   -1834063.250000
25197   -1834063.500000
25198   -1834063.500000
25199   -1834063.750000
25200   -1834063.750000
25201   -1834063.750000
25202   -1834063.875000
25203   -1834064.000000
25204   -1834063.875000
25205   -1834064.000000
25206   -1834064.000000
25207   -1834064.125000
25208   -1834064.250000
25209   -1834064.500000
25210   -1834064.250000
25211   -1834064.625000
25212   -1834064.375000
25213   -1834064.500000
25214   -1834064.750000
25215   -1834064.750000
25216   -1834064.750000
25217   -1834064.875000
25218   -1834065.000000
25219   -1834064.875000
25220   -1834065.000000
25221   -1834065.125000
25222   -1834065.250000
25223   -1834065.375000
25224   -1834065.375000
25225   -1834065.375000
25226   -1834065.500000
25227   -1834065.500000
25228   -1834065.625000
25229   -1834065.625000
25230   -1834065.750000
25231   -1834065.875000
25232   -1834065.875000
25233   -1834066.000000
25234   -1834066.125000
25235   -1834066.125000
25236   -1834066.250000
25237   -1834066.125000
25238   -1834066.250000
25239   -1834066.500000
25240   -1834066.375000
25241   -1834066.625000
25242   -1834066.625000
25243   -1834066.625000
25244   -1834066.750000
25245   -1834067.000000
25246   -1834066.875000
25247   -1834067.000000
25248   -1834067.125000
25249   -1834067.000000
25250   -1834067.250000
25251   -1834067.250000
25252   -1834067.250000
25253   -1834067.250000
25254   -1834067.500000
25255   -1834067.500000
25256   -1834067.625000
25257   -1834067.625000
25258   -1834067.750000
25259   -1834067.750000
25260   -1834067.875000
25261   -1834067.875000
25262   -1834068.000000
25263   -1834068.125000
25264   -1834068.125000
25265   -1834068.250000
25266   -1834068.250000
25267   -1834068.375000
25268   -1834068.500000
25269   -1834068.625000
25270   -1834068.500000
25271   -1834068.750000
25272   -1834068.750000
25273   -1834068.750000
25274   -1834068.750000
25275   -1834068.875000
25276   -1834068.750000
25277   -1834069.000000
25278   -1834069.000000
25279   -1834069.250000
25280   -1834069.250000
25281   -1834069.250000
25282   -1834069.375000
25283   -1834069.375000
25284   -1834069.500000
25285   -1834069.500000
25286   -1834069.750000
25287   -1834069.750000
25288   -1834069.875000
25289   -1834069.875000
25290   -1834070.000000
25291   -1834070.000000
25292   -1834070.000000
25293   -1834070.125000
25294   -1834070.250000
25295   -1834070.250000
25296   -1834070.500000
25297   -1834070.375000
25298   -1834070.500000
25299   -1834070.625000
25300   -1834070.625000
25301   -1834070.750000
25302   -1834070.875000
25303   -1834070.875000
25304   -1834071.000000
25305   -1834071.000000
25306   -1834071.125000
25307   -1834071.250000
25308   -1834071.250000
25309   -1834071.250000
25310   -1834071.250000
25311   -1834071.375000
25312   -1834071.500000
25313   -1834071.750000
25314   -1834071.625000
25315   -1834071.875000
25316   -1834071.875000
25317   -1834071.875000
25318   -1834071.875000
25319   -1834072.000000
25320   -1834072.000000
25321   -1834072.250000
25322   -1834072.500000
25323   -1834072.250000
25324   -1834072.375000
25325   -1834072.500000
25326   -1834072.500000
25327   -1834072.625000
25328   -1834072.875000
25329   -1834072.750000
25330   -1834072.750000
25331   -1834073.000000
25332   -1834073.125000
25333   -1834073.000000
25334   -1834073.250000
25335   -1834073.250000
25336   -1834073.250000
25337   -1834073.500000
25338   -1834073.500000
25339   -1834073.500000
25340   -1834073.750000
25341   -1834073.625000
25342   -1834073.750000
25343   -1834073.875000
25344   -1834074.000000
25345   -1834074.000000
25346   -1834074.125000
25347   -1834074.250000
25348   -1834074.125000
25349   -1834074.250000
25350   -1834074.500000
25351   -1834074.500000
25352   -1834074.625000
25353   -1834074.625000
25354   -1834074.750000
25355   -1834074.750000
25356   -1834074.750000
25357   -1834075.000000
25358   -1834075.000000
25359   -1834075.000000
25360   -1834075.250000
25361   -1834075.250000
25362   -1834075.250000
25363   -1834075.500000
25364   -1834075.375000
25365   -1834075.500000
25366   -1834075.500000
25367   -1834075.750000
25368   -1834075.875000
25369   -1834075.750000
25370   -1834076.000000
25371   -1834076.000000
25372   -1834076.000000
25373   -1834076.250000
25374   -1834076.250000
25375   -1834076.375000
25376   -1834076.375000
25377   -1834076.500000
25378   -1834076.500000
25379   -1834076.625000
25380   -1834076.750000
25381   -1834076.875000
25382   -1834077.000000
25383   -1834076.875000
25384   -1834077.125000
25385   -1834077.125000
25386   -1834077.250000
25387   -1834077.250000
25388   -1834077.375000
25389   -1834077.375000
25390   -1834077.500000
25391   -1834077.500000
25392   -1834077.625000
25393   -1834077.750000
25394   -1834077.875000
25395   -1834077.875000
25396   -1834078.000000
25397   -1834078.125000
25398   -1834078.000000
25399   -1834078.125000
25400   -1834078.250000
25401   -1834078.250000
25402   -1834078.500000
25403   -1834078.500000
25404   -1834078.750000
25405   -1834078.750000
25406   -1834078.750000
25407   -1834078.875000
25408   -1834078.875000
25409   -1834079.000000
25410   -1834079.000000
25411   -1834079.125000
25412   -1834079.250000
25413   -1834079.125000
25414   -1834079.375000
25415   -1834079.500000
25416   -1834079.375000
25417   -1834079.625000
25418   -1834079.500000
25419   -1834079.625000
25420   -1834079.750000
25421   -1834079.750000
25422   -1834080.000000
25423   -1834079.875000
25424   -1834080.000000
25425   -1834080.000000
25426   -1834080.250000
25427   -1834080.375000
25428   -1834080.250000
25429   -1834080.500000
25430   -1834080.375000
25431   -1834080.500000
25432   -1834080.625000
25433   -1834080.750000
25434   -1834080.875000
25435   -1834080.875000
25436   -1834080.875000
25437   -1834081.000000
25438   -1834081.000000
25439   -1834081.125000
25440   -1834081.000000
25441   -1834081.250000
25442   -1834081.250000
25443   -1834081.500000
25444   -1834081.500000
25445   -1834081.500000
25446   -1834081.500000
25447   -1834081.750000
25448   -1834081.750000
25449   -1834082.000000
25450   -1834081.875000
25451   -1834082.000000
25452   -1834082.000000
25453   -1834082.250000
25454   -1834082.000000
25455   -1834082.000000
25456   -1834082.250000
25457   -1834082.250000
25458   -1834082.250000
25459   -1834082.500000
25460   -1834082.500000
25461   -1834082.500000
25462   -1834082.625000
25463   -1834082.625000
25464   -1834082.750000
25465   -1834082.875000
25466   -1834082.750000
25467   -1834083.000000
25468   -1834083.000000
25469   -1834083.000000
25470   -1834083.125000
25471   -1834083.375000
25472   -1834083.250000
25473   -1834083.250000
25474   -1834083.500000
25475   -1834083.500000
25476   -1834083.500000
25477   -1834083.375000
25478   -1834083.750000
25479   -1834083.625000
25480   -1834083.750000
25481   -1834083.875000
25482   -1834083.750000
25483   -1834084.000000
25484   -1834084.000000
25485   -1834084.125000
25486   -1834084.250000
25487   -1834084.250000
25488   -1834084.250000
25489   -1834084.375000
25490   -1834084.500000
25491   -1834084.375000
25492   -1834084.500000
25493   -1834084.500000
25494   -1834084.625000
25495   -1834084.750000
25496   -1834084.750000
25497   -1834084.750000
25498   -1834084.750000
25499   -1834084.875000
25500   -1834084.750000
25501   -1834085.000000
25502   -1834085.000000
25503   -1834085.250000
25504   -1834085.125000
25505   -1834085.250000
25506   -1834085.250000
25507   -1834085.375000
25508   -1834085.375000
25509   -1834085.375000
25510   -1834085.500000
25511   -1834085.625000
25512   -1834085.625000
25513   -1834085.750000
25514   -1834085.750000
25515   -1834085.750000
25516   -1834086.000000
25517   -1834085.875000
25518   -1834085.875000
25519   -1834086.000000
25520   -1834086.000000
25521   -1834086.125000
25522   -1834086.250000
25523   -1834086.250000
25524   -1834086.250000
25525   -1834086.250000
25526   -1834086.375000
25527   -1834086.500000
25528   -1834086.500000
25529   -1834086.375000
25530   -1834086.625000
25531   -1834086.750000
25532   -1834086.625000
25533   -1834086.625000
25534   -1834086.750000
25535   -1834086.750000
25536   -1834087.000000
25537   -1834087.000000
25538   -1834086.875000
25539   -1834087.125000
25540   -1834087.125000
25541   -1834087.125000
25542   -1834087.250000
25543   -1834087.250000
25544   -1834087.250000
25545   -1834087.500000
25546   -1834087.500000
25547   -1834087.375000
25548   -1834087.500000
25549   -1834087.500000
25550   -1834087.625000
25551   -1834087.625000
25552   -1834087.625000
25553   -1834087.750000
25554   -1834087.875000
25555   -1834088.000000
25556   -1834087.875000
25557   -1834088.000000
25558   -1834088.000000
25559   -1834088.250000
25560   -1834088.250000
25561   -1834088.250000
25562   -1834088.375000
25563   -1834088.375000
25564   -1834088.500000
25565   -1834088.500000
25566   -1834088.500000
25567   -1834088.500000
25568   -1834088.625000
25569   -1834088.750000
25570   -1834088.750000
25571   -1834088.875000
25572   -1834088.875000
25573   -1834088.750000
25574   -1834089.000000
25575   -1834089.000000
25576   -1834089.125000
25577   -1834089.125000
25578   -1834089.250000
25579   -1834089.250000
25580   -1834089.250000
25581   -1834089.375000
25582   -1834089.375000
25583   -1834089.500000
25584   -1834089.625000
25585   -1834089.750000
25586   -1834089.625000
25587   -1834089.750000
25588   -1834089.875000
25589   -1834089.875000
25590   -1834089.875000
25591   -1834089.875000
25592   -1834090.000000
25593   -1834090.000000
25594   -1834090.125000
25595   -1834090.250000
25596   -1834090.250000
25597   -1834090.375000
25598   -1834090.500000
25599   -1834090.500000
25600   -1834090.500000
25601   -1834090.625000
25602   -1834090.750000
25603   -1834090.750000
25604   -1834090.750000
25605   -1834091.000000
25606   -1834091.000000
25607   -1834091.000000
25608   -1834091.125000
25609   -1834091.250000
25610   -1834091.250000
25611   -1834091.250000
25612   -1834091.500000
25613   -1834091.500000
25614   -1834091.500000
25615   -1834091.500000
25616   -1834091.750000
25617   -1834091.750000
25618   -1834091.750000
25619   -1834092.000000
25620   -1834091.750000
25621   -1834092.000000
25622   -1834092.125000
25623   -1834092.250000
25624   -1834092.250000
25625   -1834092.375000
25626   -1834092.250000
25627   -1834092.500000
25628   -1834092.500000
25629   -1834092.625000
25630   -1834092.750000
25631   -1834092.875000
25632   -1834092.750000
25633   -1834093.125000
25634   -1834093.000000
25635   -1834093.250000
25636   -1834093.250000
25637   -1834093.250000
25638   -1834093.250000
25639   -1834093.375000
25640   -1834093.500000
25641   -1834093.500000
25642   -1834093.750000
25643   -1834093.750000
25644   -1834093.750000
25645   -1834094.000000
25646   -1834094.000000
25647   -1834094.125000
25648   -1834094.250000
25649   -1834094.250000
25650   -1834094.375000
25651   -1834094.500000
25652   -1834094.500000
25653   -1834094.625000
25654   -1834094.750000
25655   -1834094.750000
25656   -1834094.875000
25657   -1834095.000000
25658   -1834095.125000
25659   -1834095.125000
25660   -1834095.250000
25661   -1834095.500000
25662   -1834095.500000
25663   -1834095.500000
25664   -1834095.625000
25665   -1834095.625000
25666   -1834095.750000
25667   -1834095.875000
25668   -1834096.000000
25669   -1834096.000000
25670   -1834096.000000
25671   -1834096.250000
25672   -1834096.375000
25673   -1834096.500000
25674   -1834096.500000
25675   -1834096.500000
25676   -1834096.750000
25677   -1834096.750000
25678   -1834097.000000
25679   -1834097.125000
25680   -1834097.000000
25681   -1834097.125000
25682   -1834097.375000
25683   -1834097.375000
25684   -1834097.500000
25685   -1834097.500000
25686   -1834097.750000
25687   -1834097.750000
25688   -1834097.875000
25689   -1834098.000000
25690   -1834098.125000
25691   -1834098.125000
25692   -1834098.250000
25693   -1834098.500000
25694   -1834098.500000
25695   -1834098.625000
25696   -1834098.750000
25697   -1834098.750000
25698   -1834098.875000
25699   -1834099.000000
25700   -1834099.000000
25701   -1834099.250000
25702   -1834099.250000
25703   -1834099.250000
25704   -1834099.375000
25705   -1834099.500000
25706   -1834099.625000
25707   -1834099.750000
25708   -1834099.750000
25709   -1834099.875000
25710   -1834100.000000
25711   -1834100.125000
25712   -1834100.250000
25713   -1834100.250000
25714   -1834100.500000
25715   -1834100.500000
25716   -1834100.500000
25717   -1834100.750000
25718   -1834100.750000
25719   -1834101.000000
25720   -1834101.000000
25721   -1834101.125000
25722   -1834101.250000
25723   -1834101.250000
25724   -1834101.375000
25725   -1834101.500000
25726   -1834101.625000
25727   -1834101.750000
25728   -1834101.625000
25729   -1834101.875000
25730   -1834101.875000
25731   -1834102.125000
25732   -1834102.125000
25733   -1834102.250000
25734   -1834102.375000
25735   -1834102.375000
25736   -1834102.500000
25737   -1834102.625000
25738   -1834102.750000
25739   -1834102.750000
25740   -1834103.000000
25741   -1834103.000000
25742   -1834103.250000
25743   -1834103.375000
25744   -1834103.375000
25745   -1834103.375000
25746   -1834103.500000
25747   -1834103.500000
25748   -1834103.625000
25749   -1834103.750000
25750   -1834103.875000
25751   -1834104.000000
25752   -1834104.125000
25753   -1834104.250000
25754   -1834104.250000
25755   -1834104.250000
25756   -1834104.500000
25757   -1834104.500000
25758   -1834104.625000
25759   -1834104.750000
25760   -1834104.875000
25761   -1834105.000000
25762   -1834105.000000
25763   -1834105.000000
25764   -1834105.250000
25765   -1834105.250000
25766   -1834105.250000
25767   -1834105.500000
25768   -1834105.500000
25769   -1834105.625000
25770   -1834105.750000
25771   -1834105.875000
25772   -1834106.000000
25773   -1834106.000000
25774   -1834106.000000
25775   -1834106.000000
25776   -1834106.250000
25777   -1834106.375000
25778   -1834106.375000
25779   -1834106.500000
25780   -1834106.625000
25781   -1834106.625000
25782   -1834106.750000
25783   -1834106.875000
25784   -1834107.000000
25785   -1834107.125000
25786   -1834107.125000
25787   -1834107.250000
25788   -1834107.250000
25789   -1834107.500000
25790   -1834107.500000
25791   -1834107.750000
25792   -1834107.750000
25793   -1834107.750000
25794   -1834108.000000
25795   -1834108.000000
25796   -1834108.250000
25797   -1834108.250000
25798   -1834108.250000
25799   -1834108.250000
25800   -1834108.375000
25801   -1834108.500000
25802   -1834108.625000
25803   -1834108.750000
25804   -1834108.750000
25805   -1834109.000000
25806   -1834109.125000
25807   -1834109.250000
25808   -1834109.250000
25809   -1834109.250000
25810   -1834109.500000
25811   -1834109.500000
25812   -1834109.625000
25813   -1834109.750000
25814   -1834110.000000
25815   -1834110.000000
25816   -1834110.000000
25817   -1834110.250000
25818   -1834110.250000
25819   -1834110.250000
25820   -1834110.500000
25821   -1834110.500000
25822   -1834110.625000
25823   -1834110.625000
25824   -1834110.750000
25825   -1834111.000000
25826   -1834111.000000
25827   -1834111.250000
25828   -1834111.125000
25829   -1834111.250000
25830   -1834111.500000
25831   -1834111.500000
25832   -1834111.625000
25833   -1834111.750000
25834   -1834112.000000
25835   -1834112.000000
25836   -1834112.000000
25837   -1834112.125000
25838   -1834112.125000
25839   -1834112.250000
25840   -1834112.500000
25841   -1834112.500000
25842   -1834112.500000
25843   -1834112.750000
25844   -1834112.750000
25845   -1834112.875000
25846   -1834113.000000
25847   -1834113.000000
25848   -1834113.250000
25849   -1834113.250000
25850   -1834113.375000
25851   -1834113.375000
25852   -1834113.500000
25853   -1834113.625000
25854   -1834113.750000
25855   -1834113.750000
25856   -1834113.875000
25857   -1834113.875000
25858   -1834114.000000
25859   -1834114.000000
25860   -1834114.250000
25861   -1834114.250000
25862   -1834114.375000
25863   -1834114.500000
25864   -1834114.625000
25865   -1834114.750000
25866   -1834114.750000
25867   -1834114.875000
25868   -1834115.000000
25869   -1834115.000000
25870   -1834115.125000
25871   -1834115.250000
25872   -1834115.250000
25873   -1834115.375000
25874   -1834115.375000
25875   -1834115.500000
25876   -1834115.625000
25877   -1834115.750000
25878   -1834115.750000
25879   -1834115.875000
25880   -1834116.000000
25881   -1834116.000000
25882   -1834116.125000
25883   -1834116.250000
25884   -1834116.250000
25885   -1834116.375000
25886   -1834116.500000
25887   -1834116.500000
25888   -1834116.625000
25889   -1834116.750000
25890   -1834116.875000
25891   -1834116.875000
25892   -1834117.000000
25893   -1834117.000000
25894   -1834117.125000
25895   -1834117.250000
25896   -1834117.250000
25897   -1834117.250000
25898   -1834117.375000
25899   -1834117.625000
25900   -1834117.625000
25901   -1834117.750000
25902   -1834117.750000
25903   -1834117.875000
25904   -1834118.000000
25905   -1834118.000000
25906   -1834118.125000
25907   -1834118.250000
25908   -1834118.250000
25909   -1834118.250000
25910   -1834118.500000
25911   -1834118.500000
25912   -1834118.500000
25913   -1834118.625000
25914   -1834118.750000
25915   -1834118.750000
25916   -1834118.875000
25917   -1834119.000000
25918   -1834119.000000
25919   -1834119.125000
25920   -1834119.125000
25921   -1834119.250000
25922   -1834119.250000
25923   -1834119.250000
25924   -1834119.500000
25925   -1834119.500000
25926   -1834119.625000
25927   -1834119.625000
25928   -1834119.750000
25929   -1834119.750000
25930   -1834119.875000
25931   -1834120.000000
25932   -1834120.000000
25933   -1834120.000000
25934   -1834120.125000
25935   -1834120.250000
25936   -1834120.250000
25937   -1834120.250000
25938   -1834120.375000
25939   -1834120.500000
25940   -1834120.500000
25941   -1834120.625000
25942   -1834120.625000
25943   -1834120.750000
25944   -1834120.750000
25945   -1834120.875000
25946   -1834120.875000
25947   -1834121.000000
25948   -1834121.000000
25949   -1834121.125000
25950   -1834121.250000
25951   -1834121.250000
25952   -1834121.250000
25953   -1834121.250000
25954   -1834121.500000
25955   -1834121.500000
25956   -1834121.625000
25957   -1834121.500000
25958   -1834121.625000
25959   -1834121.750000
25960   -1834121.875000
25961   -1834121.875000
25962   -1834121.875000
25963   -1834122.000000
25964   -1834122.000000
25965   -1834122.000000
25966   -1834122.125000
25967   -1834122.250000
25968   -1834122.250000
25969   -1834122.250000
25970   -1834122.500000
25971   -1834122.625000
25972   -1834122.500000
25973   -1834122.625000
25974   -1834122.625000
25975   -1834122.750000
25976   -1834122.750000
25977   -1834122.750000
25978   -1834122.875000
25979   -1834123.125000
25980   -1834123.000000
25981   -1834123.000000
25982   -1834123.000000
25983   -1834123.125000
25984   -1834123.250000
25985   -1834123.375000
25986   -1834123.375000
25987   -1834123.500000
25988   -1834123.625000
25989   -1834123.625000
25990   -1834123.750000
25991   -1834123.750000
25992   -1834123.750000
25993   -1834123.750000
25994   -1834124.000000
25995   -1834124.000000
25996   -1834124.000000
25997   -1834124.000000
25998   -1834124.250000
25999   -1834124.250000
26000   -1834124.250000
26001   -1834124.375000
26002   -1834124.375000
26003   -1834124.500000
26004   -1834124.500000
26005   -1834124.500000
26006   -1834124.500000
26007   -1834124.500000
26008   -1834124.750000
26009   -1834124.750000
26010   -1834124.875000
26011   -1834124.875000
26012   -1834124.875000
26013   -1834125.000000
26014   -1834125.000000
26015   -1834125.000000
26016   -1834125.000000
26017   -1834125.250000
26018   -1834125.250000
26019   -1834125.250000
26020   -1834125.250000
26021   -1834125.500000
26022   -1834125.375000
26023   -1834125.500000
26024   -1834125.625000
26025   -1834125.750000
26026   -1834125.750000
26027   -1834125.875000
26028   -1834125.875000
26029   -1834125.875000
26030   -1834126.000000
26031   -1834126.000000
26032   -1834126.250000
26033   -1834126.125000
26034   -1834126.250000
26035   -1834126.250000
26036   -1834126.250000
26037   -1834126.375000
26038   -1834126.375000
26039   -1834126.625000
26040   -1834126.500000
26041   -1834126.625000
26042   -1834126.750000
26043   -1834126.750000
26044   -1834126.750000
26045   -1834127.000000
26046   -1834127.000000
26047   -1834127.125000
26048   -1834127.000000
26049   -1834127.000000
26050   -1834127.125000
26051   -1834127.250000
26052   -1834127.375000
26053   -1834127.500000
26054   -1834127.375000
26055   -1834127.375000
26056   -1834127.500000
26057   -1834127.750000
26058   -1834127.750000
26059   -1834127.750000
26060   -1834127.750000
26061   -1834127.750000
26062   -1834128.000000
26063   -1834128.000000
26064   -1834128.000000
26065   -1834128.000000
26066   -1834128.125000
26067   -1834128.125000
26068   -1834128.250000
26069   -1834128.375000
26070   -1834128.375000
26071   -1834128.500000
26072   -1834128.500000
26073   -1834128.625000
26074   -1834128.750000
26075   -1834128.750000
26076   -1834128.750000
26077   -1834128.750000
26078   -1834128.875000
26079   -1834129.000000
26080   -1834129.000000
26081   -1834129.000000
26082   -1834129.125000
26083   -1834129.375000
26084   -1834129.250000
26085   -1834129.500000
26086   -1834129.250000
26087   -1834129.500000
26088   -1834129.625000
26089   -1834129.625000
26090   -1834129.625000
26091   -1834129.750000
26092   -1834129.875000
26093   -1834130.000000
26094   -1834130.000000
26095   -1834130.000000
26096   -1834130.125000
26097   -1834130.250000
26098   -1834130.250000
26099   -1834130.375000
26100   -1834130.375000
26101   -1834130.500000
26102   -1834130.500000
26103   -1834130.625000
26104   -1834130.750000
26105   -1834130.750000
26106   -1834130.875000
26107   -1834130.875000
26108   -1834131.000000
26109   -1834131.125000
26110   -1834131.250000
26111   -1834131.250000
26112   -1834131.375000
26113   -1834131.500000
26114   -1834131.500000
26115   -1834131.500000
26116   -1834131.500000
26117   -1834131.750000
26118   -1834131.750000
26119   -1834131.750000
26120   -1834132.000000
26121   -1834132.000000
26122   -1834132.000000
26123   -1834132.250000
26124   -1834132.250000
26125   -1834132.250000
26126   -1834132.250000
26127   -1834132.500000
26128   -1834132.625000
26129   -1834132.750000
26130   -1834132.750000
26131   -1834132.875000
26132   -1834132.875000
26133   -1834132.875000
26134   -1834133.000000
26135   -1834133.250000
26136   -1834133.250000
26137   -1834133.375000
26138   -1834133.375000
26139   -1834133.500000
26140   -1834133.500000
26141   -1834133.750000
26142   -1834133.750000
26143   -1834133.750000
26144   -1834133.875000
26145   -1834134.000000
26146   -1834134.000000
26147   -1834134.250000
26148   -1834134.250000
26149   -1834134.375000
26150   -1834134.500000
26151   -1834134.500000
26152   -1834134.500000
26153   -1834134.500000
26154   -1834134.750000
26155   -1834134.875000
26156   -1834134.875000
26157   -1834135.000000
26158   -1834135.125000
26159   -1834135.250000
26160   -1834135.250000
26161   -1834135.500000
26162   -1834135.500000
26163   -1834135.500000
26164   -1834135.625000
26165   -1834135.625000
26166   -1834135.750000
26167   -1834135.875000
26168   -1834136.000000
26169   -1834136.000000
26170   -1834136.125000
26171   -1834136.250000
26172   -1834136.375000
26173   -1834136.375000
26174   -1834136.500000
26175   -1834136.625000
26176   -1834136.750000
26177   -1834137.000000
26178   -1834137.000000
26179   -1834137.000000
26180   -1834137.000000
26181   -1834137.125000
26182   -1834137.250000
26183   -1834137.250000
26184   -1834137.500000
26185   -1834137.500000
26186   -1834137.625000
26187   -1834137.500000
26188   -1834137.750000
26189   -1834137.750000
26190   -1834137.750000
26191   -1834138.000000
26192   -1834138.000000
26193   -1834138.250000
26194   -1834138.250000
26195   -1834138.250000
26196   -1834138.500000
26197   -1834138.375000
26198   -1834138.500000
26199   -1834138.625000
26200   -1834138.750000
26201   -1834138.750000
26202   -1834139.000000
26203   -1834138.875000
26204   -1834139.125000
26205   -1834139.250000
26206   -1834139.125000
26207   -1834139.250000
26208   -1834139.500000
26209   -1834139.500000
26210   -1834139.500000
26211   -1834139.625000
26212   -1834139.750000
26213   -1834140.000000
26214   -1834140.000000
26215   -1834140.000000
26216   -1834140.125000
26217   -1834140.125000
26218   -1834140.375000
26219   -1834140.250000
26220   -1834140.500000
26221   -1834140.500000
26222   -1834140.500000
26223   -1834140.750000
26224   -1834140.750000
26225   -1834140.875000
26226   -1834140.875000
26227   -1834141.125000
26228   -1834141.125000
26229   -1834141.125000
26230   -1834141.250000
26231   -1834141.375000
26232   -1834141.375000
26233   -1834141.750000
26234   -1834141.625000
26235   -1834141.625000
26236   -1834141.750000
26237   -1834141.875000
26238   -1834141.875000
26239   -1834141.875000
26240   -1834142.000000
26241   -1834142.250000
26242   -1834142.250000
26243   -1834142.250000
26244   -1834142.500000
26245   -1834142.500000
26246   -1834142.500000
26247   -1834142.500000
26248   -1834142.625000
26249   -1834142.625000
26250   -1834142.875000
26251   -1834143.000000
26252   -1834143.125000
26253   -1834143.125000
26254   -1834143.125000
26255   -1834143.125000
26256   -1834143.250000
26257   -1834143.375000
26258   -1834143.500000
26259   -1834143.625000
26260   -1834143.750000
26261   -1834143.875000
26262   -1834143.875000
26263   -1834144.000000
26264   -1834144.000000
26265   -1834144.125000
26266   -1834144.250000
26267   -1834144.000000
26268   -1834144.250000
26269   -1834144.375000
26270   -1834144.500000
26271   -1834144.500000
26272   -1834144.500000
26273   -1834144.625000
26274   -1834144.750000
26275   -1834144.875000
26276   -1834145.000000
26277   -1834145.000000
26278   -1834145.000000
26279   -1834145.250000
26280   -1834145.250000
26281   -1834145.250000
26282   -1834145.500000
26283   -1834145.500000
26284   -1834145.500000
26285   -1834145.500000
26286   -1834145.625000
26287   -1834145.750000
26288   -1834145.750000
26289   -1834145.750000
26290   -1834146.000000
26291   -1834146.125000
26292   -1834146.000000
26293   -1834146.125000
26294   -1834146.375000
26295   -1834146.250000
26296   -1834146.500000
26297   -1834146.500000
26298   -1834146.625000
26299   -1834146.625000
26300   -1834146.750000
26301   -1834146.750000
26302   -1834146.875000
26303   -1834147.000000
26304   -1834147.000000
26305   -1834147.125000
26306   -1834147.250000
26307   -1834147.250000
26308   -1834147.125000
26309   -1834147.375000
26310   -1834147.375000
26311   -1834147.500000
26312   -1834147.500000
26313   -1834147.625000
26314   -1834147.750000
26315   -1834147.750000
26316   -1834147.750000
26317   -1834148.000000
26318   -1834148.000000
26319   -1834147.875000
26320   -1834148.250000
26321   -1834148.000000
26322   -1834148.125000
26323   -1834148.375000
26324   -1834148.500000
26325   -1834148.375000
26326   -1834148.500000
26327   -1834148.500000
26328   -1834148.625000
26329   -1834148.750000
26330   -1834149.000000
26331   -1834149.000000
26332   -1834149.125000
26333   -1834149.000000
26334   -1834149.125000
26335   -1834149.250000
26336   -1834149.250000
26337   -1834149.250000
26338   -1834149.375000
26339   -1834149.375000
26340   -1834149.500000
26341   -1834149.500000
26342   -1834149.500000
26343   -1834149.750000
26344   -1834149.750000
26345   -1834149.750000
26346   -1834150.000000
26347   -1834150.000000
26348   -1834150.000000
26349   -1834150.000000
26350   -1834150.250000
26351   -1834150.250000
26352   -1834150.375000
26353   -1834150.500000
26354   -1834150.500000
26355   -1834150.500000
26356   -1834150.625000
26357   -1834150.750000
26358   -1834150.625000
26359   -1834150.750000
26360   -1834151.000000
26361   -1834151.000000
26362   -1834151.125000
26363   -1834151.125000
26364   -1834151.125000
26365   -1834151.125000
26366   -1834151.250000
26367   -1834151.375000
26368   -1834151.500000
26369   -1834151.750000
26370   -1834151.625000
26371   -1834151.750000
26372   -1834151.750000
26373   -1834152.000000
26374   -1834151.875000
26375   -1834152.000000
26376   -1834152.000000
26377   -1834152.000000
26378   -1834152.125000
26379   -1834152.250000
26380   -1834152.250000
26381   -1834152.250000
26382   -1834152.500000
26383   -1834152.500000
26384   -1834152.625000
26385   -1834152.750000
26386   -1834152.625000
26387   -1834152.750000
26388   -1834152.750000
26389   -1834152.750000
26390   -1834152.875000
26391   -1834153.125000
26392   -1834153.125000
26393   -1834153.125000
26394   -1834153.250000
26395   -1834153.375000
26396   -1834153.250000
26397   -1834153.375000
26398   -1834153.500000
26399   -1834153.500000
26400   -1834153.500000
26401   -1834153.500000
26402   -1834153.875000
26403   -1834153.875000
26404   -1834153.875000
26405   -1834154.000000
26406   -1834154.125000
26407   -1834154.000000
26408   -1834154.125000
26409   -1834154.125000
26410   -1834154.250000
26411   -1834154.375000
26412   -1834154.250000
26413   -1834154.625000
26414   -1834154.625000
26415   -1834154.625000
26416   -1834154.625000
26417   -1834154.625000
26418   -1834154.625000
26419   -1834154.750000
26420   -1834154.750000
26421   -1834155.000000
26422   -1834155.000000
26423   -1834155.250000
26424   -1834155.000000
26425   -1834155.250000
26426   -1834155.250000
26427   -1834155.250000
26428   -1834155.250000
26429   -1834155.500000
26430   -1834155.625000
26431   -1834155.625000
26432   -1834155.750000
26433   -1834155.750000
26434   -1834155.625000
26435   -1834155.750000
26436   -1834155.875000
26437   -1834156.000000
26438   -1834156.000000
26439   -1834156.250000
26440   -1834156.125000
26441   -1834156.250000
26442   -1834156.250000
26443   -1834156.375000
26444   -1834156.375000
26445   -1834156.500000
26446   -1834156.750000
26447   -1834156.625000
26448   -1834156.750000
26449   -1834156.750000
26450   -1834156.750000
26451   -1834156.750000
26452   -1834157.000000
26453   -1834157.000000
26454   -1834157.000000
26455   -1834157.125000
26456   -1834157.250000
26457   -1834157.250000
26458   -1834157.250000
26459   -1834157.500000
26460   -1834157.375000
26461   -1834157.500000
26462   -1834157.500000
26463   -1834157.500000
26464   -1834157.750000
26465   -1834157.625000
26466   -1834157.750000
26467   -1834158.000000
26468   -1834158.000000
26469   -1834158.000000
26470   -1834158.000000
26471   -1834158.000000
26472   -1834158.125000
26473   -1834158.250000
26474   -1834158.250000
26475   -1834158.375000
26476   -1834158.500000
26477   -1834158.500000
26478   -1834158.500000
26479   -1834158.625000
26480   -1834158.750000
26481   -1834158.750000
26482   -1834158.750000
26483   -1834158.875000
26484   -1834159.000000
26485   -1834159.000000
26486   -1834159.250000
26487   -1834159.000000
26488   -1834159.250000
26489   -1834159.250000
26490   -1834159.250000
26491   -1834159.375000
26492   -1834159.500000
26493   -1834159.625000
26494   -1834159.625000
26495   -1834159.750000
26496   -1834159.750000
26497   -1834159.875000
26498   -1834160.000000
26499   -1834160.000000
26500   -1834160.250000
26501   -1834160.250000
26502   -1834160.125000
26503   -1834160.375000
26504   -1834160.250000
26505   -1834160.500000
26506   -1834160.500000
26507   -1834160.625000
26508   -1834160.750000
26509   -1834160.750000
26510   -1834160.875000
26511   -1834161.000000
26512   -1834161.000000
26513   -1834161.000000
26514   -1834161.250000
26515   -1834161.250000
26516   -1834161.250000
26517   -1834161.250000
26518   -1834161.500000
26519   -1834161.625000
26520   -1834161.625000
26521   -1834161.625000
26522   -1834161.875000
26523   -1834161.875000
26524   -1834162.125000
26525   -1834162.000000
26526   -1834162.250000
26527   -1834162.250000
26528   -1834162.375000
26529   -1834162.375000
26530   -1834162.625000
26531   -1834162.500000
26532   -1834162.750000
26533   -1834162.750000
26534   -1834163.000000
26535   -1834163.000000
26536   -1834163.000000
26537   -1834163.000000
26538   -1834163.250000
26539   -1834163.500000
26540   -1834163.500000
26541   -1834163.500000
26542   -1834163.625000
26543   -1834163.750000
26544   -1834163.750000
26545   -1834163.875000
26546   -1834164.000000
26547   -1834164.125000
26548   -1834164.250000
26549   -1834164.375000
26550   -1834164.500000
26551   -1834164.500000
26552   -1834164.625000
26553   -1834164.750000
26554   -1834164.875000
26555   -1834165.000000
26556   -1834165.000000
26557   -1834165.125000
26558   -1834165.250000
26559   -1834165.375000
26560   -1834165.500000
26561   -1834165.750000
26562   -1834165.750000
26563   -1834165.750000
26564   -1834166.000000
26565   -1834166.250000
26566   -1834166.250000
26567   -1834166.375000
26568   -1834166.500000
26569   -1834166.500000
26570   -1834166.750000
26571   -1834166.750000
26572   -1834166.750000
26573   -1834167.000000
26574   -1834167.375000
26575   -1834167.375000
26576   -1834167.500000
26577   -1834167.500000
26578   -1834167.750000
26579   -1834167.875000
26580   -1834167.875000
26581   -1834168.000000
26582   -1834168.500000
26583   -1834168.500000
26584   -1834168.500000
26585   -1834168.625000
26586   -1834169.000000
26587   -1834169.000000
26588   -1834169.000000
26589   -1834169.125000
26590   -1834169.500000
26591   -1834169.500000
26592   -1834169.750000
26593   -1834169.750000
26594   -1834170.125000
26595   -1834170.250000
26596   -1834170.250000
26597   -1834170.375000
26598   -1834170.625000
26599   -1834170.750000
26600   -1834170.875000
26601   -1834171.000000
26602   -1834171.250000
26603   -1834171.250000
26604   -1834171.500000
26605   -1834171.500000
26606   -1834171.875000
26607   -1834172.000000
26608   -1834172.000000
26609   -1834172.250000
26610   -1834172.500000
26611   -1834172.625000
26612   -1834172.750000
26613   -1834173.000000
26614   -1834173.000000
26615   -1834173.250000
26616   -1834173.500000
26617   -1834173.625000
26618   -1834173.750000
26619   -1834174.000000
26620   -1834174.125000
26621   -1834174.250000
26622   -1834174.500000
26623   -1834174.500000
26624   -1834174.875000
26625   -1834175.000000
26626   -1834175.250000
26627   -1834175.250000
26628   -1834175.500000
26629   -1834175.625000
26630   -1834175.875000
26631   -1834176.125000
26632   -1834176.250000
26633   -1834176.375000
26634   -1834176.750000
26635   -1834176.750000
26636   -1834177.000000
26637   -1834177.250000
26638   -1834177.375000
26639   -1834177.500000
26640   -1834177.750000
26641   -1834177.875000
26642   -1834178.000000
26643   -1834178.250000
26644   -1834178.250000
26645   -1834178.500000
26646   -1834178.750000
26647   -1834179.000000
26648   -1834179.250000
26649   -1834179.375000
26650   -1834179.750000
26651   -1834179.750000
26652   -1834179.875000
26653   -1834180.000000
26654   -1834180.375000
26655   -1834180.500000
26656   -1834180.625000
26657   -1834180.875000
26658   -1834181.125000
26659   -1834181.250000
26660   -1834181.500000
26661   -1834181.500000
26662   -1834182.000000
26663   -1834182.000000
26664   -1834182.250000
26665   -1834182.250000
26666   -1834182.500000
26667   -1834182.750000
26668   -1834183.000000
26669   -1834183.125000
26670   -1834183.250000
26671   -1834183.625000
26672   -1834183.750000
26673   -1834183.875000
26674   -1834184.000000
26675   -1834184.250000
26676   -1834184.625000
26677   -1834184.750000
26678   -1834184.750000
26679   -1834185.000000
26680   -1834185.375000
26681   -1834185.625000
26682   -1834185.750000
26683   -1834186.000000
26684   -1834186.000000
26685   -1834186.375000
26686   -1834186.500000
26687   -1834186.750000
26688   -1834186.750000
26689   -1834187.000000
26690   -1834187.375000
26691   -1834187.500000
26692   -1834187.625000
26693   -1834187.750000
26694   -1834188.000000
26695   -1834188.375000
26696   -1834188.500000
26697   -1834188.500000
26698   -1834188.875000
26699   -1834189.000000
26700   -1834189.375000
26701   -1834189.500000
26702   -1834189.625000
26703   -1834189.875000
26704   -1834190.000000
26705   -1834190.250000
26706   -1834190.500000
26707   -1834190.750000
26708   -1834190.875000
26709   -1834191.000000
26710   -1834191.125000
26711   -1834191.500000
26712   -1834191.750000
26713   -1834191.875000
26714   -1834192.000000
26715   -1834192.250000
26716   -1834192.375000
26717   -1834192.625000
26718   -1834193.000000
26719   -1834193.000000
26720   -1834193.250000
26721   -1834193.500000
26722   -1834193.625000
26723   -1834193.750000
26724   -1834194.250000
26725   -1834194.250000
26726   -1834194.500000
26727   -1834194.625000
26728   -1834194.875000
26729   -1834195.000000
26730   -1834195.125000
26731   -1834195.625000
26732   -1834195.750000
26733   -1834196.000000
26734   -1834196.125000
26735   -1834196.250000
26736   -1834196.500000
26737   -1834196.750000
26738   -1834197.000000
26739   -1834197.000000
26740   -1834197.375000
26741   -1834197.500000
26742   -1834197.750000
26743   -1834198.000000
26744   -1834198.125000
26745   -1834198.375000
26746   -1834198.500000
26747   -1834198.750000
26748   -1834199.000000
26749   -1834199.000000
26750   -1834199.500000
26751   -1834199.625000
26752   -1834199.750000
26753   -1834200.000000
26754   -1834200.250000
26755   -1834200.500000
26756   -1834200.750000
26757   -1834200.875000
26758   -1834201.000000
26759   -1834201.000000
26760   -1834201.500000
26761   -1834201.750000
26762   -1834202.000000
26763   -1834202.125000
26764   -1834202.125000
26765   -1834202.625000
26766   -1834202.750000
26767   -1834202.750000
26768   -1834203.250000
26769   -1834203.250000
26770   -1834203.500000
26771   -1834203.875000
26772   -1834204.000000
26773   -1834204.250000
26774   -1834204.625000
26775   -1834204.750000
26776   -1834204.750000
26777   -1834205.000000
26778   -1834205.250000
26779   -1834205.500000
26780   -1834205.750000
26781   -1834206.000000
26782   -1834206.250000
26783   -1834206.500000
26784   -1834206.500000
26785   -1834206.875000
26786   -1834207.000000
26787   -1834207.250000
26788   -1834207.500000
26789   -1834207.750000
26790   -1834208.000000
26791   -1834208.125000
26792   -1834208.500000
26793   -1834208.750000
26794   -1834209.000000
26795   -1834209.125000
26796   -1834209.375000
26797   -1834209.500000
26798   -1834209.750000
26799   -1834210.000000
26800   -1834210.000000
26801   -1834210.375000
26802   -1834210.625000
26803   -1834210.875000
26804   -1834211.250000
26805   -1834211.250000
26806   -1834211.750000
26807   -1834211.875000
26808   -1834212.000000
26809   -1834212.250000
26810   -1834212.250000
26811   -1834212.500000
26812   -1834212.750000
26813   -1834213.000000
26814   -1834213.375000
26815   -1834213.500000
26816   -1834213.625000
26817   -1834214.000000
26818   -1834214.000000
26819   -1834214.375000
26820   -1834214.625000
26821   -1834214.875000
26822   -1834214.875000
26823   -1834215.125000
26824   -1834215.375000
26825   -1834215.625000
26826   -1834215.875000
26827   -1834216.000000
26828   -1834216.250000
26829   -1834216.500000
26830   -1834216.500000
26831   -1834216.750000
26832   -1834217.125000
26833   -1834217.250000
26834   -1834217.250000
26835   -1834217.500000
26836   -1834217.875000
26837   -1834218.000000
26838   -1834218.250000
26839   -1834218.500000
26840   -1834218.500000
26841   -1834218.625000
26842   -1834218.750000
26843   -1834219.000000
26844   -1834219.250000
26845   -1834219.500000
26846   -1834219.750000
26847   -1834220.000000
26848   -1834220.125000
26849   -1834220.250000
26850   -1834220.375000
26851   -1834220.500000
26852   -1834220.750000
26853   -1834220.875000
26854   -1834221.000000
26855   -1834221.250000
26856   -1834221.500000
26857   -1834221.750000
26858   -1834221.875000
26859   -1834222.000000
26860   -1834222.250000
26861   -1834222.375000
26862   -1834222.500000
26863   -1834222.750000
26864   -1834222.750000
26865   -1834223.125000
26866   -1834223.250000
26867   -1834223.500000
26868   -1834223.625000
26869   -1834223.750000
26870   -1834223.875000
26871   -1834224.250000
26872   -1834224.250000
26873   -1834224.500000
26874   -1834224.625000
26875   -1834224.875000
26876   -1834225.000000
26877   -1834225.000000
26878   -1834225.250000
26879   -1834225.500000
26880   -1834225.750000
26881   -1834225.750000
26882   -1834226.000000
26883   -1834226.250000
26884   -1834226.250000
26885   -1834226.250000
26886   -1834226.500000
26887   -1834226.750000
26888   -1834227.000000
26889   -1834227.000000
26890   -1834227.125000
26891   -1834227.250000
26892   -1834227.250000
26893   -1834227.750000
26894   -1834227.750000
26895   -1834227.875000
26896   -1834228.000000
26897   -1834228.125000
26898   -1834228.250000
26899   -1834228.500000
26900   -1834228.750000
26901   -1834228.750000
26902   -1834228.750000
26903   -1834229.000000
26904   -1834229.125000
26905   -1834229.250000
26906   -1834229.500000
26907   -1834229.500000
26908   -1834229.750000
26909   -1834229.750000
26910   -1834230.125000
26911   -1834230.125000
26912   -1834230.250000
26913   -1834230.500000
26914   -1834230.750000
26915   -1834230.750000
26916   -1834231.000000
26917   -1834231.125000
26918   -1834231.250000
26919   -1834231.250000
26920   -1834231.375000
26921   -1834231.500000
26922   -1834231.750000
26923   -1834231.875000
26924   -1834232.125000
26925   -1834232.125000
26926   -1834232.250000
26927   -1834232.375000
26928   -1834232.625000
26929   -1834232.875000
26930   -1834233.000000
26931   -1834233.125000
26932   -1834233.125000
26933   -1834233.250000
26934   -1834233.500000
26935   -1834233.500000
26936   -1834233.750000
26937   -1834234.000000
26938   -1834234.000000
26939   -1834234.250000
26940   -1834234.375000
26941   -1834234.625000
26942   -1834234.750000
26943   -1834234.875000
26944   -1834235.000000
26945   -1834235.250000
26946   -1834235.250000
26947   -1834235.500000
26948   -1834235.500000
26949   -1834235.500000
26950   -1834236.000000
26951   -1834236.000000
26952   -1834236.125000
26953   -1834236.500000
26954   -1834236.500000
26955   -1834236.625000
26956   -1834236.750000
26957   -1834237.000000
26958   -1834237.000000
26959   -1834237.250000
26960   -1834237.375000
26961   -1834237.500000
26962   -1834237.625000
26963   -1834237.750000
26964   -1834238.000000
26965   -1834238.125000
26966   -1834238.250000
26967   -1834238.500000
26968   -1834238.500000
26969   -1834238.875000
26970   -1834238.750000
26971   -1834239.000000
26972   -1834239.000000
26973   -1834239.250000
26974   -1834239.500000
26975   -1834239.500000
26976   -1834239.750000
26977   -1834239.750000
26978   -1834240.000000
26979   -1834240.125000
26980   -1834240.375000
26981   -1834240.500000
26982   -1834240.500000
26983   -1834240.750000
26984   -1834241.000000
26985   -1834241.000000
26986   -1834241.125000
26987   -1834241.250000
26988   -1834241.375000
26989   -1834241.500000
26990   -1834241.750000
26991   -1834241.750000
26992   -1834241.875000
26993   -1834242.000000
26994   -1834242.125000
26995   -1834242.250000
26996   -1834242.375000
26997   -1834242.625000
26998   -1834242.500000
26999   -1834242.750000
27000   -1834243.000000
27001   -1834243.250000
27002   -1834243.250000
27003   -1834243.250000
27004   -1834243.500000
27005   -1834243.750000
27006   -1834243.875000
27007   -1834243.750000
27008   -1834244.000000
27009   -1834244.250000
27010   -1834244.250000
27011   -1834244.500000
27012   -1834244.750000
27013   -1834244.625000
27014   -1834244.750000
27015   -1834245.000000
27016   -1834245.000000
27017   -1834245.000000
27018   -1834245.250000
27019   -1834245.375000
27020   -1834245.750000
27021   -1834245.750000
27022   -1834246.000000
27023   -1834246.000000
27024   -1834246.125000
27025   -1834246.000000
27026   -1834246.250000
27027   -1834246.250000
27028   -1834246.250000
27029   -1834246.500000
27030   -1834246.625000
27031   -1834246.750000
27032   -1834247.000000
27033   -1834247.000000
27034   -1834247.125000
27035   -1834247.250000
27036   -1834247.500000
27037   -1834247.500000
27038   -1834247.750000
27039   -1834247.750000
27040   -1834247.750000
27041   -1834248.000000
27042   -1834248.000000
27043   -1834248.125000
27044   -1834248.250000
27045   -1834248.375000
27046   -1834248.500000
27047   -1834248.500000
27048   -1834248.625000
27049   -1834248.750000
27050   -1834248.750000
27051   -1834249.000000
27052   -1834249.000000
27053   -1834249.250000
27054   -1834249.250000
27055   -1834249.250000
27056   -1834249.500000
27057   -1834249.500000
27058   -1834249.500000
27059   -1834249.625000
27060   -1834249.875000
27061   -1834249.750000
27062   -1834249.750000
27063   -1834250.000000
27064   -1834250.125000
27065   -1834250.000000
27066   -1834250.500000
27067   -1834250.375000
27068   -1834250.500000
27069   -1834250.625000
27070   -1834250.500000
27071   -1834250.625000
27072   -1834250.875000
27073   -1834250.875000
27074   -1834251.000000
27075   -1834251.000000
27076   -1834251.250000
27077   -1834251.125000
27078   -1834251.375000
27079   -1834251.250000
27080   -1834251.375000
27081   -1834251.500000
27082   -1834251.500000
27083   -1834251.750000
27084   -1834251.875000
27085   -1834251.875000
27086   -1834252.000000
27087   -1834251.875000
27088   -1834252.000000
27089   -1834252.000000
27090   -1834252.375000
27091   -1834252.250000
27092   -1834252.250000
27093   -1834252.500000
27094   -1834252.500000
27095   -1834252.500000
27096   -1834252.625000
27097   -1834252.750000
27098   -1834252.750000
27099   -1834252.875000
27100   -1834253.000000
27101   -1834253.125000
27102   -1834253.000000
27103   -1834253.125000
27104   -1834253.250000
27105   -1834253.375000
27106   -1834253.500000
27107   -1834253.500000
27108   -1834253.375000
27109   -1834253.500000
27110   -1834253.625000
27111   -1834253.750000
27112   -1834253.750000
27113   -1834254.000000
27114   -1834254.000000
27115   -1834254.000000
27116   -1834254.250000
27117   -1834254.250000
27118   -1834254.250000
27119   -1834254.375000
27120   -1834254.500000
27121   -1834254.500000
27122   -1834254.500000
27123   -1834254.500000
27124   -1834254.625000
27125   -1834254.750000
27126   -1834254.750000
27127   -1834254.875000
27128   -1834255.000000
27129   -1834255.000000
27130   -1834255.000000
27131   -1834255.000000
27132   -1834255.000000
27133   -1834255.250000
27134   -1834255.250000
27135   -1834255.375000
27136   -1834255.250000
27137   -1834255.500000
27138   -1834255.625000
27139   -1834255.625000
27140   -1834255.750000
27141   -1834255.750000
27142   -1834255.750000
27143   -1834256.000000
27144   -1834255.875000
27145   -1834256.000000
27146   -1834256.000000
27147   -1834256.125000
27148   -1834256.125000
27149   -1834256.250000
27150   -1834256.250000
27151   -1834256.250000
27152   -1834256.500000
27153   -1834256.375000
27154   -1834256.500000
27155   -1834256.500000
27156   -1834256.500000
27157   -1834256.750000
27158   -1834256.750000
27159   -1834256.750000
27160   -1834256.750000
27161   -1834257.000000
27162   -1834256.750000
27163   -1834257.000000
27164   -1834257.000000
27165   -1834257.250000
27166   -1834257.250000
27167   -1834257.250000
27168   -1834257.375000
27169   -1834257.500000
27170   -1834257.500000
27171   -1834257.500000
27172   -1834257.500000
27173   -1834257.500000
27174   -1834257.625000
27175   -1834257.750000
27176   -1834257.875000
27177   -1834257.750000
27178   -1834258.000000
27179   -1834258.000000
27180   -1834258.000000
27181   -1834258.000000
27182   -1834258.000000
27183   -1834258.125000
27184   -1834258.250000
27185   -1834258.125000
27186   -1834258.500000
27187   -1834258.500000
27188   -1834258.500000
27189   -1834258.625000
27190   -1834258.500000
27191   -1834258.750000
27192   -1834258.750000
27193   -1834258.750000
27194   -1834258.750000
27195   -1834258.750000
27196   -1834259.000000
27197   -1834259.000000
27198   -1834259.250000
27199   -1834259.250000
27200   -1834259.250000
27201   -1834259.250000
27202   -1834259.250000
27203   -1834259.250000
27204   -1834259.500000
27205   -1834259.750000
27206   -1834259.625000
27207   -1834259.625000
27208   -1834259.875000
27209   -1834260.000000
27210   -1834259.875000
27211   -1834259.750000
27212   -1834260.000000
27213   -1834260.125000
27214   -1834260.125000
27215   -1834260.250000
27216   -1834260.250000
27217   -1834260.375000
27218   -1834260.375000
27219   -1834260.500000
27220   -1834260.625000
27221   -1834260.625000
27222   -1834260.625000
27223   -1834260.625000
27224   -1834260.750000
27225   -1834261.000000
27226   -1834261.000000
27227   -1834261.250000
27228   -1834261.000000
27229   -1834261.375000
27230   -1834261.250000
27231   -1834261.250000
27232   -1834261.375000
27233   -1834261.500000
27234   -1834261.500000
27235   -1834261.625000
27236   -1834261.750000
27237   -1834261.750000
27238   -1834261.875000
27239   -1834262.000000
27240   -1834262.125000
27241   -1834262.000000
27242   -1834262.250000
27243   -1834262.125000
27244   -1834262.250000
27245   -1834262.500000
27246   -1834262.500000
27247   -1834262.500000
27248   -1834262.625000
27249   -1834262.750000
27250   -1834262.750000
27251   -1834262.875000
27252   -1834263.000000
27253   -1834263.000000
27254   -1834263.250000
27255   -1834263.250000
27256   -1834263.375000
27257   -1834263.250000
27258   -1834263.500000
27259   -1834263.500000
27260   -1834263.750000
27261   -1834263.625000
27262   -1834263.750000
27263   -1834263.875000
27264   -1834263.875000
27265   -1834264.000000
27266   -1834264.000000
27267   -1834264.250000
27268   -1834264.250000
27269   -1834264.250000
27270   -1834264.500000
27271   -1834264.625000
27272   -1834264.625000
27273   -1834264.750000
27274   -1834264.750000
27275   -1834264.750000
27276   -1834264.875000
27277   -1834265.000000
27278   -1834265.250000
27279   -1834265.250000
27280   -1834265.500000
27281   -1834265.250000
27282   -1834265.500000
27283   -1834265.625000
27284   -1834265.625000
27285   -1834265.750000
27286   -1834265.875000
27287   -1834265.875000
27288   -1834266.000000
27289   -1834266.000000
27290   -1834266.125000
27291   -1834266.250000
27292   -1834266.250000
27293   -1834266.375000
27294   -1834266.500000
27295   -1834266.625000
27296   -1834266.750000
27297   -1834266.750000
27298   -1834267.000000
27299   -1834267.000000
27300   -1834267.125000
27301   -1834267.250000
27302   -1834267.375000
27303   -1834267.375000
27304   -1834267.500000
27305   -1834267.500000
27306   -1834267.625000
27307   -1834267.750000
27308   -1834267.875000
27309   -1834268.000000
27310   -1834268.000000
27311   -1834268.000000
27312   -1834268.250000
27313   -1834268.250000
27314   -1834268.500000
27315   -1834268.500000
27316   -1834268.750000
27317   -1834268.625000
27318   -1834269.000000
27319   -1834268.875000
27320   -1834269.000000
27321   -1834269.125000
27322   -1834269.250000
27323   -1834269.250000
27324   -1834269.500000
27325   -1834269.500000
27326   -1834269.500000
27327   -1834269.750000
27328   -1834269.750000
27329   -1834269.875000
27330   -1834269.875000
27331   -1834270.000000
27332   -1834270.000000
27333   -1834270.250000
27334   -1834270.250000
27335   -1834270.500000
27336   -1834270.500000
27337   -1834270.500000
27338   -1834270.750000
27339   -1834270.875000
27340   -1834271.000000
27341   -1834271.000000
27342   -1834271.125000
27343   -1834271.125000
27344   -1834271.250000
27345   -1834271.375000
27346   -1834271.500000
27347   -1834271.625000
27348   -1834271.625000
27349   -1834271.750000
27350   -1834272.000000
27351   -1834272.000000
27352   -1834272.000000
27353   -1834272.250000
27354   -1834272.375000
27355   -1834272.375000
27356   -1834272.500000
27357   -1834272.625000
27358   -1834272.625000
27359   -1834272.875000
27360   -1834272.875000
27361   -1834272.875000
27362   -1834273.000000
27363   -1834273.125000
27364   -1834273.250000
27365   -1834273.250000
27366   -1834273.500000
27367   -1834273.500000
27368   -1834273.625000
27369   -1834273.625000
27370   -1834273.875000
27371   -1834274.000000
27372   -1834273.875000
27373   -1834274.000000
27374   -1834274.125000
27375   -1834274.250000
27376   -1834274.375000
27377   -1834274.500000
27378   -1834274.375000
27379   -1834274.500000
27380   -1834274.750000
27381   -1834274.875000
27382   -1834274.750000
27383   -1834275.000000
27384   -1834275.125000
27385   -1834275.000000
27386   -1834275.250000
27387   -1834275.250000
27388   -1834275.500000
27389   -1834275.375000
27390   -1834275.625000
27391   -1834275.750000
27392   -1834275.750000
27393   -1834275.750000
27394   -1834276.000000
27395   -1834276.000000
27396   -1834276.000000
27397   -1834276.125000
27398   -1834276.250000
27399   -1834276.375000
27400   -1834276.500000
27401   -1834276.500000
27402   -1834276.750000
27403   -1834276.750000
27404   -1834276.750000
27405   -1834276.750000
27406   -1834277.000000
27407   -1834277.000000
27408   -1834277.125000
27409   -1834277.250000
27410   -1834277.250000
27411   -1834277.375000
27412   -1834277.500000
27413   -1834277.500000
27414   -1834277.625000
27415   -1834277.750000
27416   -1834277.750000
27417   -1834277.750000
27418   -1834278.000000
27419   -1834278.000000
27420   -1834278.125000
27421   -1834278.250000
27422   -1834278.250000
27423   -1834278.375000
27424   -1834278.500000
27425   -1834278.500000
27426   -1834278.750000
27427   -1834278.750000
27428   -1834278.750000
27429   -1834279.000000
27430   -1834279.000000
27431   -1834279.000000
27432   -1834279.125000
27433   -1834279.250000
27434   -1834279.375000
27435   -1834279.375000
27436   -1834279.375000
27437   -1834279.625000
27438   -1834279.500000
27439   -1834279.750000
27440   -1834279.750000
27441   -1834279.875000
27442   -1834280.000000
27443   -1834280.000000
27444   -1834280.125000
27445   -1834280.250000
27446   -1834280.250000
27447   -1834280.250000
27448   -1834280.375000
27449   -1834280.500000
27450   -1834280.500000
27451   -1834280.625000
27452   -1834280.750000
27453   -1834280.750000
27454   -1834281.000000
27455   -1834281.000000
27456   -1834281.000000
27457   -1834281.250000
27458   -1834281.125000
27459   -1834281.250000
27460   -1834281.500000
27461   -1834281.375000
27462   -1834281.500000
27463   -1834281.500000
27464   -1834281.750000
27465   -1834281.750000
27466   -1834281.750000
27467   -1834281.875000
27468   -1834282.000000
27469   -1834282.000000
27470   -1834282.125000
27471   -1834282.125000
27472   -1834282.250000
27473   -1834282.500000
27474   -1834282.500000
27475   -1834282.500000
27476   -1834282.500000
27477   -1834282.750000
27478   -1834282.750000
27479   -1834282.750000
27480   -1834283.000000
27481   -1834283.000000
27482   -1834283.000000
27483   -1834283.250000
27484   -1834283.250000
27485   -1834283.250000
27486   -1834283.250000
27487   -1834283.500000
27488   -1834283.500000
27489   -1834283.625000
27490   -1834283.625000
27491   -1834283.750000
27492   -1834283.875000
27493   -1834283.875000
27494   -1834284.000000
27495   -1834284.125000
27496   -1834284.000000
27497   -1834284.250000
27498   -1834284.125000
27499   -1834284.250000
27500   -1834284.375000
27501   -1834284.500000
27502   -1834284.500000
27503   -1834284.625000
27504   -1834284.750000
27505   -1834284.750000
27506   -1834284.750000
27507   -1834284.875000
27508   -1834285.000000
27509   -1834285.000000
27510   -1834285.000000
27511   -1834285.125000
27512   -1834285.250000
27513   -1834285.250000
27514   -1834285.375000
27515   -1834285.500000
27516   -1834285.500000
27517   -1834285.625000
27518   -1834285.625000
27519   -1834285.750000
27520   -1834285.750000
27521   -1834285.875000
27522   -1834286.000000
27523   -1834286.000000
27524   -1834286.000000
27525   -1834286.125000
27526   -1834286.125000
27527   -1834286.250000
27528   -1834286.250000
27529   -1834286.375000
27530   -1834286.500000
27531   -1834286.625000
27532   -1834286.625000
27533   -1834286.625000
27534   -1834286.750000
27535   -1834286.750000
27536   -1834287.000000
27537   -1834287.000000
27538   -1834287.125000
27539   -1834287.125000
27540   -1834287.125000
27541   -1834287.250000
27542   -1834287.250000
27543   -1834287.500000
27544   -1834287.500000
27545   -1834287.750000
27546   -1834287.625000
27547   -1834287.750000
27548   -1834287.750000
27549   -1834288.000000
27550   -1834288.000000
27551   -1834288.000000
27552   -1834288.125000
27553   -1834288.250000
27554   -1834288.250000
27555   -1834288.250000
27556   -1834288.500000
27557   -1834288.500000
27558   -1834288.500000
27559   -1834288.625000
27560   -1834288.750000
27561   -1834288.750000
27562   -1834289.000000
27563   -1834289.000000
27564   -1834289.000000
27565   -1834289.000000
27566   -1834289.125000
27567   -1834289.250000
27568   -1834289.250000
27569   -1834289.500000
27570   -1834289.500000
27571   -1834289.625000
27572   -1834289.625000
27573   -1834289.750000
27574   -1834289.875000
27575   -1834290.000000
27576   -1834290.000000
27577   -1834290.125000
27578   -1834290.250000
27579   -1834290.250000
27580   -1834290.375000
27581   -1834290.375000
27582   -1834290.500000
27583   -1834290.750000
27584   -1834290.750000
27585   -1834290.750000
27586   -1834290.750000
27587   -1834290.875000
27588   -1834291.000000
27589   -1834291.000000
27590   -1834291.125000
27591   -1834291.250000
27592   -1834291.250000
27593   -1834291.375000
27594   -1834291.500000
27595   -1834291.500000
27596   -1834291.625000
27597   -1834291.750000
27598   -1834291.875000
27599   -1834292.000000
27600   -1834292.000000
27601   -1834292.125000
27602   -1834292.250000
27603   -1834292.250000
27604   -1834292.250000
27605   -1834292.375000
27606   -1834292.500000
27607   -1834292.500000
27608   -1834292.750000
27609   -1834292.750000
27610   -1834292.750000
27611   -1834292.875000
27612   -1834293.000000
27613   -1834293.000000
27614   -1834293.125000
27615   -1834293.250000
27616   -1834293.375000
27617   -1834293.500000
27618   -1834293.500000
27619   -1834293.625000
27620   -1834293.750000
27621   -1834293.750000
27622   -1834294.000000
27623   -1834294.000000
27624   -1834294.125000
27625   -1834294.250000
27626   -1834294.250000
27627   -1834294.375000
27628   -1834294.500000
27629   -1834294.625000
27630   -1834294.625000
27631   -1834294.750000
27632   -1834294.750000
27633   -1834295.000000
27634   -1834295.125000
27635   -1834295.250000
27636   -1834295.250000
27637   -1834295.250000
27638   -1834295.375000
27639   -1834295.500000
27640   -1834295.500000
27641   -1834295.750000
27642   -1834295.750000
27643   -1834295.875000
27644   -1834296.000000
27645   -1834296.125000
27646   -1834296.250000
27647   -1834296.250000
27648   -1834296.500000
27649   -1834296.625000
27650   -1834296.625000
27651   -1834296.750000
27652   -1834296.750000
27653   -1834297.000000
27654   -1834297.000000
27655   -1834297.250000
27656   -1834297.250000
27657   -1834297.375000
27658   -1834297.375000
27659   -1834297.500000
27660   -1834297.750000
27661   -1834297.750000
27662   -1834297.750000
27663   -1834297.875000
27664   -1834297.875000
27665   -1834298.000000
27666   -1834298.000000
27667   -1834298.250000
27668   -1834298.375000
27669   -1834298.500000
27670   -1834298.625000
27671   -1834298.750000
27672   -1834298.750000
27673   -1834299.000000
27674   -1834299.000000
27675   -1834299.125000
27676   -1834299.250000
27677   -1834299.250000
27678   -1834299.500000
27679   -1834299.500000
27680   -1834299.625000
27681   -1834299.625000
27682   -1834299.750000
27683   -1834300.000000
27684   -1834300.000000
27685   -1834300.250000
27686   -1834300.250000
27687   -1834300.375000
27688   -1834300.500000
27689   -1834300.500000
27690   -1834300.750000
27691   -1834300.750000
27692   -1834301.000000
27693   -1834301.000000
27694   -1834301.000000
27695   -1834301.125000
27696   -1834301.250000
27697   -1834301.250000
27698   -1834301.500000
27699   -1834301.500000
27700   -1834301.625000
27701   -1834301.875000
27702   -1834301.875000
27703   -1834302.000000
27704   -1834302.000000
27705   -1834302.125000
27706   -1834302.250000
27707   -1834302.500000
27708   -1834302.500000
27709   -1834302.625000
27710   -1834302.875000
27711   -1834302.875000
27712   -1834303.000000
27713   -1834303.125000
27714   -1834303.125000
27715   -1834303.250000
27716   -1834303.500000
27717   -1834303.500000
27718   -1834303.625000
27719   -1834303.625000
27720   -1834303.750000
27721   -1834304.000000
27722   -1834304.000000
27723   -1834304.125000
27724   -1834304.250000
27725   -1834304.500000
27726   -1834304.500000
27727   -1834304.500000
27728   -1834304.625000
27729   -1834304.750000
27730   -1834304.875000
27731   -1834305.000000
27732   -1834305.000000
27733   -1834305.250000
27734   -1834305.250000
27735   -1834305.375000
27736   -1834305.500000
27737   -1834305.500000
27738   -1834305.625000
27739   -1834305.875000
27740   -1834305.875000
27741   -1834306.000000
27742   -1834306.125000
27743   -1834306.250000
27744   -1834306.500000
27745   -1834306.250000
27746   -1834306.500000
27747   -1834306.750000
27748   -1834306.750000
27749   -1834307.000000
27750   -1834307.000000
27751   -1834307.000000
27752   -1834307.125000
27753   -1834307.250000
27754   -1834307.375000
27755   -1834307.500000
27756   -1834307.500000
27757   -1834307.750000
27758   -1834307.750000
27759   -1834307.875000
27760   -1834308.000000
27761   -1834308.125000
27762   -1834308.250000
27763   -1834308.500000
27764   -1834308.375000
27765   -1834308.500000
27766   -1834308.750000
27767   -1834308.750000
27768   -1834309.000000
27769   -1834309.000000
27770   -1834309.000000
27771   -1834309.250000
27772   -1834309.250000
27773   -1834309.375000
27774   -1834309.500000
27775   -1834309.625000
27776   -1834309.625000
27777   -1834309.750000
27778   -1834310.000000
27779   -1834310.125000
27780   -1834310.250000
27781   -1834310.250000
27782   -1834310.375000
27783   -1834310.500000
27784   -1834310.500000
27785   -1834310.750000
27786   -1834310.750000
27787   -1834310.875000
27788   -1834311.000000
27789   -1834311.000000
27790   -1834311.375000
27791   -1834311.375000
27792   -1834311.500000
27793   -1834311.625000
27794   -1834311.750000
27795   -1834311.750000
27796   -1834312.000000
27797   -1834312.000000
27798   -1834312.125000
27799   -1834312.250000
27800   -1834312.375000
27801   -1834312.500000
27802   -1834312.625000
27803   -1834312.750000
27804   -1834312.750000
27805   -1834312.750000
27806   -1834313.000000
27807   -1834313.125000
27808   -1834313.125000
27809   -1834313.250000
27810   -1834313.500000
27811   -1834313.500000
27812   -1834313.750000
27813   -1834313.625000
27814   -1834313.750000
27815   -1834314.000000
27816   -1834314.000000
27817   -1834314.125000
27818   -1834314.250000
27819   -1834314.375000
27820   -1834314.375000
27821   -1834314.500000
27822   -1834314.500000
27823   -1834314.750000
27824   -1834314.750000
27825   -1834314.875000
27826   -1834315.000000
27827   -1834315.250000
27828   -1834315.375000
27829   -1834315.375000
27830   -1834315.500000
27831   -1834315.625000
27832   -1834315.750000
27833   -1834315.750000
27834   -1834316.000000
27835   -1834316.000000
27836   -1834316.125000
27837   -1834316.250000
27838   -1834316.375000
27839   -1834316.500000
27840   -1834316.625000
27841   -1834316.875000
27842   -1834316.750000
27843   -1834317.000000
27844   -1834317.000000
27845   -1834317.250000
27846   -1834317.250000
27847   -1834317.500000
27848   -1834317.500000
27849   -1834317.625000
27850   -1834317.625000
27851   -1834317.750000
27852   -1834318.000000
27853   -1834318.125000
27854   -1834318.000000
27855   -1834318.250000
27856   -1834318.500000
27857   -1834318.500000
27858   -1834318.625000
27859   -1834318.750000
27860   -1834319.000000
27861   -1834319.000000
27862   -1834319.125000
27863   -1834319.250000
27864   -1834319.500000
27865   -1834319.500000
27866   -1834319.625000
27867   -1834319.750000
27868   -1834319.875000
27869   -1834320.000000
27870   -1834320.125000
27871   -1834320.250000
27872   -1834320.250000
27873   -1834320.375000
27874   -1834320.500000
27875   -1834320.750000
27876   -1834320.750000
27877   -1834321.000000
27878   -1834321.125000
27879   -1834321.250000
27880   -1834321.250000
27881   -1834321.500000
27882   -1834321.500000
27883   -1834321.750000
27884   -1834321.750000
27885   -1834321.750000
27886   -1834322.000000
27887   -1834322.000000
27888   -1834322.250000
27889   -1834322.500000
27890   -1834322.500000
27891   -1834322.500000
27892   -1834322.625000
27893   -1834323.000000
27894   -1834322.750000
27895   -1834323.000000
27896   -1834323.125000
27897   -1834323.250000
27898   -1834323.375000
27899   -1834323.500000
27900   -1834323.750000
27901   -1834323.750000
27902   -1834324.000000
27903   -1834324.125000
27904   -1834324.000000
27905   -1834324.250000
27906   -1834324.375000
27907   -1834324.375000
27908   -1834324.625000
27909   -1834324.750000
27910   -1834324.750000
27911   -1834325.000000
27912   -1834325.000000
27913   -1834325.250000
27914   -1834325.250000
27915   -1834325.500000
27916   -1834325.500000
27917   -1834325.625000
27918   -1834325.750000
27919   -1834325.750000
27920   -1834325.875000
27921   -1834326.000000
27922   -1834326.125000
27923   -1834326.250000
27924   -1834326.500000
27925   -1834326.625000
27926   -1834326.625000
27927   -1834326.750000
27928   -1834327.000000
27929   -1834327.000000
27930   -1834327.125000
27931   -1834327.250000
27932   -1834327.250000
27933   -1834327.500000
27934   -1834327.625000
27935   -1834327.750000
27936   -1834327.750000
27937   -1834327.875000
27938   -1834328.000000
27939   -1834328.000000
27940   -1834328.125000
27941   -1834328.500000
27942   -1834328.375000
27943   -1834328.500000
27944   -1834328.500000
27945   -1834328.750000
27946   -1834328.750000
27947   -1834329.000000
27948   -1834329.000000
27949   -1834329.125000
27950   -1834329.250000
27951   -1834329.375000
27952   -1834329.500000
27953   -1834329.750000
27954   -1834329.750000
27955   -1834330.000000
27956   -1834330.000000
27957   -1834330.125000
27958   -1834330.250000
27959   -1834330.250000
27960   -1834330.375000
27961   -1834330.375000
27962   -1834330.500000
27963   -1834330.750000
27964   -1834330.750000
27965   -1834331.000000
27966   -1834331.000000
27967   -1834331.250000
27968   -1834331.250000
27969   -1834331.375000
27970   -1834331.375000
27971   -1834331.500000
27972   -1834331.750000
27973   -1834331.875000
27974   -1834331.875000
27975   -1834332.000000
27976   -1834332.000000
27977   -1834332.125000
27978   -1834332.250000
27979   -1834332.375000
27980   -1834332.500000
27981   -1834332.625000
27982   -1834332.750000
27983   -1834332.750000
27984   -1834332.750000
27985   -1834332.875000
27986   -1834333.000000
27987   -1834333.000000
27988   -1834333.250000
27989   -1834333.375000
27990   -1834333.500000
27991   -1834333.375000
27992   -1834333.500000
27993   -1834333.750000
27994   -1834333.750000
27995   -1834334.000000
27996   -1834334.000000
27997   -1834334.125000
27998   -1834334.000000
27999   -1834334.125000
28000   -1834334.500000
28001   -1834334.375000
28002   -1834334.500000
28003   -1834334.500000
28004   -1834334.750000
28005   -1834334.750000
28006   -1834335.000000
28007   -1834335.125000
28008   -1834335.000000
28009   -1834335.125000
28010   -1834335.250000
28011   -1834335.375000
28012   -1834335.500000
28013   -1834335.500000
28014   -1834335.500000
28015   -1834335.750000
28016   -1834335.750000
28017   -1834336.000000
28018   -1834336.000000
28019   -1834336.000000
28020   -1834336.125000
28021   -1834336.125000
28022   -1834336.500000
28023   -1834336.500000
28024   -1834336.500000
28025   -1834336.500000
28026   -1834336.500000
28027   -1834336.750000
28028   -1834336.875000
28029   -1834337.000000
28030   -1834337.000000
28031   -1834337.000000
28032   -1834337.125000
28033   -1834337.250000
28034   -1834337.250000
28035   -1834337.500000
28036   -1834337.625000
28037   -1834337.500000
28038   -1834337.750000
28039   -1834337.750000
28040   -1834338.000000
28041   -1834338.000000
28042   -1834338.000000
28043   -1834338.125000
28044   -1834338.125000
28045   -1834338.250000
28046   -1834338.375000
28047   -1834338.375000
28048   -1834338.500000
28049   -1834338.625000
28050   -1834338.750000
28051   -1834338.750000
28052   -1834339.000000
28053   -1834339.000000
28054   -1834339.000000
28055   -1834339.250000
28056   -1834339.250000
28057   -1834339.250000
28058   -1834339.250000
28059   -1834339.500000
28060   -1834339.500000
28061   -1834339.500000
28062   -1834339.750000
28063   -1834339.750000
28064   -1834339.875000
28065   -1834340.000000
28066   -1834340.250000
28067   -1834340.000000
28068   -1834340.250000
28069   -1834340.250000
28070   -1834340.250000
28071   -1834340.250000
28072   -1834340.500000
28073   -1834340.500000
28074   -1834340.500000
28075   -1834340.625000
28076   -1834340.750000
28077   -1834341.000000
28078   -1834341.000000
28079   -1834341.000000
28080   -1834341.125000
28081   -1834341.250000
28082   -1834341.250000
28083   -1834341.250000
28084   -1834341.375000
28085   -1834341.625000
28086   -1834341.500000
28087   -1834341.625000
28088   -1834341.750000
28089   -1834341.750000
28090   -1834341.750000
28091   -1834341.875000
28092   -1834342.000000
28093   -1834342.125000
28094   -1834342.250000
28095   -1834342.250000
28096   -1834342.250000
28097   -1834342.375000
28098   -1834342.500000
28099   -1834342.375000
28100   -1834342.625000
28101   -1834342.625000
28102   -1834342.750000
28103   -1834342.750000
28104   -1834342.750000
28105   -1834343.000000
28106   -1834343.000000
28107   -1834343.000000
28108   -1834343.125000
28109   -1834343.250000
28110   -1834343.250000
28111   -1834343.500000
28112   -1834343.500000
28113   -1834343.500000
28114   -1834343.500000
28115   -1834343.625000
28116   -1834343.750000
28117   -1834343.750000
28118   -1834343.875000
28119   -1834344.000000
28120   -1834344.000000
28121   -1834343.875000
28122   -1834344.000000
28123   -1834344.250000
28124   -1834344.250000
28125   -1834344.375000
28126   -1834344.500000
28127   -1834344.625000
28128   -1834344.500000
28129   -1834344.500000
28130   -1834344.625000
28131   -1834344.875000
28132   -1834345.000000
28133   -1834344.875000
28134   -1834345.000000
28135   -1834345.000000
28136   -1834345.000000
28137   -1834345.000000
28138   -1834345.250000
28139   -1834345.250000
28140   -1834345.250000
28141   -1834345.500000
28142   -1834345.375000
28143   -1834345.500000
28144   -1834345.750000
28145   -1834345.500000
28146   -1834345.750000
28147   -1834345.750000
28148   -1834346.000000
28149   -1834346.000000
28150   -1834346.000000
28151   -1834346.000000
28152   -1834346.000000
28153   -1834346.125000
28154   -1834346.250000
28155   -1834346.250000
28156   -1834346.500000
28157   -1834346.375000
28158   -1834346.500000
28159   -1834346.500000
28160   -1834346.625000
28161   -1834346.625000
28162   -1834346.750000
28163   -1834346.750000
28164   -1834346.875000
28165   -1834346.750000
28166   -1834346.875000
28167   -1834347.000000
28168   -1834347.000000
28169   -1834347.250000
28170   -1834347.250000
28171   -1834347.250000
28172   -1834347.250000
28173   -1834347.500000
28174   -1834347.500000
28175   -1834347.500000
28176   -1834347.500000
28177   -1834347.750000
28178   -1834347.625000
28179   -1834347.750000
28180   -1834347.875000
28181   -1834347.750000
28182   -1834347.875000
28183   -1834348.000000
28184   -1834348.000000
28185   -1834348.125000
28186   -1834348.250000
28187   -1834348.250000
28188   -1834348.250000
28189   -1834348.250000
28190   -1834348.500000
28191   -1834348.500000
28192   -1834348.500000
28193   -1834348.500000
28194   -1834348.500000
28195   -1834348.750000
28196   -1834348.750000
28197   -1834348.875000
28198   -1834349.000000
28199   -1834348.875000
28200   -1834349.000000
28201   -1834349.000000
28202   -1834349.125000
28203   -1834349.000000
28204   -1834349.250000
28205   -1834349.375000
28206   -1834349.375000
28207   -1834349.375000
28208   -1834349.500000
28209   -1834349.500000
28210   -1834349.500000
28211   -1834349.625000
28212   -1834349.750000
28213   -1834349.750000
28214   -1834349.750000
28215   -1834349.750000
28216   -1834349.875000
28217   -1834349.875000
28218   -1834350.125000
28219   -1834350.000000
28220   -1834350.250000
28221   -1834350.250000
28222   -1834350.375000
28223   -1834350.500000
28224   -1834350.500000
28225   -1834350.375000
28226   -1834350.500000
28227   -1834350.500000
28228   -1834350.750000
28229   -1834350.500000
28230   -1834350.625000
28231   -1834350.875000
28232   -1834351.000000
28233   -1834351.000000
28234   -1834351.000000
28235   -1834350.875000
28236   -1834351.125000
28237   -1834351.125000
28238   -1834351.125000
28239   -1834351.250000
28240   -1834351.250000
28241   -1834351.375000
28242   -1834351.500000
28243   -1834351.375000
28244   -1834351.625000
28245   -1834351.500000
28246   -1834351.750000
28247   -1834351.875000
28248   -1834351.750000
28249   -1834351.750000
28250   -1834352.000000
28251   -1834352.125000
28252   -1834352.000000
28253   -1834352.000000
28254   -1834352.250000
28255   -1834352.250000
28256   -1834352.250000
28257   -1834352.250000
28258   -1834352.500000
28259   -1834352.500000
28260   -1834352.625000
28261   -1834352.625000
28262   -1834352.750000
28263   -1834352.875000
28264   -1834352.875000
28265   -1834352.750000
28266   -1834353.000000
28267   -1834353.000000
28268   -1834353.000000
28269   -1834353.125000
28270   -1834353.375000
28271   -1834353.250000
28272   -1834353.250000
28273   -1834353.375000
28274   -1834353.500000
28275   -1834353.500000
28276   -1834353.750000
28277   -1834353.750000
28278   -1834353.750000
28279   -1834353.875000
28280   -1834354.000000
28281   -1834354.000000
28282   -1834354.000000
28283   -1834354.250000
28284   -1834354.250000
28285   -1834354.250000
28286   -1834354.375000
28287   -1834354.500000
28288   -1834354.625000
28289   -1834354.625000
28290   -1834354.625000
28291   -1834354.750000
28292   -1834354.875000
28293   -1834354.875000
28294   -1834355.000000
28295   -1834355.000000
28296   -1834355.000000
28297   -1834355.250000
28298   -1834355.250000
28299   -1834355.250000
28300   -1834355.250000
28301   -1834355.500000
28302   -1834355.625000
28303   -1834355.750000
28304   -1834355.750000
28305   -1834355.750000
28306   -1834355.875000
28307   -1834355.875000
28308   -1834356.000000
28309   -1834356.125000
28310   -1834356.250000
28311   -1834356.250000
28312   -1834356.500000
28313   -1834356.500000
28314   -1834356.500000
28315   -1834356.625000
28316   -1834356.500000
28317   -1834356.750000
28318   -1834356.750000
28319   -1834357.000000
28320   -1834357.000000
28321   -1834357.125000
28322   -1834357.250000
28323   -1834357.375000
28324   -1834357.250000
28325   -1834357.500000
28326   -1834357.500000
28327   -1834357.750000
28328   -1834357.750000
28329   -1834358.000000
28330   -1834358.000000
28331   -1834358.000000
28332   -1834358.250000
28333   -1834358.250000
28334   -1834358.250000
28335   -1834358.500000
28336   -1834358.375000
28337   -1834358.625000
28338   -1834358.750000
28339   -1834358.750000
28340   -1834358.875000
28341   -1834359.000000
28342   -1834358.875000
28343   -1834359.125000
28344   -1834359.375000
28345   -1834359.375000
28346   -1834359.500000
28347   -1834359.750000
28348   -1834359.625000
28349   -1834359.875000
28350   -1834359.875000
28351   -1834360.000000
28352   -1834360.000000
28353   -1834360.250000
28354   -1834360.500000
28355   -1834360.375000
28356   -1834360.500000
28357   -1834360.625000
28358   -1834360.750000
28359   -1834360.875000
28360   -1834361.000000
28361   -1834361.125000
28362   -1834361.250000
28363   -1834361.250000
28364   -1834361.375000
28365   -1834361.500000
28366   -1834361.750000
28367   -1834362.000000
28368   -1834362.000000
28369   -1834362.000000
28370   -1834362.125000
28371   -1834362.250000
28372   -1834362.375000
28373   -1834362.750000
28374   -1834362.750000
28375   -1834362.875000
28376   -1834363.000000
28377   -1834363.125000
28378   -1834363.250000
28379   -1834363.250000
28380   -1834363.500000
28381   -1834363.625000
28382   -1834363.750000
28383   -1834363.875000
28384   -1834364.000000
28385   -1834364.250000
28386   -1834364.500000
28387   -1834364.500000
28388   -1834364.625000
28389   -1834364.875000
28390   -1834364.750000
28391   -1834365.125000
28392   -1834365.250000
28393   -1834365.250000
28394   -1834365.625000
28395   -1834365.625000
28396   -1834365.875000
28397   -1834366.000000
28398   -1834366.250000
28399   -1834366.375000
28400   -1834366.500000
28401   -1834366.500000
28402   -1834366.875000
28403   -1834367.125000
28404   -1834367.000000
28405   -1834367.250000
28406   -1834367.500000
28407   -1834367.750000
28408   -1834367.875000
28409   -1834367.875000
28410   -1834368.250000
28411   -1834368.375000
28412   -1834368.625000
28413   -1834368.625000
28414   -1834369.000000
28415   -1834369.125000
28416   -1834369.250000
28417   -1834369.250000
28418   -1834369.750000
28419   -1834369.750000
28420   -1834369.875000
28421   -1834370.250000
28422   -1834370.250000
28423   -1834370.500000
28424   -1834370.750000
28425   -1834370.750000
28426   -1834371.000000
28427   -1834371.125000
28428   -1834371.250000
28429   -1834371.750000
28430   -1834371.750000
28431   -1834372.000000
28432   -1834372.125000
28433   -1834372.250000
28434   -1834372.500000
28435   -1834372.500000
28436   -1834373.000000
28437   -1834373.125000
28438   -1834373.250000
28439   -1834373.375000
28440   -1834373.750000
28441   -1834373.750000
28442   -1834374.125000
28443   -1834374.250000
28444   -1834374.500000
28445   -1834374.750000
28446   -1834374.750000
28447   -1834375.000000
28448   -1834375.250000
28449   -1834375.250000
28450   -1834375.750000
28451   -1834375.750000
28452   -1834376.000000
28453   -1834376.250000
28454   -1834376.250000
28455   -1834376.500000
28456   -1834376.750000
28457   -1834377.000000
28458   -1834377.125000
28459   -1834377.250000
28460   -1834377.625000
28461   -1834377.625000
28462   -1834378.000000
28463   -1834378.125000
28464   -1834378.250000
28465   -1834378.500000
28466   -1834378.750000
28467   -1834378.750000
28468   -1834379.000000
28469   -1834379.250000
28470   -1834379.500000
28471   -1834379.500000
28472   -1834379.750000
28473   -1834380.000000
28474   -1834380.000000
28475   -1834380.375000
28476   -1834380.500000
28477   -1834380.750000
28478   -1834380.875000
28479   -1834381.000000
28480   -1834381.125000
28481   -1834381.250000
28482   -1834381.500000
28483   -1834381.750000
28484   -1834382.000000
28485   -1834382.000000
28486   -1834382.375000
28487   -1834382.500000
28488   -1834382.750000
28489   -1834382.750000
28490   -1834383.000000
28491   -1834383.250000
28492   -1834383.250000
28493   -1834383.500000
28494   -1834383.750000
28495   -1834384.000000
28496   -1834384.000000
28497   -1834384.250000
28498   -1834384.250000
28499   -1834384.500000
28500   -1834384.500000
28501   -1834384.750000
28502   -1834384.875000
28503   -1834385.250000
28504   -1834385.250000
28505   -1834385.500000
28506   -1834385.625000
28507   -1834385.875000
28508   -1834385.875000
28509   -1834386.250000
28510   -1834386.250000
28511   -1834386.500000
28512   -1834386.625000
28513   -1834386.750000
28514   -1834386.750000
28515   -1834387.000000
28516   -1834387.250000
28517   -1834387.250000
28518   -1834387.625000
28519   -1834387.750000
28520   -1834387.875000
28521   -1834388.000000
28522   -1834388.000000
28523   -1834388.250000
28524   -1834388.500000
28525   -1834388.500000
28526   -1834388.500000
28527   -1834388.750000
28528   -1834389.000000
28529   -1834389.000000
28530   -1834389.250000
28531   -1834389.500000
28532   -1834389.500000
28533   -1834389.625000
28534   -1834389.875000
28535   -1834390.000000
28536   -1834390.125000
28537   -1834390.250000
28538   -1834390.250000
28539   -1834390.500000
28540   -1834390.625000
28541   -1834390.750000
28542   -1834390.875000
28543   -1834391.000000
28544   -1834391.250000
28545   -1834391.500000
28546   -1834391.500000
28547   -1834391.500000
28548   -1834391.750000
28549   -1834391.750000
28550   -1834391.875000
28551   -1834392.000000
28552   -1834392.250000
28553   -1834392.250000
28554   -1834392.375000
28555   -1834392.500000
28556   -1834392.750000
28557   -1834392.750000
28558   -1834393.000000
28559   -1834393.000000
28560   -1834393.125000
28561   -1834393.250000
28562   -1834393.375000
28563   -1834393.375000
28564   -1834393.500000
28565   -1834393.750000
28566   -1834393.750000
28567   -1834393.875000
28568   -1834394.000000
28569   -1834394.250000
28570   -1834394.250000
28571   -1834394.375000
28572   -1834394.500000
28573   -1834394.750000
28574   -1834394.750000
28575   -1834394.750000
28576   -1834395.000000
28577   -1834395.000000
28578   -1834395.250000
28579   -1834395.250000
28580   -1834395.375000
28581   -1834395.500000
28582   -1834395.750000
28583   -1834395.750000
28584   -1834395.875000
28585   -1834396.000000
28586   -1834396.250000
28587   -1834396.250000
28588   -1834396.375000
28589   -1834396.500000
28590   -1834396.500000
28591   -1834396.875000
28592   -1834396.750000
28593   -1834396.875000
28594   -1834397.125000
28595   -1834397.250000
28596   -1834397.250000
28597   -1834397.500000
28598   -1834397.625000
28599   -1834397.500000
28600   -1834397.750000
28601   -1834397.750000
28602   -1834397.875000
28603   -1834398.125000
28604   -1834398.125000
28605   -1834398.250000
28606   -1834398.250000
28607   -1834398.625000
28608   -1834398.500000
28609   -1834398.750000
28610   -1834398.750000
28611   -1834399.000000
28612   -1834399.000000
28613   -1834399.250000
28614   -1834399.250000
28615   -1834399.250000
28616   -1834399.500000
28617   -1834399.500000
28618   -1834399.625000
28619   -1834399.750000
28620   -1834400.000000
28621   -1834400.000000
28622   -1834400.000000
28623   -1834400.125000
28624   -1834400.250000
28625   -1834400.250000
28626   -1834400.500000
28627   -1834400.500000
28628   -1834400.500000
28629   -1834400.750000
28630   -1834400.750000
28631   -1834400.875000
28632   -1834401.000000
28633   -1834401.000000
28634   -1834401.250000
28635   -1834401.250000
28636   -1834401.375000
28637   -1834401.625000
28638   -1834401.500000
28639   -1834401.750000
28640   -1834401.750000
28641   -1834401.750000
28642   -1834402.000000
28643   -1834402.250000
28644   -1834402.125000
28645   -1834402.250000
28646   -1834402.375000
28647   -1834402.500000
28648   -1834402.500000
28649   -1834402.750000
28650   -1834402.750000
28651   -1834403.000000
28652   -1834402.875000
28653   -1834403.125000
28654   -1834403.250000
28655   -1834403.250000
28656   -1834403.375000
28657   -1834403.500000
28658   -1834403.500000
28659   -1834403.750000
28660   -1834403.750000
28661   -1834404.000000
28662   -1834404.125000
28663   -1834404.250000
28664   -1834404.125000
28665   -1834404.125000
28666   -1834404.375000
28667   -1834404.625000
28668   -1834404.625000
28669   -1834404.750000
28670   -1834404.750000
28671   -1834404.750000
28672   -1834405.000000
28673   -1834405.250000
28674   -1834405.125000
28675   -1834405.250000
28676   -1834405.250000
28677   -1834405.500000
28678   -1834405.500000
28679   -1834405.750000
28680   -1834405.750000
28681   -1834406.000000
28682   -1834406.000000
28683   -1834406.000000
28684   -1834406.250000
28685   -1834406.125000
28686   -1834406.500000
28687   -1834406.375000
28688   -1834406.500000
28689   -1834406.750000
28690   -1834406.750000
28691   -1834406.875000
28692   -1834406.875000
28693   -1834407.000000
28694   -1834407.000000
28695   -1834407.250000
28696   -1834407.500000
28697   -1834407.500000
28698   -1834407.500000
28699   -1834407.625000
28700   -1834407.750000
28701   -1834407.750000
28702   -1834407.875000
28703   -1834407.875000
28704   -1834408.000000
28705   -1834408.250000
28706   -1834408.250000
28707   -1834408.500000
28708   -1834408.375000
28709   -1834408.500000
28710   -1834408.500000
28711   -1834408.750000
28712   -1834408.750000
28713   -1834409.000000
28714   -1834409.000000
28715   -1834409.250000
28716   -1834409.000000
28717   -1834409.250000
28718   -1834409.500000
28719   -1834409.500000
28720   -1834409.625000
28721   -1834409.625000
28722   -1834409.750000
28723   -1834409.875000
28724   -1834409.875000
28725   -1834410.000000
28726   -1834410.000000
28727   -1834410.250000
28728   -1834410.250000
28729   -1834410.250000
28730   -1834410.500000
28731   -1834410.375000
28732   -1834410.500000
28733   -1834410.500000
28734   -1834410.750000
28735   -1834410.750000
28736   -1834411.000000
28737   -1834411.000000
28738   -1834411.250000
28739   -1834411.125000
28740   -1834411.250000
28741   -1834411.375000
28742   -1834411.375000
28743   -1834411.375000
28744   -1834411.750000
28745   -1834411.750000
28746   -1834411.625000
28747   -1834411.750000
28748   -1834411.750000
28749   -1834412.000000
28750   -1834412.000000
28751   -1834412.125000
28752   -1834412.250000
28753   -1834412.250000
28754   -1834412.375000
28755   -1834412.500000
28756   -1834412.500000
28757   -1834412.750000
28758   -1834412.750000
28759   -1834412.750000
28760   -1834413.000000
28761   -1834413.000000
28762   -1834413.000000
28763   -1834413.000000
28764   -1834413.250000
28765   -1834413.250000
28766   -1834413.125000
28767   -1834413.500000
28768   -1834413.500000
28769   -1834413.500000
28770   -1834413.500000
28771   -1834413.750000
28772   -1834413.750000
28773   -1834413.750000
28774   -1834414.000000
28775   -1834414.000000
28776   -1834414.000000
28777   -1834414.000000
28778   -1834414.000000
28779   -1834414.250000
28780   -1834414.375000
28781   -1834414.250000
28782   -1834414.500000
28783   -1834414.500000
28784   -1834414.500000
28785   -1834414.625000
28786   -1834414.625000
28787   -1834414.750000
28788   -1834414.750000
28789   -1834415.000000
28790   -1834415.000000
28791   -1834415.000000
28792   -1834415.000000
28793   -1834415.250000
28794   -1834415.250000
28795   -1834415.375000
28796   -1834415.375000
28797   -1834415.500000
28798   -1834415.500000
28799   -1834415.500000
28800   -1834415.625000
28801   -1834415.750000
28802   -1834415.875000
28803   -1834416.000000
28804   -1834415.875000
28805   -1834416.000000
28806   -1834416.125000
28807   -1834416.250000
28808   -1834416.250000
28809   -1834416.250000
28810   -1834416.500000
28811   -1834416.250000
28812   -1834416.500000
28813   -1834416.625000
28814   -1834416.500000
28815   -1834416.750000
28816   -1834416.750000
28817   -1834416.875000
28818   -1834416.750000
28819   -1834417.000000
28820   -1834417.125000
28821   -1834417.250000
28822   -1834417.000000
28823   -1834417.250000
28824   -1834417.250000
28825   -1834417.375000
28826   -1834417.500000
28827   -1834417.500000
28828   -1834417.500000
28829   -1834417.750000
28830   -1834417.875000
28831   -1834417.750000
28832   -1834418.000000
28833   -1834418.000000
28834   -1834418.000000
28835   -1834418.250000
28836   -1834418.125000
28837   -1834418.250000
28838   -1834418.375000
28839   -1834418.375000
28840   -1834418.500000
28841   -1834418.500000
28842   -1834418.500000
28843   -1834418.750000
28844   -1834418.750000
28845   -1834418.750000
28846   -1834418.750000
28847   -1834419.000000
28848   -1834419.000000
28849   -1834419.000000
28850   -1834419.250000
28851   -1834419.250000
28852   -1834419.375000
28853   -1834419.375000
28854   -1834419.500000
28855   -1834419.500000
28856   -1834419.500000
28857   -1834419.625000
28858   -1834419.750000
28859   -1834419.750000
28860   -1834419.750000
28861   -1834420.000000
28862   -1834419.875000
28863   -1834420.000000
28864   -1834420.000000
28865   -1834420.250000
28866   -1834420.250000
28867   -1834420.250000
28868   -1834420.250000
28869   -1834420.375000
28870   -1834420.500000
28871   -1834420.500000
28872   -1834420.625000
28873   -1834420.750000
28874   -1834420.750000
28875   -1834420.875000
28876   -1834420.875000
28877   -1834421.000000
28878   -1834421.000000
28879   -1834421.125000
28880   -1834421.250000
28881   -1834421.250000
28882   -1834421.250000
28883   -1834421.375000
28884   -1834421.500000
28885   -1834421.500000
28886   -1834421.500000
28887   -1834421.750000
28888   -1834421.750000
28889   -1834422.000000
28890   -1834422.000000
28891   -1834422.000000
28892   -1834422.000000
28893   -1834422.125000
28894   -1834422.000000
28895   -1834422.250000
28896   -1834422.375000
28897   -1834422.375000
28898   -1834422.500000
28899   -1834422.500000
28900   -1834422.500000
28901   -1834422.750000
28902   -1834422.875000
28903   -1834422.875000
28904   -1834422.875000
28905   -1834423.000000
28906   -1834423.000000
28907   -1834423.125000
28908   -1834423.250000
28909   -1834423.250000
28910   -1834423.500000
28911   -1834423.500000
28912   -1834423.500000
28913   -1834423.750000
28914   -1834423.625000
28915   -1834423.750000
28916   -1834423.750000
28917   -1834423.750000
28918   -1834423.875000
28919   -1834424.125000
28920   -1834424.250000
28921   -1834424.125000
28922   -1834424.250000
28923   -1834424.250000
28924   -1834424.500000
28925   -1834424.500000
28926   -1834424.750000
28927   -1834424.750000
28928   -1834424.750000
28929   -1834424.750000
28930   -1834425.000000
28931   -1834425.000000
28932   -1834425.125000
28933   -1834425.125000
28934   -1834425.250000
28935   -1834425.250000
28936   -1834425.250000
28937   -1834425.500000
28938   -1834425.500000
28939   -1834425.625000
28940   -1834425.750000
28941   -1834425.750000
28942   -1834425.750000
28943   -1834425.875000
28944   -1834426.000000
28945   -1834426.000000
28946   -1834426.000000
28947   -1834426.250000
28948   -1834426.250000
28949   -1834426.250000
28950   -1834426.500000
28951   -1834426.500000
28952   -1834426.750000
28953   -1834426.625000
28954   -1834426.875000
28955   -1834426.875000
28956   -1834426.875000
28957   -1834427.125000
28958   -1834427.000000
28959   -1834427.125000
28960   -1834427.250000
28961   -1834427.375000
28962   -1834427.500000
28963   -1834427.500000
28964   -1834427.625000
28965   -1834427.625000
28966   -1834427.750000
28967   -1834427.750000
28968   -1834427.875000
28969   -1834428.000000
28970   -1834428.000000
28971   -1834428.250000
28972   -1834428.250000
28973   -1834428.250000
28974   -1834428.375000
28975   -1834428.500000
28976   -1834428.500000
28977   -1834428.750000
28978   -1834428.750000
28979   -1834428.750000
28980   -1834428.750000
28981   -1834429.000000
28982   -1834429.000000
28983   -1834429.125000
28984   -1834429.250000
28985   -1834429.250000
28986   -1834429.500000
28987   -1834429.500000
28988   -1834429.500000
28989   -1834429.625000
28990   -1834429.750000
28991   -1834429.750000
28992   -1834430.000000
28993   -1834429.875000
28994   -1834430.000000
28995   -1834430.000000
28996   -1834430.250000
28997   -1834430.250000
28998   -1834430.250000
28999   -1834430.500000
29000   -1834430.500000
29001   -1834430.750000
29002   -1834430.750000
29003   -1834430.875000
29004   -1834430.875000
29005   -1834431.000000
29006   -1834431.250000
29007   -1834431.125000
29008   -1834431.250000
29009   -1834431.250000
29010   -1834431.500000
29011   -1834431.500000
29012   -1834431.625000
29013   -1834431.750000
29014   -1834431.750000
29015   -1834431.750000
29016   -1834431.875000
29017   -1834432.125000
29018   -1834432.250000
29019   -1834432.375000
29020   -1834432.375000
29021   -1834432.500000
29022   -1834432.500000
29023   -1834432.500000
29024   -1834432.750000
29025   -1834432.875000
29026   -1834433.000000
29027   -1834433.000000
29028   -1834433.000000
29029   -1834433.250000
29030   -1834433.250000
29031   -1834433.500000
29032   -1834433.500000
29033   -1834433.500000
29034   -1834433.625000
29035   -1834433.750000
29036   -1834433.875000
29037   -1834434.000000
29038   -1834434.250000
29039   -1834434.250000
29040   -1834434.500000
29041   -1834434.500000
29042   -1834434.750000
29043   -1834434.750000
29044   -1834434.750000
29045   -1834435.000000
29046   -1834434.875000
29047   -1834435.000000
29048   -1834435.125000
29049   -1834435.250000
29050   -1834435.250000
29051   -1834435.500000
29052   -1834435.750000
29053   -1834435.625000
29054   -1834435.750000
29055   -1834435.750000
29056   -1834436.000000
29057   -1834436.000000
29058   -1834436.250000
29059   -1834436.250000
29060   -1834436.500000
29061   -1834436.500000
29062   -1834436.625000
29063   -1834436.750000
29064   -1834437.000000
29065   -1834437.000000
29066   -1834437.125000
29067   -1834437.250000
29068   -1834437.250000
29069   -1834437.500000
29070   -1834437.500000
29071   -1834437.625000
29072   -1834437.875000
29073   -1834437.875000
29074   -1834438.000000
29075   -1834438.125000
29076   -1834438.250000
29077   -1834438.375000
29078   -1834438.500000
29079   -1834438.500000
29080   -1834438.625000
29081   -1834438.750000
29082   -1834438.750000
29083   -1834439.000000
29084   -1834439.000000
29085   -1834439.000000
29086   -1834439.250000
29087   -1834439.375000
29088   -1834439.500000
29089   -1834439.500000
29090   -1834439.750000
29091   -1834439.625000
29092   -1834439.875000
29093   -1834440.000000
29094   -1834440.125000
29095   -1834440.250000
29096   -1834440.250000
29097   -1834440.500000
29098   -1834440.500000
29099   -1834440.750000
29100   -1834440.750000
29101   -1834440.875000
29102   -1834440.750000
29103   -1834441.000000
29104   -1834441.125000
29105   -1834441.250000
29106   -1834441.250000
29107   -1834441.375000
29108   -1834441.500000
29109   -1834441.625000
29110   -1834441.750000
29111   -1834441.750000
29112   -1834441.875000
29113   -1834442.250000
29114   -1834442.250000
29115   -1834442.125000
29116   -1834442.250000
29117   -1834442.500000
29118   -1834442.500000
29119   -1834442.625000
29120   -1834442.750000
29121   -1834442.750000
29122   -1834442.875000
29123   -1834442.875000
29124   -1834443.000000
29125   -1834443.250000
29126   -1834443.250000
29127   -1834443.250000
29128   -1834443.250000
29129   -1834443.500000
29130   -1834443.500000
29131   -1834443.625000
29132   -1834443.750000
29133   -1834443.875000
29134   -1834444.000000
29135   -1834444.000000
29136   -1834444.000000
29137   -1834444.125000
29138   -1834444.250000
29139   -1834444.250000
29140   -1834444.375000
29141   -1834444.500000
29142   -1834444.500000
29143   -1834444.500000
29144   -1834444.750000
29145   -1834444.750000
29146   -1834444.750000
29147   -1834444.875000
29148   -1834445.125000
29149   -1834445.000000
29150   -1834445.125000
29151   -1834445.250000
29152   -1834445.250000
29153   -1834445.250000
29154   -1834445.500000
29155   -1834445.500000
29156   -1834445.750000
29157   -1834445.750000
29158   -1834445.875000
29159   -1834445.750000
29160   -1834446.000000
29161   -1834446.000000
29162   -1834446.250000
29163   -1834446.125000
29164   -1834446.250000
29165   -1834446.250000
29166   -1834446.375000
29167   -1834446.375000
29168   -1834446.500000
29169   -1834446.500000
29170   -1834446.500000
29171   -1834446.750000
29172   -1834446.750000
29173   -1834446.750000
29174   -1834446.875000
29175   -1834446.875000
29176   -1834447.000000
29177   -1834447.000000
29178   -1834447.125000
29179   -1834447.250000
29180   -1834447.250000
29181   -1834447.500000
29182   -1834447.250000
29183   -1834447.375000
29184   -1834447.500000
29185   -1834447.500000
29186   -1834447.500000
29187   -1834447.625000
29188   -1834447.750000
29189   -1834447.750000
29190   -1834447.875000
29191   -1834448.000000
29192   -1834448.000000
29193   -1834448.000000
29194   -1834448.000000
29195   -1834448.250000
29196   -1834448.250000
29197   -1834448.375000
29198   -1834448.375000
29199   -1834448.250000
29200   -1834448.500000
29201   -1834448.500000
29202   -1834448.500000
29203   -1834448.625000
29204   -1834448.750000
29205   -1834448.750000
29206   -1834448.750000
29207   -1834448.750000
29208   -1834449.000000
29209   -1834448.875000
29210   -1834449.000000
29211   -1834449.000000
29212   -1834449.125000
29213   -1834449.250000
29214   -1834449.250000
29215   -1834449.250000
29216   -1834449.375000
29217   -1834449.375000
29218   -1834449.375000
29219   -1834449.375000
29220   -1834449.500000
29221   -1834449.625000
29222   -1834449.500000
29223   -1834449.750000
29224   -1834449.625000
29225   -1834449.750000
29226   -1834449.750000
29227   -1834450.000000
29228   -1834450.000000
29229   -1834450.000000
29230   -1834450.000000
29231   -1834450.125000
29232   -1834450.125000
29233   -1834450.250000
29234   -1834450.250000
29235   -1834450.375000
29236   -1834450.250000
29237   -1834450.375000
29238   -1834450.500000
29239   -1834450.500000
29240   -1834450.625000
29241   -1834450.500000
29242   -1834450.625000
29243   -1834450.625000
29244   -1834450.750000
29245   -1834450.875000
29246   -1834450.750000
29247   -1834450.875000
29248   -1834451.000000
29249   -1834451.000000
29250   -1834451.125000
29251   -1834451.125000
29252   -1834451.000000
29253   -1834451.250000
29254   -1834451.250000
29255   -1834451.250000
29256   -1834451.250000
29257   -1834451.375000
29258   -1834451.375000
29259   -1834451.500000
29260   -1834451.500000
29261   -1834451.750000
29262   -1834451.750000
29263   -1834451.750000
29264   -1834451.750000
29265   -1834451.750000
29266   -1834451.875000
29267   -1834451.875000
29268   -1834452.000000
29269   -1834452.000000
29270   -1834452.000000
29271   -1834452.125000
29272   -1834452.250000
29273   -1834452.250000
29274   -1834452.375000
29275   -1834452.250000
29276   -1834452.375000
29277   -1834452.250000
29278   -1834452.500000
29279   -1834452.500000
29280   -1834452.625000
29281   -1834452.750000
29282   -1834452.750000
29283   -1834452.750000
29284   -1834452.875000
29285   -1834453.000000
29286   -1834453.000000
29287   -1834453.000000
29288   -1834453.125000
29289   -1834453.125000
29290   -1834453.250000
29291   -1834453.250000
29292   -1834453.375000
29293   -1834453.375000
29294   -1834453.500000
29295   -1834453.500000
29296   -1834453.625000
29297   -1834453.750000
29298   -1834453.750000
29299   -1834453.875000
29300   -1834453.875000
29301   -1834454.000000
29302   -1834454.000000
29303   -1834454.000000
29304   -1834454.125000
29305   -1834454.250000
29306   -1834454.375000
29307   -1834454.250000
29308   -1834454.500000
29309   -1834454.500000
29310   -1834454.625000
29311   -1834454.625000
29312   -1834454.750000
29313   -1834454.750000
29314   -1834454.750000
29315   -1834455.000000
29316   -1834455.000000
29317   -1834455.125000
29318   -1834455.250000
29319   -1834455.250000
29320   -1834455.250000
29321   -1834455.250000
29322   -1834455.500000
29323   -1834455.500000
29324   -1834455.500000
29325   -1834455.625000
29326   -1834455.875000
29327   -1834456.000000
29328   -1834456.000000
29329   -1834456.000000
29330   -1834456.000000
29331   -1834456.250000
29332   -1834456.250000
29333   -1834456.250000
29334   -1834456.375000
29335   -1834456.500000
29336   -1834456.500000
29337   -1834456.625000
29338   -1834456.750000
29339   -1834456.750000
29340   -1834456.875000
29341   -1834457.000000
29342   -1834457.000000
29343   -1834457.250000
29344   -1834457.250000
29345   -1834457.375000
29346   -1834457.500000
29347   -1834457.500000
29348   -1834457.500000
29349   -1834457.625000
29350   -1834457.875000
29351   -1834457.875000
29352   -1834458.000000
29353   -1834458.000000
29354   -1834458.125000
29355   -1834458.250000
29356   -1834458.250000
29357   -1834458.250000
29358   -1834458.500000
29359   -1834458.750000
29360   -1834458.750000
29361   -1834458.750000
29362   -1834458.875000
29363   -1834458.750000
29364   -1834459.000000
29365   -1834459.000000
29366   -1834459.250000
29367   -1834459.250000
29368   -1834459.500000
29369   -1834459.375000
29370   -1834459.500000
29371   -1834459.500000
29372   -1834459.625000
29373   -1834459.750000
29374   -1834460.000000
29375   -1834460.000000
29376   -1834460.000000
29377   -1834460.125000
29378   -1834460.250000
29379   -1834460.250000
29380   -1834460.250000
29381   -1834460.500000
29382   -1834460.500000
29383   -1834460.500000
29384   -1834460.625000
29385   -1834460.750000
29386   -1834460.875000
29387   -1834460.875000
29388   -1834461.000000
29389   -1834461.000000
29390   -1834461.250000
29391   -1834461.250000
29392   -1834461.250000
29393   -1834461.375000
29394   -1834461.500000
29395   -1834461.500000
29396   -1834461.625000
29397   -1834461.750000
29398   -1834461.750000
29399   -1834461.875000
29400   -1834462.000000
29401   -1834462.000000
29402   -1834462.000000
29403   -1834462.250000
29404   -1834462.250000
29405   -1834462.250000
29406   -1834462.250000
29407   -1834462.375000
29408   -1834462.500000
29409   -1834462.500000
29410   -1834462.750000
29411   -1834462.750000
29412   -1834462.750000
29413   -1834462.875000
29414   -1834463.000000
29415   -1834463.000000
29416   -1834463.125000
29417   -1834463.000000
29418   -1834463.250000
29419   -1834463.250000
29420   -1834463.250000
29421   -1834463.375000
29422   -1834463.500000
29423   -1834463.500000
29424   -1834463.625000
29425   -1834463.625000
29426   -1834463.750000
29427   -1834463.875000
29428   -1834463.750000
29429   -1834463.875000
29430   -1834464.000000
29431   -1834464.000000
29432   -1834464.125000
29433   -1834464.125000
29434   -1834464.125000
29435   -1834464.250000
29436   -1834464.250000
29437   -1834464.375000
29438   -1834464.500000
29439   -1834464.625000
29440   -1834464.750000
29441   -1834464.750000
29442   -1834464.750000
29443   -1834464.750000
29444   -1834464.750000
29445   -1834464.875000
29446   -1834465.000000
29447   -1834465.000000
29448   -1834465.000000
29449   -1834465.000000
29450   -1834465.250000
29451   -1834465.250000
29452   -1834465.250000
29453   -1834465.375000
29454   -1834465.250000
29455   -1834465.500000
29456   -1834465.500000
29457   -1834465.500000
29458   -1834465.500000
29459   -1834465.500000
29460   -1834465.750000
29461   -1834465.750000
29462   -1834465.750000
29463   -1834465.750000
29464   -1834465.875000
29465   -1834466.000000
29466   -1834466.000000
29467   -1834466.000000
29468   -1834466.125000
29469   -1834466.125000
29470   -1834466.250000
29471   -1834466.250000
29472   -1834466.250000
29473   -1834466.250000
29474   -1834466.375000
29475   -1834466.500000
29476   -1834466.500000
29477   -1834466.500000
29478   -1834466.500000
29479   -1834466.500000
29480   -1834466.625000
29481   -1834466.750000
29482   -1834466.750000
29483   -1834466.750000
29484   -1834466.750000
29485   -1834466.875000
29486   -1834466.875000
29487   -1834467.000000
29488   -1834467.000000
29489   -1834467.000000
29490   -1834467.125000
29491   -1834467.000000
29492   -1834467.125000
29493   -1834467.250000
29494   -1834467.250000
29495   -1834467.375000
29496   -1834467.375000
29497   -1834467.500000
29498   -1834467.250000
29499   -1834467.500000
29500   -1834467.500000
29501   -1834467.500000
29502   -1834467.625000
29503   -1834467.625000
29504   -1834467.750000
29505   -1834467.625000
29506   -1834467.625000
29507   -1834467.750000
29508   -1834467.750000
29509   -1834467.875000
29510   -1834468.000000
29511   -1834468.000000
29512   -1834468.000000
29513   -1834468.000000
29514   -1834468.000000
29515   -1834468.000000
29516   -1834468.250000
29517   -1834468.125000
29518   -1834468.250000
29519   -1834468.250000
29520   -1834468.250000
29521   -1834468.250000
29522   -1834468.375000
29523   -1834468.250000
29524   -1834468.250000
29525   -1834468.500000
29526   -1834468.375000
29527   -1834468.500000
29528   -1834468.625000
29529   -1834468.500000
29530   -1834468.625000
29531   -1834468.500000
29532   -1834468.750000
29533   -1834468.500000
29534   -1834468.750000
29535   -1834468.750000
29536   -1834468.750000
29537   -1834468.750000
29538   -1834468.750000
29539   -1834469.000000
29540   -1834469.000000
29541   -1834469.000000
29542   -1834468.875000
29543   -1834469.000000
29544   -1834469.000000
29545   -1834469.000000
29546   -1834469.000000
29547   -1834469.000000
29548   -1834469.000000
29549   -1834469.000000
29550   -1834469.250000
29551   -1834469.000000
29552   -1834469.125000
29553   -1834469.125000
29554   -1834469.250000
29555   -1834469.250000
29556   -1834469.250000
29557   -1834469.375000
29558   -1834469.250000
29559   -1834469.375000
29560   -1834469.500000
29561   -1834469.500000
29562   -1834469.500000
29563   -1834469.375000
29564   -1834469.500000
29565   -1834469.500000
29566   -1834469.500000
29567   -1834469.625000
29568   -1834469.750000
29569   -1834469.625000
29570   -1834469.625000
29571   -1834469.750000
29572   -1834469.750000
29573   -1834469.750000
29574   -1834469.750000
29575   -1834469.750000
29576   -1834469.750000
29577   -1834469.875000
29578   -1834469.875000
29579   -1834469.875000
29580   -1834469.750000
29581   -1834469.875000
29582   -1834470.000000
29583   -1834470.000000
29584   -1834470.000000
29585   -1834470.000000
29586   -1834470.125000
29587   -1834470.000000
29588   -1834470.250000
29589   -1834470.250000
29590   -1834470.125000
29591   -1834470.250000
29592   -1834470.250000
29593   -1834470.250000
29594   -1834470.250000
29595   -1834470.250000
29596   -1834470.500000
29597   -1834470.375000
29598   -1834470.375000
29599   -1834470.375000
29600   -1834470.500000
29601   -1834470.500000
29602   -1834470.500000
29603   -1834470.500000
29604   -1834470.500000
29605   -1834470.500000
29606   -1834470.500000
29607   -1834470.625000
29608   -1834470.625000
29609   -1834470.750000
29610   -1834470.750000
29611   -1834470.750000
29612   -1834470.750000
29613   -1834470.750000
29614   -1834470.750000
29615   -1834470.750000
29616   -1834470.750000
29617   -1834471.000000
29618   -1834471.000000
29619   -1834471.000000
29620   -1834471.000000
29621   -1834471.000000
29622   -1834471.000000
29623   -1834471.000000
29624   -1834471.125000
29625   -1834471.000000
29626   -1834471.250000
29627   -1834471.250000
29628   -1834471.250000
29629   -1834471.250000
29630   -1834471.250000
29631   -1834471.250000
29632   -1834471.250000
29633   -1834471.250000
29634   -1834471.250000
29635   -1834471.500000
29636   -1834471.375000
29637   -1834471.500000
29638   -1834471.500000
29639   -1834471.500000
29640   -1834471.625000
29641   -1834471.625000
29642   -1834471.500000
29643   -1834471.500000
29644   -1834471.625000
29645   -1834471.625000
29646   -1834471.750000
29647   -1834471.750000
29648   -1834471.750000
29649   -1834471.875000
29650   -1834471.750000
29651   -1834471.750000
29652   -1834471.750000
29653   -1834471.750000
29654   -1834472.000000
29655   -1834471.875000
29656   -1834472.000000
29657   -1834472.000000
29658   -1834472.000000
29659   -1834472.000000
29660   -1834472.250000
29661   -1834472.000000
29662   -1834472.250000
29663   -1834472.125000
29664   -1834472.250000
29665   -1834472.250000
29666   -1834472.250000
29667   -1834472.250000
29668   -1834472.375000
29669   -1834472.375000
29670   -1834472.500000
29671   -1834472.250000
29672   -1834472.500000
29673   -1834472.500000
29674   -1834472.500000
29675   -1834472.500000
29676   -1834472.625000
29677   -1834472.500000
29678   -1834472.500000
29679   -1834472.625000
29680   -1834472.750000
29681   -1834472.750000
29682   -1834472.750000
29683   -1834472.750000
29684   -1834472.750000
29685   -1834472.750000
29686   -1834473.000000
29687   -1834473.000000
29688   -1834472.875000
29689   -1834473.000000
29690   -1834473.000000
29691   -1834473.000000
29692   -1834473.000000
29693   -1834473.125000
29694   -1834473.125000
29695   -1834473.250000
29696   -1834473.250000
29697   -1834473.250000
29698   -1834473.250000
29699   -1834473.250000
29700   -1834473.250000
29701   -1834473.250000
29702   -1834473.500000
29703   -1834473.375000
29704   -1834473.500000
29705   -1834473.500000
29706   -1834473.500000
29707   -1834473.500000
29708   -1834473.500000
29709   -1834473.500000
29710   -1834473.625000
29711   -1834473.750000
29712   -1834473.625000
29713   -1834473.750000
29714   -1834473.750000
29715   -1834473.750000
29716   -1834473.750000
29717   -1834473.750000
29718   -1834473.875000
29719   -1834473.875000
29720   -1834473.875000
29721   -1834474.000000
29722   -1834474.000000
29723   -1834474.000000
29724   -1834474.000000
29725   -1834474.125000
29726   -1834474.250000
29727   -1834474.000000
29728   -1834474.250000
29729   -1834474.250000
29730   -1834474.250000
29731   -1834474.250000
29732   -1834474.250000
29733   -1834474.250000
29734   -1834474.250000
29735   -1834474.375000
29736   -1834474.500000
29737   -1834474.375000
29738   -1834474.500000
29739   -1834474.500000
29740   -1834474.500000
29741   -1834474.500000
29742   -1834474.625000
29743   -1834474.750000
29744   -1834474.750000
29745   -1834474.750000
29746   -1834474.625000
29747   -1834474.750000
29748   -1834474.875000
29749   -1834474.750000
29750   -1834474.750000
29751   -1834475.000000
29752   -1834475.000000
29753   -1834475.000000
29754   -1834475.000000
29755   -1834475.000000
29756   -1834475.250000
29757   -1834475.125000
29758   -1834475.250000
29759   -1834475.250000
29760   -1834475.250000
29761   -1834475.250000
29762   -1834475.250000
29763   -1834475.250000
29764   -1834475.250000
29765   -1834475.375000
29766   -1834475.500000
29767   -1834475.500000
29768   -1834475.500000
29769   -1834475.500000
29770   -1834475.625000
29771   -1834475.500000
29772   -1834475.750000
29773   -1834475.750000
29774   -1834475.750000
29775   -1834475.750000
29776   -1834475.875000
29777   -1834475.750000
29778   -1834475.750000
29779   -1834475.875000
29780   -1834475.875000
29781   -1834475.875000
29782   -1834476.000000
29783   -1834476.000000
29784   -1834476.125000
29785   -1834476.000000
29786   -1834476.000000
29787   -1834476.250000
29788   -1834476.250000
29789   -1834476.250000
29790   -1834476.250000
29791   -1834476.250000
29792   -1834476.375000
29793   -1834476.500000
29794   -1834476.375000
29795   -1834476.500000
29796   -1834476.500000
29797   -1834476.500000
29798   -1834476.625000
29799   -1834476.500000
29800   -1834476.625000
29801   -1834476.750000
29802   -1834476.625000
29803   -1834476.750000
29804   -1834476.750000
29805   -1834476.750000
29806   -1834476.750000
29807   -1834477.000000
29808   -1834476.875000
29809   -1834477.000000
29810   -1834477.000000
29811   -1834477.000000
29812   -1834477.125000
29813   -1834477.125000
29814   -1834477.125000
29815   -1834477.250000
29816   -1834477.125000
29817   -1834477.250000
29818   -1834477.250000
29819   -1834477.375000
29820   -1834477.375000
29821   -1834477.375000
29822   -1834477.500000
29823   -1834477.500000
29824   -1834477.500000
29825   -1834477.625000
29826   -1834477.625000
29827   -1834477.750000
29828   -1834477.750000
29829   -1834477.750000
29830   -1834477.750000
29831   -1834477.750000
29832   -1834477.875000
29833   -1834477.875000
29834   -1834478.000000
29835   -1834478.000000
29836   -1834478.000000
29837   -1834478.000000
29838   -1834478.000000
29839   -1834478.000000
29840   -1834478.125000
29841   -1834478.250000
29842   -1834478.250000
29843   -1834478.250000
29844   -1834478.250000
29845   -1834478.375000
29846   -1834478.500000
29847   -1834478.500000
29848   -1834478.500000
29849   -1834478.625000
29850   -1834478.625000
29851   -1834478.750000
29852   -1834478.750000
29853   -1834478.750000
29854   -1834478.750000
29855   -1834478.750000
29856   -1834478.875000
29857   -1834479.000000
29858   -1834479.000000
29859   -1834479.000000
29860   -1834479.000000
29861   -1834479.000000
29862   -1834479.125000
29863   -1834479.125000
29864   -1834479.250000
29865   -1834479.250000
29866   -1834479.375000
29867   -1834479.250000
29868   -1834479.375000
29869   -1834479.500000
29870   -1834479.500000
29871   -1834479.500000
29872   -1834479.500000
29873   -1834479.750000
29874   -1834479.750000
29875   -1834479.750000
29876   -1834479.750000
29877   -1834479.750000
29878   -1834479.875000
29879   -1834479.875000
29880   -1834479.875000
29881   -1834480.000000
29882   -1834480.000000
29883   -1834480.125000
29884   -1834480.250000
29885   -1834480.125000
29886   -1834480.250000
29887   -1834480.250000
29888   -1834480.375000
29889   -1834480.375000
29890   -1834480.500000
29891   -1834480.375000
29892   -1834480.500000
29893   -1834480.500000
29894   -1834480.625000
29895   -1834480.625000
29896   -1834480.750000
29897   -1834480.750000
29898   -1834480.750000
29899   -1834480.750000
29900   -1834480.875000
29901   -1834481.000000
29902   -1834481.000000
29903   -1834481.000000
29904   -1834481.125000
29905   -1834481.125000
29906   -1834481.250000
29907   -1834481.250000
29908   -1834481.250000
29909   -1834481.375000
29910   -1834481.375000
29911   -1834481.500000
29912   -1834481.500000
29913   -1834481.500000
29914   -1834481.500000
29915   -1834481.750000
29916   -1834481.750000
29917   -1834481.750000
29918   -1834481.750000
29919   -1834481.750000
29920   -1834481.875000
29921   -1834482.000000
29922   -1834482.000000
29923   -1834482.000000
29924   -1834482.125000
29925   -1834482.125000
29926   -1834482.000000
29927   -1834482.125000
29928   -1834482.250000
29929   -1834482.250000
29930   -1834482.250000
29931   -1834482.500000
29932   -1834482.500000
29933   -1834482.375000
29934   -1834482.625000
29935   -1834482.625000
29936   -1834482.750000
29937   -1834482.750000
29938   -1834482.750000
29939   -1834482.750000
29940   -1834482.750000
29941   -1834482.750000
29942   -1834483.000000
29943   -1834483.000000
29944   -1834483.000000
29945   -1834483.000000
29946   -1834483.125000
29947   -1834483.250000
29948   -1834483.125000
29949   -1834483.250000
29950   -1834483.375000
29951   -1834483.375000
29952   -1834483.500000
29953   -1834483.500000
29954   -1834483.500000
29955   -1834483.500000
29956   -1834483.625000
29957   -1834483.625000
29958   -1834483.625000
29959   -1834483.750000
29960   -1834483.750000
29961   -1834483.750000
29962   -1834483.750000
29963   -1834483.750000
29964   -1834484.000000
29965   -1834484.000000
29966   -1834484.000000
29967   -1834484.125000
29968   -1834484.000000
29969   -1834484.250000
29970   -1834484.125000
29971   -1834484.250000
29972   -1834484.250000
29973   -1834484.375000
29974   -1834484.375000
29975   -1834484.375000
29976   -1834484.500000
29977   -1834484.500000
29978   -1834484.500000
29979   -1834484.500000
29980   -1834484.750000
29981   -1834484.750000
29982   -1834484.750000
29983   -1834484.750000
29984   -1834484.750000
29985   -1834484.875000
29986   -1834484.875000
29987   -1834485.000000
29988   -1834485.000000
29989   -1834485.000000
29990   -1834485.000000
29991   -1834485.250000
29992   -1834485.250000
29993   -1834485.250000
29994   -1834485.250000
29995   -1834485.250000
29996   -1834485.250000
29997   -1834485.250000
29998   -1834485.375000
29999   -1834485.500000
30000   -1834485.500000
30001   -1834485.500000
30002   -1834485.500000
30003   -1834485.625000
30004   -1834485.500000
30005   -1834485.625000
30006   -1834485.750000
30007   -1834485.875000
30008   -1834485.875000
30009   -1834485.750000
30010   -1834486.000000
30011   -1834485.875000
30012   -1834486.000000
30013   -1834486.000000
30014   -1834486.000000
30015   -1834486.000000
30016   -1834486.000000
30017   -1834486.125000
30018   -1834486.125000
30019   -1834486.125000
30020   -1834486.250000
30021   -1834486.375000
30022   -1834486.250000
30023   -1834486.375000
30024   -1834486.500000
30025   -1834486.500000
30026   -1834486.500000
30027   -1834486.500000
30028   -1834486.500000
30029   -1834486.500000
30030   -1834486.750000
30031   -1834486.750000
30032   -1834486.750000
30033   -1834486.750000
30034   -1834486.750000
30035   -1834486.750000
30036   -1834486.875000
30037   -1834486.875000
30038   -1834486.875000
30039   -1834486.875000
30040   -1834487.000000
30041   -1834487.000000
30042   -1834487.125000
30043   -1834487.250000
30044   -1834487.250000
30045   -1834487.125000
30046   -1834487.250000
30047   -1834487.250000
30048   -1834487.250000
30049   -1834487.375000
30050   -1834487.250000
30051   -1834487.500000
30052   -1834487.500000
30053   -1834487.500000
30054   -1834487.500000
30055   -1834487.500000
30056   -1834487.500000
30057   -1834487.625000
30058   -1834487.750000
30059   -1834487.750000
30060   -1834487.750000
30061   -1834487.750000
30062   -1834487.750000
30063   -1834487.875000
30064   -1834487.875000
30065   -1834487.750000
30066   -1834488.000000
30067   -1834488.000000
30068   -1834488.000000
30069   -1834488.000000
30070   -1834488.250000
30071   -1834488.125000
30072   -1834488.250000
30073   -1834488.250000
30074   -1834488.250000
30075   -1834488.250000
30076   -1834488.250000
30077   -1834488.250000
30078   -1834488.250000
30079   -1834488.375000
30080   -1834488.375000
30081   -1834488.500000
30082   -1834488.500000
30083   -1834488.500000
30084   -1834488.500000
30085   -1834488.500000
30086   -1834488.625000
30087   -1834488.625000
30088   -1834488.750000
30089   -1834488.750000
30090   -1834488.750000
30091   -1834488.750000
30092   -1834488.750000
30093   -1834488.875000
30094   -1834488.750000
30095   -1834489.000000
30096   -1834489.000000
30097   -1834489.000000
30098   -1834489.000000
30099   -1834489.125000
30100   -1834489.000000
30101   -1834489.000000
30102   -1834489.125000
30103   -1834489.250000
30104   -1834489.250000
30105   -1834489.250000
30106   -1834489.250000
30107   -1834489.250000
30108   -1834489.250000
30109   -1834489.500000
30110   -1834489.500000
30111   -1834489.500000
30112   -1834489.500000
30113   -1834489.500000
30114   -1834489.500000
30115   -1834489.625000
30116   -1834489.500000
30117   -1834489.625000
30118   -1834489.625000
30119   -1834489.625000
30120   -1834489.750000
30121   -1834489.750000
30122   -1834489.750000
30123   -1834489.750000
30124   -1834489.750000
30125   -1834489.875000
30126   -1834489.875000
30127   -1834489.875000
30128   -1834489.875000
30129   -1834490.000000
30130   -1834490.000000
30131   -1834490.000000
30132   -1834490.000000
30133   -1834490.000000
30134   -1834490.000000
30135   -1834490.000000
30136   -1834490.250000
30137   -1834490.250000
30138   -1834490.250000
30139   -1834490.250000
30140   -1834490.250000
30141   -1834490.250000
30142   -1834490.375000
30143   -1834490.375000
30144   -1834490.500000
30145   -1834490.375000
30146   -1834490.500000
30147   -1834490.500000
30148   -1834490.500000
30149   -1834490.500000
30150   -1834490.500000
30151   -1834490.500000
30152   -1834490.625000
30153   -1834490.625000
30154   -1834490.750000
30155   -1834490.625000
30156   -1834490.750000
30157   -1834490.750000
30158   -1834490.750000
30159   -1834490.750000
30160   -1834490.875000
30161   -1834490.875000
30162   -1834490.875000
30163   -1834491.000000
30164   -1834491.000000
30165   -1834491.000000
30166   -1834491.000000
30167   -1834491.000000
30168   -1834491.000000
30169   -1834491.000000
30170   -1834491.125000
30171   -1834491.125000
30172   -1834491.125000
30173   -1834491.250000
30174   -1834491.250000
30175   -1834491.250000
30176   -1834491.250000
30177   -1834491.250000
30178   -1834491.250000
30179   -1834491.250000
30180   -1834491.250000
30181   -1834491.375000
30182   -1834491.375000
30183   -1834491.500000
30184   -1834491.500000
30185   -1834491.500000
30186   -1834491.500000
30187   -1834491.625000
30188   -1834491.625000
30189   -1834491.625000
30190   -1834491.500000
30191   -1834491.625000
30192   -1834491.750000
30193   -1834491.750000
30194   -1834491.750000
30195   -1834491.875000
30196   -1834491.750000
30197   -1834491.750000
30198   -1834491.750000
30199   -1834491.750000
30200   -1834491.875000
30201   -1834492.000000
30202   -1834492.000000
30203   -1834492.000000
30204   -1834492.000000
30205   -1834492.000000
30206   -1834492.000000
30207   -1834492.125000
30208   -1834492.000000
30209   -1834492.125000
30210   -1834492.000000
30211   -1834492.250000
30212   -1834492.125000
30213   -1834492.250000
30214   -1834492.250000
30215   -1834492.250000
30216   -1834492.250000
30217   -1834492.375000
30218   -1834492.375000
30219   -1834492.375000
30220   -1834492.375000
30221   -1834492.500000
30222   -1834492.375000
30223   -1834492.500000
30224   -1834492.500000
30225   -1834492.500000
30226   -1834492.500000
30227   -1834492.625000
30228   -1834492.500000
30229   -1834492.625000
30230   -1834492.625000
30231   -1834492.625000
30232   -1834492.625000
30233   -1834492.750000
30234   -1834492.750000
30235   -1834492.750000
30236   -1834492.750000
30237   -1834492.750000
30238   -1834492.750000
30239   -1834492.750000
30240   -1834492.875000
30241   -1834492.875000
30242   -1834493.000000
30243   -1834493.000000
30244   -1834493.000000
30245   -1834493.000000
30246   -1834493.000000
30247   -1834493.000000
30248   -1834493.000000
30249   -1834493.000000
30250   -1834493.000000
30251   -1834493.125000
30252   -1834493.000000
30253   -1834493.125000
30254   -1834493.250000
30255   -1834493.250000
30256   -1834493.250000
30257   -1834493.250000
30258   -1834493.250000
30259   -1834493.250000
30260   -1834493.250000
30261   -1834493.375000
30262   -1834493.250000
30263   -1834493.500000
30264   -1834493.375000
30265   -1834493.375000
30266   -1834493.500000
30267   -1834493.500000
30268   -1834493.500000
30269   -1834493.500000
30270   -1834493.500000
30271   -1834493.500000
30272   -1834493.500000
30273   -1834493.625000
30274   -1834493.625000
30275   -1834493.625000
30276   -1834493.625000
30277   -1834493.750000
30278   -1834493.750000
30279   -1834493.750000
30280   -1834493.750000
30281   -1834493.750000
30282   -1834493.750000
30283   -1834493.750000
30284   -1834493.875000
30285   -1834493.750000
30286   -1834494.000000
30287   -1834494.000000
30288   -1834494.000000
30289   -1834494.000000
30290   -1834494.000000
30291   -1834494.000000
30292   -1834494.000000
30293   -1834494.000000
30294   -1834494.000000
30295   -1834494.000000
30296   -1834494.125000
30297   -1834494.000000
30298   -1834494.000000
30299   -1834494.000000
30300   -1834494.125000
30301   -1834494.250000
30302   -1834494.250000
30303   -1834494.250000
30304   -1834494.250000
30305   -1834494.250000
30306   -1834494.250000
30307   -1834494.250000
30308   -1834494.250000
30309   -1834494.250000
30310   -1834494.250000
30311   -1834494.375000
30312   -1834494.375000
30313   -1834494.375000
30314   -1834494.375000
30315   -1834494.500000
30316   -1834494.375000
30317   -1834494.500000
30318   -1834494.500000
30319   -1834494.500000
30320   -1834494.500000
30321   -1834494.500000
30322   -1834494.625000
30323   -1834494.500000
30324   -1834494.500000
30325   -1834494.500000
30326   -1834494.500000
30327   -1834494.625000
30328   -1834494.625000
30329   -1834494.625000
30330   -1834494.750000
30331   -1834494.750000
30332   -1834494.750000
30333   -1834494.750000
30334   -1834494.750000
30335   -1834494.750000
30336   -1834494.750000
30337   -1834494.875000
30338   -1834494.875000
30339   -1834494.750000
30340   -1834495.000000
30341   -1834495.000000
30342   -1834494.750000
30343   -1834495.000000
30344   -1834494.875000
30345   -1834495.000000
30346   -1834495.000000
30347   -1834495.000000
30348   -1834495.000000
30349   -1834495.000000
30350   -1834495.000000
30351   -1834495.125000
30352   -1834495.000000
30353   -1834495.000000
30354   -1834495.125000
30355   -1834495.250000
30356   -1834495.125000
30357   -1834495.250000
30358   -1834495.250000
30359   -1834495.250000
30360   -1834495.250000
30361   -1834495.250000
30362   -1834495.375000
30363   -1834495.375000
30364   -1834495.250000
30365   -1834495.250000
30366   -1834495.375000
30367   -1834495.500000
30368   -1834495.375000
30369   -1834495.375000
30370   -1834495.500000
30371   -1834495.500000
30372   -1834495.500000
30373   -1834495.500000
30374   -1834495.500000
30375   -1834495.500000
30376   -1834495.625000
30377   -1834495.500000
30378   -1834495.750000
30379   -1834495.750000
30380   -1834495.750000
30381   -1834495.625000
30382   -1834495.750000
30383   -1834495.875000
30384   -1834495.750000
30385   -1834495.875000
30386   -1834495.875000
30387   -1834495.750000
30388   -1834495.875000
30389   -1834495.875000
30390   -1834496.000000
30391   -1834495.875000
30392   -1834496.000000
30393   -1834495.875000
30394   -1834496.000000
30395   -1834496.000000
30396   -1834496.000000
30397   -1834496.125000
30398   -1834496.000000
30399   -1834496.125000
30400   -1834496.125000
30401   -1834496.250000
30402   -1834496.125000
30403   -1834496.250000
30404   -1834496.250000
30405   -1834496.250000
30406   -1834496.250000
30407   -1834496.375000
30408   -1834496.375000
30409   -1834496.250000
30410   -1834496.500000
30411   -1834496.500000
30412   -1834496.625000
30413   -1834496.500000
30414   -1834496.500000
30415   -1834496.500000
30416   -1834496.500000
30417   -1834496.500000
30418   -1834496.625000
30419   -1834496.750000
30420   -1834496.625000
30421   -1834496.750000
30422   -1834496.750000
30423   -1834496.750000
30424   -1834496.875000
30425   -1834496.750000
30426   -1834497.000000
30427   -1834496.875000
30428   -1834497.000000
30429   -1834497.000000
30430   -1834497.000000
30431   -1834497.000000
30432   -1834497.000000
30433   -1834497.125000
30434   -1834497.125000
30435   -1834497.250000
30436   -1834497.250000
30437   -1834497.125000
30438   -1834497.250000
30439   -1834497.250000
30440   -1834497.250000
30441   -1834497.250000
30442   -1834497.375000
30443   -1834497.375000
30444   -1834497.500000
30445   -1834497.500000
30446   -1834497.500000
30447   -1834497.625000
30448   -1834497.500000
30449   -1834497.750000
30450   -1834497.750000
30451   -1834497.750000
30452   -1834497.750000
30453   -1834497.750000
30454   -1834497.750000
30455   -1834497.750000
30456   -1834497.750000
30457   -1834497.875000
30458   -1834498.000000
30459   -1834498.000000
30460   -1834498.000000
30461   -1834498.000000
30462   -1834498.000000
30463   -1834498.000000
30464   -1834498.125000
30465   -1834498.250000
30466   -1834498.250000
30467   -1834498.250000
30468   -1834498.375000
30469   -1834498.250000
30470   -1834498.500000
30471   -1834498.375000
30472   -1834498.500000
30473   -1834498.500000
30474   -1834498.625000
30475   -1834498.625000
30476   -1834498.750000
30477   -1834498.625000
30478   -1834498.750000
30479   -1834498.750000
30480   -1834498.750000
30481   -1834498.750000
30482   -1834498.875000
30483   -1834498.875000
30484   -1834499.000000
30485   -1834499.125000
30486   -1834499.125000
30487   -1834499.125000
30488   -1834499.250000
30489   -1834499.250000
30490   -1834499.250000
30491   -1834499.250000
30492   -1834499.250000
30493   -1834499.500000
30494   -1834499.500000
30495   -1834499.375000
30496   -1834499.500000
30497   -1834499.500000
30498   -1834499.625000
30499   -1834499.625000
30500   -1834499.750000
30501   -1834499.750000
30502   -1834499.750000
30503   -1834499.875000
30504   -1834499.875000
30505   -1834500.000000
30506   -1834500.000000
30507   -1834500.000000
30508   -1834500.000000
30509   -1834500.125000
30510   -1834500.250000
30511   -1834500.250000
30512   -1834500.250000
30513   -1834500.375000
30514   -1834500.375000
30515   -1834500.375000
30516   -1834500.500000
30517   -1834500.500000
30518   -1834500.500000
30519   -1834500.625000
30520   -1834500.625000
30521   -1834500.750000
30522   -1834500.750000
30523   -1834500.750000
30524   -1834500.875000
30525   -1834501.000000
30526   -1834501.000000
30527   -1834501.000000
30528   -1834501.125000
30529   -1834501.125000
30530   -1834501.250000
30531   -1834501.250000
30532   -1834501.250000
30533   -1834501.375000
30534   -1834501.500000
30535   -1834501.500000
30536   -1834501.500000
30537   -1834501.625000
30538   -1834501.625000
30539   -1834501.750000
30540   -1834501.750000
30541   -1834501.750000
30542   -1834502.000000
30543   -1834501.875000
30544   -1834502.000000
30545   -1834502.000000
30546   -1834502.000000
30547   -1834502.000000
30548   -1834502.250000
30549   -1834502.250000
30550   -1834502.250000
30551   -1834502.375000
30552   -1834502.500000
30553   -1834502.500000
30554   -1834502.500000
30555   -1834502.500000
30556   -1834502.500000
30557   -1834502.750000
30558   -1834502.750000
30559   -1834502.875000
30560   -1834502.875000
30561   -1834502.875000
30562   -1834502.875000
30563   -1834503.000000
30564   -1834503.125000
30565   -1834503.125000
30566   -1834503.250000
30567   -1834503.250000
30568   -1834503.375000
30569   -1834503.250000
30570   -1834503.375000
30571   -1834503.500000
30572   -1834503.500000
30573   -1834503.625000
30574   -1834503.750000
30575   -1834503.750000
30576   -1834503.750000
30577   -1834503.750000
30578   -1834503.750000
30579   -1834504.000000
30580   -1834504.000000
30581   -1834504.000000
30582   -1834504.125000
30583   -1834504.000000
30584   -1834504.250000
30585   -1834504.250000
30586   -1834504.250000
30587   -1834504.250000
30588   -1834504.500000
30589   -1834504.500000
30590   -1834504.500000
30591   -1834504.625000
30592   -1834504.625000
30593   -1834504.750000
30594   -1834504.750000
30595   -1834504.750000
30596   -1834504.750000
30597   -1834505.000000
30598   -1834505.000000
30599   -1834505.000000
30600   -1834505.125000
30601   -1834505.125000
30602   -1834505.250000
30603   -1834505.250000
30604   -1834505.250000
30605   -1834505.500000
30606   -1834505.500000
30607   -1834505.500000
30608   -1834505.500000
30609   -1834505.625000
30610   -1834505.625000
30611   -1834505.750000
30612   -1834505.750000
30613   -1834505.875000
30614   -1834505.875000
30615   -1834506.000000
30616   -1834505.750000
30617   -1834506.000000
30618   -1834506.000000
30619   -1834506.250000
30620   -1834506.250000
30621   -1834506.250000
30622   -1834506.375000
30623   -1834506.500000
30624   -1834506.500000
30625   -1834506.500000
30626   -1834506.500000
30627   -1834506.500000
30628   -1834506.625000
30629   -1834506.750000
30630   -1834506.750000
30631   -1834506.750000
30632   -1834506.875000
30633   -1834507.000000
30634   -1834507.125000
30635   -1834507.125000
30636   -1834507.125000
30637   -1834507.125000
30638   -1834507.250000
30639   -1834507.375000
30640   -1834507.500000
30641   -1834507.500000
30642   -1834507.500000
30643   -1834507.500000
30644   -1834507.750000
30645   -1834507.750000
30646   -1834507.750000
30647   -1834507.750000
30648   -1834507.875000
30649   -1834508.000000
30650   -1834507.875000
30651   -1834508.000000
30652   -1834508.000000
30653   -1834508.000000
30654   -1834508.250000
30655   -1834508.250000
30656   -1834508.375000
30657   -1834508.375000
30658   -1834508.375000
30659   -1834508.500000
30660   -1834508.500000
30661   -1834508.625000
30662   -1834508.750000
30663   -1834508.750000
30664   -1834508.750000
30665   -1834508.750000
30666   -1834508.875000
30667   -1834509.000000
30668   -1834509.000000
30669   -1834509.125000
30670   -1834509.125000
30671   -1834509.250000
30672   -1834509.250000
30673   -1834509.250000
30674   -1834509.500000
30675   -1834509.500000
30676   -1834509.500000
30677   -1834509.500000
30678   -1834509.625000
30679   -1834509.750000
30680   -1834509.750000
30681   -1834509.750000
30682   -1834510.000000
30683   -1834510.000000
30684   -1834510.125000
30685   -1834510.000000
30686   -1834510.250000
30687   -1834510.250000
30688   -1834510.250000
30689   -1834510.250000
30690   -1834510.500000
30691   -1834510.500000
30692   -1834510.500000
30693   -1834510.625000
30694   -1834510.625000
30695   -1834510.750000
30696   -1834510.750000
30697   -1834510.875000
30698   -1834510.875000
30699   -1834511.000000
30700   -1834511.000000
30701   -1834511.125000
30702   -1834511.250000
30703   -1834511.250000
30704   -1834511.250000
30705   -1834511.375000
30706   -1834511.500000
30707   -1834511.375000
30708   -1834511.625000
30709   -1834511.625000
30710   -1834511.750000
30711   -1834511.750000
30712   -1834511.750000
30713   -1834511.875000
30714   -1834512.000000
30715   -1834512.000000
30716   -1834512.000000
30717   -1834512.125000
30718   -1834512.250000
30719   -1834512.250000
30720   -1834512.250000
30721   -1834512.375000
30722   -1834512.375000
30723   -1834512.500000
30724   -1834512.625000
30725   -1834512.625000
30726   -1834512.750000
30727   -1834512.750000
30728   -1834512.750000
30729   -1834512.875000
30730   -1834513.000000
30731   -1834513.125000
30732   -1834513.125000
30733   -1834513.125000
30734   -1834513.250000
30735   -1834513.250000
30736   -1834513.250000
30737   -1834513.500000
30738   -1834513.500000
30739   -1834513.500000
30740   -1834513.750000
30741   -1834513.750000
30742   -1834513.750000
30743   -1834513.875000
30744   -1834514.000000
30745   -1834514.000000
30746   -1834514.000000
30747   -1834514.125000
30748   -1834514.125000
30749   -1834514.250000
30750   -1834514.375000
30751   -1834514.375000
30752   -1834514.500000
30753   -1834514.500000
30754   -1834514.625000
30755   -1834514.750000
30756   -1834514.750000
30757   -1834514.875000
30758   -1834514.750000
30759   -1834515.000000
30760   -1834515.000000
30761   -1834515.000000
30762   -1834515.000000
30763   -1834515.250000
30764   -1834515.125000
30765   -1834515.250000
30766   -1834515.375000
30767   -1834515.500000
30768   -1834515.500000
30769   -1834515.500000
30770   -1834515.625000
30771   -1834515.750000
30772   -1834515.750000
30773   -1834515.750000
30774   -1834516.000000
30775   -1834516.000000
30776   -1834516.000000
30777   -1834516.125000
30778   -1834516.250000
30779   -1834516.250000
30780   -1834516.250000
30781   -1834516.375000
30782   -1834516.500000
30783   -1834516.500000
30784   -1834516.500000
30785   -1834516.625000
30786   -1834516.750000
30787   -1834516.750000
30788   -1834516.875000
30789   -1834516.875000
30790   -1834517.000000
30791   -1834517.000000
30792   -1834517.000000
30793   -1834517.125000
30794   -1834517.250000
30795   -1834517.250000
30796   -1834517.250000
30797   -1834517.375000
30798   -1834517.500000
30799   -1834517.625000
30800   -1834517.750000
30801   -1834517.750000
30802   -1834517.750000
30803   -1834517.750000
30804   -1834517.750000
30805   -1834518.000000
30806   -1834518.000000
30807   -1834518.000000
30808   -1834518.125000
30809   -1834518.250000
30810   -1834518.125000
30811   -1834518.250000
30812   -1834518.375000
30813   -1834518.375000
30814   -1834518.500000
30815   -1834518.500000
30816   -1834518.500000
30817   -1834518.625000
30818   -1834518.750000
30819   -1834518.750000
30820   -1834518.875000
30821   -1834519.000000
30822   -1834519.000000
30823   -1834519.000000
30824   -1834519.000000
30825   -1834519.125000
30826   -1834519.250000
30827   -1834519.250000
30828   -1834519.250000
30829   -1834519.375000
30830   -1834519.375000
30831   -1834519.500000
30832   -1834519.500000
30833   -1834519.500000
30834   -1834519.500000
30835   -1834519.750000
30836   -1834519.875000
30837   -1834519.750000
30838   -1834519.750000
30839   -1834519.875000
30840   -1834520.000000
30841   -1834520.125000
30842   -1834520.125000
30843   -1834520.250000
30844   -1834520.250000
30845   -1834520.250000
30846   -1834520.250000
30847   -1834520.250000
30848   -1834520.500000
30849   -1834520.500000
30850   -1834520.625000
30851   -1834520.500000
30852   -1834520.750000
30853   -1834520.750000
30854   -1834520.750000
30855   -1834520.875000
30856   -1834521.000000
30857   -1834521.000000
30858   -1834521.000000
30859   -1834521.125000
30860   -1834521.125000
30861   -1834521.250000
30862   -1834521.375000
30863   -1834521.250000
30864   -1834521.250000
30865   -1834521.375000
30866   -1834521.500000
30867   -1834521.625000
30868   -1834521.625000
30869   -1834521.750000
30870   -1834521.750000
30871   -1834521.750000
30872   -1834521.875000
30873   -1834522.000000
30874   -1834522.000000
30875   -1834522.000000
30876   -1834522.000000
30877   -1834522.125000
30878   -1834522.125000
30879   -1834522.250000
30880   -1834522.375000
30881   -1834522.375000
30882   -1834522.375000
30883   -1834522.500000
30884   -1834522.500000
30885   -1834522.500000
30886   -1834522.750000
30887   -1834522.750000
30888   -1834522.750000
30889   -1834522.750000
30890   -1834522.875000
30891   -1834522.875000
30892   -1834523.000000
30893   -1834523.000000
30894   -1834523.250000
30895   -1834523.125000
30896   -1834523.250000
30897   -1834523.250000
30898   -1834523.500000
30899   -1834523.250000
30900   -1834523.500000
30901   -1834523.625000
30902   -1834523.500000
30903   -1834523.625000
30904   -1834523.625000
30905   -1834523.750000
30906   -1834523.750000
30907   -1834523.875000
30908   -1834524.000000
30909   -1834524.000000
30910   -1834524.000000
30911   -1834524.125000
30912   -1834524.125000
30913   -1834524.125000
30914   -1834524.250000
30915   -1834524.250000
30916   -1834524.375000
30917   -1834524.375000
30918   -1834524.500000
30919   -1834524.625000
30920   -1834524.625000
30921   -1834524.750000
30922   -1834524.750000
30923   -1834524.875000
30924   -1834524.750000
30925   -1834525.000000
30926   -1834525.000000
30927   -1834525.000000
30928   -1834525.125000
30929   -1834525.125000
30930   -1834525.250000
30931   -1834525.250000
30932   -1834525.375000
30933   -1834525.250000
30934   -1834525.500000
30935   -1834525.500000
30936   -1834525.500000
30937   -1834525.625000
30938   -1834525.750000
30939   -1834525.750000
30940   -1834526.000000
30941   -1834525.750000
30942   -1834526.000000
30943   -1834526.000000
30944   -1834526.125000
30945   -1834526.125000
30946   -1834526.250000
30947   -1834526.250000
30948   -1834526.375000
30949   -1834526.375000
30950   -1834526.500000
30951   -1834526.500000
30952   -1834526.625000
30953   -1834526.750000
30954   -1834526.750000
30955   -1834526.750000
30956   -1834527.000000
30957   -1834527.000000
30958   -1834527.000000
30959   -1834527.000000
30960   -1834527.250000
30961   -1834527.125000
30962   -1834527.250000
30963   -1834527.375000
30964   -1834527.500000
30965   -1834527.375000
30966   -1834527.500000
30967   -1834527.625000
30968   -1834527.625000
30969   -1834527.750000
30970   -1834527.750000
30971   -1834528.000000
30972   -1834528.000000
30973   -1834528.125000
30974   -1834528.000000
30975   -1834528.125000
30976   -1834528.250000
30977   -1834528.375000
30978   -1834528.500000
30979   -1834528.500000
30980   -1834528.500000
30981   -1834528.625000
30982   -1834528.750000
30983   -1834528.750000
30984   -1834528.875000
30985   -1834528.875000
30986   -1834529.000000
30987   -1834529.000000
30988   -1834529.250000
30989   -1834529.250000
30990   -1834529.250000
30991   -1834529.375000
30992   -1834529.500000
30993   -1834529.625000
30994   -1834529.625000
30995   -1834529.750000
30996   -1834529.750000
30997   -1834529.875000
30998   -1834530.000000
30999   -1834530.000000
31000   -1834530.000000
31001   -1834530.125000
31002   -1834530.250000
31003   -1834530.250000
31004   -1834530.375000
31005   -1834530.500000
31006   -1834530.500000
31007   -1834530.500000
31008   -1834530.750000
31009   -1834530.750000
31010   -1834530.750000
31011   -1834530.750000
31012   -1834531.000000
31013   -1834531.125000
31014   -1834531.250000
31015   -1834531.250000
31016   -1834531.250000
31017   -1834531.250000
31018   -1834531.500000
31019   -1834531.500000
31020   -1834531.625000
31021   -1834531.625000
31022   -1834531.750000
31023   -1834531.750000
31024   -1834532.000000
31025   -1834532.000000
31026   -1834532.000000
31027   -1834532.250000
31028   -1834532.250000
31029   -1834532.250000
31030   -1834532.375000
31031   -1834532.375000
31032   -1834532.500000
31033   -1834532.625000
31034   -1834532.750000
31035   -1834532.750000
31036   -1834532.875000
31037   -1834533.000000
31038   -1834533.000000
31039   -1834533.125000
31040   -1834533.250000
31041   -1834533.375000
31042   -1834533.375000
31043   -1834533.500000
31044   -1834533.500000
31045   -1834533.625000
31046   -1834533.750000
31047   -1834533.750000
31048   -1834533.750000
31049   -1834534.000000
31050   -1834534.000000
31051   -1834534.000000
31052   -1834534.250000
31053   -1834534.250000
31054   -1834534.375000
31055   -1834534.375000
31056   -1834534.500000
31057   -1834534.500000
31058   -1834534.625000
31059   -1834534.750000
31060   -1834534.750000
31061   -1834534.875000
31062   -1834535.000000
31063   -1834535.000000
31064   -1834535.125000
31065   -1834535.250000
31066   -1834535.375000
31067   -1834535.500000
31068   -1834535.500000
31069   -1834535.625000
31070   -1834535.625000
31071   -1834535.625000
31072   -1834535.750000
31073   -1834535.875000
31074   -1834535.875000
31075   -1834535.875000
31076   -1834536.000000
31077   -1834536.125000
31078   -1834536.125000
31079   -1834536.250000
31080   -1834536.250000
31081   -1834536.500000
31082   -1834536.500000
31083   -1834536.625000
31084   -1834536.625000
31085   -1834536.750000
31086   -1834536.875000
31087   -1834536.875000
31088   -1834537.000000
31089   -1834537.125000
31090   -1834537.125000
31091   -1834537.125000
31092   -1834537.250000
31093   -1834537.375000
31094   -1834537.375000
31095   -1834537.500000
31096   -1834537.625000
31097   -1834537.625000
31098   -1834537.750000
31099   -1834537.750000
31100   -1834537.875000
31101   -1834538.000000
31102   -1834538.000000
31103   -1834538.000000
31104   -1834538.000000
31105   -1834538.250000
31106   -1834538.250000
31107   -1834538.250000
31108   -1834538.375000
31109   -1834538.500000
31110   -1834538.500000
31111   -1834538.625000
31112   -1834538.750000
31113   -1834538.750000
31114   -1834538.875000
31115   -1834539.000000
31116   -1834539.000000
31117   -1834539.000000
31118   -1834539.000000
31119   -1834539.250000
31120   -1834539.250000
31121   -1834539.250000
31122   -1834539.375000
31123   -1834539.375000
31124   -1834539.500000
31125   -1834539.500000
31126   -1834539.500000
31127   -1834539.750000
31128   -1834539.750000
31129   -1834539.875000
31130   -1834539.875000
31131   -1834539.750000
31132   -1834540.000000
31133   -1834540.125000
31134   -1834540.000000
31135   -1834540.125000
31136   -1834540.250000
31137   -1834540.250000
31138   -1834540.375000
31139   -1834540.500000
31140   -1834540.500000
31141   -1834540.625000
31142   -1834540.500000
31143   -1834540.625000
31144   -1834540.750000
31145   -1834540.750000
31146   -1834540.750000
31147   -1834540.875000
31148   -1834541.000000
31149   -1834541.125000
31150   -1834541.125000
31151   -1834541.250000
31152   -1834541.250000
31153   -1834541.250000
31154   -1834541.375000
31155   -1834541.500000
31156   -1834541.500000
31157   -1834541.500000
31158   -1834541.625000
31159   -1834541.750000
31160   -1834541.625000
31161   -1834541.750000
31162   -1834541.875000
31163   -1834541.875000
31164   -1834542.000000
31165   -1834542.000000
31166   -1834542.000000
31167   -1834542.125000
31168   -1834542.250000
31169   -1834542.250000
31170   -1834542.250000
31171   -1834542.375000
31172   -1834542.250000
31173   -1834542.500000
31174   -1834542.500000
31175   -1834542.500000
31176   -1834542.750000
31177   -1834542.750000
31178   -1834542.750000
31179   -1834542.875000
31180   -1834542.875000
31181   -1834543.000000
31182   -1834543.000000
31183   -1834543.000000
31184   -1834543.125000
31185   -1834543.000000
31186   -1834543.250000
31187   -1834543.250000
31188   -1834543.250000
31189   -1834543.375000
31190   -1834543.375000
31191   -1834543.375000
31192   -1834543.500000
31193   -1834543.500000
31194   -1834543.625000
31195   -1834543.750000
31196   -1834543.750000
31197   -1834543.750000
31198   -1834543.750000
31199   -1834544.000000
31200   -1834544.000000
31201   -1834544.000000
31202   -1834544.000000
31203   -1834544.000000
31204   -1834544.125000
31205   -1834544.250000
31206   -1834544.250000
31207   -1834544.250000
31208   -1834544.375000
31209   -1834544.500000
31210   -1834544.500000
31211   -1834544.500000
31212   -1834544.500000
31213   -1834544.625000
31214   -1834544.750000
31215   -1834544.625000
31216   -1834544.750000
31217   -1834544.750000
31218   -1834544.750000
31219   -1834544.750000
31220   -1834544.875000
31221   -1834545.000000
31222   -1834545.000000
31223   -1834545.000000
31224   -1834545.125000
31225   -1834545.125000
31226   -1834545.125000
31227   -1834545.250000
31228   -1834545.250000
31229   -1834545.250000
31230   -1834545.375000
31231   -1834545.375000
31232   -1834545.500000
31233   -1834545.500000
31234   -1834545.500000
31235   -1834545.500000
31236   -1834545.750000
31237   -1834545.750000
31238   -1834545.750000
31239   -1834545.750000
31240   -1834545.750000
31241   -1834545.875000
31242   -1834545.875000
31243   -1834546.000000
31244   -1834546.000000
31245   -1834546.000000
31246   -1834546.000000
31247   -1834546.125000
31248   -1834546.125000
31249   -1834546.125000
31250   -1834546.250000
31251   -1834546.250000
31252   -1834546.250000
31253   -1834546.375000
31254   -1834546.500000
31255   -1834546.500000
31256   -1834546.500000
31257   -1834546.500000
31258   -1834546.500000
31259   -1834546.625000
31260   -1834546.750000
31261   -1834546.625000
31262   -1834546.625000
31263   -1834546.750000
31264   -1834546.750000
31265   -1834547.000000
31266   -1834546.875000
31267   -1834546.875000
31268   -1834547.000000
31269   -1834547.000000
31270   -1834547.000000
31271   -1834547.250000
31272   -1834547.125000
31273   -1834547.250000
31274   -1834547.250000
31275   -1834547.250000
31276   -1834547.375000
31277   -1834547.500000
31278   -1834547.500000
31279   -1834547.500000
31280   -1834547.500000
31281   -1834547.625000
31282   -1834547.625000
31283   -1834547.625000
31284   -1834547.750000
31285   -1834547.750000
31286   -1834547.750000
31287   -1834547.750000
31288   -1834547.875000
31289   -1834547.875000
31290   -1834548.000000
31291   -1834548.000000
31292   -1834548.000000
31293   -1834548.000000
31294   -1834548.125000
31295   -1834548.250000
31296   -1834548.250000
31297   -1834548.250000
31298   -1834548.250000
31299   -1834548.250000
31300   -1834548.250000
31301   -1834548.500000
31302   -1834548.500000
31303   -1834548.625000
31304   -1834548.625000
31305   -1834548.625000
31306   -1834548.625000
31307   -1834548.750000
31308   -1834548.875000
31309   -1834548.750000
31310   -1834548.750000
31311   -1834548.750000
31312   -1834549.000000
31313   -1834549.000000
31314   -1834549.000000
31315   -1834549.000000
31316   -1834549.250000
31317   -1834549.250000
31318   -1834549.250000
31319   -1834549.375000
31320   -1834549.250000
31321   -1834549.500000
31322   -1834549.500000
31323   -1834549.500000
31324   -1834549.750000
31325   -1834549.500000
31326   -1834549.750000
31327   -1834549.750000
31328   -1834549.750000
31329   -1834549.750000
31330   -1834549.875000
31331   -1834549.875000
31332   -1834549.875000
31333   -1834550.000000
31334   -1834550.000000
31335   -1834550.000000
31336   -1834550.125000
31337   -1834550.250000
31338   -1834550.250000
31339   -1834550.250000
31340   -1834550.375000
31341   -1834550.500000
31342   -1834550.500000
31343   -1834550.500000
31344   -1834550.500000
31345   -1834550.750000
31346   -1834550.750000
31347   -1834550.750000
31348   -1834550.750000
31349   -1834550.875000
31350   -1834550.875000
31351   -1834551.000000
31352   -1834551.000000
31353   -1834551.000000
31354   -1834551.125000
31355   -1834551.250000
31356   -1834551.250000
31357   -1834551.250000
31358   -1834551.250000
31359   -1834551.375000
31360   -1834551.500000
31361   -1834551.375000
31362   -1834551.500000
31363   -1834551.625000
31364   -1834551.750000
31365   -1834551.750000
31366   -1834551.750000
31367   -1834551.875000
31368   -1834551.750000
31369   -1834552.000000
31370   -1834552.125000
31371   -1834552.000000
31372   -1834552.250000
31373   -1834552.250000
31374   -1834552.250000
31375   -1834552.250000
31376   -1834552.375000
31377   -1834552.500000
31378   -1834552.500000
31379   -1834552.500000
31380   -1834552.625000
31381   -1834552.625000
31382   -1834552.750000
31383   -1834552.750000
31384   -1834553.000000
31385   -1834553.000000
31386   -1834553.000000
31387   -1834553.000000
31388   -1834553.125000
31389   -1834553.250000
31390   -1834553.250000
31391   -1834553.250000
31392   -1834553.375000
31393   -1834553.500000
31394   -1834553.500000
31395   -1834553.625000
31396   -1834553.750000
31397   -1834553.750000
31398   -1834553.875000
31399   -1834554.000000
31400   -1834554.000000
31401   -1834554.125000
31402   -1834554.250000
31403   -1834554.250000
31404   -1834554.375000
31405   -1834554.500000
31406   -1834554.500000
31407   -1834554.625000
31408   -1834554.625000
31409   -1834554.750000
31410   -1834554.750000
31411   -1834554.875000
31412   -1834554.875000
31413   -1834555.000000
31414   -1834555.125000
31415   -1834555.250000
31416   -1834555.250000
31417   -1834555.375000
31418   -1834555.500000
31419   -1834555.500000
31420   -1834555.625000
31421   -1834555.750000
31422   -1834555.750000
31423   -1834555.875000
31424   -1834556.000000
31425   -1834556.125000
31426   -1834556.000000
31427   -1834556.250000
31428   -1834556.250000
31429   -1834556.500000
31430   -1834556.500000
31431   -1834556.500000
31432   -1834556.625000
31433   -1834556.875000
31434   -1834556.750000
31435   -1834557.000000
31436   -1834557.000000
31437   -1834557.250000
31438   -1834557.250000
31439   -1834557.250000
31440   -1834557.500000
31441   -1834557.500000
31442   -1834557.625000
31443   -1834557.750000
31444   -1834557.750000
31445   -1834558.000000
31446   -1834558.000000
31447   -1834558.125000
31448   -1834558.250000
31449   -1834558.250000
31450   -1834558.375000
31451   -1834558.375000
31452   -1834558.500000
31453   -1834558.625000
31454   -1834558.750000
31455   -1834558.875000
31456   -1834558.875000
31457   -1834559.000000
31458   -1834559.250000
31459   -1834559.125000
31460   -1834559.250000
31461   -1834559.500000
31462   -1834559.500000
31463   -1834559.500000
31464   -1834559.750000
31465   -1834559.750000
31466   -1834559.875000
31467   -1834560.000000
31468   -1834560.125000
31469   -1834560.125000
31470   -1834560.375000
31471   -1834560.375000
31472   -1834560.375000
31473   -1834560.500000
31474   -1834560.625000
31475   -1834560.750000
31476   -1834560.875000
31477   -1834561.000000
31478   -1834561.000000
31479   -1834561.125000
31480   -1834561.250000
31481   -1834561.375000
31482   -1834561.500000
31483   -1834561.500000
31484   -1834561.500000
31485   -1834561.750000
31486   -1834562.000000
31487   -1834562.000000
31488   -1834562.000000
31489   -1834562.125000
31490   -1834562.250000
31491   -1834562.250000
31492   -1834562.375000
31493   -1834562.500000
31494   -1834562.625000
31495   -1834562.625000
31496   -1834562.750000
31497   -1834562.875000
31498   -1834563.000000
31499   -1834563.000000
31500   -1834563.125000
31501   -1834563.250000
31502   -1834563.375000
31503   -1834563.375000
31504   -1834563.500000
31505   -1834563.625000
31506   -1834563.625000
31507   -1834563.750000
31508   -1834563.750000
31509   -1834564.000000
31510   -1834564.000000
31511   -1834564.125000
31512   -1834564.250000
31513   -1834564.250000
31514   -1834564.375000
31515   -1834564.500000
31516   -1834564.625000
31517   -1834564.750000
31518   -1834564.750000
31519   -1834564.750000
31520   -1834565.000000
31521   -1834565.000000
31522   -1834565.125000
31523   -1834565.250000
31524   -1834565.250000
31525   -1834565.375000
31526   -1834565.375000
31527   -1834565.500000
31528   -1834565.625000
31529   -1834565.750000
31530   -1834565.750000
31531   -1834565.875000
31532   -1834566.000000
31533   -1834566.250000
31534   -1834566.250000
31535   -1834566.250000
31536   -1834566.375000
31537   -1834566.375000
31538   -1834566.500000
31539   -1834566.500000
31540   -1834566.750000
31541   -1834566.750000
31542   -1834566.750000
31543   -1834566.875000
31544   -1834567.000000
31545   -1834567.125000
31546   -1834567.125000
31547   -1834567.250000
31548   -1834567.375000
31549   -1834567.500000
31550   -1834567.500000
31551   -1834567.500000
31552   -1834567.500000
31553   -1834567.750000
31554   -1834567.875000
31555   -1834567.875000
31556   -1834567.875000
31557   -1834568.000000
31558   -1834568.125000
31559   -1834568.250000
31560   -1834568.250000
31561   -1834568.375000
31562   -1834568.500000
31563   -1834568.500000
31564   -1834568.375000
31565   -1834568.625000
31566   -1834568.625000
31567   -1834568.750000
31568   -1834568.750000
31569   -1834568.875000
31570   -1834569.000000
31571   -1834569.000000
31572   -1834569.125000
31573   -1834569.250000
31574   -1834569.250000
31575   -1834569.375000
31576   -1834569.375000
31577   -1834569.375000
31578   -1834569.500000
31579   -1834569.625000
31580   -1834569.750000
31581   -1834569.750000
31582   -1834569.750000
31583   -1834569.875000
31584   -1834569.875000
31585   -1834570.000000
31586   -1834570.000000
31587   -1834570.250000
31588   -1834570.250000
31589   -1834570.125000
31590   -1834570.375000
31591   -1834570.250000
31592   -1834570.500000
31593   -1834570.500000
31594   -1834570.625000
31595   -1834570.625000
31596   -1834570.750000
31597   -1834570.750000
31598   -1834570.750000
31599   -1834570.875000
31600   -1834570.875000
31601   -1834571.000000
31602   -1834571.000000
31603   -1834571.125000
31604   -1834571.250000
31605   -1834571.125000
31606   -1834571.375000
31607   -1834571.250000
31608   -1834571.500000
31609   -1834571.500000
31610   -1834571.500000
31611   -1834571.500000
31612   -1834571.625000
31613   -1834571.750000
31614   -1834571.750000
31615   -1834571.875000
31616   -1834571.750000
31617   -1834572.000000
31618   -1834571.875000
31619   -1834572.000000
31620   -1834572.125000
31621   -1834572.250000
31622   -1834572.250000
31623   -1834572.250000
31624   -1834572.250000
31625   -1834572.250000
31626   -1834572.500000
31627   -1834572.500000
31628   -1834572.500000
31629   -1834572.500000
31630   -1834572.625000
31631   -1834572.625000
31632   -1834572.750000
31633   -1834572.750000
31634   -1834572.750000
31635   -1834572.875000
31636   -1834572.875000
31637   -1834573.000000
31638   -1834573.000000
31639   -1834573.000000
31640   -1834573.125000
31641   -1834573.250000
31642   -1834573.250000
31643   -1834573.250000
31644   -1834573.250000
31645   -1834573.250000
31646   -1834573.375000
31647   -1834573.500000
31648   -1834573.500000
31649   -1834573.500000
31650   -1834573.625000
31651   -1834573.750000
31652   -1834573.625000
31653   -1834573.750000
31654   -1834573.750000
31655   -1834573.875000
31656   -1834573.750000
31657   -1834573.750000
31658   -1834573.875000
31659   -1834574.000000
31660   -1834574.000000
31661   -1834574.000000
31662   -1834574.000000
31663   -1834574.125000
31664   -1834574.250000
31665   -1834574.125000
31666   -1834574.250000
31667   -1834574.250000
31668   -1834574.250000
31669   -1834574.250000
31670   -1834574.250000
31671   -1834574.500000
31672   -1834574.500000
31673   -1834574.500000
31674   -1834574.500000
31675   -1834574.500000
31676   -1834574.625000
31677   -1834574.625000
31678   -1834574.750000
31679   -1834574.750000
31680   -1834574.750000
31681   -1834574.750000
31682   -1834575.000000
31683   -1834574.750000
31684   -1834574.750000
31685   -1834575.000000
31686   -1834575.000000
31687   -1834574.875000
31688   -1834575.000000
31689   -1834575.000000
31690   -1834575.125000
31691   -1834575.125000
31692   -1834575.250000
31693   -1834575.125000
31694   -1834575.250000
31695   -1834575.125000
31696   -1834575.250000
31697   -1834575.375000
31698   -1834575.375000
31699   -1834575.375000
31700   -1834575.500000
31701   -1834575.500000
31702   -1834575.500000
31703   -1834575.500000
31704   -1834575.625000
31705   -1834575.500000
31706   -1834575.625000
31707   -1834575.625000
31708   -1834575.625000
31709   -1834575.625000
31710   -1834575.750000
31711   -1834575.750000
31712   -1834575.750000
31713   -1834575.750000
31714   -1834575.875000
31715   -1834575.875000
31716   -1834575.875000
31717   -1834576.000000
31718   -1834576.000000
31719   -1834575.875000
31720   -1834576.125000
31721   -1834576.000000
31722   -1834576.125000
31723   -1834576.125000
31724   -1834576.250000
31725   -1834576.250000
31726   -1834576.250000
31727   -1834576.250000
31728   -1834576.250000
31729   -1834576.250000
31730   -1834576.500000
31731   -1834576.500000
31732   -1834576.500000
31733   -1834576.500000
31734   -1834576.500000
31735   -1834576.500000
31736   -1834576.500000
31737   -1834576.625000
31738   -1834576.500000
31739   -1834576.625000
31740   -1834576.625000
31741   -1834576.750000
31742   -1834576.750000
31743   -1834576.750000
31744   -1834576.750000
31745   -1834576.750000
31746   -1834577.000000
31747   -1834577.000000
31748   -1834576.875000
31749   -1834576.875000
31750   -1834577.000000
31751   -1834577.000000
31752   -1834577.000000
31753   -1834577.125000
31754   -1834577.000000
31755   -1834577.125000
31756   -1834577.000000
31757   -1834577.250000
31758   -1834577.250000
31759   -1834577.250000
31760   -1834577.250000
31761   -1834577.250000
31762   -1834577.250000
31763   -1834577.250000
31764   -1834577.500000
31765   -1834577.375000
31766   -1834577.500000
31767   -1834577.500000
31768   -1834577.500000
31769   -1834577.500000
31770   -1834577.500000
31771   -1834577.500000
31772   -1834577.625000
31773   -1834577.625000
31774   -1834577.500000
31775   -1834577.750000
31776   -1834577.750000
31777   -1834577.750000
31778   -1834577.750000
31779   -1834577.750000
31780   -1834577.875000
31781   -1834577.875000
31782   -1834577.875000
31783   -1834578.000000
31784   -1834578.000000
31785   -1834578.000000
31786   -1834578.125000
31787   -1834578.000000
31788   -1834578.125000
31789   -1834578.125000
31790   -1834578.250000
31791   -1834578.250000
31792   -1834578.250000
31793   -1834578.250000
31794   -1834578.250000
31795   -1834578.250000
31796   -1834578.375000
31797   -1834578.250000
31798   -1834578.500000
31799   -1834578.375000
31800   -1834578.500000
31801   -1834578.500000
31802   -1834578.500000
31803   -1834578.750000
31804   -1834578.625000
31805   -1834578.750000
31806   -1834578.750000
31807   -1834578.750000
31808   -1834578.875000
31809   -1834578.750000
31810   -1834578.875000
31811   -1834578.875000
31812   -1834579.000000
31813   -1834579.000000
31814   -1834579.000000
31815   -1834579.000000
31816   -1834579.000000
31817   -1834579.125000
31818   -1834579.250000
31819   -1834579.125000
31820   -1834579.250000
31821   -1834579.250000
31822   -1834579.250000
31823   -1834579.250000
31824   -1834579.250000
31825   -1834579.375000
31826   -1834579.375000
31827   -1834579.500000
31828   -1834579.500000
31829   -1834579.500000
31830   -1834579.500000
31831   -1834579.625000
31832   -1834579.625000
31833   -1834579.625000
31834   -1834579.750000
31835   -1834579.750000
31836   -1834579.750000
31837   -1834579.750000
31838   -1834579.750000
31839   -1834579.875000
31840   -1834580.000000
31841   -1834579.875000
31842   -1834579.875000
31843   -1834580.000000
31844   -1834580.000000
31845   -1834580.000000
31846   -1834580.000000
31847   -1834580.125000
31848   -1834580.000000
31849   -1834580.250000
31850   -1834580.250000
31851   -1834580.250000
31852   -1834580.250000
31853   -1834580.375000
31854   -1834580.375000
31855   -1834580.250000
31856   -1834580.250000
31857   -1834580.500000
31858   -1834580.500000
31859   -1834580.500000
31860   -1834580.625000
31861   -1834580.750000
31862   -1834580.625000
31863   -1834580.750000
31864   -1834580.750000
31865   -1834580.750000
31866   -1834580.625000
31867   -1834580.750000
31868   -1834580.750000
31869   -1834580.750000
31870   -1834580.875000
31871   -1834581.000000
31872   -1834581.000000
31873   -1834581.000000
31874   -1834581.000000
31875   -1834581.000000
31876   -1834581.125000
31877   -1834581.125000
31878   -1834581.125000
31879   -1834581.250000
31880   -1834581.125000
31881   -1834581.250000
31882   -1834581.250000
31883   -1834581.500000
31884   -1834581.375000
31885   -1834581.375000
31886   -1834581.375000
31887   -1834581.500000
31888   -1834581.500000
31889   -1834581.500000
31890   -1834581.500000
31891   -1834581.500000
31892   -1834581.500000
31893   -1834581.750000
31894   -1834581.750000
31895   -1834581.625000
31896   -1834581.750000
31897   -1834581.750000
31898   -1834581.750000
31899   -1834581.750000
31900   -1834581.875000
31901   -1834581.750000
31902   -1834581.875000
31903   -1834581.875000
31904   -1834582.000000
31905   -1834582.000000
31906   -1834582.000000
31907   -1834582.000000
31908   -1834582.000000
31909   -1834582.000000
31910   -1834582.000000
31911   -1834582.000000
31912   -1834582.250000
31913   -1834582.125000
31914   -1834582.250000
31915   -1834582.250000
31916   -1834582.250000
31917   -1834582.250000
31918   -1834582.250000
31919   -1834582.250000
31920   -1834582.250000
31921   -1834582.375000
31922   -1834582.375000
31923   -1834582.500000
31924   -1834582.500000
31925   -1834582.500000
31926   -1834582.500000
31927   -1834582.500000
31928   -1834582.500000
31929   -1834582.500000
31930   -1834582.500000
31931   -1834582.500000
31932   -1834582.750000
31933   -1834582.750000
31934   -1834582.750000
31935   -1834582.750000
31936   -1834582.750000
31937   -1834582.750000
31938   -1834582.750000
31939   -1834582.750000
31940   -1834582.750000
31941   -1834582.875000
31942   -1834582.875000
31943   -1834583.000000
31944   -1834582.875000
31945   -1834583.000000
31946   -1834583.000000
31947   -1834583.000000
31948   -1834583.000000
31949   -1834583.000000
31950   -1834583.000000
31951   -1834583.125000
31952   -1834583.125000
31953   -1834583.125000
31954   -1834583.125000
31955   -1834583.250000
31956   -1834583.250000
31957   -1834583.250000
31958   -1834583.250000
31959   -1834583.250000
31960   -1834583.250000
31961   -1834583.375000
31962   -1834583.250000
31963   -1834583.375000
31964   -1834583.375000
31965   -1834583.250000
31966   -1834583.375000
31967   -1834583.500000
31968   -1834583.500000
31969   -1834583.500000
31970   -1834583.500000
31971   -1834583.500000
31972   -1834583.625000
31973   -1834583.500000
31974   -1834583.500000
31975   -1834583.625000
31976   -1834583.500000
31977   -1834583.625000
31978   -1834583.500000
31979   -1834583.625000
31980   -1834583.750000
31981   -1834583.750000
31982   -1834583.750000
31983   -1834583.750000
31984   -1834583.750000
31985   -1834583.750000
31986   -1834583.750000
31987   -1834583.750000
31988   -1834583.750000
31989   -1834583.750000
31990   -1834584.000000
31991   -1834583.750000
31992   -1834583.750000
31993   -1834583.750000
31994   -1834583.875000
31995   -1834584.000000
31996   -1834583.750000
31997   -1834584.000000
31998   -1834584.000000
31999   -1834584.000000
32000   -1834584.000000
32001   -1834583.875000
32002   -1834584.000000
32003   -1834584.000000
32004   -1834584.125000
32005   -1834584.000000
32006   -1834584.000000
32007   -1834584.000000
32008   -1834584.000000
32009   -1834584.125000
32010   -1834584.125000
32011   -1834584.250000
32012   -1834584.250000
32013   -1834584.125000
32014   -1834584.250000
32015   -1834584.250000
32016   -1834584.250000
32017   -1834584.250000
32018   -1834584.250000
32019   -1834584.250000
32020   -1834584.250000
32021   -1834584.250000
32022   -1834584.250000
32023   -1834584.375000
32024   -1834584.375000
32025   -1834584.500000
32026   -1834584.375000
32027   -1834584.500000
32028   -1834584.375000
32029   -1834584.500000
32030   -1834584.375000
32031   -1834584.500000
32032   -1834584.375000
32033   -1834584.500000
32034   -1834584.500000
32035   -1834584.500000
32036   -1834584.500000
32037   -1834584.500000
32038   -1834584.625000
32039   -1834584.625000
32040   -1834584.750000
32041   -1834584.625000
32042   -1834584.750000
32043   -1834584.625000
32044   -1834584.750000
32045   -1834584.750000
32046   -1834584.750000
32047   -1834584.750000
32048   -1834584.750000
32049   -1834584.750000
32050   -1834584.750000
32051   -1834584.750000
32052   -1834584.750000
32053   -1834584.750000
