Step            Loss
--------------------
1       -2117.604980
2       -5537.899414
3       -8957.792969
4       -12376.556641
5       -15797.066406
6       -19216.621094
7       -22640.359375
8       -26060.033203
9       -29483.189453
10      -32902.062500
11      -36324.882812
12      -39748.734375
13      -43171.875000
14      -46596.468750
15      -50021.023438
16      -53448.910156
17      -56877.750000
18      -60307.671875
19      -63737.878906
20      -67171.929688
21      -70605.445312
22      -74036.437500
23      -77478.031250
24      -80913.078125
25      -84359.515625
26      -87801.546875
27      -91252.453125
28      -94699.656250
29      -98155.156250
30      -101610.984375
31      -105069.765625
32      -108530.703125
33      -111998.164062
34      -115462.687500
35      -118940.296875
36      -122413.226562
37      -125892.906250
38      -129380.812500
39      -132868.187500
40      -136364.062500
41      -139861.625000
42      -143363.296875
43      -146870.937500
44      -150381.906250
45      -153898.937500
46      -157422.640625
47      -160948.468750
48      -164484.781250
49      -168020.750000
50      -171566.968750
51      -175116.781250
52      -178672.375000
53      -182233.609375
54      -185801.796875
55      -189374.750000
56      -192953.968750
57      -196544.109375
58      -200135.218750
59      -203735.484375
60      -207347.375000
61      -210954.546875
62      -214576.687500
63      -218205.312500
64      -221835.343750
65      -225480.500000
66      -229126.218750
67      -232780.500000
68      -236443.593750
69      -240115.000000
70      -243791.578125
71      -247471.875000
72      -251166.734375
73      -254864.906250
74      -258572.968750
75      -262287.031250
76      -266011.625000
77      -269739.937500
78      -273475.562500
79      -277218.500000
80      -280971.812500
81      -284735.437500
82      -288502.812500
83      -292282.343750
84      -296068.218750
85      -299856.156250
86      -303657.875000
87      -307465.843750
88      -311281.187500
89      -315108.500000
90      -318939.562500
91      -322780.750000
92      -326626.906250
93      -330484.500000
94      -334350.437500
95      -338216.125000
96      -342101.968750
97      -345986.656250
98      -349882.593750
99      -353788.156250
100     -357695.250000
101     -361619.375000
102     -365545.062500
103     -369480.625000
104     -373426.312500
105     -377374.625000
106     -381330.718750
107     -385298.125000
108     -389272.281250
109     -393257.875000
110     -397242.406250
111     -401243.500000
112     -405250.437500
113     -409260.843750
114     -413276.750000
115     -417303.031250
116     -421335.437500
117     -425383.062500
118     -429428.406250
119     -433482.937500
120     -437548.500000
121     -441616.593750
122     -445690.531250
123     -449774.875000
124     -453867.531250
125     -457965.687500
126     -462068.218750
127     -466180.531250
128     -470299.562500
129     -474424.000000
130     -478553.968750
131     -482685.875000
132     -486833.625000
133     -490982.062500
134     -495137.562500
135     -499297.750000
136     -503463.437500
137     -507641.406250
138     -511811.437500
139     -516001.187500
140     -520187.125000
141     -524380.750000
142     -528585.437500
143     -532789.250000
144     -537000.375000
145     -541216.875000
146     -545435.937500
147     -549664.312500
148     -553896.125000
149     -558125.000000
150     -562372.750000
151     -566614.250000
152     -570857.875000
153     -575117.187500
154     -579370.000000
155     -583630.250000
156     -587892.437500
157     -592164.187500
158     -596432.375000
159     -600711.125000
160     -604986.875000
161     -609268.625000
162     -613551.125000
163     -617840.250000
164     -622131.500000
165     -626423.125000
166     -630720.812500
167     -635020.750000
168     -639323.062500
169     -643625.125000
170     -647930.250000
171     -652238.687500
172     -656551.312500
173     -660861.375000
174     -665170.625000
175     -669488.375000
176     -673808.125000
177     -678126.062500
178     -682446.687500
179     -686765.562500
180     -691085.125000
181     -695404.625000
182     -699733.312500
183     -704052.812500
184     -708380.562500
185     -712701.250000
186     -717027.437500
187     -721351.562500
188     -725675.062500
189     -730001.437500
190     -734321.875000
191     -738645.875000
192     -742969.750000
193     -747292.375000
194     -751617.562500
195     -755929.500000
196     -760255.312500
197     -764570.250000
198     -768889.750000
199     -773201.187500
200     -777517.750000
201     -781830.250000
202     -786142.312500
203     -790446.375000
204     -794751.125000
205     -799054.875000
206     -803356.250000
207     -807657.375000
208     -811951.375000
209     -816252.375000
210     -820540.875000
211     -824820.312500
212     -829107.625000
213     -833393.187500
214     -837664.437500
215     -841941.562500
216     -846215.000000
217     -850479.375000
218     -854746.375000
219     -859003.875000
220     -863257.000000
221     -867506.000000
222     -871756.500000
223     -875987.500000
224     -880228.875000
225     -884460.500000
226     -888687.000000
227     -892903.062500
228     -897123.250000
229     -901338.812500
230     -905544.125000
231     -909746.500000
232     -913934.687500
233     -918133.812500
234     -922316.937500
235     -926488.812500
236     -930668.062500
237     -934827.000000
238     -938992.937500
239     -943146.250000
240     -947292.125000
241     -951431.250000
242     -955568.625000
243     -959698.562500
244     -963821.375000
245     -967929.562500
246     -972041.500000
247     -976140.312500
248     -980233.000000
249     -984316.750000
250     -988394.875000
251     -992460.562500
252     -996522.375000
253     -1000574.375000
254     -1004628.750000
255     -1008660.750000
256     -1012697.062500
257     -1016722.062500
258     -1020725.875000
259     -1024736.000000
260     -1028737.437500
261     -1032722.437500
262     -1036711.125000
263     -1040681.375000
264     -1044643.875000
265     -1048599.750000
266     -1052546.125000
267     -1056488.000000
268     -1060409.500000
269     -1064333.375000
270     -1068245.500000
271     -1072142.500000
272     -1076039.250000
273     -1079927.500000
274     -1083801.375000
275     -1087656.250000
276     -1091518.250000
277     -1095355.000000
278     -1099192.750000
279     -1103016.750000
280     -1106829.875000
281     -1110633.375000
282     -1114430.375000
283     -1118214.625000
284     -1121985.625000
285     -1125749.875000
286     -1129501.625000
287     -1133242.000000
288     -1136979.750000
289     -1140700.500000
290     -1144403.750000
291     -1148115.000000
292     -1151805.500000
293     -1155486.875000
294     -1159153.000000
295     -1162807.750000
296     -1166458.250000
297     -1170091.000000
298     -1173712.875000
299     -1177338.250000
300     -1180939.000000
301     -1184531.375000
302     -1188111.500000
303     -1191687.250000
304     -1195244.500000
305     -1198793.375000
306     -1202326.125000
307     -1205857.250000
308     -1209371.250000
309     -1212866.000000
310     -1216368.125000
311     -1219845.750000
312     -1223305.125000
313     -1226765.875000
314     -1230211.750000
315     -1233640.750000
316     -1237062.250000
317     -1240473.625000
318     -1243865.250000
319     -1247258.750000
320     -1250638.500000
321     -1253993.750000
322     -1257346.125000
323     -1260686.750000
324     -1264014.625000
325     -1267326.000000
326     -1270633.250000
327     -1273921.000000
328     -1277198.750000
329     -1280470.000000
330     -1283720.500000
331     -1286964.625000
332     -1290197.375000
333     -1293405.750000
334     -1296616.875000
335     -1299805.250000
336     -1302990.875000
337     -1306157.625000
338     -1309306.000000
339     -1312452.750000
340     -1315579.375000
341     -1318699.875000
342     -1321808.125000
343     -1324898.375000
344     -1327974.750000
345     -1331042.250000
346     -1334098.875000
347     -1337135.500000
348     -1340157.375000
349     -1343170.000000
350     -1346173.750000
351     -1349157.000000
352     -1352139.375000
353     -1355093.375000
354     -1358045.500000
355     -1360973.500000
356     -1363892.625000
357     -1366804.625000
358     -1369705.625000
359     -1372589.250000
360     -1375465.250000
361     -1378317.375000
362     -1381164.750000
363     -1383998.250000
364     -1386822.125000
365     -1389633.125000
366     -1392423.500000
367     -1395211.000000
368     -1397975.250000
369     -1400737.125000
370     -1403478.750000
371     -1406206.375000
372     -1408921.000000
373     -1411625.250000
374     -1414312.625000
375     -1416993.875000
376     -1419660.000000
377     -1422313.500000
378     -1424941.250000
379     -1427566.625000
380     -1430188.250000
381     -1432778.500000
382     -1435364.750000
383     -1437940.750000
384     -1440505.000000
385     -1443047.000000
386     -1445581.250000
387     -1448097.750000
388     -1450611.500000
389     -1453103.250000
390     -1455583.500000
391     -1458058.750000
392     -1460512.625000
393     -1462952.500000
394     -1465384.250000
395     -1467797.750000
396     -1470204.750000
397     -1472590.000000
398     -1474968.375000
399     -1477334.375000
400     -1479690.875000
401     -1482024.625000
402     -1484352.875000
403     -1486663.000000
404     -1488961.750000
405     -1491252.250000
406     -1493522.500000
407     -1495786.500000
408     -1498038.250000
409     -1500277.500000
410     -1502509.375000
411     -1504717.625000
412     -1506918.750000
413     -1509110.875000
414     -1511285.500000
415     -1513442.125000
416     -1515596.250000
417     -1517734.750000
418     -1519858.375000
419     -1521969.750000
420     -1524072.750000
421     -1526158.250000
422     -1528233.750000
423     -1530297.125000
424     -1532353.250000
425     -1534392.500000
426     -1536415.000000
427     -1538433.750000
428     -1540439.500000
429     -1542433.125000
430     -1544408.125000
431     -1546372.000000
432     -1548329.750000
433     -1550269.000000
434     -1552192.500000
435     -1554117.250000
436     -1556028.250000
437     -1557923.500000
438     -1559806.000000
439     -1561673.750000
440     -1563529.500000
441     -1565372.750000
442     -1567209.500000
443     -1569032.125000
444     -1570838.625000
445     -1572634.500000
446     -1574417.750000
447     -1576193.500000
448     -1577952.125000
449     -1579702.500000
450     -1581438.250000
451     -1583170.750000
452     -1584882.250000
453     -1586589.500000
454     -1588288.125000
455     -1589976.125000
456     -1591641.500000
457     -1593300.750000
458     -1594952.250000
459     -1596592.000000
460     -1598214.500000
461     -1599824.625000
462     -1601430.875000
463     -1603020.625000
464     -1604600.125000
465     -1606169.750000
466     -1607721.375000
467     -1609267.250000
468     -1610801.875000
469     -1612333.500000
470     -1613848.500000
471     -1615348.750000
472     -1616839.750000
473     -1618319.000000
474     -1619790.500000
475     -1621251.000000
476     -1622703.500000
477     -1624139.000000
478     -1625564.750000
479     -1626989.375000
480     -1628401.250000
481     -1629795.500000
482     -1631181.625000
483     -1632558.875000
484     -1633926.000000
485     -1635284.625000
486     -1636634.000000
487     -1637965.500000
488     -1639288.750000
489     -1640605.000000
490     -1641905.125000
491     -1643210.125000
492     -1644489.500000
493     -1645764.250000
494     -1647027.000000
495     -1648280.000000
496     -1649528.500000
497     -1650757.250000
498     -1651980.750000
499     -1653201.750000
500     -1654406.125000
501     -1655598.500000
502     -1656777.500000
503     -1657951.000000
504     -1659122.000000
505     -1660279.875000
506     -1661429.000000
507     -1662571.750000
508     -1663699.375000
509     -1664820.500000
510     -1665935.750000
511     -1667038.125000
512     -1668131.250000
513     -1669213.875000
514     -1670291.625000
515     -1671360.125000
516     -1672420.750000
517     -1673473.750000
518     -1674513.875000
519     -1675555.000000
520     -1676581.000000
521     -1677594.000000
522     -1678604.000000
523     -1679609.000000
524     -1680603.250000
525     -1681591.500000
526     -1682561.750000
527     -1683537.500000
528     -1684496.000000
529     -1685447.000000
530     -1686391.500000
531     -1687331.125000
532     -1688258.250000
533     -1689179.250000
534     -1690096.250000
535     -1690998.500000
536     -1691890.375000
537     -1692788.000000
538     -1693669.625000
539     -1694548.750000
540     -1695410.750000
541     -1696273.250000
542     -1697127.500000
543     -1697969.000000
544     -1698813.125000
545     -1699642.250000
546     -1700462.000000
547     -1701279.750000
548     -1702088.500000
549     -1702893.000000
550     -1703682.375000
551     -1704473.250000
552     -1705249.500000
553     -1706027.500000
554     -1706792.375000
555     -1707553.250000
556     -1708307.250000
557     -1709045.250000
558     -1709790.000000
559     -1710523.250000
560     -1711240.250000
561     -1711964.250000
562     -1712678.125000
563     -1713384.125000
564     -1714083.750000
565     -1714777.750000
566     -1715464.000000
567     -1716145.250000
568     -1716817.000000
569     -1717484.875000
570     -1718144.500000
571     -1718802.875000
572     -1719452.500000
573     -1720097.250000
574     -1720736.750000
575     -1721366.375000
576     -1721995.125000
577     -1722613.750000
578     -1723229.500000
579     -1723835.000000
580     -1724437.500000
581     -1725031.750000
582     -1725623.500000
583     -1726208.250000
584     -1726787.375000
585     -1727362.250000
586     -1727931.000000
587     -1728493.500000
588     -1729053.250000
589     -1729603.000000
590     -1730151.250000
591     -1730696.500000
592     -1731233.000000
593     -1731766.125000
594     -1732295.750000
595     -1732812.750000
596     -1733336.500000
597     -1733851.000000
598     -1734355.250000
599     -1734863.000000
600     -1735365.500000
601     -1735857.875000
602     -1736351.250000
603     -1736841.625000
604     -1737319.875000
605     -1737799.500000
606     -1738272.750000
607     -1738737.750000
608     -1739208.625000
609     -1739665.750000
610     -1740122.125000
611     -1740574.750000
612     -1741021.750000
613     -1741468.500000
614     -1741909.250000
615     -1742343.250000
616     -1742773.750000
617     -1743199.625000
618     -1743625.875000
619     -1744042.750000
620     -1744460.000000
621     -1744874.250000
622     -1745279.500000
623     -1745682.875000
624     -1746080.875000
625     -1746478.250000
626     -1746868.625000
627     -1747257.375000
628     -1747640.250000
629     -1748019.750000
630     -1748398.000000
631     -1748769.125000
632     -1749135.375000
633     -1749504.250000
634     -1749867.000000
635     -1750223.250000
636     -1750583.000000
637     -1750932.500000
638     -1751283.125000
639     -1751627.000000
640     -1751972.500000
641     -1752310.125000
642     -1752645.125000
643     -1752978.500000
644     -1753307.500000
645     -1753634.250000
646     -1753961.000000
647     -1754277.375000
648     -1754598.625000
649     -1754910.125000
650     -1755225.125000
651     -1755531.625000
652     -1755838.750000
653     -1756146.250000
654     -1756444.500000
655     -1756745.500000
656     -1757036.750000
657     -1757330.750000
658     -1757622.875000
659     -1757909.500000
660     -1758193.750000
661     -1758477.750000
662     -1758758.625000
663     -1759033.250000
664     -1759311.250000
665     -1759584.250000
666     -1759856.000000
667     -1760124.000000
668     -1760388.500000
669     -1760652.500000
670     -1760914.000000
671     -1761174.375000
672     -1761430.875000
673     -1761686.500000
674     -1761937.500000
675     -1762188.625000
676     -1762437.625000
677     -1762683.000000
678     -1762927.625000
679     -1763168.750000
680     -1763410.250000
681     -1763648.250000
682     -1763884.750000
683     -1764119.375000
684     -1764353.500000
685     -1764584.750000
686     -1764812.000000
687     -1765040.500000
688     -1765264.750000
689     -1765489.500000
690     -1765708.375000
691     -1765928.000000
692     -1766146.000000
693     -1766362.500000
694     -1766576.250000
695     -1766789.625000
696     -1767001.875000
697     -1767210.250000
698     -1767417.750000
699     -1767623.375000
700     -1767829.875000
701     -1768031.000000
702     -1768235.250000
703     -1768435.250000
704     -1768634.250000
705     -1768832.000000
706     -1769027.625000
707     -1769222.000000
708     -1769414.000000
709     -1769607.000000
710     -1769795.750000
711     -1769983.750000
712     -1770171.000000
713     -1770355.750000
714     -1770540.375000
715     -1770722.750000
716     -1770904.375000
717     -1771086.375000
718     -1771264.875000
719     -1771442.625000
720     -1771618.750000
721     -1771795.750000
722     -1771968.000000
723     -1772141.000000
724     -1772312.875000
725     -1772484.250000
726     -1772652.750000
727     -1772822.250000
728     -1772989.000000
729     -1773154.500000
730     -1773319.250000
731     -1773483.875000
732     -1773646.000000
733     -1773805.500000
734     -1773967.625000
735     -1774124.000000
736     -1774282.750000
737     -1774439.375000
738     -1774595.250000
739     -1774749.250000
740     -1774901.500000
741     -1775053.500000
742     -1775205.500000
743     -1775356.500000
744     -1775505.250000
745     -1775654.250000
746     -1775802.000000
747     -1775949.750000
748     -1776094.000000
749     -1776237.875000
750     -1776381.500000
751     -1776524.250000
752     -1776665.000000
753     -1776806.750000
754     -1776945.250000
755     -1777084.000000
756     -1777220.000000
757     -1777358.750000
758     -1777494.250000
759     -1777629.500000
760     -1777762.125000
761     -1777896.250000
762     -1778028.625000
763     -1778159.500000
764     -1778290.750000
765     -1778421.125000
766     -1778550.125000
767     -1778678.000000
768     -1778805.500000
769     -1778932.500000
770     -1779057.000000
771     -1779182.250000
772     -1779306.250000
773     -1779430.750000
774     -1779553.500000
775     -1779676.125000
776     -1779798.750000
777     -1779918.750000
778     -1780039.000000
779     -1780158.250000
780     -1780278.625000
781     -1780397.875000
782     -1780514.750000
783     -1780632.625000
784     -1780749.625000
785     -1780865.625000
786     -1780981.750000
787     -1781095.875000
788     -1781210.375000
789     -1781324.250000
790     -1781437.375000
791     -1781549.000000
792     -1781660.250000
793     -1781771.250000
794     -1781882.000000
795     -1781991.750000
796     -1782099.500000
797     -1782209.500000
798     -1782317.000000
799     -1782424.000000
800     -1782532.000000
801     -1782637.000000
802     -1782741.625000
803     -1782846.625000
804     -1782951.750000
805     -1783054.250000
806     -1783157.250000
807     -1783260.250000
808     -1783362.250000
809     -1783464.750000
810     -1783565.375000
811     -1783665.500000
812     -1783766.750000
813     -1783864.750000
814     -1783964.125000
815     -1784062.875000
816     -1784161.250000
817     -1784258.750000
818     -1784354.500000
819     -1784451.250000
820     -1784544.875000
821     -1784640.750000
822     -1784734.500000
823     -1784828.750000
824     -1784921.125000
825     -1785014.125000
826     -1785106.500000
827     -1785198.125000
828     -1785289.250000
829     -1785380.125000
830     -1785469.875000
831     -1785560.500000
832     -1785649.000000
833     -1785738.125000
834     -1785826.250000
835     -1785914.750000
836     -1786002.625000
837     -1786089.750000
838     -1786176.000000
839     -1786262.375000
840     -1786349.000000
841     -1786434.125000
842     -1786519.625000
843     -1786604.250000
844     -1786688.375000
845     -1786771.750000
846     -1786855.000000
847     -1786936.750000
848     -1787019.750000
849     -1787101.625000
850     -1787183.375000
851     -1787262.875000
852     -1787344.750000
853     -1787422.375000
854     -1787502.750000
855     -1787582.000000
856     -1787659.375000
857     -1787737.750000
858     -1787816.000000
859     -1787894.000000
860     -1787971.625000
861     -1788048.250000
862     -1788124.000000
863     -1788201.250000
864     -1788276.000000
865     -1788351.875000
866     -1788425.875000
867     -1788500.750000
868     -1788574.000000
869     -1788648.000000
870     -1788721.125000
871     -1788793.125000
872     -1788866.125000
873     -1788937.500000
874     -1789009.625000
875     -1789080.500000
876     -1789152.000000
877     -1789222.750000
878     -1789293.375000
879     -1789363.250000
880     -1789432.875000
881     -1789502.750000
882     -1789571.500000
883     -1789640.250000
884     -1789708.125000
885     -1789775.625000
886     -1789842.750000
887     -1789911.250000
888     -1789978.125000
889     -1790043.500000
890     -1790111.750000
891     -1790178.000000
892     -1790243.750000
893     -1790309.500000
894     -1790374.625000
895     -1790439.500000
896     -1790502.750000
897     -1790569.750000
898     -1790633.000000
899     -1790697.250000
900     -1790760.750000
901     -1790823.375000
902     -1790887.250000
903     -1790951.000000
904     -1791011.875000
905     -1791075.375000
906     -1791137.875000
907     -1791199.000000
908     -1791260.750000
909     -1791322.250000
910     -1791382.375000
911     -1791443.375000
912     -1791504.250000
913     -1791563.750000
914     -1791624.000000
915     -1791683.250000
916     -1791742.250000
917     -1791801.000000
918     -1791861.000000
919     -1791919.750000
920     -1791977.750000
921     -1792036.750000
922     -1792094.125000
923     -1792152.625000
924     -1792210.000000
925     -1792265.750000
926     -1792324.000000
927     -1792381.500000
928     -1792437.000000
929     -1792492.500000
930     -1792548.875000
931     -1792604.875000
932     -1792660.625000
933     -1792715.375000
934     -1792769.875000
935     -1792826.125000
936     -1792880.250000
937     -1792934.250000
938     -1792989.250000
939     -1793042.500000
940     -1793096.000000
941     -1793148.875000
942     -1793201.500000
943     -1793255.500000
944     -1793307.500000
945     -1793360.000000
946     -1793411.750000
947     -1793463.250000
948     -1793515.500000
949     -1793566.750000
950     -1793618.375000
951     -1793669.750000
952     -1793719.750000
953     -1793770.250000
954     -1793820.375000
955     -1793871.750000
956     -1793922.000000
957     -1793971.875000
958     -1794021.750000
959     -1794070.375000
960     -1794119.625000
961     -1794170.000000
962     -1794218.500000
963     -1794267.750000
964     -1794316.500000
965     -1794364.125000
966     -1794412.750000
967     -1794460.750000
968     -1794507.625000
969     -1794556.250000
970     -1794603.750000
971     -1794650.750000
972     -1794697.750000
973     -1794745.250000
974     -1794793.125000
975     -1794839.875000
976     -1794886.000000
977     -1794933.000000
978     -1794979.625000
979     -1795025.500000
980     -1795071.500000
981     -1795117.750000
982     -1795163.500000
983     -1795207.750000
984     -1795253.500000
985     -1795299.625000
986     -1795344.500000
987     -1795389.250000
988     -1795433.750000
989     -1795478.250000
990     -1795521.875000
991     -1795566.250000
992     -1795610.250000
993     -1795653.750000
994     -1795697.750000
995     -1795740.500000
996     -1795783.500000
997     -1795828.250000
998     -1795870.500000
999     -1795913.750000
1000    -1795955.875000
1001    -1795998.875000
1002    -1796040.500000
1003    -1796083.250000
1004    -1796125.500000
1005    -1796166.875000
1006    -1796208.875000
1007    -1796250.500000
1008    -1796291.500000
1009    -1796332.500000
1010    -1796374.250000
1011    -1796414.750000
1012    -1796455.500000
1013    -1796496.750000
1014    -1796537.375000
1015    -1796577.500000
1016    -1796618.000000
1017    -1796657.500000
1018    -1796697.875000
1019    -1796738.500000
1020    -1796778.375000
1021    -1796818.250000
1022    -1796858.000000
1023    -1796896.875000
1024    -1796935.250000
1025    -1796975.750000
1026    -1797015.250000
1027    -1797053.750000
1028    -1797093.625000
1029    -1797132.000000
1030    -1797170.250000
1031    -1797209.125000
1032    -1797247.875000
1033    -1797286.625000
1034    -1797324.375000
1035    -1797363.500000
1036    -1797400.000000
1037    -1797438.500000
1038    -1797476.000000
1039    -1797514.500000
1040    -1797551.125000
1041    -1797589.250000
1042    -1797626.250000
1043    -1797663.250000
1044    -1797701.500000
1045    -1797738.125000
1046    -1797775.750000
1047    -1797812.125000
1048    -1797848.750000
1049    -1797885.000000
1050    -1797921.500000
1051    -1797958.875000
1052    -1797994.375000
1053    -1798031.375000
1054    -1798067.875000
1055    -1798102.750000
1056    -1798139.500000
1057    -1798175.125000
1058    -1798211.125000
1059    -1798246.750000
1060    -1798281.875000
1061    -1798317.250000
1062    -1798352.750000
1063    -1798387.750000
1064    -1798422.500000
1065    -1798457.750000
1066    -1798493.125000
1067    -1798527.250000
1068    -1798561.750000
1069    -1798596.500000
1070    -1798630.750000
1071    -1798665.250000
1072    -1798700.875000
1073    -1798733.875000
1074    -1798767.500000
1075    -1798802.125000
1076    -1798836.250000
1077    -1798870.250000
1078    -1798903.000000
1079    -1798937.250000
1080    -1798969.500000
1081    -1799003.750000
1082    -1799037.750000
1083    -1799071.375000
1084    -1799103.375000
1085    -1799136.500000
1086    -1799169.250000
1087    -1799202.625000
1088    -1799236.500000
1089    -1799268.500000
1090    -1799300.750000
1091    -1799333.250000
1092    -1799366.000000
1093    -1799398.125000
1094    -1799430.125000
1095    -1799462.500000
1096    -1799494.875000
1097    -1799526.625000
1098    -1799559.000000
1099    -1799590.750000
1100    -1799622.625000
1101    -1799654.000000
1102    -1799685.750000
1103    -1799717.750000
1104    -1799749.375000
1105    -1799780.500000
1106    -1799812.000000
1107    -1799843.375000
1108    -1799874.500000
1109    -1799905.250000
1110    -1799936.250000
1111    -1799966.375000
1112    -1799996.375000
1113    -1800028.125000
1114    -1800058.750000
1115    -1800089.625000
1116    -1800120.125000
1117    -1800149.875000
1118    -1800180.750000
1119    -1800210.625000
1120    -1800240.875000
1121    -1800270.125000
1122    -1800300.500000
1123    -1800330.000000
1124    -1800360.250000
1125    -1800389.750000
1126    -1800419.000000
1127    -1800448.250000
1128    -1800477.000000
1129    -1800507.500000
1130    -1800536.250000
1131    -1800566.250000
1132    -1800596.125000
1133    -1800624.750000
1134    -1800652.750000
1135    -1800682.000000
1136    -1800710.875000
1137    -1800740.250000
1138    -1800768.250000
1139    -1800797.250000
1140    -1800825.625000
1141    -1800853.750000
1142    -1800882.750000
1143    -1800910.875000
1144    -1800939.500000
1145    -1800967.750000
1146    -1800996.000000
1147    -1801024.750000
1148    -1801052.625000
1149    -1801080.750000
1150    -1801108.750000
1151    -1801136.500000
1152    -1801163.875000
1153    -1801191.500000
1154    -1801219.750000
1155    -1801247.375000
1156    -1801275.750000
1157    -1801303.000000
1158    -1801330.500000
1159    -1801356.750000
1160    -1801384.500000
1161    -1801411.500000
1162    -1801438.500000
1163    -1801465.875000
1164    -1801493.375000
1165    -1801520.000000
1166    -1801547.250000
1167    -1801573.625000
1168    -1801600.500000
1169    -1801626.500000
1170    -1801653.875000
1171    -1801680.125000
1172    -1801707.250000
1173    -1801732.750000
1174    -1801759.250000
1175    -1801785.500000
1176    -1801811.500000
1177    -1801837.750000
1178    -1801863.250000
1179    -1801889.000000
1180    -1801914.875000
1181    -1801942.125000
1182    -1801966.750000
1183    -1801992.500000
1184    -1802018.500000
1185    -1802043.875000
1186    -1802069.500000
1187    -1802094.750000
1188    -1802120.625000
1189    -1802145.625000
1190    -1802170.625000
1191    -1802196.000000
1192    -1802221.750000
1193    -1802246.750000
1194    -1802271.500000
1195    -1802296.000000
1196    -1802321.500000
1197    -1802346.500000
1198    -1802371.875000
1199    -1802396.750000
1200    -1802420.750000
1201    -1802445.750000
1202    -1802469.750000
1203    -1802495.000000
1204    -1802518.875000
1205    -1802543.500000
1206    -1802568.250000
1207    -1802592.250000
1208    -1802615.750000
1209    -1802641.000000
1210    -1802664.750000
1211    -1802688.250000
1212    -1802713.500000
1213    -1802737.250000
1214    -1802761.500000
1215    -1802785.750000
1216    -1802809.500000
1217    -1802833.125000
1218    -1802856.625000
1219    -1802880.375000
1220    -1802904.875000
1221    -1802928.750000
1222    -1802951.125000
1223    -1802974.875000
1224    -1802999.125000
1225    -1803022.250000
1226    -1803045.875000
1227    -1803069.500000
1228    -1803092.500000
1229    -1803116.000000
1230    -1803138.375000
1231    -1803162.625000
1232    -1803185.375000
1233    -1803208.250000
1234    -1803231.875000
1235    -1803254.500000
1236    -1803277.500000
1237    -1803300.375000
1238    -1803322.625000
1239    -1803345.750000
1240    -1803368.875000
1241    -1803391.500000
1242    -1803414.250000
1243    -1803437.250000
1244    -1803459.250000
1245    -1803481.500000
1246    -1803504.750000
1247    -1803527.125000
1248    -1803549.250000
1249    -1803571.750000
1250    -1803594.500000
1251    -1803616.750000
1252    -1803639.125000
1253    -1803661.000000
1254    -1803683.000000
1255    -1803705.500000
1256    -1803727.750000
1257    -1803750.000000
1258    -1803772.125000
1259    -1803794.000000
1260    -1803815.750000
1261    -1803838.000000
1262    -1803859.500000
1263    -1803881.125000
1264    -1803902.375000
1265    -1803924.750000
1266    -1803945.500000
1267    -1803967.500000
1268    -1803988.750000
1269    -1804010.625000
1270    -1804031.750000
1271    -1804053.500000
1272    -1804075.250000
1273    -1804096.125000
1274    -1804117.875000
1275    -1804138.250000
1276    -1804159.750000
1277    -1804180.625000
1278    -1804201.750000
1279    -1804223.000000
1280    -1804244.000000
1281    -1804265.250000
1282    -1804286.375000
1283    -1804306.750000
1284    -1804326.625000
1285    -1804348.500000
1286    -1804369.000000
1287    -1804390.000000
1288    -1804410.625000
1289    -1804430.500000
1290    -1804452.125000
1291    -1804471.875000
1292    -1804492.750000
1293    -1804513.500000
1294    -1804533.000000
1295    -1804553.000000
1296    -1804573.500000
1297    -1804593.375000
1298    -1804613.875000
1299    -1804633.750000
1300    -1804653.750000
1301    -1804673.500000
1302    -1804693.750000
1303    -1804714.250000
1304    -1804733.875000
1305    -1804753.375000
1306    -1804774.125000
1307    -1804793.625000
1308    -1804813.500000
1309    -1804833.000000
1310    -1804852.875000
1311    -1804872.500000
1312    -1804891.875000
1313    -1804911.500000
1314    -1804930.625000
1315    -1804950.250000
1316    -1804969.375000
1317    -1804989.500000
1318    -1805008.375000
1319    -1805027.500000
1320    -1805046.500000
1321    -1805065.750000
1322    -1805084.500000
1323    -1805103.875000
1324    -1805122.250000
1325    -1805142.000000
1326    -1805160.750000
1327    -1805179.625000
1328    -1805198.500000
1329    -1805217.000000
1330    -1805236.500000
1331    -1805254.250000
1332    -1805273.125000
1333    -1805291.250000
1334    -1805309.875000
1335    -1805329.250000
1336    -1805347.500000
1337    -1805365.500000
1338    -1805383.750000
1339    -1805402.500000
1340    -1805419.875000
1341    -1805438.500000
1342    -1805457.500000
1343    -1805475.000000
1344    -1805493.000000
1345    -1805511.000000
1346    -1805529.000000
1347    -1805547.750000
1348    -1805565.625000
1349    -1805583.500000
1350    -1805601.000000
1351    -1805619.250000
1352    -1805636.000000
1353    -1805654.125000
1354    -1805672.125000
1355    -1805690.000000
1356    -1805707.375000
1357    -1805724.875000
1358    -1805741.750000
1359    -1805759.500000
1360    -1805777.000000
1361    -1805794.250000
1362    -1805811.500000
1363    -1805829.500000
1364    -1805846.125000
1365    -1805863.875000
1366    -1805880.625000
1367    -1805898.000000
1368    -1805915.125000
1369    -1805932.000000
1370    -1805949.250000
1371    -1805966.000000
1372    -1805983.000000
1373    -1805999.500000
1374    -1806016.000000
1375    -1806033.250000
1376    -1806049.750000
1377    -1806066.875000
1378    -1806082.500000
1379    -1806099.375000
1380    -1806115.750000
1381    -1806132.750000
1382    -1806149.750000
1383    -1806165.000000
1384    -1806181.500000
1385    -1806197.500000
1386    -1806213.500000
1387    -1806229.250000
1388    -1806246.375000
1389    -1806262.750000
1390    -1806278.250000
1391    -1806294.250000
1392    -1806310.125000
1393    -1806326.000000
1394    -1806342.375000
1395    -1806357.625000
1396    -1806374.250000
1397    -1806389.750000
1398    -1806405.625000
1399    -1806420.500000
1400    -1806436.500000
1401    -1806452.500000
1402    -1806467.750000
1403    -1806483.000000
1404    -1806499.375000
1405    -1806514.625000
1406    -1806530.250000
1407    -1806544.750000
1408    -1806560.750000
1409    -1806575.875000
1410    -1806591.500000
1411    -1806607.000000
1412    -1806622.500000
1413    -1806637.250000
1414    -1806652.625000
1415    -1806668.000000
1416    -1806682.750000
1417    -1806697.750000
1418    -1806713.875000
1419    -1806728.250000
1420    -1806743.250000
1421    -1806758.625000
1422    -1806773.625000
1423    -1806788.625000
1424    -1806803.875000
1425    -1806818.250000
1426    -1806833.500000
1427    -1806848.000000
1428    -1806862.750000
1429    -1806877.250000
1430    -1806892.500000
1431    -1806907.000000
1432    -1806922.000000
1433    -1806936.375000
1434    -1806951.000000
1435    -1806966.000000
1436    -1806981.000000
1437    -1806995.250000
1438    -1807009.375000
1439    -1807023.750000
1440    -1807039.250000
1441    -1807053.000000
1442    -1807067.500000
1443    -1807082.250000
1444    -1807097.000000
1445    -1807111.000000
1446    -1807126.250000
1447    -1807139.750000
1448    -1807154.250000
1449    -1807168.875000
1450    -1807183.000000
1451    -1807197.250000
1452    -1807211.625000
1453    -1807225.500000
1454    -1807239.875000
1455    -1807254.375000
1456    -1807268.375000
1457    -1807283.000000
1458    -1807296.750000
1459    -1807311.000000
1460    -1807324.625000
1461    -1807338.500000
1462    -1807352.375000
1463    -1807366.750000
1464    -1807380.000000
1465    -1807394.875000
1466    -1807408.375000
1467    -1807422.500000
1468    -1807436.500000
1469    -1807450.500000
1470    -1807464.000000
1471    -1807477.500000
1472    -1807491.750000
1473    -1807504.750000
1474    -1807519.250000
1475    -1807533.000000
1476    -1807546.625000
1477    -1807560.250000
1478    -1807574.000000
1479    -1807587.500000
1480    -1807601.125000
1481    -1807614.500000
1482    -1807628.000000
1483    -1807642.125000
1484    -1807654.875000
1485    -1807668.500000
1486    -1807682.250000
1487    -1807695.625000
1488    -1807709.250000
1489    -1807722.500000
1490    -1807736.000000
1491    -1807749.375000
1492    -1807762.625000
1493    -1807775.500000
1494    -1807789.125000
1495    -1807802.750000
1496    -1807816.000000
1497    -1807828.875000
1498    -1807842.250000
1499    -1807855.375000
1500    -1807868.500000
1501    -1807881.625000
1502    -1807894.750000
1503    -1807908.000000
1504    -1807921.375000
1505    -1807934.125000
1506    -1807947.750000
1507    -1807960.500000
1508    -1807973.500000
1509    -1807986.875000
1510    -1807999.500000
1511    -1808012.750000
1512    -1808025.750000
1513    -1808039.000000
1514    -1808051.625000
1515    -1808065.125000
1516    -1808078.250000
1517    -1808090.500000
1518    -1808103.625000
1519    -1808117.250000
1520    -1808129.375000
1521    -1808142.250000
1522    -1808155.500000
1523    -1808168.250000
1524    -1808181.000000
1525    -1808194.250000
1526    -1808207.250000
1527    -1808220.125000
1528    -1808232.750000
1529    -1808245.375000
1530    -1808258.750000
1531    -1808271.500000
1532    -1808284.375000
1533    -1808297.375000
1534    -1808310.125000
1535    -1808322.500000
1536    -1808335.625000
1537    -1808348.750000
1538    -1808361.500000
1539    -1808373.750000
1540    -1808386.625000
1541    -1808399.250000
1542    -1808412.000000
1543    -1808424.500000
1544    -1808437.625000
1545    -1808450.000000
1546    -1808462.125000
1547    -1808474.875000
1548    -1808487.250000
1549    -1808500.000000
1550    -1808513.250000
1551    -1808525.500000
1552    -1808537.250000
1553    -1808550.125000
1554    -1808562.750000
1555    -1808575.500000
1556    -1808587.500000
1557    -1808600.125000
1558    -1808612.625000
1559    -1808624.875000
1560    -1808637.750000
1561    -1808650.375000
1562    -1808662.250000
1563    -1808674.875000
1564    -1808687.250000
1565    -1808699.250000
1566    -1808712.000000
1567    -1808724.250000
1568    -1808736.625000
1569    -1808748.500000
1570    -1808761.375000
1571    -1808773.500000
1572    -1808786.000000
1573    -1808798.250000
1574    -1808810.625000
1575    -1808822.750000
1576    -1808835.000000
1577    -1808846.625000
1578    -1808859.500000
1579    -1808871.750000
1580    -1808883.500000
1581    -1808896.250000
1582    -1808908.250000
1583    -1808920.000000
1584    -1808932.750000
1585    -1808944.500000
1586    -1808956.500000
1587    -1808968.500000
1588    -1808980.500000
1589    -1808992.500000
1590    -1809004.500000
1591    -1809016.500000
1592    -1809028.750000
1593    -1809040.750000
1594    -1809052.250000
1595    -1809064.750000
1596    -1809076.375000
1597    -1809088.375000
1598    -1809100.375000
1599    -1809112.000000
1600    -1809124.250000
1601    -1809136.250000
1602    -1809147.500000
1603    -1809159.500000
1604    -1809171.625000
1605    -1809183.000000
1606    -1809195.500000
1607    -1809206.500000
1608    -1809218.750000
1609    -1809230.375000
1610    -1809242.375000
1611    -1809254.000000
1612    -1809266.000000
1613    -1809277.500000
1614    -1809289.375000
1615    -1809301.000000
1616    -1809313.000000
1617    -1809324.250000
1618    -1809336.500000
1619    -1809347.750000
1620    -1809359.500000
1621    -1809371.375000
1622    -1809383.000000
1623    -1809394.875000
1624    -1809406.500000
1625    -1809418.250000
1626    -1809429.375000
1627    -1809440.875000
1628    -1809453.375000
1629    -1809464.875000
1630    -1809476.000000
1631    -1809487.750000
1632    -1809498.750000
1633    -1809511.125000
1634    -1809522.500000
1635    -1809533.750000
1636    -1809545.500000
1637    -1809556.875000
1638    -1809568.250000
1639    -1809579.750000
1640    -1809591.500000
1641    -1809602.750000
1642    -1809613.500000
1643    -1809625.125000
1644    -1809636.500000
1645    -1809648.125000
1646    -1809659.000000
1647    -1809670.500000
1648    -1809681.500000
1649    -1809693.125000
1650    -1809704.375000
1651    -1809716.000000
1652    -1809727.125000
1653    -1809738.125000
1654    -1809749.500000
1655    -1809760.000000
1656    -1809772.000000
1657    -1809782.750000
1658    -1809794.000000
1659    -1809805.250000
1660    -1809816.625000
1661    -1809827.500000
1662    -1809838.750000
1663    -1809849.750000
1664    -1809861.250000
1665    -1809871.750000
1666    -1809883.000000
1667    -1809893.875000
1668    -1809904.750000
1669    -1809915.875000
1670    -1809926.500000
1671    -1809937.750000
1672    -1809949.250000
1673    -1809959.875000
1674    -1809971.000000
1675    -1809981.500000
1676    -1809992.500000
1677    -1810003.250000
1678    -1810014.250000
1679    -1810024.750000
1680    -1810036.250000
1681    -1810046.625000
1682    -1810057.750000
1683    -1810068.500000
1684    -1810078.875000
1685    -1810090.000000
1686    -1810100.250000
1687    -1810110.750000
1688    -1810121.750000
1689    -1810132.625000
1690    -1810143.250000
1691    -1810154.250000
1692    -1810165.000000
1693    -1810175.750000
1694    -1810186.250000
1695    -1810197.125000
1696    -1810207.500000
1697    -1810218.500000
1698    -1810229.250000
1699    -1810239.750000
1700    -1810250.375000
1701    -1810261.000000
1702    -1810271.625000
1703    -1810282.625000
1704    -1810293.000000
1705    -1810303.500000
1706    -1810314.375000
1707    -1810324.875000
1708    -1810335.375000
1709    -1810345.125000
1710    -1810356.750000
1711    -1810367.250000
1712    -1810377.375000
1713    -1810388.000000
1714    -1810398.625000
1715    -1810408.875000
1716    -1810419.500000
1717    -1810430.000000
1718    -1810440.500000
1719    -1810450.500000
1720    -1810460.500000
1721    -1810471.250000
1722    -1810481.500000
1723    -1810492.125000
1724    -1810502.375000
1725    -1810512.750000
1726    -1810522.625000
1727    -1810533.125000
1728    -1810544.000000
1729    -1810553.875000
1730    -1810564.125000
1731    -1810574.500000
1732    -1810584.625000
1733    -1810595.500000
1734    -1810605.500000
1735    -1810615.750000
1736    -1810625.750000
1737    -1810636.500000
1738    -1810646.500000
1739    -1810656.375000
1740    -1810666.625000
1741    -1810677.125000
1742    -1810687.500000
1743    -1810697.500000
1744    -1810707.625000
1745    -1810718.125000
1746    -1810728.250000
1747    -1810738.375000
1748    -1810748.375000
1749    -1810758.500000
1750    -1810768.750000
1751    -1810778.875000
1752    -1810788.750000
1753    -1810799.125000
1754    -1810809.250000
1755    -1810819.250000
1756    -1810829.500000
1757    -1810839.000000
1758    -1810849.250000
1759    -1810859.125000
1760    -1810869.250000
1761    -1810879.500000
1762    -1810889.500000
1763    -1810899.375000
1764    -1810909.250000
1765    -1810919.500000
1766    -1810929.500000
1767    -1810939.000000
1768    -1810949.250000
1769    -1810958.500000
1770    -1810969.000000
1771    -1810978.875000
1772    -1810988.500000
1773    -1810998.500000
1774    -1811008.500000
1775    -1811018.125000
1776    -1811028.125000
1777    -1811038.000000
1778    -1811048.000000
1779    -1811057.750000
1780    -1811067.250000
1781    -1811077.500000
1782    -1811087.125000
1783    -1811096.750000
1784    -1811106.500000
1785    -1811117.000000
1786    -1811126.000000
1787    -1811136.125000
1788    -1811146.000000
1789    -1811155.875000
1790    -1811165.125000
1791    -1811175.375000
1792    -1811185.000000
1793    -1811194.125000
1794    -1811204.500000
1795    -1811214.125000
1796    -1811223.750000
1797    -1811233.750000
1798    -1811242.875000
1799    -1811253.000000
1800    -1811262.500000
1801    -1811271.625000
1802    -1811281.500000
1803    -1811291.375000
1804    -1811300.500000
1805    -1811310.750000
1806    -1811320.625000
1807    -1811329.625000
1808    -1811339.250000
1809    -1811348.750000
1810    -1811358.625000
1811    -1811367.875000
1812    -1811377.250000
1813    -1811386.750000
1814    -1811396.750000
1815    -1811406.000000
1816    -1811415.250000
1817    -1811425.375000
1818    -1811434.500000
1819    -1811443.875000
1820    -1811453.625000
1821    -1811463.250000
1822    -1811472.750000
1823    -1811482.375000
1824    -1811491.875000
1825    -1811501.250000
1826    -1811510.625000
1827    -1811520.125000
1828    -1811529.500000
1829    -1811539.125000
1830    -1811548.750000
1831    -1811557.875000
1832    -1811567.500000
1833    -1811576.750000
1834    -1811586.250000
1835    -1811595.625000
1836    -1811605.000000
1837    -1811614.625000
1838    -1811623.875000
1839    -1811633.500000
1840    -1811643.000000
1841    -1811652.000000
1842    -1811661.375000
1843    -1811671.000000
1844    -1811680.750000
1845    -1811690.125000
1846    -1811698.750000
1847    -1811708.250000
1848    -1811718.000000
1849    -1811727.000000
1850    -1811736.375000
1851    -1811745.625000
1852    -1811755.000000
1853    -1811764.625000
1854    -1811773.750000
1855    -1811783.250000
1856    -1811792.250000
1857    -1811801.375000
1858    -1811811.000000
1859    -1811820.000000
1860    -1811829.500000
1861    -1811839.250000
1862    -1811848.250000
1863    -1811857.500000
1864    -1811866.625000
1865    -1811875.875000
1866    -1811885.250000
1867    -1811894.500000
1868    -1811903.750000
1869    -1811913.000000
1870    -1811922.375000
1871    -1811931.500000
1872    -1811940.500000
1873    -1811949.750000
1874    -1811959.250000
1875    -1811968.250000
1876    -1811977.500000
1877    -1811986.625000
1878    -1811995.625000
1879    -1812004.875000
1880    -1812014.250000
1881    -1812023.000000
1882    -1812032.625000
1883    -1812041.500000
1884    -1812050.500000
1885    -1812059.375000
1886    -1812068.625000
1887    -1812077.875000
1888    -1812087.250000
1889    -1812096.250000
1890    -1812105.000000
1891    -1812114.250000
1892    -1812122.875000
1893    -1812132.500000
1894    -1812141.250000
1895    -1812150.500000
1896    -1812159.750000
1897    -1812168.750000
1898    -1812177.625000
1899    -1812187.000000
1900    -1812195.625000
1901    -1812205.000000
1902    -1812213.500000
1903    -1812222.750000
1904    -1812231.750000
1905    -1812240.875000
1906    -1812249.500000
1907    -1812258.500000
1908    -1812267.500000
1909    -1812277.000000
1910    -1812285.625000
1911    -1812295.125000
1912    -1812304.000000
1913    -1812313.000000
1914    -1812322.000000
1915    -1812331.000000
1916    -1812339.750000
1917    -1812349.000000
1918    -1812358.000000
1919    -1812366.750000
1920    -1812375.750000
1921    -1812384.375000
1922    -1812393.250000
1923    -1812402.375000
1924    -1812411.750000
1925    -1812420.250000
1926    -1812429.500000
1927    -1812438.750000
1928    -1812447.750000
1929    -1812456.375000
1930    -1812465.250000
1931    -1812474.125000
1932    -1812483.000000
1933    -1812492.125000
1934    -1812501.000000
1935    -1812509.875000
1936    -1812518.750000
1937    -1812528.125000
1938    -1812536.500000
1939    -1812545.625000
1940    -1812554.750000
1941    -1812563.500000
1942    -1812572.375000
1943    -1812581.250000
1944    -1812590.000000
1945    -1812599.000000
1946    -1812608.125000
1947    -1812617.250000
1948    -1812626.000000
1949    -1812634.625000
1950    -1812644.250000
1951    -1812652.250000
1952    -1812661.750000
1953    -1812670.250000
1954    -1812679.250000
1955    -1812687.750000
1956    -1812697.125000
1957    -1812705.750000
1958    -1812714.500000
1959    -1812723.500000
1960    -1812732.250000
1961    -1812741.375000
1962    -1812750.500000
1963    -1812759.500000
1964    -1812768.500000
1965    -1812777.000000
1966    -1812786.125000
1967    -1812794.500000
1968    -1812803.750000
1969    -1812812.750000
1970    -1812821.500000
1971    -1812830.250000
1972    -1812839.375000
1973    -1812848.000000
1974    -1812856.875000
1975    -1812866.125000
1976    -1812874.750000
1977    -1812883.500000
1978    -1812892.250000
1979    -1812901.375000
1980    -1812910.250000
1981    -1812919.000000
1982    -1812927.500000
1983    -1812936.375000
1984    -1812945.375000
1985    -1812954.250000
1986    -1812962.875000
1987    -1812971.500000
1988    -1812980.125000
1989    -1812989.250000
1990    -1812998.000000
1991    -1813006.500000
1992    -1813015.750000
1993    -1813024.000000
1994    -1813032.750000
1995    -1813041.500000
1996    -1813050.625000
1997    -1813059.250000
1998    -1813068.000000
1999    -1813077.250000
2000    -1813086.125000
2001    -1813094.625000
2002    -1813103.500000
2003    -1813112.000000
2004    -1813121.250000
2005    -1813130.000000
2006    -1813138.250000
2007    -1813147.125000
2008    -1813156.000000
2009    -1813164.875000
2010    -1813173.125000
2011    -1813182.250000
2012    -1813190.375000
2013    -1813199.500000
2014    -1813208.500000
2015    -1813216.875000
2016    -1813226.000000
2017    -1813234.375000
2018    -1813243.125000
2019    -1813251.875000
2020    -1813260.750000
2021    -1813269.000000
2022    -1813277.875000
2023    -1813286.375000
2024    -1813295.500000
2025    -1813303.750000
2026    -1813312.500000
2027    -1813321.250000
2028    -1813330.250000
2029    -1813338.750000
2030    -1813347.375000
2031    -1813356.125000
2032    -1813364.500000
2033    -1813373.125000
2034    -1813382.125000
2035    -1813390.500000
2036    -1813399.250000
2037    -1813408.250000
2038    -1813416.750000
2039    -1813425.250000
2040    -1813433.875000
2041    -1813442.250000
2042    -1813451.125000
2043    -1813459.750000
2044    -1813468.125000
2045    -1813476.750000
2046    -1813485.625000
2047    -1813494.375000
2048    -1813502.625000
2049    -1813511.000000
2050    -1813519.750000
2051    -1813528.000000
2052    -1813536.750000
2053    -1813545.000000
2054    -1813554.125000
2055    -1813562.625000
2056    -1813570.750000
2057    -1813579.500000
2058    -1813588.000000
2059    -1813596.500000
2060    -1813605.125000
2061    -1813613.250000
2062    -1813621.875000
2063    -1813630.750000
2064    -1813639.000000
2065    -1813647.250000
2066    -1813655.500000
2067    -1813663.750000
2068    -1813672.750000
2069    -1813681.125000
2070    -1813689.750000
2071    -1813697.750000
2072    -1813705.875000
2073    -1813714.750000
2074    -1813723.375000
2075    -1813731.500000
2076    -1813739.750000
2077    -1813748.250000
2078    -1813756.500000
2079    -1813764.375000
2080    -1813772.875000
2081    -1813781.125000
2082    -1813789.500000
2083    -1813797.500000
2084    -1813805.750000
2085    -1813814.250000
2086    -1813822.750000
2087    -1813830.750000
2088    -1813839.000000
2089    -1813847.250000
2090    -1813855.250000
2091    -1813863.250000
2092    -1813871.750000
2093    -1813879.625000
2094    -1813887.750000
2095    -1813896.125000
2096    -1813904.500000
2097    -1813912.250000
2098    -1813920.625000
2099    -1813928.750000
2100    -1813936.750000
2101    -1813945.125000
2102    -1813953.000000
2103    -1813961.125000
2104    -1813969.250000
2105    -1813977.625000
2106    -1813985.250000
2107    -1813993.500000
2108    -1814001.375000
2109    -1814009.000000
2110    -1814017.250000
2111    -1814025.125000
2112    -1814033.000000
2113    -1814041.500000
2114    -1814049.625000
2115    -1814057.500000
2116    -1814065.125000
2117    -1814073.250000
2118    -1814081.500000
2119    -1814089.500000
2120    -1814097.125000
2121    -1814105.250000
2122    -1814113.000000
2123    -1814121.000000
2124    -1814129.250000
2125    -1814137.000000
2126    -1814145.000000
2127    -1814153.250000
2128    -1814160.750000
2129    -1814168.750000
2130    -1814176.500000
2131    -1814184.500000
2132    -1814192.250000
2133    -1814200.500000
2134    -1814208.250000
2135    -1814216.000000
2136    -1814224.000000
2137    -1814231.875000
2138    -1814239.875000
2139    -1814247.500000
2140    -1814255.875000
2141    -1814263.250000
2142    -1814271.250000
2143    -1814278.625000
2144    -1814286.750000
2145    -1814295.000000
2146    -1814302.250000
2147    -1814310.250000
2148    -1814318.250000
2149    -1814326.000000
2150    -1814333.750000
2151    -1814341.500000
2152    -1814349.125000
2153    -1814357.000000
2154    -1814364.625000
2155    -1814372.750000
2156    -1814380.375000
2157    -1814387.750000
2158    -1814395.625000
2159    -1814403.375000
2160    -1814410.750000
2161    -1814418.500000
2162    -1814426.250000
2163    -1814433.875000
2164    -1814441.250000
2165    -1814448.875000
2166    -1814456.625000
2167    -1814464.500000
2168    -1814472.250000
2169    -1814479.500000
2170    -1814487.500000
2171    -1814494.625000
2172    -1814502.250000
2173    -1814509.875000
2174    -1814517.250000
2175    -1814525.000000
2176    -1814532.500000
2177    -1814539.750000
2178    -1814547.625000
2179    -1814554.750000
2180    -1814562.500000
2181    -1814570.000000
2182    -1814577.125000
2183    -1814584.750000
2184    -1814592.000000
2185    -1814599.500000
2186    -1814607.000000
2187    -1814614.000000
2188    -1814621.500000
2189    -1814629.250000
2190    -1814636.375000
2191    -1814643.625000
2192    -1814650.875000
2193    -1814658.375000
2194    -1814665.750000
2195    -1814673.250000
2196    -1814680.250000
2197    -1814687.875000
2198    -1814695.000000
2199    -1814702.250000
2200    -1814710.000000
2201    -1814716.500000
2202    -1814724.250000
2203    -1814731.375000
2204    -1814738.500000
2205    -1814746.000000
2206    -1814753.000000
2207    -1814760.500000
2208    -1814767.875000
2209    -1814774.750000
2210    -1814782.250000
2211    -1814789.500000
2212    -1814796.250000
2213    -1814803.500000
2214    -1814811.250000
2215    -1814818.250000
2216    -1814825.500000
2217    -1814832.500000
2218    -1814839.750000
2219    -1814847.250000
2220    -1814853.750000
2221    -1814861.000000
2222    -1814868.250000
2223    -1814875.625000
2224    -1814882.125000
2225    -1814889.750000
2226    -1814896.500000
2227    -1814903.750000
2228    -1814910.750000
2229    -1814917.500000
2230    -1814925.500000
2231    -1814932.250000
2232    -1814939.125000
2233    -1814946.000000
2234    -1814953.750000
2235    -1814960.750000
2236    -1814967.750000
2237    -1814974.500000
2238    -1814981.750000
2239    -1814988.750000
2240    -1814995.750000
2241    -1815002.875000
2242    -1815009.750000
2243    -1815017.000000
2244    -1815023.750000
2245    -1815031.000000
2246    -1815037.500000
2247    -1815044.625000
2248    -1815052.125000
2249    -1815059.125000
2250    -1815066.000000
2251    -1815073.000000
2252    -1815080.125000
2253    -1815086.750000
2254    -1815093.750000
2255    -1815100.875000
2256    -1815108.125000
2257    -1815114.625000
2258    -1815121.750000
2259    -1815128.875000
2260    -1815136.000000
2261    -1815143.125000
2262    -1815149.500000
2263    -1815156.500000
2264    -1815163.500000
2265    -1815170.500000
2266    -1815177.000000
2267    -1815184.250000
2268    -1815191.250000
2269    -1815198.250000
2270    -1815205.000000
2271    -1815212.125000
2272    -1815219.125000
2273    -1815225.500000
2274    -1815232.500000
2275    -1815239.500000
2276    -1815246.375000
2277    -1815253.000000
2278    -1815260.000000
2279    -1815267.000000
2280    -1815273.875000
2281    -1815280.375000
2282    -1815287.500000
2283    -1815294.250000
2284    -1815300.750000
2285    -1815308.125000
2286    -1815315.000000
2287    -1815321.500000
2288    -1815328.625000
2289    -1815335.000000
2290    -1815341.875000
2291    -1815349.125000
2292    -1815355.750000
2293    -1815362.500000
2294    -1815369.250000
2295    -1815376.000000
2296    -1815383.000000
2297    -1815390.250000
2298    -1815396.750000
2299    -1815403.625000
2300    -1815410.250000
2301    -1815417.000000
2302    -1815424.250000
2303    -1815430.875000
2304    -1815438.125000
2305    -1815444.875000
2306    -1815451.875000
2307    -1815458.375000
2308    -1815465.750000
2309    -1815472.500000
2310    -1815479.250000
2311    -1815486.375000
2312    -1815493.125000
2313    -1815500.250000
2314    -1815507.000000
2315    -1815513.750000
2316    -1815520.750000
2317    -1815527.750000
2318    -1815534.375000
2319    -1815541.125000
2320    -1815548.250000
2321    -1815555.375000
2322    -1815562.125000
2323    -1815568.750000
2324    -1815576.000000
2325    -1815582.875000
2326    -1815589.750000
2327    -1815596.625000
2328    -1815603.625000
2329    -1815610.500000
2330    -1815617.625000
2331    -1815624.250000
2332    -1815631.375000
2333    -1815638.125000
2334    -1815645.000000
2335    -1815651.750000
2336    -1815659.125000
2337    -1815666.125000
2338    -1815673.000000
2339    -1815680.000000
2340    -1815686.875000
2341    -1815693.500000
2342    -1815700.250000
2343    -1815707.250000
2344    -1815714.125000
2345    -1815721.250000
2346    -1815728.250000
2347    -1815734.875000
2348    -1815742.000000
2349    -1815748.500000
2350    -1815755.625000
2351    -1815762.750000
2352    -1815769.500000
2353    -1815776.250000
2354    -1815783.375000
2355    -1815790.250000
2356    -1815797.000000
2357    -1815803.750000
2358    -1815810.750000
2359    -1815817.500000
2360    -1815824.500000
2361    -1815831.250000
2362    -1815838.000000
2363    -1815845.000000
2364    -1815851.875000
2365    -1815858.750000
2366    -1815865.625000
2367    -1815872.250000
2368    -1815879.250000
2369    -1815886.250000
2370    -1815893.000000
2371    -1815899.875000
2372    -1815906.250000
2373    -1815913.500000
2374    -1815920.250000
2375    -1815926.875000
2376    -1815934.000000
2377    -1815940.500000
2378    -1815947.750000
2379    -1815954.625000
2380    -1815961.500000
2381    -1815968.000000
2382    -1815974.875000
2383    -1815981.750000
2384    -1815988.250000
2385    -1815995.250000
2386    -1816002.125000
2387    -1816009.125000
2388    -1816015.625000
2389    -1816022.500000
2390    -1816029.375000
2391    -1816036.125000
2392    -1816043.000000
2393    -1816049.750000
2394    -1816056.500000
2395    -1816063.250000
2396    -1816070.000000
2397    -1816076.750000
2398    -1816083.875000
2399    -1816090.125000
2400    -1816096.750000
2401    -1816103.750000
2402    -1816110.250000
2403    -1816117.500000
2404    -1816123.750000
2405    -1816130.500000
2406    -1816137.250000
2407    -1816143.875000
2408    -1816150.250000
2409    -1816157.000000
2410    -1816163.875000
2411    -1816170.625000
2412    -1816177.000000
2413    -1816183.750000
2414    -1816190.375000
2415    -1816196.750000
2416    -1816203.500000
2417    -1816210.000000
2418    -1816216.750000
2419    -1816223.125000
2420    -1816229.500000
2421    -1816236.250000
2422    -1816242.500000
2423    -1816249.250000
2424    -1816255.500000
2425    -1816262.500000
2426    -1816268.625000
2427    -1816275.125000
2428    -1816281.875000
2429    -1816288.500000
2430    -1816294.875000
2431    -1816301.500000
2432    -1816307.750000
2433    -1816314.125000
2434    -1816320.875000
2435    -1816327.250000
2436    -1816333.625000
2437    -1816340.000000
2438    -1816346.375000
2439    -1816353.000000
2440    -1816359.625000
2441    -1816366.500000
2442    -1816372.750000
2443    -1816379.000000
2444    -1816385.750000
2445    -1816392.250000
2446    -1816398.625000
2447    -1816405.000000
2448    -1816411.500000
2449    -1816418.125000
2450    -1816424.500000
2451    -1816431.250000
2452    -1816437.500000
2453    -1816443.625000
2454    -1816450.250000
2455    -1816456.875000
2456    -1816462.875000
2457    -1816469.500000
2458    -1816475.875000
2459    -1816482.500000
2460    -1816489.125000
2461    -1816495.250000
2462    -1816502.000000
2463    -1816508.250000
2464    -1816514.750000
2465    -1816521.000000
2466    -1816527.375000
2467    -1816534.000000
2468    -1816540.625000
2469    -1816546.500000
2470    -1816553.250000
2471    -1816559.500000
2472    -1816565.875000
2473    -1816572.250000
2474    -1816578.500000
2475    -1816585.000000
2476    -1816591.500000
2477    -1816598.000000
2478    -1816604.125000
2479    -1816610.625000
2480    -1816616.875000
2481    -1816623.375000
2482    -1816630.125000
2483    -1816636.250000
2484    -1816642.500000
2485    -1816649.250000
2486    -1816655.125000
2487    -1816661.250000
2488    -1816667.625000
2489    -1816674.250000
2490    -1816680.500000
2491    -1816686.875000
2492    -1816693.000000
2493    -1816699.375000
2494    -1816706.000000
2495    -1816712.250000
2496    -1816718.500000
2497    -1816725.000000
2498    -1816731.250000
2499    -1816737.500000
2500    -1816744.000000
2501    -1816749.750000
2502    -1816756.375000
2503    -1816762.500000
2504    -1816768.875000
2505    -1816774.750000
2506    -1816781.125000
2507    -1816787.875000
2508    -1816793.750000
2509    -1816800.000000
2510    -1816806.625000
2511    -1816812.750000
2512    -1816818.750000
2513    -1816825.250000
2514    -1816831.250000
2515    -1816837.750000
2516    -1816843.750000
2517    -1816850.000000
2518    -1816856.750000
2519    -1816862.625000
2520    -1816869.000000
2521    -1816874.875000
2522    -1816881.375000
2523    -1816887.375000
2524    -1816893.750000
2525    -1816900.000000
2526    -1816906.000000
2527    -1816912.750000
2528    -1816918.750000
2529    -1816925.000000
2530    -1816931.250000
2531    -1816937.375000
2532    -1816943.625000
2533    -1816949.750000
2534    -1816955.875000
2535    -1816962.000000
2536    -1816968.250000
2537    -1816974.250000
2538    -1816980.375000
2539    -1816986.500000
2540    -1816992.625000
2541    -1816999.000000
2542    -1817005.000000
2543    -1817010.625000
2544    -1817017.250000
2545    -1817023.000000
2546    -1817028.750000
2547    -1817035.125000
2548    -1817041.500000
2549    -1817047.500000
2550    -1817053.625000
2551    -1817060.125000
2552    -1817065.750000
2553    -1817071.750000
2554    -1817077.875000
2555    -1817084.000000
2556    -1817090.000000
2557    -1817096.500000
2558    -1817102.250000
2559    -1817107.750000
2560    -1817114.375000
2561    -1817120.250000
2562    -1817126.250000
2563    -1817132.750000
2564    -1817138.500000
2565    -1817144.625000
2566    -1817150.000000
2567    -1817156.000000
2568    -1817162.250000
2569    -1817168.250000
2570    -1817174.000000
2571    -1817180.500000
2572    -1817186.000000
2573    -1817192.125000
2574    -1817197.750000
2575    -1817203.750000
2576    -1817209.500000
2577    -1817215.625000
2578    -1817221.250000
2579    -1817227.250000
2580    -1817232.875000
2581    -1817238.750000
2582    -1817244.875000
2583    -1817250.250000
2584    -1817256.000000
2585    -1817262.000000
2586    -1817268.000000
2587    -1817273.625000
2588    -1817279.375000
2589    -1817285.250000
2590    -1817290.750000
2591    -1817296.375000
2592    -1817302.000000
2593    -1817307.875000
2594    -1817313.500000
2595    -1817319.250000
2596    -1817324.750000
2597    -1817330.500000
2598    -1817336.500000
2599    -1817341.875000
2600    -1817347.500000
2601    -1817353.250000
2602    -1817358.750000
2603    -1817364.375000
2604    -1817370.125000
2605    -1817375.625000
2606    -1817381.500000
2607    -1817387.000000
2608    -1817392.500000
2609    -1817398.250000
2610    -1817403.250000
2611    -1817409.125000
2612    -1817415.000000
2613    -1817419.875000
2614    -1817425.875000
2615    -1817431.125000
2616    -1817436.250000
2617    -1817442.250000
2618    -1817447.500000
2619    -1817453.125000
2620    -1817458.750000
2621    -1817464.000000
2622    -1817469.500000
2623    -1817474.750000
2624    -1817480.625000
2625    -1817485.750000
2626    -1817491.000000
2627    -1817496.750000
2628    -1817501.875000
2629    -1817507.250000
2630    -1817512.500000
2631    -1817518.000000
2632    -1817523.750000
2633    -1817528.500000
2634    -1817534.250000
2635    -1817539.375000
2636    -1817544.625000
2637    -1817550.250000
2638    -1817555.500000
2639    -1817560.750000
2640    -1817565.750000
2641    -1817571.250000
2642    -1817576.625000
2643    -1817582.000000
2644    -1817587.250000
2645    -1817592.250000
2646    -1817597.750000
2647    -1817602.750000
2648    -1817608.125000
2649    -1817613.500000
2650    -1817618.250000
2651    -1817623.750000
2652    -1817629.000000
2653    -1817634.000000
2654    -1817639.250000
2655    -1817644.500000
2656    -1817649.625000
2657    -1817654.875000
2658    -1817659.750000
2659    -1817664.500000
2660    -1817670.000000
2661    -1817675.000000
2662    -1817680.500000
2663    -1817685.125000
2664    -1817690.250000
2665    -1817695.250000
2666    -1817700.625000
2667    -1817705.250000
2668    -1817710.500000
2669    -1817715.750000
2670    -1817720.500000
2671    -1817725.750000
2672    -1817731.000000
2673    -1817735.750000
2674    -1817740.750000
2675    -1817745.750000
2676    -1817751.000000
2677    -1817755.625000
2678    -1817761.000000
2679    -1817765.500000
2680    -1817770.875000
2681    -1817775.500000
2682    -1817780.625000
2683    -1817785.750000
2684    -1817790.500000
2685    -1817795.375000
2686    -1817800.750000
2687    -1817805.250000
2688    -1817810.500000
2689    -1817815.125000
2690    -1817820.250000
2691    -1817825.500000
2692    -1817830.125000
2693    -1817835.125000
2694    -1817840.125000
2695    -1817845.375000
2696    -1817849.875000
2697    -1817854.875000
2698    -1817859.750000
2699    -1817864.875000
2700    -1817869.500000
2701    -1817874.625000
2702    -1817879.375000
2703    -1817884.000000
2704    -1817888.750000
2705    -1817893.875000
2706    -1817898.500000
2707    -1817903.500000
2708    -1817908.375000
2709    -1817913.375000
2710    -1817918.000000
2711    -1817922.875000
2712    -1817927.750000
2713    -1817932.500000
2714    -1817937.500000
2715    -1817942.000000
2716    -1817946.625000
2717    -1817951.625000
2718    -1817956.250000
2719    -1817961.000000
2720    -1817965.625000
2721    -1817970.750000
2722    -1817975.000000
2723    -1817979.875000
2724    -1817984.750000
2725    -1817989.125000
2726    -1817993.875000
2727    -1817998.500000
2728    -1818003.500000
2729    -1818008.000000
2730    -1818012.250000
2731    -1818017.000000
2732    -1818022.000000
2733    -1818026.500000
2734    -1818031.500000
2735    -1818035.750000
2736    -1818040.500000
2737    -1818045.250000
2738    -1818049.625000
2739    -1818054.375000
2740    -1818059.000000
2741    -1818063.750000
2742    -1818068.250000
2743    -1818072.750000
2744    -1818077.250000
2745    -1818082.000000
2746    -1818086.375000
2747    -1818091.250000
2748    -1818096.250000
2749    -1818100.500000
2750    -1818105.250000
2751    -1818109.500000
2752    -1818114.500000
2753    -1818118.875000
2754    -1818123.000000
2755    -1818128.500000
2756    -1818132.750000
2757    -1818137.375000
2758    -1818141.875000
2759    -1818146.375000
2760    -1818151.000000
2761    -1818155.250000
2762    -1818160.250000
2763    -1818164.875000
2764    -1818169.750000
2765    -1818174.250000
2766    -1818178.250000
2767    -1818183.375000
2768    -1818188.000000
2769    -1818192.250000
2770    -1818196.625000
2771    -1818201.500000
2772    -1818206.250000
2773    -1818210.625000
2774    -1818215.750000
2775    -1818220.125000
2776    -1818224.500000
2777    -1818229.125000
2778    -1818233.750000
2779    -1818238.375000
2780    -1818242.750000
2781    -1818247.750000
2782    -1818252.000000
2783    -1818256.375000
2784    -1818261.500000
2785    -1818266.000000
2786    -1818270.250000
2787    -1818275.000000
2788    -1818279.500000
2789    -1818283.875000
2790    -1818289.000000
2791    -1818293.250000
2792    -1818297.625000
2793    -1818302.500000
2794    -1818306.750000
2795    -1818311.375000
2796    -1818316.000000
2797    -1818320.750000
2798    -1818324.625000
2799    -1818329.500000
2800    -1818334.000000
2801    -1818339.000000
2802    -1818343.000000
2803    -1818347.750000
2804    -1818352.250000
2805    -1818357.125000
2806    -1818361.375000
2807    -1818366.125000
2808    -1818370.500000
2809    -1818374.750000
2810    -1818379.750000
2811    -1818384.250000
2812    -1818388.625000
2813    -1818393.250000
2814    -1818397.750000
2815    -1818402.500000
2816    -1818406.875000
2817    -1818411.125000
2818    -1818416.000000
2819    -1818420.750000
2820    -1818425.375000
2821    -1818429.875000
2822    -1818434.500000
2823    -1818438.750000
2824    -1818443.500000
2825    -1818448.250000
2826    -1818452.500000
2827    -1818457.125000
2828    -1818461.750000
2829    -1818466.750000
2830    -1818471.250000
2831    -1818475.750000
2832    -1818480.250000
2833    -1818484.750000
2834    -1818489.750000
2835    -1818493.750000
2836    -1818498.500000
2837    -1818503.500000
2838    -1818508.000000
2839    -1818512.500000
2840    -1818517.000000
2841    -1818521.750000
2842    -1818526.375000
2843    -1818531.000000
2844    -1818535.250000
2845    -1818540.375000
2846    -1818544.500000
2847    -1818549.500000
2848    -1818553.750000
2849    -1818558.250000
2850    -1818563.000000
2851    -1818567.750000
2852    -1818572.500000
2853    -1818576.875000
2854    -1818582.000000
2855    -1818586.250000
2856    -1818590.625000
2857    -1818595.500000
2858    -1818600.000000
2859    -1818604.875000
2860    -1818609.250000
2861    -1818614.000000
2862    -1818618.500000
2863    -1818623.000000
2864    -1818627.750000
2865    -1818632.625000
2866    -1818637.125000
2867    -1818642.000000
2868    -1818646.500000
2869    -1818651.125000
2870    -1818655.500000
2871    -1818660.375000
2872    -1818665.000000
2873    -1818669.750000
2874    -1818674.000000
2875    -1818679.125000
2876    -1818683.500000
2877    -1818688.000000
2878    -1818693.000000
2879    -1818697.625000
2880    -1818702.250000
2881    -1818707.000000
2882    -1818711.625000
2883    -1818716.250000
2884    -1818721.000000
2885    -1818725.750000
2886    -1818730.000000
2887    -1818734.750000
2888    -1818739.500000
2889    -1818744.250000
2890    -1818748.750000
2891    -1818753.750000
2892    -1818758.500000
2893    -1818763.250000
2894    -1818767.625000
2895    -1818772.125000
2896    -1818777.125000
2897    -1818781.375000
2898    -1818786.500000
2899    -1818790.750000
2900    -1818795.500000
2901    -1818800.000000
2902    -1818805.000000
2903    -1818809.625000
2904    -1818813.875000
2905    -1818818.500000
2906    -1818823.000000
2907    -1818828.000000
2908    -1818832.500000
2909    -1818836.750000
2910    -1818841.875000
2911    -1818846.500000
2912    -1818850.750000
2913    -1818855.875000
2914    -1818860.250000
2915    -1818865.000000
2916    -1818869.875000
2917    -1818874.125000
2918    -1818878.500000
2919    -1818883.500000
2920    -1818888.250000
2921    -1818892.500000
2922    -1818897.500000
2923    -1818902.000000
2924    -1818906.500000
2925    -1818911.000000
2926    -1818915.750000
2927    -1818920.375000
2928    -1818924.750000
2929    -1818929.375000
2930    -1818934.250000
2931    -1818938.875000
2932    -1818943.750000
2933    -1818948.125000
2934    -1818952.500000
2935    -1818957.500000
2936    -1818961.875000
2937    -1818966.250000
2938    -1818970.875000
2939    -1818975.750000
2940    -1818980.375000
2941    -1818984.375000
2942    -1818989.375000
2943    -1818993.875000
2944    -1818998.500000
2945    -1819003.250000
2946    -1819007.750000
2947    -1819012.250000
2948    -1819017.000000
2949    -1819021.750000
2950    -1819026.250000
2951    -1819030.750000
2952    -1819035.500000
2953    -1819040.125000
2954    -1819044.750000
2955    -1819049.375000
2956    -1819053.750000
2957    -1819058.500000
2958    -1819063.000000
2959    -1819067.625000
2960    -1819071.875000
2961    -1819076.875000
2962    -1819081.500000
2963    -1819086.000000
2964    -1819090.750000
2965    -1819095.250000
2966    -1819099.500000
2967    -1819104.000000
2968    -1819108.750000
2969    -1819113.500000
2970    -1819118.000000
2971    -1819122.750000
2972    -1819127.125000
2973    -1819131.625000
2974    -1819136.500000
2975    -1819141.000000
2976    -1819146.000000
2977    -1819150.375000
2978    -1819154.750000
2979    -1819159.500000
2980    -1819164.250000
2981    -1819168.500000
2982    -1819173.125000
2983    -1819177.500000
2984    -1819182.375000
2985    -1819186.750000
2986    -1819191.500000
2987    -1819196.000000
2988    -1819200.500000
2989    -1819205.000000
2990    -1819209.500000
2991    -1819214.250000
2992    -1819218.625000
2993    -1819222.875000
2994    -1819227.750000
2995    -1819232.250000
2996    -1819237.000000
2997    -1819241.250000
2998    -1819245.875000
2999    -1819250.500000
3000    -1819255.000000
3001    -1819259.750000
3002    -1819264.500000
3003    -1819268.875000
3004    -1819273.000000
3005    -1819277.750000
3006    -1819282.500000
3007    -1819287.125000
3008    -1819291.500000
3009    -1819296.125000
3010    -1819300.500000
3011    -1819305.125000
3012    -1819309.500000
3013    -1819314.250000
3014    -1819318.750000
3015    -1819323.375000
3016    -1819328.000000
3017    -1819332.250000
3018    -1819337.000000
3019    -1819341.500000
3020    -1819346.250000
3021    -1819350.750000
3022    -1819355.500000
3023    -1819359.500000
3024    -1819364.625000
3025    -1819368.750000
3026    -1819373.625000
3027    -1819377.750000
3028    -1819382.750000
3029    -1819387.000000
3030    -1819391.500000
3031    -1819396.000000
3032    -1819400.750000
3033    -1819405.375000
3034    -1819410.125000
3035    -1819414.750000
3036    -1819418.750000
3037    -1819423.250000
3038    -1819428.250000
3039    -1819432.875000
3040    -1819436.750000
3041    -1819441.500000
3042    -1819446.500000
3043    -1819450.500000
3044    -1819455.125000
3045    -1819459.625000
3046    -1819464.000000
3047    -1819468.500000
3048    -1819473.375000
3049    -1819477.500000
3050    -1819482.500000
3051    -1819487.000000
3052    -1819491.250000
3053    -1819496.000000
3054    -1819500.375000
3055    -1819505.250000
3056    -1819509.750000
3057    -1819514.000000
3058    -1819518.500000
3059    -1819523.250000
3060    -1819527.500000
3061    -1819532.125000
3062    -1819536.750000
3063    -1819541.125000
3064    -1819545.750000
3065    -1819550.000000
3066    -1819554.500000
3067    -1819559.125000
3068    -1819563.500000
3069    -1819568.000000
3070    -1819572.500000
3071    -1819577.250000
3072    -1819581.250000
3073    -1819586.125000
3074    -1819590.625000
3075    -1819594.875000
3076    -1819599.125000
3077    -1819603.875000
3078    -1819608.125000
3079    -1819612.500000
3080    -1819617.000000
3081    -1819621.500000
3082    -1819626.000000
3083    -1819630.375000
3084    -1819635.250000
3085    -1819639.500000
3086    -1819643.875000
3087    -1819648.000000
3088    -1819652.500000
3089    -1819656.875000
3090    -1819661.250000
3091    -1819665.750000
3092    -1819670.000000
3093    -1819674.375000
3094    -1819679.000000
3095    -1819683.375000
3096    -1819687.500000
3097    -1819692.250000
3098    -1819696.250000
3099    -1819700.500000
3100    -1819705.125000
3101    -1819709.250000
3102    -1819713.750000
3103    -1819718.000000
3104    -1819722.000000
3105    -1819726.375000
3106    -1819730.500000
3107    -1819734.500000
3108    -1819738.875000
3109    -1819743.375000
3110    -1819747.875000
3111    -1819752.125000
3112    -1819756.000000
3113    -1819760.250000
3114    -1819764.500000
3115    -1819768.750000
3116    -1819772.750000
3117    -1819777.000000
3118    -1819781.375000
3119    -1819785.375000
3120    -1819789.500000
3121    -1819793.750000
3122    -1819797.750000
3123    -1819801.750000
3124    -1819806.375000
3125    -1819810.250000
3126    -1819814.750000
3127    -1819819.000000
3128    -1819822.500000
3129    -1819826.875000
3130    -1819831.375000
3131    -1819835.125000
3132    -1819839.375000
3133    -1819843.625000
3134    -1819847.625000
3135    -1819851.375000
3136    -1819855.750000
3137    -1819860.000000
3138    -1819864.250000
3139    -1819867.500000
3140    -1819872.125000
3141    -1819876.250000
3142    -1819880.500000
3143    -1819884.250000
3144    -1819888.500000
3145    -1819892.375000
3146    -1819896.250000
3147    -1819900.750000
3148    -1819904.500000
3149    -1819908.500000
3150    -1819912.500000
3151    -1819916.500000
3152    -1819920.500000
3153    -1819924.625000
3154    -1819928.500000
3155    -1819932.375000
3156    -1819936.500000
3157    -1819940.500000
3158    -1819944.500000
3159    -1819948.500000
3160    -1819952.375000
3161    -1819956.500000
3162    -1819960.500000
3163    -1819964.750000
3164    -1819968.250000
3165    -1819972.500000
3166    -1819976.500000
3167    -1819980.375000
3168    -1819984.500000
3169    -1819988.250000
3170    -1819992.625000
3171    -1819996.250000
3172    -1820000.000000
3173    -1820003.875000
3174    -1820008.000000
3175    -1820011.875000
3176    -1820015.500000
3177    -1820019.750000
3178    -1820023.750000
3179    -1820027.500000
3180    -1820031.500000
3181    -1820035.250000
3182    -1820039.125000
3183    -1820043.000000
3184    -1820047.000000
3185    -1820050.500000
3186    -1820054.750000
3187    -1820058.500000
3188    -1820062.375000
3189    -1820066.250000
3190    -1820070.250000
3191    -1820073.875000
3192    -1820078.125000
3193    -1820082.250000
3194    -1820085.500000
3195    -1820089.250000
3196    -1820093.125000
3197    -1820097.125000
3198    -1820100.750000
3199    -1820104.750000
3200    -1820108.375000
3201    -1820112.125000
3202    -1820116.000000
3203    -1820119.625000
3204    -1820123.500000
3205    -1820127.625000
3206    -1820131.000000
3207    -1820134.875000
3208    -1820138.875000
3209    -1820142.625000
3210    -1820146.125000
3211    -1820150.250000
3212    -1820153.625000
3213    -1820157.250000
3214    -1820161.125000
3215    -1820165.000000
3216    -1820168.250000
3217    -1820172.250000
3218    -1820176.250000
3219    -1820179.875000
3220    -1820183.125000
3221    -1820187.000000
3222    -1820190.875000
3223    -1820194.500000
3224    -1820198.000000
3225    -1820201.750000
3226    -1820205.375000
3227    -1820209.000000
3228    -1820212.750000
3229    -1820216.250000
3230    -1820219.625000
3231    -1820223.750000
3232    -1820227.375000
3233    -1820230.750000
3234    -1820234.625000
3235    -1820238.500000
3236    -1820242.250000
3237    -1820245.375000
3238    -1820249.000000
3239    -1820252.500000
3240    -1820256.500000
3241    -1820259.750000
3242    -1820263.500000
3243    -1820267.250000
3244    -1820270.750000
3245    -1820274.250000
3246    -1820278.250000
3247    -1820281.500000
3248    -1820285.000000
3249    -1820288.750000
3250    -1820292.750000
3251    -1820295.750000
3252    -1820299.250000
3253    -1820302.625000
3254    -1820306.500000
3255    -1820310.250000
3256    -1820313.500000
3257    -1820317.375000
3258    -1820320.875000
3259    -1820324.500000
3260    -1820328.000000
3261    -1820331.500000
3262    -1820335.250000
3263    -1820338.750000
3264    -1820342.000000
3265    -1820345.625000
3266    -1820349.000000
3267    -1820352.625000
3268    -1820356.250000
3269    -1820359.750000
3270    -1820363.000000
3271    -1820366.625000
3272    -1820369.750000
3273    -1820373.750000
3274    -1820377.000000
3275    -1820380.750000
3276    -1820383.500000
3277    -1820387.500000
3278    -1820390.875000
3279    -1820394.000000
3280    -1820397.750000
3281    -1820401.000000
3282    -1820404.000000
3283    -1820407.750000
3284    -1820411.125000
3285    -1820414.250000
3286    -1820417.375000
3287    -1820421.125000
3288    -1820424.500000
3289    -1820428.000000
3290    -1820431.500000
3291    -1820434.750000
3292    -1820438.250000
3293    -1820441.250000
3294    -1820445.000000
3295    -1820448.250000
3296    -1820451.375000
3297    -1820455.000000
3298    -1820458.250000
3299    -1820461.500000
3300    -1820465.000000
3301    -1820468.375000
3302    -1820471.875000
3303    -1820475.000000
3304    -1820478.500000
3305    -1820481.500000
3306    -1820485.000000
3307    -1820488.250000
3308    -1820491.375000
3309    -1820495.125000
3310    -1820498.000000
3311    -1820501.625000
3312    -1820505.250000
3313    -1820508.375000
3314    -1820511.625000
3315    -1820515.375000
3316    -1820518.125000
3317    -1820521.875000
3318    -1820525.000000
3319    -1820528.500000
3320    -1820531.500000
3321    -1820534.750000
3322    -1820538.500000
3323    -1820541.375000
3324    -1820544.875000
3325    -1820548.500000
3326    -1820551.875000
3327    -1820555.125000
3328    -1820558.375000
3329    -1820561.750000
3330    -1820564.750000
3331    -1820568.125000
3332    -1820571.750000
3333    -1820575.000000
3334    -1820578.375000
3335    -1820581.750000
3336    -1820585.000000
3337    -1820588.500000
3338    -1820591.875000
3339    -1820595.125000
3340    -1820598.500000
3341    -1820602.125000
3342    -1820605.125000
3343    -1820608.250000
3344    -1820611.625000
3345    -1820615.000000
3346    -1820618.625000
3347    -1820622.000000
3348    -1820625.250000
3349    -1820628.875000
3350    -1820631.750000
3351    -1820635.375000
3352    -1820638.625000
3353    -1820642.250000
3354    -1820645.500000
3355    -1820649.000000
3356    -1820652.250000
3357    -1820655.875000
3358    -1820659.000000
3359    -1820662.625000
3360    -1820666.125000
3361    -1820669.250000
3362    -1820672.500000
3363    -1820675.250000
3364    -1820679.250000
3365    -1820682.250000
3366    -1820686.250000
3367    -1820689.625000
3368    -1820692.750000
3369    -1820696.000000
3370    -1820699.375000
3371    -1820702.875000
3372    -1820706.500000
3373    -1820709.500000
3374    -1820713.000000
3375    -1820716.125000
3376    -1820719.500000
3377    -1820723.500000
3378    -1820726.500000
3379    -1820729.750000
3380    -1820733.250000
3381    -1820736.250000
3382    -1820740.125000
3383    -1820743.125000
3384    -1820746.875000
3385    -1820750.250000
3386    -1820753.750000
3387    -1820757.250000
3388    -1820760.500000
3389    -1820764.125000
3390    -1820767.500000
3391    -1820770.750000
3392    -1820774.000000
3393    -1820777.500000
3394    -1820781.000000
3395    -1820785.000000
3396    -1820787.750000
3397    -1820791.125000
3398    -1820794.750000
3399    -1820798.125000
3400    -1820801.750000
3401    -1820805.250000
3402    -1820808.250000
3403    -1820812.000000
3404    -1820815.375000
3405    -1820818.625000
3406    -1820821.875000
3407    -1820825.125000
3408    -1820828.500000
3409    -1820832.000000
3410    -1820835.500000
3411    -1820838.750000
3412    -1820842.000000
3413    -1820845.625000
3414    -1820849.000000
3415    -1820852.375000
3416    -1820855.875000
3417    -1820859.000000
3418    -1820862.750000
3419    -1820866.250000
3420    -1820869.750000
3421    -1820873.000000
3422    -1820876.875000
3423    -1820880.250000
3424    -1820883.500000
3425    -1820886.875000
3426    -1820890.625000
3427    -1820893.750000
3428    -1820897.250000
3429    -1820900.500000
3430    -1820904.250000
3431    -1820907.750000
3432    -1820911.000000
3433    -1820914.750000
3434    -1820918.000000
3435    -1820921.250000
3436    -1820925.250000
3437    -1820928.750000
3438    -1820932.000000
3439    -1820935.625000
3440    -1820939.000000
3441    -1820942.750000
3442    -1820946.125000
3443    -1820949.750000
3444    -1820953.375000
3445    -1820957.000000
3446    -1820960.000000
3447    -1820964.125000
3448    -1820967.500000
3449    -1820971.000000
3450    -1820974.375000
3451    -1820978.250000
3452    -1820981.750000
3453    -1820985.000000
3454    -1820988.750000
3455    -1820992.375000
3456    -1820996.125000
3457    -1820999.500000
3458    -1821002.875000
3459    -1821007.000000
3460    -1821010.125000
3461    -1821014.000000
3462    -1821017.375000
3463    -1821021.000000
3464    -1821024.750000
3465    -1821028.000000
3466    -1821031.750000
3467    -1821035.125000
3468    -1821038.625000
3469    -1821042.000000
3470    -1821046.125000
3471    -1821049.250000
3472    -1821052.875000
3473    -1821056.500000
3474    -1821060.125000
3475    -1821063.500000
3476    -1821067.000000
3477    -1821070.750000
3478    -1821074.250000
3479    -1821077.750000
3480    -1821081.250000
3481    -1821084.750000
3482    -1821088.375000
3483    -1821092.000000
3484    -1821095.250000
3485    -1821099.125000
3486    -1821102.875000
3487    -1821106.250000
3488    -1821109.750000
3489    -1821113.750000
3490    -1821117.250000
3491    -1821120.750000
3492    -1821124.500000
3493    -1821128.125000
3494    -1821131.500000
3495    -1821135.000000
3496    -1821138.625000
3497    -1821142.875000
3498    -1821146.375000
3499    -1821149.500000
3500    -1821153.375000
3501    -1821157.000000
3502    -1821160.875000
3503    -1821164.750000
3504    -1821168.250000
3505    -1821171.750000
3506    -1821175.500000
3507    -1821179.250000
3508    -1821183.000000
3509    -1821186.375000
3510    -1821190.000000
3511    -1821193.500000
3512    -1821197.125000
3513    -1821200.875000
3514    -1821204.500000
3515    -1821208.125000
3516    -1821212.375000
3517    -1821215.250000
3518    -1821219.250000
3519    -1821223.000000
3520    -1821226.750000
3521    -1821230.500000
3522    -1821234.125000
3523    -1821237.750000
3524    -1821241.750000
3525    -1821245.375000
3526    -1821249.000000
3527    -1821252.625000
3528    -1821256.500000
3529    -1821260.250000
3530    -1821263.875000
3531    -1821267.750000
3532    -1821271.750000
3533    -1821275.000000
3534    -1821278.625000
3535    -1821282.625000
3536    -1821286.750000
3537    -1821290.500000
3538    -1821293.875000
3539    -1821297.750000
3540    -1821301.500000
3541    -1821305.500000
3542    -1821309.250000
3543    -1821312.875000
3544    -1821316.875000
3545    -1821320.750000
3546    -1821324.500000
3547    -1821328.250000
3548    -1821332.000000
3549    -1821335.875000
3550    -1821339.500000
3551    -1821343.500000
3552    -1821347.250000
3553    -1821351.000000
3554    -1821354.750000
3555    -1821358.750000
3556    -1821362.375000
3557    -1821366.250000
3558    -1821370.000000
3559    -1821374.125000
3560    -1821378.000000
3561    -1821381.875000
3562    -1821385.875000
3563    -1821389.500000
3564    -1821393.250000
3565    -1821397.750000
3566    -1821401.125000
3567    -1821405.000000
3568    -1821409.375000
3569    -1821412.750000
3570    -1821416.500000
3571    -1821420.625000
3572    -1821424.375000
3573    -1821428.000000
3574    -1821432.125000
3575    -1821435.875000
3576    -1821440.000000
3577    -1821444.000000
3578    -1821447.750000
3579    -1821451.500000
3580    -1821455.625000
3581    -1821459.625000
3582    -1821463.500000
3583    -1821467.250000
3584    -1821471.500000
3585    -1821474.750000
3586    -1821479.000000
3587    -1821482.875000
3588    -1821486.750000
3589    -1821490.875000
3590    -1821494.500000
3591    -1821498.500000
3592    -1821502.750000
3593    -1821506.375000
3594    -1821510.250000
3595    -1821513.875000
3596    -1821517.750000
3597    -1821521.750000
3598    -1821525.500000
3599    -1821529.750000
3600    -1821533.625000
3601    -1821537.500000
3602    -1821541.250000
3603    -1821545.500000
3604    -1821549.250000
3605    -1821553.000000
3606    -1821557.250000
3607    -1821560.875000
3608    -1821564.750000
3609    -1821569.000000
3610    -1821572.500000
3611    -1821576.750000
3612    -1821580.500000
3613    -1821584.000000
3614    -1821588.250000
3615    -1821592.000000
3616    -1821596.000000
3617    -1821600.125000
3618    -1821604.125000
3619    -1821607.750000
3620    -1821612.000000
3621    -1821615.750000
3622    -1821619.625000
3623    -1821623.500000
3624    -1821627.625000
3625    -1821631.250000
3626    -1821635.250000
3627    -1821639.375000
3628    -1821643.375000
3629    -1821647.125000
3630    -1821651.000000
3631    -1821654.625000
3632    -1821658.750000
3633    -1821662.625000
3634    -1821666.625000
3635    -1821670.750000
3636    -1821674.750000
3637    -1821678.125000
3638    -1821682.250000
3639    -1821686.000000
3640    -1821690.125000
3641    -1821694.000000
3642    -1821697.750000
3643    -1821701.625000
3644    -1821705.500000
3645    -1821709.750000
3646    -1821713.250000
3647    -1821717.000000
3648    -1821721.000000
3649    -1821724.500000
3650    -1821729.000000
3651    -1821732.500000
3652    -1821736.500000
3653    -1821740.500000
3654    -1821744.250000
3655    -1821748.000000
3656    -1821752.000000
3657    -1821755.750000
3658    -1821759.750000
3659    -1821763.625000
3660    -1821767.125000
3661    -1821770.750000
3662    -1821774.750000
3663    -1821778.500000
3664    -1821782.500000
3665    -1821786.250000
3666    -1821789.750000
3667    -1821794.250000
3668    -1821797.250000
3669    -1821801.500000
3670    -1821805.375000
3671    -1821809.000000
3672    -1821813.000000
3673    -1821816.500000
3674    -1821820.250000
3675    -1821824.250000
3676    -1821827.750000
3677    -1821831.750000
3678    -1821835.500000
3679    -1821839.000000
3680    -1821843.000000
3681    -1821846.500000
3682    -1821850.000000
3683    -1821854.125000
3684    -1821857.875000
3685    -1821861.500000
3686    -1821865.125000
3687    -1821868.750000
3688    -1821872.625000
3689    -1821876.375000
3690    -1821879.750000
3691    -1821883.750000
3692    -1821887.375000
3693    -1821891.000000
3694    -1821894.750000
3695    -1821898.250000
3696    -1821901.750000
3697    -1821905.375000
3698    -1821909.625000
3699    -1821912.750000
3700    -1821916.500000
3701    -1821919.750000
3702    -1821923.250000
3703    -1821927.250000
3704    -1821930.875000
3705    -1821934.750000
3706    -1821938.250000
3707    -1821941.625000
3708    -1821945.000000
3709    -1821948.500000
3710    -1821952.250000
3711    -1821955.875000
3712    -1821959.750000
3713    -1821962.625000
3714    -1821966.125000
3715    -1821969.500000
3716    -1821973.125000
3717    -1821976.875000
3718    -1821980.500000
3719    -1821983.750000
3720    -1821987.375000
3721    -1821990.750000
3722    -1821994.250000
3723    -1821997.250000
3724    -1822001.125000
3725    -1822004.625000
3726    -1822008.000000
3727    -1822011.500000
3728    -1822014.750000
3729    -1822018.375000
3730    -1822021.750000
3731    -1822025.375000
3732    -1822028.625000
3733    -1822031.875000
3734    -1822035.125000
3735    -1822038.875000
3736    -1822042.000000
3737    -1822045.500000
3738    -1822049.000000
3739    -1822052.250000
3740    -1822055.500000
3741    -1822058.750000
3742    -1822062.375000
3743    -1822066.125000
3744    -1822069.250000
3745    -1822072.375000
3746    -1822075.750000
3747    -1822078.750000
3748    -1822082.250000
3749    -1822085.500000
3750    -1822088.875000
3751    -1822092.000000
3752    -1822095.625000
3753    -1822098.750000
3754    -1822102.500000
3755    -1822105.750000
3756    -1822108.750000
3757    -1822112.250000
3758    -1822115.250000
3759    -1822118.750000
3760    -1822121.750000
3761    -1822125.125000
3762    -1822128.000000
3763    -1822131.875000
3764    -1822134.875000
3765    -1822138.000000
3766    -1822141.250000
3767    -1822144.500000
3768    -1822148.000000
3769    -1822150.500000
3770    -1822154.250000
3771    -1822157.750000
3772    -1822160.625000
3773    -1822163.500000
3774    -1822167.000000
3775    -1822170.000000
3776    -1822173.250000
3777    -1822176.625000
3778    -1822179.750000
3779    -1822182.750000
3780    -1822185.750000
3781    -1822189.000000
3782    -1822192.000000
3783    -1822195.000000
3784    -1822198.500000
3785    -1822201.375000
3786    -1822204.250000
3787    -1822207.750000
3788    -1822210.750000
3789    -1822213.750000
3790    -1822216.750000
3791    -1822219.750000
3792    -1822223.000000
3793    -1822226.125000
3794    -1822229.000000
3795    -1822232.000000
3796    -1822235.375000
3797    -1822238.250000
3798    -1822241.250000
3799    -1822244.250000
3800    -1822246.875000
3801    -1822250.375000
3802    -1822253.250000
3803    -1822256.125000
3804    -1822259.000000
3805    -1822262.000000
3806    -1822265.375000
3807    -1822267.750000
3808    -1822271.000000
3809    -1822274.125000
3810    -1822276.750000
3811    -1822280.125000
3812    -1822282.750000
3813    -1822286.000000
3814    -1822289.000000
3815    -1822291.500000
3816    -1822294.500000
3817    -1822297.500000
3818    -1822300.250000
3819    -1822303.000000
3820    -1822306.125000
3821    -1822308.875000
3822    -1822312.000000
3823    -1822314.750000
3824    -1822317.750000
3825    -1822320.625000
3826    -1822323.500000
3827    -1822326.250000
3828    -1822329.375000
3829    -1822332.500000
3830    -1822335.000000
3831    -1822338.125000
3832    -1822341.250000
3833    -1822343.750000
3834    -1822346.750000
3835    -1822349.375000
3836    -1822352.500000
3837    -1822355.500000
3838    -1822358.250000
3839    -1822361.000000
3840    -1822363.750000
3841    -1822367.000000
3842    -1822369.500000
3843    -1822372.375000
3844    -1822375.125000
3845    -1822378.250000
3846    -1822381.000000
3847    -1822384.000000
3848    -1822386.750000
3849    -1822389.750000
3850    -1822392.500000
3851    -1822395.250000
3852    -1822397.750000
3853    -1822400.750000
3854    -1822403.750000
3855    -1822406.375000
3856    -1822409.250000
3857    -1822412.125000
3858    -1822414.875000
3859    -1822417.750000
3860    -1822420.500000
3861    -1822423.125000
3862    -1822426.250000
3863    -1822428.750000
3864    -1822431.500000
3865    -1822434.250000
3866    -1822437.000000
3867    -1822439.750000
3868    -1822442.500000
3869    -1822445.125000
3870    -1822447.875000
3871    -1822450.750000
3872    -1822453.250000
3873    -1822456.000000
3874    -1822458.625000
3875    -1822461.500000
3876    -1822464.125000
3877    -1822467.000000
3878    -1822469.750000
3879    -1822472.500000
3880    -1822475.000000
3881    -1822478.000000
3882    -1822480.375000
3883    -1822483.250000
3884    -1822486.000000
3885    -1822488.625000
3886    -1822491.000000
3887    -1822493.500000
3888    -1822496.750000
3889    -1822499.375000
3890    -1822501.750000
3891    -1822504.250000
3892    -1822507.125000
3893    -1822509.625000
3894    -1822512.125000
3895    -1822515.125000
3896    -1822518.000000
3897    -1822520.500000
3898    -1822522.875000
3899    -1822525.750000
3900    -1822528.500000
3901    -1822531.000000
3902    -1822533.750000
3903    -1822536.500000
3904    -1822539.000000
3905    -1822541.750000
3906    -1822544.500000
3907    -1822547.250000
3908    -1822549.500000
3909    -1822552.125000
3910    -1822555.125000
3911    -1822557.625000
3912    -1822560.000000
3913    -1822562.500000
3914    -1822565.500000
3915    -1822567.625000
3916    -1822570.500000
3917    -1822573.125000
3918    -1822575.750000
3919    -1822578.500000
3920    -1822580.875000
3921    -1822583.000000
3922    -1822586.250000
3923    -1822588.625000
3924    -1822591.125000
3925    -1822593.875000
3926    -1822596.625000
3927    -1822598.875000
3928    -1822601.500000
3929    -1822604.250000
3930    -1822606.625000
3931    -1822609.250000
3932    -1822611.875000
3933    -1822614.500000
3934    -1822617.000000
3935    -1822619.750000
3936    -1822622.000000
3937    -1822624.750000
3938    -1822627.250000
3939    -1822629.750000
3940    -1822632.500000
3941    -1822635.000000
3942    -1822637.750000
3943    -1822640.125000
3944    -1822642.750000
3945    -1822645.250000
3946    -1822647.750000
3947    -1822650.375000
3948    -1822653.000000
3949    -1822655.250000
3950    -1822657.750000
3951    -1822660.250000
3952    -1822663.125000
3953    -1822665.375000
3954    -1822668.375000
3955    -1822670.500000
3956    -1822672.875000
3957    -1822675.750000
3958    -1822678.000000
3959    -1822680.500000
3960    -1822683.000000
3961    -1822685.500000
3962    -1822688.375000
3963    -1822690.750000
3964    -1822693.500000
3965    -1822695.750000
3966    -1822698.500000
3967    -1822701.375000
3968    -1822703.625000
3969    -1822706.375000
3970    -1822708.750000
3971    -1822711.500000
3972    -1822713.500000
3973    -1822716.250000
3974    -1822718.750000
3975    -1822721.000000
3976    -1822723.750000
3977    -1822725.875000
3978    -1822728.500000
3979    -1822730.875000
3980    -1822733.500000
3981    -1822736.125000
3982    -1822739.000000
3983    -1822741.250000
3984    -1822743.500000
3985    -1822746.250000
3986    -1822748.875000
3987    -1822751.375000
3988    -1822753.750000
3989    -1822756.375000
3990    -1822758.750000
3991    -1822761.000000
3992    -1822763.750000
3993    -1822766.125000
3994    -1822768.750000
3995    -1822771.250000
3996    -1822773.750000
3997    -1822776.250000
3998    -1822778.750000
3999    -1822781.500000
4000    -1822783.750000
4001    -1822786.250000
4002    -1822788.500000
4003    -1822791.000000
4004    -1822793.750000
4005    -1822796.000000
4006    -1822798.625000
4007    -1822801.000000
4008    -1822803.625000
4009    -1822805.625000
4010    -1822808.375000
4011    -1822810.750000
4012    -1822813.250000
4013    -1822815.750000
4014    -1822818.000000
4015    -1822820.750000
4016    -1822823.000000
4017    -1822825.500000
4018    -1822827.875000
4019    -1822830.250000
4020    -1822832.750000
4021    -1822835.000000
4022    -1822837.750000
4023    -1822840.000000
4024    -1822842.625000
4025    -1822845.000000
4026    -1822847.500000
4027    -1822849.500000
4028    -1822852.250000
4029    -1822854.750000
4030    -1822857.000000
4031    -1822859.500000
4032    -1822862.000000
4033    -1822864.250000
4034    -1822866.500000
4035    -1822869.250000
4036    -1822871.750000
4037    -1822874.250000
4038    -1822876.750000
4039    -1822879.125000
4040    -1822881.625000
4041    -1822883.875000
4042    -1822886.500000
4043    -1822888.750000
4044    -1822891.250000
4045    -1822893.375000
4046    -1822896.125000
4047    -1822898.750000
4048    -1822901.000000
4049    -1822903.750000
4050    -1822906.000000
4051    -1822908.375000
4052    -1822910.750000
4053    -1822913.250000
4054    -1822915.750000
4055    -1822918.250000
4056    -1822920.375000
4057    -1822923.250000
4058    -1822925.500000
4059    -1822927.875000
4060    -1822930.500000
4061    -1822932.750000
4062    -1822935.250000
4063    -1822937.625000
4064    -1822940.125000
4065    -1822942.625000
4066    -1822944.875000
4067    -1822947.500000
4068    -1822950.000000
4069    -1822952.750000
4070    -1822955.000000
4071    -1822957.625000
4072    -1822960.000000
4073    -1822962.375000
4074    -1822964.875000
4075    -1822967.500000
4076    -1822970.000000
4077    -1822972.500000
4078    -1822974.750000
4079    -1822977.250000
4080    -1822980.000000
4081    -1822982.000000
4082    -1822984.875000
4083    -1822987.375000
4084    -1822989.875000
4085    -1822992.500000
4086    -1822995.000000
4087    -1822997.500000
4088    -1822999.625000
4089    -1823002.500000
4090    -1823005.000000
4091    -1823007.375000
4092    -1823009.750000
4093    -1823012.500000
4094    -1823014.750000
4095    -1823017.250000
4096    -1823019.750000
4097    -1823022.250000
4098    -1823024.750000
4099    -1823027.375000
4100    -1823029.625000
4101    -1823032.125000
4102    -1823034.750000
4103    -1823037.250000
4104    -1823039.625000
4105    -1823042.250000
4106    -1823044.875000
4107    -1823047.250000
4108    -1823049.875000
4109    -1823052.375000
4110    -1823055.000000
4111    -1823057.500000
4112    -1823060.000000
4113    -1823062.500000
4114    -1823065.125000
4115    -1823067.750000
4116    -1823070.000000
4117    -1823072.750000
4118    -1823075.125000
4119    -1823078.000000
4120    -1823080.500000
4121    -1823083.000000
4122    -1823085.500000
4123    -1823088.000000
4124    -1823090.625000
4125    -1823093.000000
4126    -1823095.750000
4127    -1823098.000000
4128    -1823100.625000
4129    -1823103.375000
4130    -1823105.625000
4131    -1823108.250000
4132    -1823111.000000
4133    -1823113.750000
4134    -1823116.000000
4135    -1823118.750000
4136    -1823121.000000
4137    -1823123.750000
4138    -1823126.625000
4139    -1823128.750000
4140    -1823131.375000
4141    -1823134.000000
4142    -1823136.625000
4143    -1823139.375000
4144    -1823141.750000
4145    -1823144.375000
4146    -1823146.875000
4147    -1823149.625000
4148    -1823152.000000
4149    -1823154.750000
4150    -1823157.250000
4151    -1823160.000000
4152    -1823162.250000
4153    -1823165.250000
4154    -1823167.750000
4155    -1823170.500000
4156    -1823172.750000
4157    -1823175.500000
4158    -1823178.000000
4159    -1823180.750000
4160    -1823183.250000
4161    -1823186.000000
4162    -1823188.625000
4163    -1823191.000000
4164    -1823193.750000
4165    -1823196.500000
4166    -1823199.000000
4167    -1823201.500000
4168    -1823204.250000
4169    -1823206.625000
4170    -1823209.250000
4171    -1823211.875000
4172    -1823214.500000
4173    -1823217.250000
4174    -1823219.750000
4175    -1823222.375000
4176    -1823225.000000
4177    -1823227.625000
4178    -1823230.250000
4179    -1823232.750000
4180    -1823235.500000
4181    -1823238.000000
4182    -1823240.500000
4183    -1823243.375000
4184    -1823246.125000
4185    -1823248.500000
4186    -1823251.000000
4187    -1823253.750000
4188    -1823256.250000
4189    -1823259.000000
4190    -1823261.625000
4191    -1823264.375000
4192    -1823267.000000
4193    -1823269.500000
4194    -1823272.125000
4195    -1823274.750000
4196    -1823277.125000
4197    -1823279.750000
4198    -1823282.250000
4199    -1823285.000000
4200    -1823287.500000
4201    -1823290.000000
4202    -1823292.375000
4203    -1823295.375000
4204    -1823297.750000
4205    -1823300.500000
4206    -1823302.875000
4207    -1823305.625000
4208    -1823308.250000
4209    -1823310.875000
4210    -1823313.250000
4211    -1823315.750000
4212    -1823318.375000
4213    -1823321.000000
4214    -1823323.750000
4215    -1823326.375000
4216    -1823328.750000
4217    -1823331.250000
4218    -1823334.250000
4219    -1823336.500000
4220    -1823339.000000
4221    -1823341.500000
4222    -1823343.750000
4223    -1823346.625000
4224    -1823349.125000
4225    -1823351.750000
4226    -1823354.250000
4227    -1823357.000000
4228    -1823359.250000
4229    -1823361.875000
4230    -1823364.500000
4231    -1823366.875000
4232    -1823369.750000
4233    -1823372.125000
4234    -1823374.500000
4235    -1823377.125000
4236    -1823379.750000
4237    -1823382.375000
4238    -1823384.625000
4239    -1823387.125000
4240    -1823389.750000
4241    -1823392.250000
4242    -1823395.000000
4243    -1823397.500000
4244    -1823399.875000
4245    -1823402.500000
4246    -1823404.750000
4247    -1823407.500000
4248    -1823410.000000
4249    -1823412.500000
4250    -1823415.000000
4251    -1823417.500000
4252    -1823420.000000
4253    -1823422.250000
4254    -1823424.500000
4255    -1823427.125000
4256    -1823429.750000
4257    -1823432.500000
4258    -1823434.750000
4259    -1823437.250000
4260    -1823439.500000
4261    -1823442.000000
4262    -1823444.500000
4263    -1823447.250000
4264    -1823449.375000
4265    -1823451.750000
4266    -1823454.250000
4267    -1823456.875000
4268    -1823459.250000
4269    -1823461.625000
4270    -1823463.625000
4271    -1823466.000000
4272    -1823468.375000
4273    -1823470.750000
4274    -1823473.250000
4275    -1823475.625000
4276    -1823478.125000
4277    -1823480.250000
4278    -1823482.750000
4279    -1823485.000000
4280    -1823487.500000
4281    -1823490.000000
4282    -1823492.250000
4283    -1823494.500000
4284    -1823497.000000
4285    -1823499.375000
4286    -1823501.375000
4287    -1823503.750000
4288    -1823506.250000
4289    -1823508.750000
4290    -1823511.000000
4291    -1823512.750000
4292    -1823515.250000
4293    -1823517.750000
4294    -1823520.000000
4295    -1823522.250000
4296    -1823524.500000
4297    -1823526.750000
4298    -1823528.750000
4299    -1823531.000000
4300    -1823533.125000
4301    -1823535.750000
4302    -1823538.000000
4303    -1823540.125000
4304    -1823542.250000
4305    -1823544.500000
4306    -1823546.875000
4307    -1823548.750000
4308    -1823551.000000
4309    -1823553.500000
4310    -1823555.750000
4311    -1823557.875000
4312    -1823560.250000
4313    -1823562.250000
4314    -1823564.625000
4315    -1823566.750000
4316    -1823569.000000
4317    -1823571.000000
4318    -1823573.000000
4319    -1823575.500000
4320    -1823577.750000
4321    -1823579.625000
4322    -1823582.000000
4323    -1823584.250000
4324    -1823586.250000
4325    -1823588.500000
4326    -1823590.500000
4327    -1823592.250000
4328    -1823594.750000
4329    -1823596.750000
4330    -1823599.000000
4331    -1823601.250000
4332    -1823603.250000
4333    -1823605.375000
4334    -1823607.500000
4335    -1823609.500000
4336    -1823611.875000
4337    -1823613.750000
4338    -1823616.125000
4339    -1823618.000000
4340    -1823620.250000
4341    -1823622.000000
4342    -1823624.500000
4343    -1823626.375000
4344    -1823628.500000
4345    -1823630.500000
4346    -1823632.500000
4347    -1823634.750000
4348    -1823636.625000
4349    -1823638.750000
4350    -1823640.750000
4351    -1823642.750000
4352    -1823645.000000
4353    -1823647.250000
4354    -1823649.000000
4355    -1823651.000000
4356    -1823653.250000
4357    -1823655.500000
4358    -1823657.250000
4359    -1823659.250000
4360    -1823661.125000
4361    -1823663.250000
4362    -1823665.625000
4363    -1823667.250000
4364    -1823669.500000
4365    -1823671.500000
4366    -1823673.500000
4367    -1823675.500000
4368    -1823677.625000
4369    -1823679.750000
4370    -1823681.750000
4371    -1823683.500000
4372    -1823685.750000
4373    -1823687.500000
4374    -1823689.500000
4375    -1823691.625000
4376    -1823693.625000
4377    -1823695.750000
4378    -1823697.625000
4379    -1823700.000000
4380    -1823701.875000
4381    -1823704.000000
4382    -1823706.000000
4383    -1823708.000000
4384    -1823709.625000
4385    -1823711.750000
4386    -1823714.000000
4387    -1823715.875000
4388    -1823718.000000
4389    -1823720.000000
4390    -1823722.000000
4391    -1823724.000000
4392    -1823725.750000
4393    -1823727.750000
4394    -1823730.000000
4395    -1823731.750000
4396    -1823734.000000
4397    -1823735.750000
4398    -1823737.750000
4399    -1823739.875000
4400    -1823741.750000
4401    -1823743.750000
4402    -1823745.875000
4403    -1823747.750000
4404    -1823749.625000
4405    -1823751.500000
4406    -1823753.500000
4407    -1823755.500000
4408    -1823757.250000
4409    -1823759.375000
4410    -1823761.250000
4411    -1823763.125000
4412    -1823765.000000
4413    -1823767.250000
4414    -1823769.375000
4415    -1823771.125000
4416    -1823773.250000
4417    -1823775.250000
4418    -1823777.125000
4419    -1823778.875000
4420    -1823781.000000
4421    -1823782.750000
4422    -1823784.750000
4423    -1823786.750000
4424    -1823788.500000
4425    -1823790.500000
4426    -1823792.500000
4427    -1823794.500000
4428    -1823796.250000
4429    -1823798.125000
4430    -1823800.125000
4431    -1823802.250000
4432    -1823804.250000
4433    -1823806.125000
4434    -1823808.000000
4435    -1823810.000000
4436    -1823811.750000
4437    -1823813.625000
4438    -1823815.500000
4439    -1823817.250000
4440    -1823819.250000
4441    -1823821.125000
4442    -1823822.875000
4443    -1823824.500000
4444    -1823826.500000
4445    -1823828.500000
4446    -1823830.250000
4447    -1823832.250000
4448    -1823834.125000
4449    -1823836.000000
4450    -1823837.750000
4451    -1823839.750000
4452    -1823841.750000
4453    -1823843.500000
4454    -1823845.250000
4455    -1823847.125000
4456    -1823848.875000
4457    -1823850.875000
4458    -1823852.625000
4459    -1823854.250000
4460    -1823856.125000
4461    -1823858.125000
4462    -1823860.250000
4463    -1823861.875000
4464    -1823863.750000
4465    -1823865.500000
4466    -1823867.000000
4467    -1823869.000000
4468    -1823870.750000
4469    -1823872.500000
4470    -1823874.375000
4471    -1823876.500000
4472    -1823878.250000
4473    -1823880.125000
4474    -1823881.750000
4475    -1823883.500000
4476    -1823885.500000
4477    -1823887.000000
4478    -1823889.000000
4479    -1823890.625000
4480    -1823892.375000
4481    -1823894.125000
4482    -1823895.750000
4483    -1823897.750000
4484    -1823899.375000
4485    -1823901.250000
4486    -1823903.000000
4487    -1823904.750000
4488    -1823906.375000
4489    -1823908.500000
4490    -1823910.000000
4491    -1823911.500000
4492    -1823913.500000
4493    -1823915.000000
4494    -1823917.125000
4495    -1823918.750000
4496    -1823920.750000
4497    -1823922.250000
4498    -1823923.875000
4499    -1823926.000000
4500    -1823927.500000
4501    -1823929.000000
4502    -1823931.000000
4503    -1823932.750000
4504    -1823934.500000
4505    -1823936.250000
4506    -1823937.875000
4507    -1823939.750000
4508    -1823941.250000
4509    -1823943.125000
4510    -1823944.750000
4511    -1823946.500000
4512    -1823948.500000
4513    -1823950.125000
4514    -1823951.875000
4515    -1823953.750000
4516    -1823955.250000
4517    -1823957.000000
4518    -1823958.500000
4519    -1823960.375000
4520    -1823962.250000
4521    -1823964.000000
4522    -1823965.750000
4523    -1823967.250000
4524    -1823969.125000
4525    -1823970.750000
4526    -1823972.500000
4527    -1823974.375000
4528    -1823976.125000
4529    -1823977.875000
4530    -1823979.500000
4531    -1823981.250000
4532    -1823983.000000
4533    -1823984.750000
4534    -1823986.125000
4535    -1823988.000000
4536    -1823989.500000
4537    -1823991.250000
4538    -1823993.000000
4539    -1823994.875000
4540    -1823996.500000
4541    -1823998.250000
4542    -1824000.000000
4543    -1824001.500000
4544    -1824003.250000
4545    -1824005.250000
4546    -1824006.750000
4547    -1824008.500000
4548    -1824010.500000
4549    -1824011.875000
4550    -1824013.625000
4551    -1824015.250000
4552    -1824017.125000
4553    -1824018.750000
4554    -1824020.500000
4555    -1824022.250000
4556    -1824024.000000
4557    -1824025.500000
4558    -1824027.250000
4559    -1824028.750000
4560    -1824030.750000
4561    -1824032.375000
4562    -1824034.000000
4563    -1824035.750000
4564    -1824037.500000
4565    -1824039.000000
4566    -1824040.625000
4567    -1824042.500000
4568    -1824044.125000
4569    -1824045.750000
4570    -1824047.625000
4571    -1824049.250000
4572    -1824051.000000
4573    -1824052.500000
4574    -1824054.250000
4575    -1824056.000000
4576    -1824057.625000
4577    -1824059.250000
4578    -1824061.250000
4579    -1824062.750000
4580    -1824064.375000
4581    -1824066.000000
4582    -1824067.750000
4583    -1824069.500000
4584    -1824071.125000
4585    -1824072.500000
4586    -1824074.500000
4587    -1824076.000000
4588    -1824077.750000
4589    -1824079.250000
4590    -1824081.000000
4591    -1824083.000000
4592    -1824084.500000
4593    -1824086.000000
4594    -1824088.000000
4595    -1824089.500000
4596    -1824091.125000
4597    -1824092.750000
4598    -1824094.500000
4599    -1824096.250000
4600    -1824097.875000
4601    -1824099.625000
4602    -1824101.000000
4603    -1824102.750000
4604    -1824104.500000
4605    -1824106.250000
4606    -1824107.750000
4607    -1824109.375000
4608    -1824111.250000
4609    -1824112.750000
4610    -1824114.500000
4611    -1824116.250000
4612    -1824117.750000
4613    -1824119.500000
4614    -1824121.125000
4615    -1824123.000000
4616    -1824124.750000
4617    -1824126.250000
4618    -1824127.875000
4619    -1824129.500000
4620    -1824131.250000
4621    -1824133.000000
4622    -1824134.500000
4623    -1824136.125000
4624    -1824137.750000
4625    -1824139.375000
4626    -1824141.000000
4627    -1824143.000000
4628    -1824144.250000
4629    -1824146.250000
4630    -1824147.875000
4631    -1824149.375000
4632    -1824151.000000
4633    -1824152.625000
4634    -1824154.500000
4635    -1824156.000000
4636    -1824158.000000
4637    -1824159.500000
4638    -1824161.125000
4639    -1824162.750000
4640    -1824164.375000
4641    -1824166.250000
4642    -1824167.500000
4643    -1824169.250000
4644    -1824171.000000
4645    -1824172.625000
4646    -1824174.250000
4647    -1824176.000000
4648    -1824177.500000
4649    -1824179.500000
4650    -1824180.750000
4651    -1824182.500000
4652    -1824184.250000
4653    -1824186.000000
4654    -1824187.500000
4655    -1824189.125000
4656    -1824190.625000
4657    -1824192.500000
4658    -1824193.875000
4659    -1824195.750000
4660    -1824197.250000
4661    -1824199.125000
4662    -1824200.875000
4663    -1824202.375000
4664    -1824204.000000
4665    -1824205.750000
4666    -1824207.125000
4667    -1824209.000000
4668    -1824211.000000
4669    -1824212.250000
4670    -1824213.750000
4671    -1824215.250000
4672    -1824217.000000
4673    -1824218.625000
4674    -1824220.250000
4675    -1824222.250000
4676    -1824223.500000
4677    -1824225.250000
4678    -1824226.625000
4679    -1824228.375000
4680    -1824229.750000
4681    -1824231.375000
4682    -1824233.000000
4683    -1824234.750000
4684    -1824236.500000
4685    -1824237.875000
4686    -1824239.500000
4687    -1824241.000000
4688    -1824242.625000
4689    -1824244.250000
4690    -1824245.750000
4691    -1824247.500000
4692    -1824249.000000
4693    -1824250.500000
4694    -1824251.750000
4695    -1824253.500000
4696    -1824254.875000
4697    -1824256.500000
4698    -1824258.250000
4699    -1824259.875000
4700    -1824261.250000
4701    -1824262.750000
4702    -1824264.500000
4703    -1824265.875000
4704    -1824267.500000
4705    -1824269.000000
4706    -1824270.375000
4707    -1824272.250000
4708    -1824273.625000
4709    -1824275.125000
4710    -1824276.500000
4711    -1824278.250000
4712    -1824279.875000
4713    -1824281.375000
4714    -1824282.625000
4715    -1824284.250000
4716    -1824285.875000
4717    -1824287.500000
4718    -1824289.000000
4719    -1824290.500000
4720    -1824291.750000
4721    -1824293.250000
4722    -1824294.875000
4723    -1824296.375000
4724    -1824297.750000
4725    -1824299.500000
4726    -1824300.750000
4727    -1824302.250000
4728    -1824303.750000
4729    -1824305.125000
4730    -1824306.750000
4731    -1824308.125000
4732    -1824309.750000
4733    -1824311.000000
4734    -1824312.750000
4735    -1824314.000000
4736    -1824315.375000
4737    -1824317.000000
4738    -1824318.500000
4739    -1824319.750000
4740    -1824321.250000
4741    -1824323.000000
4742    -1824324.500000
4743    -1824325.750000
4744    -1824327.125000
4745    -1824328.375000
4746    -1824330.125000
4747    -1824331.500000
4748    -1824332.750000
4749    -1824334.125000
4750    -1824335.625000
4751    -1824337.250000
4752    -1824338.500000
4753    -1824339.750000
4754    -1824341.500000
4755    -1824342.875000
4756    -1824344.250000
4757    -1824345.500000
4758    -1824347.000000
4759    -1824348.375000
4760    -1824349.625000
4761    -1824351.125000
4762    -1824352.750000
4763    -1824354.000000
4764    -1824355.500000
4765    -1824357.125000
4766    -1824358.375000
4767    -1824359.750000
4768    -1824361.125000
4769    -1824362.500000
4770    -1824363.875000
4771    -1824365.250000
4772    -1824366.500000
4773    -1824368.000000
4774    -1824369.250000
4775    -1824370.875000
4776    -1824372.250000
4777    -1824373.750000
4778    -1824375.125000
4779    -1824376.375000
4780    -1824377.750000
4781    -1824379.250000
4782    -1824380.500000
4783    -1824381.875000
4784    -1824383.125000
4785    -1824384.500000
4786    -1824386.000000
4787    -1824387.250000
4788    -1824388.750000
4789    -1824390.250000
4790    -1824391.500000
4791    -1824392.750000
4792    -1824394.000000
4793    -1824395.500000
4794    -1824396.750000
4795    -1824398.000000
4796    -1824399.625000
4797    -1824400.625000
4798    -1824402.000000
4799    -1824403.250000
4800    -1824404.750000
4801    -1824406.125000
4802    -1824407.250000
4803    -1824408.750000
4804    -1824410.000000
4805    -1824411.000000
4806    -1824412.500000
4807    -1824414.000000
4808    -1824415.375000
4809    -1824416.625000
4810    -1824418.000000
4811    -1824419.250000
4812    -1824420.500000
4813    -1824421.875000
4814    -1824423.000000
4815    -1824424.375000
4816    -1824425.875000
4817    -1824426.875000
4818    -1824428.250000
4819    -1824429.500000
4820    -1824430.750000
4821    -1824432.500000
4822    -1824433.625000
4823    -1824434.875000
4824    -1824436.250000
4825    -1824437.375000
4826    -1824438.750000
4827    -1824440.000000
4828    -1824441.375000
4829    -1824442.500000
4830    -1824444.000000
4831    -1824445.500000
4832    -1824446.625000
4833    -1824447.750000
4834    -1824449.125000
4835    -1824450.375000
4836    -1824451.750000
4837    -1824453.000000
4838    -1824454.250000
4839    -1824455.500000
4840    -1824456.875000
4841    -1824458.000000
4842    -1824459.500000
4843    -1824461.000000
4844    -1824462.000000
4845    -1824463.375000
4846    -1824464.875000
4847    -1824466.000000
4848    -1824467.250000
4849    -1824468.875000
4850    -1824470.125000
4851    -1824471.250000
4852    -1824472.750000
4853    -1824473.875000
4854    -1824475.250000
4855    -1824476.750000
4856    -1824477.875000
4857    -1824479.250000
4858    -1824480.625000
4859    -1824482.000000
4860    -1824483.250000
4861    -1824484.625000
4862    -1824486.000000
4863    -1824487.250000
4864    -1824488.500000
4865    -1824490.000000
4866    -1824491.250000
4867    -1824492.750000
4868    -1824494.125000
4869    -1824495.375000
4870    -1824496.750000
4871    -1824498.000000
4872    -1824499.250000
4873    -1824500.500000
4874    -1824502.125000
4875    -1824503.625000
4876    -1824504.625000
4877    -1824505.875000
4878    -1824507.250000
4879    -1824508.625000
4880    -1824509.750000
4881    -1824511.500000
4882    -1824512.750000
4883    -1824514.000000
4884    -1824515.375000
4885    -1824516.625000
4886    -1824517.875000
4887    -1824519.500000
4888    -1824520.625000
4889    -1824522.000000
4890    -1824523.500000
4891    -1824524.500000
4892    -1824526.250000
4893    -1824527.500000
4894    -1824528.875000
4895    -1824530.250000
4896    -1824531.750000
4897    -1824533.125000
4898    -1824534.500000
4899    -1824535.875000
4900    -1824537.000000
4901    -1824538.375000
4902    -1824539.750000
4903    -1824541.000000
4904    -1824542.500000
4905    -1824543.750000
4906    -1824545.250000
4907    -1824546.500000
4908    -1824547.750000
4909    -1824549.000000
4910    -1824550.250000
4911    -1824551.750000
4912    -1824553.000000
4913    -1824554.250000
4914    -1824555.750000
4915    -1824557.250000
4916    -1824558.250000
4917    -1824559.750000
4918    -1824561.000000
4919    -1824562.250000
4920    -1824563.750000
4921    -1824565.000000
4922    -1824566.250000
4923    -1824567.750000
4924    -1824569.000000
4925    -1824570.250000
4926    -1824571.750000
4927    -1824573.250000
4928    -1824574.250000
4929    -1824575.750000
4930    -1824577.000000
4931    -1824578.625000
4932    -1824579.875000
4933    -1824581.500000
4934    -1824582.625000
4935    -1824583.875000
4936    -1824585.125000
4937    -1824586.500000
4938    -1824587.750000
4939    -1824589.375000
4940    -1824590.500000
4941    -1824592.000000
4942    -1824593.250000
4943    -1824594.750000
4944    -1824596.000000
4945    -1824597.250000
4946    -1824598.500000
4947    -1824600.125000
4948    -1824601.500000
4949    -1824602.750000
4950    -1824604.375000
4951    -1824605.750000
4952    -1824607.000000
4953    -1824608.250000
4954    -1824609.750000
4955    -1824611.125000
4956    -1824612.375000
4957    -1824613.750000
4958    -1824615.125000
4959    -1824616.250000
4960    -1824617.750000
4961    -1824619.250000
4962    -1824620.750000
4963    -1824622.000000
4964    -1824623.250000
4965    -1824624.500000
4966    -1824625.875000
4967    -1824627.250000
4968    -1824628.750000
4969    -1824630.000000
4970    -1824631.250000
4971    -1824633.000000
4972    -1824634.250000
4973    -1824635.625000
4974    -1824637.000000
4975    -1824638.375000
4976    -1824639.875000
4977    -1824641.250000
4978    -1824642.500000
4979    -1824643.750000
4980    -1824645.375000
4981    -1824646.625000
4982    -1824648.000000
4983    -1824649.375000
4984    -1824650.875000
4985    -1824652.250000
4986    -1824653.750000
4987    -1824655.250000
4988    -1824656.250000
4989    -1824658.000000
4990    -1824659.375000
4991    -1824660.500000
4992    -1824662.250000
4993    -1824663.500000
4994    -1824664.750000
4995    -1824666.500000
4996    -1824667.750000
4997    -1824669.125000
4998    -1824670.250000
4999    -1824672.000000
5000    -1824673.250000
5001    -1824674.750000
5002    -1824676.250000
5003    -1824677.250000
5004    -1824678.750000
5005    -1824680.250000
5006    -1824681.750000
5007    -1824683.125000
5008    -1824684.500000
5009    -1824685.875000
5010    -1824687.250000
5011    -1824689.000000
5012    -1824690.250000
5013    -1824691.750000
5014    -1824693.000000
5015    -1824694.625000
5016    -1824695.875000
5017    -1824697.250000
5018    -1824698.750000
5019    -1824700.250000
5020    -1824701.500000
5021    -1824703.000000
5022    -1824704.250000
5023    -1824705.750000
5024    -1824707.250000
5025    -1824708.500000
5026    -1824710.250000
5027    -1824711.500000
5028    -1824713.000000
5029    -1824714.375000
5030    -1824716.000000
5031    -1824717.375000
5032    -1824718.625000
5033    -1824720.250000
5034    -1824721.875000
5035    -1824722.750000
5036    -1824724.500000
5037    -1824725.750000
5038    -1824727.500000
5039    -1824728.875000
5040    -1824730.500000
5041    -1824731.875000
5042    -1824733.250000
5043    -1824734.750000
5044    -1824736.250000
5045    -1824737.750000
5046    -1824739.125000
5047    -1824740.625000
5048    -1824741.875000
5049    -1824743.500000
5050    -1824744.875000
5051    -1824746.375000
5052    -1824748.000000
5053    -1824749.250000
5054    -1824750.875000
5055    -1824752.250000
5056    -1824753.750000
5057    -1824755.250000
5058    -1824756.750000
5059    -1824758.125000
5060    -1824759.500000
5061    -1824761.250000
5062    -1824762.500000
5063    -1824764.000000
5064    -1824765.250000
5065    -1824766.625000
5066    -1824768.250000
5067    -1824769.750000
5068    -1824771.125000
5069    -1824772.625000
5070    -1824774.000000
5071    -1824775.250000
5072    -1824776.750000
5073    -1824778.500000
5074    -1824779.750000
5075    -1824781.125000
5076    -1824782.750000
5077    -1824784.125000
5078    -1824785.500000
5079    -1824787.250000
5080    -1824788.500000
5081    -1824789.750000
5082    -1824791.250000
5083    -1824792.500000
5084    -1824794.250000
5085    -1824795.750000
5086    -1824797.250000
5087    -1824798.500000
5088    -1824800.000000
5089    -1824801.500000
5090    -1824802.750000
5091    -1824804.250000
5092    -1824805.750000
5093    -1824807.250000
5094    -1824808.750000
5095    -1824810.250000
5096    -1824811.750000
5097    -1824813.250000
5098    -1824814.625000
5099    -1824815.875000
5100    -1824817.250000
5101    -1824819.000000
5102    -1824820.250000
5103    -1824821.750000
5104    -1824823.000000
5105    -1824824.500000
5106    -1824826.000000
5107    -1824827.625000
5108    -1824829.000000
5109    -1824830.750000
5110    -1824832.125000
5111    -1824833.500000
5112    -1824834.750000
5113    -1824836.375000
5114    -1824837.625000
5115    -1824839.125000
5116    -1824840.625000
5117    -1824842.250000
5118    -1824843.375000
5119    -1824844.875000
5120    -1824846.500000
5121    -1824847.625000
5122    -1824849.250000
5123    -1824850.500000
5124    -1824851.750000
5125    -1824853.375000
5126    -1824854.750000
5127    -1824856.250000
5128    -1824857.625000
5129    -1824859.250000
5130    -1824860.500000
5131    -1824862.000000
5132    -1824863.500000
5133    -1824864.875000
5134    -1824866.500000
5135    -1824867.500000
5136    -1824869.250000
5137    -1824870.500000
5138    -1824871.875000
5139    -1824873.250000
5140    -1824874.750000
5141    -1824876.250000
5142    -1824877.750000
5143    -1824879.125000
5144    -1824880.375000
5145    -1824881.750000
5146    -1824883.125000
5147    -1824884.750000
5148    -1824885.875000
5149    -1824887.250000
5150    -1824888.875000
5151    -1824890.375000
5152    -1824891.625000
5153    -1824893.125000
5154    -1824894.500000
5155    -1824895.875000
5156    -1824897.250000
5157    -1824898.625000
5158    -1824899.750000
5159    -1824901.375000
5160    -1824902.625000
5161    -1824904.000000
5162    -1824905.250000
5163    -1824906.625000
5164    -1824908.000000
5165    -1824909.375000
5166    -1824911.000000
5167    -1824912.250000
5168    -1824913.625000
5169    -1824915.000000
5170    -1824916.500000
5171    -1824917.750000
5172    -1824919.125000
5173    -1824920.500000
5174    -1824921.750000
5175    -1824923.125000
5176    -1824924.375000
5177    -1824926.000000
5178    -1824927.250000
5179    -1824928.375000
5180    -1824929.875000
5181    -1824931.375000
5182    -1824932.625000
5183    -1824933.750000
5184    -1824935.250000
5185    -1824936.500000
5186    -1824937.750000
5187    -1824939.250000
5188    -1824940.250000
5189    -1824941.750000
5190    -1824943.000000
5191    -1824944.250000
5192    -1824945.500000
5193    -1824946.625000
5194    -1824948.250000
5195    -1824949.375000
5196    -1824950.500000
5197    -1824951.750000
5198    -1824953.250000
5199    -1824954.500000
5200    -1824955.750000
5201    -1824957.000000
5202    -1824958.000000
5203    -1824959.750000
5204    -1824960.500000
5205    -1824962.000000
5206    -1824963.250000
5207    -1824964.500000
5208    -1824965.750000
5209    -1824967.000000
5210    -1824968.125000
5211    -1824969.500000
5212    -1824970.750000
5213    -1824972.000000
5214    -1824973.250000
5215    -1824974.375000
5216    -1824975.750000
5217    -1824977.000000
5218    -1824978.000000
5219    -1824979.500000
5220    -1824980.750000
5221    -1824981.875000
5222    -1824982.875000
5223    -1824984.250000
5224    -1824985.375000
5225    -1824986.500000
5226    -1824987.750000
5227    -1824989.125000
5228    -1824990.375000
5229    -1824991.625000
5230    -1824993.000000
5231    -1824994.000000
5232    -1824995.375000
5233    -1824996.750000
5234    -1824997.625000
5235    -1824998.750000
5236    -1825000.125000
5237    -1825001.250000
5238    -1825002.500000
5239    -1825003.750000
5240    -1825005.250000
5241    -1825006.250000
5242    -1825007.500000
5243    -1825008.500000
5244    -1825010.000000
5245    -1825011.000000
5246    -1825012.250000
5247    -1825013.500000
5248    -1825014.625000
5249    -1825015.875000
5250    -1825017.250000
5251    -1825018.500000
5252    -1825019.500000
5253    -1825021.000000
5254    -1825022.000000
5255    -1825023.250000
5256    -1825024.500000
5257    -1825025.375000
5258    -1825027.000000
5259    -1825028.125000
5260    -1825029.250000
5261    -1825030.500000
5262    -1825031.625000
5263    -1825032.750000
5264    -1825034.000000
5265    -1825035.125000
5266    -1825036.375000
5267    -1825037.500000
5268    -1825038.875000
5269    -1825040.250000
5270    -1825041.250000
5271    -1825042.500000
5272    -1825043.750000
5273    -1825044.875000
5274    -1825046.000000
5275    -1825047.125000
5276    -1825048.375000
5277    -1825049.750000
5278    -1825050.750000
5279    -1825051.875000
5280    -1825053.500000
5281    -1825054.750000
5282    -1825056.000000
5283    -1825057.000000
5284    -1825058.125000
5285    -1825059.500000
5286    -1825060.500000
5287    -1825062.000000
5288    -1825063.250000
5289    -1825064.625000
5290    -1825065.500000
5291    -1825066.500000
5292    -1825068.000000
5293    -1825069.250000
5294    -1825070.625000
5295    -1825071.750000
5296    -1825072.875000
5297    -1825074.375000
5298    -1825075.500000
5299    -1825076.875000
5300    -1825078.000000
5301    -1825079.500000
5302    -1825080.750000
5303    -1825082.000000
5304    -1825083.000000
5305    -1825084.250000
5306    -1825085.500000
5307    -1825086.750000
5308    -1825088.000000
5309    -1825089.125000
5310    -1825090.750000
5311    -1825092.000000
5312    -1825093.250000
5313    -1825094.625000
5314    -1825095.625000
5315    -1825096.750000
5316    -1825098.000000
5317    -1825099.375000
5318    -1825100.875000
5319    -1825101.750000
5320    -1825103.500000
5321    -1825104.500000
5322    -1825105.875000
5323    -1825107.125000
5324    -1825108.375000
5325    -1825109.750000
5326    -1825111.000000
5327    -1825112.000000
5328    -1825113.625000
5329    -1825114.625000
5330    -1825116.125000
5331    -1825117.125000
5332    -1825118.250000
5333    -1825119.750000
5334    -1825121.125000
5335    -1825122.500000
5336    -1825123.500000
5337    -1825124.625000
5338    -1825126.250000
5339    -1825127.500000
5340    -1825128.625000
5341    -1825129.625000
5342    -1825131.250000
5343    -1825132.500000
5344    -1825133.750000
5345    -1825135.000000
5346    -1825136.500000
5347    -1825137.500000
5348    -1825138.875000
5349    -1825140.250000
5350    -1825141.125000
5351    -1825142.750000
5352    -1825144.375000
5353    -1825145.250000
5354    -1825146.375000
5355    -1825147.750000
5356    -1825149.000000
5357    -1825150.375000
5358    -1825151.750000
5359    -1825153.000000
5360    -1825154.250000
5361    -1825155.375000
5362    -1825156.875000
5363    -1825158.375000
5364    -1825159.250000
5365    -1825160.750000
5366    -1825161.875000
5367    -1825163.250000
5368    -1825164.750000
5369    -1825165.750000
5370    -1825167.125000
5371    -1825168.250000
5372    -1825169.375000
5373    -1825170.625000
5374    -1825172.000000
5375    -1825173.500000
5376    -1825174.750000
5377    -1825176.000000
5378    -1825177.375000
5379    -1825178.500000
5380    -1825179.750000
5381    -1825181.000000
5382    -1825182.500000
5383    -1825183.750000
5384    -1825184.875000
5385    -1825186.250000
5386    -1825187.500000
5387    -1825188.750000
5388    -1825190.000000
5389    -1825191.250000
5390    -1825192.500000
5391    -1825194.000000
5392    -1825195.250000
5393    -1825196.500000
5394    -1825197.875000
5395    -1825199.125000
5396    -1825200.375000
5397    -1825201.500000
5398    -1825203.000000
5399    -1825204.000000
5400    -1825205.375000
5401    -1825206.750000
5402    -1825207.625000
5403    -1825209.250000
5404    -1825210.500000
5405    -1825212.250000
5406    -1825213.125000
5407    -1825214.500000
5408    -1825215.500000
5409    -1825216.875000
5410    -1825218.000000
5411    -1825219.375000
5412    -1825220.750000
5413    -1825222.125000
5414    -1825223.250000
5415    -1825224.500000
5416    -1825225.625000
5417    -1825227.250000
5418    -1825228.375000
5419    -1825229.750000
5420    -1825230.875000
5421    -1825232.250000
5422    -1825233.375000
5423    -1825234.750000
5424    -1825236.000000
5425    -1825237.125000
5426    -1825238.625000
5427    -1825239.875000
5428    -1825241.000000
5429    -1825242.125000
5430    -1825243.500000
5431    -1825245.000000
5432    -1825246.250000
5433    -1825247.750000
5434    -1825248.750000
5435    -1825250.000000
5436    -1825251.125000
5437    -1825252.625000
5438    -1825253.750000
5439    -1825255.125000
5440    -1825256.500000
5441    -1825257.500000
5442    -1825259.000000
5443    -1825260.250000
5444    -1825261.375000
5445    -1825262.625000
5446    -1825264.000000
5447    -1825265.250000
5448    -1825266.500000
5449    -1825267.750000
5450    -1825269.000000
5451    -1825270.250000
5452    -1825271.500000
5453    -1825272.875000
5454    -1825274.125000
5455    -1825275.375000
5456    -1825276.875000
5457    -1825278.000000
5458    -1825279.250000
5459    -1825280.500000
5460    -1825281.750000
5461    -1825283.125000
5462    -1825284.250000
5463    -1825285.750000
5464    -1825286.625000
5465    -1825287.875000
5466    -1825289.250000
5467    -1825290.750000
5468    -1825291.875000
5469    -1825293.250000
5470    -1825294.375000
5471    -1825295.500000
5472    -1825296.750000
5473    -1825298.000000
5474    -1825299.750000
5475    -1825300.750000
5476    -1825302.125000
5477    -1825303.250000
5478    -1825304.500000
5479    -1825305.750000
5480    -1825307.000000
5481    -1825308.250000
5482    -1825309.250000
5483    -1825310.500000
5484    -1825312.000000
5485    -1825313.375000
5486    -1825314.625000
5487    -1825315.875000
5488    -1825317.250000
5489    -1825318.250000
5490    -1825319.500000
5491    -1825320.875000
5492    -1825321.750000
5493    -1825323.250000
5494    -1825324.375000
5495    -1825325.875000
5496    -1825326.875000
5497    -1825328.000000
5498    -1825329.375000
5499    -1825330.625000
5500    -1825332.000000
5501    -1825333.250000
5502    -1825334.500000
5503    -1825336.000000
5504    -1825337.000000
5505    -1825338.250000
5506    -1825339.500000
5507    -1825340.875000
5508    -1825342.125000
5509    -1825343.375000
5510    -1825344.500000
5511    -1825345.750000
5512    -1825347.000000
5513    -1825348.500000
5514    -1825349.625000
5515    -1825351.000000
5516    -1825352.250000
5517    -1825353.500000
5518    -1825354.500000
5519    -1825355.625000
5520    -1825357.000000
5521    -1825358.125000
5522    -1825359.500000
5523    -1825360.500000
5524    -1825361.750000
5525    -1825363.125000
5526    -1825364.500000
5527    -1825365.625000
5528    -1825366.625000
5529    -1825368.125000
5530    -1825369.250000
5531    -1825370.625000
5532    -1825371.875000
5533    -1825372.750000
5534    -1825374.000000
5535    -1825375.500000
5536    -1825376.875000
5537    -1825377.875000
5538    -1825379.000000
5539    -1825380.125000
5540    -1825381.375000
5541    -1825382.750000
5542    -1825384.000000
5543    -1825385.250000
5544    -1825386.250000
5545    -1825387.375000
5546    -1825388.750000
5547    -1825390.000000
5548    -1825391.250000
5549    -1825392.500000
5550    -1825393.750000
5551    -1825395.000000
5552    -1825396.375000
5553    -1825397.250000
5554    -1825398.375000
5555    -1825399.750000
5556    -1825401.000000
5557    -1825402.125000
5558    -1825403.250000
5559    -1825404.625000
5560    -1825405.625000
5561    -1825406.750000
5562    -1825408.250000
5563    -1825409.250000
5564    -1825410.250000
5565    -1825411.750000
5566    -1825412.750000
5567    -1825414.000000
5568    -1825415.250000
5569    -1825416.750000
5570    -1825417.750000
5571    -1825419.000000
5572    -1825420.000000
5573    -1825421.125000
5574    -1825422.500000
5575    -1825423.750000
5576    -1825424.625000
5577    -1825425.875000
5578    -1825427.250000
5579    -1825428.375000
5580    -1825429.500000
5581    -1825430.625000
5582    -1825431.750000
5583    -1825433.125000
5584    -1825434.375000
5585    -1825435.250000
5586    -1825436.500000
5587    -1825437.750000
5588    -1825438.875000
5589    -1825440.250000
5590    -1825441.375000
5591    -1825442.500000
5592    -1825443.875000
5593    -1825444.750000
5594    -1825446.000000
5595    -1825447.000000
5596    -1825448.250000
5597    -1825449.375000
5598    -1825450.625000
5599    -1825451.750000
5600    -1825453.250000
5601    -1825454.500000
5602    -1825455.375000
5603    -1825456.500000
5604    -1825457.625000
5605    -1825458.750000
5606    -1825460.250000
5607    -1825461.250000
5608    -1825462.500000
5609    -1825463.750000
5610    -1825464.750000
5611    -1825465.875000
5612    -1825466.875000
5613    -1825468.375000
5614    -1825469.625000
5615    -1825470.500000
5616    -1825471.500000
5617    -1825473.000000
5618    -1825474.000000
5619    -1825475.250000
5620    -1825476.250000
5621    -1825477.375000
5622    -1825478.625000
5623    -1825479.625000
5624    -1825480.750000
5625    -1825482.000000
5626    -1825483.000000
5627    -1825484.500000
5628    -1825485.375000
5629    -1825486.625000
5630    -1825488.000000
5631    -1825489.000000
5632    -1825490.250000
5633    -1825491.250000
5634    -1825492.500000
5635    -1825493.625000
5636    -1825494.875000
5637    -1825496.000000
5638    -1825497.000000
5639    -1825498.250000
5640    -1825499.375000
5641    -1825500.500000
5642    -1825502.000000
5643    -1825502.875000
5644    -1825504.250000
5645    -1825505.125000
5646    -1825506.500000
5647    -1825507.250000
5648    -1825508.500000
5649    -1825509.750000
5650    -1825511.000000
5651    -1825512.250000
5652    -1825513.500000
5653    -1825514.750000
5654    -1825515.625000
5655    -1825516.875000
5656    -1825517.875000
5657    -1825519.125000
5658    -1825520.000000
5659    -1825521.500000
5660    -1825522.500000
5661    -1825523.750000
5662    -1825524.750000
5663    -1825526.000000
5664    -1825527.000000
5665    -1825528.125000
5666    -1825529.500000
5667    -1825530.500000
5668    -1825531.750000
5669    -1825532.750000
5670    -1825534.000000
5671    -1825535.000000
5672    -1825536.250000
5673    -1825537.375000
5674    -1825538.750000
5675    -1825539.750000
5676    -1825541.000000
5677    -1825542.125000
5678    -1825543.125000
5679    -1825544.250000
5680    -1825545.750000
5681    -1825546.625000
5682    -1825547.750000
5683    -1825548.875000
5684    -1825550.250000
5685    -1825551.250000
5686    -1825552.375000
5687    -1825553.500000
5688    -1825554.500000
5689    -1825555.625000
5690    -1825556.875000
5691    -1825558.000000
5692    -1825559.000000
5693    -1825560.125000
5694    -1825561.375000
5695    -1825562.625000
5696    -1825564.000000
5697    -1825565.000000
5698    -1825566.250000
5699    -1825567.000000
5700    -1825568.250000
5701    -1825569.500000
5702    -1825570.500000
5703    -1825571.625000
5704    -1825572.750000
5705    -1825574.000000
5706    -1825575.000000
5707    -1825576.125000
5708    -1825577.250000
5709    -1825578.250000
5710    -1825579.625000
5711    -1825580.750000
5712    -1825581.875000
5713    -1825583.000000
5714    -1825583.750000
5715    -1825585.125000
5716    -1825586.375000
5717    -1825587.750000
5718    -1825588.500000
5719    -1825589.500000
5720    -1825590.750000
5721    -1825592.000000
5722    -1825593.000000
5723    -1825594.000000
5724    -1825595.375000
5725    -1825596.500000
5726    -1825597.250000
5727    -1825598.500000
5728    -1825599.625000
5729    -1825600.750000
5730    -1825601.750000
5731    -1825602.875000
5732    -1825604.250000
5733    -1825605.250000
5734    -1825606.500000
5735    -1825607.500000
5736    -1825608.500000
5737    -1825609.750000
5738    -1825610.625000
5739    -1825611.750000
5740    -1825613.000000
5741    -1825614.000000
5742    -1825615.375000
5743    -1825616.625000
5744    -1825617.500000
5745    -1825618.625000
5746    -1825619.750000
5747    -1825621.000000
5748    -1825622.250000
5749    -1825623.125000
5750    -1825624.250000
5751    -1825625.750000
5752    -1825626.750000
5753    -1825627.750000
5754    -1825628.750000
5755    -1825630.000000
5756    -1825631.250000
5757    -1825632.125000
5758    -1825633.375000
5759    -1825634.500000
5760    -1825635.500000
5761    -1825636.875000
5762    -1825638.125000
5763    -1825639.250000
5764    -1825640.250000
5765    -1825641.250000
5766    -1825642.500000
5767    -1825643.750000
5768    -1825644.750000
5769    -1825645.750000
5770    -1825646.875000
5771    -1825648.500000
5772    -1825649.500000
5773    -1825650.500000
5774    -1825651.500000
5775    -1825653.000000
5776    -1825653.625000
5777    -1825655.000000
5778    -1825656.125000
5779    -1825657.000000
5780    -1825658.500000
5781    -1825659.500000
5782    -1825661.000000
5783    -1825662.000000
5784    -1825663.125000
5785    -1825664.000000
5786    -1825665.250000
5787    -1825666.500000
5788    -1825667.500000
5789    -1825668.750000
5790    -1825669.875000
5791    -1825671.000000
5792    -1825672.250000
5793    -1825673.375000
5794    -1825674.500000
5795    -1825675.625000
5796    -1825676.500000
5797    -1825678.000000
5798    -1825679.250000
5799    -1825680.375000
5800    -1825681.500000
5801    -1825682.625000
5802    -1825683.875000
5803    -1825685.000000
5804    -1825686.250000
5805    -1825687.500000
5806    -1825688.625000
5807    -1825689.500000
5808    -1825691.125000
5809    -1825692.000000
5810    -1825693.375000
5811    -1825694.500000
5812    -1825695.750000
5813    -1825696.875000
5814    -1825698.250000
5815    -1825699.250000
5816    -1825700.500000
5817    -1825701.750000
5818    -1825702.750000
5819    -1825703.750000
5820    -1825705.000000
5821    -1825706.250000
5822    -1825707.375000
5823    -1825708.750000
5824    -1825709.750000
5825    -1825711.000000
5826    -1825712.250000
5827    -1825713.250000
5828    -1825714.625000
5829    -1825716.000000
5830    -1825717.000000
5831    -1825718.000000
5832    -1825719.500000
5833    -1825720.625000
5834    -1825721.875000
5835    -1825723.125000
5836    -1825724.250000
5837    -1825725.750000
5838    -1825726.875000
5839    -1825728.125000
5840    -1825729.250000
5841    -1825730.250000
5842    -1825731.500000
5843    -1825732.750000
5844    -1825734.000000
5845    -1825735.125000
5846    -1825736.375000
5847    -1825737.750000
5848    -1825738.750000
5849    -1825740.125000
5850    -1825741.250000
5851    -1825742.500000
5852    -1825743.750000
5853    -1825744.750000
5854    -1825745.875000
5855    -1825747.250000
5856    -1825748.250000
5857    -1825749.500000
5858    -1825750.750000
5859    -1825752.000000
5860    -1825753.125000
5861    -1825754.250000
5862    -1825755.625000
5863    -1825756.750000
5864    -1825758.125000
5865    -1825759.500000
5866    -1825760.750000
5867    -1825762.000000
5868    -1825763.000000
5869    -1825764.250000
5870    -1825765.500000
5871    -1825766.750000
5872    -1825767.750000
5873    -1825769.250000
5874    -1825770.500000
5875    -1825771.375000
5876    -1825772.625000
5877    -1825773.750000
5878    -1825775.000000
5879    -1825776.250000
5880    -1825777.250000
5881    -1825778.625000
5882    -1825780.125000
5883    -1825781.250000
5884    -1825782.500000
5885    -1825783.500000
5886    -1825785.000000
5887    -1825786.250000
5888    -1825787.250000
5889    -1825788.500000
5890    -1825789.750000
5891    -1825790.875000
5892    -1825792.125000
5893    -1825793.500000
5894    -1825795.000000
5895    -1825796.000000
5896    -1825797.250000
5897    -1825798.500000
5898    -1825799.500000
5899    -1825800.750000
5900    -1825802.125000
5901    -1825803.625000
5902    -1825804.625000
5903    -1825805.750000
5904    -1825807.125000
5905    -1825808.500000
5906    -1825809.625000
5907    -1825811.000000
5908    -1825812.000000
5909    -1825813.500000
5910    -1825814.750000
5911    -1825815.500000
5912    -1825817.000000
5913    -1825818.125000
5914    -1825819.500000
5915    -1825820.750000
5916    -1825821.875000
5917    -1825823.000000
5918    -1825824.250000
5919    -1825825.625000
5920    -1825827.000000
5921    -1825828.125000
5922    -1825829.375000
5923    -1825830.500000
5924    -1825831.875000
5925    -1825833.000000
5926    -1825834.250000
5927    -1825835.500000
5928    -1825836.875000
5929    -1825838.000000
5930    -1825839.375000
5931    -1825840.875000
5932    -1825841.750000
5933    -1825843.000000
5934    -1825844.250000
5935    -1825845.500000
5936    -1825846.875000
5937    -1825848.250000
5938    -1825849.250000
5939    -1825850.500000
5940    -1825852.000000
5941    -1825853.000000
5942    -1825854.250000
5943    -1825855.500000
5944    -1825857.000000
5945    -1825858.250000
5946    -1825859.250000
5947    -1825860.625000
5948    -1825861.750000
5949    -1825863.250000
5950    -1825864.500000
5951    -1825865.625000
5952    -1825867.000000
5953    -1825867.875000
5954    -1825869.500000
5955    -1825870.750000
5956    -1825872.000000
5957    -1825873.500000
5958    -1825874.375000
5959    -1825875.750000
5960    -1825877.250000
5961    -1825878.000000
5962    -1825879.500000
5963    -1825880.875000
5964    -1825882.125000
5965    -1825883.375000
5966    -1825884.625000
5967    -1825886.000000
5968    -1825887.250000
5969    -1825888.500000
5970    -1825889.625000
5971    -1825891.125000
5972    -1825892.250000
5973    -1825893.500000
5974    -1825894.875000
5975    -1825896.000000
5976    -1825897.375000
5977    -1825898.750000
5978    -1825900.000000
5979    -1825901.250000
5980    -1825902.500000
5981    -1825903.750000
5982    -1825905.000000
5983    -1825906.250000
5984    -1825907.750000
5985    -1825908.875000
5986    -1825910.125000
5987    -1825911.250000
5988    -1825912.500000
5989    -1825913.750000
5990    -1825915.000000
5991    -1825916.250000
5992    -1825917.750000
5993    -1825919.125000
5994    -1825920.500000
5995    -1825921.750000
5996    -1825922.875000
5997    -1825924.000000
5998    -1825925.250000
5999    -1825926.625000
6000    -1825927.875000
6001    -1825929.250000
6002    -1825930.500000
6003    -1825931.750000
6004    -1825933.000000
6005    -1825934.250000
6006    -1825935.500000
6007    -1825936.750000
6008    -1825938.000000
6009    -1825939.250000
6010    -1825940.500000
6011    -1825941.750000
6012    -1825943.000000
6013    -1825944.500000
6014    -1825945.750000
6015    -1825947.000000
6016    -1825948.375000
6017    -1825949.500000
6018    -1825950.750000
6019    -1825952.000000
6020    -1825953.500000
6021    -1825954.750000
6022    -1825956.000000
6023    -1825957.500000
6024    -1825958.500000
6025    -1825959.750000
6026    -1825961.250000
6027    -1825962.625000
6028    -1825963.750000
6029    -1825965.000000
6030    -1825966.500000
6031    -1825967.750000
6032    -1825969.000000
6033    -1825970.375000
6034    -1825971.625000
6035    -1825972.750000
6036    -1825974.250000
6037    -1825975.500000
6038    -1825976.750000
6039    -1825978.000000
6040    -1825979.375000
6041    -1825980.500000
6042    -1825982.000000
6043    -1825983.500000
6044    -1825984.375000
6045    -1825986.000000
6046    -1825987.375000
6047    -1825988.500000
6048    -1825989.875000
6049    -1825991.125000
6050    -1825992.375000
6051    -1825993.750000
6052    -1825995.125000
6053    -1825996.500000
6054    -1825997.750000
6055    -1825998.750000
6056    -1826000.250000
6057    -1826001.750000
6058    -1826002.875000
6059    -1826004.250000
6060    -1826005.750000
6061    -1826007.000000
6062    -1826008.250000
6063    -1826009.750000
6064    -1826011.000000
6065    -1826012.500000
6066    -1826013.750000
6067    -1826015.000000
6068    -1826016.500000
6069    -1826017.750000
6070    -1826019.250000
6071    -1826020.500000
6072    -1826021.875000
6073    -1826023.125000
6074    -1826024.500000
6075    -1826026.000000
6076    -1826027.500000
6077    -1826028.750000
6078    -1826030.000000
6079    -1826031.375000
6080    -1826032.875000
6081    -1826034.125000
6082    -1826035.750000
6083    -1826036.750000
6084    -1826038.250000
6085    -1826039.750000
6086    -1826041.000000
6087    -1826042.500000
6088    -1826043.875000
6089    -1826045.000000
6090    -1826046.625000
6091    -1826048.125000
6092    -1826049.250000
6093    -1826050.750000
6094    -1826052.250000
6095    -1826053.750000
6096    -1826054.875000
6097    -1826056.250000
6098    -1826057.750000
6099    -1826059.125000
6100    -1826060.625000
6101    -1826061.750000
6102    -1826063.000000
6103    -1826064.625000
6104    -1826065.875000
6105    -1826067.250000
6106    -1826068.750000
6107    -1826070.250000
6108    -1826071.625000
6109    -1826073.000000
6110    -1826074.375000
6111    -1826075.750000
6112    -1826077.250000
6113    -1826078.500000
6114    -1826080.250000
6115    -1826081.750000
6116    -1826083.000000
6117    -1826084.250000
6118    -1826085.750000
6119    -1826087.250000
6120    -1826088.625000
6121    -1826090.000000
6122    -1826091.500000
6123    -1826092.750000
6124    -1826094.375000
6125    -1826095.750000
6126    -1826097.125000
6127    -1826098.125000
6128    -1826099.750000
6129    -1826101.250000
6130    -1826102.500000
6131    -1826104.000000
6132    -1826105.375000
6133    -1826106.625000
6134    -1826108.250000
6135    -1826109.500000
6136    -1826110.875000
6137    -1826112.500000
6138    -1826113.875000
6139    -1826115.250000
6140    -1826116.500000
6141    -1826117.750000
6142    -1826119.250000
6143    -1826120.500000
6144    -1826122.250000
6145    -1826123.625000
6146    -1826125.000000
6147    -1826126.250000
6148    -1826127.750000
6149    -1826129.000000
6150    -1826130.500000
6151    -1826132.125000
6152    -1826133.250000
6153    -1826134.750000
6154    -1826136.000000
6155    -1826137.375000
6156    -1826138.875000
6157    -1826140.250000
6158    -1826141.500000
6159    -1826143.000000
6160    -1826144.250000
6161    -1826145.750000
6162    -1826147.125000
6163    -1826148.500000
6164    -1826150.000000
6165    -1826151.000000
6166    -1826152.250000
6167    -1826154.000000
6168    -1826155.250000
6169    -1826156.750000
6170    -1826158.000000
6171    -1826159.500000
6172    -1826160.500000
6173    -1826162.000000
6174    -1826163.500000
6175    -1826164.875000
6176    -1826166.125000
6177    -1826167.750000
6178    -1826168.750000
6179    -1826170.000000
6180    -1826171.750000
6181    -1826173.000000
6182    -1826174.500000
6183    -1826175.750000
6184    -1826177.000000
6185    -1826178.250000
6186    -1826179.750000
6187    -1826181.125000
6188    -1826182.375000
6189    -1826183.750000
6190    -1826185.000000
6191    -1826186.625000
6192    -1826187.750000
6193    -1826189.250000
6194    -1826190.375000
6195    -1826192.000000
6196    -1826193.250000
6197    -1826194.625000
6198    -1826195.875000
6199    -1826197.250000
6200    -1826198.750000
6201    -1826199.750000
6202    -1826201.375000
6203    -1826202.625000
6204    -1826203.750000
6205    -1826205.000000
6206    -1826206.500000
6207    -1826207.875000
6208    -1826209.250000
6209    -1826210.500000
6210    -1826211.500000
6211    -1826213.125000
6212    -1826214.500000
6213    -1826215.500000
6214    -1826216.750000
6215    -1826218.125000
6216    -1826219.625000
6217    -1826220.750000
6218    -1826222.125000
6219    -1826223.250000
6220    -1826224.750000
6221    -1826226.000000
6222    -1826227.375000
6223    -1826228.250000
6224    -1826229.750000
6225    -1826231.000000
6226    -1826232.250000
6227    -1826233.500000
6228    -1826235.250000
6229    -1826236.125000
6230    -1826237.500000
6231    -1826238.750000
6232    -1826240.125000
6233    -1826241.250000
6234    -1826242.500000
6235    -1826244.000000
6236    -1826245.250000
6237    -1826246.250000
6238    -1826247.750000
6239    -1826248.875000
6240    -1826250.000000
6241    -1826251.500000
6242    -1826252.750000
6243    -1826253.875000
6244    -1826255.250000
6245    -1826256.625000
6246    -1826257.875000
6247    -1826259.125000
6248    -1826260.250000
6249    -1826261.375000
6250    -1826262.750000
6251    -1826264.000000
6252    -1826265.250000
6253    -1826266.500000
6254    -1826268.000000
6255    -1826269.250000
6256    -1826270.250000
6257    -1826271.500000
6258    -1826272.875000
6259    -1826274.250000
6260    -1826275.250000
6261    -1826276.750000
6262    -1826277.875000
6263    -1826279.000000
6264    -1826280.500000
6265    -1826281.750000
6266    -1826282.875000
6267    -1826284.000000
6268    -1826285.375000
6269    -1826286.500000
6270    -1826287.875000
6271    -1826289.250000
6272    -1826290.500000
6273    -1826292.000000
6274    -1826293.250000
6275    -1826294.250000
6276    -1826295.500000
6277    -1826296.875000
6278    -1826298.250000
6279    -1826299.375000
6280    -1826300.750000
6281    -1826301.750000
6282    -1826303.500000
6283    -1826304.500000
6284    -1826305.750000
6285    -1826307.000000
6286    -1826308.250000
6287    -1826309.500000
6288    -1826310.875000
6289    -1826312.125000
6290    -1826313.375000
6291    -1826314.500000
6292    -1826316.000000
6293    -1826317.375000
6294    -1826318.625000
6295    -1826319.750000
6296    -1826321.250000
6297    -1826322.500000
6298    -1826323.750000
6299    -1826325.000000
6300    -1826326.375000
6301    -1826327.750000
6302    -1826329.000000
6303    -1826330.000000
6304    -1826331.500000
6305    -1826332.750000
6306    -1826334.000000
6307    -1826335.500000
6308    -1826336.750000
6309    -1826338.375000
6310    -1826339.375000
6311    -1826340.750000
6312    -1826342.000000
6313    -1826343.500000
6314    -1826344.875000
6315    -1826346.000000
6316    -1826347.375000
6317    -1826348.750000
6318    -1826350.000000
6319    -1826351.500000
6320    -1826352.750000
6321    -1826354.000000
6322    -1826355.375000
6323    -1826356.625000
6324    -1826358.000000
6325    -1826359.500000
6326    -1826361.000000
6327    -1826362.250000
6328    -1826363.750000
6329    -1826365.000000
6330    -1826366.500000
6331    -1826367.750000
6332    -1826369.000000
6333    -1826370.375000
6334    -1826371.750000
6335    -1826373.250000
6336    -1826374.250000
6337    -1826375.750000
6338    -1826377.250000
6339    -1826378.750000
6340    -1826380.250000
6341    -1826381.500000
6342    -1826382.750000
6343    -1826384.250000
6344    -1826385.750000
6345    -1826386.875000
6346    -1826388.375000
6347    -1826390.000000
6348    -1826391.125000
6349    -1826392.500000
6350    -1826394.125000
6351    -1826395.500000
6352    -1826396.750000
6353    -1826398.250000
6354    -1826399.750000
6355    -1826401.000000
6356    -1826402.500000
6357    -1826404.000000
6358    -1826405.250000
6359    -1826406.500000
6360    -1826408.250000
6361    -1826409.625000
6362    -1826411.000000
6363    -1826412.250000
6364    -1826413.875000
6365    -1826415.250000
6366    -1826416.625000
6367    -1826418.000000
6368    -1826419.500000
6369    -1826421.000000
6370    -1826422.375000
6371    -1826423.750000
6372    -1826425.000000
6373    -1826426.625000
6374    -1826428.250000
6375    -1826429.500000
6376    -1826431.000000
6377    -1826432.375000
6378    -1826433.750000
6379    -1826435.250000
6380    -1826436.625000
6381    -1826438.250000
6382    -1826439.500000
6383    -1826441.000000
6384    -1826442.500000
6385    -1826444.000000
6386    -1826445.625000
6387    -1826446.750000
6388    -1826448.500000
6389    -1826449.625000
6390    -1826451.375000
6391    -1826452.625000
6392    -1826454.125000
6393    -1826455.750000
6394    -1826456.875000
6395    -1826458.500000
6396    -1826460.000000
6397    -1826461.250000
6398    -1826463.000000
6399    -1826464.250000
6400    -1826465.375000
6401    -1826467.125000
6402    -1826468.500000
6403    -1826470.000000
6404    -1826471.500000
6405    -1826472.875000
6406    -1826474.500000
6407    -1826475.625000
6408    -1826477.250000
6409    -1826478.500000
6410    -1826480.000000
6411    -1826481.625000
6412    -1826483.000000
6413    -1826484.250000
6414    -1826485.750000
6415    -1826487.250000
6416    -1826488.500000
6417    -1826490.250000
6418    -1826491.500000
6419    -1826492.875000
6420    -1826494.250000
6421    -1826495.625000
6422    -1826497.500000
6423    -1826498.625000
6424    -1826500.000000
6425    -1826501.750000
6426    -1826502.875000
6427    -1826504.250000
6428    -1826506.000000
6429    -1826507.250000
6430    -1826508.500000
6431    -1826510.125000
6432    -1826511.500000
6433    -1826512.875000
6434    -1826514.250000
6435    -1826515.875000
6436    -1826517.250000
6437    -1826518.625000
6438    -1826520.000000
6439    -1826521.750000
6440    -1826523.125000
6441    -1826524.500000
6442    -1826525.875000
6443    -1826527.375000
6444    -1826528.750000
6445    -1826530.250000
6446    -1826531.750000
6447    -1826533.000000
6448    -1826534.250000
6449    -1826535.875000
6450    -1826537.375000
6451    -1826538.750000
6452    -1826540.125000
6453    -1826541.750000
6454    -1826543.000000
6455    -1826544.625000
6456    -1826546.250000
6457    -1826547.625000
6458    -1826548.875000
6459    -1826550.375000
6460    -1826552.000000
6461    -1826553.250000
6462    -1826554.625000
6463    -1826556.250000
6464    -1826557.625000
6465    -1826559.000000
6466    -1826560.500000
6467    -1826562.000000
6468    -1826563.375000
6469    -1826565.000000
6470    -1826566.250000
6471    -1826567.875000
6472    -1826569.250000
6473    -1826570.625000
6474    -1826572.250000
6475    -1826573.500000
6476    -1826575.000000
6477    -1826576.500000
6478    -1826577.750000
6479    -1826579.500000
6480    -1826580.750000
6481    -1826582.250000
6482    -1826583.500000
6483    -1826585.250000
6484    -1826586.625000
6485    -1826588.000000
6486    -1826589.375000
6487    -1826590.875000
6488    -1826592.500000
6489    -1826594.000000
6490    -1826595.250000
6491    -1826596.500000
6492    -1826598.250000
6493    -1826599.750000
6494    -1826601.125000
6495    -1826602.375000
6496    -1826604.000000
6497    -1826605.500000
6498    -1826607.000000
6499    -1826608.500000
6500    -1826610.000000
6501    -1826611.500000
6502    -1826612.750000
6503    -1826614.375000
6504    -1826615.750000
6505    -1826617.250000
6506    -1826618.750000
6507    -1826620.375000
6508    -1826622.000000
6509    -1826623.250000
6510    -1826624.500000
6511    -1826626.250000
6512    -1826627.750000
6513    -1826629.000000
6514    -1826630.500000
6515    -1826632.125000
6516    -1826633.625000
6517    -1826635.000000
6518    -1826636.500000
6519    -1826637.750000
6520    -1826639.250000
6521    -1826641.125000
6522    -1826642.375000
6523    -1826643.750000
6524    -1826645.500000
6525    -1826647.000000
6526    -1826648.250000
6527    -1826649.750000
6528    -1826651.500000
6529    -1826652.875000
6530    -1826654.250000
6531    -1826655.875000
6532    -1826657.500000
6533    -1826658.750000
6534    -1826660.250000
6535    -1826662.000000
6536    -1826663.250000
6537    -1826664.500000
6538    -1826666.125000
6539    -1826667.750000
6540    -1826669.125000
6541    -1826670.625000
6542    -1826672.125000
6543    -1826673.625000
6544    -1826675.000000
6545    -1826676.500000
6546    -1826677.875000
6547    -1826679.250000
6548    -1826680.875000
6549    -1826682.250000
6550    -1826683.500000
6551    -1826685.250000
6552    -1826686.750000
6553    -1826688.250000
6554    -1826689.500000
6555    -1826691.000000
6556    -1826692.250000
6557    -1826693.750000
6558    -1826695.250000
6559    -1826696.750000
6560    -1826698.250000
6561    -1826699.625000
6562    -1826701.000000
6563    -1826702.500000
6564    -1826703.750000
6565    -1826705.250000
6566    -1826706.875000
6567    -1826708.000000
6568    -1826709.250000
6569    -1826711.000000
6570    -1826712.500000
6571    -1826713.750000
6572    -1826715.125000
6573    -1826716.500000
6574    -1826718.250000
6575    -1826719.375000
6576    -1826720.500000
6577    -1826722.000000
6578    -1826723.500000
6579    -1826724.750000
6580    -1826726.250000
6581    -1826727.750000
6582    -1826729.000000
6583    -1826730.375000
6584    -1826731.500000
6585    -1826733.250000
6586    -1826734.375000
6587    -1826736.000000
6588    -1826737.250000
6589    -1826738.500000
6590    -1826740.000000
6591    -1826741.125000
6592    -1826742.750000
6593    -1826743.750000
6594    -1826745.250000
6595    -1826746.500000
6596    -1826748.000000
6597    -1826749.250000
6598    -1826750.625000
6599    -1826751.750000
6600    -1826753.250000
6601    -1826754.250000
6602    -1826755.875000
6603    -1826757.000000
6604    -1826758.375000
6605    -1826759.500000
6606    -1826760.875000
6607    -1826762.250000
6608    -1826763.500000
6609    -1826764.500000
6610    -1826766.000000
6611    -1826767.250000
6612    -1826768.500000
6613    -1826769.625000
6614    -1826770.875000
6615    -1826772.500000
6616    -1826773.375000
6617    -1826774.500000
6618    -1826776.000000
6619    -1826777.125000
6620    -1826778.500000
6621    -1826779.750000
6622    -1826781.000000
6623    -1826782.250000
6624    -1826783.250000
6625    -1826784.500000
6626    -1826785.875000
6627    -1826787.000000
6628    -1826788.000000
6629    -1826789.500000
6630    -1826790.500000
6631    -1826791.750000
6632    -1826792.875000
6633    -1826794.250000
6634    -1826795.500000
6635    -1826796.500000
6636    -1826797.625000
6637    -1826798.750000
6638    -1826799.875000
6639    -1826801.250000
6640    -1826802.500000
6641    -1826803.500000
6642    -1826804.500000
6643    -1826805.750000
6644    -1826807.125000
6645    -1826808.125000
6646    -1826809.250000
6647    -1826810.250000
6648    -1826811.500000
6649    -1826812.625000
6650    -1826814.000000
6651    -1826814.875000
6652    -1826816.250000
6653    -1826817.000000
6654    -1826818.125000
6655    -1826819.250000
6656    -1826820.250000
6657    -1826821.500000
6658    -1826822.750000
6659    -1826823.750000
6660    -1826824.625000
6661    -1826826.250000
6662    -1826827.000000
6663    -1826828.125000
6664    -1826829.000000
6665    -1826830.250000
6666    -1826831.250000
6667    -1826832.375000
6668    -1826833.500000
6669    -1826834.375000
6670    -1826835.500000
6671    -1826836.750000
6672    -1826837.500000
6673    -1826838.750000
6674    -1826839.500000
6675    -1826840.750000
6676    -1826842.000000
6677    -1826842.875000
6678    -1826843.875000
6679    -1826844.750000
6680    -1826846.125000
6681    -1826846.875000
6682    -1826848.125000
6683    -1826849.000000
6684    -1826850.250000
6685    -1826851.250000
6686    -1826852.250000
6687    -1826853.250000
6688    -1826854.250000
6689    -1826855.250000
6690    -1826856.375000
6691    -1826857.250000
6692    -1826858.250000
6693    -1826859.500000
6694    -1826860.250000
6695    -1826861.250000
6696    -1826862.125000
6697    -1826863.125000
6698    -1826864.250000
6699    -1826865.250000
6700    -1826866.250000
6701    -1826867.250000
6702    -1826868.250000
6703    -1826869.000000
6704    -1826870.250000
6705    -1826871.125000
6706    -1826872.000000
6707    -1826873.250000
6708    -1826874.125000
6709    -1826875.000000
6710    -1826876.000000
6711    -1826877.250000
6712    -1826878.000000
6713    -1826879.000000
6714    -1826880.000000
6715    -1826881.000000
6716    -1826881.750000
6717    -1826882.750000
6718    -1826883.625000
6719    -1826884.750000
6720    -1826885.625000
6721    -1826886.500000
6722    -1826887.250000
6723    -1826888.250000
6724    -1826889.250000
6725    -1826890.250000
6726    -1826891.250000
6727    -1826892.000000
6728    -1826893.000000
6729    -1826894.000000
6730    -1826894.750000
6731    -1826895.750000
6732    -1826896.750000
6733    -1826897.500000
6734    -1826898.500000
6735    -1826899.125000
6736    -1826900.250000
6737    -1826901.250000
6738    -1826902.125000
6739    -1826903.000000
6740    -1826903.750000
6741    -1826904.750000
6742    -1826905.500000
6743    -1826906.500000
6744    -1826907.250000
6745    -1826908.000000
6746    -1826909.125000
6747    -1826910.000000
6748    -1826911.000000
6749    -1826911.750000
6750    -1826912.625000
6751    -1826913.500000
6752    -1826914.500000
6753    -1826915.250000
6754    -1826916.250000
6755    -1826917.000000
6756    -1826918.000000
6757    -1826918.875000
6758    -1826919.750000
6759    -1826920.750000
6760    -1826921.500000
6761    -1826922.250000
6762    -1826923.125000
6763    -1826924.125000
6764    -1826925.000000
6765    -1826925.750000
6766    -1826926.750000
6767    -1826927.625000
6768    -1826928.375000
6769    -1826929.250000
6770    -1826930.250000
6771    -1826931.250000
6772    -1826931.750000
6773    -1826933.000000
6774    -1826933.875000
6775    -1826934.750000
6776    -1826935.625000
6777    -1826936.500000
6778    -1826937.375000
6779    -1826938.375000
6780    -1826939.250000
6781    -1826940.125000
6782    -1826941.000000
6783    -1826942.000000
6784    -1826942.875000
6785    -1826944.000000
6786    -1826944.500000
6787    -1826945.500000
6788    -1826946.250000
6789    -1826947.250000
6790    -1826948.250000
6791    -1826949.250000
6792    -1826950.125000
6793    -1826951.250000
6794    -1826952.000000
6795    -1826952.750000
6796    -1826953.625000
6797    -1826954.750000
6798    -1826955.500000
6799    -1826956.500000
6800    -1826957.500000
6801    -1826958.500000
6802    -1826959.125000
6803    -1826960.250000
6804    -1826961.125000
6805    -1826962.000000
6806    -1826963.125000
6807    -1826964.000000
6808    -1826965.000000
6809    -1826965.750000
6810    -1826966.750000
6811    -1826967.750000
6812    -1826968.500000
6813    -1826969.500000
6814    -1826970.625000
6815    -1826971.625000
6816    -1826972.500000
6817    -1826973.500000
6818    -1826974.500000
6819    -1826975.375000
6820    -1826976.250000
6821    -1826977.250000
6822    -1826978.250000
6823    -1826979.250000
6824    -1826980.250000
6825    -1826981.125000
6826    -1826982.250000
6827    -1826983.125000
6828    -1826984.125000
6829    -1826985.125000
6830    -1826986.000000
6831    -1826987.000000
6832    -1826988.000000
6833    -1826988.875000
6834    -1826990.000000
6835    -1826991.000000
6836    -1826991.750000
6837    -1826993.000000
6838    -1826993.750000
6839    -1826994.750000
6840    -1826995.875000
6841    -1826996.750000
6842    -1826997.750000
6843    -1826998.500000
6844    -1826999.625000
6845    -1827000.500000
6846    -1827001.500000
6847    -1827002.500000
6848    -1827003.500000
6849    -1827004.500000
6850    -1827005.500000
6851    -1827006.250000
6852    -1827007.250000
6853    -1827008.250000
6854    -1827009.375000
6855    -1827010.250000
6856    -1827011.250000
6857    -1827012.250000
6858    -1827013.250000
6859    -1827014.125000
6860    -1827015.250000
6861    -1827016.250000
6862    -1827017.125000
6863    -1827018.375000
6864    -1827019.125000
6865    -1827020.000000
6866    -1827021.250000
6867    -1827022.375000
6868    -1827023.250000
6869    -1827024.125000
6870    -1827025.000000
6871    -1827026.125000
6872    -1827027.250000
6873    -1827028.250000
6874    -1827029.250000
6875    -1827030.250000
6876    -1827031.250000
6877    -1827032.250000
6878    -1827033.125000
6879    -1827034.250000
6880    -1827035.250000
6881    -1827036.250000
6882    -1827037.375000
6883    -1827038.375000
6884    -1827039.250000
6885    -1827040.250000
6886    -1827041.250000
6887    -1827042.250000
6888    -1827043.375000
6889    -1827044.250000
6890    -1827045.375000
6891    -1827046.250000
6892    -1827047.375000
6893    -1827048.250000
6894    -1827049.250000
6895    -1827050.500000
6896    -1827051.250000
6897    -1827052.500000
6898    -1827053.250000
6899    -1827054.500000
6900    -1827055.250000
6901    -1827056.500000
6902    -1827057.500000
6903    -1827058.250000
6904    -1827059.375000
6905    -1827060.375000
6906    -1827061.375000
6907    -1827062.375000
6908    -1827063.000000
6909    -1827064.250000
6910    -1827065.375000
6911    -1827066.250000
6912    -1827067.250000
6913    -1827068.250000
6914    -1827069.250000
6915    -1827070.250000
6916    -1827070.875000
6917    -1827072.125000
6918    -1827073.000000
6919    -1827074.000000
6920    -1827074.875000
6921    -1827075.875000
6922    -1827076.625000
6923    -1827077.750000
6924    -1827078.750000
6925    -1827079.750000
6926    -1827080.625000
6927    -1827081.750000
6928    -1827082.750000
6929    -1827083.625000
6930    -1827084.250000
6931    -1827085.000000
6932    -1827086.500000
6933    -1827087.250000
6934    -1827088.125000
6935    -1827089.250000
6936    -1827090.000000
6937    -1827091.000000
6938    -1827092.000000
6939    -1827092.875000
6940    -1827093.750000
6941    -1827094.500000
6942    -1827095.500000
6943    -1827096.625000
6944    -1827097.500000
6945    -1827098.250000
6946    -1827099.500000
6947    -1827100.250000
6948    -1827101.000000
6949    -1827102.125000
6950    -1827103.000000
6951    -1827103.875000
6952    -1827104.750000
6953    -1827105.750000
6954    -1827106.500000
6955    -1827107.500000
6956    -1827108.375000
6957    -1827109.250000
6958    -1827110.000000
6959    -1827111.250000
6960    -1827112.000000
6961    -1827112.875000
6962    -1827113.750000
6963    -1827114.750000
6964    -1827115.500000
6965    -1827116.625000
6966    -1827117.500000
6967    -1827118.250000
6968    -1827119.250000
6969    -1827120.000000
6970    -1827120.750000
6971    -1827121.750000
6972    -1827122.750000
6973    -1827123.500000
6974    -1827124.375000
6975    -1827125.250000
6976    -1827126.125000
6977    -1827127.000000
6978    -1827127.750000
6979    -1827128.750000
6980    -1827129.500000
6981    -1827130.500000
6982    -1827131.500000
6983    -1827132.125000
6984    -1827133.125000
6985    -1827133.625000
6986    -1827134.750000
6987    -1827135.750000
6988    -1827136.500000
6989    -1827137.250000
6990    -1827138.250000
6991    -1827139.000000
6992    -1827139.750000
6993    -1827140.750000
6994    -1827141.625000
6995    -1827142.250000
6996    -1827143.250000
6997    -1827144.000000
6998    -1827145.125000
6999    -1827145.625000
7000    -1827146.500000
7001    -1827147.375000
7002    -1827148.000000
7003    -1827149.000000
7004    -1827150.000000
7005    -1827150.625000
7006    -1827151.500000
7007    -1827152.500000
7008    -1827153.000000
7009    -1827154.000000
7010    -1827154.750000
7011    -1827155.500000
7012    -1827156.500000
7013    -1827157.375000
7014    -1827158.125000
7015    -1827158.875000
7016    -1827159.750000
7017    -1827160.375000
7018    -1827161.125000
7019    -1827162.000000
7020    -1827162.750000
7021    -1827163.625000
7022    -1827164.375000
7023    -1827165.250000
7024    -1827166.000000
7025    -1827166.875000
7026    -1827167.500000
7027    -1827168.625000
7028    -1827169.250000
7029    -1827170.000000
7030    -1827171.125000
7031    -1827171.875000
7032    -1827172.500000
7033    -1827173.000000
7034    -1827173.875000
7035    -1827174.875000
7036    -1827175.500000
7037    -1827176.500000
7038    -1827177.250000
7039    -1827177.875000
7040    -1827178.750000
7041    -1827179.375000
7042    -1827180.250000
7043    -1827181.000000
7044    -1827182.000000
7045    -1827182.750000
7046    -1827183.500000
7047    -1827184.375000
7048    -1827185.000000
7049    -1827186.000000
7050    -1827186.750000
7051    -1827187.500000
7052    -1827188.250000
7053    -1827189.125000
7054    -1827189.750000
7055    -1827190.750000
7056    -1827191.750000
7057    -1827192.250000
7058    -1827193.000000
7059    -1827194.000000
7060    -1827194.625000
7061    -1827195.375000
7062    -1827196.125000
7063    -1827196.875000
7064    -1827197.750000
7065    -1827198.625000
7066    -1827199.250000
7067    -1827200.125000
7068    -1827201.000000
7069    -1827201.875000
7070    -1827202.750000
7071    -1827203.375000
7072    -1827204.500000
7073    -1827205.250000
7074    -1827206.250000
7075    -1827206.750000
7076    -1827207.750000
7077    -1827208.375000
7078    -1827209.250000
7079    -1827209.875000
7080    -1827210.875000
7081    -1827211.375000
7082    -1827212.375000
7083    -1827213.000000
7084    -1827214.000000
7085    -1827214.750000
7086    -1827215.500000
7087    -1827216.375000
7088    -1827217.250000
7089    -1827218.000000
7090    -1827218.750000
7091    -1827219.625000
7092    -1827220.375000
7093    -1827221.125000
7094    -1827222.000000
7095    -1827222.750000
7096    -1827223.750000
7097    -1827224.500000
7098    -1827225.125000
7099    -1827226.000000
7100    -1827226.750000
7101    -1827227.750000
7102    -1827228.500000
7103    -1827229.250000
7104    -1827230.125000
7105    -1827231.000000
7106    -1827231.625000
7107    -1827232.750000
7108    -1827233.750000
7109    -1827234.125000
7110    -1827234.750000
7111    -1827235.875000
7112    -1827236.625000
7113    -1827237.500000
7114    -1827238.375000
7115    -1827239.250000
7116    -1827240.250000
7117    -1827241.000000
7118    -1827242.000000
7119    -1827242.750000
7120    -1827243.500000
7121    -1827244.500000
7122    -1827245.250000
7123    -1827246.250000
7124    -1827246.875000
7125    -1827247.750000
7126    -1827248.625000
7127    -1827249.750000
7128    -1827250.500000
7129    -1827251.500000
7130    -1827252.250000
7131    -1827253.000000
7132    -1827254.000000
7133    -1827255.000000
7134    -1827255.750000
7135    -1827256.625000
7136    -1827257.500000
7137    -1827258.250000
7138    -1827259.250000
7139    -1827260.125000
7140    -1827261.125000
7141    -1827261.750000
7142    -1827262.750000
7143    -1827263.875000
7144    -1827264.500000
7145    -1827265.500000
7146    -1827266.500000
7147    -1827267.250000
7148    -1827268.250000
7149    -1827269.000000
7150    -1827270.125000
7151    -1827271.000000
7152    -1827272.000000
7153    -1827272.750000
7154    -1827273.750000
7155    -1827274.625000
7156    -1827275.750000
7157    -1827276.750000
7158    -1827277.250000
7159    -1827278.250000
7160    -1827279.000000
7161    -1827280.125000
7162    -1827281.000000
7163    -1827282.000000
7164    -1827283.000000
7165    -1827283.875000
7166    -1827285.000000
7167    -1827286.000000
7168    -1827286.750000
7169    -1827287.500000
7170    -1827288.500000
7171    -1827289.500000
7172    -1827290.750000
7173    -1827291.500000
7174    -1827292.250000
7175    -1827293.500000
7176    -1827294.250000
7177    -1827295.125000
7178    -1827296.000000
7179    -1827297.125000
7180    -1827298.000000
7181    -1827298.875000
7182    -1827299.750000
7183    -1827300.750000
7184    -1827301.750000
7185    -1827302.625000
7186    -1827303.500000
7187    -1827304.500000
7188    -1827305.750000
7189    -1827306.500000
7190    -1827307.375000
7191    -1827308.250000
7192    -1827309.375000
7193    -1827310.250000
7194    -1827311.000000
7195    -1827312.250000
7196    -1827313.250000
7197    -1827314.000000
7198    -1827314.875000
7199    -1827316.000000
7200    -1827317.000000
7201    -1827317.750000
7202    -1827318.625000
7203    -1827319.875000
7204    -1827320.750000
7205    -1827321.625000
7206    -1827322.750000
7207    -1827323.625000
7208    -1827324.625000
7209    -1827325.750000
7210    -1827326.750000
7211    -1827327.375000
7212    -1827328.500000
7213    -1827329.500000
7214    -1827330.375000
7215    -1827331.500000
7216    -1827332.625000
7217    -1827333.500000
7218    -1827334.625000
7219    -1827335.750000
7220    -1827336.375000
7221    -1827337.500000
7222    -1827338.750000
7223    -1827339.500000
7224    -1827340.625000
7225    -1827341.500000
7226    -1827342.625000
7227    -1827343.375000
7228    -1827344.875000
7229    -1827345.625000
7230    -1827346.750000
7231    -1827347.750000
7232    -1827348.875000
7233    -1827350.000000
7234    -1827350.750000
7235    -1827351.750000
7236    -1827352.875000
7237    -1827353.875000
7238    -1827354.875000
7239    -1827356.000000
7240    -1827357.000000
7241    -1827358.125000
7242    -1827359.125000
7243    -1827360.125000
7244    -1827361.250000
7245    -1827362.375000
7246    -1827363.375000
7247    -1827364.500000
7248    -1827365.375000
7249    -1827366.625000
7250    -1827367.500000
7251    -1827368.500000
7252    -1827369.500000
7253    -1827370.750000
7254    -1827372.000000
7255    -1827373.000000
7256    -1827374.000000
7257    -1827374.875000
7258    -1827375.875000
7259    -1827377.250000
7260    -1827378.250000
7261    -1827379.375000
7262    -1827380.375000
7263    -1827381.375000
7264    -1827382.250000
7265    -1827383.500000
7266    -1827384.750000
7267    -1827385.750000
7268    -1827386.750000
7269    -1827387.875000
7270    -1827389.000000
7271    -1827390.000000
7272    -1827391.250000
7273    -1827392.375000
7274    -1827393.250000
7275    -1827394.250000
7276    -1827395.375000
7277    -1827396.500000
7278    -1827397.625000
7279    -1827398.500000
7280    -1827399.750000
7281    -1827400.875000
7282    -1827402.000000
7283    -1827403.000000
7284    -1827404.125000
7285    -1827405.375000
7286    -1827406.250000
7287    -1827407.500000
7288    -1827408.500000
7289    -1827409.625000
7290    -1827410.500000
7291    -1827411.750000
7292    -1827412.625000
7293    -1827414.000000
7294    -1827415.000000
7295    -1827416.250000
7296    -1827417.000000
7297    -1827418.125000
7298    -1827419.250000
7299    -1827420.250000
7300    -1827421.500000
7301    -1827422.500000
7302    -1827423.625000
7303    -1827424.750000
7304    -1827425.750000
7305    -1827427.000000
7306    -1827428.125000
7307    -1827429.000000
7308    -1827430.125000
7309    -1827431.250000
7310    -1827432.000000
7311    -1827433.250000
7312    -1827434.375000
7313    -1827435.500000
7314    -1827436.500000
7315    -1827437.500000
7316    -1827438.750000
7317    -1827439.500000
7318    -1827440.750000
7319    -1827442.000000
7320    -1827442.875000
7321    -1827444.000000
7322    -1827445.000000
7323    -1827446.000000
7324    -1827447.250000
7325    -1827448.250000
7326    -1827449.250000
7327    -1827450.375000
7328    -1827451.375000
7329    -1827452.500000
7330    -1827453.500000
7331    -1827454.500000
7332    -1827455.500000
7333    -1827456.625000
7334    -1827457.375000
7335    -1827458.875000
7336    -1827459.750000
7337    -1827460.750000
7338    -1827461.750000
7339    -1827462.750000
7340    -1827464.000000
7341    -1827464.750000
7342    -1827466.000000
7343    -1827467.000000
7344    -1827467.750000
7345    -1827469.000000
7346    -1827470.125000
7347    -1827471.000000
7348    -1827472.000000
7349    -1827473.000000
7350    -1827474.000000
7351    -1827475.000000
7352    -1827476.250000
7353    -1827477.250000
7354    -1827478.000000
7355    -1827479.250000
7356    -1827480.250000
7357    -1827481.625000
7358    -1827482.375000
7359    -1827483.250000
7360    -1827484.250000
7361    -1827485.250000
7362    -1827486.500000
7363    -1827487.500000
7364    -1827488.500000
7365    -1827489.500000
7366    -1827490.250000
7367    -1827491.500000
7368    -1827492.750000
7369    -1827493.500000
7370    -1827494.625000
7371    -1827495.500000
7372    -1827496.625000
7373    -1827497.750000
7374    -1827498.875000
7375    -1827499.750000
7376    -1827500.625000
7377    -1827501.750000
7378    -1827502.750000
7379    -1827503.750000
7380    -1827504.875000
7381    -1827505.750000
7382    -1827507.000000
7383    -1827507.750000
7384    -1827508.875000
7385    -1827509.750000
7386    -1827511.000000
7387    -1827512.000000
7388    -1827513.000000
7389    -1827514.000000
7390    -1827515.125000
7391    -1827516.250000
7392    -1827517.250000
7393    -1827518.250000
7394    -1827519.500000
7395    -1827520.250000
7396    -1827521.375000
7397    -1827522.250000
7398    -1827523.500000
7399    -1827524.625000
7400    -1827525.500000
7401    -1827526.625000
7402    -1827527.750000
7403    -1827528.750000
7404    -1827529.875000
7405    -1827531.000000
7406    -1827531.750000
7407    -1827532.750000
7408    -1827534.000000
7409    -1827534.875000
7410    -1827536.000000
7411    -1827537.000000
7412    -1827538.250000
7413    -1827539.250000
7414    -1827540.250000
7415    -1827541.250000
7416    -1827542.500000
7417    -1827543.500000
7418    -1827544.625000
7419    -1827545.500000
7420    -1827546.750000
7421    -1827547.625000
7422    -1827548.875000
7423    -1827550.125000
7424    -1827551.000000
7425    -1827552.250000
7426    -1827553.250000
7427    -1827554.250000
7428    -1827555.250000
7429    -1827556.500000
7430    -1827557.500000
7431    -1827558.500000
7432    -1827559.875000
7433    -1827560.875000
7434    -1827562.000000
7435    -1827563.000000
7436    -1827564.125000
7437    -1827565.250000
7438    -1827566.250000
7439    -1827567.750000
7440    -1827568.750000
7441    -1827569.750000
7442    -1827571.000000
7443    -1827572.000000
7444    -1827573.250000
7445    -1827574.500000
7446    -1827575.500000
7447    -1827576.500000
7448    -1827578.000000
7449    -1827578.750000
7450    -1827580.250000
7451    -1827581.500000
7452    -1827582.625000
7453    -1827583.750000
7454    -1827584.750000
7455    -1827586.250000
7456    -1827587.125000
7457    -1827588.375000
7458    -1827589.500000
7459    -1827590.875000
7460    -1827592.000000
7461    -1827593.125000
7462    -1827594.500000
7463    -1827595.750000
7464    -1827596.750000
7465    -1827598.125000
7466    -1827599.250000
7467    -1827600.500000
7468    -1827601.750000
7469    -1827602.750000
7470    -1827604.125000
7471    -1827605.250000
7472    -1827606.625000
7473    -1827607.875000
7474    -1827609.125000
7475    -1827610.125000
7476    -1827611.750000
7477    -1827612.750000
7478    -1827614.250000
7479    -1827615.250000
7480    -1827616.500000
7481    -1827617.750000
7482    -1827619.000000
7483    -1827620.250000
7484    -1827621.500000
7485    -1827623.000000
7486    -1827624.250000
7487    -1827625.375000
7488    -1827626.750000
7489    -1827628.000000
7490    -1827629.000000
7491    -1827630.500000
7492    -1827631.750000
7493    -1827633.250000
7494    -1827634.500000
7495    -1827635.750000
7496    -1827637.000000
7497    -1827638.500000
7498    -1827639.750000
7499    -1827641.000000
7500    -1827642.500000
7501    -1827643.750000
7502    -1827645.125000
7503    -1827646.125000
7504    -1827647.750000
7505    -1827649.000000
7506    -1827650.250000
7507    -1827651.750000
7508    -1827653.125000
7509    -1827654.500000
7510    -1827655.750000
7511    -1827656.875000
7512    -1827658.375000
7513    -1827659.750000
7514    -1827661.250000
7515    -1827662.500000
7516    -1827664.000000
7517    -1827665.250000
7518    -1827666.750000
7519    -1827668.000000
7520    -1827669.500000
7521    -1827670.750000
7522    -1827672.250000
7523    -1827673.500000
7524    -1827674.875000
7525    -1827676.375000
7526    -1827677.750000
7527    -1827679.125000
7528    -1827680.500000
7529    -1827681.750000
7530    -1827683.625000
7531    -1827684.750000
7532    -1827686.250000
7533    -1827687.750000
7534    -1827689.000000
7535    -1827690.500000
7536    -1827691.875000
7537    -1827693.250000
7538    -1827694.750000
7539    -1827696.250000
7540    -1827697.625000
7541    -1827698.750000
7542    -1827700.500000
7543    -1827701.750000
7544    -1827703.250000
7545    -1827704.750000
7546    -1827706.000000
7547    -1827707.750000
7548    -1827709.250000
7549    -1827710.750000
7550    -1827712.000000
7551    -1827713.625000
7552    -1827715.000000
7553    -1827716.500000
7554    -1827718.000000
7555    -1827719.500000
7556    -1827720.750000
7557    -1827722.375000
7558    -1827723.750000
7559    -1827725.250000
7560    -1827726.750000
7561    -1827728.250000
7562    -1827729.625000
7563    -1827731.250000
7564    -1827733.000000
7565    -1827734.500000
7566    -1827736.000000
7567    -1827737.500000
7568    -1827739.000000
7569    -1827740.500000
7570    -1827742.000000
7571    -1827743.750000
7572    -1827745.000000
7573    -1827746.500000
7574    -1827748.000000
7575    -1827749.625000
7576    -1827751.250000
7577    -1827752.750000
7578    -1827754.250000
7579    -1827755.875000
7580    -1827757.250000
7581    -1827759.000000
7582    -1827760.625000
7583    -1827762.250000
7584    -1827763.625000
7585    -1827765.250000
7586    -1827766.750000
7587    -1827768.375000
7588    -1827770.000000
7589    -1827771.625000
7590    -1827773.000000
7591    -1827774.750000
7592    -1827776.375000
7593    -1827778.000000
7594    -1827779.500000
7595    -1827781.250000
7596    -1827782.750000
7597    -1827784.375000
7598    -1827785.875000
7599    -1827787.500000
7600    -1827789.000000
7601    -1827790.750000
7602    -1827792.125000
7603    -1827793.750000
7604    -1827795.500000
7605    -1827797.125000
7606    -1827798.625000
7607    -1827800.250000
7608    -1827801.875000
7609    -1827803.250000
7610    -1827805.000000
7611    -1827806.500000
7612    -1827808.250000
7613    -1827809.750000
7614    -1827811.250000
7615    -1827813.000000
7616    -1827814.500000
7617    -1827816.125000
7618    -1827817.750000
7619    -1827819.250000
7620    -1827821.000000
7621    -1827822.750000
7622    -1827824.250000
7623    -1827825.625000
7624    -1827827.375000
7625    -1827829.000000
7626    -1827830.375000
7627    -1827832.125000
7628    -1827833.750000
7629    -1827835.375000
7630    -1827836.875000
7631    -1827838.375000
7632    -1827840.000000
7633    -1827841.750000
7634    -1827843.250000
7635    -1827844.500000
7636    -1827846.375000
7637    -1827847.875000
7638    -1827849.500000
7639    -1827851.250000
7640    -1827852.750000
7641    -1827854.250000
7642    -1827855.875000
7643    -1827857.500000
7644    -1827859.000000
7645    -1827860.750000
7646    -1827862.250000
7647    -1827863.625000
7648    -1827865.500000
7649    -1827867.125000
7650    -1827868.375000
7651    -1827870.000000
7652    -1827871.750000
7653    -1827873.000000
7654    -1827874.750000
7655    -1827876.250000
7656    -1827877.750000
7657    -1827879.250000
7658    -1827880.875000
7659    -1827882.500000
7660    -1827884.000000
7661    -1827885.625000
7662    -1827887.250000
7663    -1827888.625000
7664    -1827890.250000
7665    -1827891.750000
7666    -1827893.250000
7667    -1827894.750000
7668    -1827896.250000
7669    -1827897.875000
7670    -1827899.375000
7671    -1827900.875000
7672    -1827902.250000
7673    -1827903.875000
7674    -1827905.375000
7675    -1827907.000000
7676    -1827908.500000
7677    -1827909.875000
7678    -1827911.375000
7679    -1827913.000000
7680    -1827914.500000
7681    -1827916.000000
7682    -1827917.500000
7683    -1827918.875000
7684    -1827920.500000
7685    -1827922.000000
7686    -1827923.375000
7687    -1827924.875000
7688    -1827926.500000
7689    -1827928.250000
7690    -1827929.500000
7691    -1827931.125000
7692    -1827932.500000
7693    -1827933.875000
7694    -1827935.250000
7695    -1827936.750000
7696    -1827938.500000
7697    -1827939.875000
7698    -1827941.500000
7699    -1827942.750000
7700    -1827944.375000
7701    -1827946.000000
7702    -1827947.250000
7703    -1827948.750000
7704    -1827950.375000
7705    -1827951.750000
7706    -1827953.250000
7707    -1827954.625000
7708    -1827956.250000
7709    -1827957.500000
7710    -1827959.000000
7711    -1827960.250000
7712    -1827961.750000
7713    -1827963.500000
7714    -1827964.750000
7715    -1827966.375000
7716    -1827967.750000
7717    -1827969.250000
7718    -1827971.000000
7719    -1827972.250000
7720    -1827973.500000
7721    -1827975.000000
7722    -1827976.750000
7723    -1827978.125000
7724    -1827979.500000
7725    -1827981.000000
7726    -1827982.250000
7727    -1827983.875000
7728    -1827985.250000
7729    -1827986.500000
7730    -1827988.125000
7731    -1827989.500000
7732    -1827991.000000
7733    -1827992.500000
7734    -1827994.125000
7735    -1827995.500000
7736    -1827997.000000
7737    -1827998.250000
7738    -1827999.750000
7739    -1828001.250000
7740    -1828002.500000
7741    -1828004.000000
7742    -1828005.500000
7743    -1828006.750000
7744    -1828008.250000
7745    -1828009.750000
7746    -1828011.250000
7747    -1828012.625000
7748    -1828014.000000
7749    -1828015.375000
7750    -1828016.750000
7751    -1828018.250000
7752    -1828019.500000
7753    -1828021.000000
7754    -1828022.625000
7755    -1828023.875000
7756    -1828025.250000
7757    -1828026.750000
7758    -1828028.125000
7759    -1828029.500000
7760    -1828031.000000
7761    -1828032.250000
7762    -1828033.625000
7763    -1828035.000000
7764    -1828036.500000
7765    -1828038.000000
7766    -1828039.375000
7767    -1828040.750000
7768    -1828042.250000
7769    -1828043.500000
7770    -1828045.000000
7771    -1828046.000000
7772    -1828047.625000
7773    -1828049.125000
7774    -1828050.250000
7775    -1828051.500000
7776    -1828053.000000
7777    -1828054.375000
7778    -1828055.500000
7779    -1828057.250000
7780    -1828058.250000
7781    -1828059.750000
7782    -1828061.000000
7783    -1828062.375000
7784    -1828063.625000
7785    -1828065.000000
7786    -1828066.250000
7787    -1828067.625000
7788    -1828068.750000
7789    -1828070.250000
7790    -1828071.375000
7791    -1828073.000000
7792    -1828074.250000
7793    -1828075.500000
7794    -1828077.000000
7795    -1828078.250000
7796    -1828079.500000
7797    -1828080.750000
7798    -1828082.000000
7799    -1828083.250000
7800    -1828084.625000
7801    -1828085.875000
7802    -1828087.250000
7803    -1828088.625000
7804    -1828089.875000
7805    -1828091.000000
7806    -1828092.500000
7807    -1828093.625000
7808    -1828094.875000
7809    -1828096.250000
7810    -1828097.625000
7811    -1828098.750000
7812    -1828100.000000
7813    -1828101.500000
7814    -1828102.750000
7815    -1828104.000000
7816    -1828105.125000
7817    -1828106.500000
7818    -1828107.875000
7819    -1828109.000000
7820    -1828110.250000
7821    -1828111.500000
7822    -1828112.500000
7823    -1828113.875000
7824    -1828115.250000
7825    -1828116.000000
7826    -1828117.500000
7827    -1828118.500000
7828    -1828119.750000
7829    -1828120.875000
7830    -1828122.125000
7831    -1828123.250000
7832    -1828124.500000
7833    -1828125.750000
7834    -1828127.000000
7835    -1828128.125000
7836    -1828129.250000
7837    -1828130.500000
7838    -1828131.625000
7839    -1828132.750000
7840    -1828134.000000
7841    -1828135.000000
7842    -1828136.250000
7843    -1828137.625000
7844    -1828138.750000
7845    -1828139.875000
7846    -1828141.000000
7847    -1828142.125000
7848    -1828143.250000
7849    -1828144.625000
7850    -1828145.500000
7851    -1828146.750000
7852    -1828148.000000
7853    -1828149.250000
7854    -1828150.250000
7855    -1828151.500000
7856    -1828152.750000
7857    -1828153.750000
7858    -1828155.000000
7859    -1828156.125000
7860    -1828157.250000
7861    -1828158.500000
7862    -1828159.500000
7863    -1828160.875000
7864    -1828161.750000
7865    -1828163.000000
7866    -1828164.125000
7867    -1828165.250000
7868    -1828166.375000
7869    -1828167.750000
7870    -1828168.750000
7871    -1828169.875000
7872    -1828170.750000
7873    -1828172.250000
7874    -1828173.250000
7875    -1828174.375000
7876    -1828175.500000
7877    -1828176.750000
7878    -1828177.750000
7879    -1828178.875000
7880    -1828180.125000
7881    -1828181.000000
7882    -1828182.250000
7883    -1828183.250000
7884    -1828184.375000
7885    -1828185.500000
7886    -1828186.625000
7887    -1828187.875000
7888    -1828189.000000
7889    -1828189.875000
7890    -1828191.125000
7891    -1828192.250000
7892    -1828193.250000
7893    -1828194.375000
7894    -1828195.625000
7895    -1828196.750000
7896    -1828197.750000
7897    -1828199.000000
7898    -1828199.875000
7899    -1828201.000000
7900    -1828202.125000
7901    -1828203.375000
7902    -1828204.250000
7903    -1828205.375000
7904    -1828206.500000
7905    -1828207.625000
7906    -1828208.500000
7907    -1828209.875000
7908    -1828211.000000
7909    -1828212.000000
7910    -1828213.000000
7911    -1828214.250000
7912    -1828215.250000
7913    -1828216.500000
7914    -1828217.500000
7915    -1828218.750000
7916    -1828219.750000
7917    -1828221.000000
7918    -1828222.125000
7919    -1828223.250000
7920    -1828224.250000
7921    -1828225.250000
7922    -1828226.500000
7923    -1828227.375000
7924    -1828228.375000
7925    -1828229.750000
7926    -1828230.625000
7927    -1828232.000000
7928    -1828232.750000
7929    -1828233.750000
7930    -1828234.875000
7931    -1828235.875000
7932    -1828237.125000
7933    -1828238.250000
7934    -1828239.125000
7935    -1828240.250000
7936    -1828241.500000
7937    -1828242.375000
7938    -1828243.500000
7939    -1828244.750000
7940    -1828245.625000
7941    -1828246.875000
7942    -1828247.750000
7943    -1828248.875000
7944    -1828249.750000
7945    -1828250.875000
7946    -1828252.000000
7947    -1828253.000000
7948    -1828254.125000
7949    -1828255.000000
7950    -1828256.250000
7951    -1828257.000000
7952    -1828258.250000
7953    -1828259.250000
7954    -1828260.125000
7955    -1828261.375000
7956    -1828262.625000
7957    -1828263.250000
7958    -1828264.375000
7959    -1828265.500000
7960    -1828266.500000
7961    -1828267.500000
7962    -1828268.500000
7963    -1828269.750000
7964    -1828270.500000
7965    -1828271.625000
7966    -1828272.875000
7967    -1828273.750000
7968    -1828274.875000
7969    -1828275.625000
7970    -1828276.750000
7971    -1828277.875000
7972    -1828279.000000
7973    -1828279.875000
7974    -1828281.000000
7975    -1828282.000000
7976    -1828283.000000
7977    -1828284.250000
7978    -1828285.250000
7979    -1828286.000000
7980    -1828287.250000
7981    -1828288.125000
7982    -1828289.000000
7983    -1828290.125000
7984    -1828291.000000
7985    -1828292.125000
7986    -1828293.000000
7987    -1828294.000000
7988    -1828295.125000
7989    -1828295.750000
7990    -1828297.125000
7991    -1828298.000000
7992    -1828299.000000
7993    -1828300.000000
7994    -1828301.000000
7995    -1828302.000000
7996    -1828302.750000
7997    -1828303.875000
7998    -1828304.875000
7999    -1828305.750000
8000    -1828307.125000
8001    -1828307.875000
8002    -1828308.625000
8003    -1828309.750000
8004    -1828310.750000
8005    -1828311.625000
8006    -1828312.750000
8007    -1828313.500000
8008    -1828314.625000
8009    -1828315.500000
8010    -1828316.500000
8011    -1828317.375000
8012    -1828318.250000
8013    -1828319.250000
8014    -1828320.375000
8015    -1828321.250000
8016    -1828321.875000
8017    -1828323.125000
8018    -1828324.000000
8019    -1828324.750000
8020    -1828325.875000
8021    -1828326.875000
8022    -1828327.750000
8023    -1828328.250000
8024    -1828329.250000
8025    -1828330.375000
8026    -1828331.250000
8027    -1828332.125000
8028    -1828333.000000
8029    -1828334.000000
8030    -1828334.750000
8031    -1828335.875000
8032    -1828336.625000
8033    -1828337.500000
8034    -1828338.250000
8035    -1828339.125000
8036    -1828340.000000
8037    -1828341.000000
8038    -1828341.750000
8039    -1828342.750000
8040    -1828343.375000
8041    -1828344.500000
8042    -1828345.000000
8043    -1828346.000000
8044    -1828346.875000
8045    -1828347.500000
8046    -1828348.250000
8047    -1828349.375000
8048    -1828350.000000
8049    -1828350.750000
8050    -1828351.750000
8051    -1828352.375000
8052    -1828353.250000
8053    -1828354.250000
8054    -1828355.000000
8055    -1828355.750000
8056    -1828356.625000
8057    -1828357.250000
8058    -1828358.000000
8059    -1828359.000000
8060    -1828359.875000
8061    -1828360.500000
8062    -1828361.250000
8063    -1828362.125000
8064    -1828363.000000
8065    -1828363.750000
8066    -1828364.625000
8067    -1828365.500000
8068    -1828366.125000
8069    -1828367.000000
8070    -1828367.875000
8071    -1828368.750000
8072    -1828369.500000
8073    -1828370.000000
8074    -1828371.000000
8075    -1828371.500000
8076    -1828372.375000
8077    -1828373.500000
8078    -1828374.000000
8079    -1828375.125000
8080    -1828375.750000
8081    -1828376.375000
8082    -1828377.250000
8083    -1828378.000000
8084    -1828378.750000
8085    -1828379.500000
8086    -1828380.375000
8087    -1828381.250000
8088    -1828382.000000
8089    -1828383.000000
8090    -1828383.500000
8091    -1828384.375000
8092    -1828385.250000
8093    -1828386.000000
8094    -1828386.750000
8095    -1828387.750000
8096    -1828388.250000
8097    -1828389.250000
8098    -1828390.000000
8099    -1828390.750000
8100    -1828391.625000
8101    -1828392.125000
8102    -1828393.250000
8103    -1828394.000000
8104    -1828394.750000
8105    -1828395.750000
8106    -1828396.250000
8107    -1828397.375000
8108    -1828398.250000
8109    -1828399.125000
8110    -1828399.500000
8111    -1828400.625000
8112    -1828401.250000
8113    -1828402.250000
8114    -1828403.250000
8115    -1828403.625000
8116    -1828404.750000
8117    -1828405.625000
8118    -1828406.500000
8119    -1828407.000000
8120    -1828407.875000
8121    -1828408.875000
8122    -1828409.750000
8123    -1828410.625000
8124    -1828411.500000
8125    -1828412.500000
8126    -1828413.250000
8127    -1828414.000000
8128    -1828414.750000
8129    -1828415.500000
8130    -1828416.250000
8131    -1828417.375000
8132    -1828418.125000
8133    -1828418.875000
8134    -1828419.750000
8135    -1828420.750000
8136    -1828421.375000
8137    -1828422.375000
8138    -1828423.375000
8139    -1828424.250000
8140    -1828425.000000
8141    -1828425.875000
8142    -1828426.875000
8143    -1828427.750000
8144    -1828428.625000
8145    -1828429.250000
8146    -1828430.125000
8147    -1828431.125000
8148    -1828431.875000
8149    -1828433.000000
8150    -1828433.500000
8151    -1828434.625000
8152    -1828435.625000
8153    -1828436.375000
8154    -1828437.000000
8155    -1828438.000000
8156    -1828439.000000
8157    -1828439.875000
8158    -1828441.000000
8159    -1828441.750000
8160    -1828442.500000
8161    -1828443.500000
8162    -1828444.625000
8163    -1828445.375000
8164    -1828446.250000
8165    -1828447.000000
8166    -1828448.250000
8167    -1828449.125000
8168    -1828450.000000
8169    -1828450.750000
8170    -1828452.000000
8171    -1828452.625000
8172    -1828453.500000
8173    -1828454.750000
8174    -1828455.500000
8175    -1828456.500000
8176    -1828457.250000
8177    -1828458.375000
8178    -1828459.375000
8179    -1828460.000000
8180    -1828461.000000
8181    -1828461.875000
8182    -1828463.125000
8183    -1828463.750000
8184    -1828464.875000
8185    -1828465.875000
8186    -1828466.750000
8187    -1828467.625000
8188    -1828468.750000
8189    -1828469.500000
8190    -1828470.750000
8191    -1828471.500000
8192    -1828472.625000
8193    -1828473.750000
8194    -1828474.625000
8195    -1828475.375000
8196    -1828476.500000
8197    -1828477.250000
8198    -1828478.500000
8199    -1828479.500000
8200    -1828480.375000
8201    -1828481.375000
8202    -1828482.500000
8203    -1828483.500000
8204    -1828484.250000
8205    -1828485.500000
8206    -1828486.500000
8207    -1828487.500000
8208    -1828488.500000
8209    -1828489.500000
8210    -1828490.500000
8211    -1828491.500000
8212    -1828492.750000
8213    -1828493.500000
8214    -1828494.750000
8215    -1828495.500000
8216    -1828496.500000
8217    -1828497.500000
8218    -1828498.750000
8219    -1828499.625000
8220    -1828500.625000
8221    -1828501.875000
8222    -1828502.750000
8223    -1828503.750000
8224    -1828504.875000
8225    -1828505.875000
8226    -1828507.000000
8227    -1828507.875000
8228    -1828509.000000
8229    -1828510.250000
8230    -1828511.000000
8231    -1828512.250000
8232    -1828513.250000
8233    -1828514.250000
8234    -1828515.375000
8235    -1828516.500000
8236    -1828517.500000
8237    -1828518.500000
8238    -1828519.750000
8239    -1828520.500000
8240    -1828521.625000
8241    -1828522.750000
8242    -1828523.750000
8243    -1828524.750000
8244    -1828525.750000
8245    -1828527.000000
8246    -1828528.000000
8247    -1828529.000000
8248    -1828530.125000
8249    -1828531.250000
8250    -1828532.250000
8251    -1828533.250000
8252    -1828534.500000
8253    -1828535.375000
8254    -1828536.625000
8255    -1828537.750000
8256    -1828538.750000
8257    -1828540.000000
8258    -1828540.750000
8259    -1828541.750000
8260    -1828543.125000
8261    -1828544.000000
8262    -1828545.000000
8263    -1828546.250000
8264    -1828547.125000
8265    -1828548.000000
8266    -1828549.250000
8267    -1828550.500000
8268    -1828551.625000
8269    -1828552.625000
8270    -1828553.625000
8271    -1828554.750000
8272    -1828555.625000
8273    -1828556.750000
8274    -1828558.000000
8275    -1828559.250000
8276    -1828560.250000
8277    -1828561.375000
8278    -1828562.500000
8279    -1828563.250000
8280    -1828564.250000
8281    -1828565.500000
8282    -1828566.500000
8283    -1828567.875000
8284    -1828568.750000
8285    -1828570.125000
8286    -1828570.875000
8287    -1828571.750000
8288    -1828573.000000
8289    -1828574.125000
8290    -1828575.250000
8291    -1828576.250000
8292    -1828577.500000
8293    -1828578.500000
8294    -1828579.750000
8295    -1828580.625000
8296    -1828581.500000
8297    -1828582.750000
8298    -1828584.250000
8299    -1828584.750000
8300    -1828585.875000
8301    -1828587.000000
8302    -1828588.250000
8303    -1828589.250000
8304    -1828590.250000
8305    -1828591.250000
8306    -1828592.500000
8307    -1828593.500000
8308    -1828594.500000
8309    -1828595.625000
8310    -1828596.625000
8311    -1828597.625000
8312    -1828598.625000
8313    -1828599.750000
8314    -1828600.750000
8315    -1828601.750000
8316    -1828603.125000
8317    -1828604.250000
8318    -1828605.250000
8319    -1828606.250000
8320    -1828607.375000
8321    -1828608.250000
8322    -1828609.250000
8323    -1828610.500000
8324    -1828611.750000
8325    -1828612.500000
8326    -1828613.750000
8327    -1828614.750000
8328    -1828616.000000
8329    -1828617.125000
8330    -1828618.125000
8331    -1828619.250000
8332    -1828620.250000
8333    -1828621.250000
8334    -1828622.375000
8335    -1828623.250000
8336    -1828624.250000
8337    -1828625.375000
8338    -1828626.500000
8339    -1828627.500000
8340    -1828628.500000
8341    -1828629.750000
8342    -1828630.875000
8343    -1828632.000000
8344    -1828633.000000
8345    -1828634.000000
8346    -1828635.250000
8347    -1828636.125000
8348    -1828637.250000
8349    -1828638.125000
8350    -1828639.250000
8351    -1828640.250000
8352    -1828641.250000
8353    -1828642.375000
8354    -1828643.500000
8355    -1828644.500000
8356    -1828645.625000
8357    -1828646.375000
8358    -1828647.250000
8359    -1828648.500000
8360    -1828649.500000
8361    -1828650.750000
8362    -1828651.750000
8363    -1828652.750000
8364    -1828653.625000
8365    -1828654.750000
8366    -1828655.750000
8367    -1828657.000000
8368    -1828657.750000
8369    -1828658.750000
8370    -1828659.875000
8371    -1828661.000000
8372    -1828661.875000
8373    -1828663.000000
8374    -1828664.125000
8375    -1828665.250000
8376    -1828666.125000
8377    -1828667.250000
8378    -1828668.125000
8379    -1828669.375000
8380    -1828670.125000
8381    -1828671.250000
8382    -1828672.250000
8383    -1828673.500000
8384    -1828674.250000
8385    -1828675.250000
8386    -1828676.500000
8387    -1828677.500000
8388    -1828678.500000
8389    -1828679.625000
8390    -1828680.625000
8391    -1828681.375000
8392    -1828682.500000
8393    -1828683.500000
8394    -1828684.625000
8395    -1828685.750000
8396    -1828686.625000
8397    -1828687.750000
8398    -1828688.625000
8399    -1828689.625000
8400    -1828690.625000
8401    -1828691.625000
8402    -1828692.750000
8403    -1828693.875000
8404    -1828694.875000
8405    -1828695.875000
8406    -1828696.875000
8407    -1828697.875000
8408    -1828699.000000
8409    -1828700.000000
8410    -1828701.000000
8411    -1828702.000000
8412    -1828703.000000
8413    -1828704.000000
8414    -1828705.000000
8415    -1828706.125000
8416    -1828706.875000
8417    -1828708.000000
8418    -1828709.000000
8419    -1828709.875000
8420    -1828711.250000
8421    -1828712.000000
8422    -1828713.000000
8423    -1828714.250000
8424    -1828715.000000
8425    -1828716.250000
8426    -1828717.125000
8427    -1828718.250000
8428    -1828719.125000
8429    -1828720.250000
8430    -1828721.250000
8431    -1828722.250000
8432    -1828723.250000
8433    -1828724.250000
8434    -1828725.125000
8435    -1828726.250000
8436    -1828727.250000
8437    -1828728.250000
8438    -1828729.250000
8439    -1828730.250000
8440    -1828731.250000
8441    -1828732.000000
8442    -1828733.250000
8443    -1828734.250000
8444    -1828735.125000
8445    -1828736.000000
8446    -1828737.250000
8447    -1828737.875000
8448    -1828739.000000
8449    -1828740.125000
8450    -1828741.000000
8451    -1828741.750000
8452    -1828743.125000
8453    -1828744.000000
8454    -1828745.000000
8455    -1828745.875000
8456    -1828746.875000
8457    -1828748.000000
8458    -1828748.750000
8459    -1828749.750000
8460    -1828750.500000
8461    -1828751.750000
8462    -1828752.500000
8463    -1828753.750000
8464    -1828754.750000
8465    -1828755.500000
8466    -1828756.500000
8467    -1828757.500000
8468    -1828758.500000
8469    -1828759.250000
8470    -1828760.375000
8471    -1828761.500000
8472    -1828762.250000
8473    -1828763.250000
8474    -1828764.250000
8475    -1828765.125000
8476    -1828766.000000
8477    -1828767.250000
8478    -1828768.000000
8479    -1828769.000000
8480    -1828769.750000
8481    -1828770.750000
8482    -1828771.750000
8483    -1828772.500000
8484    -1828773.500000
8485    -1828774.250000
8486    -1828775.375000
8487    -1828776.125000
8488    -1828777.250000
8489    -1828778.000000
8490    -1828778.750000
8491    -1828779.750000
8492    -1828780.750000
8493    -1828781.625000
8494    -1828782.375000
8495    -1828783.250000
8496    -1828784.125000
8497    -1828785.000000
8498    -1828785.750000
8499    -1828786.750000
8500    -1828787.625000
8501    -1828788.500000
8502    -1828789.500000
8503    -1828790.375000
8504    -1828791.250000
8505    -1828792.250000
8506    -1828793.000000
8507    -1828793.750000
8508    -1828794.500000
8509    -1828795.375000
8510    -1828796.125000
8511    -1828797.000000
8512    -1828797.750000
8513    -1828798.750000
8514    -1828799.625000
8515    -1828800.750000
8516    -1828801.375000
8517    -1828802.375000
8518    -1828803.000000
8519    -1828803.750000
8520    -1828804.750000
8521    -1828805.500000
8522    -1828806.250000
8523    -1828807.000000
8524    -1828808.000000
8525    -1828809.000000
8526    -1828809.750000
8527    -1828810.500000
8528    -1828811.375000
8529    -1828812.250000
8530    -1828812.875000
8531    -1828813.750000
8532    -1828814.625000
8533    -1828815.500000
8534    -1828816.250000
8535    -1828817.000000
8536    -1828817.625000
8537    -1828818.250000
8538    -1828819.375000
8539    -1828820.125000
8540    -1828821.000000
8541    -1828821.875000
8542    -1828822.750000
8543    -1828823.375000
8544    -1828824.375000
8545    -1828824.750000
8546    -1828825.500000
8547    -1828826.500000
8548    -1828827.250000
8549    -1828828.125000
8550    -1828829.000000
8551    -1828829.500000
8552    -1828830.500000
8553    -1828831.250000
8554    -1828832.000000
8555    -1828832.750000
8556    -1828833.375000
8557    -1828834.500000
8558    -1828835.250000
8559    -1828835.875000
8560    -1828836.750000
8561    -1828837.500000
8562    -1828838.375000
8563    -1828839.000000
8564    -1828839.750000
8565    -1828840.500000
8566    -1828841.250000
8567    -1828842.000000
8568    -1828842.875000
8569    -1828843.750000
8570    -1828844.250000
8571    -1828845.000000
8572    -1828845.875000
8573    -1828846.500000
8574    -1828847.375000
8575    -1828848.250000
8576    -1828849.000000
8577    -1828849.500000
8578    -1828850.500000
8579    -1828851.250000
8580    -1828852.000000
8581    -1828852.625000
8582    -1828853.750000
8583    -1828854.250000
8584    -1828855.000000
8585    -1828855.875000
8586    -1828856.750000
8587    -1828857.250000
8588    -1828858.000000
8589    -1828858.750000
8590    -1828859.625000
8591    -1828860.500000
8592    -1828861.250000
8593    -1828861.750000
8594    -1828863.000000
8595    -1828863.500000
8596    -1828864.000000
8597    -1828865.250000
8598    -1828866.000000
8599    -1828866.625000
8600    -1828867.375000
8601    -1828868.125000
8602    -1828869.000000
8603    -1828869.750000
8604    -1828870.500000
8605    -1828871.125000
8606    -1828872.000000
8607    -1828872.625000
8608    -1828873.375000
8609    -1828874.375000
8610    -1828875.375000
8611    -1828875.750000
8612    -1828876.625000
8613    -1828877.375000
8614    -1828878.500000
8615    -1828879.000000
8616    -1828879.625000
8617    -1828880.625000
8618    -1828881.500000
8619    -1828882.125000
8620    -1828883.000000
8621    -1828884.000000
8622    -1828884.500000
8623    -1828885.375000
8624    -1828886.250000
8625    -1828887.000000
8626    -1828887.875000
8627    -1828888.500000
8628    -1828889.500000
8629    -1828890.000000
8630    -1828891.000000
8631    -1828891.750000
8632    -1828892.375000
8633    -1828893.500000
8634    -1828894.250000
8635    -1828895.000000
8636    -1828895.875000
8637    -1828896.875000
8638    -1828897.500000
8639    -1828898.125000
8640    -1828899.250000
8641    -1828899.750000
8642    -1828900.875000
8643    -1828901.375000
8644    -1828902.250000
8645    -1828903.250000
8646    -1828904.000000
8647    -1828905.000000
8648    -1828905.500000
8649    -1828906.375000
8650    -1828907.000000
8651    -1828908.125000
8652    -1828909.000000
8653    -1828909.750000
8654    -1828910.500000
8655    -1828911.375000
8656    -1828912.125000
8657    -1828913.000000
8658    -1828914.125000
8659    -1828914.625000
8660    -1828915.625000
8661    -1828916.375000
8662    -1828917.250000
8663    -1828918.000000
8664    -1828919.125000
8665    -1828919.625000
8666    -1828920.750000
8667    -1828921.250000
8668    -1828922.500000
8669    -1828923.250000
8670    -1828924.000000
8671    -1828924.875000
8672    -1828925.750000
8673    -1828926.500000
8674    -1828927.625000
8675    -1828928.250000
8676    -1828928.875000
8677    -1828929.875000
8678    -1828930.750000
8679    -1828931.750000
8680    -1828932.625000
8681    -1828933.250000
8682    -1828934.250000
8683    -1828935.250000
8684    -1828935.875000
8685    -1828937.000000
8686    -1828937.750000
8687    -1828938.500000
8688    -1828939.500000
8689    -1828940.250000
8690    -1828941.000000
8691    -1828942.000000
8692    -1828942.875000
8693    -1828943.750000
8694    -1828944.500000
8695    -1828945.500000
8696    -1828946.250000
8697    -1828947.500000
8698    -1828948.000000
8699    -1828948.875000
8700    -1828949.625000
8701    -1828950.625000
8702    -1828951.625000
8703    -1828952.250000
8704    -1828953.250000
8705    -1828954.125000
8706    -1828955.000000
8707    -1828955.750000
8708    -1828956.500000
8709    -1828957.500000
8710    -1828958.375000
8711    -1828959.375000
8712    -1828960.000000
8713    -1828961.000000
8714    -1828961.750000
8715    -1828962.500000
8716    -1828963.625000
8717    -1828964.375000
8718    -1828965.250000
8719    -1828966.250000
8720    -1828967.000000
8721    -1828968.000000
8722    -1828968.875000
8723    -1828969.625000
8724    -1828970.250000
8725    -1828971.375000
8726    -1828972.250000
8727    -1828973.125000
8728    -1828974.000000
8729    -1828974.750000
8730    -1828975.750000
8731    -1828976.625000
8732    -1828977.500000
8733    -1828978.375000
8734    -1828979.250000
8735    -1828980.125000
8736    -1828981.250000
8737    -1828981.875000
8738    -1828982.750000
8739    -1828983.750000
8740    -1828984.625000
8741    -1828985.500000
8742    -1828986.500000
8743    -1828987.500000
8744    -1828988.250000
8745    -1828989.250000
8746    -1828990.000000
8747    -1828991.000000
8748    -1828992.000000
8749    -1828992.875000
8750    -1828993.750000
8751    -1828994.750000
8752    -1828995.750000
8753    -1828996.625000
8754    -1828997.500000
8755    -1828998.250000
8756    -1828999.500000
8757    -1829000.500000
8758    -1829001.250000
8759    -1829002.250000
8760    -1829003.375000
8761    -1829004.125000
8762    -1829005.125000
8763    -1829006.000000
8764    -1829007.000000
8765    -1829008.000000
8766    -1829009.000000
8767    -1829009.875000
8768    -1829011.125000
8769    -1829012.125000
8770    -1829013.000000
8771    -1829014.000000
8772    -1829014.875000
8773    -1829016.000000
8774    -1829017.000000
8775    -1829018.000000
8776    -1829019.000000
8777    -1829019.875000
8778    -1829021.000000
8779    -1829022.000000
8780    -1829023.000000
8781    -1829024.000000
8782    -1829025.000000
8783    -1829025.875000
8784    -1829027.000000
8785    -1829028.125000
8786    -1829029.000000
8787    -1829030.250000
8788    -1829031.250000
8789    -1829032.000000
8790    -1829033.250000
8791    -1829034.375000
8792    -1829035.250000
8793    -1829036.500000
8794    -1829037.375000
8795    -1829038.750000
8796    -1829039.750000
8797    -1829040.750000
8798    -1829041.625000
8799    -1829042.750000
8800    -1829043.875000
8801    -1829044.750000
8802    -1829046.000000
8803    -1829047.000000
8804    -1829048.250000
8805    -1829049.250000
8806    -1829050.375000
8807    -1829051.500000
8808    -1829052.250000
8809    -1829053.500000
8810    -1829054.750000
8811    -1829055.750000
8812    -1829056.750000
8813    -1829057.750000
8814    -1829059.000000
8815    -1829060.000000
8816    -1829061.250000
8817    -1829062.375000
8818    -1829063.250000
8819    -1829064.500000
8820    -1829065.500000
8821    -1829066.750000
8822    -1829067.875000
8823    -1829068.750000
8824    -1829069.875000
8825    -1829071.000000
8826    -1829072.250000
8827    -1829073.250000
8828    -1829074.375000
8829    -1829075.250000
8830    -1829076.750000
8831    -1829077.750000
8832    -1829078.875000
8833    -1829080.000000
8834    -1829081.250000
8835    -1829082.125000
8836    -1829083.250000
8837    -1829084.500000
8838    -1829085.250000
8839    -1829086.750000
8840    -1829088.000000
8841    -1829089.000000
8842    -1829090.000000
8843    -1829091.375000
8844    -1829092.250000
8845    -1829093.250000
8846    -1829094.500000
8847    -1829095.625000
8848    -1829096.750000
8849    -1829098.000000
8850    -1829099.000000
8851    -1829100.250000
8852    -1829101.375000
8853    -1829102.625000
8854    -1829103.750000
8855    -1829104.750000
8856    -1829106.125000
8857    -1829107.125000
8858    -1829108.500000
8859    -1829109.375000
8860    -1829110.500000
8861    -1829111.625000
8862    -1829112.750000
8863    -1829114.125000
8864    -1829115.250000
8865    -1829116.375000
8866    -1829117.625000
8867    -1829118.625000
8868    -1829119.875000
8869    -1829121.125000
8870    -1829122.125000
8871    -1829123.250000
8872    -1829124.500000
8873    -1829125.750000
8874    -1829126.750000
8875    -1829127.750000
8876    -1829129.250000
8877    -1829130.250000
8878    -1829131.500000
8879    -1829132.500000
8880    -1829133.750000
8881    -1829134.875000
8882    -1829136.000000
8883    -1829137.000000
8884    -1829138.375000
8885    -1829139.375000
8886    -1829140.500000
8887    -1829141.750000
8888    -1829142.750000
8889    -1829143.875000
8890    -1829145.000000
8891    -1829146.000000
8892    -1829147.000000
8893    -1829148.250000
8894    -1829149.500000
8895    -1829150.750000
8896    -1829152.000000
8897    -1829153.000000
8898    -1829154.000000
8899    -1829155.125000
8900    -1829156.250000
8901    -1829157.500000
8902    -1829158.625000
8903    -1829159.625000
8904    -1829160.625000
8905    -1829162.000000
8906    -1829163.000000
8907    -1829164.000000
8908    -1829165.250000
8909    -1829166.375000
8910    -1829167.375000
8911    -1829168.500000
8912    -1829169.750000
8913    -1829170.750000
8914    -1829172.000000
8915    -1829173.125000
8916    -1829174.000000
8917    -1829175.250000
8918    -1829176.500000
8919    -1829177.625000
8920    -1829178.500000
8921    -1829179.750000
8922    -1829180.750000
8923    -1829181.875000
8924    -1829183.000000
8925    -1829184.125000
8926    -1829185.125000
8927    -1829186.250000
8928    -1829187.125000
8929    -1829188.250000
8930    -1829189.500000
8931    -1829190.500000
8932    -1829191.875000
8933    -1829192.750000
8934    -1829194.000000
8935    -1829194.875000
8936    -1829196.250000
8937    -1829197.000000
8938    -1829198.250000
8939    -1829199.250000
8940    -1829200.250000
8941    -1829201.375000
8942    -1829202.625000
8943    -1829203.500000
8944    -1829204.625000
8945    -1829205.750000
8946    -1829206.750000
8947    -1829207.750000
8948    -1829208.750000
8949    -1829210.000000
8950    -1829210.875000
8951    -1829212.000000
8952    -1829212.875000
8953    -1829214.000000
8954    -1829215.000000
8955    -1829216.125000
8956    -1829217.000000
8957    -1829218.125000
8958    -1829219.250000
8959    -1829220.125000
8960    -1829221.250000
8961    -1829222.250000
8962    -1829223.375000
8963    -1829224.250000
8964    -1829225.250000
8965    -1829226.250000
8966    -1829227.250000
8967    -1829228.500000
8968    -1829229.500000
8969    -1829230.500000
8970    -1829231.500000
8971    -1829232.500000
8972    -1829233.500000
8973    -1829234.500000
8974    -1829235.500000
8975    -1829236.500000
8976    -1829237.625000
8977    -1829238.500000
8978    -1829239.500000
8979    -1829240.500000
8980    -1829241.500000
8981    -1829242.500000
8982    -1829243.500000
8983    -1829244.500000
8984    -1829245.375000
8985    -1829246.500000
8986    -1829247.500000
8987    -1829248.375000
8988    -1829249.250000
8989    -1829250.250000
8990    -1829251.250000
8991    -1829252.250000
8992    -1829253.000000
8993    -1829254.000000
8994    -1829255.000000
8995    -1829256.000000
8996    -1829257.000000
8997    -1829258.000000
8998    -1829258.875000
8999    -1829260.000000
9000    -1829260.875000
9001    -1829261.750000
9002    -1829262.625000
9003    -1829263.500000
9004    -1829264.500000
9005    -1829265.500000
9006    -1829266.250000
9007    -1829267.250000
9008    -1829268.125000
9009    -1829269.250000
9010    -1829269.750000
9011    -1829271.000000
9012    -1829271.750000
9013    -1829272.500000
9014    -1829273.625000
9015    -1829274.625000
9016    -1829275.250000
9017    -1829276.375000
9018    -1829277.125000
9019    -1829278.125000
9020    -1829279.000000
9021    -1829279.750000
9022    -1829280.750000
9023    -1829281.500000
9024    -1829282.500000
9025    -1829283.500000
9026    -1829284.250000
9027    -1829285.250000
9028    -1829286.000000
9029    -1829286.875000
9030    -1829287.750000
9031    -1829288.625000
9032    -1829289.500000
9033    -1829290.250000
9034    -1829291.250000
9035    -1829292.000000
9036    -1829293.000000
9037    -1829293.750000
9038    -1829294.500000
9039    -1829295.500000
9040    -1829296.250000
9041    -1829297.250000
9042    -1829298.000000
9043    -1829299.000000
9044    -1829299.500000
9045    -1829300.500000
9046    -1829301.500000
9047    -1829302.125000
9048    -1829303.125000
9049    -1829303.875000
9050    -1829304.625000
9051    -1829305.250000
9052    -1829306.250000
9053    -1829307.000000
9054    -1829307.875000
9055    -1829308.500000
9056    -1829309.375000
9057    -1829310.125000
9058    -1829311.000000
9059    -1829311.875000
9060    -1829312.750000
9061    -1829313.500000
9062    -1829314.375000
9063    -1829315.125000
9064    -1829315.750000
9065    -1829316.500000
9066    -1829317.125000
9067    -1829318.125000
9068    -1829318.625000
9069    -1829319.500000
9070    -1829320.500000
9071    -1829321.250000
9072    -1829322.000000
9073    -1829322.750000
9074    -1829323.375000
9075    -1829324.125000
9076    -1829325.000000
9077    -1829325.500000
9078    -1829326.375000
9079    -1829327.125000
9080    -1829327.625000
9081    -1829328.500000
9082    -1829329.250000
9083    -1829330.250000
9084    -1829330.750000
9085    -1829331.500000
9086    -1829332.000000
9087    -1829333.000000
9088    -1829333.750000
9089    -1829334.500000
9090    -1829335.250000
9091    -1829336.000000
9092    -1829336.625000
9093    -1829337.375000
9094    -1829338.000000
9095    -1829339.000000
9096    -1829339.500000
9097    -1829340.250000
9098    -1829341.000000
9099    -1829341.500000
9100    -1829342.250000
9101    -1829343.000000
9102    -1829343.750000
9103    -1829344.625000
9104    -1829345.250000
9105    -1829345.875000
9106    -1829346.750000
9107    -1829347.250000
9108    -1829348.125000
9109    -1829348.750000
9110    -1829349.750000
9111    -1829350.250000
9112    -1829351.000000
9113    -1829351.500000
9114    -1829352.250000
9115    -1829353.000000
9116    -1829353.750000
9117    -1829354.250000
9118    -1829355.500000
9119    -1829355.875000
9120    -1829356.625000
9121    -1829357.250000
9122    -1829358.000000
9123    -1829358.500000
9124    -1829359.375000
9125    -1829360.000000
9126    -1829360.750000
9127    -1829361.375000
9128    -1829361.875000
9129    -1829362.500000
9130    -1829363.250000
9131    -1829364.000000
9132    -1829364.750000
9133    -1829365.625000
9134    -1829366.250000
9135    -1829367.000000
9136    -1829367.500000
9137    -1829368.250000
9138    -1829368.750000
9139    -1829369.375000
9140    -1829370.125000
9141    -1829371.000000
9142    -1829371.500000
9143    -1829372.250000
9144    -1829372.750000
9145    -1829373.625000
9146    -1829374.125000
9147    -1829374.750000
9148    -1829375.500000
9149    -1829376.125000
9150    -1829376.875000
9151    -1829377.500000
9152    -1829377.750000
9153    -1829378.625000
9154    -1829379.250000
9155    -1829380.000000
9156    -1829380.500000
9157    -1829381.250000
9158    -1829381.750000
9159    -1829382.375000
9160    -1829383.000000
9161    -1829383.625000
9162    -1829384.250000
9163    -1829385.000000
9164    -1829385.750000
9165    -1829386.375000
9166    -1829386.750000
9167    -1829387.500000
9168    -1829388.250000
9169    -1829388.750000
9170    -1829389.500000
9171    -1829390.000000
9172    -1829390.750000
9173    -1829391.125000
9174    -1829392.000000
9175    -1829392.750000
9176    -1829393.250000
9177    -1829393.875000
9178    -1829394.500000
9179    -1829395.000000
9180    -1829395.750000
9181    -1829396.250000
9182    -1829396.875000
9183    -1829397.500000
9184    -1829398.125000
9185    -1829398.625000
9186    -1829399.250000
9187    -1829400.000000
9188    -1829400.500000
9189    -1829401.250000
9190    -1829401.750000
9191    -1829402.375000
9192    -1829403.000000
9193    -1829403.625000
9194    -1829404.250000
9195    -1829405.000000
9196    -1829405.500000
9197    -1829406.000000
9198    -1829406.500000
9199    -1829407.375000
9200    -1829408.000000
9201    -1829408.500000
9202    -1829409.250000
9203    -1829409.625000
9204    -1829410.500000
9205    -1829411.125000
9206    -1829411.750000
9207    -1829412.250000
9208    -1829412.625000
9209    -1829413.250000
9210    -1829414.000000
9211    -1829414.750000
9212    -1829415.250000
9213    -1829415.875000
9214    -1829416.500000
9215    -1829417.250000
9216    -1829417.750000
9217    -1829418.250000
9218    -1829419.000000
9219    -1829419.500000
9220    -1829420.000000
9221    -1829420.875000
9222    -1829421.375000
9223    -1829421.875000
9224    -1829422.250000
9225    -1829423.125000
9226    -1829423.750000
9227    -1829424.500000
9228    -1829424.875000
9229    -1829425.500000
9230    -1829426.000000
9231    -1829426.500000
9232    -1829427.250000
9233    -1829427.875000
9234    -1829428.500000
9235    -1829429.000000
9236    -1829429.750000
9237    -1829430.000000
9238    -1829430.875000
9239    -1829431.375000
9240    -1829432.000000
9241    -1829432.750000
9242    -1829433.250000
9243    -1829433.875000
9244    -1829434.250000
9245    -1829435.000000
9246    -1829435.500000
9247    -1829436.250000
9248    -1829436.875000
9249    -1829437.375000
9250    -1829438.000000
9251    -1829438.500000
9252    -1829439.125000
9253    -1829439.750000
9254    -1829440.250000
9255    -1829440.875000
9256    -1829441.500000
9257    -1829442.000000
9258    -1829442.500000
9259    -1829443.250000
9260    -1829443.750000
9261    -1829444.250000
9262    -1829445.125000
9263    -1829445.500000
9264    -1829446.250000
9265    -1829446.625000
9266    -1829447.250000
9267    -1829448.000000
9268    -1829448.250000
9269    -1829449.000000
9270    -1829449.750000
9271    -1829450.125000
9272    -1829450.750000
9273    -1829451.250000
9274    -1829451.750000
9275    -1829452.500000
9276    -1829453.000000
9277    -1829453.500000
9278    -1829454.000000
9279    -1829454.750000
9280    -1829455.375000
9281    -1829455.875000
9282    -1829456.375000
9283    -1829456.875000
9284    -1829457.500000
9285    -1829458.125000
9286    -1829458.750000
9287    -1829459.250000
9288    -1829460.000000
9289    -1829460.625000
9290    -1829461.000000
9291    -1829461.625000
9292    -1829462.375000
9293    -1829462.875000
9294    -1829463.250000
9295    -1829463.750000
9296    -1829464.375000
9297    -1829465.125000
9298    -1829465.500000
9299    -1829466.125000
9300    -1829466.625000
9301    -1829467.375000
9302    -1829467.875000
9303    -1829468.500000
9304    -1829469.000000
9305    -1829469.625000
9306    -1829470.125000
9307    -1829470.500000
9308    -1829471.250000
9309    -1829472.000000
9310    -1829472.500000
9311    -1829472.750000
9312    -1829473.500000
9313    -1829474.250000
9314    -1829474.625000
9315    -1829475.125000
9316    -1829475.875000
9317    -1829476.500000
9318    -1829476.875000
9319    -1829477.500000
9320    -1829477.875000
9321    -1829478.500000
9322    -1829479.000000
9323    -1829479.625000
9324    -1829480.250000
9325    -1829480.750000
9326    -1829481.375000
9327    -1829482.000000
9328    -1829482.500000
9329    -1829483.000000
9330    -1829483.625000
9331    -1829484.250000
9332    -1829484.750000
9333    -1829485.500000
9334    -1829485.750000
9335    -1829486.500000
9336    -1829487.000000
9337    -1829487.750000
9338    -1829488.250000
9339    -1829488.625000
9340    -1829489.250000
9341    -1829489.750000
9342    -1829490.250000
9343    -1829491.000000
9344    -1829491.375000
9345    -1829492.125000
9346    -1829492.750000
9347    -1829493.000000
9348    -1829493.750000
9349    -1829494.125000
9350    -1829494.750000
9351    -1829495.125000
9352    -1829495.750000
9353    -1829496.500000
9354    -1829497.000000
9355    -1829497.500000
9356    -1829498.250000
9357    -1829498.625000
9358    -1829499.000000
9359    -1829499.750000
9360    -1829500.250000
9361    -1829500.875000
9362    -1829501.375000
9363    -1829502.000000
9364    -1829502.500000
9365    -1829503.000000
9366    -1829503.625000
9367    -1829504.000000
9368    -1829504.750000
9369    -1829505.375000
9370    -1829505.875000
9371    -1829506.375000
9372    -1829507.000000
9373    -1829507.500000
9374    -1829508.000000
9375    -1829508.500000
9376    -1829509.125000
9377    -1829509.750000
9378    -1829510.250000
9379    -1829510.875000
9380    -1829511.375000
9381    -1829512.000000
9382    -1829512.375000
9383    -1829513.000000
9384    -1829513.750000
9385    -1829514.250000
9386    -1829514.500000
9387    -1829515.250000
9388    -1829515.625000
9389    -1829516.250000
9390    -1829516.875000
9391    -1829517.500000
9392    -1829517.875000
9393    -1829518.500000
9394    -1829519.000000
9395    -1829519.500000
9396    -1829520.125000
9397    -1829520.500000
9398    -1829521.250000
9399    -1829521.750000
9400    -1829522.375000
9401    -1829523.000000
9402    -1829523.375000
9403    -1829524.000000
9404    -1829524.500000
9405    -1829525.000000
9406    -1829525.500000
9407    -1829526.000000
9408    -1829526.500000
9409    -1829527.250000
9410    -1829527.750000
9411    -1829528.250000
9412    -1829528.875000
9413    -1829529.500000
9414    -1829530.000000
9415    -1829530.375000
9416    -1829531.250000
9417    -1829531.500000
9418    -1829532.125000
9419    -1829532.625000
9420    -1829533.125000
9421    -1829533.750000
9422    -1829534.250000
9423    -1829534.750000
9424    -1829535.250000
9425    -1829535.750000
9426    -1829536.500000
9427    -1829537.000000
9428    -1829537.500000
9429    -1829538.125000
9430    -1829538.500000
9431    -1829539.250000
9432    -1829539.750000
9433    -1829540.250000
9434    -1829540.750000
9435    -1829541.500000
9436    -1829541.875000
9437    -1829542.500000
9438    -1829543.000000
9439    -1829543.500000
9440    -1829544.250000
9441    -1829544.750000
9442    -1829545.250000
9443    -1829545.875000
9444    -1829546.500000
9445    -1829547.000000
9446    -1829547.500000
9447    -1829548.250000
9448    -1829548.625000
9449    -1829549.250000
9450    -1829549.750000
9451    -1829550.375000
9452    -1829551.125000
9453    -1829551.500000
9454    -1829552.250000
9455    -1829552.750000
9456    -1829553.250000
9457    -1829553.875000
9458    -1829554.500000
9459    -1829554.875000
9460    -1829555.750000
9461    -1829556.250000
9462    -1829556.750000
9463    -1829557.250000
9464    -1829558.000000
9465    -1829558.500000
9466    -1829559.000000
9467    -1829559.750000
9468    -1829560.375000
9469    -1829560.875000
9470    -1829561.375000
9471    -1829562.000000
9472    -1829562.500000
9473    -1829563.250000
9474    -1829564.000000
9475    -1829564.500000
9476    -1829565.000000
9477    -1829565.500000
9478    -1829566.250000
9479    -1829566.750000
9480    -1829567.375000
9481    -1829568.000000
9482    -1829568.500000
9483    -1829569.125000
9484    -1829569.625000
9485    -1829570.250000
9486    -1829570.875000
9487    -1829571.500000
9488    -1829572.125000
9489    -1829572.500000
9490    -1829573.375000
9491    -1829573.750000
9492    -1829574.250000
9493    -1829575.000000
9494    -1829575.625000
9495    -1829576.250000
9496    -1829576.875000
9497    -1829577.250000
9498    -1829578.000000
9499    -1829578.500000
9500    -1829579.125000
9501    -1829579.750000
9502    -1829580.250000
9503    -1829580.750000
9504    -1829581.500000
9505    -1829582.125000
9506    -1829582.750000
9507    -1829583.375000
9508    -1829583.875000
9509    -1829584.250000
9510    -1829585.000000
9511    -1829585.500000
9512    -1829586.250000
9513    -1829586.750000
9514    -1829587.500000
9515    -1829588.125000
9516    -1829588.500000
9517    -1829589.250000
9518    -1829590.000000
9519    -1829590.500000
9520    -1829591.000000
9521    -1829591.500000
9522    -1829592.250000
9523    -1829592.750000
9524    -1829593.375000
9525    -1829594.000000
9526    -1829594.500000
9527    -1829595.250000
9528    -1829596.000000
9529    -1829596.500000
9530    -1829597.000000
9531    -1829597.625000
9532    -1829598.250000
9533    -1829598.750000
9534    -1829599.500000
9535    -1829600.000000
9536    -1829600.500000
9537    -1829601.250000
9538    -1829601.875000
9539    -1829602.500000
9540    -1829603.000000
9541    -1829603.750000
9542    -1829604.250000
9543    -1829604.875000
9544    -1829605.500000
9545    -1829606.125000
9546    -1829606.625000
9547    -1829607.125000
9548    -1829607.875000
9549    -1829608.500000
9550    -1829609.000000
9551    -1829609.500000
9552    -1829610.250000
9553    -1829610.875000
9554    -1829611.250000
9555    -1829612.000000
9556    -1829612.500000
9557    -1829613.250000
9558    -1829614.000000
9559    -1829614.500000
9560    -1829615.000000
9561    -1829615.500000
9562    -1829616.000000
9563    -1829616.500000
9564    -1829617.125000
9565    -1829618.000000
9566    -1829618.250000
9567    -1829619.000000
9568    -1829619.625000
9569    -1829620.250000
9570    -1829620.750000
9571    -1829621.500000
9572    -1829622.000000
9573    -1829622.500000
9574    -1829623.125000
9575    -1829623.625000
9576    -1829624.250000
9577    -1829625.000000
9578    -1829625.625000
9579    -1829626.250000
9580    -1829626.625000
9581    -1829627.250000
9582    -1829627.750000
9583    -1829628.500000
9584    -1829629.250000
9585    -1829629.750000
9586    -1829630.250000
9587    -1829630.875000
9588    -1829631.500000
9589    -1829632.000000
9590    -1829632.500000
9591    -1829633.125000
9592    -1829633.750000
9593    -1829634.250000
9594    -1829635.000000
9595    -1829635.500000
9596    -1829636.000000
9597    -1829636.750000
9598    -1829637.125000
9599    -1829638.000000
9600    -1829638.500000
9601    -1829639.000000
9602    -1829639.750000
9603    -1829640.375000
9604    -1829640.750000
9605    -1829641.500000
9606    -1829642.000000
9607    -1829642.750000
9608    -1829643.250000
9609    -1829643.750000
9610    -1829644.500000
9611    -1829645.000000
9612    -1829645.625000
9613    -1829646.375000
9614    -1829646.875000
9615    -1829647.375000
9616    -1829648.000000
9617    -1829648.625000
9618    -1829649.125000
9619    -1829649.750000
9620    -1829650.375000
9621    -1829651.000000
9622    -1829651.500000
9623    -1829652.125000
9624    -1829652.500000
9625    -1829653.250000
9626    -1829653.875000
9627    -1829654.500000
9628    -1829655.000000
9629    -1829655.625000
9630    -1829656.250000
9631    -1829656.750000
9632    -1829657.500000
9633    -1829658.000000
9634    -1829658.500000
9635    -1829659.125000
9636    -1829659.750000
9637    -1829660.250000
9638    -1829661.000000
9639    -1829661.500000
9640    -1829662.125000
9641    -1829662.625000
9642    -1829663.250000
9643    -1829663.750000
9644    -1829664.375000
9645    -1829665.000000
9646    -1829665.750000
9647    -1829666.250000
9648    -1829666.750000
9649    -1829667.500000
9650    -1829667.875000
9651    -1829668.625000
9652    -1829669.125000
9653    -1829669.750000
9654    -1829670.125000
9655    -1829671.000000
9656    -1829671.250000
9657    -1829672.000000
9658    -1829672.500000
9659    -1829673.125000
9660    -1829673.750000
9661    -1829674.250000
9662    -1829674.875000
9663    -1829675.375000
9664    -1829676.000000
9665    -1829676.500000
9666    -1829677.125000
9667    -1829677.625000
9668    -1829678.250000
9669    -1829678.750000
9670    -1829679.375000
9671    -1829680.000000
9672    -1829680.500000
9673    -1829681.000000
9674    -1829681.750000
9675    -1829682.125000
9676    -1829682.750000
9677    -1829683.250000
9678    -1829683.750000
9679    -1829684.250000
9680    -1829685.000000
9681    -1829685.500000
9682    -1829686.000000
9683    -1829686.500000
9684    -1829687.250000
9685    -1829687.625000
9686    -1829688.125000
9687    -1829688.750000
9688    -1829689.250000
9689    -1829690.000000
9690    -1829690.375000
9691    -1829690.875000
9692    -1829691.500000
9693    -1829692.000000
9694    -1829692.500000
9695    -1829693.125000
9696    -1829693.750000
9697    -1829694.125000
9698    -1829694.875000
9699    -1829695.250000
9700    -1829695.875000
9701    -1829696.375000
9702    -1829697.250000
9703    -1829697.750000
9704    -1829698.250000
9705    -1829698.750000
9706    -1829699.500000
9707    -1829700.000000
9708    -1829700.500000
9709    -1829701.250000
9710    -1829701.750000
9711    -1829702.375000
9712    -1829702.875000
9713    -1829703.500000
9714    -1829704.000000
9715    -1829704.500000
9716    -1829705.000000
9717    -1829705.750000
9718    -1829706.375000
9719    -1829706.875000
9720    -1829707.500000
9721    -1829708.000000
9722    -1829708.625000
9723    -1829709.250000
9724    -1829709.875000
9725    -1829710.375000
9726    -1829711.000000
9727    -1829711.625000
9728    -1829712.250000
9729    -1829712.875000
9730    -1829713.375000
9731    -1829714.000000
9732    -1829714.750000
9733    -1829715.250000
9734    -1829715.875000
9735    -1829716.375000
9736    -1829717.125000
9737    -1829717.750000
9738    -1829718.500000
9739    -1829719.000000
9740    -1829719.625000
9741    -1829720.250000
9742    -1829720.750000
9743    -1829721.500000
9744    -1829722.000000
9745    -1829722.875000
9746    -1829723.375000
9747    -1829724.000000
9748    -1829724.500000
9749    -1829725.000000
9750    -1829725.875000
9751    -1829726.250000
9752    -1829726.750000
9753    -1829727.625000
9754    -1829728.250000
9755    -1829728.750000
9756    -1829729.500000
9757    -1829730.250000
9758    -1829731.000000
9759    -1829731.500000
9760    -1829731.875000
9761    -1829732.750000
9762    -1829733.500000
9763    -1829734.000000
9764    -1829734.750000
9765    -1829735.000000
9766    -1829736.000000
9767    -1829736.750000
9768    -1829737.250000
9769    -1829738.000000
9770    -1829738.625000
9771    -1829739.250000
9772    -1829740.000000
9773    -1829740.500000
9774    -1829741.250000
9775    -1829742.000000
9776    -1829742.500000
9777    -1829743.250000
9778    -1829743.750000
9779    -1829744.375000
9780    -1829745.000000
9781    -1829745.500000
9782    -1829746.375000
9783    -1829747.250000
9784    -1829747.500000
9785    -1829748.125000
9786    -1829749.000000
9787    -1829749.750000
9788    -1829750.250000
9789    -1829751.125000
9790    -1829751.750000
9791    -1829752.250000
9792    -1829752.750000
9793    -1829753.625000
9794    -1829754.250000
9795    -1829754.750000
9796    -1829755.625000
9797    -1829756.250000
9798    -1829756.750000
9799    -1829757.750000
9800    -1829758.125000
9801    -1829758.875000
9802    -1829759.500000
9803    -1829760.250000
9804    -1829761.000000
9805    -1829761.750000
9806    -1829762.500000
9807    -1829763.000000
9808    -1829763.750000
9809    -1829764.250000
9810    -1829765.250000
9811    -1829765.750000
9812    -1829766.500000
9813    -1829767.250000
9814    -1829767.750000
9815    -1829768.500000
9816    -1829769.250000
9817    -1829769.750000
9818    -1829770.500000
9819    -1829771.000000
9820    -1829771.750000
9821    -1829772.500000
9822    -1829773.250000
9823    -1829774.000000
9824    -1829774.750000
9825    -1829775.250000
9826    -1829776.000000
9827    -1829776.750000
9828    -1829777.500000
9829    -1829778.125000
9830    -1829778.750000
9831    -1829779.500000
9832    -1829780.250000
9833    -1829781.000000
9834    -1829781.500000
9835    -1829782.125000
9836    -1829783.000000
9837    -1829783.875000
9838    -1829784.250000
9839    -1829785.000000
9840    -1829785.750000
9841    -1829786.500000
9842    -1829787.250000
9843    -1829788.000000
9844    -1829788.500000
9845    -1829789.250000
9846    -1829790.000000
9847    -1829790.750000
9848    -1829791.125000
9849    -1829792.000000
9850    -1829792.625000
9851    -1829793.500000
9852    -1829794.000000
9853    -1829794.500000
9854    -1829795.500000
9855    -1829796.125000
9856    -1829796.750000
9857    -1829797.375000
9858    -1829798.250000
9859    -1829799.125000
9860    -1829799.625000
9861    -1829800.250000
9862    -1829800.875000
9863    -1829801.750000
9864    -1829802.500000
9865    -1829802.875000
9866    -1829803.625000
9867    -1829804.250000
9868    -1829805.000000
9869    -1829805.875000
9870    -1829806.500000
9871    -1829807.125000
9872    -1829808.000000
9873    -1829808.750000
9874    -1829809.000000
9875    -1829809.750000
9876    -1829810.250000
9877    -1829811.250000
9878    -1829811.750000
9879    -1829812.500000
9880    -1829813.000000
9881    -1829813.875000
9882    -1829814.500000
9883    -1829815.250000
9884    -1829815.875000
9885    -1829816.625000
9886    -1829817.375000
9887    -1829818.000000
9888    -1829818.875000
9889    -1829819.625000
9890    -1829820.125000
9891    -1829820.625000
9892    -1829821.250000
9893    -1829822.250000
9894    -1829822.750000
9895    -1829823.500000
9896    -1829824.125000
9897    -1829824.750000
9898    -1829825.500000
9899    -1829826.000000
9900    -1829826.750000
9901    -1829827.250000
9902    -1829828.125000
9903    -1829829.000000
9904    -1829829.625000
9905    -1829830.000000
9906    -1829830.750000
9907    -1829831.500000
9908    -1829832.125000
9909    -1829832.750000
9910    -1829833.250000
9911    -1829834.000000
9912    -1829834.750000
9913    -1829835.500000
9914    -1829836.000000
9915    -1829836.500000
9916    -1829837.250000
9917    -1829837.750000
9918    -1829838.250000
9919    -1829839.250000
9920    -1829839.750000
9921    -1829840.500000
9922    -1829841.000000
9923    -1829841.750000
9924    -1829842.250000
9925    -1829843.000000
9926    -1829843.375000
9927    -1829844.250000
9928    -1829844.750000
9929    -1829845.375000
9930    -1829846.000000
9931    -1829846.750000
9932    -1829847.375000
9933    -1829848.000000
9934    -1829848.500000
9935    -1829849.000000
9936    -1829849.750000
9937    -1829850.500000
9938    -1829850.750000
9939    -1829851.500000
9940    -1829852.375000
9941    -1829852.625000
9942    -1829853.500000
9943    -1829854.125000
9944    -1829854.625000
9945    -1829855.125000
9946    -1829855.625000
9947    -1829856.250000
9948    -1829857.000000
9949    -1829857.625000
9950    -1829858.000000
9951    -1829858.750000
9952    -1829859.250000
9953    -1829860.125000
9954    -1829860.500000
9955    -1829861.000000
9956    -1829861.500000
9957    -1829862.250000
9958    -1829862.500000
9959    -1829863.250000
9960    -1829864.000000
9961    -1829864.500000
9962    -1829865.000000
9963    -1829865.625000
9964    -1829866.125000
9965    -1829866.500000
9966    -1829867.125000
9967    -1829867.500000
9968    -1829868.000000
9969    -1829868.750000
9970    -1829869.125000
9971    -1829869.750000
9972    -1829870.250000
9973    -1829871.000000
9974    -1829871.250000
9975    -1829872.000000
9976    -1829872.375000
9977    -1829872.875000
9978    -1829873.250000
9979    -1829874.250000
9980    -1829874.500000
9981    -1829875.125000
9982    -1829875.250000
9983    -1829876.000000
9984    -1829876.500000
9985    -1829877.000000
9986    -1829877.500000
9987    -1829878.000000
9988    -1829878.625000
9989    -1829879.125000
9990    -1829879.500000
9991    -1829880.125000
9992    -1829880.625000
9993    -1829881.250000
9994    -1829881.750000
9995    -1829882.250000
9996    -1829882.625000
9997    -1829883.250000
9998    -1829883.500000
9999    -1829884.250000
10000   -1829884.750000
10001   -1829885.250000
10002   -1829885.625000
10003   -1829886.000000
10004   -1829886.625000
10005   -1829887.000000
10006   -1829887.750000
10007   -1829888.000000
10008   -1829888.625000
10009   -1829888.875000
10010   -1829889.375000
10011   -1829890.000000
10012   -1829890.250000
10013   -1829890.750000
10014   -1829891.250000
10015   -1829891.875000
10016   -1829892.250000
10017   -1829892.500000
10018   -1829893.250000
10019   -1829893.500000
10020   -1829894.125000
10021   -1829894.500000
10022   -1829894.625000
10023   -1829895.375000
10024   -1829895.750000
10025   -1829896.500000
10026   -1829896.750000
10027   -1829897.250000
10028   -1829897.750000
10029   -1829898.250000
10030   -1829898.500000
10031   -1829898.750000
10032   -1829899.250000
10033   -1829900.000000
10034   -1829900.500000
10035   -1829900.875000
10036   -1829901.250000
10037   -1829901.625000
10038   -1829902.250000
10039   -1829902.500000
10040   -1829903.000000
10041   -1829903.500000
10042   -1829903.875000
10043   -1829904.125000
10044   -1829904.500000
10045   -1829905.250000
10046   -1829905.625000
10047   -1829905.875000
10048   -1829906.500000
10049   -1829907.000000
10050   -1829907.250000
10051   -1829907.625000
10052   -1829908.250000
10053   -1829908.750000
10054   -1829909.000000
10055   -1829909.500000
10056   -1829909.875000
10057   -1829910.250000
10058   -1829910.625000
10059   -1829911.000000
10060   -1829911.500000
10061   -1829912.125000
10062   -1829912.625000
10063   -1829913.000000
10064   -1829913.500000
10065   -1829913.750000
10066   -1829914.250000
10067   -1829914.750000
10068   -1829915.000000
10069   -1829915.500000
10070   -1829916.000000
10071   -1829916.500000
10072   -1829916.875000
10073   -1829917.375000
10074   -1829917.750000
10075   -1829918.375000
10076   -1829918.500000
10077   -1829919.250000
10078   -1829919.375000
10079   -1829919.875000
10080   -1829920.500000
10081   -1829920.750000
10082   -1829921.375000
10083   -1829921.750000
10084   -1829922.125000
10085   -1829922.625000
10086   -1829923.000000
10087   -1829923.375000
10088   -1829923.750000
10089   -1829924.125000
10090   -1829924.875000
10091   -1829925.000000
10092   -1829925.375000
10093   -1829925.750000
10094   -1829926.250000
10095   -1829926.750000
10096   -1829927.000000
10097   -1829927.500000
10098   -1829928.000000
10099   -1829928.500000
10100   -1829929.000000
10101   -1829929.250000
10102   -1829929.750000
10103   -1829930.500000
10104   -1829930.625000
10105   -1829931.000000
10106   -1829931.500000
10107   -1829932.000000
10108   -1829932.625000
10109   -1829932.750000
10110   -1829933.000000
10111   -1829933.750000
10112   -1829934.250000
10113   -1829934.500000
10114   -1829935.000000
10115   -1829935.500000
10116   -1829935.750000
10117   -1829936.250000
10118   -1829936.750000
10119   -1829937.000000
10120   -1829937.500000
10121   -1829938.000000
10122   -1829938.500000
10123   -1829939.000000
10124   -1829939.500000
10125   -1829939.750000
10126   -1829940.125000
10127   -1829940.750000
10128   -1829941.000000
10129   -1829941.750000
10130   -1829941.875000
10131   -1829942.500000
10132   -1829942.875000
10133   -1829943.375000
10134   -1829943.750000
10135   -1829944.250000
10136   -1829944.625000
10137   -1829945.125000
10138   -1829945.500000
10139   -1829946.000000
10140   -1829946.250000
10141   -1829947.000000
10142   -1829947.250000
10143   -1829947.750000
10144   -1829948.125000
10145   -1829948.500000
10146   -1829949.000000
10147   -1829949.500000
10148   -1829950.000000
10149   -1829950.125000
10150   -1829950.750000
10151   -1829951.250000
10152   -1829951.500000
10153   -1829952.000000
10154   -1829952.500000
10155   -1829952.875000
10156   -1829953.375000
10157   -1829953.750000
10158   -1829954.250000
10159   -1829954.625000
10160   -1829954.875000
10161   -1829955.500000
10162   -1829955.750000
10163   -1829956.250000
10164   -1829956.750000
10165   -1829957.250000
10166   -1829957.625000
10167   -1829958.000000
10168   -1829958.500000
10169   -1829959.000000
10170   -1829959.250000
10171   -1829959.625000
10172   -1829960.250000
10173   -1829960.500000
10174   -1829961.000000
10175   -1829961.250000
10176   -1829961.750000
10177   -1829962.250000
10178   -1829962.625000
10179   -1829963.000000
10180   -1829963.500000
10181   -1829963.750000
10182   -1829964.250000
10183   -1829964.625000
10184   -1829965.250000
10185   -1829965.500000
10186   -1829966.000000
10187   -1829966.500000
10188   -1829966.875000
10189   -1829967.250000
10190   -1829967.625000
10191   -1829968.000000
10192   -1829968.500000
10193   -1829969.000000
10194   -1829969.375000
10195   -1829969.875000
10196   -1829970.250000
10197   -1829970.750000
10198   -1829971.000000
10199   -1829971.500000
10200   -1829972.000000
10201   -1829972.250000
10202   -1829972.625000
10203   -1829973.125000
10204   -1829973.500000
10205   -1829974.000000
10206   -1829974.750000
10207   -1829974.875000
10208   -1829975.375000
10209   -1829975.750000
10210   -1829976.250000
10211   -1829976.750000
10212   -1829977.000000
10213   -1829977.250000
10214   -1829977.750000
10215   -1829978.125000
10216   -1829978.750000
10217   -1829979.000000
10218   -1829979.500000
10219   -1829980.000000
10220   -1829980.500000
10221   -1829980.750000
10222   -1829981.125000
10223   -1829981.750000
10224   -1829982.125000
10225   -1829982.750000
10226   -1829983.000000
10227   -1829983.375000
10228   -1829983.875000
10229   -1829984.250000
10230   -1829984.750000
10231   -1829985.250000
10232   -1829985.500000
10233   -1829986.000000
10234   -1829986.500000
10235   -1829986.875000
10236   -1829987.500000
10237   -1829987.750000
10238   -1829988.250000
10239   -1829988.625000
10240   -1829989.250000
10241   -1829989.500000
10242   -1829989.750000
10243   -1829990.500000
10244   -1829990.875000
10245   -1829991.375000
10246   -1829991.750000
10247   -1829992.250000
10248   -1829992.625000
10249   -1829993.125000
10250   -1829993.625000
10251   -1829994.000000
10252   -1829994.750000
10253   -1829995.000000
10254   -1829995.375000
10255   -1829996.000000
10256   -1829996.250000
10257   -1829996.625000
10258   -1829997.125000
10259   -1829997.750000
10260   -1829998.125000
10261   -1829998.500000
10262   -1829999.000000
10263   -1829999.500000
10264   -1830000.000000
10265   -1830000.500000
10266   -1830000.750000
10267   -1830001.250000
10268   -1830001.750000
10269   -1830002.375000
10270   -1830002.625000
10271   -1830003.375000
10272   -1830003.500000
10273   -1830004.250000
10274   -1830004.625000
10275   -1830005.000000
10276   -1830005.500000
10277   -1830006.000000
10278   -1830006.500000
10279   -1830006.750000
10280   -1830007.500000
10281   -1830008.000000
10282   -1830008.500000
10283   -1830009.000000
10284   -1830009.250000
10285   -1830009.750000
10286   -1830010.125000
10287   -1830010.750000
10288   -1830011.250000
10289   -1830011.625000
10290   -1830012.250000
10291   -1830012.500000
10292   -1830013.125000
10293   -1830013.625000
10294   -1830014.000000
10295   -1830014.625000
10296   -1830015.000000
10297   -1830015.750000
10298   -1830016.125000
10299   -1830016.750000
10300   -1830017.125000
10301   -1830017.625000
10302   -1830018.000000
10303   -1830018.750000
10304   -1830019.250000
10305   -1830019.750000
10306   -1830020.000000
10307   -1830020.750000
10308   -1830021.000000
10309   -1830021.750000
10310   -1830022.125000
10311   -1830022.625000
10312   -1830023.375000
10313   -1830023.625000
10314   -1830024.375000
10315   -1830024.625000
10316   -1830025.375000
10317   -1830025.875000
10318   -1830026.250000
10319   -1830026.750000
10320   -1830027.500000
10321   -1830027.875000
10322   -1830028.500000
10323   -1830029.000000
10324   -1830029.500000
10325   -1830029.875000
10326   -1830030.500000
10327   -1830031.250000
10328   -1830031.625000
10329   -1830032.000000
10330   -1830032.625000
10331   -1830033.250000
10332   -1830033.750000
10333   -1830034.250000
10334   -1830034.750000
10335   -1830035.250000
10336   -1830035.750000
10337   -1830036.375000
10338   -1830036.875000
10339   -1830037.250000
10340   -1830038.000000
10341   -1830038.625000
10342   -1830039.000000
10343   -1830039.625000
10344   -1830040.000000
10345   -1830040.750000
10346   -1830041.375000
10347   -1830041.875000
10348   -1830042.375000
10349   -1830042.875000
10350   -1830043.375000
10351   -1830044.000000
10352   -1830044.500000
10353   -1830045.000000
10354   -1830045.750000
10355   -1830046.000000
10356   -1830046.750000
10357   -1830047.250000
10358   -1830047.875000
10359   -1830048.500000
10360   -1830049.000000
10361   -1830049.625000
10362   -1830050.250000
10363   -1830050.500000
10364   -1830051.250000
10365   -1830051.750000
10366   -1830052.500000
10367   -1830053.000000
10368   -1830053.375000
10369   -1830054.125000
10370   -1830054.750000
10371   -1830055.125000
10372   -1830055.750000
10373   -1830056.500000
10374   -1830056.875000
10375   -1830057.500000
10376   -1830058.250000
10377   -1830058.750000
10378   -1830059.250000
10379   -1830060.000000
10380   -1830060.500000
10381   -1830061.125000
10382   -1830061.500000
10383   -1830062.250000
10384   -1830063.000000
10385   -1830063.500000
10386   -1830064.000000
10387   -1830064.625000
10388   -1830065.250000
10389   -1830065.875000
10390   -1830066.500000
10391   -1830067.000000
10392   -1830067.625000
10393   -1830068.375000
10394   -1830068.750000
10395   -1830069.500000
10396   -1830070.250000
10397   -1830070.750000
10398   -1830071.250000
10399   -1830072.000000
10400   -1830072.750000
10401   -1830073.250000
10402   -1830073.875000
10403   -1830074.500000
10404   -1830075.125000
10405   -1830075.750000
10406   -1830076.375000
10407   -1830077.250000
10408   -1830077.750000
10409   -1830078.250000
10410   -1830079.000000
10411   -1830079.625000
10412   -1830080.250000
10413   -1830080.875000
10414   -1830081.500000
10415   -1830082.125000
10416   -1830082.750000
10417   -1830083.375000
10418   -1830084.250000
10419   -1830084.750000
10420   -1830085.375000
10421   -1830086.000000
10422   -1830086.750000
10423   -1830087.375000
10424   -1830088.000000
10425   -1830088.625000
10426   -1830089.250000
10427   -1830090.000000
10428   -1830090.750000
10429   -1830091.250000
10430   -1830091.750000
10431   -1830092.500000
10432   -1830093.250000
10433   -1830094.000000
10434   -1830094.625000
10435   -1830095.250000
10436   -1830096.000000
10437   -1830096.625000
10438   -1830097.250000
10439   -1830098.000000
10440   -1830098.750000
10441   -1830099.250000
10442   -1830099.750000
10443   -1830100.750000
10444   -1830101.375000
10445   -1830102.000000
10446   -1830102.750000
10447   -1830103.375000
10448   -1830104.000000
10449   -1830104.750000
10450   -1830105.500000
10451   -1830106.125000
10452   -1830106.750000
10453   -1830107.500000
10454   -1830108.250000
10455   -1830108.750000
10456   -1830109.375000
10457   -1830110.125000
10458   -1830110.750000
10459   -1830111.625000
10460   -1830112.250000
10461   -1830113.000000
10462   -1830113.750000
10463   -1830114.375000
10464   -1830115.000000
10465   -1830115.500000
10466   -1830116.500000
10467   -1830117.125000
10468   -1830117.875000
10469   -1830118.625000
10470   -1830119.250000
10471   -1830119.750000
10472   -1830120.500000
10473   -1830121.125000
10474   -1830122.000000
10475   -1830122.625000
10476   -1830123.250000
10477   -1830124.000000
10478   -1830124.750000
10479   -1830125.375000
10480   -1830126.250000
10481   -1830126.750000
10482   -1830127.375000
10483   -1830128.000000
10484   -1830128.750000
10485   -1830129.375000
10486   -1830130.000000
10487   -1830130.750000
10488   -1830131.500000
10489   -1830132.125000
10490   -1830132.750000
10491   -1830133.500000
10492   -1830134.000000
10493   -1830134.750000
10494   -1830135.500000
10495   -1830136.250000
10496   -1830136.750000
10497   -1830137.500000
10498   -1830138.125000
10499   -1830138.875000
10500   -1830139.250000
10501   -1830140.000000
10502   -1830140.625000
10503   -1830141.250000
10504   -1830142.000000
10505   -1830142.625000
10506   -1830143.125000
10507   -1830143.750000
10508   -1830144.500000
10509   -1830145.000000
10510   -1830145.750000
10511   -1830146.500000
10512   -1830147.000000
10513   -1830147.750000
10514   -1830148.250000
10515   -1830149.000000
10516   -1830149.375000
10517   -1830150.250000
10518   -1830150.750000
10519   -1830151.375000
10520   -1830152.250000
10521   -1830152.625000
10522   -1830153.125000
10523   -1830153.750000
10524   -1830154.500000
10525   -1830155.000000
10526   -1830155.750000
10527   -1830156.375000
10528   -1830157.000000
10529   -1830157.750000
10530   -1830158.250000
10531   -1830158.875000
10532   -1830159.500000
10533   -1830159.875000
10534   -1830160.500000
10535   -1830161.125000
10536   -1830161.750000
10537   -1830162.500000
10538   -1830162.750000
10539   -1830163.500000
10540   -1830164.000000
10541   -1830164.500000
10542   -1830165.250000
10543   -1830165.750000
10544   -1830166.250000
10545   -1830167.000000
10546   -1830167.500000
10547   -1830167.875000
10548   -1830168.625000
10549   -1830169.125000
10550   -1830169.750000
10551   -1830170.250000
10552   -1830170.750000
10553   -1830171.375000
10554   -1830172.125000
10555   -1830172.625000
10556   -1830173.125000
10557   -1830173.750000
10558   -1830174.250000
10559   -1830175.000000
10560   -1830175.250000
10561   -1830175.750000
10562   -1830176.500000
10563   -1830177.250000
10564   -1830177.500000
10565   -1830178.125000
10566   -1830178.750000
10567   -1830179.250000
10568   -1830179.750000
10569   -1830180.250000
10570   -1830180.875000
10571   -1830181.375000
10572   -1830182.000000
10573   -1830182.375000
10574   -1830182.875000
10575   -1830183.625000
10576   -1830184.125000
10577   -1830184.625000
10578   -1830185.125000
10579   -1830185.750000
10580   -1830186.250000
10581   -1830186.750000
10582   -1830187.250000
10583   -1830187.750000
10584   -1830188.375000
10585   -1830188.875000
10586   -1830189.500000
10587   -1830190.125000
10588   -1830190.750000
10589   -1830191.250000
10590   -1830191.500000
10591   -1830192.250000
10592   -1830192.750000
10593   -1830193.250000
10594   -1830193.750000
10595   -1830194.375000
10596   -1830194.875000
10597   -1830195.250000
10598   -1830196.000000
10599   -1830196.500000
10600   -1830197.000000
10601   -1830197.500000
10602   -1830198.000000
10603   -1830198.625000
10604   -1830199.125000
10605   -1830199.750000
10606   -1830200.125000
10607   -1830200.500000
10608   -1830201.250000
10609   -1830201.750000
10610   -1830202.250000
10611   -1830202.750000
10612   -1830203.500000
10613   -1830204.000000
10614   -1830204.500000
10615   -1830205.000000
10616   -1830205.500000
10617   -1830206.000000
10618   -1830206.500000
10619   -1830207.000000
10620   -1830207.500000
10621   -1830208.250000
10622   -1830208.750000
10623   -1830209.250000
10624   -1830209.750000
10625   -1830210.500000
10626   -1830211.000000
10627   -1830211.500000
10628   -1830212.000000
10629   -1830212.750000
10630   -1830213.000000
10631   -1830213.500000
10632   -1830214.250000
10633   -1830214.875000
10634   -1830215.375000
10635   -1830215.750000
10636   -1830216.250000
10637   -1830216.875000
10638   -1830217.250000
10639   -1830217.875000
10640   -1830218.625000
10641   -1830219.250000
10642   -1830219.750000
10643   -1830220.125000
10644   -1830220.500000
10645   -1830221.000000
10646   -1830221.750000
10647   -1830222.250000
10648   -1830222.750000
10649   -1830223.375000
10650   -1830223.750000
10651   -1830224.250000
10652   -1830225.000000
10653   -1830225.500000
10654   -1830226.000000
10655   -1830226.500000
10656   -1830227.000000
10657   -1830227.750000
10658   -1830228.125000
10659   -1830228.500000
10660   -1830229.125000
10661   -1830229.750000
10662   -1830230.500000
10663   -1830231.000000
10664   -1830231.500000
10665   -1830232.000000
10666   -1830232.500000
10667   -1830233.125000
10668   -1830233.750000
10669   -1830234.250000
10670   -1830235.000000
10671   -1830235.500000
10672   -1830236.000000
10673   -1830236.500000
10674   -1830236.875000
10675   -1830237.500000
10676   -1830238.125000
10677   -1830238.750000
10678   -1830239.250000
10679   -1830239.750000
10680   -1830240.250000
10681   -1830240.875000
10682   -1830241.500000
10683   -1830242.250000
10684   -1830242.750000
10685   -1830243.250000
10686   -1830243.750000
10687   -1830244.250000
10688   -1830245.000000
10689   -1830245.500000
10690   -1830246.250000
10691   -1830246.625000
10692   -1830247.250000
10693   -1830248.000000
10694   -1830248.500000
10695   -1830249.250000
10696   -1830249.500000
10697   -1830249.875000
10698   -1830250.500000
10699   -1830251.250000
10700   -1830251.750000
10701   -1830252.375000
10702   -1830252.875000
10703   -1830253.625000
10704   -1830254.125000
10705   -1830254.625000
10706   -1830255.250000
10707   -1830256.000000
10708   -1830256.500000
10709   -1830257.125000
10710   -1830257.500000
10711   -1830258.125000
10712   -1830258.750000
10713   -1830259.375000
10714   -1830260.000000
10715   -1830260.500000
10716   -1830261.250000
10717   -1830261.750000
10718   -1830262.500000
10719   -1830263.000000
10720   -1830263.500000
10721   -1830264.125000
10722   -1830264.750000
10723   -1830265.375000
10724   -1830266.000000
10725   -1830266.625000
10726   -1830267.250000
10727   -1830267.750000
10728   -1830268.250000
10729   -1830268.750000
10730   -1830269.500000
10731   -1830270.000000
10732   -1830270.750000
10733   -1830271.375000
10734   -1830272.000000
10735   -1830272.500000
10736   -1830273.250000
10737   -1830274.000000
10738   -1830274.375000
10739   -1830275.000000
10740   -1830275.750000
10741   -1830276.375000
10742   -1830277.000000
10743   -1830277.750000
10744   -1830278.125000
10745   -1830279.000000
10746   -1830279.750000
10747   -1830280.250000
10748   -1830281.000000
10749   -1830281.625000
10750   -1830282.250000
10751   -1830282.750000
10752   -1830283.625000
10753   -1830284.000000
10754   -1830285.000000
10755   -1830285.500000
10756   -1830286.250000
10757   -1830286.750000
10758   -1830287.375000
10759   -1830288.250000
10760   -1830288.750000
10761   -1830289.500000
10762   -1830290.250000
10763   -1830290.750000
10764   -1830291.500000
10765   -1830292.250000
10766   -1830293.000000
10767   -1830293.625000
10768   -1830294.500000
10769   -1830295.000000
10770   -1830295.500000
10771   -1830296.250000
10772   -1830297.000000
10773   -1830297.750000
10774   -1830298.250000
10775   -1830299.000000
10776   -1830299.875000
10777   -1830300.625000
10778   -1830301.250000
10779   -1830302.000000
10780   -1830302.750000
10781   -1830303.500000
10782   -1830304.125000
10783   -1830305.000000
10784   -1830305.750000
10785   -1830306.250000
10786   -1830307.000000
10787   -1830307.750000
10788   -1830308.375000
10789   -1830309.250000
10790   -1830309.875000
10791   -1830311.000000
10792   -1830311.500000
10793   -1830312.250000
10794   -1830313.000000
10795   -1830313.625000
10796   -1830314.500000
10797   -1830315.250000
10798   -1830316.000000
10799   -1830316.750000
10800   -1830317.500000
10801   -1830318.250000
10802   -1830319.000000
10803   -1830319.750000
10804   -1830320.500000
10805   -1830321.250000
10806   -1830322.125000
10807   -1830322.875000
10808   -1830323.500000
10809   -1830324.250000
10810   -1830324.875000
10811   -1830325.750000
10812   -1830326.375000
10813   -1830327.500000
10814   -1830328.125000
10815   -1830328.750000
10816   -1830329.750000
10817   -1830330.375000
10818   -1830331.250000
10819   -1830332.000000
10820   -1830332.750000
10821   -1830333.500000
10822   -1830334.250000
10823   -1830335.125000
10824   -1830336.000000
10825   -1830336.500000
10826   -1830337.250000
10827   -1830338.000000
10828   -1830338.750000
10829   -1830339.750000
10830   -1830340.375000
10831   -1830341.125000
10832   -1830341.875000
10833   -1830342.750000
10834   -1830343.500000
10835   -1830344.250000
10836   -1830345.000000
10837   -1830345.875000
10838   -1830346.500000
10839   -1830347.500000
10840   -1830348.250000
10841   -1830348.875000
10842   -1830349.500000
10843   -1830350.500000
10844   -1830351.375000
10845   -1830352.125000
10846   -1830352.875000
10847   -1830353.500000
10848   -1830354.500000
10849   -1830355.125000
10850   -1830356.125000
10851   -1830356.875000
10852   -1830357.500000
10853   -1830358.250000
10854   -1830359.250000
10855   -1830359.625000
10856   -1830360.625000
10857   -1830361.250000
10858   -1830362.000000
10859   -1830363.000000
10860   -1830363.750000
10861   -1830364.375000
10862   -1830365.250000
10863   -1830365.750000
10864   -1830366.625000
10865   -1830367.250000
10866   -1830368.250000
10867   -1830368.750000
10868   -1830369.750000
10869   -1830370.500000
10870   -1830371.000000
10871   -1830371.750000
10872   -1830372.750000
10873   -1830373.250000
10874   -1830374.250000
10875   -1830375.000000
10876   -1830375.750000
10877   -1830376.500000
10878   -1830377.125000
10879   -1830378.000000
10880   -1830378.500000
10881   -1830379.500000
10882   -1830380.250000
10883   -1830380.875000
10884   -1830381.750000
10885   -1830382.500000
10886   -1830383.250000
10887   -1830384.000000
10888   -1830384.875000
10889   -1830385.500000
10890   -1830386.250000
10891   -1830387.000000
10892   -1830387.875000
10893   -1830388.625000
10894   -1830389.500000
10895   -1830390.250000
10896   -1830390.875000
10897   -1830391.750000
10898   -1830392.250000
10899   -1830393.250000
10900   -1830393.875000
10901   -1830394.750000
10902   -1830395.375000
10903   -1830396.250000
10904   -1830396.750000
10905   -1830397.750000
10906   -1830398.625000
10907   -1830399.125000
10908   -1830400.250000
10909   -1830400.875000
10910   -1830401.500000
10911   -1830402.375000
10912   -1830403.125000
10913   -1830403.875000
10914   -1830404.875000
10915   -1830405.750000
10916   -1830406.250000
10917   -1830407.125000
10918   -1830408.000000
10919   -1830408.875000
10920   -1830409.750000
10921   -1830410.125000
10922   -1830411.000000
10923   -1830411.750000
10924   -1830412.750000
10925   -1830413.500000
10926   -1830414.250000
10927   -1830415.250000
10928   -1830416.125000
10929   -1830417.000000
10930   -1830417.750000
10931   -1830418.625000
10932   -1830419.375000
10933   -1830420.500000
10934   -1830421.125000
10935   -1830422.000000
10936   -1830422.750000
10937   -1830423.750000
10938   -1830424.625000
10939   -1830425.500000
10940   -1830426.250000
10941   -1830427.125000
10942   -1830427.875000
10943   -1830429.000000
10944   -1830429.750000
10945   -1830430.625000
10946   -1830431.500000
10947   -1830432.500000
10948   -1830433.250000
10949   -1830434.375000
10950   -1830435.375000
10951   -1830436.250000
10952   -1830437.000000
10953   -1830438.000000
10954   -1830438.875000
10955   -1830439.875000
10956   -1830440.750000
10957   -1830441.750000
10958   -1830442.625000
10959   -1830443.625000
10960   -1830444.750000
10961   -1830445.500000
10962   -1830446.500000
10963   -1830447.500000
10964   -1830448.375000
10965   -1830449.375000
10966   -1830450.250000
10967   -1830451.250000
10968   -1830452.375000
10969   -1830453.250000
10970   -1830454.250000
10971   -1830455.250000
10972   -1830456.250000
10973   -1830457.250000
10974   -1830458.250000
10975   -1830459.125000
10976   -1830460.250000
10977   -1830461.250000
10978   -1830462.125000
10979   -1830463.125000
10980   -1830464.250000
10981   -1830465.250000
10982   -1830466.375000
10983   -1830467.500000
10984   -1830468.500000
10985   -1830469.500000
10986   -1830470.500000
10987   -1830471.625000
10988   -1830472.500000
10989   -1830473.500000
10990   -1830474.500000
10991   -1830475.750000
10992   -1830476.750000
10993   -1830477.750000
10994   -1830478.750000
10995   -1830479.875000
10996   -1830480.750000
10997   -1830482.000000
10998   -1830483.000000
10999   -1830484.250000
11000   -1830485.250000
11001   -1830486.250000
11002   -1830487.375000
11003   -1830488.500000
11004   -1830489.500000
11005   -1830490.375000
11006   -1830491.750000
11007   -1830492.750000
11008   -1830493.750000
11009   -1830494.750000
11010   -1830496.000000
11011   -1830496.750000
11012   -1830498.250000
11013   -1830499.000000
11014   -1830500.250000
11015   -1830501.250000
11016   -1830502.375000
11017   -1830503.500000
11018   -1830504.625000
11019   -1830505.500000
11020   -1830506.750000
11021   -1830507.875000
11022   -1830508.625000
11023   -1830510.000000
11024   -1830511.000000
11025   -1830512.125000
11026   -1830513.000000
11027   -1830514.000000
11028   -1830515.000000
11029   -1830516.250000
11030   -1830517.250000
11031   -1830518.375000
11032   -1830519.375000
11033   -1830520.500000
11034   -1830521.750000
11035   -1830522.750000
11036   -1830523.625000
11037   -1830524.500000
11038   -1830526.000000
11039   -1830526.625000
11040   -1830527.875000
11041   -1830528.750000
11042   -1830529.875000
11043   -1830530.750000
11044   -1830531.750000
11045   -1830533.000000
11046   -1830534.000000
11047   -1830535.125000
11048   -1830536.125000
11049   -1830537.000000
11050   -1830538.125000
11051   -1830539.125000
11052   -1830540.125000
11053   -1830541.125000
11054   -1830542.250000
11055   -1830543.375000
11056   -1830544.250000
11057   -1830545.250000
11058   -1830546.500000
11059   -1830547.250000
11060   -1830548.250000
11061   -1830549.250000
11062   -1830550.125000
11063   -1830551.125000
11064   -1830552.125000
11065   -1830553.125000
11066   -1830554.250000
11067   -1830555.125000
11068   -1830556.250000
11069   -1830557.250000
11070   -1830558.125000
11071   -1830559.125000
11072   -1830560.250000
11073   -1830561.000000
11074   -1830562.000000
11075   -1830562.750000
11076   -1830563.875000
11077   -1830564.750000
11078   -1830565.500000
11079   -1830566.500000
11080   -1830567.500000
11081   -1830568.500000
11082   -1830569.500000
11083   -1830570.500000
11084   -1830571.250000
11085   -1830572.000000
11086   -1830573.000000
11087   -1830574.000000
11088   -1830574.875000
11089   -1830576.000000
11090   -1830576.750000
11091   -1830577.750000
11092   -1830578.875000
11093   -1830579.750000
11094   -1830580.375000
11095   -1830581.375000
11096   -1830582.500000
11097   -1830583.125000
11098   -1830584.000000
11099   -1830585.000000
11100   -1830585.875000
11101   -1830586.750000
11102   -1830587.625000
11103   -1830588.375000
11104   -1830589.250000
11105   -1830590.250000
11106   -1830591.000000
11107   -1830591.625000
11108   -1830592.750000
11109   -1830593.500000
11110   -1830594.250000
11111   -1830595.000000
11112   -1830595.875000
11113   -1830596.750000
11114   -1830597.625000
11115   -1830598.500000
11116   -1830599.250000
11117   -1830600.125000
11118   -1830600.875000
11119   -1830601.625000
11120   -1830602.500000
11121   -1830603.250000
11122   -1830604.125000
11123   -1830605.000000
11124   -1830605.750000
11125   -1830606.500000
11126   -1830607.375000
11127   -1830608.000000
11128   -1830608.750000
11129   -1830609.750000
11130   -1830610.500000
11131   -1830611.250000
11132   -1830612.000000
11133   -1830612.750000
11134   -1830613.625000
11135   -1830614.250000
11136   -1830615.000000
11137   -1830615.750000
11138   -1830616.500000
11139   -1830617.625000
11140   -1830618.125000
11141   -1830618.750000
11142   -1830619.750000
11143   -1830620.500000
11144   -1830620.875000
11145   -1830621.750000
11146   -1830622.250000
11147   -1830622.875000
11148   -1830623.875000
11149   -1830624.500000
11150   -1830625.250000
11151   -1830626.000000
11152   -1830626.625000
11153   -1830627.125000
11154   -1830627.750000
11155   -1830628.500000
11156   -1830629.125000
11157   -1830630.000000
11158   -1830630.500000
11159   -1830631.250000
11160   -1830631.750000
11161   -1830632.375000
11162   -1830633.250000
11163   -1830633.875000
11164   -1830634.500000
11165   -1830635.125000
11166   -1830635.875000
11167   -1830636.250000
11168   -1830637.250000
11169   -1830637.750000
11170   -1830638.125000
11171   -1830639.000000
11172   -1830639.750000
11173   -1830640.250000
11174   -1830641.000000
11175   -1830641.500000
11176   -1830642.125000
11177   -1830642.750000
11178   -1830643.375000
11179   -1830644.000000
11180   -1830644.500000
11181   -1830645.250000
11182   -1830645.750000
11183   -1830646.500000
11184   -1830647.125000
11185   -1830647.750000
11186   -1830648.250000
11187   -1830648.875000
11188   -1830649.250000
11189   -1830650.000000
11190   -1830650.500000
11191   -1830651.000000
11192   -1830651.750000
11193   -1830652.125000
11194   -1830652.750000
11195   -1830653.250000
11196   -1830653.750000
11197   -1830654.625000
11198   -1830655.125000
11199   -1830655.750000
11200   -1830656.000000
11201   -1830657.000000
11202   -1830657.375000
11203   -1830658.000000
11204   -1830658.500000
11205   -1830659.000000
11206   -1830659.625000
11207   -1830660.000000
11208   -1830660.875000
11209   -1830661.500000
11210   -1830661.750000
11211   -1830662.500000
11212   -1830663.000000
11213   -1830663.625000
11214   -1830664.125000
11215   -1830664.625000
11216   -1830665.000000
11217   -1830665.625000
11218   -1830666.125000
11219   -1830666.500000
11220   -1830667.250000
11221   -1830667.500000
11222   -1830668.000000
11223   -1830668.375000
11224   -1830669.000000
11225   -1830669.375000
11226   -1830670.000000
11227   -1830670.625000
11228   -1830671.000000
11229   -1830671.750000
11230   -1830672.125000
11231   -1830672.750000
11232   -1830673.250000
11233   -1830673.500000
11234   -1830674.125000
11235   -1830674.625000
11236   -1830675.250000
11237   -1830675.875000
11238   -1830676.250000
11239   -1830676.750000
11240   -1830677.000000
11241   -1830677.750000
11242   -1830678.250000
11243   -1830679.000000
11244   -1830679.375000
11245   -1830680.000000
11246   -1830680.500000
11247   -1830680.750000
11248   -1830681.500000
11249   -1830682.125000
11250   -1830682.500000
11251   -1830683.000000
11252   -1830683.625000
11253   -1830684.000000
11254   -1830684.500000
11255   -1830685.125000
11256   -1830685.500000
11257   -1830686.000000
11258   -1830686.750000
11259   -1830687.250000
11260   -1830687.750000
11261   -1830688.250000
11262   -1830688.875000
11263   -1830689.250000
11264   -1830690.000000
11265   -1830690.500000
11266   -1830690.875000
11267   -1830691.500000
11268   -1830692.000000
11269   -1830692.250000
11270   -1830693.000000
11271   -1830693.625000
11272   -1830694.000000
11273   -1830694.750000
11274   -1830695.125000
11275   -1830695.500000
11276   -1830696.250000
11277   -1830696.750000
11278   -1830697.250000
11279   -1830697.750000
11280   -1830698.250000
11281   -1830699.000000
11282   -1830699.500000
11283   -1830700.250000
11284   -1830700.750000
11285   -1830701.125000
11286   -1830701.750000
11287   -1830702.250000
11288   -1830703.000000
11289   -1830703.500000
11290   -1830703.875000
11291   -1830704.625000
11292   -1830705.000000
11293   -1830705.750000
11294   -1830706.500000
11295   -1830706.750000
11296   -1830707.500000
11297   -1830708.250000
11298   -1830708.500000
11299   -1830709.125000
11300   -1830709.875000
11301   -1830710.375000
11302   -1830711.000000
11303   -1830711.625000
11304   -1830712.250000
11305   -1830713.000000
11306   -1830713.250000
11307   -1830714.000000
11308   -1830714.500000
11309   -1830715.000000
11310   -1830715.750000
11311   -1830716.250000
11312   -1830717.000000
11313   -1830717.375000
11314   -1830718.000000
11315   -1830718.750000
11316   -1830719.250000
11317   -1830719.750000
11318   -1830720.500000
11319   -1830721.125000
11320   -1830721.750000
11321   -1830722.500000
11322   -1830723.000000
11323   -1830723.250000
11324   -1830724.125000
11325   -1830724.500000
11326   -1830725.000000
11327   -1830725.750000
11328   -1830726.375000
11329   -1830727.250000
11330   -1830727.625000
11331   -1830728.125000
11332   -1830728.875000
11333   -1830729.500000
11334   -1830730.125000
11335   -1830730.625000
11336   -1830731.000000
11337   -1830732.000000
11338   -1830732.500000
11339   -1830733.250000
11340   -1830733.750000
11341   -1830734.250000
11342   -1830735.000000
11343   -1830735.625000
11344   -1830736.250000
11345   -1830736.750000
11346   -1830737.500000
11347   -1830738.000000
11348   -1830738.625000
11349   -1830739.125000
11350   -1830739.750000
11351   -1830740.500000
11352   -1830740.875000
11353   -1830741.625000
11354   -1830742.500000
11355   -1830743.000000
11356   -1830743.500000
11357   -1830744.125000
11358   -1830744.750000
11359   -1830745.375000
11360   -1830746.000000
11361   -1830746.625000
11362   -1830747.250000
11363   -1830747.750000
11364   -1830748.375000
11365   -1830749.250000
11366   -1830749.500000
11367   -1830750.250000
11368   -1830751.000000
11369   -1830751.625000
11370   -1830752.000000
11371   -1830752.750000
11372   -1830753.500000
11373   -1830754.000000
11374   -1830754.625000
11375   -1830755.500000
11376   -1830755.750000
11377   -1830756.500000
11378   -1830757.250000
11379   -1830757.750000
11380   -1830758.500000
11381   -1830759.000000
11382   -1830759.750000
11383   -1830760.375000
11384   -1830761.000000
11385   -1830761.500000
11386   -1830762.250000
11387   -1830762.875000
11388   -1830763.250000
11389   -1830764.000000
11390   -1830764.625000
11391   -1830765.125000
11392   -1830765.750000
11393   -1830766.500000
11394   -1830767.125000
11395   -1830767.750000
11396   -1830768.375000
11397   -1830769.000000
11398   -1830769.750000
11399   -1830770.000000
11400   -1830770.875000
11401   -1830771.250000
11402   -1830772.000000
11403   -1830772.625000
11404   -1830773.375000
11405   -1830773.875000
11406   -1830774.500000
11407   -1830775.250000
11408   -1830775.500000
11409   -1830776.375000
11410   -1830776.875000
11411   -1830777.625000
11412   -1830778.125000
11413   -1830778.750000
11414   -1830779.500000
11415   -1830780.000000
11416   -1830780.625000
11417   -1830781.250000
11418   -1830782.000000
11419   -1830782.750000
11420   -1830783.250000
11421   -1830783.750000
11422   -1830784.375000
11423   -1830785.250000
11424   -1830785.750000
11425   -1830786.375000
11426   -1830786.750000
11427   -1830787.500000
11428   -1830788.000000
11429   -1830788.875000
11430   -1830789.250000
11431   -1830790.000000
11432   -1830790.750000
11433   -1830791.250000
11434   -1830791.875000
11435   -1830792.250000
11436   -1830793.500000
11437   -1830793.625000
11438   -1830794.375000
11439   -1830795.000000
11440   -1830795.625000
11441   -1830796.250000
11442   -1830796.750000
11443   -1830797.500000
11444   -1830798.000000
11445   -1830798.625000
11446   -1830799.125000
11447   -1830800.250000
11448   -1830800.500000
11449   -1830801.000000
11450   -1830801.750000
11451   -1830802.375000
11452   -1830802.750000
11453   -1830803.750000
11454   -1830804.500000
11455   -1830804.875000
11456   -1830805.375000
11457   -1830806.125000
11458   -1830806.750000
11459   -1830807.250000
11460   -1830808.125000
11461   -1830808.625000
11462   -1830809.125000
11463   -1830809.875000
11464   -1830810.375000
11465   -1830811.125000
11466   -1830811.500000
11467   -1830812.125000
11468   -1830813.125000
11469   -1830813.500000
11470   -1830814.000000
11471   -1830814.750000
11472   -1830815.250000
11473   -1830816.000000
11474   -1830816.625000
11475   -1830817.250000
11476   -1830817.750000
11477   -1830818.625000
11478   -1830819.000000
11479   -1830820.000000
11480   -1830820.500000
11481   -1830821.250000
11482   -1830821.750000
11483   -1830822.500000
11484   -1830823.000000
11485   -1830823.500000
11486   -1830824.250000
11487   -1830824.875000
11488   -1830825.500000
11489   -1830826.375000
11490   -1830826.875000
11491   -1830827.375000
11492   -1830828.000000
11493   -1830828.625000
11494   -1830829.250000
11495   -1830830.000000
11496   -1830830.375000
11497   -1830830.875000
11498   -1830831.500000
11499   -1830832.250000
11500   -1830833.000000
11501   -1830833.500000
11502   -1830834.000000
11503   -1830834.750000
11504   -1830835.500000
11505   -1830836.000000
11506   -1830836.500000
11507   -1830837.500000
11508   -1830837.750000
11509   -1830838.750000
11510   -1830839.375000
11511   -1830839.750000
11512   -1830840.500000
11513   -1830841.250000
11514   -1830842.000000
11515   -1830842.500000
11516   -1830843.250000
11517   -1830843.750000
11518   -1830844.500000
11519   -1830845.000000
11520   -1830845.750000
11521   -1830846.250000
11522   -1830847.125000
11523   -1830847.750000
11524   -1830848.250000
11525   -1830849.000000
11526   -1830849.875000
11527   -1830850.000000
11528   -1830851.000000
11529   -1830852.000000
11530   -1830852.250000
11531   -1830853.000000
11532   -1830853.750000
11533   -1830854.375000
11534   -1830855.125000
11535   -1830855.750000
11536   -1830856.500000
11537   -1830857.000000
11538   -1830857.875000
11539   -1830858.375000
11540   -1830859.250000
11541   -1830860.000000
11542   -1830860.375000
11543   -1830861.250000
11544   -1830862.000000
11545   -1830862.500000
11546   -1830863.375000
11547   -1830864.000000
11548   -1830864.750000
11549   -1830865.375000
11550   -1830866.000000
11551   -1830866.750000
11552   -1830867.625000
11553   -1830868.250000
11554   -1830868.875000
11555   -1830869.750000
11556   -1830870.250000
11557   -1830871.125000
11558   -1830871.750000
11559   -1830872.500000
11560   -1830873.250000
11561   -1830873.750000
11562   -1830874.500000
11563   -1830875.500000
11564   -1830876.000000
11565   -1830877.000000
11566   -1830877.375000
11567   -1830878.250000
11568   -1830879.000000
11569   -1830879.625000
11570   -1830880.375000
11571   -1830881.250000
11572   -1830882.000000
11573   -1830882.750000
11574   -1830883.500000
11575   -1830884.125000
11576   -1830884.875000
11577   -1830885.500000
11578   -1830886.375000
11579   -1830887.000000
11580   -1830887.875000
11581   -1830888.500000
11582   -1830889.000000
11583   -1830890.000000
11584   -1830891.000000
11585   -1830891.250000
11586   -1830892.000000
11587   -1830893.000000
11588   -1830893.750000
11589   -1830894.375000
11590   -1830895.000000
11591   -1830895.625000
11592   -1830896.750000
11593   -1830897.250000
11594   -1830898.125000
11595   -1830898.500000
11596   -1830899.500000
11597   -1830900.250000
11598   -1830900.750000
11599   -1830901.625000
11600   -1830902.500000
11601   -1830903.250000
11602   -1830903.750000
11603   -1830904.500000
11604   -1830905.250000
11605   -1830905.750000
11606   -1830906.750000
11607   -1830907.375000
11608   -1830908.125000
11609   -1830908.750000
11610   -1830909.500000
11611   -1830910.250000
11612   -1830911.000000
11613   -1830911.750000
11614   -1830912.500000
11615   -1830913.125000
11616   -1830913.750000
11617   -1830914.625000
11618   -1830915.125000
11619   -1830915.750000
11620   -1830916.750000
11621   -1830917.250000
11622   -1830918.000000
11623   -1830918.750000
11624   -1830919.500000
11625   -1830920.250000
11626   -1830920.750000
11627   -1830921.750000
11628   -1830922.250000
11629   -1830922.875000
11630   -1830923.250000
11631   -1830924.375000
11632   -1830924.875000
11633   -1830925.750000
11634   -1830926.250000
11635   -1830927.000000
11636   -1830927.625000
11637   -1830928.500000
11638   -1830929.000000
11639   -1830929.750000
11640   -1830930.500000
11641   -1830931.000000
11642   -1830931.750000
11643   -1830932.500000
11644   -1830933.250000
11645   -1830933.750000
11646   -1830934.500000
11647   -1830935.000000
11648   -1830935.750000
11649   -1830936.500000
11650   -1830937.250000
11651   -1830937.750000
11652   -1830938.500000
11653   -1830939.250000
11654   -1830939.750000
11655   -1830940.500000
11656   -1830941.250000
11657   -1830941.750000
11658   -1830942.500000
11659   -1830943.250000
11660   -1830943.750000
11661   -1830944.500000
11662   -1830945.125000
11663   -1830945.750000
11664   -1830946.375000
11665   -1830947.250000
11666   -1830947.750000
11667   -1830948.500000
11668   -1830949.250000
11669   -1830949.750000
11670   -1830950.500000
11671   -1830951.250000
11672   -1830951.750000
11673   -1830952.500000
11674   -1830953.250000
11675   -1830953.750000
11676   -1830954.500000
11677   -1830955.000000
11678   -1830955.750000
11679   -1830956.500000
11680   -1830957.000000
11681   -1830957.500000
11682   -1830958.250000
11683   -1830958.875000
11684   -1830959.500000
11685   -1830960.500000
11686   -1830960.750000
11687   -1830961.625000
11688   -1830962.125000
11689   -1830962.875000
11690   -1830963.375000
11691   -1830964.125000
11692   -1830964.750000
11693   -1830965.500000
11694   -1830966.125000
11695   -1830966.750000
11696   -1830967.500000
11697   -1830968.250000
11698   -1830968.875000
11699   -1830969.375000
11700   -1830970.250000
11701   -1830970.750000
11702   -1830971.250000
11703   -1830972.125000
11704   -1830972.750000
11705   -1830973.500000
11706   -1830974.000000
11707   -1830974.750000
11708   -1830975.250000
11709   -1830976.000000
11710   -1830976.500000
11711   -1830977.250000
11712   -1830977.875000
11713   -1830978.500000
11714   -1830979.375000
11715   -1830980.000000
11716   -1830980.625000
11717   -1830981.250000
11718   -1830982.000000
11719   -1830982.875000
11720   -1830983.375000
11721   -1830984.125000
11722   -1830984.750000
11723   -1830985.375000
11724   -1830986.000000
11725   -1830986.750000
11726   -1830987.500000
11727   -1830988.000000
11728   -1830989.000000
11729   -1830989.250000
11730   -1830990.125000
11731   -1830991.000000
11732   -1830991.500000
11733   -1830992.250000
11734   -1830992.750000
11735   -1830993.500000
11736   -1830994.250000
11737   -1830994.750000
11738   -1830995.500000
11739   -1830996.250000
11740   -1830996.875000
11741   -1830997.500000
11742   -1830998.125000
11743   -1830998.875000
11744   -1830999.500000
11745   -1831000.125000
11746   -1831000.750000
11747   -1831001.375000
11748   -1831002.125000
11749   -1831002.875000
11750   -1831003.375000
11751   -1831004.250000
11752   -1831004.750000
11753   -1831005.500000
11754   -1831006.000000
11755   -1831006.750000
11756   -1831007.500000
11757   -1831008.000000
11758   -1831008.625000
11759   -1831009.250000
11760   -1831010.000000
11761   -1831010.750000
11762   -1831011.375000
11763   -1831011.875000
11764   -1831012.750000
11765   -1831013.250000
11766   -1831014.000000
11767   -1831014.625000
11768   -1831015.250000
11769   -1831015.875000
11770   -1831016.625000
11771   -1831017.375000
11772   -1831017.750000
11773   -1831018.500000
11774   -1831019.125000
11775   -1831020.000000
11776   -1831020.250000
11777   -1831021.125000
11778   -1831021.750000
11779   -1831022.500000
11780   -1831023.000000
11781   -1831024.000000
11782   -1831024.500000
11783   -1831025.125000
11784   -1831025.750000
11785   -1831026.500000
11786   -1831027.000000
11787   -1831027.875000
11788   -1831028.500000
11789   -1831029.000000
11790   -1831029.875000
11791   -1831030.375000
11792   -1831031.250000
11793   -1831031.750000
11794   -1831032.500000
11795   -1831033.000000
11796   -1831033.750000
11797   -1831034.250000
11798   -1831034.875000
11799   -1831035.500000
11800   -1831036.250000
11801   -1831037.000000
11802   -1831037.500000
11803   -1831038.000000
11804   -1831039.000000
11805   -1831039.625000
11806   -1831040.125000
11807   -1831040.750000
11808   -1831041.500000
11809   -1831042.000000
11810   -1831042.625000
11811   -1831043.375000
11812   -1831044.000000
11813   -1831044.500000
11814   -1831045.250000
11815   -1831046.000000
11816   -1831046.500000
11817   -1831047.125000
11818   -1831047.750000
11819   -1831048.375000
11820   -1831048.875000
11821   -1831049.750000
11822   -1831050.500000
11823   -1831050.750000
11824   -1831051.750000
11825   -1831052.000000
11826   -1831052.625000
11827   -1831053.250000
11828   -1831053.875000
11829   -1831054.500000
11830   -1831055.375000
11831   -1831055.875000
11832   -1831056.500000
11833   -1831057.250000
11834   -1831057.750000
11835   -1831058.500000
11836   -1831059.125000
11837   -1831059.500000
11838   -1831060.250000
11839   -1831060.875000
11840   -1831061.500000
11841   -1831062.250000
11842   -1831062.750000
11843   -1831063.500000
11844   -1831064.125000
11845   -1831064.625000
11846   -1831065.250000
11847   -1831065.750000
11848   -1831066.625000
11849   -1831067.250000
11850   -1831067.750000
11851   -1831068.500000
11852   -1831069.000000
11853   -1831069.625000
11854   -1831070.250000
11855   -1831070.750000
11856   -1831071.500000
11857   -1831072.125000
11858   -1831072.750000
11859   -1831073.250000
11860   -1831074.000000
11861   -1831074.500000
11862   -1831075.250000
11863   -1831075.875000
11864   -1831076.500000
11865   -1831077.250000
11866   -1831077.750000
11867   -1831078.375000
11868   -1831079.000000
11869   -1831079.500000
11870   -1831080.000000
11871   -1831080.750000
11872   -1831081.500000
11873   -1831081.750000
11874   -1831082.750000
11875   -1831083.250000
11876   -1831083.750000
11877   -1831084.500000
11878   -1831085.000000
11879   -1831085.500000
11880   -1831086.250000
11881   -1831086.750000
11882   -1831087.625000
11883   -1831088.000000
11884   -1831088.750000
11885   -1831089.375000
11886   -1831089.750000
11887   -1831090.500000
11888   -1831091.000000
11889   -1831091.750000
11890   -1831092.250000
11891   -1831092.875000
11892   -1831093.500000
11893   -1831094.000000
11894   -1831094.750000
11895   -1831095.000000
11896   -1831095.750000
11897   -1831096.500000
11898   -1831097.000000
11899   -1831097.500000
11900   -1831098.250000
11901   -1831098.875000
11902   -1831099.500000
11903   -1831100.000000
11904   -1831100.750000
11905   -1831101.250000
11906   -1831102.000000
11907   -1831102.500000
11908   -1831103.125000
11909   -1831103.500000
11910   -1831104.125000
11911   -1831104.750000
11912   -1831105.375000
11913   -1831106.000000
11914   -1831106.500000
11915   -1831107.375000
11916   -1831107.750000
11917   -1831108.375000
11918   -1831109.000000
11919   -1831109.750000
11920   -1831110.125000
11921   -1831110.750000
11922   -1831111.125000
11923   -1831111.875000
11924   -1831112.375000
11925   -1831113.000000
11926   -1831113.750000
11927   -1831114.250000
11928   -1831114.875000
11929   -1831115.375000
11930   -1831116.000000
11931   -1831116.750000
11932   -1831117.250000
11933   -1831117.750000
11934   -1831118.250000
11935   -1831119.000000
11936   -1831119.500000
11937   -1831120.250000
11938   -1831120.750000
11939   -1831121.250000
11940   -1831121.875000
11941   -1831122.500000
11942   -1831123.000000
11943   -1831123.500000
11944   -1831124.000000
11945   -1831124.500000
11946   -1831125.250000
11947   -1831125.750000
11948   -1831126.500000
11949   -1831127.000000
11950   -1831127.500000
11951   -1831128.125000
11952   -1831128.750000
11953   -1831129.250000
11954   -1831129.750000
11955   -1831130.250000
11956   -1831131.000000
11957   -1831131.750000
11958   -1831132.125000
11959   -1831132.750000
11960   -1831133.250000
11961   -1831133.750000
11962   -1831134.375000
11963   -1831134.875000
11964   -1831135.500000
11965   -1831136.250000
11966   -1831136.750000
11967   -1831137.125000
11968   -1831137.875000
11969   -1831138.250000
11970   -1831138.875000
11971   -1831139.500000
11972   -1831140.000000
11973   -1831140.375000
11974   -1831141.000000
11975   -1831141.750000
11976   -1831142.250000
11977   -1831142.750000
11978   -1831143.250000
11979   -1831143.750000
11980   -1831144.500000
11981   -1831144.875000
11982   -1831145.250000
11983   -1831146.125000
11984   -1831146.500000
11985   -1831147.000000
11986   -1831147.750000
11987   -1831148.250000
11988   -1831148.750000
11989   -1831149.500000
11990   -1831149.750000
11991   -1831150.500000
11992   -1831150.875000
11993   -1831151.500000
11994   -1831152.000000
11995   -1831152.750000
11996   -1831153.000000
11997   -1831153.500000
11998   -1831154.250000
11999   -1831154.750000
12000   -1831155.250000
12001   -1831156.000000
12002   -1831156.375000
12003   -1831156.875000
12004   -1831157.375000
12005   -1831158.000000
12006   -1831158.500000
12007   -1831159.125000
12008   -1831159.500000
12009   -1831160.125000
12010   -1831160.500000
12011   -1831161.000000
12012   -1831161.750000
12013   -1831162.250000
12014   -1831163.000000
12015   -1831163.250000
12016   -1831163.875000
12017   -1831164.250000
12018   -1831165.000000
12019   -1831165.500000
12020   -1831166.000000
12021   -1831166.750000
12022   -1831167.250000
12023   -1831167.625000
12024   -1831168.375000
12025   -1831168.750000
12026   -1831169.375000
12027   -1831170.000000
12028   -1831170.250000
12029   -1831170.875000
12030   -1831171.500000
12031   -1831171.750000
12032   -1831172.375000
12033   -1831173.000000
12034   -1831173.500000
12035   -1831174.000000
12036   -1831174.625000
12037   -1831175.000000
12038   -1831175.500000
12039   -1831176.250000
12040   -1831176.875000
12041   -1831177.375000
12042   -1831177.875000
12043   -1831178.250000
12044   -1831178.750000
12045   -1831179.375000
12046   -1831180.000000
12047   -1831180.500000
12048   -1831181.000000
12049   -1831181.500000
12050   -1831182.000000
12051   -1831182.500000
12052   -1831183.250000
12053   -1831183.750000
12054   -1831184.000000
12055   -1831185.000000
12056   -1831185.375000
12057   -1831185.875000
12058   -1831186.375000
12059   -1831187.125000
12060   -1831187.500000
12061   -1831188.000000
12062   -1831188.750000
12063   -1831189.250000
12064   -1831189.750000
12065   -1831190.250000
12066   -1831190.750000
12067   -1831191.250000
12068   -1831191.750000
12069   -1831192.375000
12070   -1831193.125000
12071   -1831193.500000
12072   -1831193.875000
12073   -1831194.750000
12074   -1831195.125000
12075   -1831195.750000
12076   -1831196.250000
12077   -1831196.875000
12078   -1831197.250000
12079   -1831197.750000
12080   -1831198.375000
12081   -1831198.875000
12082   -1831199.625000
12083   -1831200.000000
12084   -1831200.500000
12085   -1831201.000000
12086   -1831201.750000
12087   -1831202.250000
12088   -1831202.875000
12089   -1831203.250000
12090   -1831204.000000
12091   -1831204.500000
12092   -1831205.000000
12093   -1831205.500000
12094   -1831206.250000
12095   -1831206.750000
12096   -1831207.500000
12097   -1831207.875000
12098   -1831208.500000
12099   -1831209.000000
12100   -1831209.625000
12101   -1831210.250000
12102   -1831210.625000
12103   -1831211.250000
12104   -1831212.000000
12105   -1831212.500000
12106   -1831213.250000
12107   -1831213.750000
12108   -1831214.250000
12109   -1831214.750000
12110   -1831215.375000
12111   -1831216.000000
12112   -1831216.500000
12113   -1831217.250000
12114   -1831217.750000
12115   -1831218.375000
12116   -1831219.000000
12117   -1831219.500000
12118   -1831220.125000
12119   -1831220.500000
12120   -1831221.250000
12121   -1831222.000000
12122   -1831222.500000
12123   -1831223.000000
12124   -1831223.500000
12125   -1831224.250000
12126   -1831224.750000
12127   -1831225.375000
12128   -1831226.000000
12129   -1831226.500000
12130   -1831227.000000
12131   -1831227.625000
12132   -1831228.500000
12133   -1831229.000000
12134   -1831229.750000
12135   -1831230.125000
12136   -1831230.500000
12137   -1831231.375000
12138   -1831231.750000
12139   -1831232.625000
12140   -1831233.125000
12141   -1831233.500000
12142   -1831234.250000
12143   -1831235.000000
12144   -1831235.500000
12145   -1831236.125000
12146   -1831236.625000
12147   -1831237.250000
12148   -1831238.000000
12149   -1831238.500000
12150   -1831239.125000
12151   -1831239.625000
12152   -1831240.375000
12153   -1831240.750000
12154   -1831241.500000
12155   -1831242.125000
12156   -1831242.750000
12157   -1831243.500000
12158   -1831243.875000
12159   -1831244.250000
12160   -1831245.000000
12161   -1831245.750000
12162   -1831246.250000
12163   -1831247.000000
12164   -1831247.250000
12165   -1831248.000000
12166   -1831248.750000
12167   -1831249.500000
12168   -1831250.000000
12169   -1831250.625000
12170   -1831251.250000
12171   -1831251.750000
12172   -1831252.125000
12173   -1831253.000000
12174   -1831253.625000
12175   -1831254.250000
12176   -1831254.875000
12177   -1831255.500000
12178   -1831256.000000
12179   -1831256.500000
12180   -1831257.000000
12181   -1831257.750000
12182   -1831258.500000
12183   -1831258.875000
12184   -1831259.625000
12185   -1831260.250000
12186   -1831260.750000
12187   -1831261.500000
12188   -1831262.000000
12189   -1831262.750000
12190   -1831263.250000
12191   -1831263.750000
12192   -1831264.250000
12193   -1831265.000000
12194   -1831265.500000
12195   -1831266.000000
12196   -1831266.750000
12197   -1831267.250000
12198   -1831267.875000
12199   -1831268.500000
12200   -1831269.000000
12201   -1831269.500000
12202   -1831270.250000
12203   -1831270.750000
12204   -1831271.250000
12205   -1831271.750000
12206   -1831272.500000
12207   -1831272.875000
12208   -1831273.500000
12209   -1831274.250000
12210   -1831274.500000
12211   -1831275.000000
12212   -1831275.875000
12213   -1831276.000000
12214   -1831276.750000
12215   -1831277.250000
12216   -1831278.125000
12217   -1831278.375000
12218   -1831279.250000
12219   -1831279.500000
12220   -1831280.125000
12221   -1831280.625000
12222   -1831281.250000
12223   -1831282.000000
12224   -1831282.250000
12225   -1831282.875000
12226   -1831283.375000
12227   -1831284.000000
12228   -1831284.375000
12229   -1831285.125000
12230   -1831285.500000
12231   -1831285.750000
12232   -1831286.750000
12233   -1831287.250000
12234   -1831287.500000
12235   -1831288.125000
12236   -1831288.625000
12237   -1831289.375000
12238   -1831289.750000
12239   -1831290.250000
12240   -1831290.750000
12241   -1831291.250000
12242   -1831291.875000
12243   -1831292.250000
12244   -1831292.500000
12245   -1831293.375000
12246   -1831293.625000
12247   -1831294.500000
12248   -1831294.625000
12249   -1831295.250000
12250   -1831295.750000
12251   -1831296.250000
12252   -1831296.750000
12253   -1831297.250000
12254   -1831297.625000
12255   -1831298.250000
12256   -1831298.750000
12257   -1831299.125000
12258   -1831299.625000
12259   -1831300.250000
12260   -1831300.625000
12261   -1831301.250000
12262   -1831301.500000
12263   -1831302.125000
12264   -1831302.500000
12265   -1831303.000000
12266   -1831303.625000
12267   -1831303.875000
12268   -1831304.500000
12269   -1831305.000000
12270   -1831305.375000
12271   -1831305.750000
12272   -1831306.250000
12273   -1831306.750000
12274   -1831307.250000
12275   -1831307.750000
12276   -1831308.250000
12277   -1831308.625000
12278   -1831309.125000
12279   -1831309.625000
12280   -1831310.000000
12281   -1831310.375000
12282   -1831311.000000
12283   -1831311.250000
12284   -1831311.750000
12285   -1831312.000000
12286   -1831312.750000
12287   -1831313.125000
12288   -1831313.750000
12289   -1831314.000000
12290   -1831314.750000
12291   -1831315.000000
12292   -1831315.500000
12293   -1831316.000000
12294   -1831316.500000
12295   -1831316.750000
12296   -1831317.000000
12297   -1831317.625000
12298   -1831318.125000
12299   -1831318.750000
12300   -1831319.000000
12301   -1831319.125000
12302   -1831319.875000
12303   -1831320.250000
12304   -1831320.750000
12305   -1831321.250000
12306   -1831321.750000
12307   -1831322.000000
12308   -1831322.500000
12309   -1831323.000000
12310   -1831323.000000
12311   -1831323.500000
12312   -1831324.000000
12313   -1831324.375000
12314   -1831324.750000
12315   -1831325.250000
12316   -1831325.750000
12317   -1831326.250000
12318   -1831326.500000
12319   -1831327.000000
12320   -1831327.250000
12321   -1831327.750000
12322   -1831328.250000
12323   -1831328.500000
12324   -1831329.000000
12325   -1831329.500000
12326   -1831329.875000
12327   -1831330.125000
12328   -1831330.750000
12329   -1831331.125000
12330   -1831331.500000
12331   -1831331.750000
12332   -1831332.250000
12333   -1831332.750000
12334   -1831333.125000
12335   -1831333.375000
12336   -1831333.750000
12337   -1831334.250000
12338   -1831334.750000
12339   -1831335.125000
12340   -1831335.375000
12341   -1831335.750000
12342   -1831336.125000
12343   -1831336.625000
12344   -1831337.000000
12345   -1831337.375000
12346   -1831337.875000
12347   -1831338.000000
12348   -1831338.375000
12349   -1831338.750000
12350   -1831339.625000
12351   -1831339.500000
12352   -1831340.000000
12353   -1831340.500000
12354   -1831340.750000
12355   -1831341.500000
12356   -1831341.500000
12357   -1831342.000000
12358   -1831342.500000
12359   -1831343.000000
12360   -1831343.125000
12361   -1831343.750000
12362   -1831344.000000
12363   -1831344.500000
12364   -1831344.875000
12365   -1831345.125000
12366   -1831345.750000
12367   -1831345.875000
12368   -1831346.375000
12369   -1831346.875000
12370   -1831347.125000
12371   -1831347.500000
12372   -1831348.000000
12373   -1831348.500000
12374   -1831348.750000
12375   -1831349.125000
12376   -1831349.625000
12377   -1831350.125000
12378   -1831350.375000
12379   -1831350.750000
12380   -1831351.125000
12381   -1831351.500000
12382   -1831351.875000
12383   -1831352.250000
12384   -1831352.750000
12385   -1831353.125000
12386   -1831353.500000
12387   -1831354.000000
12388   -1831354.375000
12389   -1831354.750000
12390   -1831355.125000
12391   -1831355.625000
12392   -1831356.000000
12393   -1831356.500000
12394   -1831356.750000
12395   -1831357.250000
12396   -1831357.625000
12397   -1831358.000000
12398   -1831358.500000
12399   -1831358.875000
12400   -1831359.250000
12401   -1831359.500000
12402   -1831360.250000
12403   -1831360.500000
12404   -1831361.000000
12405   -1831361.500000
12406   -1831361.625000
12407   -1831362.250000
12408   -1831362.625000
12409   -1831363.125000
12410   -1831363.500000
12411   -1831363.875000
12412   -1831364.500000
12413   -1831364.875000
12414   -1831365.125000
12415   -1831365.875000
12416   -1831366.250000
12417   -1831366.625000
12418   -1831367.125000
12419   -1831367.625000
12420   -1831367.875000
12421   -1831368.375000
12422   -1831368.750000
12423   -1831369.250000
12424   -1831369.750000
12425   -1831370.250000
12426   -1831370.500000
12427   -1831371.125000
12428   -1831371.500000
12429   -1831372.000000
12430   -1831372.375000
12431   -1831372.750000
12432   -1831373.375000
12433   -1831373.750000
12434   -1831374.250000
12435   -1831374.750000
12436   -1831375.250000
12437   -1831375.750000
12438   -1831376.000000
12439   -1831376.750000
12440   -1831377.000000
12441   -1831377.500000
12442   -1831378.250000
12443   -1831378.750000
12444   -1831379.125000
12445   -1831379.500000
12446   -1831380.000000
12447   -1831380.625000
12448   -1831381.000000
12449   -1831381.500000
12450   -1831382.000000
12451   -1831382.500000
12452   -1831383.000000
12453   -1831383.500000
12454   -1831384.000000
12455   -1831384.500000
12456   -1831385.000000
12457   -1831385.500000
12458   -1831386.000000
12459   -1831386.375000
12460   -1831387.000000
12461   -1831387.500000
12462   -1831388.000000
12463   -1831388.625000
12464   -1831389.000000
12465   -1831389.500000
12466   -1831390.000000
12467   -1831390.500000
12468   -1831391.000000
12469   -1831391.500000
12470   -1831392.125000
12471   -1831392.750000
12472   -1831393.000000
12473   -1831393.625000
12474   -1831394.125000
12475   -1831394.625000
12476   -1831395.250000
12477   -1831395.625000
12478   -1831396.250000
12479   -1831396.750000
12480   -1831397.250000
12481   -1831397.875000
12482   -1831398.250000
12483   -1831398.875000
12484   -1831399.375000
12485   -1831399.750000
12486   -1831400.375000
12487   -1831400.750000
12488   -1831401.375000
12489   -1831401.750000
12490   -1831402.500000
12491   -1831402.750000
12492   -1831403.500000
12493   -1831404.125000
12494   -1831404.500000
12495   -1831405.000000
12496   -1831405.500000
12497   -1831406.125000
12498   -1831406.625000
12499   -1831407.250000
12500   -1831407.625000
12501   -1831408.250000
12502   -1831408.500000
12503   -1831409.125000
12504   -1831409.875000
12505   -1831410.250000
12506   -1831411.000000
12507   -1831411.500000
12508   -1831412.000000
12509   -1831412.500000
12510   -1831413.250000
12511   -1831413.500000
12512   -1831414.000000
12513   -1831414.500000
12514   -1831415.250000
12515   -1831415.750000
12516   -1831416.125000
12517   -1831416.750000
12518   -1831417.250000
12519   -1831417.875000
12520   -1831418.250000
12521   -1831419.000000
12522   -1831419.500000
12523   -1831419.875000
12524   -1831420.500000
12525   -1831421.000000
12526   -1831421.750000
12527   -1831422.000000
12528   -1831422.625000
12529   -1831423.250000
12530   -1831423.625000
12531   -1831424.250000
12532   -1831424.750000
12533   -1831425.125000
12534   -1831425.750000
12535   -1831426.250000
12536   -1831426.750000
12537   -1831427.375000
12538   -1831428.000000
12539   -1831428.500000
12540   -1831429.000000
12541   -1831429.500000
12542   -1831430.000000
12543   -1831430.625000
12544   -1831431.000000
12545   -1831431.750000
12546   -1831432.250000
12547   -1831432.750000
12548   -1831433.375000
12549   -1831433.625000
12550   -1831434.250000
12551   -1831434.750000
12552   -1831435.375000
12553   -1831435.750000
12554   -1831436.250000
12555   -1831436.875000
12556   -1831437.250000
12557   -1831438.000000
12558   -1831438.250000
12559   -1831438.750000
12560   -1831439.250000
12561   -1831439.875000
12562   -1831440.500000
12563   -1831440.875000
12564   -1831441.250000
12565   -1831442.000000
12566   -1831442.375000
12567   -1831442.750000
12568   -1831443.375000
12569   -1831444.000000
12570   -1831444.375000
12571   -1831444.875000
12572   -1831445.500000
12573   -1831446.000000
12574   -1831446.375000
12575   -1831447.000000
12576   -1831447.500000
12577   -1831447.875000
12578   -1831448.500000
12579   -1831448.875000
12580   -1831449.375000
12581   -1831449.625000
12582   -1831450.250000
12583   -1831450.750000
12584   -1831451.500000
12585   -1831451.750000
12586   -1831452.250000
12587   -1831452.750000
12588   -1831453.250000
12589   -1831453.750000
12590   -1831454.375000
12591   -1831454.625000
12592   -1831455.250000
12593   -1831455.625000
12594   -1831456.000000
12595   -1831456.500000
12596   -1831457.125000
12597   -1831457.625000
12598   -1831458.000000
12599   -1831458.500000
12600   -1831458.875000
12601   -1831459.375000
12602   -1831459.875000
12603   -1831460.375000
12604   -1831460.750000
12605   -1831461.000000
12606   -1831461.625000
12607   -1831462.000000
12608   -1831462.625000
12609   -1831463.000000
12610   -1831463.375000
12611   -1831463.875000
12612   -1831464.500000
12613   -1831464.750000
12614   -1831465.250000
12615   -1831465.750000
12616   -1831466.125000
12617   -1831466.625000
12618   -1831467.250000
12619   -1831467.375000
12620   -1831467.875000
12621   -1831468.250000
12622   -1831468.750000
12623   -1831469.125000
12624   -1831469.750000
12625   -1831470.125000
12626   -1831470.500000
12627   -1831471.000000
12628   -1831471.250000
12629   -1831471.875000
12630   -1831472.250000
12631   -1831472.750000
12632   -1831473.000000
12633   -1831473.750000
12634   -1831473.875000
12635   -1831474.500000
12636   -1831474.875000
12637   -1831475.250000
12638   -1831475.750000
12639   -1831476.000000
12640   -1831476.500000
12641   -1831477.000000
12642   -1831477.250000
12643   -1831477.750000
12644   -1831478.000000
12645   -1831478.500000
12646   -1831479.000000
12647   -1831479.375000
12648   -1831479.750000
12649   -1831480.250000
12650   -1831480.500000
12651   -1831481.000000
12652   -1831481.250000
12653   -1831481.500000
12654   -1831482.000000
12655   -1831482.375000
12656   -1831482.875000
12657   -1831483.250000
12658   -1831483.500000
12659   -1831484.125000
12660   -1831484.250000
12661   -1831484.625000
12662   -1831485.000000
12663   -1831485.500000
12664   -1831485.750000
12665   -1831486.125000
12666   -1831486.500000
12667   -1831487.000000
12668   -1831487.250000
12669   -1831487.750000
12670   -1831488.000000
12671   -1831488.500000
12672   -1831488.875000
12673   -1831489.250000
12674   -1831489.625000
12675   -1831490.000000
12676   -1831490.375000
12677   -1831490.750000
12678   -1831491.250000
12679   -1831491.500000
12680   -1831492.000000
12681   -1831492.500000
12682   -1831492.750000
12683   -1831493.125000
12684   -1831493.500000
12685   -1831494.000000
12686   -1831494.125000
12687   -1831494.500000
12688   -1831495.000000
12689   -1831495.500000
12690   -1831495.875000
12691   -1831496.125000
12692   -1831496.500000
12693   -1831497.000000
12694   -1831497.375000
12695   -1831497.750000
12696   -1831498.125000
12697   -1831498.625000
12698   -1831499.125000
12699   -1831499.375000
12700   -1831499.875000
12701   -1831500.250000
12702   -1831500.625000
12703   -1831501.000000
12704   -1831501.375000
12705   -1831501.750000
12706   -1831502.125000
12707   -1831502.750000
12708   -1831503.125000
12709   -1831503.500000
12710   -1831503.875000
12711   -1831504.500000
12712   -1831504.750000
12713   -1831504.750000
12714   -1831505.500000
12715   -1831506.000000
12716   -1831506.250000
12717   -1831506.750000
12718   -1831507.250000
12719   -1831507.750000
12720   -1831508.000000
12721   -1831508.250000
12722   -1831508.625000
12723   -1831509.125000
12724   -1831509.500000
12725   -1831510.000000
12726   -1831510.375000
12727   -1831511.000000
12728   -1831511.500000
12729   -1831511.750000
12730   -1831512.000000
12731   -1831512.500000
12732   -1831513.125000
12733   -1831513.375000
12734   -1831514.000000
12735   -1831514.500000
12736   -1831515.000000
12737   -1831515.250000
12738   -1831515.750000
12739   -1831516.250000
12740   -1831516.750000
12741   -1831517.250000
12742   -1831517.750000
12743   -1831518.250000
12744   -1831518.500000
12745   -1831518.625000
12746   -1831519.500000
12747   -1831519.750000
12748   -1831520.250000
12749   -1831520.750000
12750   -1831521.500000
12751   -1831521.750000
12752   -1831522.000000
12753   -1831522.625000
12754   -1831523.250000
12755   -1831523.750000
12756   -1831524.250000
12757   -1831524.500000
12758   -1831525.000000
12759   -1831525.500000
12760   -1831526.000000
12761   -1831526.500000
12762   -1831527.125000
12763   -1831527.500000
12764   -1831527.875000
12765   -1831528.500000
12766   -1831529.000000
12767   -1831529.375000
12768   -1831530.250000
12769   -1831530.250000
12770   -1831531.000000
12771   -1831531.500000
12772   -1831532.000000
12773   -1831532.500000
12774   -1831533.000000
12775   -1831533.500000
12776   -1831534.000000
12777   -1831534.375000
12778   -1831535.125000
12779   -1831535.500000
12780   -1831536.000000
12781   -1831536.500000
12782   -1831537.000000
12783   -1831537.625000
12784   -1831538.250000
12785   -1831538.750000
12786   -1831539.125000
12787   -1831539.625000
12788   -1831540.250000
12789   -1831540.750000
12790   -1831541.250000
12791   -1831541.625000
12792   -1831542.250000
12793   -1831542.750000
12794   -1831543.375000
12795   -1831543.750000
12796   -1831544.250000
12797   -1831545.000000
12798   -1831545.500000
12799   -1831546.000000
12800   -1831546.500000
12801   -1831547.125000
12802   -1831547.625000
12803   -1831547.875000
12804   -1831548.375000
12805   -1831549.250000
12806   -1831549.625000
12807   -1831550.000000
12808   -1831550.750000
12809   -1831551.250000
12810   -1831552.000000
12811   -1831552.250000
12812   -1831553.000000
12813   -1831553.500000
12814   -1831554.125000
12815   -1831554.500000
12816   -1831555.000000
12817   -1831555.750000
12818   -1831556.250000
12819   -1831556.750000
12820   -1831557.250000
12821   -1831557.875000
12822   -1831558.250000
12823   -1831558.875000
12824   -1831559.500000
12825   -1831559.750000
12826   -1831560.500000
12827   -1831561.000000
12828   -1831561.625000
12829   -1831562.000000
12830   -1831562.500000
12831   -1831563.125000
12832   -1831563.625000
12833   -1831564.125000
12834   -1831564.750000
12835   -1831565.250000
12836   -1831565.750000
12837   -1831566.375000
12838   -1831566.875000
12839   -1831567.375000
12840   -1831568.000000
12841   -1831568.500000
12842   -1831568.750000
12843   -1831569.625000
12844   -1831570.125000
12845   -1831570.625000
12846   -1831571.000000
12847   -1831571.750000
12848   -1831572.250000
12849   -1831572.750000
12850   -1831573.375000
12851   -1831573.750000
12852   -1831574.375000
12853   -1831574.750000
12854   -1831575.500000
12855   -1831576.000000
12856   -1831576.500000
12857   -1831577.000000
12858   -1831577.500000
12859   -1831578.125000
12860   -1831578.500000
12861   -1831579.125000
12862   -1831579.750000
12863   -1831580.250000
12864   -1831580.750000
12865   -1831581.500000
12866   -1831582.000000
12867   -1831582.500000
12868   -1831583.000000
12869   -1831583.250000
12870   -1831583.750000
12871   -1831584.500000
12872   -1831585.000000
12873   -1831585.625000
12874   -1831586.250000
12875   -1831586.500000
12876   -1831587.250000
12877   -1831587.500000
12878   -1831588.125000
12879   -1831588.750000
12880   -1831589.250000
12881   -1831589.750000
12882   -1831590.125000
12883   -1831590.750000
12884   -1831591.250000
12885   -1831591.750000
12886   -1831592.000000
12887   -1831592.750000
12888   -1831593.375000
12889   -1831593.875000
12890   -1831594.500000
12891   -1831594.750000
12892   -1831595.250000
12893   -1831595.750000
12894   -1831596.250000
12895   -1831596.875000
12896   -1831597.500000
12897   -1831598.000000
12898   -1831598.500000
12899   -1831599.000000
12900   -1831599.625000
12901   -1831600.125000
12902   -1831600.500000
12903   -1831601.125000
12904   -1831601.500000
12905   -1831602.125000
12906   -1831602.625000
12907   -1831603.125000
12908   -1831603.625000
12909   -1831604.250000
12910   -1831604.625000
12911   -1831605.375000
12912   -1831605.750000
12913   -1831606.125000
12914   -1831606.625000
12915   -1831607.500000
12916   -1831607.750000
12917   -1831608.250000
12918   -1831608.625000
12919   -1831609.250000
12920   -1831609.750000
12921   -1831610.125000
12922   -1831610.875000
12923   -1831611.250000
12924   -1831612.000000
12925   -1831612.250000
12926   -1831613.000000
12927   -1831613.375000
12928   -1831614.000000
12929   -1831614.375000
12930   -1831615.000000
12931   -1831615.250000
12932   -1831616.000000
12933   -1831616.500000
12934   -1831616.875000
12935   -1831617.250000
12936   -1831618.000000
12937   -1831618.500000
12938   -1831619.000000
12939   -1831619.250000
12940   -1831620.000000
12941   -1831620.500000
12942   -1831621.000000
12943   -1831621.500000
12944   -1831622.000000
12945   -1831622.500000
12946   -1831623.000000
12947   -1831623.500000
12948   -1831624.125000
12949   -1831624.500000
12950   -1831625.125000
12951   -1831625.750000
12952   -1831626.250000
12953   -1831626.625000
12954   -1831627.250000
12955   -1831627.625000
12956   -1831628.000000
12957   -1831628.625000
12958   -1831629.125000
12959   -1831629.750000
12960   -1831630.250000
12961   -1831630.750000
12962   -1831631.250000
12963   -1831631.750000
12964   -1831632.250000
12965   -1831632.750000
12966   -1831633.250000
12967   -1831634.000000
12968   -1831634.250000
12969   -1831634.750000
12970   -1831635.250000
12971   -1831635.875000
12972   -1831636.250000
12973   -1831637.000000
12974   -1831637.500000
12975   -1831637.875000
12976   -1831638.750000
12977   -1831639.000000
12978   -1831639.250000
12979   -1831640.000000
12980   -1831640.500000
12981   -1831641.000000
12982   -1831641.500000
12983   -1831642.000000
12984   -1831642.500000
12985   -1831642.750000
12986   -1831643.500000
12987   -1831644.125000
12988   -1831644.500000
12989   -1831645.000000
12990   -1831645.500000
12991   -1831646.000000
12992   -1831646.375000
12993   -1831646.750000
12994   -1831647.500000
12995   -1831647.875000
12996   -1831648.500000
12997   -1831648.750000
12998   -1831649.250000
12999   -1831649.750000
13000   -1831650.500000
13001   -1831650.875000
13002   -1831651.250000
13003   -1831651.625000
13004   -1831652.250000
13005   -1831652.750000
13006   -1831653.250000
13007   -1831653.750000
13008   -1831654.250000
13009   -1831654.750000
13010   -1831655.125000
13011   -1831655.625000
13012   -1831656.250000
13013   -1831656.625000
13014   -1831657.125000
13015   -1831657.500000
13016   -1831658.000000
13017   -1831658.500000
13018   -1831659.000000
13019   -1831659.500000
13020   -1831659.750000
13021   -1831660.250000
13022   -1831661.000000
13023   -1831661.250000
13024   -1831661.750000
13025   -1831662.375000
13026   -1831662.750000
13027   -1831663.375000
13028   -1831663.750000
13029   -1831664.125000
13030   -1831664.625000
13031   -1831665.125000
13032   -1831665.500000
13033   -1831666.000000
13034   -1831666.500000
13035   -1831667.000000
13036   -1831667.500000
13037   -1831668.000000
13038   -1831668.500000
13039   -1831668.750000
13040   -1831669.250000
13041   -1831669.750000
13042   -1831670.250000
13043   -1831670.500000
13044   -1831671.125000
13045   -1831671.625000
13046   -1831672.000000
13047   -1831672.500000
13048   -1831672.875000
13049   -1831673.375000
13050   -1831673.750000
13051   -1831674.250000
13052   -1831674.500000
13053   -1831675.000000
13054   -1831675.500000
13055   -1831676.000000
13056   -1831676.250000
13057   -1831676.750000
13058   -1831677.250000
13059   -1831677.750000
13060   -1831678.125000
13061   -1831678.625000
13062   -1831679.125000
13063   -1831679.500000
13064   -1831679.875000
13065   -1831680.250000
13066   -1831680.750000
13067   -1831681.250000
13068   -1831681.500000
13069   -1831682.000000
13070   -1831682.500000
13071   -1831682.750000
13072   -1831683.250000
13073   -1831683.750000
13074   -1831684.125000
13075   -1831684.500000
13076   -1831685.000000
13077   -1831685.250000
13078   -1831685.750000
13079   -1831686.375000
13080   -1831686.500000
13081   -1831687.000000
13082   -1831687.500000
13083   -1831688.000000
13084   -1831688.250000
13085   -1831688.875000
13086   -1831689.250000
13087   -1831689.625000
13088   -1831690.000000
13089   -1831690.375000
13090   -1831690.750000
13091   -1831691.250000
13092   -1831691.625000
13093   -1831692.125000
13094   -1831692.500000
13095   -1831693.000000
13096   -1831693.375000
13097   -1831693.750000
13098   -1831694.250000
13099   -1831694.500000
13100   -1831694.875000
13101   -1831695.250000
13102   -1831695.750000
13103   -1831696.000000
13104   -1831696.625000
13105   -1831696.750000
13106   -1831697.250000
13107   -1831697.750000
13108   -1831698.125000
13109   -1831698.500000
13110   -1831699.000000
13111   -1831699.500000
13112   -1831699.625000
13113   -1831700.250000
13114   -1831700.500000
13115   -1831700.875000
13116   -1831701.250000
13117   -1831701.750000
13118   -1831702.000000
13119   -1831702.250000
13120   -1831702.750000
13121   -1831703.250000
13122   -1831703.500000
13123   -1831703.750000
13124   -1831704.250000
13125   -1831704.750000
13126   -1831705.125000
13127   -1831705.500000
13128   -1831706.000000
13129   -1831706.250000
13130   -1831706.625000
13131   -1831707.000000
13132   -1831707.375000
13133   -1831707.500000
13134   -1831708.250000
13135   -1831708.375000
13136   -1831708.750000
13137   -1831709.250000
13138   -1831709.375000
13139   -1831710.000000
13140   -1831710.250000
13141   -1831710.625000
13142   -1831711.000000
13143   -1831711.250000
13144   -1831711.625000
13145   -1831712.250000
13146   -1831712.250000
13147   -1831712.750000
13148   -1831713.000000
13149   -1831713.500000
13150   -1831713.750000
13151   -1831714.000000
13152   -1831714.625000
13153   -1831714.750000
13154   -1831715.250000
13155   -1831715.500000
13156   -1831715.750000
13157   -1831716.000000
13158   -1831716.375000
13159   -1831716.750000
13160   -1831717.000000
13161   -1831717.375000
13162   -1831717.750000
13163   -1831718.125000
13164   -1831718.250000
13165   -1831718.875000
13166   -1831719.000000
13167   -1831719.250000
13168   -1831719.750000
13169   -1831720.000000
13170   -1831720.250000
13171   -1831720.750000
13172   -1831720.875000
13173   -1831721.250000
13174   -1831721.625000
13175   -1831722.000000
13176   -1831722.250000
13177   -1831722.375000
13178   -1831722.750000
13179   -1831723.125000
13180   -1831723.375000
13181   -1831723.750000
13182   -1831724.125000
13183   -1831724.500000
13184   -1831724.750000
13185   -1831725.000000
13186   -1831725.500000
13187   -1831725.500000
13188   -1831726.000000
13189   -1831726.375000
13190   -1831726.500000
13191   -1831727.000000
13192   -1831727.125000
13193   -1831727.375000
13194   -1831727.750000
13195   -1831728.000000
13196   -1831728.250000
13197   -1831728.625000
13198   -1831729.125000
13199   -1831729.250000
13200   -1831729.500000
13201   -1831729.750000
13202   -1831730.125000
13203   -1831730.375000
13204   -1831730.750000
13205   -1831731.000000
13206   -1831731.250000
13207   -1831731.500000
13208   -1831731.750000
13209   -1831732.250000
13210   -1831732.500000
13211   -1831732.750000
13212   -1831733.000000
13213   -1831733.250000
13214   -1831733.500000
13215   -1831733.875000
13216   -1831734.125000
13217   -1831734.250000
13218   -1831734.750000
13219   -1831735.000000
13220   -1831735.125000
13221   -1831735.500000
13222   -1831736.000000
13223   -1831736.250000
13224   -1831736.250000
13225   -1831736.500000
13226   -1831736.875000
13227   -1831737.000000
13228   -1831737.500000
13229   -1831737.750000
13230   -1831738.000000
13231   -1831738.250000
13232   -1831738.375000
13233   -1831738.750000
13234   -1831739.000000
13235   -1831739.250000
13236   -1831739.500000
13237   -1831739.750000
13238   -1831740.125000
13239   -1831740.375000
13240   -1831740.625000
13241   -1831740.750000
13242   -1831741.250000
13243   -1831741.375000
13244   -1831741.750000
13245   -1831742.000000
13246   -1831742.250000
13247   -1831742.500000
13248   -1831742.750000
13249   -1831743.000000
13250   -1831743.250000
13251   -1831743.500000
13252   -1831743.750000
13253   -1831744.125000
13254   -1831744.250000
13255   -1831744.500000
13256   -1831744.875000
13257   -1831745.000000
13258   -1831745.375000
13259   -1831745.625000
13260   -1831746.125000
13261   -1831746.375000
13262   -1831746.500000
13263   -1831746.875000
13264   -1831747.000000
13265   -1831747.500000
13266   -1831747.625000
13267   -1831748.000000
13268   -1831748.125000
13269   -1831748.500000
13270   -1831748.750000
13271   -1831749.000000
13272   -1831749.250000
13273   -1831749.625000
13274   -1831749.875000
13275   -1831750.250000
13276   -1831750.375000
13277   -1831750.875000
13278   -1831751.000000
13279   -1831751.250000
13280   -1831751.750000
13281   -1831751.750000
13282   -1831752.125000
13283   -1831752.375000
13284   -1831752.750000
13285   -1831753.125000
13286   -1831753.250000
13287   -1831753.750000
13288   -1831753.875000
13289   -1831754.250000
13290   -1831754.625000
13291   -1831754.750000
13292   -1831755.250000
13293   -1831755.500000
13294   -1831755.750000
13295   -1831756.250000
13296   -1831756.250000
13297   -1831756.625000
13298   -1831756.875000
13299   -1831757.125000
13300   -1831757.750000
13301   -1831758.000000
13302   -1831758.125000
13303   -1831758.500000
13304   -1831758.875000
13305   -1831759.250000
13306   -1831759.625000
13307   -1831759.875000
13308   -1831760.000000
13309   -1831760.750000
13310   -1831761.000000
13311   -1831761.375000
13312   -1831761.500000
13313   -1831761.750000
13314   -1831762.250000
13315   -1831762.750000
13316   -1831762.875000
13317   -1831763.250000
13318   -1831763.625000
13319   -1831764.000000
13320   -1831764.375000
13321   -1831764.750000
13322   -1831765.000000
13323   -1831765.500000
13324   -1831765.750000
13325   -1831766.000000
13326   -1831766.250000
13327   -1831766.750000
13328   -1831767.000000
13329   -1831767.500000
13330   -1831767.750000
13331   -1831768.250000
13332   -1831768.500000
13333   -1831769.000000
13334   -1831769.250000
13335   -1831769.875000
13336   -1831770.250000
13337   -1831770.500000
13338   -1831770.750000
13339   -1831771.250000
13340   -1831771.500000
13341   -1831771.875000
13342   -1831772.375000
13343   -1831772.750000
13344   -1831773.250000
13345   -1831773.500000
13346   -1831774.000000
13347   -1831774.250000
13348   -1831774.500000
13349   -1831775.000000
13350   -1831775.375000
13351   -1831775.750000
13352   -1831776.125000
13353   -1831776.500000
13354   -1831777.000000
13355   -1831777.500000
13356   -1831777.750000
13357   -1831778.250000
13358   -1831778.750000
13359   -1831779.000000
13360   -1831779.500000
13361   -1831780.000000
13362   -1831780.250000
13363   -1831780.750000
13364   -1831781.000000
13365   -1831781.500000
13366   -1831782.000000
13367   -1831782.500000
13368   -1831782.750000
13369   -1831783.250000
13370   -1831783.500000
13371   -1831783.750000
13372   -1831784.500000
13373   -1831784.750000
13374   -1831785.250000
13375   -1831785.750000
13376   -1831786.125000
13377   -1831786.500000
13378   -1831787.000000
13379   -1831787.500000
13380   -1831787.750000
13381   -1831788.250000
13382   -1831788.625000
13383   -1831789.125000
13384   -1831789.500000
13385   -1831790.000000
13386   -1831790.250000
13387   -1831790.750000
13388   -1831791.000000
13389   -1831791.500000
13390   -1831792.000000
13391   -1831792.375000
13392   -1831793.000000
13393   -1831793.250000
13394   -1831793.750000
13395   -1831794.000000
13396   -1831794.625000
13397   -1831795.000000
13398   -1831795.250000
13399   -1831795.875000
13400   -1831796.250000
13401   -1831796.750000
13402   -1831797.000000
13403   -1831797.500000
13404   -1831797.875000
13405   -1831798.250000
13406   -1831798.750000
13407   -1831799.125000
13408   -1831799.625000
13409   -1831800.000000
13410   -1831800.250000
13411   -1831800.750000
13412   -1831801.250000
13413   -1831801.500000
13414   -1831802.000000
13415   -1831802.500000
13416   -1831802.875000
13417   -1831803.250000
13418   -1831803.500000
13419   -1831804.125000
13420   -1831804.500000
13421   -1831804.750000
13422   -1831805.375000
13423   -1831805.875000
13424   -1831806.000000
13425   -1831806.750000
13426   -1831807.000000
13427   -1831807.500000
13428   -1831807.875000
13429   -1831808.375000
13430   -1831808.625000
13431   -1831809.250000
13432   -1831809.375000
13433   -1831810.000000
13434   -1831810.125000
13435   -1831810.875000
13436   -1831811.125000
13437   -1831811.500000
13438   -1831812.000000
13439   -1831812.375000
13440   -1831812.750000
13441   -1831813.000000
13442   -1831813.750000
13443   -1831814.125000
13444   -1831814.375000
13445   -1831814.750000
13446   -1831815.250000
13447   -1831815.750000
13448   -1831816.000000
13449   -1831816.500000
13450   -1831816.875000
13451   -1831817.250000
13452   -1831817.625000
13453   -1831818.250000
13454   -1831818.500000
13455   -1831818.750000
13456   -1831819.250000
13457   -1831819.750000
13458   -1831820.125000
13459   -1831820.500000
13460   -1831821.000000
13461   -1831821.250000
13462   -1831821.750000
13463   -1831822.125000
13464   -1831822.625000
13465   -1831822.875000
13466   -1831823.375000
13467   -1831823.750000
13468   -1831824.250000
13469   -1831824.500000
13470   -1831825.000000
13471   -1831825.250000
13472   -1831825.750000
13473   -1831826.250000
13474   -1831826.500000
13475   -1831826.875000
13476   -1831827.500000
13477   -1831827.750000
13478   -1831828.250000
13479   -1831828.500000
13480   -1831829.000000
13481   -1831829.500000
13482   -1831830.000000
13483   -1831830.375000
13484   -1831830.625000
13485   -1831831.000000
13486   -1831831.375000
13487   -1831831.875000
13488   -1831832.250000
13489   -1831832.750000
13490   -1831833.250000
13491   -1831833.375000
13492   -1831833.875000
13493   -1831834.250000
13494   -1831834.750000
13495   -1831835.000000
13496   -1831835.625000
13497   -1831836.000000
13498   -1831836.250000
13499   -1831836.750000
13500   -1831837.250000
13501   -1831837.625000
13502   -1831838.000000
13503   -1831838.250000
13504   -1831838.750000
13505   -1831839.250000
13506   -1831839.500000
13507   -1831840.000000
13508   -1831840.500000
13509   -1831840.875000
13510   -1831841.125000
13511   -1831841.500000
13512   -1831842.000000
13513   -1831842.500000
13514   -1831842.750000
13515   -1831843.250000
13516   -1831843.750000
13517   -1831844.000000
13518   -1831844.250000
13519   -1831844.750000
13520   -1831845.250000
13521   -1831845.750000
13522   -1831846.000000
13523   -1831846.500000
13524   -1831846.750000
13525   -1831847.125000
13526   -1831847.500000
13527   -1831848.000000
13528   -1831848.500000
13529   -1831848.750000
13530   -1831849.000000
13531   -1831849.750000
13532   -1831850.000000
13533   -1831850.500000
13534   -1831850.875000
13535   -1831851.250000
13536   -1831851.500000
13537   -1831852.000000
13538   -1831852.500000
13539   -1831852.750000
13540   -1831853.250000
13541   -1831853.625000
13542   -1831854.125000
13543   -1831854.375000
13544   -1831855.000000
13545   -1831855.250000
13546   -1831855.750000
13547   -1831856.000000
13548   -1831856.500000
13549   -1831856.875000
13550   -1831857.500000
13551   -1831857.750000
13552   -1831858.000000
13553   -1831858.500000
13554   -1831858.875000
13555   -1831859.250000
13556   -1831859.750000
13557   -1831860.000000
13558   -1831860.500000
13559   -1831861.000000
13560   -1831861.375000
13561   -1831861.750000
13562   -1831862.000000
13563   -1831862.500000
13564   -1831863.000000
13565   -1831863.250000
13566   -1831863.750000
13567   -1831864.125000
13568   -1831864.500000
13569   -1831865.000000
13570   -1831865.500000
13571   -1831865.625000
13572   -1831866.250000
13573   -1831866.500000
13574   -1831867.000000
13575   -1831867.250000
13576   -1831867.750000
13577   -1831868.125000
13578   -1831868.750000
13579   -1831869.000000
13580   -1831869.500000
13581   -1831869.750000
13582   -1831870.250000
13583   -1831870.750000
13584   -1831871.000000
13585   -1831871.500000
13586   -1831872.000000
13587   -1831872.375000
13588   -1831872.750000
13589   -1831873.000000
13590   -1831873.375000
13591   -1831873.750000
13592   -1831874.250000
13593   -1831874.500000
13594   -1831875.125000
13595   -1831875.500000
13596   -1831875.750000
13597   -1831876.125000
13598   -1831876.625000
13599   -1831877.000000
13600   -1831877.250000
13601   -1831877.750000
13602   -1831878.250000
13603   -1831878.500000
13604   -1831878.750000
13605   -1831879.250000
13606   -1831879.625000
13607   -1831880.000000
13608   -1831880.250000
13609   -1831880.875000
13610   -1831881.250000
13611   -1831881.750000
13612   -1831881.875000
13613   -1831882.500000
13614   -1831882.875000
13615   -1831883.250000
13616   -1831883.500000
13617   -1831884.000000
13618   -1831884.500000
13619   -1831884.750000
13620   -1831885.000000
13621   -1831885.500000
13622   -1831885.750000
13623   -1831886.250000
13624   -1831886.500000
13625   -1831887.000000
13626   -1831887.500000
13627   -1831887.875000
13628   -1831888.250000
13629   -1831888.500000
13630   -1831888.875000
13631   -1831889.250000
13632   -1831889.750000
13633   -1831890.125000
13634   -1831890.375000
13635   -1831890.875000
13636   -1831891.250000
13637   -1831891.625000
13638   -1831892.000000
13639   -1831892.375000
13640   -1831893.000000
13641   -1831893.250000
13642   -1831893.500000
13643   -1831894.000000
13644   -1831894.250000
13645   -1831894.500000
13646   -1831895.000000
13647   -1831895.500000
13648   -1831895.875000
13649   -1831896.125000
13650   -1831896.750000
13651   -1831896.875000
13652   -1831897.375000
13653   -1831897.875000
13654   -1831898.000000
13655   -1831898.375000
13656   -1831898.875000
13657   -1831899.125000
13658   -1831899.750000
13659   -1831900.000000
13660   -1831900.375000
13661   -1831900.875000
13662   -1831901.250000
13663   -1831901.500000
13664   -1831902.000000
13665   -1831902.500000
13666   -1831902.750000
13667   -1831903.125000
13668   -1831903.500000
13669   -1831904.000000
13670   -1831904.250000
13671   -1831904.750000
13672   -1831905.125000
13673   -1831905.375000
13674   -1831905.875000
13675   -1831906.250000
13676   -1831906.500000
13677   -1831907.000000
13678   -1831907.375000
13679   -1831907.875000
13680   -1831908.250000
13681   -1831908.500000
13682   -1831909.000000
13683   -1831909.250000
13684   -1831909.750000
13685   -1831910.125000
13686   -1831910.750000
13687   -1831910.875000
13688   -1831911.500000
13689   -1831911.625000
13690   -1831912.000000
13691   -1831912.500000
13692   -1831912.875000
13693   -1831913.250000
13694   -1831913.625000
13695   -1831914.000000
13696   -1831914.500000
13697   -1831915.000000
13698   -1831915.375000
13699   -1831915.750000
13700   -1831916.125000
13701   -1831916.500000
13702   -1831917.000000
13703   -1831917.250000
13704   -1831917.750000
13705   -1831918.125000
13706   -1831918.625000
13707   -1831918.875000
13708   -1831919.375000
13709   -1831919.750000
13710   -1831920.125000
13711   -1831920.500000
13712   -1831921.000000
13713   -1831921.250000
13714   -1831921.625000
13715   -1831922.125000
13716   -1831922.750000
13717   -1831923.000000
13718   -1831923.500000
13719   -1831923.750000
13720   -1831924.250000
13721   -1831924.625000
13722   -1831925.250000
13723   -1831925.500000
13724   -1831925.875000
13725   -1831926.250000
13726   -1831926.625000
13727   -1831927.250000
13728   -1831927.750000
13729   -1831928.000000
13730   -1831928.500000
13731   -1831928.750000
13732   -1831929.500000
13733   -1831929.750000
13734   -1831930.000000
13735   -1831930.750000
13736   -1831931.000000
13737   -1831931.500000
13738   -1831932.000000
13739   -1831932.250000
13740   -1831932.750000
13741   -1831933.125000
13742   -1831933.625000
13743   -1831934.125000
13744   -1831934.625000
13745   -1831934.875000
13746   -1831935.375000
13747   -1831936.000000
13748   -1831936.250000
13749   -1831936.625000
13750   -1831937.000000
13751   -1831937.500000
13752   -1831938.000000
13753   -1831938.500000
13754   -1831939.000000
13755   -1831939.250000
13756   -1831939.750000
13757   -1831940.250000
13758   -1831940.750000
13759   -1831941.125000
13760   -1831941.625000
13761   -1831942.000000
13762   -1831942.500000
13763   -1831943.000000
13764   -1831943.500000
13765   -1831943.750000
13766   -1831944.250000
13767   -1831944.625000
13768   -1831945.250000
13769   -1831945.625000
13770   -1831945.875000
13771   -1831946.500000
13772   -1831947.000000
13773   -1831947.375000
13774   -1831947.875000
13775   -1831948.250000
13776   -1831948.625000
13777   -1831949.250000
13778   -1831949.500000
13779   -1831950.000000
13780   -1831950.500000
13781   -1831951.000000
13782   -1831951.500000
13783   -1831951.875000
13784   -1831952.250000
13785   -1831952.750000
13786   -1831953.250000
13787   -1831953.500000
13788   -1831954.125000
13789   -1831954.625000
13790   -1831955.250000
13791   -1831955.500000
13792   -1831956.000000
13793   -1831956.500000
13794   -1831957.000000
13795   -1831957.500000
13796   -1831957.750000
13797   -1831958.250000
13798   -1831958.750000
13799   -1831959.250000
13800   -1831959.750000
13801   -1831960.250000
13802   -1831960.500000
13803   -1831961.000000
13804   -1831961.500000
13805   -1831962.000000
13806   -1831962.500000
13807   -1831963.000000
13808   -1831963.500000
13809   -1831963.875000
13810   -1831964.250000
13811   -1831964.625000
13812   -1831965.000000
13813   -1831965.750000
13814   -1831966.125000
13815   -1831966.500000
13816   -1831967.125000
13817   -1831967.500000
13818   -1831967.875000
13819   -1831968.375000
13820   -1831968.750000
13821   -1831969.250000
13822   -1831969.750000
13823   -1831970.250000
13824   -1831970.750000
13825   -1831971.000000
13826   -1831971.625000
13827   -1831972.000000
13828   -1831972.375000
13829   -1831973.000000
13830   -1831973.375000
13831   -1831973.750000
13832   -1831974.125000
13833   -1831974.625000
13834   -1831975.000000
13835   -1831975.500000
13836   -1831976.000000
13837   -1831976.250000
13838   -1831977.000000
13839   -1831977.375000
13840   -1831977.750000
13841   -1831978.250000
13842   -1831978.750000
13843   -1831979.125000
13844   -1831979.500000
13845   -1831980.000000
13846   -1831980.375000
13847   -1831980.875000
13848   -1831981.250000
13849   -1831981.750000
13850   -1831982.125000
13851   -1831982.625000
13852   -1831983.000000
13853   -1831983.375000
13854   -1831984.000000
13855   -1831984.375000
13856   -1831984.750000
13857   -1831985.250000
13858   -1831985.625000
13859   -1831986.000000
13860   -1831986.500000
13861   -1831986.875000
13862   -1831987.250000
13863   -1831987.750000
13864   -1831988.125000
13865   -1831988.500000
13866   -1831988.875000
13867   -1831989.250000
13868   -1831989.750000
13869   -1831990.125000
13870   -1831990.500000
13871   -1831991.000000
13872   -1831991.500000
13873   -1831991.500000
13874   -1831992.000000
13875   -1831992.500000
13876   -1831992.875000
13877   -1831993.250000
13878   -1831993.625000
13879   -1831994.000000
13880   -1831994.375000
13881   -1831994.750000
13882   -1831995.125000
13883   -1831995.500000
13884   -1831996.000000
13885   -1831996.250000
13886   -1831996.750000
13887   -1831997.000000
13888   -1831997.500000
13889   -1831997.750000
13890   -1831998.000000
13891   -1831998.500000
13892   -1831999.000000
13893   -1831999.250000
13894   -1831999.500000
13895   -1832000.000000
13896   -1832000.250000
13897   -1832000.750000
13898   -1832001.000000
13899   -1832001.500000
13900   -1832001.750000
13901   -1832002.125000
13902   -1832002.375000
13903   -1832002.750000
13904   -1832003.250000
13905   -1832003.375000
13906   -1832003.750000
13907   -1832004.250000
13908   -1832004.625000
13909   -1832005.000000
13910   -1832005.250000
13911   -1832005.375000
13912   -1832005.750000
13913   -1832006.250000
13914   -1832006.625000
13915   -1832007.000000
13916   -1832007.250000
13917   -1832007.500000
13918   -1832007.750000
13919   -1832008.125000
13920   -1832008.500000
13921   -1832008.875000
13922   -1832009.250000
13923   -1832009.500000
13924   -1832009.750000
13925   -1832010.000000
13926   -1832010.375000
13927   -1832010.875000
13928   -1832011.125000
13929   -1832011.375000
13930   -1832011.750000
13931   -1832011.875000
13932   -1832012.250000
13933   -1832012.625000
13934   -1832012.875000
13935   -1832013.125000
13936   -1832013.375000
13937   -1832013.750000
13938   -1832014.000000
13939   -1832014.250000
13940   -1832014.500000
13941   -1832015.000000
13942   -1832015.250000
13943   -1832015.625000
13944   -1832015.750000
13945   -1832016.125000
13946   -1832016.500000
13947   -1832016.500000
13948   -1832017.000000
13949   -1832017.250000
13950   -1832017.375000
13951   -1832017.750000
13952   -1832017.875000
13953   -1832018.250000
13954   -1832018.500000
13955   -1832018.750000
13956   -1832019.000000
13957   -1832019.250000
13958   -1832019.500000
13959   -1832019.750000
13960   -1832020.000000
13961   -1832020.250000
13962   -1832020.625000
13963   -1832020.750000
13964   -1832021.125000
13965   -1832021.375000
13966   -1832021.750000
13967   -1832021.750000
13968   -1832022.000000
13969   -1832022.375000
13970   -1832022.750000
13971   -1832022.875000
13972   -1832023.000000
13973   -1832023.250000
13974   -1832023.750000
13975   -1832023.875000
13976   -1832024.000000
13977   -1832024.250000
13978   -1832024.500000
13979   -1832024.750000
13980   -1832025.000000
13981   -1832025.250000
13982   -1832025.500000
13983   -1832025.750000
13984   -1832025.875000
13985   -1832026.000000
13986   -1832026.250000
13987   -1832026.500000
13988   -1832026.750000
13989   -1832027.000000
13990   -1832027.250000
13991   -1832027.500000
13992   -1832027.625000
13993   -1832028.000000
13994   -1832028.250000
13995   -1832028.375000
13996   -1832028.500000
13997   -1832028.750000
13998   -1832029.000000
13999   -1832029.250000
14000   -1832029.500000
14001   -1832029.750000
14002   -1832029.875000
14003   -1832030.000000
14004   -1832030.250000
14005   -1832030.500000
14006   -1832030.625000
14007   -1832030.875000
14008   -1832031.125000
14009   -1832031.250000
14010   -1832031.500000
14011   -1832031.750000
14012   -1832031.875000
14013   -1832032.250000
14014   -1832032.375000
14015   -1832032.500000
14016   -1832032.750000
14017   -1832033.000000
14018   -1832033.250000
14019   -1832033.500000
14020   -1832033.625000
14021   -1832033.875000
14022   -1832034.000000
14023   -1832034.250000
14024   -1832034.500000
14025   -1832034.625000
14026   -1832035.000000
14027   -1832035.250000
14028   -1832035.375000
14029   -1832035.375000
14030   -1832035.750000
14031   -1832036.000000
14032   -1832036.125000
14033   -1832036.375000
14034   -1832036.500000
14035   -1832036.750000
14036   -1832036.875000
14037   -1832037.250000
14038   -1832037.375000
14039   -1832037.500000
14040   -1832037.750000
14041   -1832037.875000
14042   -1832038.000000
14043   -1832038.375000
14044   -1832038.500000
14045   -1832038.750000
14046   -1832038.875000
14047   -1832039.125000
14048   -1832039.250000
14049   -1832039.500000
14050   -1832039.750000
14051   -1832039.750000
14052   -1832040.250000
14053   -1832040.250000
14054   -1832040.500000
14055   -1832040.750000
14056   -1832040.875000
14057   -1832041.000000
14058   -1832041.250000
14059   -1832041.250000
14060   -1832041.500000
14061   -1832041.750000
14062   -1832041.750000
14063   -1832042.000000
14064   -1832042.250000
14065   -1832042.375000
14066   -1832042.500000
14067   -1832042.750000
14068   -1832043.000000
14069   -1832043.000000
14070   -1832043.250000
14071   -1832043.375000
14072   -1832043.750000
14073   -1832043.875000
14074   -1832044.000000
14075   -1832044.125000
14076   -1832044.375000
14077   -1832044.500000
14078   -1832044.750000
14079   -1832045.000000
14080   -1832045.000000
14081   -1832045.375000
14082   -1832045.250000
14083   -1832045.500000
14084   -1832045.750000
14085   -1832045.875000
14086   -1832046.000000
14087   -1832046.250000
14088   -1832046.375000
14089   -1832046.625000
14090   -1832046.875000
14091   -1832046.750000
14092   -1832047.125000
14093   -1832047.250000
14094   -1832047.375000
14095   -1832047.625000
14096   -1832047.750000
14097   -1832048.000000
14098   -1832048.000000
14099   -1832048.250000
14100   -1832048.500000
14101   -1832048.500000
14102   -1832048.750000
14103   -1832049.000000
14104   -1832049.000000
14105   -1832049.125000
14106   -1832049.375000
14107   -1832049.500000
14108   -1832049.500000
14109   -1832049.750000
14110   -1832049.875000
14111   -1832050.250000
14112   -1832050.250000
14113   -1832050.375000
14114   -1832050.625000
14115   -1832050.625000
14116   -1832050.875000
14117   -1832051.000000
14118   -1832051.250000
14119   -1832051.375000
14120   -1832051.500000
14121   -1832051.750000
14122   -1832051.750000
14123   -1832052.000000
14124   -1832052.250000
14125   -1832052.250000
14126   -1832052.500000
14127   -1832052.500000
14128   -1832052.750000
14129   -1832052.875000
14130   -1832053.125000
14131   -1832053.250000
14132   -1832053.375000
14133   -1832053.500000
14134   -1832053.750000
14135   -1832053.875000
14136   -1832054.000000
14137   -1832054.250000
14138   -1832054.375000
14139   -1832054.500000
14140   -1832054.750000
14141   -1832054.875000
14142   -1832055.000000
14143   -1832055.250000
14144   -1832055.250000
14145   -1832055.500000
14146   -1832055.750000
14147   -1832055.750000
14148   -1832056.000000
14149   -1832056.250000
14150   -1832056.250000
14151   -1832056.500000
14152   -1832056.500000
14153   -1832056.750000
14154   -1832057.000000
14155   -1832057.000000
14156   -1832057.250000
14157   -1832057.250000
14158   -1832057.500000
14159   -1832057.750000
14160   -1832057.750000
14161   -1832058.000000
14162   -1832058.250000
14163   -1832058.250000
14164   -1832058.250000
14165   -1832058.500000
14166   -1832058.750000
14167   -1832058.875000
14168   -1832059.000000
14169   -1832059.125000
14170   -1832059.375000
14171   -1832059.500000
14172   -1832059.625000
14173   -1832059.750000
14174   -1832060.000000
14175   -1832060.250000
14176   -1832060.250000
14177   -1832060.500000
14178   -1832060.625000
14179   -1832060.750000
14180   -1832060.875000
14181   -1832061.000000
14182   -1832061.250000
14183   -1832061.250000
14184   -1832061.625000
14185   -1832061.750000
14186   -1832061.750000
14187   -1832062.000000
14188   -1832062.000000
14189   -1832062.250000
14190   -1832062.500000
14191   -1832062.750000
14192   -1832062.625000
14193   -1832063.000000
14194   -1832063.000000
14195   -1832063.125000
14196   -1832063.250000
14197   -1832063.500000
14198   -1832063.750000
14199   -1832063.750000
14200   -1832064.000000
14201   -1832064.125000
14202   -1832064.375000
14203   -1832064.500000
14204   -1832064.625000
14205   -1832064.750000
14206   -1832065.000000
14207   -1832065.125000
14208   -1832065.250000
14209   -1832065.250000
14210   -1832065.500000
14211   -1832065.625000
14212   -1832065.750000
14213   -1832066.000000
14214   -1832066.000000
14215   -1832066.250000
14216   -1832066.375000
14217   -1832066.500000
14218   -1832066.750000
14219   -1832066.750000
14220   -1832066.875000
14221   -1832067.125000
14222   -1832067.250000
14223   -1832067.500000
14224   -1832067.625000
14225   -1832067.750000
14226   -1832067.875000
14227   -1832068.000000
14228   -1832068.125000
14229   -1832068.250000
14230   -1832068.500000
14231   -1832068.500000
14232   -1832068.750000
14233   -1832068.875000
14234   -1832069.000000
14235   -1832069.000000
14236   -1832069.250000
14237   -1832069.500000
14238   -1832069.500000
14239   -1832069.750000
14240   -1832069.750000
14241   -1832070.000000
14242   -1832070.125000
14243   -1832070.250000
14244   -1832070.375000
14245   -1832070.500000
14246   -1832070.625000
14247   -1832070.750000
14248   -1832071.000000
14249   -1832071.000000
14250   -1832071.250000
14251   -1832071.375000
14252   -1832071.500000
14253   -1832071.625000
14254   -1832071.750000
14255   -1832071.875000
14256   -1832072.000000
14257   -1832072.250000
14258   -1832072.250000
14259   -1832072.500000
14260   -1832072.500000
14261   -1832072.625000
14262   -1832072.750000
14263   -1832073.000000
14264   -1832073.250000
14265   -1832073.250000
14266   -1832073.250000
14267   -1832073.500000
14268   -1832073.750000
14269   -1832073.750000
14270   -1832074.000000
14271   -1832074.000000
14272   -1832074.125000
14273   -1832074.250000
14274   -1832074.500000
14275   -1832074.750000
14276   -1832074.625000
14277   -1832075.000000
14278   -1832075.000000
14279   -1832075.125000
14280   -1832075.250000
14281   -1832075.500000
14282   -1832075.500000
14283   -1832075.625000
14284   -1832075.750000
14285   -1832075.875000
14286   -1832076.000000
14287   -1832076.250000
14288   -1832076.250000
14289   -1832076.500000
14290   -1832076.500000
14291   -1832076.750000
14292   -1832076.750000
14293   -1832077.000000
14294   -1832077.125000
14295   -1832077.375000
14296   -1832077.250000
14297   -1832077.500000
14298   -1832077.500000
14299   -1832077.750000
14300   -1832077.875000
14301   -1832078.000000
14302   -1832078.125000
14303   -1832078.250000
14304   -1832078.375000
14305   -1832078.500000
14306   -1832078.750000
14307   -1832078.750000
14308   -1832078.875000
14309   -1832079.000000
14310   -1832079.125000
14311   -1832079.250000
14312   -1832079.500000
14313   -1832079.500000
14314   -1832079.625000
14315   -1832079.750000
14316   -1832080.000000
14317   -1832080.125000
14318   -1832080.250000
14319   -1832080.500000
14320   -1832080.500000
14321   -1832080.500000
14322   -1832080.750000
14323   -1832080.875000
14324   -1832081.000000
14325   -1832081.250000
14326   -1832081.250000
14327   -1832081.375000
14328   -1832081.500000
14329   -1832081.750000
14330   -1832081.875000
14331   -1832082.000000
14332   -1832082.000000
14333   -1832082.250000
14334   -1832082.500000
14335   -1832082.500000
14336   -1832082.625000
14337   -1832082.750000
14338   -1832082.875000
14339   -1832083.000000
14340   -1832083.125000
14341   -1832083.375000
14342   -1832083.375000
14343   -1832083.500000
14344   -1832083.750000
14345   -1832083.750000
14346   -1832083.875000
14347   -1832084.000000
14348   -1832084.125000
14349   -1832084.250000
14350   -1832084.250000
14351   -1832084.375000
14352   -1832084.625000
14353   -1832084.750000
14354   -1832085.000000
14355   -1832085.000000
14356   -1832085.000000
14357   -1832085.250000
14358   -1832085.375000
14359   -1832085.625000
14360   -1832085.750000
14361   -1832085.750000
14362   -1832085.875000
14363   -1832086.250000
14364   -1832086.250000
14365   -1832086.250000
14366   -1832086.500000
14367   -1832086.750000
14368   -1832086.750000
14369   -1832087.000000
14370   -1832087.000000
14371   -1832087.250000
14372   -1832087.250000
14373   -1832087.500000
14374   -1832087.625000
14375   -1832087.750000
14376   -1832088.000000
14377   -1832088.000000
14378   -1832088.000000
14379   -1832088.250000
14380   -1832088.375000
14381   -1832088.500000
14382   -1832088.625000
14383   -1832088.750000
14384   -1832089.000000
14385   -1832089.000000
14386   -1832089.250000
14387   -1832089.375000
14388   -1832089.500000
14389   -1832089.750000
14390   -1832089.750000
14391   -1832089.875000
14392   -1832090.000000
14393   -1832090.250000
14394   -1832090.500000
14395   -1832090.625000
14396   -1832090.500000
14397   -1832090.750000
14398   -1832091.000000
14399   -1832091.250000
14400   -1832091.250000
14401   -1832091.500000
14402   -1832091.625000
14403   -1832091.750000
14404   -1832091.750000
14405   -1832092.000000
14406   -1832092.125000
14407   -1832092.500000
14408   -1832092.500000
14409   -1832092.750000
14410   -1832092.750000
14411   -1832092.875000
14412   -1832093.250000
14413   -1832093.250000
14414   -1832093.375000
14415   -1832093.500000
14416   -1832093.750000
14417   -1832093.750000
14418   -1832094.000000
14419   -1832094.125000
14420   -1832094.375000
14421   -1832094.500000
14422   -1832094.750000
14423   -1832095.000000
14424   -1832095.000000
14425   -1832095.250000
14426   -1832095.375000
14427   -1832095.500000
14428   -1832095.625000
14429   -1832095.750000
14430   -1832096.000000
14431   -1832096.250000
14432   -1832096.250000
14433   -1832096.500000
14434   -1832096.625000
14435   -1832096.875000
14436   -1832097.000000
14437   -1832097.000000
14438   -1832097.250000
14439   -1832097.625000
14440   -1832097.750000
14441   -1832098.000000
14442   -1832098.125000
14443   -1832098.250000
14444   -1832098.500000
14445   -1832098.500000
14446   -1832098.750000
14447   -1832099.000000
14448   -1832099.125000
14449   -1832099.375000
14450   -1832099.500000
14451   -1832099.750000
14452   -1832099.750000
14453   -1832100.000000
14454   -1832100.250000
14455   -1832100.375000
14456   -1832100.750000
14457   -1832100.875000
14458   -1832101.000000
14459   -1832101.125000
14460   -1832101.375000
14461   -1832101.500000
14462   -1832101.750000
14463   -1832102.000000
14464   -1832102.250000
14465   -1832102.500000
14466   -1832102.500000
14467   -1832102.750000
14468   -1832102.875000
14469   -1832103.125000
14470   -1832103.375000
14471   -1832103.500000
14472   -1832103.750000
14473   -1832104.000000
14474   -1832104.250000
14475   -1832104.250000
14476   -1832104.500000
14477   -1832104.750000
14478   -1832105.000000
14479   -1832105.125000
14480   -1832105.375000
14481   -1832105.500000
14482   -1832105.750000
14483   -1832105.875000
14484   -1832106.250000
14485   -1832106.375000
14486   -1832106.500000
14487   -1832106.875000
14488   -1832107.125000
14489   -1832107.125000
14490   -1832107.500000
14491   -1832107.750000
14492   -1832107.875000
14493   -1832108.000000
14494   -1832108.375000
14495   -1832108.500000
14496   -1832108.750000
14497   -1832109.000000
14498   -1832109.125000
14499   -1832109.500000
14500   -1832109.500000
14501   -1832109.875000
14502   -1832110.000000
14503   -1832110.250000
14504   -1832110.500000
14505   -1832110.750000
14506   -1832111.000000
14507   -1832111.250000
14508   -1832111.375000
14509   -1832111.750000
14510   -1832111.875000
14511   -1832112.000000
14512   -1832112.250000
14513   -1832112.500000
14514   -1832112.750000
14515   -1832113.125000
14516   -1832113.250000
14517   -1832113.500000
14518   -1832113.625000
14519   -1832114.000000
14520   -1832114.125000
14521   -1832114.375000
14522   -1832114.500000
14523   -1832115.000000
14524   -1832115.000000
14525   -1832115.250000
14526   -1832115.375000
14527   -1832115.750000
14528   -1832115.875000
14529   -1832116.000000
14530   -1832116.250000
14531   -1832116.500000
14532   -1832116.875000
14533   -1832117.125000
14534   -1832117.250000
14535   -1832117.500000
14536   -1832117.750000
14537   -1832117.875000
14538   -1832118.125000
14539   -1832118.375000
14540   -1832118.625000
14541   -1832118.750000
14542   -1832119.000000
14543   -1832119.250000
14544   -1832119.500000
14545   -1832119.750000
14546   -1832119.875000
14547   -1832120.000000
14548   -1832120.250000
14549   -1832120.500000
14550   -1832120.750000
14551   -1832121.000000
14552   -1832121.000000
14553   -1832121.250000
14554   -1832121.500000
14555   -1832121.750000
14556   -1832121.875000
14557   -1832122.250000
14558   -1832122.250000
14559   -1832122.500000
14560   -1832122.750000
14561   -1832122.875000
14562   -1832123.125000
14563   -1832123.250000
14564   -1832123.500000
14565   -1832123.750000
14566   -1832124.000000
14567   -1832124.125000
14568   -1832124.250000
14569   -1832124.500000
14570   -1832124.750000
14571   -1832125.000000
14572   -1832125.000000
14573   -1832125.375000
14574   -1832125.500000
14575   -1832125.750000
14576   -1832126.000000
14577   -1832126.000000
14578   -1832126.250000
14579   -1832126.500000
14580   -1832126.750000
14581   -1832126.875000
14582   -1832127.000000
14583   -1832127.250000
14584   -1832127.500000
14585   -1832127.750000
14586   -1832127.875000
14587   -1832128.000000
14588   -1832128.125000
14589   -1832128.250000
14590   -1832128.500000
14591   -1832128.750000
14592   -1832129.000000
14593   -1832129.000000
14594   -1832129.250000
14595   -1832129.500000
14596   -1832129.750000
14597   -1832130.000000
14598   -1832130.125000
14599   -1832130.250000
14600   -1832130.500000
14601   -1832130.625000
14602   -1832130.750000
14603   -1832131.000000
14604   -1832131.250000
14605   -1832131.500000
14606   -1832131.500000
14607   -1832131.750000
14608   -1832132.000000
14609   -1832132.000000
14610   -1832132.250000
14611   -1832132.375000
14612   -1832132.625000
14613   -1832132.750000
14614   -1832133.000000
14615   -1832133.125000
14616   -1832133.500000
14617   -1832133.500000
14618   -1832133.750000
14619   -1832134.000000
14620   -1832134.000000
14621   -1832134.250000
14622   -1832134.500000
14623   -1832134.750000
14624   -1832134.750000
14625   -1832135.000000
14626   -1832135.125000
14627   -1832135.375000
14628   -1832135.500000
14629   -1832135.750000
14630   -1832136.000000
14631   -1832136.250000
14632   -1832136.250000
14633   -1832136.500000
14634   -1832136.500000
14635   -1832136.750000
14636   -1832137.000000
14637   -1832137.250000
14638   -1832137.250000
14639   -1832137.500000
14640   -1832137.750000
14641   -1832138.000000
14642   -1832138.000000
14643   -1832138.250000
14644   -1832138.375000
14645   -1832138.625000
14646   -1832138.750000
14647   -1832139.000000
14648   -1832139.125000
14649   -1832139.250000
14650   -1832139.500000
14651   -1832139.625000
14652   -1832140.000000
14653   -1832140.000000
14654   -1832140.250000
14655   -1832140.375000
14656   -1832140.625000
14657   -1832140.875000
14658   -1832141.000000
14659   -1832141.250000
14660   -1832141.375000
14661   -1832141.500000
14662   -1832141.750000
14663   -1832141.750000
14664   -1832142.000000
14665   -1832142.250000
14666   -1832142.375000
14667   -1832142.750000
14668   -1832142.750000
14669   -1832143.000000
14670   -1832143.250000
14671   -1832143.500000
14672   -1832143.500000
14673   -1832143.750000
14674   -1832143.875000
14675   -1832144.125000
14676   -1832144.250000
14677   -1832144.625000
14678   -1832144.625000
14679   -1832144.875000
14680   -1832145.000000
14681   -1832145.250000
14682   -1832145.500000
14683   -1832145.750000
14684   -1832145.750000
14685   -1832146.000000
14686   -1832146.250000
14687   -1832146.375000
14688   -1832146.625000
14689   -1832146.875000
14690   -1832147.125000
14691   -1832147.250000
14692   -1832147.500000
14693   -1832147.625000
14694   -1832147.750000
14695   -1832148.000000
14696   -1832148.250000
14697   -1832148.500000
14698   -1832148.500000
14699   -1832148.875000
14700   -1832149.000000
14701   -1832149.250000
14702   -1832149.250000
14703   -1832149.625000
14704   -1832149.750000
14705   -1832149.875000
14706   -1832150.000000
14707   -1832150.375000
14708   -1832150.500000
14709   -1832150.500000
14710   -1832150.875000
14711   -1832151.125000
14712   -1832151.250000
14713   -1832151.500000
14714   -1832151.750000
14715   -1832152.000000
14716   -1832152.000000
14717   -1832152.250000
14718   -1832152.500000
14719   -1832152.750000
14720   -1832152.750000
14721   -1832153.000000
14722   -1832153.125000
14723   -1832153.250000
14724   -1832153.625000
14725   -1832153.750000
14726   -1832154.000000
14727   -1832154.125000
14728   -1832154.375000
14729   -1832154.625000
14730   -1832154.750000
14731   -1832155.000000
14732   -1832155.250000
14733   -1832155.375000
14734   -1832155.625000
14735   -1832155.750000
14736   -1832156.000000
14737   -1832156.250000
14738   -1832156.500000
14739   -1832156.625000
14740   -1832156.750000
14741   -1832157.000000
14742   -1832157.250000
14743   -1832157.500000
14744   -1832157.500000
14745   -1832157.750000
14746   -1832157.875000
14747   -1832158.125000
14748   -1832158.375000
14749   -1832158.500000
14750   -1832158.750000
14751   -1832159.000000
14752   -1832159.250000
14753   -1832159.375000
14754   -1832159.500000
14755   -1832159.875000
14756   -1832160.000000
14757   -1832160.000000
14758   -1832160.500000
14759   -1832160.500000
14760   -1832160.750000
14761   -1832161.000000
14762   -1832161.250000
14763   -1832161.375000
14764   -1832161.625000
14765   -1832161.750000
14766   -1832162.000000
14767   -1832162.250000
14768   -1832162.375000
14769   -1832162.625000
14770   -1832162.750000
14771   -1832163.000000
14772   -1832163.250000
14773   -1832163.375000
14774   -1832163.500000
14775   -1832164.000000
14776   -1832164.125000
14777   -1832164.250000
14778   -1832164.500000
14779   -1832164.625000
14780   -1832164.875000
14781   -1832165.000000
14782   -1832165.250000
14783   -1832165.500000
14784   -1832165.750000
14785   -1832166.000000
14786   -1832166.125000
14787   -1832166.250000
14788   -1832166.500000
14789   -1832166.500000
14790   -1832167.000000
14791   -1832167.125000
14792   -1832167.250000
14793   -1832167.500000
14794   -1832167.625000
14795   -1832167.875000
14796   -1832168.125000
14797   -1832168.250000
14798   -1832168.500000
14799   -1832168.750000
14800   -1832169.000000
14801   -1832169.000000
14802   -1832169.375000
14803   -1832169.500000
14804   -1832169.750000
14805   -1832170.000000
14806   -1832170.125000
14807   -1832170.375000
14808   -1832170.500000
14809   -1832170.750000
14810   -1832171.000000
14811   -1832171.000000
14812   -1832171.250000
14813   -1832171.500000
14814   -1832171.625000
14815   -1832171.750000
14816   -1832172.000000
14817   -1832172.250000
14818   -1832172.500000
14819   -1832172.625000
14820   -1832172.750000
14821   -1832173.125000
14822   -1832173.125000
14823   -1832173.500000
14824   -1832173.500000
14825   -1832173.875000
14826   -1832174.000000
14827   -1832174.250000
14828   -1832174.500000
14829   -1832174.625000
14830   -1832174.750000
14831   -1832175.000000
14832   -1832175.250000
14833   -1832175.500000
14834   -1832175.625000
14835   -1832175.875000
14836   -1832176.000000
14837   -1832176.250000
14838   -1832176.500000
14839   -1832176.500000
14840   -1832176.875000
14841   -1832177.000000
14842   -1832177.250000
14843   -1832177.500000
14844   -1832177.625000
14845   -1832178.000000
14846   -1832178.000000
14847   -1832178.250000
14848   -1832178.375000
14849   -1832178.625000
14850   -1832178.750000
14851   -1832179.000000
14852   -1832179.250000
14853   -1832179.500000
14854   -1832179.625000
14855   -1832179.750000
14856   -1832180.000000
14857   -1832180.250000
14858   -1832180.500000
14859   -1832180.750000
14860   -1832180.875000
14861   -1832181.250000
14862   -1832181.000000
14863   -1832181.500000
14864   -1832181.750000
14865   -1832181.875000
14866   -1832182.125000
14867   -1832182.500000
14868   -1832182.625000
14869   -1832182.875000
14870   -1832183.000000
14871   -1832183.000000
14872   -1832183.375000
14873   -1832183.625000
14874   -1832183.875000
14875   -1832184.000000
14876   -1832184.250000
14877   -1832184.500000
14878   -1832184.500000
14879   -1832184.750000
14880   -1832185.000000
14881   -1832185.375000
14882   -1832185.625000
14883   -1832185.875000
14884   -1832186.000000
14885   -1832186.250000
14886   -1832186.500000
14887   -1832186.750000
14888   -1832187.000000
14889   -1832187.250000
14890   -1832187.500000
14891   -1832187.500000
14892   -1832187.750000
14893   -1832188.125000
14894   -1832188.375000
14895   -1832188.500000
14896   -1832188.750000
14897   -1832189.000000
14898   -1832189.375000
14899   -1832189.500000
14900   -1832189.750000
14901   -1832190.000000
14902   -1832190.375000
14903   -1832190.500000
14904   -1832190.750000
14905   -1832191.000000
14906   -1832191.250000
14907   -1832191.500000
14908   -1832191.750000
14909   -1832191.875000
14910   -1832192.250000
14911   -1832192.500000
14912   -1832192.750000
14913   -1832193.000000
14914   -1832193.250000
14915   -1832193.500000
14916   -1832193.625000
14917   -1832194.000000
14918   -1832194.250000
14919   -1832194.500000
14920   -1832194.750000
14921   -1832195.000000
14922   -1832195.375000
14923   -1832195.500000
14924   -1832195.750000
14925   -1832196.125000
14926   -1832196.250000
14927   -1832196.500000
14928   -1832197.000000
14929   -1832197.000000
14930   -1832197.500000
14931   -1832197.625000
14932   -1832198.000000
14933   -1832198.500000
14934   -1832198.500000
14935   -1832199.000000
14936   -1832199.250000
14937   -1832199.500000
14938   -1832199.750000
14939   -1832200.000000
14940   -1832200.250000
14941   -1832200.500000
14942   -1832201.000000
14943   -1832201.375000
14944   -1832201.500000
14945   -1832201.750000
14946   -1832202.125000
14947   -1832202.500000
14948   -1832202.750000
14949   -1832203.125000
14950   -1832203.375000
14951   -1832203.750000
14952   -1832204.000000
14953   -1832204.375000
14954   -1832204.625000
14955   -1832204.875000
14956   -1832205.125000
14957   -1832205.625000
14958   -1832205.875000
14959   -1832206.250000
14960   -1832206.500000
14961   -1832206.875000
14962   -1832207.125000
14963   -1832207.625000
14964   -1832207.875000
14965   -1832208.000000
14966   -1832208.500000
14967   -1832208.625000
14968   -1832209.250000
14969   -1832209.500000
14970   -1832209.750000
14971   -1832210.125000
14972   -1832210.250000
14973   -1832210.750000
14974   -1832211.250000
14975   -1832211.375000
14976   -1832211.625000
14977   -1832212.250000
14978   -1832212.500000
14979   -1832212.875000
14980   -1832213.250000
14981   -1832213.500000
14982   -1832213.875000
14983   -1832214.125000
14984   -1832214.500000
14985   -1832215.000000
14986   -1832215.250000
14987   -1832215.500000
14988   -1832215.875000
14989   -1832216.250000
14990   -1832216.750000
14991   -1832217.000000
14992   -1832217.250000
14993   -1832217.500000
14994   -1832218.000000
14995   -1832218.375000
14996   -1832218.500000
14997   -1832219.000000
14998   -1832219.375000
14999   -1832219.750000
15000   -1832220.000000
15001   -1832220.250000
15002   -1832220.750000
15003   -1832221.000000
15004   -1832221.375000
15005   -1832221.625000
15006   -1832222.250000
15007   -1832222.500000
15008   -1832222.750000
15009   -1832223.000000
15010   -1832223.500000
15011   -1832223.750000
15012   -1832224.250000
15013   -1832224.500000
15014   -1832224.750000
15015   -1832225.250000
15016   -1832225.500000
15017   -1832225.750000
15018   -1832226.250000
15019   -1832226.500000
15020   -1832227.000000
15021   -1832227.250000
15022   -1832227.500000
15023   -1832228.000000
15024   -1832228.375000
15025   -1832228.500000
15026   -1832228.750000
15027   -1832229.250000
15028   -1832229.625000
15029   -1832229.750000
15030   -1832230.250000
15031   -1832230.500000
15032   -1832230.750000
15033   -1832231.000000
15034   -1832231.250000
15035   -1832231.625000
15036   -1832232.000000
15037   -1832232.375000
15038   -1832232.750000
15039   -1832233.250000
15040   -1832233.375000
15041   -1832233.500000
15042   -1832234.000000
15043   -1832234.250000
15044   -1832234.500000
15045   -1832235.000000
15046   -1832235.250000
15047   -1832235.625000
15048   -1832235.750000
15049   -1832236.000000
15050   -1832236.250000
15051   -1832236.750000
15052   -1832237.000000
15053   -1832237.250000
15054   -1832237.500000
15055   -1832237.750000
15056   -1832238.000000
15057   -1832238.500000
15058   -1832238.750000
15059   -1832239.000000
15060   -1832239.125000
15061   -1832239.625000
15062   -1832240.000000
15063   -1832240.250000
15064   -1832240.500000
15065   -1832240.750000
15066   -1832241.000000
15067   -1832241.250000
15068   -1832241.500000
15069   -1832242.000000
15070   -1832242.250000
15071   -1832242.375000
15072   -1832242.625000
15073   -1832243.000000
15074   -1832243.250000
15075   -1832243.500000
15076   -1832243.875000
15077   -1832244.125000
15078   -1832244.250000
15079   -1832244.750000
15080   -1832245.000000
15081   -1832245.125000
15082   -1832245.375000
15083   -1832245.750000
15084   -1832245.750000
15085   -1832246.375000
15086   -1832246.375000
15087   -1832246.750000
15088   -1832247.000000
15089   -1832247.250000
15090   -1832247.500000
15091   -1832247.750000
15092   -1832248.000000
15093   -1832248.250000
15094   -1832248.500000
15095   -1832248.750000
15096   -1832249.000000
15097   -1832249.125000
15098   -1832249.500000
15099   -1832249.750000
15100   -1832250.000000
15101   -1832250.250000
15102   -1832250.500000
15103   -1832250.625000
15104   -1832250.875000
15105   -1832251.250000
15106   -1832251.250000
15107   -1832251.500000
15108   -1832251.875000
15109   -1832252.125000
15110   -1832252.375000
15111   -1832252.625000
15112   -1832252.750000
15113   -1832253.000000
15114   -1832253.375000
15115   -1832253.625000
15116   -1832253.750000
15117   -1832254.000000
15118   -1832254.250000
15119   -1832254.500000
15120   -1832254.750000
15121   -1832255.000000
15122   -1832255.000000
15123   -1832255.250000
15124   -1832255.500000
15125   -1832255.750000
15126   -1832256.000000
15127   -1832256.375000
15128   -1832256.500000
15129   -1832256.750000
15130   -1832257.000000
15131   -1832257.250000
15132   -1832257.250000
15133   -1832257.625000
15134   -1832257.875000
15135   -1832258.000000
15136   -1832258.250000
15137   -1832258.500000
15138   -1832258.750000
15139   -1832259.000000
15140   -1832259.125000
15141   -1832259.250000
15142   -1832259.500000
15143   -1832259.750000
15144   -1832260.000000
15145   -1832260.250000
15146   -1832260.375000
15147   -1832260.750000
15148   -1832261.000000
15149   -1832261.000000
15150   -1832261.250000
15151   -1832261.500000
15152   -1832261.750000
15153   -1832262.000000
15154   -1832262.000000
15155   -1832262.500000
15156   -1832262.625000
15157   -1832262.750000
15158   -1832263.250000
15159   -1832263.250000
15160   -1832263.500000
15161   -1832263.750000
15162   -1832264.000000
15163   -1832264.250000
15164   -1832264.500000
15165   -1832264.750000
15166   -1832264.875000
15167   -1832265.000000
15168   -1832265.250000
15169   -1832265.375000
15170   -1832265.750000
15171   -1832266.000000
15172   -1832266.125000
15173   -1832266.500000
15174   -1832266.625000
15175   -1832266.750000
15176   -1832267.000000
15177   -1832267.250000
15178   -1832267.500000
15179   -1832267.750000
15180   -1832268.000000
15181   -1832268.125000
15182   -1832268.375000
15183   -1832268.500000
15184   -1832269.000000
15185   -1832269.000000
15186   -1832269.375000
15187   -1832269.625000
15188   -1832269.750000
15189   -1832270.000000
15190   -1832270.250000
15191   -1832270.500000
15192   -1832270.750000
15193   -1832271.000000
15194   -1832271.250000
15195   -1832271.500000
15196   -1832271.625000
15197   -1832272.000000
15198   -1832272.250000
15199   -1832272.250000
15200   -1832272.500000
15201   -1832272.750000
15202   -1832273.000000
15203   -1832273.250000
15204   -1832273.375000
15205   -1832273.750000
15206   -1832274.125000
15207   -1832274.250000
15208   -1832274.500000
15209   -1832274.500000
15210   -1832274.750000
15211   -1832275.125000
15212   -1832275.250000
15213   -1832275.500000
15214   -1832275.625000
15215   -1832275.875000
15216   -1832276.250000
15217   -1832276.250000
15218   -1832276.500000
15219   -1832276.750000
15220   -1832277.000000
15221   -1832277.250000
15222   -1832277.500000
15223   -1832277.625000
15224   -1832277.875000
15225   -1832278.125000
15226   -1832278.250000
15227   -1832278.500000
15228   -1832278.750000
15229   -1832279.000000
15230   -1832279.000000
15231   -1832279.250000
15232   -1832279.500000
15233   -1832279.875000
15234   -1832280.125000
15235   -1832280.250000
15236   -1832280.375000
15237   -1832280.750000
15238   -1832280.875000
15239   -1832281.000000
15240   -1832281.375000
15241   -1832281.250000
15242   -1832281.500000
15243   -1832281.750000
15244   -1832281.875000
15245   -1832282.250000
15246   -1832282.375000
15247   -1832282.750000
15248   -1832283.000000
15249   -1832283.000000
15250   -1832283.250000
15251   -1832283.500000
15252   -1832283.750000
15253   -1832283.750000
15254   -1832284.125000
15255   -1832284.375000
15256   -1832284.500000
15257   -1832284.750000
15258   -1832285.000000
15259   -1832285.250000
15260   -1832285.500000
15261   -1832285.500000
15262   -1832285.625000
15263   -1832285.750000
15264   -1832286.125000
15265   -1832286.250000
15266   -1832286.500000
15267   -1832286.750000
15268   -1832287.000000
15269   -1832287.000000
15270   -1832287.375000
15271   -1832287.500000
15272   -1832287.750000
15273   -1832288.000000
15274   -1832288.125000
15275   -1832288.250000
15276   -1832288.500000
15277   -1832288.750000
15278   -1832289.000000
15279   -1832289.000000
15280   -1832289.375000
15281   -1832289.500000
15282   -1832289.750000
15283   -1832289.750000
15284   -1832290.125000
15285   -1832290.250000
15286   -1832290.500000
15287   -1832290.500000
15288   -1832290.750000
15289   -1832291.000000
15290   -1832291.250000
15291   -1832291.500000
15292   -1832291.750000
15293   -1832291.750000
15294   -1832291.875000
15295   -1832292.125000
15296   -1832292.250000
15297   -1832292.500000
15298   -1832292.500000
15299   -1832293.000000
15300   -1832293.250000
15301   -1832293.250000
15302   -1832293.250000
15303   -1832293.625000
15304   -1832293.750000
15305   -1832294.000000
15306   -1832294.250000
15307   -1832294.250000
15308   -1832294.625000
15309   -1832294.750000
15310   -1832295.000000
15311   -1832295.000000
15312   -1832295.250000
15313   -1832295.500000
15314   -1832295.625000
15315   -1832295.875000
15316   -1832296.000000
15317   -1832296.250000
15318   -1832296.375000
15319   -1832296.500000
15320   -1832296.500000
15321   -1832296.875000
15322   -1832297.125000
15323   -1832297.250000
15324   -1832297.500000
15325   -1832297.750000
15326   -1832297.750000
15327   -1832298.000000
15328   -1832298.125000
15329   -1832298.375000
15330   -1832298.500000
15331   -1832298.500000
15332   -1832298.875000
15333   -1832299.000000
15334   -1832299.250000
15335   -1832299.500000
15336   -1832299.750000
15337   -1832299.750000
15338   -1832300.000000
15339   -1832300.125000
15340   -1832300.250000
15341   -1832300.500000
15342   -1832300.750000
15343   -1832300.750000
15344   -1832301.000000
15345   -1832301.125000
15346   -1832301.375000
15347   -1832301.500000
15348   -1832301.750000
15349   -1832302.000000
15350   -1832302.250000
15351   -1832302.375000
15352   -1832302.500000
15353   -1832302.625000
15354   -1832302.750000
15355   -1832303.000000
15356   -1832303.375000
15357   -1832303.375000
15358   -1832303.500000
15359   -1832303.750000
15360   -1832304.000000
15361   -1832304.000000
15362   -1832304.250000
15363   -1832304.500000
15364   -1832304.750000
15365   -1832304.625000
15366   -1832304.875000
15367   -1832305.125000
15368   -1832305.250000
15369   -1832305.375000
15370   -1832305.625000
15371   -1832306.000000
15372   -1832306.000000
15373   -1832306.250000
15374   -1832306.250000
15375   -1832306.500000
15376   -1832306.500000
15377   -1832307.000000
15378   -1832306.875000
15379   -1832307.375000
15380   -1832307.375000
15381   -1832307.500000
15382   -1832307.625000
15383   -1832307.875000
15384   -1832308.000000
15385   -1832308.250000
15386   -1832308.250000
15387   -1832308.500000
15388   -1832308.750000
15389   -1832308.875000
15390   -1832309.125000
15391   -1832309.250000
15392   -1832309.500000
15393   -1832309.500000
15394   -1832309.750000
15395   -1832310.000000
15396   -1832310.250000
15397   -1832310.250000
15398   -1832310.375000
15399   -1832310.625000
15400   -1832310.750000
15401   -1832310.875000
15402   -1832311.125000
15403   -1832311.375000
15404   -1832311.500000
15405   -1832311.500000
15406   -1832311.750000
15407   -1832312.000000
15408   -1832312.000000
15409   -1832312.250000
15410   -1832312.500000
15411   -1832312.500000
15412   -1832312.750000
15413   -1832313.125000
15414   -1832313.250000
15415   -1832313.375000
15416   -1832313.500000
15417   -1832313.750000
15418   -1832314.000000
15419   -1832314.000000
15420   -1832314.375000
15421   -1832314.500000
15422   -1832314.750000
15423   -1832314.875000
15424   -1832315.000000
15425   -1832315.125000
15426   -1832315.375000
15427   -1832315.375000
15428   -1832315.750000
15429   -1832315.750000
15430   -1832316.000000
15431   -1832316.250000
15432   -1832316.250000
15433   -1832316.500000
15434   -1832316.750000
15435   -1832317.000000
15436   -1832317.250000
15437   -1832317.250000
15438   -1832317.625000
15439   -1832317.750000
15440   -1832318.000000
15441   -1832318.000000
15442   -1832318.375000
15443   -1832318.500000
15444   -1832318.750000
15445   -1832318.875000
15446   -1832319.125000
15447   -1832319.250000
15448   -1832319.500000
15449   -1832319.625000
15450   -1832320.000000
15451   -1832320.000000
15452   -1832320.125000
15453   -1832320.500000
15454   -1832320.750000
15455   -1832321.000000
15456   -1832321.000000
15457   -1832321.125000
15458   -1832321.375000
15459   -1832321.750000
15460   -1832321.750000
15461   -1832322.125000
15462   -1832322.375000
15463   -1832322.500000
15464   -1832322.750000
15465   -1832323.000000
15466   -1832323.000000
15467   -1832323.250000
15468   -1832323.750000
15469   -1832323.750000
15470   -1832324.125000
15471   -1832324.250000
15472   -1832324.625000
15473   -1832324.750000
15474   -1832325.000000
15475   -1832325.125000
15476   -1832325.500000
15477   -1832325.500000
15478   -1832325.750000
15479   -1832326.000000
15480   -1832326.250000
15481   -1832326.500000
15482   -1832326.750000
15483   -1832327.000000
15484   -1832327.125000
15485   -1832327.375000
15486   -1832327.500000
15487   -1832328.000000
15488   -1832328.000000
15489   -1832328.250000
15490   -1832328.500000
15491   -1832328.750000
15492   -1832329.000000
15493   -1832329.250000
15494   -1832329.500000
15495   -1832329.750000
15496   -1832330.000000
15497   -1832330.250000
15498   -1832330.375000
15499   -1832330.625000
15500   -1832330.875000
15501   -1832331.250000
15502   -1832331.375000
15503   -1832331.625000
15504   -1832331.750000
15505   -1832332.000000
15506   -1832332.250000
15507   -1832332.625000
15508   -1832333.000000
15509   -1832333.250000
15510   -1832333.500000
15511   -1832333.750000
15512   -1832334.000000
15513   -1832334.250000
15514   -1832334.500000
15515   -1832334.750000
15516   -1832335.000000
15517   -1832335.250000
15518   -1832335.500000
15519   -1832335.875000
15520   -1832335.875000
15521   -1832336.375000
15522   -1832336.500000
15523   -1832336.875000
15524   -1832337.375000
15525   -1832337.375000
15526   -1832337.750000
15527   -1832338.000000
15528   -1832338.125000
15529   -1832338.500000
15530   -1832338.750000
15531   -1832339.000000
15532   -1832339.500000
15533   -1832339.750000
15534   -1832340.000000
15535   -1832340.250000
15536   -1832340.375000
15537   -1832340.750000
15538   -1832341.125000
15539   -1832341.250000
15540   -1832341.750000
15541   -1832341.750000
15542   -1832342.250000
15543   -1832342.375000
15544   -1832342.875000
15545   -1832343.125000
15546   -1832343.500000
15547   -1832343.625000
15548   -1832344.000000
15549   -1832344.250000
15550   -1832344.500000
15551   -1832344.750000
15552   -1832345.000000
15553   -1832345.500000
15554   -1832345.750000
15555   -1832346.000000
15556   -1832346.375000
15557   -1832346.625000
15558   -1832346.750000
15559   -1832347.250000
15560   -1832347.500000
15561   -1832347.750000
15562   -1832348.000000
15563   -1832348.500000
15564   -1832348.625000
15565   -1832349.000000
15566   -1832349.375000
15567   -1832349.500000
15568   -1832349.875000
15569   -1832350.250000
15570   -1832350.500000
15571   -1832350.875000
15572   -1832351.000000
15573   -1832351.500000
15574   -1832351.750000
15575   -1832352.000000
15576   -1832352.375000
15577   -1832352.625000
15578   -1832353.000000
15579   -1832353.250000
15580   -1832353.625000
15581   -1832354.000000
15582   -1832354.250000
15583   -1832354.500000
15584   -1832354.750000
15585   -1832355.125000
15586   -1832355.500000
15587   -1832355.750000
15588   -1832356.125000
15589   -1832356.500000
15590   -1832356.750000
15591   -1832357.000000
15592   -1832357.500000
15593   -1832357.750000
15594   -1832358.000000
15595   -1832358.375000
15596   -1832358.750000
15597   -1832359.000000
15598   -1832359.500000
15599   -1832359.625000
15600   -1832360.125000
15601   -1832360.250000
15602   -1832360.875000
15603   -1832361.125000
15604   -1832361.250000
15605   -1832361.625000
15606   -1832362.000000
15607   -1832362.250000
15608   -1832362.750000
15609   -1832363.000000
15610   -1832363.250000
15611   -1832363.750000
15612   -1832363.875000
15613   -1832364.375000
15614   -1832364.625000
15615   -1832365.125000
15616   -1832365.500000
15617   -1832365.625000
15618   -1832366.000000
15619   -1832366.250000
15620   -1832366.750000
15621   -1832367.000000
15622   -1832367.375000
15623   -1832367.750000
15624   -1832368.000000
15625   -1832368.375000
15626   -1832368.750000
15627   -1832369.000000
15628   -1832369.250000
15629   -1832369.750000
15630   -1832370.000000
15631   -1832370.250000
15632   -1832370.500000
15633   -1832371.000000
15634   -1832371.250000
15635   -1832371.750000
15636   -1832372.000000
15637   -1832372.250000
15638   -1832372.625000
15639   -1832372.875000
15640   -1832373.500000
15641   -1832373.750000
15642   -1832374.000000
15643   -1832374.500000
15644   -1832374.625000
15645   -1832375.000000
15646   -1832375.250000
15647   -1832375.750000
15648   -1832376.000000
15649   -1832376.250000
15650   -1832376.750000
15651   -1832377.000000
15652   -1832377.375000
15653   -1832377.750000
15654   -1832377.875000
15655   -1832378.250000
15656   -1832378.625000
15657   -1832379.000000
15658   -1832379.500000
15659   -1832379.625000
15660   -1832380.125000
15661   -1832380.250000
15662   -1832380.750000
15663   -1832381.000000
15664   -1832381.625000
15665   -1832381.500000
15666   -1832382.000000
15667   -1832382.375000
15668   -1832382.750000
15669   -1832383.000000
15670   -1832383.500000
15671   -1832383.750000
15672   -1832384.000000
15673   -1832384.250000
15674   -1832384.750000
15675   -1832385.000000
15676   -1832385.250000
15677   -1832385.375000
15678   -1832386.000000
15679   -1832386.250000
15680   -1832386.500000
15681   -1832387.000000
15682   -1832387.000000
15683   -1832387.500000
15684   -1832387.750000
15685   -1832388.000000
15686   -1832388.375000
15687   -1832388.875000
15688   -1832389.000000
15689   -1832389.375000
15690   -1832389.750000
15691   -1832390.000000
15692   -1832390.375000
15693   -1832390.500000
15694   -1832391.000000
15695   -1832391.250000
15696   -1832391.500000
15697   -1832391.750000
15698   -1832392.250000
15699   -1832392.500000
15700   -1832392.625000
15701   -1832393.000000
15702   -1832393.250000
15703   -1832393.750000
15704   -1832394.000000
15705   -1832394.250000
15706   -1832394.500000
15707   -1832395.000000
15708   -1832395.250000
15709   -1832395.750000
15710   -1832395.750000
15711   -1832396.000000
15712   -1832396.500000
15713   -1832396.750000
15714   -1832397.000000
15715   -1832397.375000
15716   -1832397.750000
15717   -1832398.000000
15718   -1832398.250000
15719   -1832398.500000
15720   -1832399.000000
15721   -1832399.250000
15722   -1832399.500000
15723   -1832399.875000
15724   -1832400.125000
15725   -1832400.375000
15726   -1832400.625000
15727   -1832401.000000
15728   -1832401.250000
15729   -1832401.625000
15730   -1832402.000000
15731   -1832402.250000
15732   -1832402.500000
15733   -1832402.750000
15734   -1832403.125000
15735   -1832403.500000
15736   -1832403.875000
15737   -1832404.250000
15738   -1832404.500000
15739   -1832404.750000
15740   -1832404.875000
15741   -1832405.250000
15742   -1832405.500000
15743   -1832405.875000
15744   -1832406.250000
15745   -1832406.375000
15746   -1832406.875000
15747   -1832407.250000
15748   -1832407.500000
15749   -1832407.750000
15750   -1832408.000000
15751   -1832408.500000
15752   -1832408.750000
15753   -1832409.000000
15754   -1832409.250000
15755   -1832409.500000
15756   -1832409.875000
15757   -1832410.000000
15758   -1832410.500000
15759   -1832411.000000
15760   -1832411.125000
15761   -1832411.500000
15762   -1832411.875000
15763   -1832412.125000
15764   -1832412.500000
15765   -1832412.875000
15766   -1832413.000000
15767   -1832413.500000
15768   -1832413.750000
15769   -1832414.125000
15770   -1832414.500000
15771   -1832415.000000
15772   -1832415.000000
15773   -1832415.250000
15774   -1832415.750000
15775   -1832416.125000
15776   -1832416.625000
15777   -1832416.875000
15778   -1832417.250000
15779   -1832417.750000
15780   -1832417.750000
15781   -1832418.125000
15782   -1832418.500000
15783   -1832418.875000
15784   -1832419.125000
15785   -1832419.500000
15786   -1832420.000000
15787   -1832420.375000
15788   -1832420.750000
15789   -1832420.750000
15790   -1832421.250000
15791   -1832421.625000
15792   -1832422.000000
15793   -1832422.250000
15794   -1832422.750000
15795   -1832423.125000
15796   -1832423.500000
15797   -1832423.625000
15798   -1832424.000000
15799   -1832424.500000
15800   -1832424.750000
15801   -1832425.000000
15802   -1832425.625000
15803   -1832426.125000
15804   -1832426.375000
15805   -1832426.750000
15806   -1832427.000000
15807   -1832427.500000
15808   -1832427.750000
15809   -1832428.125000
15810   -1832428.500000
15811   -1832428.750000
15812   -1832429.125000
15813   -1832429.625000
15814   -1832429.875000
15815   -1832430.500000
15816   -1832430.875000
15817   -1832431.000000
15818   -1832431.500000
15819   -1832431.750000
15820   -1832432.250000
15821   -1832432.625000
15822   -1832433.000000
15823   -1832433.500000
15824   -1832433.875000
15825   -1832434.000000
15826   -1832434.375000
15827   -1832434.875000
15828   -1832435.250000
15829   -1832435.625000
15830   -1832436.125000
15831   -1832436.500000
15832   -1832436.750000
15833   -1832437.000000
15834   -1832437.750000
15835   -1832438.000000
15836   -1832438.500000
15837   -1832438.625000
15838   -1832439.000000
15839   -1832439.500000
15840   -1832439.750000
15841   -1832440.000000
15842   -1832440.750000
15843   -1832440.875000
15844   -1832441.375000
15845   -1832441.625000
15846   -1832442.125000
15847   -1832442.500000
15848   -1832442.750000
15849   -1832443.125000
15850   -1832443.625000
15851   -1832444.000000
15852   -1832444.250000
15853   -1832444.750000
15854   -1832444.875000
15855   -1832445.375000
15856   -1832445.750000
15857   -1832446.000000
15858   -1832446.375000
15859   -1832446.750000
15860   -1832447.250000
15861   -1832447.500000
15862   -1832447.750000
15863   -1832448.125000
15864   -1832448.500000
15865   -1832449.125000
15866   -1832449.500000
15867   -1832449.500000
15868   -1832450.000000
15869   -1832450.375000
15870   -1832450.750000
15871   -1832451.125000
15872   -1832451.500000
15873   -1832451.500000
15874   -1832452.250000
15875   -1832452.500000
15876   -1832452.750000
15877   -1832453.250000
15878   -1832453.500000
15879   -1832453.750000
15880   -1832454.000000
15881   -1832454.500000
15882   -1832454.750000
15883   -1832455.250000
15884   -1832455.625000
15885   -1832456.125000
15886   -1832456.250000
15887   -1832456.750000
15888   -1832457.125000
15889   -1832457.250000
15890   -1832457.625000
15891   -1832458.000000
15892   -1832458.500000
15893   -1832458.750000
15894   -1832458.875000
15895   -1832459.375000
15896   -1832459.750000
15897   -1832460.000000
15898   -1832460.000000
15899   -1832460.750000
15900   -1832460.875000
15901   -1832461.250000
15902   -1832461.500000
15903   -1832462.000000
15904   -1832462.125000
15905   -1832462.500000
15906   -1832463.125000
15907   -1832463.250000
15908   -1832463.500000
15909   -1832463.750000
15910   -1832464.125000
15911   -1832464.500000
15912   -1832464.750000
15913   -1832465.000000
15914   -1832465.375000
15915   -1832465.750000
15916   -1832466.000000
15917   -1832466.250000
15918   -1832466.625000
15919   -1832466.750000
15920   -1832467.250000
15921   -1832467.750000
15922   -1832467.875000
15923   -1832468.250000
15924   -1832468.500000
15925   -1832468.500000
15926   -1832469.000000
15927   -1832469.250000
15928   -1832469.750000
15929   -1832470.000000
15930   -1832470.250000
15931   -1832470.750000
15932   -1832470.875000
15933   -1832471.250000
15934   -1832471.500000
15935   -1832471.625000
15936   -1832472.125000
15937   -1832472.250000
15938   -1832472.500000
15939   -1832473.000000
15940   -1832473.375000
15941   -1832473.500000
15942   -1832474.000000
15943   -1832474.250000
15944   -1832474.375000
15945   -1832475.000000
15946   -1832475.125000
15947   -1832475.375000
15948   -1832475.750000
15949   -1832476.125000
15950   -1832476.250000
15951   -1832476.750000
15952   -1832476.875000
15953   -1832477.250000
15954   -1832477.500000
15955   -1832477.875000
15956   -1832478.000000
15957   -1832478.500000
15958   -1832478.875000
15959   -1832479.000000
15960   -1832479.250000
15961   -1832479.500000
15962   -1832479.875000
15963   -1832480.250000
15964   -1832480.250000
15965   -1832480.750000
15966   -1832481.125000
15967   -1832481.250000
15968   -1832481.500000
15969   -1832481.875000
15970   -1832482.250000
15971   -1832482.625000
15972   -1832482.750000
15973   -1832483.000000
15974   -1832483.500000
15975   -1832483.625000
15976   -1832484.125000
15977   -1832484.250000
15978   -1832484.500000
15979   -1832485.000000
15980   -1832485.375000
15981   -1832485.500000
15982   -1832485.875000
15983   -1832486.250000
15984   -1832486.500000
15985   -1832486.750000
15986   -1832487.125000
15987   -1832487.375000
15988   -1832487.750000
15989   -1832488.125000
15990   -1832488.250000
15991   -1832488.750000
15992   -1832489.000000
15993   -1832489.250000
15994   -1832489.625000
15995   -1832489.875000
15996   -1832490.125000
15997   -1832490.250000
15998   -1832490.750000
15999   -1832491.000000
16000   -1832491.250000
16001   -1832491.750000
16002   -1832492.000000
16003   -1832492.375000
16004   -1832492.500000
16005   -1832493.000000
16006   -1832493.375000
16007   -1832493.500000
16008   -1832493.875000
16009   -1832494.250000
16010   -1832494.500000
16011   -1832494.875000
16012   -1832495.375000
16013   -1832495.500000
16014   -1832496.000000
16015   -1832496.125000
16016   -1832496.500000
16017   -1832496.750000
16018   -1832497.125000
16019   -1832497.500000
16020   -1832497.750000
16021   -1832498.125000
16022   -1832498.500000
16023   -1832498.750000
16024   -1832499.250000
16025   -1832499.500000
16026   -1832499.875000
16027   -1832500.000000
16028   -1832500.500000
16029   -1832500.625000
16030   -1832501.125000
16031   -1832501.500000
16032   -1832502.000000
16033   -1832502.000000
16034   -1832502.250000
16035   -1832502.625000
16036   -1832503.000000
16037   -1832503.250000
16038   -1832503.875000
16039   -1832504.125000
16040   -1832504.375000
16041   -1832504.625000
16042   -1832504.875000
16043   -1832505.375000
16044   -1832505.750000
16045   -1832506.250000
16046   -1832506.250000
16047   -1832506.750000
16048   -1832507.125000
16049   -1832507.500000
16050   -1832507.750000
16051   -1832508.250000
16052   -1832508.500000
16053   -1832508.750000
16054   -1832509.125000
16055   -1832509.375000
16056   -1832509.875000
16057   -1832510.250000
16058   -1832510.375000
16059   -1832510.875000
16060   -1832511.125000
16061   -1832511.500000
16062   -1832511.875000
16063   -1832512.250000
16064   -1832512.750000
16065   -1832512.875000
16066   -1832513.500000
16067   -1832513.750000
16068   -1832514.000000
16069   -1832514.250000
16070   -1832514.750000
16071   -1832515.250000
16072   -1832515.375000
16073   -1832515.750000
16074   -1832516.250000
16075   -1832516.500000
16076   -1832516.750000
16077   -1832517.500000
16078   -1832517.750000
16079   -1832518.000000
16080   -1832518.500000
16081   -1832519.000000
16082   -1832519.000000
16083   -1832519.625000
16084   -1832520.125000
16085   -1832520.125000
16086   -1832520.750000
16087   -1832520.875000
16088   -1832521.500000
16089   -1832522.000000
16090   -1832522.375000
16091   -1832522.625000
16092   -1832523.000000
16093   -1832523.500000
16094   -1832523.750000
16095   -1832524.125000
16096   -1832524.750000
16097   -1832525.125000
16098   -1832525.500000
16099   -1832525.750000
16100   -1832526.250000
16101   -1832526.625000
16102   -1832527.125000
16103   -1832527.500000
16104   -1832528.000000
16105   -1832528.250000
16106   -1832528.750000
16107   -1832529.125000
16108   -1832529.500000
16109   -1832530.000000
16110   -1832530.500000
16111   -1832530.875000
16112   -1832531.375000
16113   -1832531.750000
16114   -1832532.250000
16115   -1832532.625000
16116   -1832533.000000
16117   -1832533.500000
16118   -1832533.625000
16119   -1832534.375000
16120   -1832534.750000
16121   -1832535.375000
16122   -1832535.625000
16123   -1832536.250000
16124   -1832536.375000
16125   -1832537.000000
16126   -1832537.250000
16127   -1832537.750000
16128   -1832538.250000
16129   -1832538.750000
16130   -1832539.375000
16131   -1832539.750000
16132   -1832540.250000
16133   -1832540.500000
16134   -1832541.000000
16135   -1832541.500000
16136   -1832542.125000
16137   -1832542.500000
16138   -1832542.750000
16139   -1832543.250000
16140   -1832543.875000
16141   -1832544.375000
16142   -1832544.875000
16143   -1832545.250000
16144   -1832545.625000
16145   -1832546.250000
16146   -1832546.750000
16147   -1832547.250000
16148   -1832547.875000
16149   -1832548.250000
16150   -1832548.750000
16151   -1832549.250000
16152   -1832549.750000
16153   -1832550.500000
16154   -1832550.750000
16155   -1832551.500000
16156   -1832552.125000
16157   -1832552.250000
16158   -1832552.750000
16159   -1832553.375000
16160   -1832553.875000
16161   -1832554.500000
16162   -1832555.125000
16163   -1832555.500000
16164   -1832556.125000
16165   -1832556.625000
16166   -1832557.250000
16167   -1832557.750000
16168   -1832558.375000
16169   -1832558.750000
16170   -1832559.500000
16171   -1832559.750000
16172   -1832560.500000
16173   -1832561.000000
16174   -1832561.500000
16175   -1832562.125000
16176   -1832562.500000
16177   -1832563.125000
16178   -1832563.750000
16179   -1832564.250000
16180   -1832565.000000
16181   -1832565.500000
16182   -1832566.000000
16183   -1832566.875000
16184   -1832567.125000
16185   -1832567.750000
16186   -1832568.500000
16187   -1832568.875000
16188   -1832569.750000
16189   -1832570.500000
16190   -1832570.750000
16191   -1832571.500000
16192   -1832572.000000
16193   -1832572.625000
16194   -1832573.500000
16195   -1832574.000000
16196   -1832574.750000
16197   -1832575.000000
16198   -1832575.750000
16199   -1832576.250000
16200   -1832577.000000
16201   -1832577.750000
16202   -1832578.250000
16203   -1832578.750000
16204   -1832579.625000
16205   -1832580.250000
16206   -1832581.000000
16207   -1832581.500000
16208   -1832582.250000
16209   -1832583.000000
16210   -1832583.500000
16211   -1832584.375000
16212   -1832584.750000
16213   -1832585.500000
16214   -1832586.250000
16215   -1832586.750000
16216   -1832587.375000
16217   -1832588.000000
16218   -1832588.750000
16219   -1832589.500000
16220   -1832590.125000
16221   -1832590.750000
16222   -1832591.625000
16223   -1832592.500000
16224   -1832593.000000
16225   -1832593.500000
16226   -1832594.500000
16227   -1832595.125000
16228   -1832595.625000
16229   -1832596.500000
16230   -1832597.125000
16231   -1832597.875000
16232   -1832598.500000
16233   -1832599.375000
16234   -1832600.000000
16235   -1832600.750000
16236   -1832601.375000
16237   -1832602.125000
16238   -1832603.000000
16239   -1832603.750000
16240   -1832604.500000
16241   -1832605.000000
16242   -1832605.625000
16243   -1832606.625000
16244   -1832607.375000
16245   -1832608.125000
16246   -1832608.750000
16247   -1832609.250000
16248   -1832610.125000
16249   -1832611.000000
16250   -1832611.750000
16251   -1832612.375000
16252   -1832613.250000
16253   -1832614.125000
16254   -1832614.500000
16255   -1832615.250000
16256   -1832616.000000
16257   -1832616.750000
16258   -1832617.500000
16259   -1832618.625000
16260   -1832619.250000
16261   -1832619.750000
16262   -1832620.500000
16263   -1832621.375000
16264   -1832622.125000
16265   -1832622.750000
16266   -1832623.500000
16267   -1832624.375000
16268   -1832625.000000
16269   -1832625.875000
16270   -1832626.750000
16271   -1832627.375000
16272   -1832628.250000
16273   -1832628.875000
16274   -1832629.625000
16275   -1832630.500000
16276   -1832631.250000
16277   -1832632.000000
16278   -1832632.750000
16279   -1832633.500000
16280   -1832634.000000
16281   -1832635.000000
16282   -1832635.750000
16283   -1832636.125000
16284   -1832637.125000
16285   -1832637.875000
16286   -1832638.500000
16287   -1832639.375000
16288   -1832640.125000
16289   -1832641.000000
16290   -1832641.625000
16291   -1832642.250000
16292   -1832643.000000
16293   -1832643.750000
16294   -1832644.750000
16295   -1832645.250000
16296   -1832645.875000
16297   -1832646.625000
16298   -1832647.500000
16299   -1832648.000000
16300   -1832649.000000
16301   -1832649.500000
16302   -1832650.250000
16303   -1832651.000000
16304   -1832651.750000
16305   -1832652.500000
16306   -1832653.250000
16307   -1832654.000000
16308   -1832654.500000
16309   -1832655.250000
16310   -1832656.000000
16311   -1832656.750000
16312   -1832657.500000
16313   -1832658.250000
16314   -1832658.625000
16315   -1832659.375000
16316   -1832660.250000
16317   -1832661.000000
16318   -1832661.500000
16319   -1832662.375000
16320   -1832662.875000
16321   -1832663.500000
16322   -1832664.375000
16323   -1832665.125000
16324   -1832665.625000
16325   -1832666.500000
16326   -1832667.125000
16327   -1832668.000000
16328   -1832668.500000
16329   -1832669.375000
16330   -1832669.875000
16331   -1832670.500000
16332   -1832671.250000
16333   -1832672.000000
16334   -1832672.625000
16335   -1832673.500000
16336   -1832674.000000
16337   -1832674.625000
16338   -1832675.250000
16339   -1832676.125000
16340   -1832676.625000
16341   -1832677.375000
16342   -1832677.750000
16343   -1832678.625000
16344   -1832679.125000
16345   -1832679.750000
16346   -1832680.375000
16347   -1832681.000000
16348   -1832681.750000
16349   -1832682.500000
16350   -1832683.000000
16351   -1832683.625000
16352   -1832684.250000
16353   -1832685.000000
16354   -1832685.750000
16355   -1832686.250000
16356   -1832687.000000
16357   -1832687.500000
16358   -1832688.000000
16359   -1832689.000000
16360   -1832689.375000
16361   -1832690.000000
16362   -1832690.500000
16363   -1832691.250000
16364   -1832691.875000
16365   -1832692.500000
16366   -1832693.000000
16367   -1832693.875000
16368   -1832694.500000
16369   -1832695.000000
16370   -1832695.750000
16371   -1832696.125000
16372   -1832696.750000
16373   -1832697.250000
16374   -1832698.000000
16375   -1832698.625000
16376   -1832699.250000
16377   -1832699.750000
16378   -1832700.625000
16379   -1832701.000000
16380   -1832701.500000
16381   -1832702.250000
16382   -1832703.000000
16383   -1832703.375000
16384   -1832704.125000
16385   -1832704.500000
16386   -1832705.125000
16387   -1832705.750000
16388   -1832706.375000
16389   -1832707.000000
16390   -1832707.625000
16391   -1832708.000000
16392   -1832708.500000
16393   -1832709.250000
16394   -1832709.750000
16395   -1832710.375000
16396   -1832711.000000
16397   -1832711.500000
16398   -1832712.125000
16399   -1832712.750000
16400   -1832713.250000
16401   -1832713.875000
16402   -1832714.375000
16403   -1832715.125000
16404   -1832715.500000
16405   -1832716.000000
16406   -1832716.750000
16407   -1832717.000000
16408   -1832717.625000
16409   -1832718.250000
16410   -1832718.750000
16411   -1832719.250000
16412   -1832719.750000
16413   -1832720.250000
16414   -1832721.000000
16415   -1832721.500000
16416   -1832722.000000
16417   -1832722.500000
16418   -1832723.000000
16419   -1832723.500000
16420   -1832724.125000
16421   -1832724.500000
16422   -1832725.000000
16423   -1832725.625000
16424   -1832726.250000
16425   -1832726.750000
16426   -1832727.250000
16427   -1832727.875000
16428   -1832728.250000
16429   -1832728.875000
16430   -1832729.250000
16431   -1832729.750000
16432   -1832730.250000
16433   -1832730.750000
16434   -1832731.250000
16435   -1832731.625000
16436   -1832732.125000
16437   -1832732.750000
16438   -1832733.250000
16439   -1832733.750000
16440   -1832734.000000
16441   -1832734.750000
16442   -1832735.125000
16443   -1832735.500000
16444   -1832736.000000
16445   -1832736.500000
16446   -1832737.125000
16447   -1832737.625000
16448   -1832738.000000
16449   -1832738.250000
16450   -1832738.875000
16451   -1832739.500000
16452   -1832740.000000
16453   -1832740.375000
16454   -1832740.875000
16455   -1832741.375000
16456   -1832742.000000
16457   -1832742.250000
16458   -1832742.750000
16459   -1832743.250000
16460   -1832743.750000
16461   -1832744.250000
16462   -1832744.625000
16463   -1832745.125000
16464   -1832745.750000
16465   -1832746.000000
16466   -1832746.500000
16467   -1832747.000000
16468   -1832747.375000
16469   -1832748.125000
16470   -1832748.500000
16471   -1832748.625000
16472   -1832749.500000
16473   -1832749.750000
16474   -1832750.375000
16475   -1832750.500000
16476   -1832751.250000
16477   -1832751.500000
16478   -1832752.000000
16479   -1832752.500000
16480   -1832753.000000
16481   -1832753.250000
16482   -1832753.750000
16483   -1832754.250000
16484   -1832754.750000
16485   -1832755.250000
16486   -1832755.500000
16487   -1832756.000000
16488   -1832756.500000
16489   -1832757.000000
16490   -1832757.250000
16491   -1832757.875000
16492   -1832758.125000
16493   -1832758.625000
16494   -1832759.125000
16495   -1832759.500000
16496   -1832759.875000
16497   -1832760.500000
16498   -1832760.750000
16499   -1832761.000000
16500   -1832761.625000
16501   -1832762.000000
16502   -1832762.375000
16503   -1832762.875000
16504   -1832763.375000
16505   -1832763.625000
16506   -1832764.000000
16507   -1832764.625000
16508   -1832765.000000
16509   -1832765.250000
16510   -1832765.750000
16511   -1832766.125000
16512   -1832766.500000
16513   -1832767.000000
16514   -1832767.375000
16515   -1832767.750000
16516   -1832768.250000
16517   -1832768.625000
16518   -1832768.750000
16519   -1832769.375000
16520   -1832769.750000
16521   -1832770.250000
16522   -1832770.500000
16523   -1832771.125000
16524   -1832771.375000
16525   -1832771.750000
16526   -1832772.250000
16527   -1832772.750000
16528   -1832773.000000
16529   -1832773.500000
16530   -1832774.000000
16531   -1832774.250000
16532   -1832774.625000
16533   -1832775.125000
16534   -1832775.500000
16535   -1832776.000000
16536   -1832776.500000
16537   -1832776.750000
16538   -1832777.250000
16539   -1832777.750000
16540   -1832778.000000
16541   -1832778.500000
16542   -1832778.875000
16543   -1832779.375000
16544   -1832779.750000
16545   -1832780.125000
16546   -1832780.500000
16547   -1832781.000000
16548   -1832781.625000
16549   -1832782.000000
16550   -1832782.375000
16551   -1832782.750000
16552   -1832783.000000
16553   -1832783.625000
16554   -1832784.125000
16555   -1832784.500000
16556   -1832785.000000
16557   -1832785.500000
16558   -1832786.000000
16559   -1832786.250000
16560   -1832786.750000
16561   -1832787.250000
16562   -1832787.625000
16563   -1832788.000000
16564   -1832788.500000
16565   -1832789.000000
16566   -1832789.500000
16567   -1832789.750000
16568   -1832790.250000
16569   -1832790.500000
16570   -1832791.125000
16571   -1832791.750000
16572   -1832792.250000
16573   -1832792.500000
16574   -1832793.000000
16575   -1832793.375000
16576   -1832793.750000
16577   -1832794.375000
16578   -1832794.750000
16579   -1832795.125000
16580   -1832795.750000
16581   -1832796.375000
16582   -1832796.625000
16583   -1832797.000000
16584   -1832797.500000
16585   -1832798.000000
16586   -1832798.500000
16587   -1832799.000000
16588   -1832799.500000
16589   -1832799.750000
16590   -1832800.375000
16591   -1832800.875000
16592   -1832801.500000
16593   -1832802.000000
16594   -1832802.250000
16595   -1832802.750000
16596   -1832803.250000
16597   -1832803.750000
16598   -1832804.250000
16599   -1832804.750000
16600   -1832805.250000
16601   -1832805.625000
16602   -1832806.125000
16603   -1832806.750000
16604   -1832807.250000
16605   -1832807.750000
16606   -1832808.125000
16607   -1832808.500000
16608   -1832809.000000
16609   -1832809.625000
16610   -1832810.125000
16611   -1832810.500000
16612   -1832811.000000
16613   -1832811.500000
16614   -1832812.250000
16615   -1832812.750000
16616   -1832813.250000
16617   -1832813.625000
16618   -1832814.250000
16619   -1832814.625000
16620   -1832815.250000
16621   -1832815.625000
16622   -1832816.250000
16623   -1832816.750000
16624   -1832817.250000
16625   -1832817.750000
16626   -1832818.250000
16627   -1832819.000000
16628   -1832819.500000
16629   -1832820.000000
16630   -1832820.375000
16631   -1832821.000000
16632   -1832821.625000
16633   -1832822.125000
16634   -1832822.500000
16635   -1832823.250000
16636   -1832823.750000
16637   -1832824.250000
16638   -1832824.750000
16639   -1832825.250000
16640   -1832825.750000
16641   -1832826.500000
16642   -1832826.875000
16643   -1832827.500000
16644   -1832828.250000
16645   -1832828.625000
16646   -1832829.250000
16647   -1832829.750000
16648   -1832830.500000
16649   -1832831.000000
16650   -1832831.500000
16651   -1832832.250000
16652   -1832832.750000
16653   -1832833.250000
16654   -1832833.875000
16655   -1832834.500000
16656   -1832835.000000
16657   -1832835.500000
16658   -1832836.000000
16659   -1832836.750000
16660   -1832837.250000
16661   -1832837.875000
16662   -1832838.375000
16663   -1832839.125000
16664   -1832839.500000
16665   -1832840.250000
16666   -1832840.750000
16667   -1832841.500000
16668   -1832842.000000
16669   -1832842.625000
16670   -1832843.125000
16671   -1832843.750000
16672   -1832844.250000
16673   -1832844.875000
16674   -1832845.500000
16675   -1832846.000000
16676   -1832846.750000
16677   -1832847.250000
16678   -1832847.750000
16679   -1832848.375000
16680   -1832849.000000
16681   -1832849.500000
16682   -1832850.125000
16683   -1832850.750000
16684   -1832851.250000
16685   -1832852.000000
16686   -1832852.500000
16687   -1832853.000000
16688   -1832853.750000
16689   -1832854.375000
16690   -1832855.000000
16691   -1832855.500000
16692   -1832856.125000
16693   -1832856.750000
16694   -1832857.250000
16695   -1832857.750000
16696   -1832858.375000
16697   -1832859.000000
16698   -1832859.750000
16699   -1832860.250000
16700   -1832860.750000
16701   -1832861.625000
16702   -1832861.875000
16703   -1832862.750000
16704   -1832863.250000
16705   -1832863.750000
16706   -1832864.250000
16707   -1832865.125000
16708   -1832865.500000
16709   -1832866.250000
16710   -1832866.750000
16711   -1832867.500000
16712   -1832868.125000
16713   -1832868.625000
16714   -1832869.125000
16715   -1832869.750000
16716   -1832870.375000
16717   -1832871.000000
16718   -1832871.750000
16719   -1832872.125000
16720   -1832872.750000
16721   -1832873.375000
16722   -1832874.000000
16723   -1832874.625000
16724   -1832875.250000
16725   -1832875.750000
16726   -1832876.500000
16727   -1832877.000000
16728   -1832877.500000
16729   -1832878.125000
16730   -1832878.625000
16731   -1832879.375000
16732   -1832879.875000
16733   -1832880.500000
16734   -1832881.000000
16735   -1832881.500000
16736   -1832882.250000
16737   -1832882.750000
16738   -1832883.500000
16739   -1832883.875000
16740   -1832884.500000
16741   -1832885.250000
16742   -1832885.750000
16743   -1832886.250000
16744   -1832886.750000
16745   -1832887.500000
16746   -1832888.125000
16747   -1832888.625000
16748   -1832889.250000
16749   -1832889.750000
16750   -1832890.250000
16751   -1832891.000000
16752   -1832891.500000
16753   -1832892.125000
16754   -1832892.625000
16755   -1832893.250000
16756   -1832893.750000
16757   -1832894.500000
16758   -1832895.250000
16759   -1832895.625000
16760   -1832896.125000
16761   -1832896.750000
16762   -1832897.250000
16763   -1832897.875000
16764   -1832898.500000
16765   -1832899.000000
16766   -1832899.750000
16767   -1832900.250000
16768   -1832900.750000
16769   -1832901.375000
16770   -1832901.875000
16771   -1832902.500000
16772   -1832903.000000
16773   -1832903.750000
16774   -1832904.250000
16775   -1832904.750000
16776   -1832905.375000
16777   -1832906.000000
16778   -1832906.500000
16779   -1832907.250000
16780   -1832908.000000
16781   -1832908.250000
16782   -1832908.875000
16783   -1832909.500000
16784   -1832910.000000
16785   -1832910.500000
16786   -1832911.000000
16787   -1832911.500000
16788   -1832912.250000
16789   -1832913.000000
16790   -1832913.500000
16791   -1832914.000000
16792   -1832914.500000
16793   -1832915.250000
16794   -1832915.875000
16795   -1832916.250000
16796   -1832916.750000
16797   -1832917.375000
16798   -1832918.000000
16799   -1832918.750000
16800   -1832919.250000
16801   -1832919.750000
16802   -1832920.375000
16803   -1832920.875000
16804   -1832921.500000
16805   -1832922.250000
16806   -1832922.750000
16807   -1832923.375000
16808   -1832923.750000
16809   -1832924.375000
16810   -1832925.250000
16811   -1832925.625000
16812   -1832926.250000
16813   -1832927.000000
16814   -1832927.250000
16815   -1832928.000000
16816   -1832928.750000
16817   -1832929.125000
16818   -1832929.875000
16819   -1832930.250000
16820   -1832931.000000
16821   -1832931.750000
16822   -1832932.125000
16823   -1832932.875000
16824   -1832933.250000
16825   -1832933.875000
16826   -1832934.625000
16827   -1832935.000000
16828   -1832935.750000
16829   -1832936.375000
16830   -1832937.000000
16831   -1832937.500000
16832   -1832938.250000
16833   -1832938.625000
16834   -1832939.500000
16835   -1832940.000000
16836   -1832940.500000
16837   -1832941.250000
16838   -1832941.750000
16839   -1832942.375000
16840   -1832942.875000
16841   -1832943.500000
16842   -1832944.125000
16843   -1832944.750000
16844   -1832945.250000
16845   -1832945.875000
16846   -1832946.250000
16847   -1832946.875000
16848   -1832947.500000
16849   -1832948.250000
16850   -1832948.750000
16851   -1832949.375000
16852   -1832949.750000
16853   -1832950.500000
16854   -1832951.000000
16855   -1832951.500000
16856   -1832952.250000
16857   -1832952.625000
16858   -1832953.250000
16859   -1832953.750000
16860   -1832954.500000
16861   -1832954.750000
16862   -1832955.500000
16863   -1832956.125000
16864   -1832956.500000
16865   -1832957.250000
16866   -1832957.750000
16867   -1832958.500000
16868   -1832959.000000
16869   -1832959.500000
16870   -1832960.000000
16871   -1832960.625000
16872   -1832961.000000
16873   -1832961.625000
16874   -1832962.250000
16875   -1832962.625000
16876   -1832963.250000
16877   -1832964.000000
16878   -1832964.375000
16879   -1832965.000000
16880   -1832965.750000
16881   -1832966.000000
16882   -1832966.500000
16883   -1832967.000000
16884   -1832967.750000
16885   -1832968.250000
16886   -1832968.750000
16887   -1832969.250000
16888   -1832969.750000
16889   -1832970.250000
16890   -1832970.875000
16891   -1832971.250000
16892   -1832971.875000
16893   -1832972.500000
16894   -1832972.875000
16895   -1832973.500000
16896   -1832974.000000
16897   -1832974.625000
16898   -1832975.000000
16899   -1832975.500000
16900   -1832976.000000
16901   -1832976.500000
16902   -1832976.750000
16903   -1832977.375000
16904   -1832978.000000
16905   -1832978.250000
16906   -1832978.750000
16907   -1832979.250000
16908   -1832979.625000
16909   -1832980.250000
16910   -1832980.750000
16911   -1832981.375000
16912   -1832981.750000
16913   -1832982.000000
16914   -1832982.625000
16915   -1832983.125000
16916   -1832983.625000
16917   -1832984.250000
16918   -1832984.500000
16919   -1832985.000000
16920   -1832985.500000
16921   -1832986.000000
16922   -1832986.500000
16923   -1832987.000000
16924   -1832987.250000
16925   -1832987.500000
16926   -1832988.375000
16927   -1832988.625000
16928   -1832989.250000
16929   -1832989.625000
16930   -1832990.250000
16931   -1832990.500000
16932   -1832991.125000
16933   -1832991.500000
16934   -1832991.750000
16935   -1832992.500000
16936   -1832992.875000
16937   -1832993.250000
16938   -1832993.750000
16939   -1832994.250000
16940   -1832994.750000
16941   -1832995.000000
16942   -1832995.500000
16943   -1832996.000000
16944   -1832996.500000
16945   -1832997.000000
16946   -1832997.500000
16947   -1832997.750000
16948   -1832998.250000
16949   -1832998.875000
16950   -1832999.250000
16951   -1832999.625000
16952   -1833000.000000
16953   -1833000.500000
16954   -1833001.000000
16955   -1833001.500000
16956   -1833002.000000
16957   -1833002.250000
16958   -1833002.750000
16959   -1833003.250000
16960   -1833003.625000
16961   -1833004.000000
16962   -1833004.500000
16963   -1833004.875000
16964   -1833005.250000
16965   -1833005.750000
16966   -1833006.375000
16967   -1833006.625000
16968   -1833007.125000
16969   -1833007.625000
16970   -1833008.000000
16971   -1833008.375000
16972   -1833008.750000
16973   -1833009.250000
16974   -1833009.500000
16975   -1833010.000000
16976   -1833010.500000
16977   -1833011.000000
16978   -1833011.375000
16979   -1833011.750000
16980   -1833012.250000
16981   -1833012.625000
16982   -1833013.000000
16983   -1833013.250000
16984   -1833013.750000
16985   -1833014.125000
16986   -1833014.625000
16987   -1833014.875000
16988   -1833015.375000
16989   -1833015.750000
16990   -1833016.125000
16991   -1833016.625000
16992   -1833016.875000
16993   -1833017.250000
16994   -1833017.750000
16995   -1833018.000000
16996   -1833018.500000
16997   -1833018.875000
16998   -1833019.250000
16999   -1833019.625000
17000   -1833020.000000
17001   -1833020.375000
17002   -1833020.500000
17003   -1833021.000000
17004   -1833021.500000
17005   -1833021.750000
17006   -1833022.000000
17007   -1833022.375000
17008   -1833022.875000
17009   -1833023.250000
17010   -1833023.500000
17011   -1833024.000000
17012   -1833024.250000
17013   -1833024.500000
17014   -1833025.000000
17015   -1833025.250000
17016   -1833025.500000
17017   -1833025.875000
17018   -1833026.250000
17019   -1833026.500000
17020   -1833027.000000
17021   -1833027.250000
17022   -1833027.625000
17023   -1833027.875000
17024   -1833028.250000
17025   -1833028.750000
17026   -1833028.875000
17027   -1833029.375000
17028   -1833029.500000
17029   -1833030.000000
17030   -1833030.250000
17031   -1833030.625000
17032   -1833031.000000
17033   -1833031.250000
17034   -1833031.750000
17035   -1833031.875000
17036   -1833032.375000
17037   -1833032.500000
17038   -1833032.875000
17039   -1833033.125000
17040   -1833033.250000
17041   -1833033.875000
17042   -1833034.000000
17043   -1833034.375000
17044   -1833034.750000
17045   -1833035.000000
17046   -1833035.500000
17047   -1833035.750000
17048   -1833036.000000
17049   -1833036.250000
17050   -1833036.500000
17051   -1833036.875000
17052   -1833037.125000
17053   -1833037.375000
17054   -1833037.750000
17055   -1833037.875000
17056   -1833038.375000
17057   -1833038.625000
17058   -1833038.750000
17059   -1833039.250000
17060   -1833039.500000
17061   -1833039.750000
17062   -1833040.000000
17063   -1833040.250000
17064   -1833040.500000
17065   -1833040.875000
17066   -1833041.250000
17067   -1833041.500000
17068   -1833041.750000
17069   -1833042.000000
17070   -1833042.250000
17071   -1833042.625000
17072   -1833042.875000
17073   -1833043.000000
17074   -1833043.250000
17075   -1833043.500000
17076   -1833043.875000
17077   -1833044.000000
17078   -1833044.500000
17079   -1833044.750000
17080   -1833045.000000
17081   -1833045.125000
17082   -1833045.500000
17083   -1833045.750000
17084   -1833046.000000
17085   -1833046.250000
17086   -1833046.500000
17087   -1833046.750000
17088   -1833047.000000
17089   -1833047.250000
17090   -1833047.500000
17091   -1833047.750000
17092   -1833047.875000
17093   -1833048.250000
17094   -1833048.500000
17095   -1833048.375000
17096   -1833048.750000
17097   -1833049.000000
17098   -1833049.375000
17099   -1833049.375000
17100   -1833049.750000
17101   -1833050.000000
17102   -1833050.250000
17103   -1833050.500000
17104   -1833050.875000
17105   -1833051.000000
17106   -1833051.125000
17107   -1833051.500000
17108   -1833051.500000
17109   -1833051.875000
17110   -1833052.125000
17111   -1833052.375000
17112   -1833052.375000
17113   -1833052.750000
17114   -1833053.000000
17115   -1833053.250000
17116   -1833053.500000
17117   -1833053.625000
17118   -1833053.750000
17119   -1833054.125000
17120   -1833054.250000
17121   -1833054.375000
17122   -1833054.750000
17123   -1833055.000000
17124   -1833055.250000
17125   -1833055.375000
17126   -1833055.500000
17127   -1833055.750000
17128   -1833056.000000
17129   -1833056.250000
17130   -1833056.500000
17131   -1833056.625000
17132   -1833056.750000
17133   -1833057.125000
17134   -1833057.500000
17135   -1833057.500000
17136   -1833057.750000
17137   -1833058.000000
17138   -1833058.000000
17139   -1833058.250000
17140   -1833058.500000
17141   -1833058.500000
17142   -1833058.750000
17143   -1833059.000000
17144   -1833059.250000
17145   -1833059.500000
17146   -1833059.750000
17147   -1833059.750000
17148   -1833060.000000
17149   -1833060.250000
17150   -1833060.500000
17151   -1833060.750000
17152   -1833060.750000
17153   -1833061.125000
17154   -1833061.000000
17155   -1833061.250000
17156   -1833061.625000
17157   -1833061.750000
17158   -1833061.875000
17159   -1833062.250000
17160   -1833062.250000
17161   -1833062.375000
17162   -1833062.750000
17163   -1833062.875000
17164   -1833063.000000
17165   -1833063.250000
17166   -1833063.375000
17167   -1833063.500000
17168   -1833063.625000
17169   -1833063.875000
17170   -1833064.000000
17171   -1833064.250000
17172   -1833064.375000
17173   -1833064.500000
17174   -1833064.750000
17175   -1833065.000000
17176   -1833065.125000
17177   -1833065.375000
17178   -1833065.500000
17179   -1833065.750000
17180   -1833065.750000
17181   -1833065.875000
17182   -1833066.125000
17183   -1833066.375000
17184   -1833066.500000
17185   -1833066.625000
17186   -1833066.875000
17187   -1833066.875000
17188   -1833067.000000
17189   -1833067.250000
17190   -1833067.250000
17191   -1833067.500000
17192   -1833067.625000
17193   -1833067.750000
17194   -1833068.000000
17195   -1833068.250000
17196   -1833068.375000
17197   -1833068.500000
17198   -1833068.500000
17199   -1833068.875000
17200   -1833069.000000
17201   -1833069.250000
17202   -1833069.250000
17203   -1833069.500000
17204   -1833069.625000
17205   -1833069.875000
17206   -1833070.000000
17207   -1833070.125000
17208   -1833070.375000
17209   -1833070.625000
17210   -1833070.750000
17211   -1833070.750000
17212   -1833071.000000
17213   -1833071.000000
17214   -1833071.250000
17215   -1833071.500000
17216   -1833071.500000
17217   -1833071.875000
17218   -1833071.875000
17219   -1833072.250000
17220   -1833072.375000
17221   -1833072.500000
17222   -1833072.625000
17223   -1833073.000000
17224   -1833073.000000
17225   -1833073.125000
17226   -1833073.250000
17227   -1833073.375000
17228   -1833073.500000
17229   -1833073.750000
17230   -1833074.000000
17231   -1833074.000000
17232   -1833074.250000
17233   -1833074.375000
17234   -1833074.625000
17235   -1833074.750000
17236   -1833075.000000
17237   -1833075.000000
17238   -1833075.250000
17239   -1833075.375000
17240   -1833075.500000
17241   -1833075.750000
17242   -1833075.875000
17243   -1833076.000000
17244   -1833076.250000
17245   -1833076.375000
17246   -1833076.750000
17247   -1833076.625000
17248   -1833076.875000
17249   -1833077.000000
17250   -1833077.250000
17251   -1833077.500000
17252   -1833077.625000
17253   -1833077.500000
17254   -1833077.750000
17255   -1833078.000000
17256   -1833078.125000
17257   -1833078.500000
17258   -1833078.500000
17259   -1833078.750000
17260   -1833078.875000
17261   -1833079.000000
17262   -1833079.250000
17263   -1833079.500000
17264   -1833079.500000
17265   -1833079.750000
17266   -1833079.875000
17267   -1833080.125000
17268   -1833080.250000
17269   -1833080.500000
17270   -1833080.750000
17271   -1833080.750000
17272   -1833081.000000
17273   -1833081.125000
17274   -1833081.250000
17275   -1833081.500000
17276   -1833081.750000
17277   -1833081.875000
17278   -1833082.250000
17279   -1833082.375000
17280   -1833082.500000
17281   -1833082.750000
17282   -1833082.875000
17283   -1833083.000000
17284   -1833083.250000
17285   -1833083.375000
17286   -1833083.500000
17287   -1833084.000000
17288   -1833084.125000
17289   -1833084.250000
17290   -1833084.500000
17291   -1833084.625000
17292   -1833084.750000
17293   -1833085.000000
17294   -1833085.250000
17295   -1833085.500000
17296   -1833085.500000
17297   -1833085.750000
17298   -1833086.000000
17299   -1833086.125000
17300   -1833086.500000
17301   -1833086.750000
17302   -1833086.750000
17303   -1833087.000000
17304   -1833087.250000
17305   -1833087.500000
17306   -1833087.625000
17307   -1833087.750000
17308   -1833088.125000
17309   -1833088.250000
17310   -1833088.500000
17311   -1833088.500000
17312   -1833089.000000
17313   -1833089.250000
17314   -1833089.375000
17315   -1833089.625000
17316   -1833090.000000
17317   -1833090.000000
17318   -1833090.500000
17319   -1833090.625000
17320   -1833090.750000
17321   -1833090.875000
17322   -1833091.250000
17323   -1833091.500000
17324   -1833091.625000
17325   -1833091.875000
17326   -1833092.000000
17327   -1833092.375000
17328   -1833092.500000
17329   -1833092.750000
17330   -1833092.875000
17331   -1833093.250000
17332   -1833093.375000
17333   -1833093.750000
17334   -1833094.000000
17335   -1833094.250000
17336   -1833094.375000
17337   -1833094.500000
17338   -1833094.750000
17339   -1833095.000000
17340   -1833095.250000
17341   -1833095.750000
17342   -1833095.875000
17343   -1833096.125000
17344   -1833096.250000
17345   -1833096.500000
17346   -1833096.750000
17347   -1833097.250000
17348   -1833097.375000
17349   -1833097.750000
17350   -1833098.000000
17351   -1833098.000000
17352   -1833098.375000
17353   -1833098.500000
17354   -1833098.875000
17355   -1833099.000000
17356   -1833099.250000
17357   -1833099.500000
17358   -1833099.750000
17359   -1833100.250000
17360   -1833100.500000
17361   -1833100.625000
17362   -1833100.875000
17363   -1833101.250000
17364   -1833101.500000
17365   -1833101.625000
17366   -1833102.000000
17367   -1833102.250000
17368   -1833102.500000
17369   -1833102.750000
17370   -1833103.000000
17371   -1833103.375000
17372   -1833103.500000
17373   -1833103.750000
17374   -1833104.000000
17375   -1833104.500000
17376   -1833104.625000
17377   -1833105.000000
17378   -1833105.125000
17379   -1833105.375000
17380   -1833105.750000
17381   -1833106.000000
17382   -1833106.250000
17383   -1833106.750000
17384   -1833107.000000
17385   -1833107.250000
17386   -1833107.250000
17387   -1833107.625000
17388   -1833108.000000
17389   -1833108.125000
17390   -1833108.500000
17391   -1833108.750000
17392   -1833109.000000
17393   -1833109.250000
17394   -1833109.500000
17395   -1833109.875000
17396   -1833110.000000
17397   -1833110.250000
17398   -1833110.750000
17399   -1833111.000000
17400   -1833111.250000
17401   -1833111.500000
17402   -1833111.750000
17403   -1833112.125000
17404   -1833112.250000
17405   -1833112.750000
17406   -1833112.875000
17407   -1833113.000000
17408   -1833113.500000
17409   -1833113.750000
17410   -1833113.875000
17411   -1833114.250000
17412   -1833114.500000
17413   -1833115.000000
17414   -1833115.000000
17415   -1833115.375000
17416   -1833115.500000
17417   -1833115.750000
17418   -1833116.125000
17419   -1833116.500000
17420   -1833116.750000
17421   -1833117.000000
17422   -1833117.250000
17423   -1833117.500000
17424   -1833117.750000
17425   -1833118.125000
17426   -1833118.500000
17427   -1833118.750000
17428   -1833118.875000
17429   -1833119.375000
17430   -1833119.500000
17431   -1833119.750000
17432   -1833120.000000
17433   -1833120.375000
17434   -1833120.500000
17435   -1833121.000000
17436   -1833121.125000
17437   -1833121.500000
17438   -1833121.750000
17439   -1833122.000000
17440   -1833122.250000
17441   -1833122.500000
17442   -1833122.750000
17443   -1833123.000000
17444   -1833123.250000
17445   -1833123.500000
17446   -1833123.750000
17447   -1833124.000000
17448   -1833124.375000
17449   -1833124.750000
17450   -1833124.750000
17451   -1833125.250000
17452   -1833125.375000
17453   -1833125.750000
17454   -1833126.000000
17455   -1833126.250000
17456   -1833126.500000
17457   -1833126.750000
17458   -1833127.000000
17459   -1833127.250000
17460   -1833127.500000
17461   -1833127.750000
17462   -1833128.000000
17463   -1833128.125000
17464   -1833128.500000
17465   -1833128.750000
17466   -1833129.000000
17467   -1833129.250000
17468   -1833129.500000
17469   -1833129.875000
17470   -1833130.000000
17471   -1833130.250000
17472   -1833130.750000
17473   -1833130.750000
17474   -1833131.000000
17475   -1833131.250000
17476   -1833131.375000
17477   -1833131.750000
17478   -1833132.000000
17479   -1833132.250000
17480   -1833132.500000
17481   -1833132.750000
17482   -1833133.125000
17483   -1833133.250000
17484   -1833133.500000
17485   -1833133.625000
17486   -1833134.000000
17487   -1833134.250000
17488   -1833134.500000
17489   -1833134.750000
17490   -1833135.000000
17491   -1833135.000000
17492   -1833135.375000
17493   -1833135.500000
17494   -1833136.000000
17495   -1833136.250000
17496   -1833136.500000
17497   -1833136.750000
17498   -1833137.000000
17499   -1833137.250000
17500   -1833137.250000
17501   -1833137.750000
17502   -1833138.000000
17503   -1833138.000000
17504   -1833138.375000
17505   -1833138.750000
17506   -1833138.750000
17507   -1833139.125000
17508   -1833139.500000
17509   -1833139.500000
17510   -1833139.750000
17511   -1833140.000000
17512   -1833140.250000
17513   -1833140.500000
17514   -1833140.750000
17515   -1833141.000000
17516   -1833141.250000
17517   -1833141.375000
17518   -1833141.625000
17519   -1833141.750000
17520   -1833142.000000
17521   -1833142.500000
17522   -1833142.500000
17523   -1833142.750000
17524   -1833143.250000
17525   -1833143.250000
17526   -1833143.500000
17527   -1833143.750000
17528   -1833144.000000
17529   -1833144.250000
17530   -1833144.500000
17531   -1833144.500000
17532   -1833145.000000
17533   -1833145.250000
17534   -1833145.250000
17535   -1833145.500000
17536   -1833145.750000
17537   -1833146.000000
17538   -1833146.250000
17539   -1833146.500000
17540   -1833146.750000
17541   -1833147.000000
17542   -1833147.125000
17543   -1833147.250000
17544   -1833147.500000
17545   -1833147.750000
17546   -1833148.000000
17547   -1833148.375000
17548   -1833148.500000
17549   -1833148.625000
17550   -1833149.000000
17551   -1833149.250000
17552   -1833149.500000
17553   -1833149.500000
17554   -1833150.000000
17555   -1833150.250000
17556   -1833150.250000
17557   -1833150.625000
17558   -1833150.875000
17559   -1833151.000000
17560   -1833151.375000
17561   -1833151.500000
17562   -1833151.750000
17563   -1833152.000000
17564   -1833152.125000
17565   -1833152.250000
17566   -1833152.500000
17567   -1833152.750000
17568   -1833153.000000
17569   -1833153.250000
17570   -1833153.500000
17571   -1833153.750000
17572   -1833153.875000
17573   -1833154.125000
17574   -1833154.375000
17575   -1833154.500000
17576   -1833154.750000
17577   -1833155.000000
17578   -1833155.250000
17579   -1833155.500000
17580   -1833155.625000
17581   -1833156.000000
17582   -1833156.250000
17583   -1833156.375000
17584   -1833156.625000
17585   -1833156.875000
17586   -1833157.125000
17587   -1833157.250000
17588   -1833157.625000
17589   -1833157.750000
17590   -1833158.000000
17591   -1833158.250000
17592   -1833158.500000
17593   -1833158.750000
17594   -1833159.000000
17595   -1833159.250000
17596   -1833159.375000
17597   -1833159.750000
17598   -1833159.875000
17599   -1833160.125000
17600   -1833160.250000
17601   -1833160.625000
17602   -1833160.750000
17603   -1833161.125000
17604   -1833161.250000
17605   -1833161.625000
17606   -1833161.750000
17607   -1833162.000000
17608   -1833162.250000
17609   -1833162.500000
17610   -1833162.750000
17611   -1833163.125000
17612   -1833163.000000
17613   -1833163.500000
17614   -1833163.750000
17615   -1833163.875000
17616   -1833164.125000
17617   -1833164.375000
17618   -1833164.625000
17619   -1833164.750000
17620   -1833165.000000
17621   -1833165.250000
17622   -1833165.500000
17623   -1833166.000000
17624   -1833166.125000
17625   -1833166.250000
17626   -1833166.500000
17627   -1833166.750000
17628   -1833167.125000
17629   -1833167.375000
17630   -1833167.750000
17631   -1833167.875000
17632   -1833168.250000
17633   -1833168.250000
17634   -1833168.500000
17635   -1833168.750000
17636   -1833169.250000
17637   -1833169.250000
17638   -1833169.500000
17639   -1833169.875000
17640   -1833170.000000
17641   -1833170.125000
17642   -1833170.500000
17643   -1833170.750000
17644   -1833171.125000
17645   -1833171.250000
17646   -1833171.625000
17647   -1833171.750000
17648   -1833172.000000
17649   -1833172.125000
17650   -1833172.500000
17651   -1833172.750000
17652   -1833173.000000
17653   -1833173.250000
17654   -1833173.750000
17655   -1833173.750000
17656   -1833174.000000
17657   -1833174.250000
17658   -1833174.500000
17659   -1833174.875000
17660   -1833175.250000
17661   -1833175.250000
17662   -1833175.625000
17663   -1833175.750000
17664   -1833176.000000
17665   -1833176.250000
17666   -1833176.500000
17667   -1833176.750000
17668   -1833177.000000
17669   -1833177.250000
17670   -1833177.500000
17671   -1833177.750000
17672   -1833178.125000
17673   -1833178.500000
17674   -1833178.500000
17675   -1833178.875000
17676   -1833179.250000
17677   -1833179.500000
17678   -1833179.625000
17679   -1833180.000000
17680   -1833180.125000
17681   -1833180.375000
17682   -1833180.750000
17683   -1833181.000000
17684   -1833181.250000
17685   -1833181.250000
17686   -1833181.750000
17687   -1833181.875000
17688   -1833182.000000
17689   -1833182.500000
17690   -1833182.750000
17691   -1833182.875000
17692   -1833183.250000
17693   -1833183.375000
17694   -1833183.625000
17695   -1833183.875000
17696   -1833184.250000
17697   -1833184.625000
17698   -1833184.750000
17699   -1833185.000000
17700   -1833185.375000
17701   -1833185.750000
17702   -1833185.750000
17703   -1833186.250000
17704   -1833186.250000
17705   -1833186.500000
17706   -1833186.750000
17707   -1833187.000000
17708   -1833187.250000
17709   -1833187.500000
17710   -1833187.875000
17711   -1833188.000000
17712   -1833188.500000
17713   -1833188.625000
17714   -1833189.000000
17715   -1833189.000000
17716   -1833189.250000
17717   -1833189.625000
17718   -1833190.000000
17719   -1833190.125000
17720   -1833190.375000
17721   -1833190.625000
17722   -1833191.000000
17723   -1833191.250000
17724   -1833191.375000
17725   -1833191.625000
17726   -1833191.875000
17727   -1833192.000000
17728   -1833192.250000
17729   -1833192.625000
17730   -1833192.750000
17731   -1833193.000000
17732   -1833193.250000
17733   -1833193.750000
17734   -1833193.750000
17735   -1833194.000000
17736   -1833194.250000
17737   -1833194.500000
17738   -1833194.750000
17739   -1833195.000000
17740   -1833195.250000
17741   -1833195.625000
17742   -1833195.875000
17743   -1833196.000000
17744   -1833196.250000
17745   -1833196.625000
17746   -1833196.750000
17747   -1833197.000000
17748   -1833197.250000
17749   -1833197.500000
17750   -1833197.750000
17751   -1833198.125000
17752   -1833198.375000
17753   -1833198.500000
17754   -1833198.750000
17755   -1833199.000000
17756   -1833199.375000
17757   -1833199.500000
17758   -1833199.875000
17759   -1833200.000000
17760   -1833200.250000
17761   -1833200.375000
17762   -1833200.750000
17763   -1833200.875000
17764   -1833201.250000
17765   -1833201.500000
17766   -1833201.750000
17767   -1833202.000000
17768   -1833202.250000
17769   -1833202.625000
17770   -1833202.750000
17771   -1833202.750000
17772   -1833203.250000
17773   -1833203.500000
17774   -1833203.750000
17775   -1833204.000000
17776   -1833204.250000
17777   -1833204.500000
17778   -1833204.500000
17779   -1833204.750000
17780   -1833205.125000
17781   -1833205.250000
17782   -1833205.500000
17783   -1833205.750000
17784   -1833206.000000
17785   -1833206.375000
17786   -1833206.750000
17787   -1833206.750000
17788   -1833206.875000
17789   -1833207.250000
17790   -1833207.500000
17791   -1833207.750000
17792   -1833208.125000
17793   -1833208.250000
17794   -1833208.625000
17795   -1833208.750000
17796   -1833209.000000
17797   -1833209.250000
17798   -1833209.500000
17799   -1833209.500000
17800   -1833209.875000
17801   -1833210.125000
17802   -1833210.500000
17803   -1833210.500000
17804   -1833210.875000
17805   -1833211.250000
17806   -1833211.500000
17807   -1833211.625000
17808   -1833211.875000
17809   -1833212.250000
17810   -1833212.250000
17811   -1833212.500000
17812   -1833212.750000
17813   -1833212.875000
17814   -1833213.250000
17815   -1833213.500000
17816   -1833213.750000
17817   -1833213.875000
17818   -1833214.250000
17819   -1833214.500000
17820   -1833214.750000
17821   -1833215.000000
17822   -1833215.250000
17823   -1833215.375000
17824   -1833215.750000
17825   -1833216.000000
17826   -1833216.125000
17827   -1833216.500000
17828   -1833216.500000
17829   -1833217.000000
17830   -1833217.000000
17831   -1833217.375000
17832   -1833217.625000
17833   -1833217.750000
17834   -1833218.000000
17835   -1833218.500000
17836   -1833218.500000
17837   -1833218.750000
17838   -1833219.000000
17839   -1833219.250000
17840   -1833219.500000
17841   -1833219.750000
17842   -1833220.000000
17843   -1833220.250000
17844   -1833220.375000
17845   -1833220.500000
17846   -1833221.000000
17847   -1833221.250000
17848   -1833221.375000
17849   -1833221.750000
17850   -1833222.000000
17851   -1833222.000000
17852   -1833222.250000
17853   -1833222.625000
17854   -1833222.875000
17855   -1833223.125000
17856   -1833223.500000
17857   -1833223.625000
17858   -1833223.875000
17859   -1833224.000000
17860   -1833224.250000
17861   -1833224.500000
17862   -1833224.750000
17863   -1833225.000000
17864   -1833225.125000
17865   -1833225.500000
17866   -1833225.750000
17867   -1833225.875000
17868   -1833226.250000
17869   -1833226.250000
17870   -1833226.500000
17871   -1833226.875000
17872   -1833227.125000
17873   -1833227.375000
17874   -1833227.750000
17875   -1833227.750000
17876   -1833228.000000
17877   -1833228.250000
17878   -1833228.500000
17879   -1833228.750000
17880   -1833229.000000
17881   -1833229.375000
17882   -1833229.375000
17883   -1833229.750000
17884   -1833229.750000
17885   -1833230.250000
17886   -1833230.500000
17887   -1833230.625000
17888   -1833230.750000
17889   -1833231.125000
17890   -1833231.250000
17891   -1833231.625000
17892   -1833231.750000
17893   -1833232.000000
17894   -1833232.375000
17895   -1833232.500000
17896   -1833232.875000
17897   -1833232.750000
17898   -1833233.250000
17899   -1833233.500000
17900   -1833233.875000
17901   -1833233.875000
17902   -1833234.250000
17903   -1833234.375000
17904   -1833234.500000
17905   -1833234.750000
17906   -1833235.000000
17907   -1833235.250000
17908   -1833235.625000
17909   -1833235.875000
17910   -1833236.000000
17911   -1833236.125000
17912   -1833236.375000
17913   -1833236.750000
17914   -1833236.750000
17915   -1833237.125000
17916   -1833237.375000
17917   -1833237.750000
17918   -1833237.750000
17919   -1833238.000000
17920   -1833238.125000
17921   -1833238.500000
17922   -1833238.750000
17923   -1833239.000000
17924   -1833239.250000
17925   -1833239.250000
17926   -1833239.375000
17927   -1833239.875000
17928   -1833240.000000
17929   -1833240.250000
17930   -1833240.500000
17931   -1833240.750000
17932   -1833241.000000
17933   -1833241.000000
17934   -1833241.250000
17935   -1833241.500000
17936   -1833241.750000
17937   -1833242.000000
17938   -1833242.125000
17939   -1833242.375000
17940   -1833242.750000
17941   -1833243.000000
17942   -1833243.000000
17943   -1833243.250000
17944   -1833243.375000
17945   -1833243.625000
17946   -1833244.000000
17947   -1833244.000000
17948   -1833244.375000
17949   -1833244.500000
17950   -1833244.750000
17951   -1833244.875000
17952   -1833245.125000
17953   -1833245.250000
17954   -1833245.625000
17955   -1833245.750000
17956   -1833246.125000
17957   -1833246.125000
17958   -1833246.500000
17959   -1833246.500000
17960   -1833246.750000
17961   -1833247.125000
17962   -1833247.250000
17963   -1833247.375000
17964   -1833247.625000
17965   -1833247.750000
17966   -1833247.875000
17967   -1833248.250000
17968   -1833248.500000
17969   -1833248.625000
17970   -1833248.875000
17971   -1833249.000000
17972   -1833249.375000
17973   -1833249.500000
17974   -1833249.625000
17975   -1833249.750000
17976   -1833249.750000
17977   -1833250.250000
17978   -1833250.250000
17979   -1833250.500000
17980   -1833250.750000
17981   -1833251.000000
17982   -1833251.000000
17983   -1833251.250000
17984   -1833251.500000
17985   -1833251.750000
17986   -1833251.625000
17987   -1833252.000000
17988   -1833252.250000
17989   -1833252.500000
17990   -1833252.625000
17991   -1833252.750000
17992   -1833253.000000
17993   -1833253.000000
17994   -1833253.500000
17995   -1833253.500000
17996   -1833253.750000
17997   -1833253.750000
17998   -1833254.000000
17999   -1833254.250000
18000   -1833254.250000
18001   -1833254.750000
18002   -1833254.750000
18003   -1833254.875000
18004   -1833255.000000
18005   -1833255.250000
18006   -1833255.375000
18007   -1833255.500000
18008   -1833255.625000
18009   -1833256.000000
18010   -1833256.000000
18011   -1833256.250000
18012   -1833256.500000
18013   -1833256.500000
18014   -1833256.625000
18015   -1833257.000000
18016   -1833257.000000
18017   -1833257.250000
18018   -1833257.500000
18019   -1833257.625000
18020   -1833257.750000
18021   -1833257.750000
18022   -1833258.125000
18023   -1833258.250000
18024   -1833258.250000
18025   -1833258.625000
18026   -1833258.750000
18027   -1833258.750000
18028   -1833259.000000
18029   -1833259.125000
18030   -1833259.500000
18031   -1833259.500000
18032   -1833259.750000
18033   -1833260.000000
18034   -1833260.000000
18035   -1833260.250000
18036   -1833260.500000
18037   -1833260.750000
18038   -1833260.750000
18039   -1833260.625000
18040   -1833260.875000
18041   -1833261.000000
18042   -1833261.250000
18043   -1833261.500000
18044   -1833261.625000
18045   -1833261.750000
18046   -1833261.875000
18047   -1833262.125000
18048   -1833262.250000
18049   -1833262.250000
18050   -1833262.500000
18051   -1833262.625000
18052   -1833262.750000
18053   -1833262.875000
18054   -1833263.000000
18055   -1833263.250000
18056   -1833263.500000
18057   -1833263.500000
18058   -1833263.625000
18059   -1833263.750000
18060   -1833264.000000
18061   -1833264.250000
18062   -1833264.000000
18063   -1833264.125000
18064   -1833264.375000
18065   -1833264.500000
18066   -1833264.750000
18067   -1833265.000000
18068   -1833265.000000
18069   -1833265.250000
18070   -1833265.250000
18071   -1833265.500000
18072   -1833265.500000
18073   -1833265.750000
18074   -1833265.875000
18075   -1833266.125000
18076   -1833266.125000
18077   -1833266.250000
18078   -1833266.375000
18079   -1833266.500000
18080   -1833266.625000
18081   -1833266.875000
18082   -1833266.875000
18083   -1833267.000000
18084   -1833267.250000
18085   -1833267.250000
18086   -1833267.500000
18087   -1833267.750000
18088   -1833267.750000
18089   -1833267.875000
18090   -1833268.000000
18091   -1833268.250000
18092   -1833268.250000
18093   -1833268.500000
18094   -1833268.500000
18095   -1833268.750000
18096   -1833268.875000
18097   -1833269.000000
18098   -1833269.250000
18099   -1833269.375000
18100   -1833269.250000
18101   -1833269.500000
18102   -1833269.750000
18103   -1833269.875000
18104   -1833269.750000
18105   -1833270.000000
18106   -1833270.000000
18107   -1833270.250000
18108   -1833270.250000
18109   -1833270.500000
18110   -1833270.625000
18111   -1833270.750000
18112   -1833270.875000
18113   -1833271.125000
18114   -1833271.250000
18115   -1833271.375000
18116   -1833271.375000
18117   -1833271.500000
18118   -1833271.750000
18119   -1833271.750000
18120   -1833271.875000
18121   -1833272.000000
18122   -1833272.250000
18123   -1833272.250000
18124   -1833272.500000
18125   -1833272.500000
18126   -1833272.625000
18127   -1833272.750000
18128   -1833273.000000
18129   -1833273.250000
18130   -1833273.250000
18131   -1833273.375000
18132   -1833273.500000
18133   -1833273.500000
18134   -1833273.750000
18135   -1833273.875000
18136   -1833274.000000
18137   -1833274.000000
18138   -1833274.250000
18139   -1833274.375000
18140   -1833274.250000
18141   -1833274.500000
18142   -1833274.625000
18143   -1833274.750000
18144   -1833274.875000
18145   -1833275.000000
18146   -1833275.250000
18147   -1833275.250000
18148   -1833275.375000
18149   -1833275.625000
18150   -1833275.625000
18151   -1833275.750000
18152   -1833276.000000
18153   -1833276.250000
18154   -1833276.250000
18155   -1833276.500000
18156   -1833276.500000
18157   -1833276.625000
18158   -1833276.750000
18159   -1833277.000000
18160   -1833277.000000
18161   -1833277.250000
18162   -1833277.250000
18163   -1833277.250000
18164   -1833277.750000
18165   -1833277.750000
18166   -1833277.750000
18167   -1833277.875000
18168   -1833278.125000
18169   -1833278.250000
18170   -1833278.250000
18171   -1833278.500000
18172   -1833278.625000
18173   -1833278.750000
18174   -1833279.000000
18175   -1833279.000000
18176   -1833279.125000
18177   -1833279.500000
18178   -1833279.625000
18179   -1833279.750000
18180   -1833279.750000
18181   -1833280.000000
18182   -1833280.250000
18183   -1833280.250000
18184   -1833280.375000
18185   -1833280.500000
18186   -1833280.750000
18187   -1833280.750000
18188   -1833281.000000
18189   -1833281.250000
18190   -1833281.250000
18191   -1833281.500000
18192   -1833281.750000
18193   -1833281.750000
18194   -1833281.875000
18195   -1833282.125000
18196   -1833282.250000
18197   -1833282.375000
18198   -1833282.500000
18199   -1833282.750000
18200   -1833282.750000
18201   -1833283.000000
18202   -1833283.000000
18203   -1833283.500000
18204   -1833283.625000
18205   -1833283.750000
18206   -1833283.750000
18207   -1833284.000000
18208   -1833284.125000
18209   -1833284.250000
18210   -1833284.500000
18211   -1833284.750000
18212   -1833284.750000
18213   -1833285.000000
18214   -1833285.250000
18215   -1833285.500000
18216   -1833285.500000
18217   -1833286.000000
18218   -1833286.000000
18219   -1833286.250000
18220   -1833286.250000
18221   -1833286.625000
18222   -1833286.875000
18223   -1833286.875000
18224   -1833287.125000
18225   -1833287.250000
18226   -1833287.500000
18227   -1833287.750000
18228   -1833287.875000
18229   -1833288.250000
18230   -1833288.500000
18231   -1833288.375000
18232   -1833288.750000
18233   -1833288.875000
18234   -1833289.250000
18235   -1833289.250000
18236   -1833289.500000
18237   -1833289.750000
18238   -1833289.750000
18239   -1833290.250000
18240   -1833290.500000
18241   -1833290.500000
18242   -1833290.875000
18243   -1833291.000000
18244   -1833291.125000
18245   -1833291.500000
18246   -1833291.750000
18247   -1833292.000000
18248   -1833292.250000
18249   -1833292.500000
18250   -1833292.750000
18251   -1833293.000000
18252   -1833293.125000
18253   -1833293.250000
18254   -1833293.750000
18255   -1833294.000000
18256   -1833294.000000
18257   -1833294.500000
18258   -1833294.750000
18259   -1833294.875000
18260   -1833295.000000
18261   -1833295.500000
18262   -1833295.750000
18263   -1833296.000000
18264   -1833296.250000
18265   -1833296.500000
18266   -1833296.750000
18267   -1833297.125000
18268   -1833297.250000
18269   -1833297.750000
18270   -1833297.625000
18271   -1833298.000000
18272   -1833298.500000
18273   -1833298.750000
18274   -1833298.875000
18275   -1833299.250000
18276   -1833299.625000
18277   -1833299.750000
18278   -1833300.125000
18279   -1833300.375000
18280   -1833300.625000
18281   -1833301.000000
18282   -1833301.250000
18283   -1833301.625000
18284   -1833301.750000
18285   -1833302.250000
18286   -1833302.500000
18287   -1833302.750000
18288   -1833303.250000
18289   -1833303.500000
18290   -1833303.750000
18291   -1833304.000000
18292   -1833304.500000
18293   -1833304.750000
18294   -1833305.000000
18295   -1833305.500000
18296   -1833305.750000
18297   -1833306.125000
18298   -1833306.500000
18299   -1833306.625000
18300   -1833307.250000
18301   -1833307.250000
18302   -1833307.875000
18303   -1833308.125000
18304   -1833308.500000
18305   -1833308.750000
18306   -1833309.250000
18307   -1833309.750000
18308   -1833310.000000
18309   -1833310.500000
18310   -1833310.500000
18311   -1833311.000000
18312   -1833311.250000
18313   -1833311.750000
18314   -1833312.250000
18315   -1833312.500000
18316   -1833313.000000
18317   -1833313.250000
18318   -1833313.625000
18319   -1833314.000000
18320   -1833314.375000
18321   -1833315.000000
18322   -1833315.250000
18323   -1833315.500000
18324   -1833316.000000
18325   -1833316.250000
18326   -1833316.750000
18327   -1833317.000000
18328   -1833317.750000
18329   -1833318.000000
18330   -1833318.500000
18331   -1833318.500000
18332   -1833319.250000
18333   -1833319.500000
18334   -1833319.875000
18335   -1833320.250000
18336   -1833320.625000
18337   -1833321.000000
18338   -1833321.500000
18339   -1833322.000000
18340   -1833322.250000
18341   -1833322.750000
18342   -1833323.250000
18343   -1833323.625000
18344   -1833324.000000
18345   -1833324.250000
18346   -1833324.750000
18347   -1833325.125000
18348   -1833325.625000
18349   -1833326.125000
18350   -1833326.500000
18351   -1833327.000000
18352   -1833327.250000
18353   -1833328.000000
18354   -1833328.375000
18355   -1833328.625000
18356   -1833329.250000
18357   -1833329.500000
18358   -1833330.125000
18359   -1833330.375000
18360   -1833331.000000
18361   -1833331.250000
18362   -1833331.750000
18363   -1833332.250000
18364   -1833332.625000
18365   -1833333.000000
18366   -1833333.375000
18367   -1833334.125000
18368   -1833334.375000
18369   -1833334.750000
18370   -1833335.500000
18371   -1833335.750000
18372   -1833336.125000
18373   -1833336.875000
18374   -1833337.000000
18375   -1833337.750000
18376   -1833338.000000
18377   -1833338.500000
18378   -1833339.000000
18379   -1833339.250000
18380   -1833340.000000
18381   -1833340.250000
18382   -1833340.875000
18383   -1833341.250000
18384   -1833341.625000
18385   -1833342.125000
18386   -1833342.625000
18387   -1833343.125000
18388   -1833343.750000
18389   -1833344.000000
18390   -1833344.625000
18391   -1833344.750000
18392   -1833345.500000
18393   -1833345.750000
18394   -1833346.250000
18395   -1833346.750000
18396   -1833347.250000
18397   -1833347.625000
18398   -1833348.250000
18399   -1833348.750000
18400   -1833349.125000
18401   -1833349.750000
18402   -1833350.000000
18403   -1833350.500000
18404   -1833351.000000
18405   -1833351.500000
18406   -1833352.000000
18407   -1833352.500000
18408   -1833353.000000
18409   -1833353.375000
18410   -1833353.750000
18411   -1833354.250000
18412   -1833355.000000
18413   -1833355.250000
18414   -1833355.750000
18415   -1833356.125000
18416   -1833356.625000
18417   -1833357.000000
18418   -1833357.500000
18419   -1833358.000000
18420   -1833358.625000
18421   -1833359.000000
18422   -1833359.625000
18423   -1833360.000000
18424   -1833360.500000
18425   -1833360.750000
18426   -1833361.250000
18427   -1833361.875000
18428   -1833362.250000
18429   -1833362.875000
18430   -1833363.250000
18431   -1833363.750000
18432   -1833364.125000
18433   -1833364.500000
18434   -1833365.125000
18435   -1833365.500000
18436   -1833366.000000
18437   -1833366.375000
18438   -1833366.875000
18439   -1833367.375000
18440   -1833368.000000
18441   -1833368.250000
18442   -1833368.875000
18443   -1833369.250000
18444   -1833369.750000
18445   -1833370.250000
18446   -1833370.625000
18447   -1833371.250000
18448   -1833371.625000
18449   -1833372.000000
18450   -1833372.500000
18451   -1833373.000000
18452   -1833373.375000
18453   -1833373.750000
18454   -1833374.125000
18455   -1833374.750000
18456   -1833375.000000
18457   -1833375.500000
18458   -1833376.000000
18459   -1833376.625000
18460   -1833376.750000
18461   -1833377.375000
18462   -1833378.000000
18463   -1833378.375000
18464   -1833378.750000
18465   -1833379.250000
18466   -1833379.625000
18467   -1833380.125000
18468   -1833380.625000
18469   -1833381.000000
18470   -1833381.500000
18471   -1833382.000000
18472   -1833382.250000
18473   -1833382.750000
18474   -1833383.000000
18475   -1833383.625000
18476   -1833384.000000
18477   -1833384.375000
18478   -1833385.000000
18479   -1833385.250000
18480   -1833385.500000
18481   -1833386.125000
18482   -1833386.750000
18483   -1833387.000000
18484   -1833387.375000
18485   -1833387.750000
18486   -1833388.250000
18487   -1833388.625000
18488   -1833388.875000
18489   -1833389.500000
18490   -1833389.875000
18491   -1833390.375000
18492   -1833390.750000
18493   -1833391.125000
18494   -1833391.500000
18495   -1833391.750000
18496   -1833392.250000
18497   -1833392.750000
18498   -1833393.250000
18499   -1833393.625000
18500   -1833393.875000
18501   -1833394.500000
18502   -1833394.750000
18503   -1833395.375000
18504   -1833395.750000
18505   -1833396.000000
18506   -1833396.500000
18507   -1833397.000000
18508   -1833397.250000
18509   -1833397.750000
18510   -1833398.125000
18511   -1833398.500000
18512   -1833398.750000
18513   -1833399.250000
18514   -1833399.750000
18515   -1833400.000000
18516   -1833400.500000
18517   -1833400.750000
18518   -1833401.250000
18519   -1833401.750000
18520   -1833402.250000
18521   -1833402.500000
18522   -1833402.750000
18523   -1833403.250000
18524   -1833403.750000
18525   -1833404.000000
18526   -1833404.375000
18527   -1833404.750000
18528   -1833405.125000
18529   -1833405.500000
18530   -1833406.000000
18531   -1833406.250000
18532   -1833406.750000
18533   -1833407.000000
18534   -1833407.375000
18535   -1833407.750000
18536   -1833408.250000
18537   -1833408.500000
18538   -1833409.000000
18539   -1833409.250000
18540   -1833409.750000
18541   -1833410.125000
18542   -1833410.500000
18543   -1833410.750000
18544   -1833411.125000
18545   -1833411.500000
18546   -1833411.875000
18547   -1833412.250000
18548   -1833412.625000
18549   -1833413.000000
18550   -1833413.375000
18551   -1833413.750000
18552   -1833414.125000
18553   -1833414.375000
18554   -1833414.750000
18555   -1833415.250000
18556   -1833415.500000
18557   -1833416.000000
18558   -1833416.250000
18559   -1833416.750000
18560   -1833417.000000
18561   -1833417.500000
18562   -1833417.750000
18563   -1833418.250000
18564   -1833418.625000
18565   -1833419.000000
18566   -1833419.250000
18567   -1833419.500000
18568   -1833420.000000
18569   -1833420.375000
18570   -1833420.750000
18571   -1833421.125000
18572   -1833421.375000
18573   -1833421.750000
18574   -1833422.250000
18575   -1833422.625000
18576   -1833423.125000
18577   -1833423.250000
18578   -1833423.500000
18579   -1833424.000000
18580   -1833424.250000
18581   -1833424.750000
18582   -1833425.125000
18583   -1833425.375000
18584   -1833425.625000
18585   -1833426.250000
18586   -1833426.500000
18587   -1833426.750000
18588   -1833427.125000
18589   -1833427.500000
18590   -1833427.750000
18591   -1833428.000000
18592   -1833428.500000
18593   -1833428.750000
18594   -1833429.250000
18595   -1833429.500000
18596   -1833429.875000
18597   -1833430.250000
18598   -1833430.500000
18599   -1833431.000000
18600   -1833431.250000
18601   -1833431.500000
18602   -1833431.750000
18603   -1833432.250000
18604   -1833432.500000
18605   -1833433.000000
18606   -1833433.125000
18607   -1833433.500000
18608   -1833433.750000
18609   -1833434.125000
18610   -1833434.500000
18611   -1833434.875000
18612   -1833435.000000
18613   -1833435.250000
18614   -1833435.750000
18615   -1833436.000000
18616   -1833436.500000
18617   -1833436.625000
18618   -1833437.000000
18619   -1833437.375000
18620   -1833437.625000
18621   -1833438.000000
18622   -1833438.250000
18623   -1833438.625000
18624   -1833438.750000
18625   -1833439.000000
18626   -1833439.500000
18627   -1833440.000000
18628   -1833440.000000
18629   -1833440.250000
18630   -1833440.625000
18631   -1833441.125000
18632   -1833441.250000
18633   -1833441.500000
18634   -1833441.750000
18635   -1833442.250000
18636   -1833442.500000
18637   -1833442.875000
18638   -1833443.000000
18639   -1833443.250000
18640   -1833443.750000
18641   -1833444.000000
18642   -1833444.250000
18643   -1833444.500000
18644   -1833444.750000
18645   -1833445.250000
18646   -1833445.375000
18647   -1833445.750000
18648   -1833446.000000
18649   -1833446.375000
18650   -1833446.625000
18651   -1833446.750000
18652   -1833447.125000
18653   -1833447.250000
18654   -1833447.750000
18655   -1833448.000000
18656   -1833448.250000
18657   -1833448.500000
18658   -1833448.875000
18659   -1833449.125000
18660   -1833449.375000
18661   -1833449.625000
18662   -1833450.000000
18663   -1833450.250000
18664   -1833450.500000
18665   -1833450.750000
18666   -1833451.000000
18667   -1833451.250000
18668   -1833451.750000
18669   -1833452.000000
18670   -1833452.250000
18671   -1833452.250000
18672   -1833452.750000
18673   -1833452.875000
18674   -1833453.125000
18675   -1833453.500000
18676   -1833453.625000
18677   -1833454.000000
18678   -1833454.375000
18679   -1833454.500000
18680   -1833454.750000
18681   -1833455.125000
18682   -1833455.500000
18683   -1833455.625000
18684   -1833455.750000
18685   -1833456.125000
18686   -1833456.375000
18687   -1833456.500000
18688   -1833456.875000
18689   -1833457.125000
18690   -1833457.250000
18691   -1833457.750000
18692   -1833457.875000
18693   -1833458.125000
18694   -1833458.375000
18695   -1833458.750000
18696   -1833459.000000
18697   -1833459.125000
18698   -1833459.250000
18699   -1833459.500000
18700   -1833460.000000
18701   -1833460.125000
18702   -1833460.375000
18703   -1833460.625000
18704   -1833460.750000
18705   -1833461.125000
18706   -1833461.375000
18707   -1833461.625000
18708   -1833461.875000
18709   -1833462.125000
18710   -1833462.375000
18711   -1833462.500000
18712   -1833462.750000
18713   -1833463.000000
18714   -1833463.250000
18715   -1833463.500000
18716   -1833463.875000
18717   -1833464.125000
18718   -1833464.375000
18719   -1833464.500000
18720   -1833464.750000
18721   -1833465.000000
18722   -1833465.375000
18723   -1833465.500000
18724   -1833465.750000
18725   -1833466.000000
18726   -1833466.250000
18727   -1833466.375000
18728   -1833466.750000
18729   -1833467.000000
18730   -1833467.125000
18731   -1833467.500000
18732   -1833467.750000
18733   -1833467.750000
18734   -1833468.125000
18735   -1833468.250000
18736   -1833468.625000
18737   -1833468.875000
18738   -1833469.000000
18739   -1833469.375000
18740   -1833469.500000
18741   -1833469.750000
18742   -1833470.000000
18743   -1833470.250000
18744   -1833470.500000
18745   -1833470.750000
18746   -1833471.000000
18747   -1833471.125000
18748   -1833471.250000
18749   -1833471.625000
18750   -1833471.750000
18751   -1833472.125000
18752   -1833472.500000
18753   -1833472.500000
18754   -1833472.875000
18755   -1833472.750000
18756   -1833473.250000
18757   -1833473.500000
18758   -1833473.625000
18759   -1833473.750000
18760   -1833474.250000
18761   -1833474.250000
18762   -1833474.500000
18763   -1833474.750000
18764   -1833475.000000
18765   -1833475.250000
18766   -1833475.375000
18767   -1833475.625000
18768   -1833475.750000
18769   -1833476.125000
18770   -1833476.250000
18771   -1833476.500000
18772   -1833476.500000
18773   -1833477.000000
18774   -1833477.250000
18775   -1833477.375000
18776   -1833477.750000
18777   -1833477.750000
18778   -1833478.000000
18779   -1833478.250000
18780   -1833478.500000
18781   -1833478.750000
18782   -1833478.875000
18783   -1833479.000000
18784   -1833479.500000
18785   -1833479.500000
18786   -1833479.750000
18787   -1833480.000000
18788   -1833480.250000
18789   -1833480.500000
18790   -1833480.500000
18791   -1833480.750000
18792   -1833481.000000
18793   -1833481.250000
18794   -1833481.250000
18795   -1833481.500000
18796   -1833481.875000
18797   -1833482.125000
18798   -1833482.125000
18799   -1833482.500000
18800   -1833482.750000
18801   -1833482.875000
18802   -1833483.000000
18803   -1833483.250000
18804   -1833483.500000
18805   -1833483.500000
18806   -1833483.750000
18807   -1833484.000000
18808   -1833484.250000
18809   -1833484.375000
18810   -1833484.625000
18811   -1833484.750000
18812   -1833485.000000
18813   -1833485.250000
18814   -1833485.375000
18815   -1833485.500000
18816   -1833485.750000
18817   -1833486.000000
18818   -1833486.250000
18819   -1833486.375000
18820   -1833486.750000
18821   -1833486.750000
18822   -1833487.000000
18823   -1833487.250000
18824   -1833487.500000
18825   -1833487.500000
18826   -1833487.750000
18827   -1833488.000000
18828   -1833488.250000
18829   -1833488.375000
18830   -1833488.500000
18831   -1833488.750000
18832   -1833489.000000
18833   -1833489.250000
18834   -1833489.250000
18835   -1833489.500000
18836   -1833489.625000
18837   -1833489.875000
18838   -1833490.000000
18839   -1833490.250000
18840   -1833490.500000
18841   -1833490.625000
18842   -1833490.750000
18843   -1833491.000000
18844   -1833491.250000
18845   -1833491.250000
18846   -1833491.500000
18847   -1833491.750000
18848   -1833491.750000
18849   -1833492.000000
18850   -1833492.250000
18851   -1833492.375000
18852   -1833492.500000
18853   -1833492.750000
18854   -1833493.000000
18855   -1833493.125000
18856   -1833493.250000
18857   -1833493.500000
18858   -1833493.750000
18859   -1833493.750000
18860   -1833494.000000
18861   -1833494.250000
18862   -1833494.500000
18863   -1833494.500000
18864   -1833494.750000
18865   -1833495.000000
18866   -1833495.000000
18867   -1833495.250000
18868   -1833495.375000
18869   -1833495.750000
18870   -1833495.750000
18871   -1833496.000000
18872   -1833496.125000
18873   -1833496.250000
18874   -1833496.500000
18875   -1833496.625000
18876   -1833496.750000
18877   -1833496.875000
18878   -1833497.250000
18879   -1833497.250000
18880   -1833497.500000
18881   -1833497.750000
18882   -1833497.750000
18883   -1833498.000000
18884   -1833498.250000
18885   -1833498.250000
18886   -1833498.500000
18887   -1833498.500000
18888   -1833498.750000
18889   -1833499.000000
18890   -1833499.000000
18891   -1833499.250000
18892   -1833499.500000
18893   -1833499.750000
18894   -1833499.875000
18895   -1833500.000000
18896   -1833500.125000
18897   -1833500.250000
18898   -1833500.500000
18899   -1833500.625000
18900   -1833500.750000
18901   -1833501.000000
18902   -1833501.250000
18903   -1833501.500000
18904   -1833501.375000
18905   -1833501.750000
18906   -1833501.750000
18907   -1833502.000000
18908   -1833502.125000
18909   -1833502.375000
18910   -1833502.500000
18911   -1833502.500000
18912   -1833502.875000
18913   -1833503.000000
18914   -1833503.125000
18915   -1833503.250000
18916   -1833503.375000
18917   -1833503.625000
18918   -1833503.750000
18919   -1833503.875000
18920   -1833504.125000
18921   -1833504.250000
18922   -1833504.375000
18923   -1833504.625000
18924   -1833504.625000
18925   -1833505.000000
18926   -1833505.000000
18927   -1833505.000000
18928   -1833505.250000
18929   -1833505.500000
18930   -1833505.625000
18931   -1833505.750000
18932   -1833506.000000
18933   -1833506.125000
18934   -1833506.250000
18935   -1833506.500000
18936   -1833506.500000
18937   -1833506.750000
18938   -1833507.000000
18939   -1833507.000000
18940   -1833507.250000
18941   -1833507.375000
18942   -1833507.500000
18943   -1833507.750000
18944   -1833507.875000
18945   -1833508.000000
18946   -1833508.000000
18947   -1833508.250000
18948   -1833508.375000
18949   -1833508.500000
18950   -1833508.750000
18951   -1833508.875000
18952   -1833509.125000
18953   -1833509.125000
18954   -1833509.375000
18955   -1833509.500000
18956   -1833509.625000
18957   -1833509.750000
18958   -1833509.875000
18959   -1833510.125000
18960   -1833510.250000
18961   -1833510.250000
18962   -1833510.500000
18963   -1833510.750000
18964   -1833510.750000
18965   -1833510.875000
18966   -1833511.000000
18967   -1833511.250000
18968   -1833511.375000
18969   -1833511.500000
18970   -1833511.625000
18971   -1833511.750000
18972   -1833512.000000
18973   -1833512.125000
18974   -1833512.375000
18975   -1833512.500000
18976   -1833512.500000
18977   -1833512.750000
18978   -1833513.000000
18979   -1833513.000000
18980   -1833513.250000
18981   -1833513.250000
18982   -1833513.500000
18983   -1833513.750000
18984   -1833513.750000
18985   -1833513.875000
18986   -1833514.250000
18987   -1833514.250000
18988   -1833514.500000
18989   -1833514.625000
18990   -1833514.750000
18991   -1833515.000000
18992   -1833515.000000
18993   -1833515.125000
18994   -1833515.250000
18995   -1833515.500000
18996   -1833515.625000
18997   -1833515.750000
18998   -1833516.125000
18999   -1833516.000000
19000   -1833516.375000
19001   -1833516.500000
19002   -1833516.500000
19003   -1833516.750000
19004   -1833517.000000
19005   -1833517.000000
19006   -1833517.250000
19007   -1833517.375000
19008   -1833517.500000
19009   -1833517.750000
19010   -1833517.875000
19011   -1833518.125000
19012   -1833518.250000
19013   -1833518.500000
19014   -1833518.500000
19015   -1833518.750000
19016   -1833518.875000
19017   -1833519.000000
19018   -1833519.250000
19019   -1833519.250000
19020   -1833519.500000
19021   -1833519.625000
19022   -1833519.875000
19023   -1833520.000000
19024   -1833520.250000
19025   -1833520.250000
19026   -1833520.500000
19027   -1833520.750000
19028   -1833520.875000
19029   -1833521.125000
19030   -1833521.125000
19031   -1833521.500000
19032   -1833521.500000
19033   -1833521.625000
19034   -1833521.875000
19035   -1833522.000000
19036   -1833522.250000
19037   -1833522.250000
19038   -1833522.375000
19039   -1833522.500000
19040   -1833522.750000
19041   -1833522.875000
19042   -1833523.000000
19043   -1833523.250000
19044   -1833523.250000
19045   -1833523.500000
19046   -1833523.625000
19047   -1833523.750000
19048   -1833524.000000
19049   -1833524.250000
19050   -1833524.250000
19051   -1833524.500000
19052   -1833524.750000
19053   -1833524.750000
19054   -1833524.875000
19055   -1833525.000000
19056   -1833525.250000
19057   -1833525.375000
19058   -1833525.500000
19059   -1833525.625000
19060   -1833525.750000
19061   -1833525.875000
19062   -1833526.000000
19063   -1833526.250000
19064   -1833526.250000
19065   -1833526.500000
19066   -1833526.750000
19067   -1833526.750000
19068   -1833527.000000
19069   -1833527.250000
19070   -1833527.250000
19071   -1833527.500000
19072   -1833527.625000
19073   -1833527.750000
19074   -1833528.000000
19075   -1833528.125000
19076   -1833528.250000
19077   -1833528.250000
19078   -1833528.500000
19079   -1833528.625000
19080   -1833528.750000
19081   -1833529.000000
19082   -1833529.125000
19083   -1833529.250000
19084   -1833529.500000
19085   -1833529.500000
19086   -1833529.750000
19087   -1833530.000000
19088   -1833530.000000
19089   -1833530.125000
19090   -1833530.250000
19091   -1833530.250000
19092   -1833530.500000
19093   -1833530.625000
19094   -1833530.750000
19095   -1833531.000000
19096   -1833531.000000
19097   -1833531.125000
19098   -1833531.250000
19099   -1833531.500000
19100   -1833531.625000
19101   -1833531.750000
19102   -1833532.000000
19103   -1833532.125000
19104   -1833532.125000
19105   -1833532.250000
19106   -1833532.375000
19107   -1833532.500000
19108   -1833532.750000
19109   -1833532.750000
19110   -1833533.000000
19111   -1833533.250000
19112   -1833533.250000
19113   -1833533.500000
19114   -1833533.375000
19115   -1833533.625000
19116   -1833533.875000
19117   -1833533.875000
19118   -1833534.125000
19119   -1833534.125000
19120   -1833534.250000
19121   -1833534.375000
19122   -1833534.500000
19123   -1833534.750000
19124   -1833534.750000
19125   -1833535.000000
19126   -1833535.125000
19127   -1833535.250000
19128   -1833535.250000
19129   -1833535.500000
19130   -1833535.500000
19131   -1833535.500000
19132   -1833535.750000
19133   -1833536.000000
19134   -1833536.000000
19135   -1833536.250000
19136   -1833536.250000
19137   -1833536.500000
19138   -1833536.625000
19139   -1833536.625000
19140   -1833536.875000
19141   -1833537.000000
19142   -1833537.000000
19143   -1833537.250000
19144   -1833537.250000
19145   -1833537.375000
19146   -1833537.500000
19147   -1833537.625000
19148   -1833537.750000
19149   -1833537.750000
19150   -1833538.000000
19151   -1833538.000000
19152   -1833538.250000
19153   -1833538.250000
19154   -1833538.250000
19155   -1833538.500000
19156   -1833538.750000
19157   -1833538.750000
19158   -1833538.750000
19159   -1833539.125000
19160   -1833539.125000
19161   -1833539.250000
19162   -1833539.250000
19163   -1833539.375000
19164   -1833539.500000
19165   -1833539.625000
19166   -1833539.750000
19167   -1833539.875000
19168   -1833540.000000
19169   -1833540.125000
19170   -1833540.125000
19171   -1833540.250000
19172   -1833540.375000
19173   -1833540.500000
19174   -1833540.625000
19175   -1833540.750000
19176   -1833540.875000
19177   -1833541.000000
19178   -1833541.000000
19179   -1833541.000000
19180   -1833541.250000
19181   -1833541.250000
19182   -1833541.375000
19183   -1833541.500000
19184   -1833541.750000
19185   -1833541.750000
19186   -1833541.750000
19187   -1833542.000000
19188   -1833542.000000
19189   -1833542.125000
19190   -1833542.250000
19191   -1833542.250000
19192   -1833542.500000
19193   -1833542.500000
19194   -1833542.625000
19195   -1833542.750000
19196   -1833542.750000
19197   -1833543.000000
19198   -1833543.000000
19199   -1833543.125000
19200   -1833543.125000
19201   -1833543.375000
19202   -1833543.375000
19203   -1833543.500000
19204   -1833543.625000
19205   -1833543.625000
19206   -1833543.750000
19207   -1833543.875000
19208   -1833544.000000
19209   -1833544.125000
19210   -1833544.125000
19211   -1833544.250000
19212   -1833544.500000
19213   -1833544.500000
19214   -1833544.500000
19215   -1833544.625000
19216   -1833544.750000
19217   -1833544.750000
19218   -1833545.000000
19219   -1833545.000000
19220   -1833545.125000
19221   -1833545.250000
19222   -1833545.250000
19223   -1833545.375000
19224   -1833545.500000
19225   -1833545.500000
19226   -1833545.625000
19227   -1833545.750000
19228   -1833545.750000
19229   -1833546.000000
19230   -1833546.000000
19231   -1833546.000000
19232   -1833546.250000
19233   -1833546.375000
19234   -1833546.375000
19235   -1833546.375000
19236   -1833546.500000
19237   -1833546.750000
19238   -1833546.750000
19239   -1833546.750000
19240   -1833546.750000
19241   -1833547.000000
19242   -1833547.125000
19243   -1833547.250000
19244   -1833547.250000
19245   -1833547.375000
19246   -1833547.375000
19247   -1833547.500000
19248   -1833547.625000
19249   -1833547.625000
19250   -1833547.750000
19251   -1833548.000000
19252   -1833548.000000
19253   -1833548.000000
19254   -1833548.000000
19255   -1833548.250000
19256   -1833548.250000
19257   -1833548.500000
19258   -1833548.500000
19259   -1833548.500000
19260   -1833548.625000
19261   -1833548.750000
19262   -1833548.750000
19263   -1833548.750000
19264   -1833549.000000
19265   -1833549.125000
19266   -1833549.125000
19267   -1833549.250000
19268   -1833549.250000
19269   -1833549.500000
19270   -1833549.375000
19271   -1833549.500000
19272   -1833549.625000
19273   -1833549.750000
19274   -1833549.875000
19275   -1833549.875000
19276   -1833549.875000
19277   -1833550.000000
19278   -1833550.125000
19279   -1833550.250000
19280   -1833550.375000
19281   -1833550.500000
19282   -1833550.500000
19283   -1833550.500000
19284   -1833550.750000
19285   -1833550.750000
19286   -1833550.750000
19287   -1833551.000000
19288   -1833551.000000
19289   -1833551.000000
19290   -1833551.250000
19291   -1833551.250000
19292   -1833551.250000
19293   -1833551.500000
19294   -1833551.500000
19295   -1833551.625000
19296   -1833551.625000
19297   -1833551.750000
19298   -1833551.875000
19299   -1833552.000000
19300   -1833552.000000
19301   -1833552.125000
19302   -1833552.250000
19303   -1833552.250000
19304   -1833552.250000
19305   -1833552.375000
19306   -1833552.500000
19307   -1833552.625000
19308   -1833552.625000
19309   -1833552.750000
19310   -1833552.875000
19311   -1833552.750000
19312   -1833553.000000
19313   -1833553.000000
19314   -1833553.000000
19315   -1833553.250000
19316   -1833553.375000
19317   -1833553.500000
19318   -1833553.500000
19319   -1833553.500000
19320   -1833553.625000
19321   -1833553.750000
19322   -1833553.875000
19323   -1833554.000000
19324   -1833554.000000
19325   -1833554.000000
19326   -1833554.250000
19327   -1833554.250000
19328   -1833554.375000
19329   -1833554.500000
19330   -1833554.500000
19331   -1833554.500000
19332   -1833554.750000
19333   -1833554.750000
19334   -1833554.750000
19335   -1833554.875000
19336   -1833555.000000
19337   -1833555.000000
19338   -1833555.250000
19339   -1833555.375000
19340   -1833555.375000
19341   -1833555.500000
19342   -1833555.500000
19343   -1833555.750000
19344   -1833555.750000
19345   -1833555.875000
19346   -1833555.875000
19347   -1833556.000000
19348   -1833556.250000
19349   -1833556.250000
19350   -1833556.250000
19351   -1833556.500000
19352   -1833556.500000
19353   -1833556.500000
19354   -1833556.750000
19355   -1833556.750000
19356   -1833556.750000
19357   -1833557.000000
19358   -1833557.000000
19359   -1833557.000000
19360   -1833557.250000
19361   -1833557.250000
19362   -1833557.375000
19363   -1833557.500000
19364   -1833557.500000
19365   -1833557.625000
19366   -1833557.750000
19367   -1833557.750000
19368   -1833557.875000
19369   -1833558.000000
19370   -1833558.000000
19371   -1833558.250000
19372   -1833558.250000
19373   -1833558.250000
19374   -1833558.500000
19375   -1833558.500000
19376   -1833558.625000
19377   -1833558.750000
19378   -1833558.750000
19379   -1833558.875000
19380   -1833559.000000
19381   -1833559.250000
19382   -1833559.250000
19383   -1833559.375000
19384   -1833559.500000
19385   -1833559.625000
19386   -1833559.625000
19387   -1833559.750000
19388   -1833559.750000
19389   -1833559.875000
19390   -1833560.000000
19391   -1833560.125000
19392   -1833560.125000
19393   -1833560.250000
19394   -1833560.500000
19395   -1833560.500000
19396   -1833560.625000
19397   -1833560.625000
19398   -1833560.750000
19399   -1833560.750000
19400   -1833561.000000
19401   -1833561.125000
19402   -1833561.250000
19403   -1833561.250000
19404   -1833561.500000
19405   -1833561.500000
19406   -1833561.500000
19407   -1833561.625000
19408   -1833561.750000
19409   -1833561.750000
19410   -1833561.875000
19411   -1833562.000000
19412   -1833562.250000
19413   -1833562.250000
19414   -1833562.375000
19415   -1833562.500000
19416   -1833562.500000
19417   -1833562.625000
19418   -1833562.750000
19419   -1833562.750000
19420   -1833563.000000
19421   -1833563.125000
19422   -1833563.125000
19423   -1833563.375000
19424   -1833563.375000
19425   -1833563.500000
19426   -1833563.625000
19427   -1833563.750000
19428   -1833563.875000
19429   -1833564.000000
19430   -1833564.125000
19431   -1833564.250000
19432   -1833564.250000
19433   -1833564.500000
19434   -1833564.500000
19435   -1833564.750000
19436   -1833564.750000
19437   -1833564.750000
19438   -1833564.875000
19439   -1833565.000000
19440   -1833565.125000
19441   -1833565.250000
19442   -1833565.375000
19443   -1833565.375000
19444   -1833565.500000
19445   -1833565.750000
19446   -1833565.750000
19447   -1833565.875000
19448   -1833566.000000
19449   -1833566.125000
19450   -1833566.250000
19451   -1833566.250000
19452   -1833566.500000
19453   -1833566.500000
19454   -1833566.625000
19455   -1833566.750000
19456   -1833566.750000
19457   -1833567.000000
19458   -1833567.125000
19459   -1833567.250000
19460   -1833567.375000
19461   -1833567.500000
19462   -1833567.500000
19463   -1833567.750000
19464   -1833567.750000
19465   -1833568.000000
19466   -1833568.000000
19467   -1833568.000000
19468   -1833568.250000
19469   -1833568.500000
19470   -1833568.500000
19471   -1833568.625000
19472   -1833568.750000
19473   -1833568.875000
19474   -1833569.000000
19475   -1833569.250000
19476   -1833569.250000
19477   -1833569.250000
19478   -1833569.500000
19479   -1833569.625000
19480   -1833569.750000
19481   -1833570.000000
19482   -1833570.000000
19483   -1833570.250000
19484   -1833570.250000
19485   -1833570.375000
19486   -1833570.500000
19487   -1833570.750000
19488   -1833570.750000
19489   -1833570.875000
19490   -1833571.000000
19491   -1833571.125000
19492   -1833571.250000
19493   -1833571.375000
19494   -1833571.500000
19495   -1833571.750000
19496   -1833571.750000
19497   -1833572.000000
19498   -1833572.125000
19499   -1833572.250000
19500   -1833572.250000
19501   -1833572.500000
19502   -1833572.625000
19503   -1833572.750000
19504   -1833572.750000
19505   -1833573.000000
19506   -1833573.250000
19507   -1833573.250000
19508   -1833573.375000
19509   -1833573.500000
19510   -1833573.625000
19511   -1833573.750000
19512   -1833573.875000
19513   -1833574.000000
19514   -1833574.125000
19515   -1833574.250000
19516   -1833574.375000
19517   -1833574.500000
19518   -1833574.750000
19519   -1833574.750000
19520   -1833575.000000
19521   -1833575.125000
19522   -1833575.250000
19523   -1833575.500000
19524   -1833575.500000
19525   -1833575.750000
19526   -1833575.750000
19527   -1833576.000000
19528   -1833576.000000
19529   -1833576.250000
19530   -1833576.375000
19531   -1833576.500000
19532   -1833576.750000
19533   -1833576.750000
19534   -1833576.875000
19535   -1833577.000000
19536   -1833577.125000
19537   -1833577.250000
19538   -1833577.500000
19539   -1833577.625000
19540   -1833577.750000
19541   -1833577.750000
19542   -1833578.125000
19543   -1833578.125000
19544   -1833578.375000
19545   -1833578.500000
19546   -1833578.500000
19547   -1833578.750000
19548   -1833578.750000
19549   -1833579.000000
19550   -1833579.250000
19551   -1833579.375000
19552   -1833579.375000
19553   -1833579.625000
19554   -1833579.750000
19555   -1833579.750000
19556   -1833580.000000
19557   -1833580.125000
19558   -1833580.250000
19559   -1833580.500000
19560   -1833580.625000
19561   -1833580.750000
19562   -1833580.875000
19563   -1833581.000000
19564   -1833581.250000
19565   -1833581.250000
19566   -1833581.250000
19567   -1833581.500000
19568   -1833581.750000
19569   -1833581.750000
19570   -1833581.875000
19571   -1833582.000000
19572   -1833582.250000
19573   -1833582.375000
19574   -1833582.500000
19575   -1833582.500000
19576   -1833582.750000
19577   -1833582.875000
19578   -1833583.000000
19579   -1833583.000000
19580   -1833583.250000
19581   -1833583.375000
19582   -1833583.500000
19583   -1833583.625000
19584   -1833583.750000
19585   -1833584.000000
19586   -1833584.000000
19587   -1833584.250000
19588   -1833584.250000
19589   -1833584.500000
19590   -1833584.500000
19591   -1833584.750000
19592   -1833584.750000
19593   -1833585.000000
19594   -1833585.125000
19595   -1833585.125000
19596   -1833585.250000
19597   -1833585.500000
19598   -1833585.500000
19599   -1833585.625000
19600   -1833585.750000
19601   -1833586.000000
19602   -1833586.000000
19603   -1833586.250000
19604   -1833586.250000
19605   -1833586.375000
19606   -1833586.500000
19607   -1833586.625000
19608   -1833586.750000
19609   -1833587.000000
19610   -1833587.000000
19611   -1833587.125000
19612   -1833587.250000
19613   -1833587.250000
19614   -1833587.500000
19615   -1833587.625000
19616   -1833587.750000
19617   -1833587.875000
19618   -1833588.000000
19619   -1833588.125000
19620   -1833588.250000
19621   -1833588.375000
19622   -1833588.500000
19623   -1833588.500000
19624   -1833588.625000
19625   -1833588.750000
19626   -1833589.000000
19627   -1833589.000000
19628   -1833589.250000
19629   -1833589.250000
19630   -1833589.375000
19631   -1833589.500000
19632   -1833589.625000
19633   -1833589.750000
19634   -1833590.000000
19635   -1833590.000000
19636   -1833590.250000
19637   -1833590.250000
19638   -1833590.250000
19639   -1833590.500000
19640   -1833590.500000
19641   -1833590.750000
19642   -1833590.875000
19643   -1833591.000000
19644   -1833591.000000
19645   -1833591.125000
19646   -1833591.250000
19647   -1833591.375000
19648   -1833591.500000
19649   -1833591.625000
19650   -1833591.500000
19651   -1833591.750000
19652   -1833591.875000
19653   -1833592.000000
19654   -1833592.125000
19655   -1833592.125000
19656   -1833592.250000
19657   -1833592.375000
19658   -1833592.500000
19659   -1833592.750000
19660   -1833592.750000
19661   -1833592.750000
19662   -1833592.875000
19663   -1833593.000000
19664   -1833593.125000
19665   -1833593.125000
19666   -1833593.500000
19667   -1833593.500000
19668   -1833593.500000
19669   -1833593.625000
19670   -1833593.875000
19671   -1833593.750000
19672   -1833594.000000
19673   -1833594.000000
19674   -1833594.250000
19675   -1833594.250000
19676   -1833594.375000
19677   -1833594.500000
19678   -1833594.625000
19679   -1833594.750000
19680   -1833594.750000
19681   -1833594.875000
19682   -1833595.000000
19683   -1833595.000000
19684   -1833595.250000
19685   -1833595.250000
19686   -1833595.250000
19687   -1833595.500000
19688   -1833595.500000
19689   -1833595.750000
19690   -1833595.625000
19691   -1833595.875000
19692   -1833596.000000
19693   -1833596.000000
19694   -1833596.125000
19695   -1833596.125000
19696   -1833596.250000
19697   -1833596.500000
19698   -1833596.500000
19699   -1833596.625000
19700   -1833596.750000
19701   -1833596.875000
19702   -1833597.000000
19703   -1833597.000000
19704   -1833597.250000
19705   -1833597.250000
19706   -1833597.375000
19707   -1833597.500000
19708   -1833597.500000
19709   -1833597.500000
19710   -1833597.750000
19711   -1833597.750000
19712   -1833598.000000
19713   -1833598.000000
19714   -1833598.125000
19715   -1833598.250000
19716   -1833598.375000
19717   -1833598.375000
19718   -1833598.500000
19719   -1833598.625000
19720   -1833598.750000
19721   -1833598.750000
19722   -1833599.000000
19723   -1833599.000000
19724   -1833599.125000
19725   -1833599.125000
19726   -1833599.250000
19727   -1833599.250000
19728   -1833599.500000
19729   -1833599.500000
19730   -1833599.625000
19731   -1833599.750000
19732   -1833599.875000
19733   -1833599.875000
19734   -1833600.000000
19735   -1833600.125000
19736   -1833600.250000
19737   -1833600.250000
19738   -1833600.500000
19739   -1833600.500000
19740   -1833600.750000
19741   -1833600.750000
19742   -1833600.875000
19743   -1833600.875000
19744   -1833601.000000
19745   -1833601.000000
19746   -1833601.250000
19747   -1833601.375000
19748   -1833601.250000
19749   -1833601.500000
19750   -1833601.625000
19751   -1833601.625000
19752   -1833601.750000
19753   -1833601.750000
19754   -1833601.875000
19755   -1833602.000000
19756   -1833602.250000
19757   -1833602.250000
19758   -1833602.500000
19759   -1833602.500000
19760   -1833602.625000
19761   -1833602.750000
19762   -1833602.750000
19763   -1833602.750000
19764   -1833603.000000
19765   -1833603.000000
19766   -1833603.250000
19767   -1833603.250000
19768   -1833603.250000
19769   -1833603.500000
19770   -1833603.500000
19771   -1833603.500000
19772   -1833603.625000
19773   -1833603.750000
19774   -1833603.875000
19775   -1833604.000000
19776   -1833604.125000
19777   -1833604.250000
19778   -1833604.250000
19779   -1833604.375000
19780   -1833604.500000
19781   -1833604.500000
19782   -1833604.750000
19783   -1833604.750000
19784   -1833605.000000
19785   -1833605.000000
19786   -1833605.000000
19787   -1833605.250000
19788   -1833605.250000
19789   -1833605.250000
19790   -1833605.375000
19791   -1833605.500000
19792   -1833605.625000
19793   -1833605.750000
19794   -1833606.000000
19795   -1833606.000000
19796   -1833606.000000
19797   -1833606.250000
19798   -1833606.250000
19799   -1833606.250000
19800   -1833606.500000
19801   -1833606.500000
19802   -1833606.500000
19803   -1833606.750000
19804   -1833606.750000
19805   -1833607.000000
19806   -1833607.000000
19807   -1833607.125000
19808   -1833607.250000
19809   -1833607.250000
19810   -1833607.375000
19811   -1833607.500000
19812   -1833607.500000
19813   -1833607.750000
19814   -1833607.875000
19815   -1833608.000000
19816   -1833608.000000
19817   -1833608.125000
19818   -1833608.250000
19819   -1833608.375000
19820   -1833608.500000
19821   -1833608.500000
19822   -1833608.625000
19823   -1833608.750000
19824   -1833608.750000
19825   -1833609.000000
19826   -1833609.000000
19827   -1833609.250000
19828   -1833609.250000
19829   -1833609.375000
19830   -1833609.500000
19831   -1833609.500000
19832   -1833609.500000
19833   -1833609.875000
19834   -1833609.875000
19835   -1833609.875000
19836   -1833610.000000
19837   -1833610.125000
19838   -1833610.250000
19839   -1833610.375000
19840   -1833610.375000
19841   -1833610.500000
19842   -1833610.625000
19843   -1833610.750000
19844   -1833610.875000
19845   -1833611.000000
19846   -1833611.125000
19847   -1833611.125000
19848   -1833611.250000
19849   -1833611.250000
19850   -1833611.500000
19851   -1833611.500000
19852   -1833611.625000
19853   -1833611.750000
19854   -1833611.875000
19855   -1833612.000000
19856   -1833612.000000
19857   -1833612.000000
19858   -1833612.250000
19859   -1833612.250000
19860   -1833612.500000
19861   -1833612.500000
19862   -1833612.500000
19863   -1833612.750000
19864   -1833612.750000
19865   -1833613.000000
19866   -1833613.000000
19867   -1833613.000000
19868   -1833613.250000
19869   -1833613.250000
19870   -1833613.500000
19871   -1833613.500000
19872   -1833613.625000
19873   -1833613.750000
19874   -1833613.875000
19875   -1833613.875000
19876   -1833614.000000
19877   -1833614.125000
19878   -1833614.250000
19879   -1833614.250000
19880   -1833614.375000
19881   -1833614.500000
19882   -1833614.500000
19883   -1833614.750000
19884   -1833614.750000
19885   -1833614.875000
19886   -1833615.000000
19887   -1833615.000000
19888   -1833615.125000
19889   -1833615.250000
19890   -1833615.250000
19891   -1833615.500000
19892   -1833615.500000
19893   -1833615.625000
19894   -1833615.750000
19895   -1833615.875000
19896   -1833616.000000
19897   -1833616.000000
19898   -1833616.125000
19899   -1833616.250000
19900   -1833616.500000
19901   -1833616.375000
19902   -1833616.500000
19903   -1833616.750000
19904   -1833616.750000
19905   -1833616.875000
19906   -1833617.000000
19907   -1833617.125000
19908   -1833617.125000
19909   -1833617.125000
19910   -1833617.375000
19911   -1833617.500000
19912   -1833617.625000
19913   -1833617.750000
19914   -1833617.750000
19915   -1833617.875000
19916   -1833618.000000
19917   -1833618.125000
19918   -1833618.250000
19919   -1833618.250000
19920   -1833618.500000
19921   -1833618.500000
19922   -1833618.500000
19923   -1833618.750000
19924   -1833618.750000
19925   -1833619.000000
19926   -1833619.125000
19927   -1833619.250000
19928   -1833619.250000
19929   -1833619.500000
19930   -1833619.500000
19931   -1833619.750000
19932   -1833619.750000
19933   -1833619.875000
19934   -1833620.000000
19935   -1833620.000000
19936   -1833620.250000
19937   -1833620.250000
19938   -1833620.500000
19939   -1833620.500000
19940   -1833620.500000
19941   -1833620.750000
19942   -1833621.000000
19943   -1833620.875000
19944   -1833621.125000
19945   -1833621.250000
19946   -1833621.250000
19947   -1833621.500000
19948   -1833621.500000
19949   -1833621.625000
19950   -1833621.750000
19951   -1833622.000000
19952   -1833622.000000
19953   -1833622.000000
19954   -1833622.250000
19955   -1833622.500000
19956   -1833622.500000
19957   -1833622.500000
19958   -1833622.750000
19959   -1833622.875000
19960   -1833623.000000
19961   -1833623.125000
19962   -1833623.250000
19963   -1833623.250000
19964   -1833623.500000
19965   -1833623.750000
19966   -1833623.750000
19967   -1833623.875000
19968   -1833624.000000
19969   -1833624.125000
19970   -1833624.250000
19971   -1833624.375000
19972   -1833624.500000
19973   -1833624.500000
19974   -1833624.750000
19975   -1833625.000000
19976   -1833625.000000
19977   -1833625.000000
19978   -1833625.250000
19979   -1833625.500000
19980   -1833625.500000
19981   -1833625.625000
19982   -1833625.750000
19983   -1833626.000000
19984   -1833626.000000
19985   -1833626.125000
19986   -1833626.250000
19987   -1833626.375000
19988   -1833626.625000
19989   -1833626.750000
19990   -1833626.750000
19991   -1833627.000000
19992   -1833627.125000
19993   -1833627.250000
19994   -1833627.250000
19995   -1833627.500000
19996   -1833627.750000
19997   -1833627.750000
19998   -1833627.750000
19999   -1833628.000000
20000   -1833628.125000
20001   -1833628.375000
20002   -1833628.500000
20003   -1833628.500000
20004   -1833628.750000
20005   -1833629.000000
20006   -1833629.000000
20007   -1833629.000000
20008   -1833629.250000
20009   -1833629.250000
20010   -1833629.500000
20011   -1833629.750000
20012   -1833629.750000
20013   -1833630.000000
20014   -1833630.000000
20015   -1833630.250000
20016   -1833630.250000
20017   -1833630.500000
20018   -1833630.625000
20019   -1833630.750000
20020   -1833630.875000
20021   -1833631.000000
20022   -1833631.125000
20023   -1833631.250000
20024   -1833631.500000
20025   -1833631.625000
20026   -1833631.750000
20027   -1833631.875000
20028   -1833632.000000
20029   -1833632.125000
20030   -1833632.250000
20031   -1833632.500000
20032   -1833632.625000
20033   -1833632.875000
20034   -1833633.000000
20035   -1833633.125000
20036   -1833633.250000
20037   -1833633.500000
20038   -1833633.500000
20039   -1833633.750000
20040   -1833633.750000
20041   -1833633.875000
20042   -1833634.125000
20043   -1833634.250000
20044   -1833634.375000
20045   -1833634.500000
20046   -1833634.625000
20047   -1833634.750000
20048   -1833635.000000
20049   -1833635.125000
20050   -1833635.250000
20051   -1833635.375000
20052   -1833635.500000
20053   -1833635.625000
20054   -1833635.750000
20055   -1833635.875000
20056   -1833636.250000
20057   -1833636.250000
20058   -1833636.500000
20059   -1833636.500000
20060   -1833636.750000
20061   -1833636.750000
20062   -1833637.000000
20063   -1833637.125000
20064   -1833637.250000
20065   -1833637.375000
20066   -1833637.500000
20067   -1833637.750000
20068   -1833638.000000
20069   -1833638.000000
20070   -1833638.250000
20071   -1833638.250000
20072   -1833638.375000
20073   -1833638.625000
20074   -1833638.625000
20075   -1833639.000000
20076   -1833639.000000
20077   -1833639.250000
20078   -1833639.250000
20079   -1833639.500000
20080   -1833639.750000
20081   -1833639.750000
20082   -1833640.000000
20083   -1833640.000000
20084   -1833640.250000
20085   -1833640.250000
20086   -1833640.500000
20087   -1833640.625000
20088   -1833640.750000
20089   -1833640.875000
20090   -1833641.000000
20091   -1833641.250000
20092   -1833641.250000
20093   -1833641.500000
20094   -1833641.750000
20095   -1833641.750000
20096   -1833641.875000
20097   -1833642.000000
20098   -1833642.250000
20099   -1833642.250000
20100   -1833642.500000
20101   -1833642.750000
20102   -1833642.750000
20103   -1833643.000000
20104   -1833643.000000
20105   -1833643.250000
20106   -1833643.375000
20107   -1833643.500000
20108   -1833643.625000
20109   -1833643.750000
20110   -1833643.875000
20111   -1833644.000000
20112   -1833644.250000
20113   -1833644.250000
20114   -1833644.500000
20115   -1833644.625000
20116   -1833644.750000
20117   -1833644.875000
20118   -1833645.000000
20119   -1833645.250000
20120   -1833645.250000
20121   -1833645.500000
20122   -1833645.500000
20123   -1833645.750000
20124   -1833645.875000
20125   -1833646.000000
20126   -1833646.000000
20127   -1833646.250000
20128   -1833646.500000
20129   -1833646.625000
20130   -1833646.750000
20131   -1833646.750000
20132   -1833647.000000
20133   -1833647.000000
20134   -1833647.250000
20135   -1833647.375000
20136   -1833647.500000
20137   -1833647.750000
20138   -1833647.875000
20139   -1833648.000000
20140   -1833648.000000
20141   -1833648.250000
20142   -1833648.250000
20143   -1833648.500000
20144   -1833648.625000
20145   -1833648.750000
20146   -1833648.750000
20147   -1833649.000000
20148   -1833649.125000
20149   -1833649.375000
20150   -1833649.500000
20151   -1833649.500000
20152   -1833649.750000
20153   -1833649.750000
20154   -1833649.875000
20155   -1833650.125000
20156   -1833650.250000
20157   -1833650.375000
20158   -1833650.500000
20159   -1833650.750000
20160   -1833650.750000
20161   -1833651.000000
20162   -1833651.000000
20163   -1833651.250000
20164   -1833651.250000
20165   -1833651.250000
20166   -1833651.750000
20167   -1833651.750000
20168   -1833651.750000
20169   -1833652.000000
20170   -1833652.000000
20171   -1833652.250000
20172   -1833652.375000
20173   -1833652.500000
20174   -1833652.500000
20175   -1833652.750000
20176   -1833652.875000
20177   -1833653.000000
20178   -1833653.250000
20179   -1833653.250000
20180   -1833653.250000
20181   -1833653.500000
20182   -1833653.750000
20183   -1833653.750000
20184   -1833654.000000
20185   -1833654.125000
20186   -1833654.125000
20187   -1833654.250000
20188   -1833654.500000
20189   -1833654.625000
20190   -1833654.750000
20191   -1833654.750000
20192   -1833655.000000
20193   -1833655.250000
20194   -1833655.250000
20195   -1833655.375000
20196   -1833655.500000
20197   -1833655.625000
20198   -1833655.750000
20199   -1833655.875000
20200   -1833656.000000
20201   -1833656.250000
20202   -1833656.250000
20203   -1833656.375000
20204   -1833656.500000
20205   -1833656.750000
20206   -1833656.750000
20207   -1833656.875000
20208   -1833657.000000
20209   -1833657.000000
20210   -1833657.250000
20211   -1833657.375000
20212   -1833657.500000
20213   -1833657.750000
20214   -1833657.750000
20215   -1833658.000000
20216   -1833658.000000
20217   -1833658.250000
20218   -1833658.250000
20219   -1833658.375000
20220   -1833658.500000
20221   -1833658.750000
20222   -1833658.750000
20223   -1833658.875000
20224   -1833659.000000
20225   -1833659.250000
20226   -1833659.250000
20227   -1833659.500000
20228   -1833659.500000
20229   -1833659.750000
20230   -1833659.750000
20231   -1833659.750000
20232   -1833660.000000
20233   -1833660.250000
20234   -1833660.250000
20235   -1833660.250000
20236   -1833660.500000
20237   -1833660.500000
20238   -1833660.750000
20239   -1833660.875000
20240   -1833661.000000
20241   -1833661.125000
20242   -1833661.250000
20243   -1833661.375000
20244   -1833661.500000
20245   -1833661.500000
20246   -1833661.625000
20247   -1833661.875000
20248   -1833662.000000
20249   -1833662.125000
20250   -1833662.250000
20251   -1833662.250000
20252   -1833662.375000
20253   -1833662.500000
20254   -1833662.500000
20255   -1833662.750000
20256   -1833662.750000
20257   -1833663.000000
20258   -1833663.125000
20259   -1833663.250000
20260   -1833663.250000
20261   -1833663.500000
20262   -1833663.500000
20263   -1833663.625000
20264   -1833663.750000
20265   -1833663.875000
20266   -1833664.000000
20267   -1833664.250000
20268   -1833664.125000
20269   -1833664.250000
20270   -1833664.375000
20271   -1833664.500000
20272   -1833664.750000
20273   -1833664.750000
20274   -1833664.750000
20275   -1833665.000000
20276   -1833665.125000
20277   -1833665.125000
20278   -1833665.250000
20279   -1833665.500000
20280   -1833665.500000
20281   -1833665.625000
20282   -1833665.625000
20283   -1833665.750000
20284   -1833666.000000
20285   -1833666.000000
20286   -1833666.125000
20287   -1833666.125000
20288   -1833666.250000
20289   -1833666.375000
20290   -1833666.375000
20291   -1833666.625000
20292   -1833666.750000
20293   -1833666.750000
20294   -1833666.875000
20295   -1833667.000000
20296   -1833667.125000
20297   -1833667.250000
20298   -1833667.250000
20299   -1833667.375000
20300   -1833667.500000
20301   -1833667.500000
20302   -1833667.750000
20303   -1833667.750000
20304   -1833667.750000
20305   -1833668.000000
20306   -1833668.000000
20307   -1833668.250000
20308   -1833668.125000
20309   -1833668.250000
20310   -1833668.375000
20311   -1833668.500000
20312   -1833668.500000
20313   -1833668.750000
20314   -1833668.750000
20315   -1833668.750000
20316   -1833669.000000
20317   -1833668.875000
20318   -1833669.000000
20319   -1833669.250000
20320   -1833669.250000
20321   -1833669.250000
20322   -1833669.375000
20323   -1833669.500000
20324   -1833669.500000
20325   -1833669.500000
20326   -1833669.750000
20327   -1833669.750000
20328   -1833669.875000
20329   -1833670.000000
20330   -1833670.000000
20331   -1833670.125000
20332   -1833670.250000
20333   -1833670.250000
20334   -1833670.250000
20335   -1833670.500000
20336   -1833670.500000
20337   -1833670.500000
20338   -1833670.500000
20339   -1833670.750000
20340   -1833670.750000
20341   -1833670.875000
20342   -1833671.000000
20343   -1833671.000000
20344   -1833671.000000
20345   -1833671.250000
20346   -1833671.250000
20347   -1833671.375000
20348   -1833671.250000
20349   -1833671.375000
20350   -1833671.500000
20351   -1833671.750000
20352   -1833671.625000
20353   -1833671.750000
20354   -1833671.750000
20355   -1833671.750000
20356   -1833672.000000
20357   -1833672.000000
20358   -1833672.000000
20359   -1833672.250000
20360   -1833672.250000
20361   -1833672.250000
20362   -1833672.375000
20363   -1833672.500000
20364   -1833672.500000
20365   -1833672.500000
20366   -1833672.625000
20367   -1833672.500000
20368   -1833672.750000
20369   -1833672.875000
20370   -1833673.000000
20371   -1833672.875000
20372   -1833673.000000
20373   -1833673.125000
20374   -1833673.125000
20375   -1833673.250000
20376   -1833673.250000
20377   -1833673.250000
20378   -1833673.375000
20379   -1833673.375000
20380   -1833673.500000
20381   -1833673.500000
20382   -1833673.500000
20383   -1833673.625000
20384   -1833673.750000
20385   -1833673.750000
20386   -1833673.750000
20387   -1833673.875000
20388   -1833674.000000
20389   -1833674.000000
20390   -1833674.125000
20391   -1833674.125000
20392   -1833674.250000
20393   -1833674.250000
20394   -1833674.375000
20395   -1833674.375000
20396   -1833674.500000
20397   -1833674.500000
20398   -1833674.625000
20399   -1833674.750000
20400   -1833674.750000
20401   -1833674.750000
20402   -1833674.875000
20403   -1833674.875000
20404   -1833674.875000
20405   -1833675.000000
20406   -1833675.000000
20407   -1833675.125000
20408   -1833675.250000
20409   -1833675.250000
20410   -1833675.250000
20411   -1833675.500000
20412   -1833675.500000
20413   -1833675.500000
20414   -1833675.500000
20415   -1833675.500000
20416   -1833675.625000
20417   -1833675.625000
20418   -1833675.750000
20419   -1833675.750000
20420   -1833675.750000
20421   -1833675.875000
20422   -1833676.000000
20423   -1833676.000000
20424   -1833676.000000
20425   -1833676.125000
20426   -1833676.125000
20427   -1833676.250000
20428   -1833676.250000
20429   -1833676.250000
20430   -1833676.500000
20431   -1833676.500000
20432   -1833676.500000
20433   -1833676.500000
20434   -1833676.500000
20435   -1833676.625000
20436   -1833676.625000
20437   -1833676.750000
20438   -1833676.750000
20439   -1833676.875000
20440   -1833676.875000
20441   -1833676.875000
20442   -1833677.000000
20443   -1833677.125000
20444   -1833677.000000
20445   -1833677.250000
20446   -1833677.250000
20447   -1833677.250000
20448   -1833677.250000
20449   -1833677.375000
20450   -1833677.500000
20451   -1833677.500000
20452   -1833677.375000
20453   -1833677.500000
20454   -1833677.500000
20455   -1833677.625000
20456   -1833677.750000
20457   -1833677.750000
20458   -1833677.875000
20459   -1833677.750000
20460   -1833678.000000
20461   -1833677.875000
20462   -1833678.000000
20463   -1833678.000000
20464   -1833678.000000
20465   -1833678.125000
20466   -1833678.000000
20467   -1833678.250000
20468   -1833678.250000
20469   -1833678.375000
20470   -1833678.375000
20471   -1833678.375000
20472   -1833678.500000
20473   -1833678.500000
20474   -1833678.500000
20475   -1833678.500000
20476   -1833678.750000
20477   -1833678.750000
20478   -1833678.750000
20479   -1833678.875000
20480   -1833679.000000
20481   -1833679.000000
20482   -1833679.000000
20483   -1833679.000000
20484   -1833679.250000
20485   -1833679.000000
20486   -1833679.250000
20487   -1833679.250000
20488   -1833679.250000
20489   -1833679.250000
20490   -1833679.250000
20491   -1833679.375000
20492   -1833679.375000
20493   -1833679.500000
20494   -1833679.500000
20495   -1833679.750000
20496   -1833679.625000
20497   -1833679.625000
20498   -1833679.750000
20499   -1833679.750000
20500   -1833679.750000
20501   -1833680.000000
20502   -1833680.000000
20503   -1833680.125000
20504   -1833680.000000
20505   -1833680.125000
20506   -1833680.250000
20507   -1833680.250000
20508   -1833680.250000
20509   -1833680.250000
20510   -1833680.250000
20511   -1833680.375000
20512   -1833680.375000
20513   -1833680.500000
20514   -1833680.625000
20515   -1833680.625000
20516   -1833680.625000
20517   -1833680.750000
20518   -1833680.750000
20519   -1833680.750000
20520   -1833680.750000
20521   -1833681.000000
20522   -1833680.875000
20523   -1833681.000000
20524   -1833681.000000
20525   -1833681.125000
20526   -1833681.125000
20527   -1833681.250000
20528   -1833681.250000
20529   -1833681.250000
20530   -1833681.375000
20531   -1833681.250000
20532   -1833681.375000
20533   -1833681.500000
20534   -1833681.500000
20535   -1833681.625000
20536   -1833681.625000
20537   -1833681.625000
20538   -1833681.750000
20539   -1833681.750000
20540   -1833681.750000
20541   -1833681.875000
20542   -1833681.875000
20543   -1833682.000000
20544   -1833682.000000
20545   -1833682.125000
20546   -1833682.250000
20547   -1833682.250000
20548   -1833682.250000
20549   -1833682.250000
20550   -1833682.250000
20551   -1833682.500000
20552   -1833682.500000
20553   -1833682.500000
20554   -1833682.500000
20555   -1833682.500000
20556   -1833682.625000
20557   -1833682.750000
20558   -1833682.750000
20559   -1833682.750000
20560   -1833682.750000
20561   -1833683.000000
20562   -1833683.000000
20563   -1833683.000000
20564   -1833683.000000
20565   -1833683.125000
20566   -1833683.250000
20567   -1833683.250000
20568   -1833683.250000
20569   -1833683.250000
20570   -1833683.500000
20571   -1833683.500000
20572   -1833683.500000
20573   -1833683.500000
20574   -1833683.500000
20575   -1833683.500000
20576   -1833683.750000
20577   -1833683.750000
20578   -1833683.875000
20579   -1833684.000000
20580   -1833684.000000
20581   -1833684.000000
20582   -1833684.125000
20583   -1833684.250000
20584   -1833684.250000
20585   -1833684.250000
20586   -1833684.250000
20587   -1833684.250000
20588   -1833684.500000
20589   -1833684.500000
20590   -1833684.500000
20591   -1833684.500000
20592   -1833684.625000
20593   -1833684.750000
20594   -1833684.750000
20595   -1833684.750000
20596   -1833684.875000
20597   -1833685.000000
20598   -1833685.000000
20599   -1833685.000000
20600   -1833685.125000
20601   -1833685.250000
20602   -1833685.250000
20603   -1833685.250000
20604   -1833685.375000
20605   -1833685.500000
20606   -1833685.500000
20607   -1833685.500000
20608   -1833685.500000
20609   -1833685.625000
20610   -1833685.750000
20611   -1833685.750000
20612   -1833685.875000
20613   -1833686.000000
20614   -1833686.000000
20615   -1833686.000000
20616   -1833686.000000
20617   -1833686.250000
20618   -1833686.250000
20619   -1833686.250000
20620   -1833686.375000
20621   -1833686.500000
20622   -1833686.500000
20623   -1833686.500000
20624   -1833686.500000
20625   -1833686.750000
20626   -1833686.750000
20627   -1833686.750000
20628   -1833686.875000
20629   -1833687.000000
20630   -1833687.125000
20631   -1833687.000000
20632   -1833687.250000
20633   -1833687.250000
20634   -1833687.250000
20635   -1833687.375000
20636   -1833687.500000
20637   -1833687.500000
20638   -1833687.750000
20639   -1833687.625000
20640   -1833687.750000
20641   -1833687.750000
20642   -1833687.875000
20643   -1833688.000000
20644   -1833688.000000
20645   -1833688.000000
20646   -1833688.125000
20647   -1833688.250000
20648   -1833688.250000
20649   -1833688.375000
20650   -1833688.500000
20651   -1833688.500000
20652   -1833688.750000
20653   -1833688.750000
20654   -1833688.750000
20655   -1833688.875000
20656   -1833689.000000
20657   -1833689.000000
20658   -1833689.250000
20659   -1833689.000000
20660   -1833689.250000
20661   -1833689.375000
20662   -1833689.375000
20663   -1833689.500000
20664   -1833689.500000
20665   -1833689.750000
20666   -1833689.750000
20667   -1833689.750000
20668   -1833689.875000
20669   -1833690.000000
20670   -1833690.000000
20671   -1833690.000000
20672   -1833690.125000
20673   -1833690.250000
20674   -1833690.500000
20675   -1833690.500000
20676   -1833690.500000
20677   -1833690.625000
20678   -1833690.625000
20679   -1833690.750000
20680   -1833690.750000
20681   -1833690.875000
20682   -1833691.000000
20683   -1833691.125000
20684   -1833691.250000
20685   -1833691.250000
20686   -1833691.375000
20687   -1833691.500000
20688   -1833691.625000
20689   -1833691.500000
20690   -1833691.625000
20691   -1833691.875000
20692   -1833692.000000
20693   -1833692.000000
20694   -1833692.000000
20695   -1833692.125000
20696   -1833692.250000
20697   -1833692.250000
20698   -1833692.500000
20699   -1833692.750000
20700   -1833692.750000
20701   -1833692.750000
20702   -1833692.875000
20703   -1833693.000000
20704   -1833693.000000
20705   -1833693.000000
20706   -1833693.250000
20707   -1833693.250000
20708   -1833693.500000
20709   -1833693.500000
20710   -1833693.500000
20711   -1833693.750000
20712   -1833693.750000
20713   -1833693.875000
20714   -1833694.000000
20715   -1833694.000000
20716   -1833694.125000
20717   -1833694.250000
20718   -1833694.500000
20719   -1833694.375000
20720   -1833694.625000
20721   -1833694.625000
20722   -1833694.750000
20723   -1833694.875000
20724   -1833694.750000
20725   -1833695.000000
20726   -1833695.000000
20727   -1833695.250000
20728   -1833695.250000
20729   -1833695.500000
20730   -1833695.500000
20731   -1833695.625000
20732   -1833695.750000
20733   -1833695.750000
20734   -1833695.875000
20735   -1833695.875000
20736   -1833696.125000
20737   -1833696.250000
20738   -1833696.250000
20739   -1833696.375000
20740   -1833696.500000
20741   -1833696.625000
20742   -1833696.625000
20743   -1833696.750000
20744   -1833696.875000
20745   -1833697.000000
20746   -1833697.000000
20747   -1833697.250000
20748   -1833697.125000
20749   -1833697.375000
20750   -1833697.375000
20751   -1833697.500000
20752   -1833697.500000
20753   -1833697.500000
20754   -1833697.750000
20755   -1833697.875000
20756   -1833698.000000
20757   -1833698.000000
20758   -1833698.125000
20759   -1833698.250000
20760   -1833698.250000
20761   -1833698.500000
20762   -1833698.500000
20763   -1833698.625000
20764   -1833698.750000
20765   -1833698.750000
20766   -1833698.875000
20767   -1833699.000000
20768   -1833699.000000
20769   -1833699.250000
20770   -1833699.250000
20771   -1833699.500000
20772   -1833699.500000
20773   -1833699.500000
20774   -1833699.625000
20775   -1833699.750000
20776   -1833699.750000
20777   -1833699.875000
20778   -1833700.000000
20779   -1833700.125000
20780   -1833700.250000
20781   -1833700.250000
20782   -1833700.375000
20783   -1833700.500000
20784   -1833700.500000
20785   -1833700.625000
20786   -1833700.750000
20787   -1833700.875000
20788   -1833701.000000
20789   -1833701.000000
20790   -1833701.125000
20791   -1833701.250000
20792   -1833701.250000
20793   -1833701.500000
20794   -1833701.500000
20795   -1833701.500000
20796   -1833701.625000
20797   -1833701.750000
20798   -1833701.750000
20799   -1833702.000000
20800   -1833702.000000
20801   -1833702.125000
20802   -1833702.250000
20803   -1833702.375000
20804   -1833702.375000
20805   -1833702.500000
20806   -1833702.625000
20807   -1833702.750000
20808   -1833702.750000
20809   -1833702.750000
20810   -1833703.000000
20811   -1833703.125000
20812   -1833703.125000
20813   -1833703.250000
20814   -1833703.250000
20815   -1833703.250000
20816   -1833703.500000
20817   -1833703.500000
20818   -1833703.750000
20819   -1833703.750000
20820   -1833703.750000
20821   -1833704.000000
20822   -1833704.000000
20823   -1833704.125000
20824   -1833704.250000
20825   -1833704.250000
20826   -1833704.375000
20827   -1833704.375000
20828   -1833704.500000
20829   -1833704.625000
20830   -1833704.750000
20831   -1833704.875000
20832   -1833704.750000
20833   -1833705.000000
20834   -1833705.125000
20835   -1833705.125000
20836   -1833705.125000
20837   -1833705.250000
20838   -1833705.375000
20839   -1833705.500000
20840   -1833705.500000
20841   -1833705.625000
20842   -1833705.625000
20843   -1833705.750000
20844   -1833706.000000
20845   -1833706.000000
20846   -1833706.000000
20847   -1833706.000000
20848   -1833706.250000
20849   -1833706.250000
20850   -1833706.250000
20851   -1833706.500000
20852   -1833706.500000
20853   -1833706.500000
20854   -1833706.750000
20855   -1833706.750000
20856   -1833706.750000
20857   -1833706.875000
20858   -1833706.875000
20859   -1833707.000000
20860   -1833707.000000
20861   -1833707.250000
20862   -1833707.250000
20863   -1833707.375000
20864   -1833707.375000
20865   -1833707.375000
20866   -1833707.500000
20867   -1833707.750000
20868   -1833707.750000
20869   -1833707.750000
20870   -1833708.000000
20871   -1833707.875000
20872   -1833707.750000
20873   -1833708.000000
20874   -1833708.000000
20875   -1833708.250000
20876   -1833708.250000
20877   -1833708.250000
20878   -1833708.250000
20879   -1833708.500000
20880   -1833708.500000
20881   -1833708.500000
20882   -1833708.750000
20883   -1833708.750000
20884   -1833708.750000
20885   -1833708.750000
20886   -1833708.875000
20887   -1833708.875000
20888   -1833709.000000
20889   -1833709.125000
20890   -1833709.250000
20891   -1833709.250000
20892   -1833709.250000
20893   -1833709.250000
20894   -1833709.500000
20895   -1833709.500000
20896   -1833709.750000
20897   -1833709.625000
20898   -1833709.625000
20899   -1833709.625000
20900   -1833709.875000
20901   -1833710.000000
20902   -1833710.000000
20903   -1833710.000000
20904   -1833710.000000
20905   -1833710.125000
20906   -1833710.250000
20907   -1833710.250000
20908   -1833710.375000
20909   -1833710.250000
20910   -1833710.375000
20911   -1833710.500000
20912   -1833710.500000
20913   -1833710.625000
20914   -1833710.500000
20915   -1833710.750000
20916   -1833710.875000
20917   -1833711.000000
20918   -1833711.000000
20919   -1833711.000000
20920   -1833711.000000
20921   -1833711.000000
20922   -1833711.250000
20923   -1833711.375000
20924   -1833711.375000
20925   -1833711.500000
20926   -1833711.500000
20927   -1833711.500000
20928   -1833711.625000
20929   -1833711.750000
20930   -1833711.750000
20931   -1833711.875000
20932   -1833712.000000
20933   -1833712.000000
20934   -1833712.125000
20935   -1833712.000000
20936   -1833712.250000
20937   -1833712.250000
20938   -1833712.250000
20939   -1833712.500000
20940   -1833712.500000
20941   -1833712.500000
20942   -1833712.625000
20943   -1833712.500000
20944   -1833712.750000
20945   -1833712.750000
20946   -1833712.875000
20947   -1833712.750000
20948   -1833713.000000
20949   -1833713.000000
20950   -1833713.000000
20951   -1833713.125000
20952   -1833713.250000
20953   -1833713.500000
20954   -1833713.250000
20955   -1833713.500000
20956   -1833713.500000
20957   -1833713.500000
20958   -1833713.625000
20959   -1833713.750000
20960   -1833713.750000
20961   -1833713.875000
20962   -1833714.000000
20963   -1833714.000000
20964   -1833714.000000
20965   -1833714.250000
20966   -1833714.250000
20967   -1833714.250000
20968   -1833714.250000
20969   -1833714.500000
20970   -1833714.500000
20971   -1833714.625000
20972   -1833714.625000
20973   -1833714.750000
20974   -1833714.750000
20975   -1833714.750000
20976   -1833715.000000
20977   -1833715.125000
20978   -1833715.125000
20979   -1833715.125000
20980   -1833715.250000
20981   -1833715.375000
20982   -1833715.500000
20983   -1833715.375000
20984   -1833715.500000
20985   -1833715.625000
20986   -1833715.750000
20987   -1833715.750000
20988   -1833715.875000
20989   -1833715.875000
20990   -1833716.000000
20991   -1833716.000000
20992   -1833716.250000
20993   -1833716.250000
20994   -1833716.250000
20995   -1833716.500000
20996   -1833716.500000
20997   -1833716.500000
20998   -1833716.750000
20999   -1833716.750000
21000   -1833716.750000
21001   -1833716.875000
21002   -1833717.000000
21003   -1833717.000000
21004   -1833717.125000
21005   -1833717.250000
21006   -1833717.375000
21007   -1833717.500000
21008   -1833717.500000
21009   -1833717.500000
21010   -1833717.625000
21011   -1833717.750000
21012   -1833718.000000
21013   -1833717.875000
21014   -1833718.000000
21015   -1833718.000000
21016   -1833718.125000
21017   -1833718.250000
21018   -1833718.250000
21019   -1833718.500000
21020   -1833718.500000
21021   -1833718.750000
21022   -1833718.750000
21023   -1833718.750000
21024   -1833718.875000
21025   -1833719.000000
21026   -1833719.125000
21027   -1833719.250000
21028   -1833719.250000
21029   -1833719.375000
21030   -1833719.500000
21031   -1833719.500000
21032   -1833719.750000
21033   -1833719.750000
21034   -1833719.875000
21035   -1833720.000000
21036   -1833720.000000
21037   -1833720.000000
21038   -1833720.250000
21039   -1833720.250000
21040   -1833720.500000
21041   -1833720.625000
21042   -1833720.750000
21043   -1833720.750000
21044   -1833720.875000
21045   -1833721.000000
21046   -1833721.000000
21047   -1833721.250000
21048   -1833721.375000
21049   -1833721.500000
21050   -1833721.500000
21051   -1833721.500000
21052   -1833721.750000
21053   -1833721.875000
21054   -1833722.000000
21055   -1833722.000000
21056   -1833722.125000
21057   -1833722.250000
21058   -1833722.500000
21059   -1833722.500000
21060   -1833722.750000
21061   -1833722.750000
21062   -1833722.750000
21063   -1833723.000000
21064   -1833723.250000
21065   -1833723.250000
21066   -1833723.250000
21067   -1833723.500000
21068   -1833723.750000
21069   -1833723.750000
21070   -1833724.000000
21071   -1833724.000000
21072   -1833724.000000
21073   -1833724.250000
21074   -1833724.500000
21075   -1833724.375000
21076   -1833724.500000
21077   -1833724.750000
21078   -1833724.750000
21079   -1833725.000000
21080   -1833725.125000
21081   -1833725.250000
21082   -1833725.375000
21083   -1833725.500000
21084   -1833725.625000
21085   -1833725.750000
21086   -1833726.000000
21087   -1833726.000000
21088   -1833726.250000
21089   -1833726.250000
21090   -1833726.375000
21091   -1833726.500000
21092   -1833726.750000
21093   -1833726.875000
21094   -1833726.875000
21095   -1833727.000000
21096   -1833727.250000
21097   -1833727.250000
21098   -1833727.500000
21099   -1833727.500000
21100   -1833727.750000
21101   -1833727.750000
21102   -1833728.000000
21103   -1833728.000000
21104   -1833728.250000
21105   -1833728.375000
21106   -1833728.375000
21107   -1833728.750000
21108   -1833728.750000
21109   -1833728.875000
21110   -1833729.000000
21111   -1833729.250000
21112   -1833729.250000
21113   -1833729.250000
21114   -1833729.500000
21115   -1833729.625000
21116   -1833729.750000
21117   -1833730.000000
21118   -1833730.000000
21119   -1833730.250000
21120   -1833730.250000
21121   -1833730.500000
21122   -1833730.500000
21123   -1833730.750000
21124   -1833730.875000
21125   -1833730.875000
21126   -1833731.000000
21127   -1833731.375000
21128   -1833731.250000
21129   -1833731.500000
21130   -1833731.750000
21131   -1833731.750000
21132   -1833731.750000
21133   -1833732.000000
21134   -1833732.125000
21135   -1833732.250000
21136   -1833732.500000
21137   -1833732.500000
21138   -1833732.625000
21139   -1833732.750000
21140   -1833732.750000
21141   -1833733.000000
21142   -1833733.250000
21143   -1833733.250000
21144   -1833733.500000
21145   -1833733.500000
21146   -1833733.500000
21147   -1833733.875000
21148   -1833734.000000
21149   -1833734.000000
21150   -1833734.250000
21151   -1833734.375000
21152   -1833734.250000
21153   -1833734.625000
21154   -1833734.625000
21155   -1833734.750000
21156   -1833735.000000
21157   -1833735.000000
21158   -1833735.250000
21159   -1833735.375000
21160   -1833735.375000
21161   -1833735.500000
21162   -1833735.625000
21163   -1833735.750000
21164   -1833735.875000
21165   -1833735.875000
21166   -1833736.125000
21167   -1833736.125000
21168   -1833736.500000
21169   -1833736.625000
21170   -1833736.500000
21171   -1833736.750000
21172   -1833736.875000
21173   -1833736.875000
21174   -1833737.000000
21175   -1833737.250000
21176   -1833737.375000
21177   -1833737.500000
21178   -1833737.625000
21179   -1833737.625000
21180   -1833737.750000
21181   -1833737.875000
21182   -1833738.000000
21183   -1833738.125000
21184   -1833738.125000
21185   -1833738.375000
21186   -1833738.500000
21187   -1833738.500000
21188   -1833738.625000
21189   -1833738.875000
21190   -1833738.750000
21191   -1833739.000000
21192   -1833739.000000
21193   -1833739.250000
21194   -1833739.250000
21195   -1833739.250000
21196   -1833739.500000
21197   -1833739.625000
21198   -1833739.625000
21199   -1833739.875000
21200   -1833740.000000
21201   -1833740.125000
21202   -1833740.125000
21203   -1833740.250000
21204   -1833740.375000
21205   -1833740.500000
21206   -1833740.500000
21207   -1833740.625000
21208   -1833740.625000
21209   -1833740.750000
21210   -1833741.000000
21211   -1833741.000000
21212   -1833741.125000
21213   -1833741.250000
21214   -1833741.375000
21215   -1833741.500000
21216   -1833741.500000
21217   -1833741.750000
21218   -1833741.625000
21219   -1833742.000000
21220   -1833742.000000
21221   -1833742.125000
21222   -1833742.250000
21223   -1833742.250000
21224   -1833742.375000
21225   -1833742.500000
21226   -1833742.500000
21227   -1833742.750000
21228   -1833742.750000
21229   -1833743.000000
21230   -1833743.250000
21231   -1833743.125000
21232   -1833743.250000
21233   -1833743.375000
21234   -1833743.500000
21235   -1833743.500000
21236   -1833743.750000
21237   -1833743.875000
21238   -1833743.875000
21239   -1833744.000000
21240   -1833744.000000
21241   -1833744.250000
21242   -1833744.375000
21243   -1833744.500000
21244   -1833744.625000
21245   -1833744.625000
21246   -1833744.750000
21247   -1833745.000000
21248   -1833745.000000
21249   -1833745.000000
21250   -1833745.250000
21251   -1833745.375000
21252   -1833745.500000
21253   -1833745.500000
21254   -1833745.750000
21255   -1833745.750000
21256   -1833745.750000
21257   -1833746.000000
21258   -1833746.000000
21259   -1833746.250000
21260   -1833746.250000
21261   -1833746.500000
21262   -1833746.625000
21263   -1833746.750000
21264   -1833746.875000
21265   -1833747.000000
21266   -1833747.000000
21267   -1833747.125000
21268   -1833747.250000
21269   -1833747.375000
21270   -1833747.625000
21271   -1833747.750000
21272   -1833747.750000
21273   -1833747.875000
21274   -1833748.000000
21275   -1833748.250000
21276   -1833748.250000
21277   -1833748.500000
21278   -1833748.500000
21279   -1833748.750000
21280   -1833748.750000
21281   -1833749.000000
21282   -1833749.000000
21283   -1833749.125000
21284   -1833749.375000
21285   -1833749.375000
21286   -1833749.625000
21287   -1833749.750000
21288   -1833749.875000
21289   -1833749.875000
21290   -1833750.125000
21291   -1833750.125000
21292   -1833750.500000
21293   -1833750.375000
21294   -1833750.500000
21295   -1833750.625000
21296   -1833750.750000
21297   -1833751.000000
21298   -1833751.000000
21299   -1833751.125000
21300   -1833751.250000
21301   -1833751.500000
21302   -1833751.500000
21303   -1833751.750000
21304   -1833751.750000
21305   -1833752.000000
21306   -1833752.250000
21307   -1833752.250000
21308   -1833752.375000
21309   -1833752.500000
21310   -1833752.750000
21311   -1833752.750000
21312   -1833753.000000
21313   -1833753.125000
21314   -1833753.250000
21315   -1833753.250000
21316   -1833753.500000
21317   -1833753.625000
21318   -1833753.750000
21319   -1833754.000000
21320   -1833754.125000
21321   -1833754.125000
21322   -1833754.500000
21323   -1833754.375000
21324   -1833754.500000
21325   -1833754.875000
21326   -1833754.875000
21327   -1833755.000000
21328   -1833755.125000
21329   -1833755.375000
21330   -1833755.500000
21331   -1833755.500000
21332   -1833755.750000
21333   -1833755.750000
21334   -1833756.000000
21335   -1833756.125000
21336   -1833756.250000
21337   -1833756.375000
21338   -1833756.500000
21339   -1833756.750000
21340   -1833756.750000
21341   -1833757.000000
21342   -1833757.125000
21343   -1833757.250000
21344   -1833757.250000
21345   -1833757.500000
21346   -1833757.750000
21347   -1833757.750000
21348   -1833757.875000
21349   -1833758.000000
21350   -1833758.125000
21351   -1833758.250000
21352   -1833758.500000
21353   -1833758.625000
21354   -1833758.750000
21355   -1833758.875000
21356   -1833759.000000
21357   -1833759.125000
21358   -1833759.250000
21359   -1833759.500000
21360   -1833759.625000
21361   -1833759.750000
21362   -1833760.000000
21363   -1833760.125000
21364   -1833760.250000
21365   -1833760.375000
21366   -1833760.500000
21367   -1833760.500000
21368   -1833760.625000
21369   -1833760.750000
21370   -1833761.000000
21371   -1833761.250000
21372   -1833761.250000
21373   -1833761.375000
21374   -1833761.500000
21375   -1833761.750000
21376   -1833761.750000
21377   -1833761.875000
21378   -1833762.000000
21379   -1833762.125000
21380   -1833762.375000
21381   -1833762.250000
21382   -1833762.625000
21383   -1833762.750000
21384   -1833762.875000
21385   -1833763.125000
21386   -1833763.125000
21387   -1833763.250000
21388   -1833763.375000
21389   -1833763.500000
21390   -1833763.625000
21391   -1833763.750000
21392   -1833763.750000
21393   -1833764.000000
21394   -1833764.125000
21395   -1833764.250000
21396   -1833764.500000
21397   -1833764.500000
21398   -1833764.750000
21399   -1833764.750000
21400   -1833764.750000
21401   -1833765.000000
21402   -1833765.000000
21403   -1833765.250000
21404   -1833765.375000
21405   -1833765.500000
21406   -1833765.500000
21407   -1833765.750000
21408   -1833765.750000
21409   -1833766.000000
21410   -1833766.000000
21411   -1833766.125000
21412   -1833766.250000
21413   -1833766.375000
21414   -1833766.500000
21415   -1833766.500000
21416   -1833766.750000
21417   -1833766.875000
21418   -1833767.000000
21419   -1833767.000000
21420   -1833767.125000
21421   -1833767.250000
21422   -1833767.375000
21423   -1833767.500000
21424   -1833767.750000
21425   -1833767.750000
21426   -1833767.875000
21427   -1833768.000000
21428   -1833768.000000
21429   -1833768.125000
21430   -1833768.250000
21431   -1833768.250000
21432   -1833768.375000
21433   -1833768.500000
21434   -1833768.750000
21435   -1833768.750000
21436   -1833769.000000
21437   -1833769.000000
21438   -1833769.000000
21439   -1833769.000000
21440   -1833769.250000
21441   -1833769.250000
21442   -1833769.250000
21443   -1833769.500000
21444   -1833769.625000
21445   -1833769.750000
21446   -1833769.750000
21447   -1833770.000000
21448   -1833770.000000
21449   -1833770.000000
21450   -1833770.000000
21451   -1833770.250000
21452   -1833770.250000
21453   -1833770.250000
21454   -1833770.500000
21455   -1833770.625000
21456   -1833770.750000
21457   -1833770.750000
21458   -1833770.750000
21459   -1833771.000000
21460   -1833771.000000
21461   -1833771.125000
21462   -1833771.250000
21463   -1833771.250000
21464   -1833771.375000
21465   -1833771.250000
21466   -1833771.500000
21467   -1833771.500000
21468   -1833771.750000
21469   -1833771.875000
21470   -1833771.875000
21471   -1833771.875000
21472   -1833772.000000
21473   -1833772.000000
21474   -1833772.125000
21475   -1833772.250000
21476   -1833772.250000
21477   -1833772.500000
21478   -1833772.500000
21479   -1833772.625000
21480   -1833772.625000
21481   -1833772.750000
21482   -1833772.750000
21483   -1833772.875000
21484   -1833773.000000
21485   -1833773.000000
21486   -1833773.000000
21487   -1833773.000000
21488   -1833773.250000
21489   -1833773.375000
21490   -1833773.375000
21491   -1833773.500000
21492   -1833773.500000
21493   -1833773.750000
21494   -1833773.750000
21495   -1833773.750000
21496   -1833773.750000
21497   -1833774.000000
21498   -1833773.875000
21499   -1833773.875000
21500   -1833774.250000
21501   -1833774.250000
21502   -1833774.250000
21503   -1833774.250000
21504   -1833774.250000
21505   -1833774.250000
21506   -1833774.625000
21507   -1833774.625000
21508   -1833774.750000
21509   -1833774.750000
21510   -1833774.750000
21511   -1833774.875000
21512   -1833775.000000
21513   -1833775.000000
21514   -1833775.000000
21515   -1833775.000000
21516   -1833775.250000
21517   -1833775.250000
21518   -1833775.250000
21519   -1833775.375000
21520   -1833775.500000
21521   -1833775.500000
21522   -1833775.500000
21523   -1833775.500000
21524   -1833775.750000
21525   -1833775.750000
21526   -1833776.000000
21527   -1833776.000000
21528   -1833775.875000
21529   -1833776.000000
21530   -1833776.000000
21531   -1833776.125000
21532   -1833776.250000
21533   -1833776.250000
21534   -1833776.250000
21535   -1833776.500000
21536   -1833776.500000
21537   -1833776.500000
21538   -1833776.500000
21539   -1833776.750000
21540   -1833776.750000
21541   -1833776.750000
21542   -1833776.750000
21543   -1833776.875000
21544   -1833777.000000
21545   -1833777.000000
21546   -1833777.125000
21547   -1833777.000000
21548   -1833777.250000
21549   -1833777.250000
21550   -1833777.125000
21551   -1833777.500000
21552   -1833777.500000
21553   -1833777.500000
21554   -1833777.500000
21555   -1833777.500000
21556   -1833777.750000
21557   -1833777.625000
21558   -1833777.875000
21559   -1833777.625000
21560   -1833777.750000
21561   -1833778.000000
21562   -1833777.875000
21563   -1833778.000000
21564   -1833778.000000
21565   -1833778.000000
21566   -1833778.125000
21567   -1833778.125000
21568   -1833778.250000
21569   -1833778.250000
21570   -1833778.500000
21571   -1833778.375000
21572   -1833778.375000
21573   -1833778.375000
21574   -1833778.625000
21575   -1833778.625000
21576   -1833778.625000
21577   -1833778.750000
21578   -1833778.750000
21579   -1833778.875000
21580   -1833778.875000
21581   -1833778.875000
21582   -1833779.000000
21583   -1833778.875000
21584   -1833779.125000
21585   -1833779.125000
21586   -1833779.250000
21587   -1833779.250000
21588   -1833779.375000
21589   -1833779.250000
21590   -1833779.375000
21591   -1833779.500000
21592   -1833779.500000
21593   -1833779.500000
21594   -1833779.500000
21595   -1833779.500000
21596   -1833779.625000
21597   -1833779.750000
21598   -1833779.750000
21599   -1833779.750000
21600   -1833779.750000
21601   -1833780.000000
21602   -1833780.000000
21603   -1833780.000000
21604   -1833780.000000
21605   -1833780.000000
21606   -1833780.000000
21607   -1833780.125000
21608   -1833780.250000
21609   -1833780.250000
21610   -1833780.250000
21611   -1833780.250000
21612   -1833780.500000
21613   -1833780.375000
21614   -1833780.250000
21615   -1833780.500000
21616   -1833780.500000
21617   -1833780.500000
21618   -1833780.625000
21619   -1833780.500000
21620   -1833780.750000
21621   -1833780.750000
21622   -1833780.875000
21623   -1833780.875000
21624   -1833781.000000
21625   -1833781.000000
21626   -1833781.000000
21627   -1833781.000000
21628   -1833781.125000
21629   -1833781.125000
21630   -1833781.250000
21631   -1833781.250000
21632   -1833781.250000
21633   -1833781.250000
21634   -1833781.375000
21635   -1833781.250000
21636   -1833781.500000
21637   -1833781.375000
21638   -1833781.500000
21639   -1833781.500000
21640   -1833781.625000
21641   -1833781.625000
21642   -1833781.750000
21643   -1833781.750000
21644   -1833781.875000
21645   -1833781.750000
21646   -1833781.875000
21647   -1833781.750000
21648   -1833782.000000
21649   -1833782.000000
21650   -1833782.000000
21651   -1833782.000000
21652   -1833782.250000
21653   -1833782.000000
21654   -1833782.250000
21655   -1833782.125000
21656   -1833782.250000
21657   -1833782.250000
21658   -1833782.375000
21659   -1833782.250000
21660   -1833782.500000
21661   -1833782.250000
21662   -1833782.500000
21663   -1833782.500000
21664   -1833782.500000
21665   -1833782.625000
21666   -1833782.625000
21667   -1833782.750000
21668   -1833782.625000
21669   -1833782.750000
21670   -1833782.750000
21671   -1833782.750000
21672   -1833782.750000
21673   -1833782.750000
21674   -1833782.875000
21675   -1833783.000000
21676   -1833783.000000
21677   -1833783.000000
21678   -1833783.000000
21679   -1833783.125000
21680   -1833783.125000
21681   -1833783.250000
21682   -1833783.250000
21683   -1833783.250000
21684   -1833783.250000
21685   -1833783.250000
21686   -1833783.375000
21687   -1833783.250000
21688   -1833783.500000
21689   -1833783.500000
21690   -1833783.500000
21691   -1833783.625000
21692   -1833783.500000
21693   -1833783.625000
21694   -1833783.625000
21695   -1833783.750000
21696   -1833783.625000
21697   -1833783.750000
21698   -1833784.000000
21699   -1833784.000000
21700   -1833783.875000
21701   -1833784.000000
21702   -1833784.000000
21703   -1833784.000000
21704   -1833784.000000
21705   -1833784.125000
21706   -1833784.250000
21707   -1833784.250000
21708   -1833784.250000
21709   -1833784.375000
21710   -1833784.250000
21711   -1833784.500000
21712   -1833784.500000
21713   -1833784.375000
21714   -1833784.500000
21715   -1833784.500000
21716   -1833784.625000
21717   -1833784.625000
21718   -1833784.750000
21719   -1833784.625000
21720   -1833784.750000
21721   -1833784.875000
21722   -1833784.875000
21723   -1833784.875000
21724   -1833785.000000
21725   -1833785.000000
21726   -1833785.250000
21727   -1833785.125000
21728   -1833785.125000
21729   -1833785.125000
21730   -1833785.250000
21731   -1833785.125000
21732   -1833785.250000
21733   -1833785.250000
21734   -1833785.375000
21735   -1833785.375000
21736   -1833785.375000
21737   -1833785.500000
21738   -1833785.500000
21739   -1833785.625000
21740   -1833785.750000
21741   -1833785.750000
21742   -1833785.750000
21743   -1833785.875000
21744   -1833785.875000
21745   -1833785.875000
21746   -1833785.875000
21747   -1833785.875000
21748   -1833786.125000
21749   -1833786.250000
21750   -1833786.250000
21751   -1833786.250000
21752   -1833786.250000
21753   -1833786.250000
21754   -1833786.250000
21755   -1833786.375000
21756   -1833786.500000
21757   -1833786.500000
21758   -1833786.500000
21759   -1833786.625000
21760   -1833786.625000
21761   -1833786.875000
21762   -1833786.750000
21763   -1833786.750000
21764   -1833786.750000
21765   -1833787.000000
21766   -1833787.000000
21767   -1833787.000000
21768   -1833787.250000
21769   -1833787.250000
21770   -1833787.250000
21771   -1833787.375000
21772   -1833787.375000
21773   -1833787.375000
21774   -1833787.375000
21775   -1833787.500000
21776   -1833787.500000
21777   -1833787.750000
21778   -1833787.750000
21779   -1833787.750000
21780   -1833787.750000
21781   -1833788.000000
21782   -1833788.000000
21783   -1833788.000000
21784   -1833788.125000
21785   -1833788.250000
21786   -1833788.125000
21787   -1833788.375000
21788   -1833788.250000
21789   -1833788.500000
21790   -1833788.500000
21791   -1833788.500000
21792   -1833788.625000
21793   -1833788.750000
21794   -1833788.750000
21795   -1833788.750000
21796   -1833789.000000
21797   -1833789.000000
21798   -1833789.000000
21799   -1833789.125000
21800   -1833789.250000
21801   -1833789.375000
21802   -1833789.250000
21803   -1833789.250000
21804   -1833789.500000
21805   -1833789.500000
21806   -1833789.625000
21807   -1833789.750000
21808   -1833789.750000
21809   -1833789.875000
21810   -1833790.000000
21811   -1833790.125000
21812   -1833790.125000
21813   -1833790.125000
21814   -1833790.250000
21815   -1833790.250000
21816   -1833790.500000
21817   -1833790.500000
21818   -1833790.500000
21819   -1833790.625000
21820   -1833790.750000
21821   -1833790.875000
21822   -1833790.875000
21823   -1833790.875000
21824   -1833791.250000
21825   -1833791.250000
21826   -1833791.250000
21827   -1833791.500000
21828   -1833791.375000
21829   -1833791.500000
21830   -1833791.500000
21831   -1833791.625000
21832   -1833791.750000
21833   -1833791.750000
21834   -1833792.000000
21835   -1833792.250000
21836   -1833792.000000
21837   -1833792.250000
21838   -1833792.250000
21839   -1833792.375000
21840   -1833792.500000
21841   -1833792.750000
21842   -1833792.500000
21843   -1833792.750000
21844   -1833792.875000
21845   -1833793.000000
21846   -1833793.125000
21847   -1833793.125000
21848   -1833793.250000
21849   -1833793.375000
21850   -1833793.500000
21851   -1833793.625000
21852   -1833793.625000
21853   -1833793.750000
21854   -1833793.875000
21855   -1833794.000000
21856   -1833794.000000
21857   -1833794.250000
21858   -1833794.250000
21859   -1833794.375000
21860   -1833794.500000
21861   -1833794.500000
21862   -1833794.625000
21863   -1833794.750000
21864   -1833794.875000
21865   -1833795.125000
21866   -1833795.250000
21867   -1833795.250000
21868   -1833795.250000
21869   -1833795.500000
21870   -1833795.625000
21871   -1833795.625000
21872   -1833795.750000
21873   -1833795.875000
21874   -1833796.000000
21875   -1833796.000000
21876   -1833796.250000
21877   -1833796.250000
21878   -1833796.500000
21879   -1833796.625000
21880   -1833796.750000
21881   -1833796.750000
21882   -1833796.875000
21883   -1833797.125000
21884   -1833797.250000
21885   -1833797.250000
21886   -1833797.500000
21887   -1833797.500000
21888   -1833797.625000
21889   -1833797.750000
21890   -1833797.875000
21891   -1833797.875000
21892   -1833798.000000
21893   -1833798.125000
21894   -1833798.375000
21895   -1833798.250000
21896   -1833798.500000
21897   -1833798.625000
21898   -1833798.875000
21899   -1833798.875000
21900   -1833799.000000
21901   -1833799.250000
21902   -1833799.250000
21903   -1833799.250000
21904   -1833799.500000
21905   -1833799.625000
21906   -1833799.750000
21907   -1833800.000000
21908   -1833800.000000
21909   -1833800.000000
21910   -1833800.250000
21911   -1833800.375000
21912   -1833800.500000
21913   -1833800.625000
21914   -1833800.750000
21915   -1833801.000000
21916   -1833801.000000
21917   -1833801.125000
21918   -1833801.250000
21919   -1833801.500000
21920   -1833801.500000
21921   -1833801.750000
21922   -1833801.750000
21923   -1833801.875000
21924   -1833802.000000
21925   -1833802.125000
21926   -1833802.375000
21927   -1833802.375000
21928   -1833802.625000
21929   -1833802.750000
21930   -1833802.875000
21931   -1833802.875000
21932   -1833803.125000
21933   -1833803.250000
21934   -1833803.250000
21935   -1833803.500000
21936   -1833803.625000
21937   -1833803.750000
21938   -1833804.000000
21939   -1833804.000000
21940   -1833804.125000
21941   -1833804.250000
21942   -1833804.500000
21943   -1833804.500000
21944   -1833804.750000
21945   -1833805.000000
21946   -1833804.875000
21947   -1833805.250000
21948   -1833805.250000
21949   -1833805.500000
21950   -1833805.500000
21951   -1833805.625000
21952   -1833805.750000
21953   -1833806.000000
21954   -1833806.000000
21955   -1833806.125000
21956   -1833806.250000
21957   -1833806.500000
21958   -1833806.625000
21959   -1833806.625000
21960   -1833806.875000
21961   -1833807.000000
21962   -1833807.125000
21963   -1833807.250000
21964   -1833807.375000
21965   -1833807.500000
21966   -1833807.750000
21967   -1833807.750000
21968   -1833807.875000
21969   -1833808.125000
21970   -1833808.250000
21971   -1833808.500000
21972   -1833808.500000
21973   -1833808.500000
21974   -1833808.750000
21975   -1833808.875000
21976   -1833809.000000
21977   -1833809.250000
21978   -1833809.375000
21979   -1833809.500000
21980   -1833809.750000
21981   -1833809.750000
21982   -1833810.000000
21983   -1833810.000000
21984   -1833810.250000
21985   -1833810.375000
21986   -1833810.500000
21987   -1833810.625000
21988   -1833810.750000
21989   -1833810.875000
21990   -1833811.000000
21991   -1833811.250000
21992   -1833811.375000
21993   -1833811.500000
21994   -1833811.625000
21995   -1833811.750000
21996   -1833811.750000
21997   -1833812.000000
21998   -1833812.125000
21999   -1833812.250000
22000   -1833812.500000
22001   -1833812.750000
22002   -1833812.750000
22003   -1833813.000000
22004   -1833813.000000
22005   -1833813.250000
22006   -1833813.375000
22007   -1833813.500000
22008   -1833813.625000
22009   -1833813.750000
22010   -1833814.000000
22011   -1833814.000000
22012   -1833814.125000
22013   -1833814.250000
22014   -1833814.500000
22015   -1833814.500000
22016   -1833814.750000
22017   -1833814.875000
22018   -1833815.000000
22019   -1833815.125000
22020   -1833815.250000
22021   -1833815.375000
22022   -1833815.500000
22023   -1833815.750000
22024   -1833815.750000
22025   -1833816.000000
22026   -1833816.000000
22027   -1833816.250000
22028   -1833816.250000
22029   -1833816.500000
22030   -1833816.750000
22031   -1833816.750000
22032   -1833816.875000
22033   -1833817.000000
22034   -1833817.250000
22035   -1833817.250000
22036   -1833817.500000
22037   -1833817.625000
22038   -1833817.625000
22039   -1833817.750000
22040   -1833818.000000
22041   -1833818.000000
22042   -1833818.250000
22043   -1833818.250000
22044   -1833818.500000
22045   -1833818.500000
22046   -1833818.625000
22047   -1833818.750000
22048   -1833819.000000
22049   -1833819.000000
22050   -1833819.250000
22051   -1833819.250000
22052   -1833819.375000
22053   -1833819.500000
22054   -1833819.625000
22055   -1833819.750000
22056   -1833819.875000
22057   -1833820.000000
22058   -1833820.000000
22059   -1833820.250000
22060   -1833820.250000
22061   -1833820.375000
22062   -1833820.500000
22063   -1833820.500000
22064   -1833820.750000
22065   -1833820.875000
22066   -1833821.000000
22067   -1833821.000000
22068   -1833821.125000
22069   -1833821.250000
22070   -1833821.375000
22071   -1833821.500000
22072   -1833821.500000
22073   -1833821.750000
22074   -1833821.750000
22075   -1833821.875000
22076   -1833822.000000
22077   -1833822.000000
22078   -1833822.125000
22079   -1833822.250000
22080   -1833822.250000
22081   -1833822.500000
22082   -1833822.500000
22083   -1833822.750000
22084   -1833822.750000
22085   -1833822.750000
22086   -1833823.000000
22087   -1833823.000000
22088   -1833823.125000
22089   -1833823.250000
22090   -1833823.250000
22091   -1833823.250000
22092   -1833823.375000
22093   -1833823.500000
22094   -1833823.625000
22095   -1833823.500000
22096   -1833823.750000
22097   -1833823.750000
22098   -1833823.875000
22099   -1833824.125000
22100   -1833824.125000
22101   -1833824.250000
22102   -1833824.250000
22103   -1833824.250000
22104   -1833824.375000
22105   -1833824.500000
22106   -1833824.500000
22107   -1833824.625000
22108   -1833824.750000
22109   -1833824.750000
22110   -1833824.875000
22111   -1833825.000000
22112   -1833825.000000
22113   -1833825.000000
22114   -1833825.125000
22115   -1833825.250000
22116   -1833825.250000
22117   -1833825.250000
22118   -1833825.500000
22119   -1833825.500000
22120   -1833825.500000
22121   -1833825.625000
22122   -1833825.750000
22123   -1833825.750000
22124   -1833825.875000
22125   -1833825.875000
22126   -1833826.000000
22127   -1833826.000000
22128   -1833826.125000
22129   -1833826.125000
22130   -1833826.250000
22131   -1833826.375000
22132   -1833826.375000
22133   -1833826.500000
22134   -1833826.500000
22135   -1833826.500000
22136   -1833826.500000
22137   -1833826.750000
22138   -1833826.750000
22139   -1833826.750000
22140   -1833826.875000
22141   -1833826.875000
22142   -1833827.000000
22143   -1833827.000000
22144   -1833827.000000
22145   -1833827.125000
22146   -1833827.250000
22147   -1833827.250000
22148   -1833827.250000
22149   -1833827.375000
22150   -1833827.375000
22151   -1833827.500000
22152   -1833827.500000
22153   -1833827.500000
22154   -1833827.750000
22155   -1833827.750000
22156   -1833827.875000
22157   -1833827.750000
22158   -1833827.875000
22159   -1833827.875000
22160   -1833828.000000
22161   -1833828.000000
22162   -1833828.000000
22163   -1833828.000000
22164   -1833828.250000
22165   -1833828.250000
22166   -1833828.250000
22167   -1833828.250000
22168   -1833828.375000
22169   -1833828.500000
22170   -1833828.500000
22171   -1833828.500000
22172   -1833828.500000
22173   -1833828.625000
22174   -1833828.625000
22175   -1833828.750000
22176   -1833828.750000
22177   -1833828.750000
22178   -1833828.750000
22179   -1833828.750000
22180   -1833829.000000
22181   -1833829.000000
22182   -1833829.000000
22183   -1833829.000000
22184   -1833829.000000
22185   -1833829.125000
22186   -1833829.125000
22187   -1833829.250000
22188   -1833829.250000
22189   -1833829.250000
22190   -1833829.250000
22191   -1833829.250000
22192   -1833829.250000
22193   -1833829.375000
22194   -1833829.500000
22195   -1833829.500000
22196   -1833829.500000
22197   -1833829.500000
22198   -1833829.625000
22199   -1833829.500000
22200   -1833829.500000
22201   -1833829.750000
22202   -1833829.750000
22203   -1833829.750000
22204   -1833829.750000
22205   -1833829.875000
22206   -1833829.875000
22207   -1833829.875000
22208   -1833830.000000
22209   -1833830.000000
22210   -1833830.000000
22211   -1833830.000000
22212   -1833830.125000
22213   -1833830.125000
22214   -1833830.125000
22215   -1833830.250000
22216   -1833830.250000
22217   -1833830.250000
22218   -1833830.250000
22219   -1833830.250000
22220   -1833830.250000
22221   -1833830.500000
22222   -1833830.500000
22223   -1833830.500000
22224   -1833830.500000
22225   -1833830.500000
22226   -1833830.500000
22227   -1833830.625000
22228   -1833830.750000
22229   -1833830.750000
22230   -1833830.625000
22231   -1833830.750000
22232   -1833830.750000
22233   -1833830.750000
22234   -1833830.875000
22235   -1833831.000000
22236   -1833830.875000
22237   -1833831.000000
22238   -1833831.000000
22239   -1833831.000000
22240   -1833831.000000
22241   -1833831.125000
22242   -1833831.125000
22243   -1833831.250000
22244   -1833831.250000
22245   -1833831.250000
22246   -1833831.250000
22247   -1833831.375000
22248   -1833831.375000
22249   -1833831.250000
22250   -1833831.375000
22251   -1833831.500000
22252   -1833831.500000
22253   -1833831.500000
22254   -1833831.500000
22255   -1833831.625000
22256   -1833831.625000
22257   -1833831.625000
22258   -1833831.625000
22259   -1833831.750000
22260   -1833831.750000
22261   -1833831.750000
22262   -1833831.750000
22263   -1833831.750000
22264   -1833831.875000
22265   -1833832.000000
22266   -1833832.000000
22267   -1833832.000000
22268   -1833832.000000
22269   -1833832.125000
22270   -1833832.125000
22271   -1833832.250000
22272   -1833832.250000
22273   -1833832.250000
22274   -1833832.375000
22275   -1833832.375000
22276   -1833832.375000
22277   -1833832.500000
22278   -1833832.375000
22279   -1833832.500000
22280   -1833832.375000
22281   -1833832.500000
22282   -1833832.500000
22283   -1833832.625000
22284   -1833832.750000
22285   -1833832.625000
22286   -1833832.750000
22287   -1833832.750000
22288   -1833832.875000
22289   -1833832.875000
22290   -1833832.875000
22291   -1833833.000000
22292   -1833833.000000
22293   -1833833.000000
22294   -1833833.000000
22295   -1833833.000000
22296   -1833833.125000
22297   -1833833.125000
22298   -1833833.250000
22299   -1833833.250000
22300   -1833833.250000
22301   -1833833.250000
22302   -1833833.250000
22303   -1833833.375000
22304   -1833833.375000
22305   -1833833.500000
22306   -1833833.500000
22307   -1833833.500000
22308   -1833833.500000
22309   -1833833.625000
22310   -1833833.625000
22311   -1833833.750000
22312   -1833833.750000
22313   -1833833.750000
22314   -1833833.750000
22315   -1833833.750000
22316   -1833833.750000
22317   -1833833.750000
22318   -1833833.875000
22319   -1833833.875000
22320   -1833834.000000
22321   -1833834.000000
22322   -1833834.000000
22323   -1833834.000000
22324   -1833834.125000
22325   -1833834.250000
22326   -1833834.250000
22327   -1833834.250000
22328   -1833834.250000
22329   -1833834.375000
22330   -1833834.375000
22331   -1833834.500000
22332   -1833834.500000
22333   -1833834.500000
22334   -1833834.500000
22335   -1833834.500000
22336   -1833834.500000
22337   -1833834.500000
22338   -1833834.625000
22339   -1833834.625000
22340   -1833834.625000
22341   -1833834.750000
22342   -1833834.750000
22343   -1833834.750000
22344   -1833835.000000
22345   -1833834.875000
22346   -1833835.000000
22347   -1833835.125000
22348   -1833834.875000
22349   -1833835.000000
22350   -1833835.000000
22351   -1833835.125000
22352   -1833835.250000
22353   -1833835.250000
22354   -1833835.250000
22355   -1833835.250000
22356   -1833835.375000
22357   -1833835.375000
22358   -1833835.500000
22359   -1833835.250000
22360   -1833835.500000
22361   -1833835.500000
22362   -1833835.500000
22363   -1833835.625000
22364   -1833835.625000
22365   -1833835.625000
22366   -1833835.625000
22367   -1833835.750000
22368   -1833835.750000
22369   -1833835.750000
22370   -1833835.875000
22371   -1833836.000000
22372   -1833836.000000
22373   -1833836.000000
22374   -1833836.000000
22375   -1833836.000000
22376   -1833836.000000
22377   -1833836.125000
22378   -1833836.250000
22379   -1833836.125000
22380   -1833836.250000
22381   -1833836.250000
22382   -1833836.250000
22383   -1833836.250000
22384   -1833836.500000
22385   -1833836.375000
22386   -1833836.500000
22387   -1833836.500000
22388   -1833836.500000
22389   -1833836.500000
22390   -1833836.625000
22391   -1833836.750000
22392   -1833836.750000
22393   -1833836.750000
22394   -1833836.750000
22395   -1833836.750000
22396   -1833836.750000
22397   -1833836.875000
22398   -1833836.875000
22399   -1833837.000000
22400   -1833837.000000
22401   -1833837.000000
22402   -1833837.000000
22403   -1833837.125000
22404   -1833837.125000
22405   -1833837.250000
22406   -1833837.250000
22407   -1833837.250000
22408   -1833837.375000
22409   -1833837.375000
22410   -1833837.375000
22411   -1833837.375000
22412   -1833837.500000
22413   -1833837.500000
22414   -1833837.500000
22415   -1833837.500000
22416   -1833837.500000
22417   -1833837.625000
22418   -1833837.750000
22419   -1833837.750000
22420   -1833837.750000
22421   -1833837.750000
22422   -1833837.875000
22423   -1833838.000000
22424   -1833837.875000
22425   -1833837.875000
22426   -1833838.125000
22427   -1833838.000000
22428   -1833838.000000
22429   -1833838.125000
22430   -1833838.250000
22431   -1833838.250000
22432   -1833838.250000
22433   -1833838.250000
22434   -1833838.500000
22435   -1833838.375000
22436   -1833838.500000
22437   -1833838.500000
22438   -1833838.375000
22439   -1833838.500000
22440   -1833838.500000
22441   -1833838.750000
22442   -1833838.625000
22443   -1833838.750000
22444   -1833838.750000
22445   -1833838.750000
22446   -1833838.750000
22447   -1833838.875000
22448   -1833838.875000
22449   -1833838.875000
22450   -1833839.000000
22451   -1833839.000000
22452   -1833839.000000
22453   -1833839.125000
22454   -1833839.125000
22455   -1833839.250000
22456   -1833839.250000
22457   -1833839.250000
22458   -1833839.250000
22459   -1833839.250000
22460   -1833839.375000
22461   -1833839.375000
22462   -1833839.375000
22463   -1833839.500000
22464   -1833839.500000
22465   -1833839.500000
22466   -1833839.500000
22467   -1833839.625000
22468   -1833839.750000
22469   -1833839.750000
22470   -1833839.750000
22471   -1833839.750000
22472   -1833839.875000
22473   -1833839.875000
22474   -1833840.000000
22475   -1833840.000000
22476   -1833840.000000
22477   -1833840.000000
22478   -1833840.000000
22479   -1833840.125000
22480   -1833840.125000
22481   -1833840.250000
22482   -1833840.250000
22483   -1833840.250000
22484   -1833840.250000
22485   -1833840.250000
22486   -1833840.375000
22487   -1833840.500000
22488   -1833840.375000
22489   -1833840.500000
22490   -1833840.500000
22491   -1833840.500000
22492   -1833840.625000
22493   -1833840.625000
22494   -1833840.750000
22495   -1833840.750000
22496   -1833840.750000
22497   -1833840.750000
22498   -1833840.750000
22499   -1833840.875000
22500   -1833841.000000
22501   -1833841.000000
22502   -1833841.000000
22503   -1833841.000000
22504   -1833841.125000
22505   -1833841.125000
22506   -1833841.250000
22507   -1833841.250000
22508   -1833841.250000
22509   -1833841.250000
22510   -1833841.250000
22511   -1833841.375000
22512   -1833841.375000
22513   -1833841.375000
22514   -1833841.500000
22515   -1833841.500000
22516   -1833841.500000
22517   -1833841.500000
22518   -1833841.625000
22519   -1833841.750000
22520   -1833841.750000
22521   -1833841.750000
22522   -1833841.875000
22523   -1833841.875000
22524   -1833841.875000
22525   -1833841.750000
22526   -1833842.000000
22527   -1833842.000000
22528   -1833842.000000
22529   -1833842.250000
22530   -1833842.000000
22531   -1833842.000000
22532   -1833842.250000
22533   -1833842.250000
22534   -1833842.375000
22535   -1833842.250000
22536   -1833842.375000
22537   -1833842.500000
22538   -1833842.500000
22539   -1833842.500000
22540   -1833842.500000
22541   -1833842.500000
22542   -1833842.625000
22543   -1833842.625000
22544   -1833842.625000
22545   -1833842.750000
22546   -1833842.750000
22547   -1833842.750000
22548   -1833842.750000
22549   -1833842.750000
22550   -1833842.875000
22551   -1833843.000000
22552   -1833843.000000
22553   -1833843.125000
22554   -1833843.250000
22555   -1833843.250000
22556   -1833843.250000
22557   -1833843.250000
22558   -1833843.250000
22559   -1833843.500000
22560   -1833843.500000
22561   -1833843.500000
22562   -1833843.625000
22563   -1833843.500000
22564   -1833843.500000
22565   -1833843.625000
22566   -1833843.750000
22567   -1833843.750000
22568   -1833843.875000
22569   -1833844.000000
22570   -1833843.875000
22571   -1833844.000000
22572   -1833844.125000
22573   -1833844.000000
22574   -1833844.125000
22575   -1833844.125000
22576   -1833844.125000
22577   -1833844.250000
22578   -1833844.250000
22579   -1833844.500000
22580   -1833844.375000
22581   -1833844.375000
22582   -1833844.625000
22583   -1833844.500000
22584   -1833844.625000
22585   -1833844.750000
22586   -1833844.750000
22587   -1833844.750000
22588   -1833844.875000
22589   -1833844.875000
22590   -1833845.000000
22591   -1833845.000000
22592   -1833845.125000
22593   -1833845.000000
22594   -1833845.250000
22595   -1833845.250000
22596   -1833845.250000
22597   -1833845.375000
22598   -1833845.375000
22599   -1833845.375000
22600   -1833845.500000
22601   -1833845.500000
22602   -1833845.625000
22603   -1833845.750000
22604   -1833845.750000
22605   -1833845.875000
22606   -1833846.000000
22607   -1833846.000000
22608   -1833846.000000
22609   -1833846.000000
22610   -1833846.125000
22611   -1833846.250000
22612   -1833846.250000
22613   -1833846.250000
22614   -1833846.375000
22615   -1833846.500000
22616   -1833846.625000
22617   -1833846.500000
22618   -1833846.750000
22619   -1833846.750000
22620   -1833846.750000
22621   -1833846.875000
22622   -1833847.000000
22623   -1833847.125000
22624   -1833847.000000
22625   -1833847.125000
22626   -1833847.250000
22627   -1833847.375000
22628   -1833847.375000
22629   -1833847.500000
22630   -1833847.500000
22631   -1833847.625000
22632   -1833847.750000
22633   -1833847.875000
22634   -1833848.000000
22635   -1833848.000000
22636   -1833848.000000
22637   -1833848.125000
22638   -1833848.250000
22639   -1833848.250000
22640   -1833848.375000
22641   -1833848.500000
22642   -1833848.500000
22643   -1833848.750000
22644   -1833848.750000
22645   -1833848.750000
22646   -1833848.875000
22647   -1833849.000000
22648   -1833849.000000
22649   -1833849.125000
22650   -1833849.250000
22651   -1833849.375000
22652   -1833849.500000
22653   -1833849.500000
22654   -1833849.750000
22655   -1833849.750000
22656   -1833849.750000
22657   -1833850.000000
22658   -1833850.000000
22659   -1833850.125000
22660   -1833850.125000
22661   -1833850.250000
22662   -1833850.375000
22663   -1833850.500000
22664   -1833850.750000
22665   -1833850.750000
22666   -1833850.750000
22667   -1833850.875000
22668   -1833851.000000
22669   -1833851.250000
22670   -1833851.250000
22671   -1833851.250000
22672   -1833851.500000
22673   -1833851.500000
22674   -1833851.750000
22675   -1833851.750000
22676   -1833852.000000
22677   -1833852.000000
22678   -1833852.250000
22679   -1833852.250000
22680   -1833852.375000
22681   -1833852.500000
22682   -1833852.625000
22683   -1833852.875000
22684   -1833853.000000
22685   -1833853.000000
22686   -1833853.125000
22687   -1833853.250000
22688   -1833853.500000
22689   -1833853.500000
22690   -1833853.750000
22691   -1833853.750000
22692   -1833854.000000
22693   -1833854.000000
22694   -1833854.125000
22695   -1833854.375000
22696   -1833854.500000
22697   -1833854.500000
22698   -1833854.750000
22699   -1833854.875000
22700   -1833855.000000
22701   -1833855.125000
22702   -1833855.250000
22703   -1833855.500000
22704   -1833855.500000
22705   -1833855.750000
22706   -1833855.750000
22707   -1833856.000000
22708   -1833856.000000
22709   -1833856.250000
22710   -1833856.500000
22711   -1833856.500000
22712   -1833856.750000
22713   -1833856.750000
22714   -1833857.000000
22715   -1833857.250000
22716   -1833857.250000
22717   -1833857.500000
22718   -1833857.625000
22719   -1833857.750000
22720   -1833858.000000
22721   -1833858.000000
22722   -1833858.250000
22723   -1833858.500000
22724   -1833858.500000
22725   -1833858.750000
22726   -1833859.000000
22727   -1833859.125000
22728   -1833859.250000
22729   -1833859.500000
22730   -1833859.500000
22731   -1833859.750000
22732   -1833859.875000
22733   -1833860.000000
22734   -1833860.250000
22735   -1833860.375000
22736   -1833860.625000
22737   -1833860.750000
22738   -1833860.875000
22739   -1833861.000000
22740   -1833861.250000
22741   -1833861.375000
22742   -1833861.500000
22743   -1833861.750000
22744   -1833861.875000
22745   -1833862.000000
22746   -1833862.250000
22747   -1833862.500000
22748   -1833862.625000
22749   -1833862.750000
22750   -1833863.000000
22751   -1833863.125000
22752   -1833863.250000
22753   -1833863.500000
22754   -1833863.625000
22755   -1833863.750000
22756   -1833864.000000
22757   -1833864.125000
22758   -1833864.250000
22759   -1833864.625000
22760   -1833864.750000
22761   -1833864.750000
22762   -1833865.125000
22763   -1833865.250000
22764   -1833865.500000
22765   -1833865.500000
22766   -1833865.750000
22767   -1833865.875000
22768   -1833866.125000
22769   -1833866.250000
22770   -1833866.375000
22771   -1833866.625000
22772   -1833866.750000
22773   -1833867.000000
22774   -1833867.250000
22775   -1833867.250000
22776   -1833867.500000
22777   -1833867.750000
22778   -1833867.875000
22779   -1833868.125000
22780   -1833868.250000
22781   -1833868.500000
22782   -1833868.500000
22783   -1833868.750000
22784   -1833869.000000
22785   -1833869.125000
22786   -1833869.250000
22787   -1833869.500000
22788   -1833869.750000
22789   -1833869.750000
22790   -1833870.000000
22791   -1833870.250000
22792   -1833870.375000
22793   -1833870.500000
22794   -1833870.750000
22795   -1833871.000000
22796   -1833871.000000
22797   -1833871.250000
22798   -1833871.250000
22799   -1833871.500000
22800   -1833871.750000
22801   -1833872.000000
22802   -1833872.000000
22803   -1833872.250000
22804   -1833872.500000
22805   -1833872.500000
22806   -1833872.750000
22807   -1833872.875000
22808   -1833873.000000
22809   -1833873.250000
22810   -1833873.375000
22811   -1833873.500000
22812   -1833873.750000
22813   -1833873.875000
22814   -1833874.125000
22815   -1833874.250000
22816   -1833874.500000
22817   -1833874.625000
22818   -1833874.750000
22819   -1833874.875000
22820   -1833875.125000
22821   -1833875.250000
22822   -1833875.500000
22823   -1833875.625000
22824   -1833875.750000
22825   -1833876.000000
22826   -1833876.000000
22827   -1833876.250000
22828   -1833876.375000
22829   -1833876.625000
22830   -1833876.750000
22831   -1833876.875000
22832   -1833877.000000
22833   -1833877.250000
22834   -1833877.375000
22835   -1833877.500000
22836   -1833877.750000
22837   -1833878.000000
22838   -1833878.000000
22839   -1833878.250000
22840   -1833878.250000
22841   -1833878.500000
22842   -1833878.750000
22843   -1833878.750000
22844   -1833879.000000
22845   -1833879.250000
22846   -1833879.250000
22847   -1833879.500000
22848   -1833879.500000
22849   -1833879.750000
22850   -1833880.000000
22851   -1833880.125000
22852   -1833880.250000
22853   -1833880.500000
22854   -1833880.500000
22855   -1833880.750000
22856   -1833880.875000
22857   -1833881.000000
22858   -1833881.125000
22859   -1833881.375000
22860   -1833881.500000
22861   -1833881.625000
22862   -1833881.875000
22863   -1833882.000000
22864   -1833882.000000
22865   -1833882.250000
22866   -1833882.375000
22867   -1833882.500000
22868   -1833882.625000
22869   -1833882.875000
22870   -1833883.000000
22871   -1833883.125000
22872   -1833883.250000
22873   -1833883.500000
22874   -1833883.500000
22875   -1833883.750000
22876   -1833884.000000
22877   -1833884.000000
22878   -1833884.250000
22879   -1833884.375000
22880   -1833884.500000
22881   -1833884.625000
22882   -1833884.750000
22883   -1833885.000000
22884   -1833885.000000
22885   -1833885.250000
22886   -1833885.250000
22887   -1833885.500000
22888   -1833885.500000
22889   -1833885.750000
22890   -1833886.000000
22891   -1833886.000000
22892   -1833886.250000
22893   -1833886.250000
22894   -1833886.500000
22895   -1833886.750000
22896   -1833886.750000
22897   -1833887.000000
22898   -1833887.000000
22899   -1833887.250000
22900   -1833887.250000
22901   -1833887.500000
22902   -1833887.500000
22903   -1833887.750000
22904   -1833887.875000
22905   -1833888.000000
22906   -1833888.125000
22907   -1833888.250000
22908   -1833888.500000
22909   -1833888.500000
22910   -1833888.750000
22911   -1833888.750000
22912   -1833888.875000
22913   -1833889.000000
22914   -1833889.000000
22915   -1833889.375000
22916   -1833889.500000
22917   -1833889.500000
22918   -1833889.750000
22919   -1833889.750000
22920   -1833889.875000
22921   -1833890.000000
22922   -1833890.000000
22923   -1833890.250000
22924   -1833890.250000
22925   -1833890.500000
22926   -1833890.625000
22927   -1833890.750000
22928   -1833890.875000
22929   -1833891.000000
22930   -1833891.125000
22931   -1833891.375000
22932   -1833891.500000
22933   -1833891.500000
22934   -1833891.500000
22935   -1833891.750000
22936   -1833892.000000
22937   -1833892.000000
22938   -1833892.125000
22939   -1833892.125000
22940   -1833892.250000
22941   -1833892.500000
22942   -1833892.500000
22943   -1833892.625000
22944   -1833892.750000
22945   -1833892.875000
22946   -1833893.000000
22947   -1833893.125000
22948   -1833893.250000
22949   -1833893.375000
22950   -1833893.500000
22951   -1833893.625000
22952   -1833893.625000
22953   -1833893.750000
22954   -1833894.000000
22955   -1833894.000000
22956   -1833894.000000
22957   -1833894.250000
22958   -1833894.250000
22959   -1833894.500000
22960   -1833894.500000
22961   -1833894.750000
22962   -1833894.875000
22963   -1833894.875000
22964   -1833895.000000
22965   -1833895.000000
22966   -1833895.250000
22967   -1833895.250000
22968   -1833895.375000
22969   -1833895.500000
22970   -1833895.750000
22971   -1833895.625000
22972   -1833895.875000
22973   -1833895.750000
22974   -1833895.875000
22975   -1833896.000000
22976   -1833896.125000
22977   -1833896.250000
22978   -1833896.250000
22979   -1833896.375000
22980   -1833896.500000
22981   -1833896.750000
22982   -1833896.750000
22983   -1833896.750000
22984   -1833896.750000
22985   -1833897.000000
22986   -1833897.000000
22987   -1833897.250000
22988   -1833897.250000
22989   -1833897.375000
22990   -1833897.375000
22991   -1833897.500000
22992   -1833897.500000
22993   -1833897.625000
22994   -1833897.875000
22995   -1833897.875000
22996   -1833898.000000
22997   -1833898.000000
22998   -1833898.000000
22999   -1833898.125000
23000   -1833898.250000
23001   -1833898.250000
23002   -1833898.500000
23003   -1833898.500000
23004   -1833898.500000
23005   -1833898.750000
23006   -1833898.750000
23007   -1833898.750000
23008   -1833898.875000
23009   -1833899.000000
23010   -1833899.125000
23011   -1833899.125000
23012   -1833899.250000
23013   -1833899.250000
23014   -1833899.375000
23015   -1833899.500000
23016   -1833899.500000
23017   -1833899.625000
23018   -1833899.750000
23019   -1833899.625000
23020   -1833899.875000
23021   -1833899.875000
23022   -1833900.000000
23023   -1833900.125000
23024   -1833900.000000
23025   -1833900.250000
23026   -1833900.250000
23027   -1833900.250000
23028   -1833900.500000
23029   -1833900.500000
23030   -1833900.500000
23031   -1833900.500000
23032   -1833900.750000
23033   -1833900.750000
23034   -1833901.000000
23035   -1833901.000000
23036   -1833900.875000
23037   -1833901.000000
23038   -1833901.125000
23039   -1833901.250000
23040   -1833901.250000
23041   -1833901.250000
23042   -1833901.375000
23043   -1833901.375000
23044   -1833901.625000
23045   -1833901.500000
23046   -1833901.750000
23047   -1833901.750000
23048   -1833901.875000
23049   -1833902.000000
23050   -1833902.000000
23051   -1833902.000000
23052   -1833902.000000
23053   -1833902.000000
23054   -1833902.375000
23055   -1833902.250000
23056   -1833902.500000
23057   -1833902.375000
23058   -1833902.500000
23059   -1833902.625000
23060   -1833902.750000
23061   -1833902.750000
23062   -1833902.750000
23063   -1833903.000000
23064   -1833903.000000
23065   -1833903.000000
23066   -1833903.000000
23067   -1833903.000000
23068   -1833903.250000
23069   -1833903.250000
23070   -1833903.500000
23071   -1833903.500000
23072   -1833903.500000
23073   -1833903.500000
23074   -1833903.500000
23075   -1833903.625000
23076   -1833903.750000
23077   -1833903.750000
23078   -1833904.000000
23079   -1833904.000000
23080   -1833904.000000
23081   -1833904.125000
23082   -1833904.125000
23083   -1833904.375000
23084   -1833904.250000
23085   -1833904.250000
23086   -1833904.250000
23087   -1833904.500000
23088   -1833904.750000
23089   -1833904.750000
23090   -1833904.750000
23091   -1833904.750000
23092   -1833904.875000
23093   -1833904.875000
23094   -1833905.000000
23095   -1833905.125000
23096   -1833905.250000
23097   -1833905.125000
23098   -1833905.250000
23099   -1833905.500000
23100   -1833905.500000
23101   -1833905.500000
23102   -1833905.500000
23103   -1833905.625000
23104   -1833905.750000
23105   -1833905.750000
23106   -1833905.875000
23107   -1833906.000000
23108   -1833906.125000
23109   -1833906.250000
23110   -1833906.125000
23111   -1833906.375000
23112   -1833906.375000
23113   -1833906.500000
23114   -1833906.500000
23115   -1833906.625000
23116   -1833906.750000
23117   -1833906.750000
23118   -1833906.750000
23119   -1833906.875000
23120   -1833907.000000
23121   -1833907.000000
23122   -1833907.250000
23123   -1833907.250000
23124   -1833907.250000
23125   -1833907.500000
23126   -1833907.500000
23127   -1833907.500000
23128   -1833907.750000
23129   -1833907.625000
23130   -1833907.750000
23131   -1833908.000000
23132   -1833908.000000
23133   -1833908.000000
23134   -1833908.000000
23135   -1833908.250000
23136   -1833908.250000
23137   -1833908.375000
23138   -1833908.500000
23139   -1833908.500000
23140   -1833908.500000
23141   -1833908.750000
23142   -1833908.750000
23143   -1833908.750000
23144   -1833909.000000
23145   -1833909.000000
23146   -1833909.250000
23147   -1833909.250000
23148   -1833909.125000
23149   -1833909.250000
23150   -1833909.500000
23151   -1833909.375000
23152   -1833909.625000
23153   -1833909.750000
23154   -1833909.750000
23155   -1833910.000000
23156   -1833910.000000
23157   -1833910.000000
23158   -1833910.250000
23159   -1833910.125000
23160   -1833910.250000
23161   -1833910.375000
23162   -1833910.500000
23163   -1833910.500000
23164   -1833910.750000
23165   -1833910.750000
23166   -1833911.000000
23167   -1833910.875000
23168   -1833911.000000
23169   -1833911.000000
23170   -1833911.125000
23171   -1833911.250000
23172   -1833911.500000
23173   -1833911.500000
23174   -1833911.500000
23175   -1833911.625000
23176   -1833911.750000
23177   -1833911.750000
23178   -1833912.000000
23179   -1833912.000000
23180   -1833912.125000
23181   -1833912.250000
23182   -1833912.375000
23183   -1833912.500000
23184   -1833912.625000
23185   -1833912.750000
23186   -1833912.750000
23187   -1833912.875000
23188   -1833913.000000
23189   -1833913.000000
23190   -1833913.250000
23191   -1833913.250000
23192   -1833913.250000
23193   -1833913.500000
23194   -1833913.625000
23195   -1833913.625000
23196   -1833913.750000
23197   -1833913.750000
23198   -1833914.000000
23199   -1833914.000000
23200   -1833914.250000
23201   -1833914.250000
23202   -1833914.500000
23203   -1833914.500000
23204   -1833914.625000
23205   -1833914.500000
23206   -1833914.750000
23207   -1833915.000000
23208   -1833915.000000
23209   -1833915.125000
23210   -1833915.250000
23211   -1833915.250000
23212   -1833915.500000
23213   -1833915.500000
23214   -1833915.750000
23215   -1833915.750000
23216   -1833915.875000
23217   -1833916.000000
23218   -1833916.250000
23219   -1833916.250000
23220   -1833916.500000
23221   -1833916.375000
23222   -1833916.750000
23223   -1833916.750000
23224   -1833916.875000
23225   -1833917.000000
23226   -1833917.000000
23227   -1833917.250000
23228   -1833917.250000
23229   -1833917.500000
23230   -1833917.625000
23231   -1833917.750000
23232   -1833917.750000
23233   -1833918.000000
23234   -1833918.000000
23235   -1833918.250000
23236   -1833918.250000
23237   -1833918.375000
23238   -1833918.500000
23239   -1833918.625000
23240   -1833918.625000
23241   -1833918.750000
23242   -1833919.000000
23243   -1833919.125000
23244   -1833919.125000
23245   -1833919.375000
23246   -1833919.375000
23247   -1833919.625000
23248   -1833919.750000
23249   -1833920.000000
23250   -1833920.000000
23251   -1833920.000000
23252   -1833920.250000
23253   -1833920.375000
23254   -1833920.375000
23255   -1833920.500000
23256   -1833920.625000
23257   -1833920.750000
23258   -1833920.875000
23259   -1833921.125000
23260   -1833921.125000
23261   -1833921.250000
23262   -1833921.500000
23263   -1833921.500000
23264   -1833921.750000
23265   -1833921.750000
23266   -1833921.750000
23267   -1833922.000000
23268   -1833922.125000
23269   -1833922.250000
23270   -1833922.375000
23271   -1833922.375000
23272   -1833922.625000
23273   -1833922.625000
23274   -1833922.875000
23275   -1833922.875000
23276   -1833923.000000
23277   -1833923.250000
23278   -1833923.500000
23279   -1833923.500000
23280   -1833923.625000
23281   -1833923.750000
23282   -1833923.750000
23283   -1833924.000000
23284   -1833924.000000
23285   -1833924.375000
23286   -1833924.500000
23287   -1833924.625000
23288   -1833924.500000
23289   -1833924.750000
23290   -1833924.875000
23291   -1833925.000000
23292   -1833925.000000
23293   -1833925.000000
23294   -1833925.375000
23295   -1833925.500000
23296   -1833925.625000
23297   -1833925.875000
23298   -1833926.000000
23299   -1833926.000000
23300   -1833926.125000
23301   -1833926.250000
23302   -1833926.250000
23303   -1833926.500000
23304   -1833926.625000
23305   -1833926.750000
23306   -1833926.875000
23307   -1833927.000000
23308   -1833927.125000
23309   -1833927.250000
23310   -1833927.500000
23311   -1833927.500000
23312   -1833927.625000
23313   -1833927.750000
23314   -1833927.875000
23315   -1833928.250000
23316   -1833928.250000
23317   -1833928.250000
23318   -1833928.500000
23319   -1833928.625000
23320   -1833928.750000
23321   -1833929.000000
23322   -1833929.000000
23323   -1833929.250000
23324   -1833929.375000
23325   -1833929.500000
23326   -1833929.625000
23327   -1833929.750000
23328   -1833929.750000
23329   -1833929.750000
23330   -1833930.125000
23331   -1833930.250000
23332   -1833930.250000
23333   -1833930.500000
23334   -1833930.625000
23335   -1833930.750000
23336   -1833930.750000
23337   -1833931.000000
23338   -1833931.125000
23339   -1833931.375000
23340   -1833931.500000
23341   -1833931.750000
23342   -1833931.750000
23343   -1833931.875000
23344   -1833932.125000
23345   -1833932.000000
23346   -1833932.250000
23347   -1833932.500000
23348   -1833932.750000
23349   -1833932.750000
23350   -1833932.875000
23351   -1833933.000000
23352   -1833933.250000
23353   -1833933.500000
23354   -1833933.500000
23355   -1833933.750000
23356   -1833933.750000
23357   -1833933.875000
23358   -1833934.000000
23359   -1833934.125000
23360   -1833934.500000
23361   -1833934.500000
23362   -1833934.750000
23363   -1833934.875000
23364   -1833935.000000
23365   -1833935.000000
23366   -1833935.375000
23367   -1833935.500000
23368   -1833935.625000
23369   -1833935.750000
23370   -1833936.000000
23371   -1833936.000000
23372   -1833936.250000
23373   -1833936.375000
23374   -1833936.625000
23375   -1833936.500000
23376   -1833936.750000
23377   -1833937.000000
23378   -1833937.125000
23379   -1833937.250000
23380   -1833937.500000
23381   -1833937.625000
23382   -1833937.625000
23383   -1833937.750000
23384   -1833938.125000
23385   -1833938.250000
23386   -1833938.250000
23387   -1833938.625000
23388   -1833938.750000
23389   -1833938.750000
23390   -1833939.000000
23391   -1833939.000000
23392   -1833939.250000
23393   -1833939.500000
23394   -1833939.500000
23395   -1833939.750000
23396   -1833939.750000
23397   -1833940.000000
23398   -1833940.250000
23399   -1833940.500000
23400   -1833940.500000
23401   -1833940.750000
23402   -1833940.750000
23403   -1833941.125000
23404   -1833941.125000
23405   -1833941.250000
23406   -1833941.375000
23407   -1833941.500000
23408   -1833941.750000
23409   -1833941.875000
23410   -1833942.125000
23411   -1833942.125000
23412   -1833942.375000
23413   -1833942.625000
23414   -1833942.750000
23415   -1833942.875000
23416   -1833943.000000
23417   -1833943.250000
23418   -1833943.250000
23419   -1833943.500000
23420   -1833943.750000
23421   -1833943.750000
23422   -1833943.750000
23423   -1833944.000000
23424   -1833944.250000
23425   -1833944.250000
23426   -1833944.500000
23427   -1833944.750000
23428   -1833944.875000
23429   -1833945.125000
23430   -1833945.375000
23431   -1833945.500000
23432   -1833945.500000
23433   -1833945.750000
23434   -1833945.875000
23435   -1833946.000000
23436   -1833946.250000
23437   -1833946.250000
23438   -1833946.625000
23439   -1833946.625000
23440   -1833946.750000
23441   -1833947.000000
23442   -1833947.000000
23443   -1833947.375000
23444   -1833947.250000
23445   -1833947.750000
23446   -1833947.750000
23447   -1833947.875000
23448   -1833948.125000
23449   -1833948.125000
23450   -1833948.500000
23451   -1833948.500000
23452   -1833948.750000
23453   -1833948.875000
23454   -1833949.000000
23455   -1833949.125000
23456   -1833949.375000
23457   -1833949.500000
23458   -1833949.625000
23459   -1833949.750000
23460   -1833950.000000
23461   -1833950.125000
23462   -1833950.250000
23463   -1833950.375000
23464   -1833950.500000
23465   -1833950.625000
23466   -1833950.750000
23467   -1833950.875000
23468   -1833951.250000
23469   -1833951.250000
23470   -1833951.500000
23471   -1833951.500000
23472   -1833951.750000
23473   -1833951.875000
23474   -1833952.000000
23475   -1833952.000000
23476   -1833952.250000
23477   -1833952.500000
23478   -1833952.500000
23479   -1833952.875000
23480   -1833953.000000
23481   -1833953.125000
23482   -1833953.250000
23483   -1833953.250000
23484   -1833953.500000
23485   -1833953.750000
23486   -1833953.625000
23487   -1833954.125000
23488   -1833954.000000
23489   -1833954.250000
23490   -1833954.250000
23491   -1833954.500000
23492   -1833954.625000
23493   -1833955.000000
23494   -1833955.000000
23495   -1833955.250000
23496   -1833955.250000
23497   -1833955.500000
23498   -1833955.750000
23499   -1833955.750000
23500   -1833955.875000
23501   -1833956.000000
23502   -1833956.250000
23503   -1833956.250000
23504   -1833956.500000
23505   -1833956.625000
23506   -1833956.750000
23507   -1833957.000000
23508   -1833957.000000
23509   -1833957.250000
23510   -1833957.250000
23511   -1833957.625000
23512   -1833957.625000
23513   -1833958.000000
23514   -1833958.000000
23515   -1833958.250000
23516   -1833958.250000
23517   -1833958.375000
23518   -1833958.625000
23519   -1833958.750000
23520   -1833958.875000
23521   -1833959.000000
23522   -1833959.250000
23523   -1833959.250000
23524   -1833959.500000
23525   -1833959.750000
23526   -1833959.750000
23527   -1833960.000000
23528   -1833960.000000
23529   -1833960.250000
23530   -1833960.500000
23531   -1833960.500000
23532   -1833960.750000
23533   -1833960.875000
23534   -1833961.000000
23535   -1833961.000000
23536   -1833961.375000
23537   -1833961.500000
23538   -1833961.500000
23539   -1833961.750000
23540   -1833961.875000
23541   -1833962.000000
23542   -1833962.250000
23543   -1833962.500000
23544   -1833962.500000
23545   -1833962.750000
23546   -1833962.750000
23547   -1833963.000000
23548   -1833963.125000
23549   -1833963.250000
23550   -1833963.500000
23551   -1833963.750000
23552   -1833963.750000
23553   -1833964.000000
23554   -1833964.000000
23555   -1833964.250000
23556   -1833964.250000
23557   -1833964.625000
23558   -1833964.625000
23559   -1833965.000000
23560   -1833964.875000
23561   -1833965.125000
23562   -1833965.250000
23563   -1833965.500000
23564   -1833965.500000
23565   -1833965.875000
23566   -1833966.000000
23567   -1833966.125000
23568   -1833966.125000
23569   -1833966.500000
23570   -1833966.500000
23571   -1833966.750000
23572   -1833966.875000
23573   -1833967.000000
23574   -1833967.250000
23575   -1833967.500000
23576   -1833967.500000
23577   -1833967.750000
23578   -1833968.000000
23579   -1833968.000000
23580   -1833968.375000
23581   -1833968.500000
23582   -1833968.625000
23583   -1833968.750000
23584   -1833968.875000
23585   -1833969.125000
23586   -1833969.250000
23587   -1833969.250000
23588   -1833969.500000
23589   -1833969.625000
23590   -1833970.000000
23591   -1833970.000000
23592   -1833970.250000
23593   -1833970.250000
23594   -1833970.500000
23595   -1833970.750000
23596   -1833970.875000
23597   -1833971.125000
23598   -1833971.250000
23599   -1833971.500000
23600   -1833971.625000
23601   -1833971.750000
23602   -1833971.875000
23603   -1833972.000000
23604   -1833972.250000
23605   -1833972.375000
23606   -1833972.625000
23607   -1833972.750000
23608   -1833973.000000
23609   -1833973.250000
23610   -1833973.375000
23611   -1833973.500000
23612   -1833973.625000
23613   -1833973.750000
23614   -1833974.000000
23615   -1833974.250000
23616   -1833974.500000
23617   -1833974.625000
23618   -1833974.750000
23619   -1833975.000000
23620   -1833975.000000
23621   -1833975.250000
23622   -1833975.500000
23623   -1833975.625000
23624   -1833975.875000
23625   -1833976.000000
23626   -1833976.250000
23627   -1833976.500000
23628   -1833976.750000
23629   -1833976.875000
23630   -1833977.000000
23631   -1833977.250000
23632   -1833977.500000
23633   -1833977.500000
23634   -1833977.875000
23635   -1833978.000000
23636   -1833978.000000
23637   -1833978.250000
23638   -1833978.500000
23639   -1833978.750000
23640   -1833978.750000
23641   -1833979.125000
23642   -1833979.250000
23643   -1833979.500000
23644   -1833979.500000
23645   -1833979.875000
23646   -1833980.125000
23647   -1833980.250000
23648   -1833980.500000
23649   -1833980.625000
23650   -1833980.750000
23651   -1833981.000000
23652   -1833981.250000
23653   -1833981.500000
23654   -1833981.625000
23655   -1833981.875000
23656   -1833982.000000
23657   -1833982.250000
23658   -1833982.500000
23659   -1833982.625000
23660   -1833983.000000
23661   -1833983.250000
23662   -1833983.250000
23663   -1833983.500000
23664   -1833983.750000
23665   -1833984.000000
23666   -1833984.250000
23667   -1833984.375000
23668   -1833984.500000
23669   -1833984.875000
23670   -1833985.250000
23671   -1833985.250000
23672   -1833985.500000
23673   -1833985.750000
23674   -1833985.875000
23675   -1833986.250000
23676   -1833986.500000
23677   -1833986.750000
23678   -1833986.875000
23679   -1833987.250000
23680   -1833987.500000
23681   -1833987.500000
23682   -1833987.875000
23683   -1833988.125000
23684   -1833988.375000
23685   -1833988.500000
23686   -1833988.750000
23687   -1833989.000000
23688   -1833989.375000
23689   -1833989.500000
23690   -1833989.750000
23691   -1833990.000000
23692   -1833990.250000
23693   -1833990.625000
23694   -1833990.875000
23695   -1833991.000000
23696   -1833991.375000
23697   -1833991.625000
23698   -1833991.750000
23699   -1833992.000000
23700   -1833992.250000
23701   -1833992.750000
23702   -1833992.875000
23703   -1833993.125000
23704   -1833993.375000
23705   -1833993.625000
23706   -1833993.750000
23707   -1833994.250000
23708   -1833994.500000
23709   -1833994.750000
23710   -1833995.000000
23711   -1833995.250000
23712   -1833995.500000
23713   -1833995.750000
23714   -1833996.125000
23715   -1833996.125000
23716   -1833996.500000
23717   -1833996.625000
23718   -1833997.000000
23719   -1833997.250000
23720   -1833997.750000
23721   -1833997.750000
23722   -1833998.000000
23723   -1833998.500000
23724   -1833998.750000
23725   -1833999.000000
23726   -1833999.250000
23727   -1833999.500000
23728   -1833999.750000
23729   -1834000.000000
23730   -1834000.250000
23731   -1834000.625000
23732   -1834001.000000
23733   -1834001.125000
23734   -1834001.500000
23735   -1834001.750000
23736   -1834002.000000
23737   -1834002.250000
23738   -1834002.500000
23739   -1834002.750000
23740   -1834003.125000
23741   -1834003.375000
23742   -1834003.750000
23743   -1834004.125000
23744   -1834004.250000
23745   -1834004.500000
23746   -1834004.875000
23747   -1834005.125000
23748   -1834005.375000
23749   -1834005.625000
23750   -1834006.000000
23751   -1834006.375000
23752   -1834006.500000
23753   -1834006.875000
23754   -1834007.250000
23755   -1834007.500000
23756   -1834007.750000
23757   -1834008.000000
23758   -1834008.250000
23759   -1834008.500000
23760   -1834009.000000
23761   -1834009.250000
23762   -1834009.375000
23763   -1834009.875000
23764   -1834010.125000
23765   -1834010.375000
23766   -1834010.750000
23767   -1834011.000000
23768   -1834011.125000
23769   -1834011.625000
23770   -1834011.875000
23771   -1834012.250000
23772   -1834012.500000
23773   -1834012.750000
23774   -1834013.000000
23775   -1834013.500000
23776   -1834013.750000
23777   -1834014.000000
23778   -1834014.250000
23779   -1834014.625000
23780   -1834014.875000
23781   -1834015.250000
23782   -1834015.625000
23783   -1834015.875000
23784   -1834016.125000
23785   -1834016.500000
23786   -1834017.000000
23787   -1834017.125000
23788   -1834017.375000
23789   -1834017.750000
23790   -1834018.000000
23791   -1834018.375000
23792   -1834018.500000
23793   -1834019.000000
23794   -1834019.250000
23795   -1834019.500000
23796   -1834020.000000
23797   -1834020.125000
23798   -1834020.500000
23799   -1834020.625000
23800   -1834021.000000
23801   -1834021.500000
23802   -1834021.750000
23803   -1834022.250000
23804   -1834022.500000
23805   -1834022.750000
23806   -1834023.000000
23807   -1834023.500000
23808   -1834023.500000
23809   -1834024.000000
23810   -1834024.250000
23811   -1834024.625000
23812   -1834025.000000
23813   -1834025.250000
23814   -1834025.625000
23815   -1834026.000000
23816   -1834026.250000
23817   -1834026.500000
23818   -1834026.750000
23819   -1834027.125000
23820   -1834027.375000
23821   -1834027.750000
23822   -1834028.000000
23823   -1834028.500000
23824   -1834028.750000
23825   -1834029.000000
23826   -1834029.500000
23827   -1834029.500000
23828   -1834030.000000
23829   -1834030.375000
23830   -1834030.625000
23831   -1834030.750000
23832   -1834031.125000
23833   -1834031.500000
23834   -1834031.750000
23835   -1834032.000000
23836   -1834032.250000
23837   -1834032.500000
23838   -1834033.000000
23839   -1834033.125000
23840   -1834033.375000
23841   -1834033.750000
23842   -1834034.000000
23843   -1834034.250000
23844   -1834034.625000
23845   -1834035.000000
23846   -1834035.250000
23847   -1834035.375000
23848   -1834035.875000
23849   -1834036.125000
23850   -1834036.375000
23851   -1834036.750000
23852   -1834037.000000
23853   -1834037.250000
23854   -1834037.500000
23855   -1834037.750000
23856   -1834038.000000
23857   -1834038.375000
23858   -1834038.625000
23859   -1834039.000000
23860   -1834039.250000
23861   -1834039.500000
23862   -1834039.875000
23863   -1834040.000000
23864   -1834040.500000
23865   -1834040.625000
23866   -1834041.000000
23867   -1834041.250000
23868   -1834041.500000
23869   -1834041.875000
23870   -1834042.000000
23871   -1834042.500000
23872   -1834042.625000
23873   -1834043.000000
23874   -1834043.250000
23875   -1834043.625000
23876   -1834043.875000
23877   -1834044.250000
23878   -1834044.500000
23879   -1834044.750000
23880   -1834045.000000
23881   -1834045.250000
23882   -1834045.500000
23883   -1834046.000000
23884   -1834046.250000
23885   -1834046.375000
23886   -1834046.625000
23887   -1834047.000000
23888   -1834047.250000
23889   -1834047.750000
23890   -1834047.750000
23891   -1834048.125000
23892   -1834048.250000
23893   -1834048.750000
23894   -1834049.000000
23895   -1834049.250000
23896   -1834049.500000
23897   -1834049.750000
23898   -1834050.125000
23899   -1834050.500000
23900   -1834050.750000
23901   -1834051.000000
23902   -1834051.250000
23903   -1834051.625000
23904   -1834051.750000
23905   -1834052.000000
23906   -1834052.250000
23907   -1834052.500000
23908   -1834052.750000
23909   -1834053.125000
23910   -1834053.375000
23911   -1834053.625000
23912   -1834054.000000
23913   -1834054.250000
23914   -1834054.500000
23915   -1834054.750000
23916   -1834055.000000
23917   -1834055.250000
23918   -1834055.500000
23919   -1834055.750000
23920   -1834056.125000
23921   -1834056.375000
23922   -1834056.625000
23923   -1834056.875000
23924   -1834057.250000
23925   -1834057.375000
23926   -1834057.625000
23927   -1834057.875000
23928   -1834058.000000
23929   -1834058.250000
23930   -1834058.625000
23931   -1834058.875000
23932   -1834059.250000
23933   -1834059.375000
23934   -1834059.750000
23935   -1834060.000000
23936   -1834060.250000
23937   -1834060.500000
23938   -1834060.750000
23939   -1834061.000000
23940   -1834061.250000
23941   -1834061.375000
23942   -1834061.625000
23943   -1834062.000000
23944   -1834062.250000
23945   -1834062.500000
23946   -1834062.625000
23947   -1834063.000000
23948   -1834063.000000
23949   -1834063.375000
23950   -1834063.625000
23951   -1834064.000000
23952   -1834064.125000
23953   -1834064.250000
23954   -1834064.500000
23955   -1834064.750000
23956   -1834065.000000
23957   -1834065.250000
23958   -1834065.750000
23959   -1834065.875000
23960   -1834066.250000
23961   -1834066.250000
23962   -1834066.500000
23963   -1834067.000000
23964   -1834067.000000
23965   -1834067.250000
23966   -1834067.375000
23967   -1834067.750000
23968   -1834067.875000
23969   -1834068.250000
23970   -1834068.500000
23971   -1834068.750000
23972   -1834069.000000
23973   -1834069.250000
23974   -1834069.500000
23975   -1834069.500000
23976   -1834069.875000
23977   -1834070.250000
23978   -1834070.375000
23979   -1834070.625000
23980   -1834070.875000
23981   -1834071.000000
23982   -1834071.250000
23983   -1834071.500000
23984   -1834071.750000
23985   -1834072.000000
23986   -1834072.125000
23987   -1834072.500000
23988   -1834072.500000
23989   -1834073.000000
23990   -1834073.125000
23991   -1834073.250000
23992   -1834073.500000
23993   -1834073.750000
23994   -1834074.000000
23995   -1834074.125000
23996   -1834074.375000
23997   -1834074.750000
23998   -1834074.750000
23999   -1834075.000000
24000   -1834075.250000
24001   -1834075.500000
24002   -1834075.625000
24003   -1834075.875000
24004   -1834076.125000
24005   -1834076.250000
24006   -1834076.500000
24007   -1834076.750000
24008   -1834077.000000
24009   -1834077.125000
24010   -1834077.375000
24011   -1834077.500000
24012   -1834077.750000
24013   -1834077.875000
24014   -1834078.250000
24015   -1834078.500000
24016   -1834078.500000
24017   -1834078.875000
24018   -1834079.000000
24019   -1834079.250000
24020   -1834079.375000
24021   -1834079.625000
24022   -1834079.875000
24023   -1834080.000000
24024   -1834080.250000
24025   -1834080.500000
24026   -1834080.500000
24027   -1834080.875000
24028   -1834081.000000
24029   -1834081.250000
24030   -1834081.375000
24031   -1834081.625000
24032   -1834081.750000
24033   -1834082.000000
24034   -1834082.250000
24035   -1834082.500000
24036   -1834082.500000
24037   -1834082.750000
24038   -1834083.000000
24039   -1834083.125000
24040   -1834083.500000
24041   -1834083.500000
24042   -1834083.750000
24043   -1834084.000000
24044   -1834084.250000
24045   -1834084.250000
24046   -1834084.625000
24047   -1834084.750000
24048   -1834084.875000
24049   -1834085.000000
24050   -1834085.250000
24051   -1834085.500000
24052   -1834085.750000
24053   -1834086.000000
24054   -1834086.000000
24055   -1834086.250000
24056   -1834086.375000
24057   -1834086.625000
24058   -1834086.875000
24059   -1834087.000000
24060   -1834087.125000
24061   -1834087.250000
24062   -1834087.500000
24063   -1834087.750000
24064   -1834087.875000
24065   -1834088.000000
24066   -1834088.250000
24067   -1834088.375000
24068   -1834088.625000
24069   -1834088.750000
24070   -1834088.875000
24071   -1834089.000000
24072   -1834089.250000
24073   -1834089.375000
24074   -1834089.750000
24075   -1834089.750000
24076   -1834090.000000
24077   -1834090.125000
24078   -1834090.250000
24079   -1834090.375000
24080   -1834090.750000
24081   -1834090.750000
24082   -1834091.000000
24083   -1834091.125000
24084   -1834091.375000
24085   -1834091.625000
24086   -1834091.625000
24087   -1834091.875000
24088   -1834092.125000
24089   -1834092.250000
24090   -1834092.375000
24091   -1834092.625000
24092   -1834092.875000
24093   -1834092.750000
24094   -1834093.000000
24095   -1834093.250000
24096   -1834093.500000
24097   -1834093.750000
24098   -1834093.750000
24099   -1834094.000000
24100   -1834094.125000
24101   -1834094.250000
24102   -1834094.375000
24103   -1834094.500000
24104   -1834094.750000
24105   -1834094.875000
24106   -1834095.000000
24107   -1834095.250000
24108   -1834095.375000
24109   -1834095.625000
24110   -1834095.750000
24111   -1834095.750000
24112   -1834096.000000
24113   -1834096.125000
24114   -1834096.250000
24115   -1834096.625000
24116   -1834096.750000
24117   -1834096.750000
24118   -1834097.000000
24119   -1834097.125000
24120   -1834097.375000
24121   -1834097.500000
24122   -1834097.750000
24123   -1834097.875000
24124   -1834098.125000
24125   -1834098.125000
24126   -1834098.250000
24127   -1834098.625000
24128   -1834098.625000
24129   -1834098.750000
24130   -1834099.000000
24131   -1834099.250000
24132   -1834099.375000
24133   -1834099.500000
24134   -1834099.625000
24135   -1834099.750000
24136   -1834100.000000
24137   -1834100.125000
24138   -1834100.250000
24139   -1834100.500000
24140   -1834100.750000
24141   -1834100.875000
24142   -1834101.000000
24143   -1834101.250000
24144   -1834101.375000
24145   -1834101.500000
24146   -1834101.750000
24147   -1834101.750000
24148   -1834102.000000
24149   -1834102.250000
24150   -1834102.375000
24151   -1834102.625000
24152   -1834102.750000
24153   -1834102.875000
24154   -1834103.000000
24155   -1834103.375000
24156   -1834103.500000
24157   -1834103.500000
24158   -1834103.750000
24159   -1834104.000000
24160   -1834104.000000
24161   -1834104.250000
24162   -1834104.500000
24163   -1834104.750000
24164   -1834104.750000
24165   -1834105.000000
24166   -1834105.125000
24167   -1834105.250000
24168   -1834105.500000
24169   -1834105.500000
24170   -1834105.875000
24171   -1834106.125000
24172   -1834106.125000
24173   -1834106.375000
24174   -1834106.500000
24175   -1834106.750000
24176   -1834106.750000
24177   -1834107.000000
24178   -1834107.250000
24179   -1834107.500000
24180   -1834107.625000
24181   -1834107.750000
24182   -1834108.000000
24183   -1834108.125000
24184   -1834108.125000
24185   -1834108.500000
24186   -1834108.625000
24187   -1834108.875000
24188   -1834109.000000
24189   -1834109.125000
24190   -1834109.250000
24191   -1834109.500000
24192   -1834109.750000
24193   -1834110.000000
24194   -1834110.000000
24195   -1834110.250000
24196   -1834110.500000
24197   -1834110.750000
24198   -1834110.750000
24199   -1834110.875000
24200   -1834111.000000
24201   -1834111.500000
24202   -1834111.625000
24203   -1834111.750000
24204   -1834111.750000
24205   -1834112.000000
24206   -1834112.250000
24207   -1834112.375000
24208   -1834112.750000
24209   -1834112.750000
24210   -1834112.875000
24211   -1834113.125000
24212   -1834113.250000
24213   -1834113.500000
24214   -1834113.500000
24215   -1834113.750000
24216   -1834114.000000
24217   -1834114.125000
24218   -1834114.250000
24219   -1834114.500000
24220   -1834114.750000
24221   -1834114.750000
24222   -1834115.000000
24223   -1834115.125000
24224   -1834115.250000
24225   -1834115.500000
24226   -1834115.500000
24227   -1834115.750000
24228   -1834116.250000
24229   -1834116.250000
24230   -1834116.500000
24231   -1834116.500000
24232   -1834116.750000
24233   -1834116.875000
24234   -1834117.000000
24235   -1834117.125000
24236   -1834117.500000
24237   -1834117.500000
24238   -1834117.750000
24239   -1834117.875000
24240   -1834118.000000
24241   -1834118.250000
24242   -1834118.375000
24243   -1834118.500000
24244   -1834118.625000
24245   -1834119.000000
24246   -1834119.000000
24247   -1834119.250000
24248   -1834119.375000
24249   -1834119.500000
24250   -1834119.750000
24251   -1834119.875000
24252   -1834120.000000
24253   -1834120.250000
24254   -1834120.250000
24255   -1834120.500000
24256   -1834120.750000
24257   -1834120.875000
24258   -1834121.000000
24259   -1834121.250000
24260   -1834121.375000
24261   -1834121.500000
24262   -1834121.625000
24263   -1834121.750000
24264   -1834122.000000
24265   -1834122.000000
24266   -1834122.250000
24267   -1834122.500000
24268   -1834122.625000
24269   -1834122.875000
24270   -1834123.000000
24271   -1834123.000000
24272   -1834123.250000
24273   -1834123.500000
24274   -1834123.500000
24275   -1834123.750000
24276   -1834124.000000
24277   -1834124.000000
24278   -1834124.125000
24279   -1834124.250000
24280   -1834124.500000
24281   -1834124.625000
24282   -1834124.750000
24283   -1834125.000000
24284   -1834125.250000
24285   -1834125.375000
24286   -1834125.500000
24287   -1834125.500000
24288   -1834125.625000
24289   -1834125.875000
24290   -1834126.000000
24291   -1834126.125000
24292   -1834126.250000
24293   -1834126.500000
24294   -1834126.625000
24295   -1834126.750000
24296   -1834126.750000
24297   -1834127.000000
24298   -1834127.125000
24299   -1834127.375000
24300   -1834127.500000
24301   -1834127.625000
24302   -1834127.750000
24303   -1834128.000000
24304   -1834128.000000
24305   -1834128.125000
24306   -1834128.375000
24307   -1834128.500000
24308   -1834128.500000
24309   -1834128.750000
24310   -1834128.750000
24311   -1834128.875000
24312   -1834129.125000
24313   -1834129.250000
24314   -1834129.250000
24315   -1834129.375000
24316   -1834129.750000
24317   -1834129.750000
24318   -1834129.875000
24319   -1834130.125000
24320   -1834130.125000
24321   -1834130.375000
24322   -1834130.500000
24323   -1834130.625000
24324   -1834130.750000
24325   -1834130.750000
24326   -1834131.000000
24327   -1834131.250000
24328   -1834131.250000
24329   -1834131.500000
24330   -1834131.500000
24331   -1834131.625000
24332   -1834131.750000
24333   -1834131.875000
24334   -1834132.000000
24335   -1834132.250000
24336   -1834132.375000
24337   -1834132.500000
24338   -1834132.500000
24339   -1834132.750000
24340   -1834132.750000
24341   -1834132.875000
24342   -1834133.125000
24343   -1834133.250000
24344   -1834133.250000
24345   -1834133.375000
24346   -1834133.500000
24347   -1834133.750000
24348   -1834133.750000
24349   -1834134.000000
24350   -1834134.000000
24351   -1834134.250000
24352   -1834134.500000
24353   -1834134.500000
24354   -1834134.625000
24355   -1834134.750000
24356   -1834135.000000
24357   -1834135.000000
24358   -1834135.000000
24359   -1834135.125000
24360   -1834135.250000
24361   -1834135.500000
24362   -1834135.500000
24363   -1834135.500000
24364   -1834135.750000
24365   -1834135.875000
24366   -1834136.000000
24367   -1834136.000000
24368   -1834136.250000
24369   -1834136.375000
24370   -1834136.375000
24371   -1834136.500000
24372   -1834136.750000
24373   -1834136.875000
24374   -1834137.000000
24375   -1834137.000000
24376   -1834137.000000
24377   -1834137.250000
24378   -1834137.375000
24379   -1834137.500000
24380   -1834137.750000
24381   -1834137.750000
24382   -1834137.750000
24383   -1834138.000000
24384   -1834138.250000
24385   -1834138.250000
24386   -1834138.375000
24387   -1834138.500000
24388   -1834138.625000
24389   -1834138.625000
24390   -1834138.750000
24391   -1834139.000000
24392   -1834139.000000
24393   -1834139.250000
24394   -1834139.250000
24395   -1834139.375000
24396   -1834139.500000
24397   -1834139.750000
24398   -1834139.625000
24399   -1834140.000000
24400   -1834140.000000
24401   -1834140.125000
24402   -1834140.125000
24403   -1834140.250000
24404   -1834140.375000
24405   -1834140.500000
24406   -1834140.750000
24407   -1834140.750000
24408   -1834141.000000
24409   -1834141.000000
24410   -1834141.000000
24411   -1834141.250000
24412   -1834141.375000
24413   -1834141.375000
24414   -1834141.625000
24415   -1834141.750000
24416   -1834141.750000
24417   -1834141.875000
24418   -1834142.000000
24419   -1834142.250000
24420   -1834142.250000
24421   -1834142.375000
24422   -1834142.500000
24423   -1834142.500000
24424   -1834142.750000
24425   -1834142.750000
24426   -1834142.875000
24427   -1834143.125000
24428   -1834143.250000
24429   -1834143.125000
24430   -1834143.500000
24431   -1834143.500000
24432   -1834143.750000
24433   -1834143.750000
24434   -1834143.875000
24435   -1834144.000000
24436   -1834144.000000
24437   -1834144.125000
24438   -1834144.375000
24439   -1834144.500000
24440   -1834144.500000
24441   -1834144.750000
24442   -1834144.750000
24443   -1834144.875000
24444   -1834145.125000
24445   -1834145.125000
24446   -1834145.250000
24447   -1834145.375000
24448   -1834145.500000
24449   -1834145.750000
24450   -1834145.750000
24451   -1834145.875000
24452   -1834145.875000
24453   -1834146.000000
24454   -1834146.250000
24455   -1834146.250000
24456   -1834146.500000
24457   -1834146.500000
24458   -1834146.750000
24459   -1834146.750000
24460   -1834147.000000
24461   -1834147.000000
24462   -1834147.125000
24463   -1834147.375000
24464   -1834147.500000
24465   -1834147.625000
24466   -1834147.625000
24467   -1834148.000000
24468   -1834148.000000
24469   -1834148.000000
24470   -1834148.250000
24471   -1834148.250000
24472   -1834148.500000
24473   -1834148.625000
24474   -1834148.625000
24475   -1834148.750000
24476   -1834149.000000
24477   -1834149.125000
24478   -1834149.250000
24479   -1834149.375000
24480   -1834149.500000
24481   -1834149.750000
24482   -1834149.750000
24483   -1834150.000000
24484   -1834150.125000
24485   -1834150.250000
24486   -1834150.375000
24487   -1834150.500000
24488   -1834150.750000
24489   -1834150.750000
24490   -1834151.000000
24491   -1834151.000000
24492   -1834151.250000
24493   -1834151.250000
24494   -1834151.500000
24495   -1834151.625000
24496   -1834152.000000
24497   -1834151.875000
24498   -1834152.000000
24499   -1834152.125000
24500   -1834152.250000
24501   -1834152.500000
24502   -1834152.750000
24503   -1834152.750000
24504   -1834153.000000
24505   -1834153.125000
24506   -1834153.250000
24507   -1834153.375000
24508   -1834153.500000
24509   -1834153.750000
24510   -1834153.875000
24511   -1834154.000000
24512   -1834154.250000
24513   -1834154.250000
24514   -1834154.500000
24515   -1834154.625000
24516   -1834154.875000
24517   -1834155.000000
24518   -1834155.250000
24519   -1834155.375000
24520   -1834155.500000
24521   -1834155.625000
24522   -1834155.750000
24523   -1834156.000000
24524   -1834156.250000
24525   -1834156.250000
24526   -1834156.375000
24527   -1834156.625000
24528   -1834156.875000
24529   -1834157.000000
24530   -1834157.000000
24531   -1834157.500000
24532   -1834157.500000
24533   -1834157.625000
24534   -1834157.750000
24535   -1834158.125000
24536   -1834158.250000
24537   -1834158.375000
24538   -1834158.500000
24539   -1834158.750000
24540   -1834159.000000
24541   -1834159.125000
24542   -1834159.125000
24543   -1834159.500000
24544   -1834159.625000
24545   -1834159.750000
24546   -1834160.000000
24547   -1834160.250000
24548   -1834160.375000
24549   -1834160.625000
24550   -1834160.750000
24551   -1834161.000000
24552   -1834161.000000
24553   -1834161.375000
24554   -1834161.500000
24555   -1834161.750000
24556   -1834162.000000
24557   -1834162.000000
24558   -1834162.375000
24559   -1834162.500000
24560   -1834162.750000
24561   -1834162.750000
24562   -1834163.000000
24563   -1834163.250000
24564   -1834163.500000
24565   -1834163.625000
24566   -1834163.750000
24567   -1834164.125000
24568   -1834164.250000
24569   -1834164.500000
24570   -1834164.750000
24571   -1834164.875000
24572   -1834165.000000
24573   -1834165.250000
24574   -1834165.500000
24575   -1834165.750000
24576   -1834165.750000
24577   -1834166.250000
24578   -1834166.250000
24579   -1834166.500000
24580   -1834166.875000
24581   -1834167.000000
24582   -1834167.250000
24583   -1834167.500000
24584   -1834167.500000
24585   -1834167.750000
24586   -1834168.000000
24587   -1834168.125000
24588   -1834168.375000
24589   -1834168.625000
24590   -1834168.750000
24591   -1834169.000000
24592   -1834169.250000
24593   -1834169.500000
24594   -1834169.750000
24595   -1834170.000000
24596   -1834170.125000
24597   -1834170.500000
24598   -1834170.625000
24599   -1834170.875000
24600   -1834171.000000
24601   -1834171.250000
24602   -1834171.500000
24603   -1834171.625000
24604   -1834171.875000
24605   -1834172.125000
24606   -1834172.250000
24607   -1834172.500000
24608   -1834172.750000
24609   -1834173.000000
24610   -1834173.250000
24611   -1834173.500000
24612   -1834173.750000
24613   -1834173.750000
24614   -1834174.125000
24615   -1834174.250000
24616   -1834174.500000
24617   -1834174.750000
24618   -1834175.000000
24619   -1834175.125000
24620   -1834175.500000
24621   -1834175.750000
24622   -1834176.000000
24623   -1834176.125000
24624   -1834176.250000
24625   -1834176.500000
24626   -1834176.750000
24627   -1834177.000000
24628   -1834177.250000
24629   -1834177.250000
24630   -1834177.625000
24631   -1834177.875000
24632   -1834178.000000
24633   -1834178.250000
24634   -1834178.500000
24635   -1834178.750000
24636   -1834179.000000
24637   -1834179.250000
24638   -1834179.375000
24639   -1834179.625000
24640   -1834179.875000
24641   -1834180.250000
24642   -1834180.375000
24643   -1834180.500000
24644   -1834180.750000
24645   -1834181.000000
24646   -1834181.250000
24647   -1834181.500000
24648   -1834181.750000
24649   -1834181.875000
24650   -1834182.125000
24651   -1834182.375000
24652   -1834182.500000
24653   -1834182.750000
24654   -1834183.000000
24655   -1834183.250000
24656   -1834183.500000
24657   -1834183.750000
24658   -1834183.875000
24659   -1834184.125000
24660   -1834184.500000
24661   -1834184.625000
24662   -1834185.000000
24663   -1834185.125000
24664   -1834185.375000
24665   -1834185.500000
24666   -1834185.750000
24667   -1834186.000000
24668   -1834186.250000
24669   -1834186.500000
24670   -1834186.875000
24671   -1834187.000000
24672   -1834187.250000
24673   -1834187.500000
24674   -1834187.750000
24675   -1834187.875000
24676   -1834188.125000
24677   -1834188.500000
24678   -1834188.750000
24679   -1834189.000000
24680   -1834189.250000
24681   -1834189.250000
24682   -1834189.625000
24683   -1834189.750000
24684   -1834190.000000
24685   -1834190.250000
24686   -1834190.500000
24687   -1834190.750000
24688   -1834191.000000
24689   -1834191.250000
24690   -1834191.625000
24691   -1834191.625000
24692   -1834192.000000
24693   -1834192.250000
24694   -1834192.500000
24695   -1834192.750000
24696   -1834193.125000
24697   -1834193.375000
24698   -1834193.500000
24699   -1834193.750000
24700   -1834194.000000
24701   -1834194.250000
24702   -1834194.500000
24703   -1834194.625000
24704   -1834195.000000
24705   -1834195.250000
24706   -1834195.500000
24707   -1834195.750000
24708   -1834196.000000
24709   -1834196.125000
24710   -1834196.375000
24711   -1834196.750000
24712   -1834197.000000
24713   -1834197.250000
24714   -1834197.500000
24715   -1834197.750000
24716   -1834198.000000
24717   -1834198.250000
24718   -1834198.500000
24719   -1834198.750000
24720   -1834199.125000
24721   -1834199.375000
24722   -1834199.500000
24723   -1834199.875000
24724   -1834200.125000
24725   -1834200.250000
24726   -1834200.625000
24727   -1834201.000000
24728   -1834201.125000
24729   -1834201.500000
24730   -1834201.750000
24731   -1834202.000000
24732   -1834202.250000
24733   -1834202.500000
24734   -1834202.750000
24735   -1834203.000000
24736   -1834203.250000
24737   -1834203.500000
24738   -1834203.875000
24739   -1834204.000000
24740   -1834204.375000
24741   -1834204.625000
24742   -1834205.000000
24743   -1834205.125000
24744   -1834205.500000
24745   -1834205.625000
24746   -1834206.000000
24747   -1834206.250000
24748   -1834206.625000
24749   -1834207.000000
24750   -1834207.250000
24751   -1834207.500000
24752   -1834207.750000
24753   -1834208.125000
24754   -1834208.250000
24755   -1834208.500000
24756   -1834208.750000
24757   -1834209.125000
24758   -1834209.375000
24759   -1834209.500000
24760   -1834209.875000
24761   -1834210.125000
24762   -1834210.500000
24763   -1834210.750000
24764   -1834211.000000
24765   -1834211.250000
24766   -1834211.750000
24767   -1834212.000000
24768   -1834212.250000
24769   -1834212.625000
24770   -1834212.875000
24771   -1834213.125000
24772   -1834213.500000
24773   -1834213.750000
24774   -1834214.125000
24775   -1834214.375000
24776   -1834214.500000
24777   -1834214.750000
24778   -1834215.000000
24779   -1834215.500000
24780   -1834215.750000
24781   -1834216.000000
24782   -1834216.375000
24783   -1834216.625000
24784   -1834217.000000
24785   -1834217.250000
24786   -1834217.625000
24787   -1834217.750000
24788   -1834218.125000
24789   -1834218.500000
24790   -1834218.750000
24791   -1834219.000000
24792   -1834219.250000
24793   -1834219.750000
24794   -1834219.875000
24795   -1834220.250000
24796   -1834220.625000
24797   -1834220.875000
24798   -1834221.125000
24799   -1834221.375000
24800   -1834221.750000
24801   -1834222.125000
24802   -1834222.375000
24803   -1834222.750000
24804   -1834223.000000
24805   -1834223.500000
24806   -1834223.750000
24807   -1834224.000000
24808   -1834224.250000
24809   -1834224.500000
24810   -1834224.750000
24811   -1834225.250000
24812   -1834225.500000
24813   -1834226.000000
24814   -1834226.000000
24815   -1834226.500000
24816   -1834226.750000
24817   -1834227.000000
24818   -1834227.375000
24819   -1834227.750000
24820   -1834228.000000
24821   -1834228.250000
24822   -1834228.500000
24823   -1834228.750000
24824   -1834229.250000
24825   -1834229.625000
24826   -1834229.875000
24827   -1834230.125000
24828   -1834230.500000
24829   -1834230.875000
24830   -1834231.125000
24831   -1834231.500000
24832   -1834231.750000
24833   -1834232.000000
24834   -1834232.500000
24835   -1834232.625000
24836   -1834233.000000
24837   -1834233.375000
24838   -1834233.625000
24839   -1834233.875000
24840   -1834234.250000
24841   -1834234.625000
24842   -1834235.000000
24843   -1834235.250000
24844   -1834235.500000
24845   -1834235.875000
24846   -1834236.000000
24847   -1834236.500000
24848   -1834236.750000
24849   -1834237.125000
24850   -1834237.500000
24851   -1834237.750000
24852   -1834238.000000
24853   -1834238.250000
24854   -1834238.625000
24855   -1834239.000000
24856   -1834239.250000
24857   -1834239.625000
24858   -1834239.875000
24859   -1834240.000000
24860   -1834240.500000
24861   -1834241.000000
24862   -1834241.250000
24863   -1834241.500000
24864   -1834241.750000
24865   -1834242.000000
24866   -1834242.250000
24867   -1834242.750000
24868   -1834243.000000
24869   -1834243.250000
24870   -1834243.625000
24871   -1834244.125000
24872   -1834244.250000
24873   -1834244.500000
24874   -1834244.750000
24875   -1834245.250000
24876   -1834245.500000
24877   -1834245.750000
24878   -1834246.125000
24879   -1834246.375000
24880   -1834246.625000
24881   -1834247.000000
24882   -1834247.375000
24883   -1834247.750000
24884   -1834248.000000
24885   -1834248.250000
24886   -1834248.625000
24887   -1834249.000000
24888   -1834249.125000
24889   -1834249.250000
24890   -1834249.750000
24891   -1834250.000000
24892   -1834250.375000
24893   -1834250.625000
24894   -1834250.875000
24895   -1834251.250000
24896   -1834251.250000
24897   -1834251.750000
24898   -1834252.000000
24899   -1834252.375000
24900   -1834252.625000
24901   -1834252.875000
24902   -1834253.000000
24903   -1834253.375000
24904   -1834253.625000
24905   -1834254.000000
24906   -1834254.250000
24907   -1834254.500000
24908   -1834254.750000
24909   -1834255.000000
24910   -1834255.250000
24911   -1834255.625000
24912   -1834255.750000
24913   -1834256.000000
24914   -1834256.500000
24915   -1834256.625000
24916   -1834256.875000
24917   -1834257.250000
24918   -1834257.500000
24919   -1834257.625000
24920   -1834257.875000
24921   -1834258.250000
24922   -1834258.500000
24923   -1834258.750000
24924   -1834259.000000
24925   -1834259.250000
24926   -1834259.375000
24927   -1834259.625000
24928   -1834260.000000
24929   -1834260.250000
24930   -1834260.375000
24931   -1834260.625000
24932   -1834261.000000
24933   -1834261.250000
24934   -1834261.500000
24935   -1834261.500000
24936   -1834261.875000
24937   -1834262.125000
24938   -1834262.500000
24939   -1834262.625000
24940   -1834262.875000
24941   -1834263.125000
24942   -1834263.500000
24943   -1834263.625000
24944   -1834264.000000
24945   -1834264.125000
24946   -1834264.250000
24947   -1834264.500000
24948   -1834264.750000
24949   -1834265.000000
24950   -1834265.375000
24951   -1834265.750000
24952   -1834265.750000
24953   -1834266.000000
24954   -1834266.125000
24955   -1834266.500000
24956   -1834266.875000
24957   -1834267.000000
24958   -1834267.250000
24959   -1834267.500000
24960   -1834267.625000
24961   -1834267.750000
24962   -1834268.000000
24963   -1834268.250000
24964   -1834268.500000
24965   -1834268.875000
24966   -1834269.000000
24967   -1834269.250000
24968   -1834269.500000
24969   -1834269.750000
24970   -1834269.875000
24971   -1834270.000000
24972   -1834270.375000
24973   -1834270.500000
24974   -1834270.750000
24975   -1834271.125000
24976   -1834271.250000
24977   -1834271.500000
24978   -1834271.500000
24979   -1834271.875000
24980   -1834272.000000
24981   -1834272.500000
24982   -1834272.500000
24983   -1834272.875000
24984   -1834273.000000
24985   -1834273.125000
24986   -1834273.375000
24987   -1834273.750000
24988   -1834274.000000
24989   -1834274.250000
24990   -1834274.500000
24991   -1834274.625000
24992   -1834274.750000
24993   -1834275.000000
24994   -1834275.250000
24995   -1834275.250000
24996   -1834275.750000
24997   -1834275.875000
24998   -1834276.125000
24999   -1834276.250000
25000   -1834276.625000
25001   -1834276.750000
25002   -1834277.000000
25003   -1834277.375000
25004   -1834277.500000
25005   -1834277.625000
25006   -1834278.000000
25007   -1834278.250000
25008   -1834278.500000
25009   -1834278.500000
25010   -1834278.750000
25011   -1834279.125000
25012   -1834279.375000
25013   -1834279.375000
25014   -1834279.750000
25015   -1834280.000000
25016   -1834280.250000
25017   -1834280.625000
25018   -1834280.750000
25019   -1834281.000000
25020   -1834281.250000
25021   -1834281.500000
25022   -1834281.500000
25023   -1834281.750000
25024   -1834282.125000
25025   -1834282.125000
25026   -1834282.500000
25027   -1834282.750000
25028   -1834282.875000
25029   -1834283.125000
25030   -1834283.500000
25031   -1834283.625000
25032   -1834283.750000
25033   -1834284.125000
25034   -1834284.375000
25035   -1834284.500000
25036   -1834284.750000
25037   -1834285.000000
25038   -1834285.375000
25039   -1834285.500000
25040   -1834285.750000
25041   -1834286.000000
25042   -1834286.000000
25043   -1834286.500000
25044   -1834286.625000
25045   -1834286.750000
25046   -1834287.000000
25047   -1834287.375000
25048   -1834287.500000
25049   -1834287.750000
25050   -1834288.000000
25051   -1834288.250000
25052   -1834288.500000
25053   -1834288.625000
25054   -1834288.750000
25055   -1834289.250000
25056   -1834289.375000
25057   -1834289.500000
25058   -1834289.625000
25059   -1834290.125000
25060   -1834290.250000
25061   -1834290.375000
25062   -1834290.625000
25063   -1834290.750000
25064   -1834291.250000
25065   -1834291.500000
25066   -1834291.500000
25067   -1834291.625000
25068   -1834292.000000
25069   -1834292.250000
25070   -1834292.500000
25071   -1834292.750000
25072   -1834293.000000
25073   -1834293.000000
25074   -1834293.250000
25075   -1834293.500000
25076   -1834293.750000
25077   -1834294.000000
25078   -1834294.250000
25079   -1834294.250000
25080   -1834294.500000
25081   -1834294.750000
25082   -1834295.000000
25083   -1834295.000000
25084   -1834295.250000
25085   -1834295.625000
25086   -1834295.750000
25087   -1834296.000000
25088   -1834296.250000
25089   -1834296.375000
25090   -1834296.500000
25091   -1834296.625000
25092   -1834296.750000
25093   -1834297.000000
25094   -1834297.250000
25095   -1834297.500000
25096   -1834297.750000
25097   -1834297.875000
25098   -1834298.000000
25099   -1834298.250000
25100   -1834298.375000
25101   -1834298.500000
25102   -1834298.750000
25103   -1834299.000000
25104   -1834299.000000
25105   -1834299.250000
25106   -1834299.250000
25107   -1834299.500000
25108   -1834299.875000
25109   -1834300.000000
25110   -1834300.125000
25111   -1834300.125000
25112   -1834300.250000
25113   -1834300.500000
25114   -1834300.500000
25115   -1834300.750000
25116   -1834300.875000
25117   -1834301.125000
25118   -1834301.250000
25119   -1834301.375000
25120   -1834301.500000
25121   -1834301.750000
25122   -1834302.000000
25123   -1834302.000000
25124   -1834302.000000
25125   -1834302.250000
25126   -1834302.375000
25127   -1834302.625000
25128   -1834302.750000
25129   -1834302.750000
25130   -1834303.000000
25131   -1834303.250000
25132   -1834303.250000
25133   -1834303.250000
25134   -1834303.500000
25135   -1834303.625000
25136   -1834304.000000
25137   -1834303.875000
25138   -1834304.000000
25139   -1834304.125000
25140   -1834304.125000
25141   -1834304.250000
25142   -1834304.250000
25143   -1834304.625000
25144   -1834304.750000
25145   -1834304.750000
25146   -1834304.875000
25147   -1834305.000000
25148   -1834305.125000
25149   -1834305.250000
25150   -1834305.250000
25151   -1834305.500000
25152   -1834305.500000
25153   -1834305.750000
25154   -1834305.875000
25155   -1834305.875000
25156   -1834306.000000
25157   -1834306.000000
25158   -1834306.250000
25159   -1834306.250000
25160   -1834306.500000
25161   -1834306.500000
25162   -1834306.750000
25163   -1834306.750000
25164   -1834306.750000
25165   -1834307.000000
25166   -1834307.125000
25167   -1834307.125000
25168   -1834307.125000
25169   -1834307.375000
25170   -1834307.375000
25171   -1834307.500000
25172   -1834307.750000
25173   -1834307.625000
25174   -1834307.875000
25175   -1834308.000000
25176   -1834308.000000
25177   -1834308.250000
25178   -1834308.250000
25179   -1834308.375000
25180   -1834308.375000
25181   -1834308.500000
25182   -1834308.750000
25183   -1834308.750000
25184   -1834308.750000
25185   -1834309.000000
25186   -1834308.875000
25187   -1834309.125000
25188   -1834309.125000
25189   -1834309.500000
25190   -1834309.500000
25191   -1834309.500000
25192   -1834309.500000
25193   -1834309.625000
25194   -1834309.750000
25195   -1834309.875000
25196   -1834310.000000
25197   -1834310.125000
25198   -1834310.375000
25199   -1834310.250000
25200   -1834310.500000
25201   -1834310.500000
25202   -1834310.500000
25203   -1834310.750000
25204   -1834310.750000
25205   -1834310.750000
25206   -1834311.000000
25207   -1834311.125000
25208   -1834311.000000
25209   -1834311.375000
25210   -1834311.375000
25211   -1834311.375000
25212   -1834311.500000
25213   -1834311.625000
25214   -1834311.750000
25215   -1834311.875000
25216   -1834311.875000
25217   -1834311.875000
25218   -1834312.000000
25219   -1834312.125000
25220   -1834312.250000
25221   -1834312.250000
25222   -1834312.375000
25223   -1834312.500000
25224   -1834312.750000
25225   -1834312.750000
25226   -1834313.000000
25227   -1834313.000000
25228   -1834313.000000
25229   -1834313.000000
25230   -1834313.125000
25231   -1834313.250000
25232   -1834313.375000
25233   -1834313.250000
25234   -1834313.500000
25235   -1834313.750000
25236   -1834313.750000
25237   -1834314.000000
25238   -1834314.000000
25239   -1834313.875000
25240   -1834314.125000
25241   -1834314.125000
25242   -1834314.250000
25243   -1834314.250000
25244   -1834314.500000
25245   -1834314.625000
25246   -1834314.625000
25247   -1834314.750000
25248   -1834314.750000
25249   -1834315.000000
25250   -1834315.125000
25251   -1834315.125000
25252   -1834315.125000
25253   -1834315.250000
25254   -1834315.500000
25255   -1834315.500000
25256   -1834315.625000
25257   -1834315.875000
25258   -1834315.750000
25259   -1834315.875000
25260   -1834316.000000
25261   -1834316.000000
25262   -1834316.250000
25263   -1834316.375000
25264   -1834316.375000
25265   -1834316.500000
25266   -1834316.500000
25267   -1834316.625000
25268   -1834316.750000
25269   -1834316.875000
25270   -1834317.000000
25271   -1834317.000000
25272   -1834317.125000
25273   -1834317.375000
25274   -1834317.500000
25275   -1834317.500000
25276   -1834317.500000
25277   -1834317.750000
25278   -1834317.875000
25279   -1834317.875000
25280   -1834318.125000
25281   -1834318.125000
25282   -1834318.250000
25283   -1834318.375000
25284   -1834318.500000
25285   -1834318.625000
25286   -1834318.750000
25287   -1834318.625000
25288   -1834319.000000
25289   -1834319.000000
25290   -1834319.000000
25291   -1834319.250000
25292   -1834319.250000
25293   -1834319.500000
25294   -1834319.500000
25295   -1834319.750000
25296   -1834319.750000
25297   -1834320.125000
25298   -1834320.250000
25299   -1834320.250000
25300   -1834320.250000
25301   -1834320.500000
25302   -1834320.625000
25303   -1834320.875000
25304   -1834320.750000
25305   -1834321.000000
25306   -1834321.000000
25307   -1834321.375000
25308   -1834321.250000
25309   -1834321.500000
25310   -1834321.625000
25311   -1834321.750000
25312   -1834322.000000
25313   -1834322.000000
25314   -1834322.250000
25315   -1834322.250000
25316   -1834322.500000
25317   -1834322.500000
25318   -1834322.875000
25319   -1834322.875000
25320   -1834323.000000
25321   -1834323.250000
25322   -1834323.250000
25323   -1834323.500000
25324   -1834323.750000
25325   -1834323.750000
25326   -1834324.000000
25327   -1834324.000000
25328   -1834324.250000
25329   -1834324.375000
25330   -1834324.500000
25331   -1834324.750000
25332   -1834325.000000
25333   -1834325.000000
25334   -1834325.250000
25335   -1834325.250000
25336   -1834325.500000
25337   -1834325.500000
25338   -1834325.750000
25339   -1834325.875000
25340   -1834326.000000
25341   -1834326.125000
25342   -1834326.250000
25343   -1834326.375000
25344   -1834326.625000
25345   -1834326.750000
25346   -1834327.000000
25347   -1834327.125000
25348   -1834327.250000
25349   -1834327.500000
25350   -1834327.500000
25351   -1834327.750000
25352   -1834327.875000
25353   -1834328.000000
25354   -1834328.250000
25355   -1834328.500000
25356   -1834328.500000
25357   -1834328.750000
25358   -1834328.875000
25359   -1834329.000000
25360   -1834329.250000
25361   -1834329.250000
25362   -1834329.500000
25363   -1834329.750000
25364   -1834329.750000
25365   -1834330.000000
25366   -1834330.250000
25367   -1834330.375000
25368   -1834330.500000
25369   -1834330.500000
25370   -1834330.875000
25371   -1834331.000000
25372   -1834331.250000
25373   -1834331.250000
25374   -1834331.375000
25375   -1834331.750000
25376   -1834331.875000
25377   -1834332.000000
25378   -1834332.125000
25379   -1834332.375000
25380   -1834332.500000
25381   -1834332.750000
25382   -1834332.750000
25383   -1834333.125000
25384   -1834333.250000
25385   -1834333.250000
25386   -1834333.500000
25387   -1834333.750000
25388   -1834333.875000
25389   -1834334.125000
25390   -1834334.250000
25391   -1834334.375000
25392   -1834334.625000
25393   -1834334.750000
25394   -1834335.000000
25395   -1834335.000000
25396   -1834335.375000
25397   -1834335.625000
25398   -1834335.500000
25399   -1834335.875000
25400   -1834336.125000
25401   -1834336.250000
25402   -1834336.375000
25403   -1834336.500000
25404   -1834336.750000
25405   -1834336.750000
25406   -1834337.125000
25407   -1834337.250000
25408   -1834337.500000
25409   -1834337.625000
25410   -1834337.750000
25411   -1834338.000000
25412   -1834338.250000
25413   -1834338.250000
25414   -1834338.375000
25415   -1834338.750000
25416   -1834338.875000
25417   -1834339.125000
25418   -1834339.125000
25419   -1834339.500000
25420   -1834339.625000
25421   -1834339.625000
25422   -1834340.000000
25423   -1834340.125000
25424   -1834340.250000
25425   -1834340.375000
25426   -1834340.750000
25427   -1834340.750000
25428   -1834341.000000
25429   -1834341.125000
25430   -1834341.250000
25431   -1834341.500000
25432   -1834341.750000
25433   -1834341.875000
25434   -1834342.000000
25435   -1834342.250000
25436   -1834342.250000
25437   -1834342.500000
25438   -1834342.625000
25439   -1834342.750000
25440   -1834343.000000
25441   -1834343.250000
25442   -1834343.500000
25443   -1834343.500000
25444   -1834343.750000
25445   -1834343.875000
25446   -1834344.125000
25447   -1834344.250000
25448   -1834344.375000
25449   -1834344.625000
25450   -1834344.750000
25451   -1834345.000000
25452   -1834345.125000
25453   -1834345.250000
25454   -1834345.500000
25455   -1834345.500000
25456   -1834345.750000
25457   -1834346.000000
25458   -1834346.000000
25459   -1834346.250000
25460   -1834346.375000
25461   -1834346.500000
25462   -1834346.750000
25463   -1834346.750000
25464   -1834347.000000
25465   -1834347.250000
25466   -1834347.250000
25467   -1834347.500000
25468   -1834347.750000
25469   -1834347.750000
25470   -1834348.000000
25471   -1834348.125000
25472   -1834348.250000
25473   -1834348.500000
25474   -1834348.500000
25475   -1834348.750000
25476   -1834348.875000
25477   -1834349.000000
25478   -1834349.250000
25479   -1834349.375000
25480   -1834349.500000
25481   -1834349.625000
25482   -1834349.875000
25483   -1834350.000000
25484   -1834350.250000
25485   -1834350.250000
25486   -1834350.500000
25487   -1834350.500000
25488   -1834350.750000
25489   -1834351.000000
25490   -1834351.125000
25491   -1834351.250000
25492   -1834351.250000
25493   -1834351.500000
25494   -1834351.500000
25495   -1834351.750000
25496   -1834351.875000
25497   -1834352.000000
25498   -1834352.250000
25499   -1834352.375000
25500   -1834352.500000
25501   -1834352.750000
25502   -1834352.750000
25503   -1834353.000000
25504   -1834353.000000
25505   -1834353.250000
25506   -1834353.250000
25507   -1834353.500000
25508   -1834353.750000
25509   -1834353.750000
25510   -1834354.000000
25511   -1834354.000000
25512   -1834354.250000
25513   -1834354.250000
25514   -1834354.500000
25515   -1834354.750000
25516   -1834354.750000
25517   -1834354.875000
25518   -1834355.125000
25519   -1834355.125000
25520   -1834355.250000
25521   -1834355.250000
25522   -1834355.500000
25523   -1834355.750000
25524   -1834355.875000
25525   -1834355.750000
25526   -1834356.000000
25527   -1834356.250000
25528   -1834356.250000
25529   -1834356.375000
25530   -1834356.375000
25531   -1834356.625000
25532   -1834356.750000
25533   -1834357.000000
25534   -1834356.875000
25535   -1834357.125000
25536   -1834357.250000
25537   -1834357.250000
25538   -1834357.500000
25539   -1834357.500000
25540   -1834357.750000
25541   -1834357.875000
25542   -1834357.750000
25543   -1834358.000000
25544   -1834358.250000
25545   -1834358.250000
25546   -1834358.250000
25547   -1834358.500000
25548   -1834358.500000
25549   -1834358.625000
25550   -1834358.750000
25551   -1834358.750000
25552   -1834359.000000
25553   -1834359.000000
25554   -1834359.250000
25555   -1834359.250000
25556   -1834359.500000
25557   -1834359.500000
25558   -1834359.750000
25559   -1834360.000000
25560   -1834360.000000
25561   -1834360.000000
25562   -1834360.250000
25563   -1834360.250000
25564   -1834360.500000
25565   -1834360.500000
25566   -1834360.750000
25567   -1834360.750000
25568   -1834360.875000
25569   -1834361.000000
25570   -1834361.125000
25571   -1834361.000000
25572   -1834361.125000
25573   -1834361.375000
25574   -1834361.375000
25575   -1834361.500000
25576   -1834361.750000
25577   -1834362.000000
25578   -1834361.875000
25579   -1834362.000000
25580   -1834362.000000
25581   -1834362.250000
25582   -1834362.375000
25583   -1834362.500000
25584   -1834362.500000
25585   -1834362.750000
25586   -1834362.750000
25587   -1834362.875000
25588   -1834362.875000
25589   -1834363.000000
25590   -1834363.250000
25591   -1834363.375000
25592   -1834363.500000
25593   -1834363.500000
25594   -1834363.500000
25595   -1834363.625000
25596   -1834363.750000
25597   -1834363.875000
25598   -1834364.000000
25599   -1834364.250000
25600   -1834364.125000
25601   -1834364.250000
25602   -1834364.500000
25603   -1834364.500000
25604   -1834364.750000
25605   -1834364.750000
25606   -1834364.875000
25607   -1834365.000000
25608   -1834365.125000
25609   -1834365.125000
25610   -1834365.250000
25611   -1834365.375000
25612   -1834365.500000
25613   -1834365.500000
25614   -1834365.625000
25615   -1834365.875000
25616   -1834365.875000
25617   -1834366.000000
25618   -1834366.250000
25619   -1834366.250000
25620   -1834366.250000
25621   -1834366.375000
25622   -1834366.500000
25623   -1834366.625000
25624   -1834366.750000
25625   -1834366.875000
25626   -1834367.000000
25627   -1834367.000000
25628   -1834367.125000
25629   -1834367.250000
25630   -1834367.250000
25631   -1834367.375000
25632   -1834367.500000
25633   -1834367.750000
25634   -1834367.750000
25635   -1834367.750000
25636   -1834367.750000
25637   -1834368.000000
25638   -1834368.000000
25639   -1834368.250000
25640   -1834368.375000
25641   -1834368.375000
25642   -1834368.500000
25643   -1834368.750000
25644   -1834368.750000
25645   -1834368.750000
25646   -1834368.750000
25647   -1834369.000000
25648   -1834369.000000
25649   -1834369.125000
25650   -1834369.375000
25651   -1834369.500000
25652   -1834369.500000
25653   -1834369.500000
25654   -1834369.750000
25655   -1834369.750000
25656   -1834369.875000
25657   -1834370.000000
25658   -1834370.125000
25659   -1834370.000000
25660   -1834370.125000
25661   -1834370.250000
25662   -1834370.375000
25663   -1834370.500000
25664   -1834370.500000
25665   -1834370.750000
25666   -1834370.875000
25667   -1834371.000000
25668   -1834371.000000
25669   -1834371.250000
25670   -1834371.125000
25671   -1834371.250000
25672   -1834371.500000
25673   -1834371.500000
25674   -1834371.500000
25675   -1834371.750000
25676   -1834371.750000
25677   -1834371.875000
25678   -1834372.000000
25679   -1834372.125000
25680   -1834372.250000
25681   -1834372.250000
25682   -1834372.250000
25683   -1834372.500000
25684   -1834372.500000
25685   -1834372.500000
25686   -1834372.750000
25687   -1834372.750000
25688   -1834373.000000
25689   -1834373.000000
25690   -1834373.125000
25691   -1834373.250000
25692   -1834373.375000
25693   -1834373.500000
25694   -1834373.500000
25695   -1834373.625000
25696   -1834373.625000
25697   -1834373.750000
25698   -1834373.750000
25699   -1834374.000000
25700   -1834374.000000
25701   -1834374.250000
25702   -1834374.250000
25703   -1834374.500000
25704   -1834374.500000
25705   -1834374.500000
25706   -1834374.625000
25707   -1834374.625000
25708   -1834374.750000
25709   -1834374.875000
25710   -1834375.000000
25711   -1834375.000000
25712   -1834375.250000
25713   -1834375.375000
25714   -1834375.250000
25715   -1834375.500000
25716   -1834375.500000
25717   -1834375.625000
25718   -1834375.750000
25719   -1834375.875000
25720   -1834375.875000
25721   -1834376.125000
25722   -1834376.000000
25723   -1834376.250000
25724   -1834376.250000
25725   -1834376.500000
25726   -1834376.500000
25727   -1834376.750000
25728   -1834376.875000
25729   -1834376.750000
25730   -1834376.875000
25731   -1834376.875000
25732   -1834377.125000
25733   -1834377.250000
25734   -1834377.375000
25735   -1834377.250000
25736   -1834377.500000
25737   -1834377.750000
25738   -1834377.750000
25739   -1834377.750000
25740   -1834378.000000
25741   -1834378.000000
25742   -1834378.125000
25743   -1834378.125000
25744   -1834378.250000
25745   -1834378.375000
25746   -1834378.500000
25747   -1834378.500000
25748   -1834378.500000
25749   -1834378.625000
25750   -1834378.875000
25751   -1834379.000000
25752   -1834379.000000
25753   -1834379.250000
25754   -1834379.250000
25755   -1834379.125000
25756   -1834379.250000
25757   -1834379.500000
25758   -1834379.750000
25759   -1834379.750000
25760   -1834379.750000
25761   -1834380.125000
25762   -1834380.125000
25763   -1834380.125000
25764   -1834379.875000
25765   -1834380.250000
25766   -1834380.375000
25767   -1834380.500000
25768   -1834380.500000
25769   -1834380.750000
25770   -1834381.000000
25771   -1834381.000000
25772   -1834381.000000
25773   -1834381.125000
25774   -1834381.125000
25775   -1834381.500000
25776   -1834381.500000
25777   -1834381.500000
25778   -1834381.500000
25779   -1834381.750000
25780   -1834381.875000
25781   -1834382.000000
25782   -1834382.000000
25783   -1834382.000000
25784   -1834382.375000
25785   -1834382.375000
25786   -1834382.500000
25787   -1834382.500000
25788   -1834382.500000
25789   -1834382.750000
25790   -1834382.875000
25791   -1834382.875000
25792   -1834383.125000
25793   -1834383.250000
25794   -1834383.250000
25795   -1834383.375000
25796   -1834383.500000
25797   -1834383.500000
25798   -1834383.625000
25799   -1834383.750000
25800   -1834383.875000
25801   -1834384.000000
25802   -1834384.000000
25803   -1834384.250000
25804   -1834384.250000
25805   -1834384.250000
25806   -1834384.375000
25807   -1834384.500000
25808   -1834384.750000
25809   -1834384.750000
25810   -1834384.750000
25811   -1834385.000000
25812   -1834385.000000
25813   -1834385.125000
25814   -1834385.250000
25815   -1834385.375000
25816   -1834385.375000
25817   -1834385.500000
25818   -1834385.750000
25819   -1834385.750000
25820   -1834385.875000
25821   -1834386.000000
25822   -1834386.000000
25823   -1834386.000000
25824   -1834386.250000
25825   -1834386.250000
25826   -1834386.500000
25827   -1834386.500000
25828   -1834386.500000
25829   -1834386.750000
25830   -1834386.750000
25831   -1834386.875000
25832   -1834387.000000
25833   -1834387.000000
25834   -1834387.250000
25835   -1834387.250000
25836   -1834387.250000
25837   -1834387.500000
25838   -1834387.500000
25839   -1834387.750000
25840   -1834387.875000
25841   -1834388.000000
25842   -1834388.000000
25843   -1834388.125000
25844   -1834388.125000
25845   -1834388.250000
25846   -1834388.375000
25847   -1834388.625000
25848   -1834388.500000
25849   -1834388.750000
25850   -1834389.000000
25851   -1834389.000000
25852   -1834389.000000
25853   -1834389.125000
25854   -1834389.250000
25855   -1834389.500000
25856   -1834389.500000
25857   -1834389.625000
25858   -1834389.750000
25859   -1834390.000000
25860   -1834390.000000
25861   -1834390.250000
25862   -1834390.000000
25863   -1834390.250000
25864   -1834390.500000
25865   -1834390.500000
25866   -1834390.625000
25867   -1834390.750000
25868   -1834390.750000
25869   -1834390.875000
25870   -1834391.000000
25871   -1834391.000000
25872   -1834391.250000
25873   -1834391.375000
25874   -1834391.500000
25875   -1834391.500000
25876   -1834391.500000
25877   -1834391.750000
25878   -1834391.750000
25879   -1834391.875000
25880   -1834392.000000
25881   -1834392.250000
25882   -1834392.125000
25883   -1834392.250000
25884   -1834392.375000
25885   -1834392.625000
25886   -1834392.750000
25887   -1834392.750000
25888   -1834392.875000
25889   -1834393.000000
25890   -1834393.250000
25891   -1834393.250000
25892   -1834393.250000
25893   -1834393.500000
25894   -1834393.750000
25895   -1834393.625000
25896   -1834393.750000
25897   -1834393.875000
25898   -1834394.000000
25899   -1834394.000000
25900   -1834394.125000
25901   -1834394.250000
25902   -1834394.500000
25903   -1834394.500000
25904   -1834394.500000
25905   -1834394.750000
25906   -1834394.875000
25907   -1834395.000000
25908   -1834395.250000
25909   -1834395.250000
25910   -1834395.250000
25911   -1834395.500000
25912   -1834395.500000
25913   -1834395.625000
25914   -1834395.750000
25915   -1834396.000000
25916   -1834396.000000
25917   -1834396.125000
25918   -1834396.125000
25919   -1834396.250000
25920   -1834396.250000
25921   -1834396.375000
25922   -1834396.625000
25923   -1834396.750000
25924   -1834396.750000
25925   -1834397.000000
25926   -1834397.125000
25927   -1834397.250000
25928   -1834397.250000
25929   -1834397.500000
25930   -1834397.625000
25931   -1834397.750000
25932   -1834397.750000
25933   -1834397.750000
25934   -1834397.750000
25935   -1834398.000000
25936   -1834398.250000
25937   -1834398.250000
25938   -1834398.375000
25939   -1834398.500000
25940   -1834398.500000
25941   -1834398.625000
25942   -1834398.750000
25943   -1834399.000000
25944   -1834398.875000
25945   -1834399.000000
25946   -1834399.250000
25947   -1834399.250000
25948   -1834399.500000
25949   -1834399.625000
25950   -1834399.750000
25951   -1834399.750000
25952   -1834400.000000
25953   -1834400.125000
25954   -1834400.125000
25955   -1834400.250000
25956   -1834400.250000
25957   -1834400.500000
25958   -1834400.750000
25959   -1834400.750000
25960   -1834400.750000
25961   -1834400.750000
25962   -1834401.250000
25963   -1834401.250000
25964   -1834401.125000
25965   -1834401.500000
25966   -1834401.500000
25967   -1834401.500000
25968   -1834401.750000
25969   -1834401.875000
25970   -1834402.000000
25971   -1834402.000000
25972   -1834402.125000
25973   -1834402.375000
25974   -1834402.250000
25975   -1834402.500000
25976   -1834402.625000
25977   -1834402.750000
25978   -1834402.875000
25979   -1834403.000000
25980   -1834403.000000
25981   -1834403.250000
25982   -1834403.250000
25983   -1834403.500000
25984   -1834403.625000
25985   -1834403.750000
25986   -1834403.875000
25987   -1834403.875000
25988   -1834404.000000
25989   -1834404.125000
25990   -1834404.250000
25991   -1834404.375000
25992   -1834404.500000
25993   -1834404.625000
25994   -1834404.750000
25995   -1834404.750000
25996   -1834405.000000
25997   -1834405.000000
25998   -1834405.250000
25999   -1834405.375000
26000   -1834405.500000
26001   -1834405.500000
26002   -1834405.750000
26003   -1834405.750000
26004   -1834406.000000
26005   -1834406.000000
26006   -1834406.250000
26007   -1834406.250000
26008   -1834406.500000
26009   -1834406.500000
26010   -1834406.500000
26011   -1834406.750000
26012   -1834406.875000
26013   -1834406.875000
26014   -1834407.000000
26015   -1834407.250000
26016   -1834407.125000
26017   -1834407.375000
26018   -1834407.500000
26019   -1834407.750000
26020   -1834407.750000
26021   -1834407.875000
26022   -1834408.000000
26023   -1834408.125000
26024   -1834408.250000
26025   -1834408.500000
26026   -1834408.250000
26027   -1834408.500000
26028   -1834408.750000
26029   -1834408.750000
26030   -1834409.000000
26031   -1834409.125000
26032   -1834409.250000
26033   -1834409.375000
26034   -1834409.375000
26035   -1834409.500000
26036   -1834409.750000
26037   -1834409.750000
26038   -1834410.000000
26039   -1834410.000000
26040   -1834410.000000
26041   -1834410.250000
26042   -1834410.500000
26043   -1834410.625000
26044   -1834410.625000
26045   -1834410.750000
26046   -1834410.875000
26047   -1834411.000000
26048   -1834411.250000
26049   -1834411.250000
26050   -1834411.250000
26051   -1834411.500000
26052   -1834411.750000
26053   -1834411.750000
26054   -1834412.000000
26055   -1834412.000000
26056   -1834412.250000
26057   -1834412.125000
26058   -1834412.250000
26059   -1834412.500000
26060   -1834412.625000
26061   -1834412.750000
26062   -1834413.000000
26063   -1834413.000000
26064   -1834413.125000
26065   -1834413.250000
26066   -1834413.375000
26067   -1834413.500000
26068   -1834413.500000
26069   -1834413.750000
26070   -1834414.000000
26071   -1834414.000000
26072   -1834414.000000
26073   -1834414.250000
26074   -1834414.375000
26075   -1834414.625000
26076   -1834414.625000
26077   -1834415.000000
26078   -1834414.875000
26079   -1834415.000000
26080   -1834415.250000
26081   -1834415.250000
26082   -1834415.500000
26083   -1834415.625000
26084   -1834415.500000
26085   -1834415.750000
26086   -1834415.875000
26087   -1834416.125000
26088   -1834416.125000
26089   -1834416.250000
26090   -1834416.500000
26091   -1834416.625000
26092   -1834416.750000
26093   -1834416.875000
26094   -1834417.000000
26095   -1834417.250000
26096   -1834417.250000
26097   -1834417.500000
26098   -1834417.625000
26099   -1834417.750000
26100   -1834417.750000
26101   -1834418.000000
26102   -1834418.000000
26103   -1834418.250000
26104   -1834418.375000
26105   -1834418.625000
26106   -1834418.750000
26107   -1834418.750000
26108   -1834419.000000
26109   -1834419.250000
26110   -1834419.250000
26111   -1834419.500000
26112   -1834419.750000
26113   -1834419.750000
26114   -1834420.000000
26115   -1834420.125000
26116   -1834420.000000
26117   -1834420.250000
26118   -1834420.500000
26119   -1834420.500000
26120   -1834420.500000
26121   -1834420.750000
26122   -1834421.000000
26123   -1834421.000000
26124   -1834421.250000
26125   -1834421.500000
26126   -1834421.625000
26127   -1834421.750000
26128   -1834421.750000
26129   -1834422.000000
26130   -1834422.125000
26131   -1834422.250000
26132   -1834422.500000
26133   -1834422.625000
26134   -1834422.625000
26135   -1834423.000000
26136   -1834423.250000
26137   -1834423.250000
26138   -1834423.500000
26139   -1834423.625000
26140   -1834423.750000
26141   -1834423.875000
26142   -1834424.000000
26143   -1834424.125000
26144   -1834424.250000
26145   -1834424.375000
26146   -1834424.625000
26147   -1834424.750000
26148   -1834424.875000
26149   -1834424.750000
26150   -1834425.250000
26151   -1834425.250000
26152   -1834425.500000
26153   -1834425.750000
26154   -1834425.750000
26155   -1834426.125000
26156   -1834426.250000
26157   -1834426.250000
26158   -1834426.375000
26159   -1834426.625000
26160   -1834426.500000
26161   -1834427.000000
26162   -1834427.000000
26163   -1834427.250000
26164   -1834427.375000
26165   -1834427.500000
26166   -1834427.625000
26167   -1834427.750000
26168   -1834427.875000
26169   -1834427.875000
26170   -1834428.250000
26171   -1834428.375000
26172   -1834428.375000
26173   -1834428.500000
26174   -1834428.750000
26175   -1834428.875000
26176   -1834429.125000
26177   -1834429.125000
26178   -1834429.250000
26179   -1834429.250000
26180   -1834429.500000
26181   -1834429.750000
26182   -1834429.875000
26183   -1834430.125000
26184   -1834430.250000
26185   -1834430.250000
26186   -1834430.375000
26187   -1834430.500000
26188   -1834430.750000
26189   -1834431.000000
26190   -1834431.000000
26191   -1834431.250000
26192   -1834431.250000
26193   -1834431.500000
26194   -1834431.500000
26195   -1834431.500000
26196   -1834431.750000
26197   -1834431.750000
26198   -1834432.000000
26199   -1834432.250000
26200   -1834432.375000
26201   -1834432.500000
26202   -1834432.375000
26203   -1834432.750000
26204   -1834432.750000
26205   -1834432.875000
26206   -1834433.000000
26207   -1834433.125000
26208   -1834433.375000
26209   -1834433.625000
26210   -1834433.625000
26211   -1834433.750000
26212   -1834433.875000
26213   -1834434.000000
26214   -1834434.000000
26215   -1834434.250000
26216   -1834434.250000
26217   -1834434.500000
26218   -1834434.625000
26219   -1834434.750000
26220   -1834434.750000
26221   -1834434.875000
26222   -1834435.125000
26223   -1834435.000000
26224   -1834435.250000
26225   -1834435.375000
26226   -1834435.500000
26227   -1834435.625000
26228   -1834435.750000
26229   -1834435.750000
26230   -1834436.000000
26231   -1834436.000000
26232   -1834436.125000
26233   -1834436.250000
26234   -1834436.250000
26235   -1834436.375000
26236   -1834436.500000
26237   -1834436.500000
26238   -1834436.750000
26239   -1834436.750000
26240   -1834437.125000
26241   -1834437.125000
26242   -1834437.250000
26243   -1834437.250000
26244   -1834437.500000
26245   -1834437.500000
26246   -1834437.500000
26247   -1834437.750000
26248   -1834437.750000
26249   -1834437.750000
26250   -1834438.000000
26251   -1834438.000000
26252   -1834438.250000
26253   -1834438.250000
26254   -1834438.375000
26255   -1834438.375000
26256   -1834438.500000
26257   -1834438.500000
26258   -1834438.750000
26259   -1834438.875000
26260   -1834439.000000
26261   -1834439.125000
26262   -1834439.250000
26263   -1834439.250000
26264   -1834439.375000
26265   -1834439.375000
26266   -1834439.625000
26267   -1834439.750000
26268   -1834439.750000
26269   -1834439.875000
26270   -1834440.000000
26271   -1834439.875000
26272   -1834440.125000
26273   -1834440.000000
26274   -1834440.250000
26275   -1834440.250000
26276   -1834440.375000
26277   -1834440.500000
26278   -1834440.625000
26279   -1834440.750000
26280   -1834440.750000
26281   -1834440.750000
26282   -1834440.875000
26283   -1834441.000000
26284   -1834441.000000
26285   -1834441.000000
26286   -1834441.250000
26287   -1834441.375000
26288   -1834441.500000
26289   -1834441.500000
26290   -1834441.625000
26291   -1834441.750000
26292   -1834441.750000
26293   -1834441.750000
26294   -1834442.000000
26295   -1834442.125000
26296   -1834442.125000
26297   -1834442.000000
26298   -1834442.125000
26299   -1834442.250000
26300   -1834442.250000
26301   -1834442.375000
26302   -1834442.500000
26303   -1834442.625000
26304   -1834442.750000
26305   -1834442.625000
26306   -1834442.875000
26307   -1834443.000000
26308   -1834443.000000
26309   -1834443.000000
26310   -1834443.250000
26311   -1834443.250000
26312   -1834443.500000
26313   -1834443.375000
26314   -1834443.500000
26315   -1834443.500000
26316   -1834443.500000
26317   -1834443.750000
26318   -1834443.875000
26319   -1834443.750000
26320   -1834444.125000
26321   -1834444.000000
26322   -1834444.000000
26323   -1834444.250000
26324   -1834444.250000
26325   -1834444.500000
26326   -1834444.375000
26327   -1834444.500000
26328   -1834444.750000
26329   -1834444.750000
26330   -1834444.750000
26331   -1834445.000000
26332   -1834444.750000
26333   -1834445.125000
26334   -1834445.000000
26335   -1834445.250000
26336   -1834445.375000
26337   -1834445.250000
26338   -1834445.375000
26339   -1834445.625000
26340   -1834445.500000
26341   -1834445.625000
26342   -1834445.625000
26343   -1834445.875000
26344   -1834445.750000
26345   -1834445.750000
26346   -1834446.000000
26347   -1834446.000000
26348   -1834446.125000
26349   -1834446.250000
26350   -1834446.500000
26351   -1834446.250000
26352   -1834446.500000
26353   -1834446.750000
26354   -1834446.750000
26355   -1834446.750000
26356   -1834446.875000
26357   -1834446.875000
26358   -1834447.000000
26359   -1834447.250000
26360   -1834447.250000
26361   -1834447.250000
26362   -1834447.375000
26363   -1834447.375000
26364   -1834447.500000
26365   -1834447.500000
26366   -1834447.750000
26367   -1834447.750000
26368   -1834447.750000
26369   -1834448.000000
26370   -1834448.125000
26371   -1834448.250000
26372   -1834448.250000
26373   -1834448.500000
26374   -1834448.500000
26375   -1834448.500000
26376   -1834448.750000
26377   -1834448.750000
26378   -1834448.750000
26379   -1834449.000000
26380   -1834449.000000
26381   -1834449.000000
26382   -1834449.250000
26383   -1834449.250000
26384   -1834449.375000
26385   -1834449.500000
26386   -1834449.625000
26387   -1834449.625000
26388   -1834449.750000
26389   -1834449.750000
26390   -1834450.000000
26391   -1834450.000000
26392   -1834450.000000
26393   -1834450.250000
26394   -1834450.250000
26395   -1834450.500000
26396   -1834450.500000
26397   -1834450.625000
26398   -1834450.750000
26399   -1834450.750000
26400   -1834450.750000
26401   -1834451.000000
26402   -1834451.000000
26403   -1834451.250000
26404   -1834451.125000
26405   -1834451.375000
26406   -1834451.500000
26407   -1834451.500000
26408   -1834451.625000
26409   -1834451.750000
26410   -1834451.750000
26411   -1834451.875000
26412   -1834452.000000
26413   -1834452.000000
26414   -1834452.125000
26415   -1834452.250000
26416   -1834452.500000
26417   -1834452.500000
26418   -1834452.500000
26419   -1834452.750000
26420   -1834452.750000
26421   -1834453.000000
26422   -1834453.000000
26423   -1834453.125000
26424   -1834453.250000
26425   -1834453.250000
26426   -1834453.500000
26427   -1834453.500000
26428   -1834453.625000
26429   -1834453.750000
26430   -1834453.750000
26431   -1834454.000000
26432   -1834454.250000
26433   -1834454.250000
26434   -1834454.375000
26435   -1834454.500000
26436   -1834454.500000
26437   -1834454.750000
26438   -1834454.750000
26439   -1834454.875000
26440   -1834455.000000
26441   -1834455.000000
26442   -1834455.250000
26443   -1834455.500000
26444   -1834455.500000
26445   -1834455.500000
26446   -1834455.750000
26447   -1834455.750000
26448   -1834456.000000
26449   -1834456.000000
26450   -1834456.250000
26451   -1834456.250000
26452   -1834456.375000
26453   -1834456.625000
26454   -1834456.750000
26455   -1834456.875000
26456   -1834457.000000
26457   -1834457.000000
26458   -1834457.250000
26459   -1834457.375000
26460   -1834457.500000
26461   -1834457.625000
26462   -1834457.750000
26463   -1834458.000000
26464   -1834458.000000
26465   -1834458.125000
26466   -1834458.250000
26467   -1834458.375000
26468   -1834458.500000
26469   -1834458.500000
26470   -1834458.750000
26471   -1834459.000000
26472   -1834459.000000
26473   -1834459.125000
26474   -1834459.250000
26475   -1834459.375000
26476   -1834459.500000
26477   -1834459.500000
26478   -1834459.750000
26479   -1834459.875000
26480   -1834460.000000
26481   -1834460.250000
26482   -1834460.375000
26483   -1834460.500000
26484   -1834460.750000
26485   -1834460.750000
26486   -1834460.750000
26487   -1834461.000000
26488   -1834461.125000
26489   -1834461.250000
26490   -1834461.375000
26491   -1834461.500000
26492   -1834461.750000
26493   -1834461.875000
26494   -1834462.125000
26495   -1834462.250000
26496   -1834462.250000
26497   -1834462.500000
26498   -1834462.375000
26499   -1834462.750000
26500   -1834462.875000
26501   -1834463.000000
26502   -1834463.000000
26503   -1834463.250000
26504   -1834463.500000
26505   -1834463.500000
26506   -1834463.750000
26507   -1834463.750000
26508   -1834464.125000
26509   -1834464.000000
26510   -1834464.375000
26511   -1834464.250000
26512   -1834464.500000
26513   -1834464.750000
26514   -1834464.750000
26515   -1834465.125000
26516   -1834465.125000
26517   -1834465.250000
26518   -1834465.375000
26519   -1834465.500000
26520   -1834465.500000
26521   -1834465.750000
26522   -1834466.000000
26523   -1834466.125000
26524   -1834466.375000
26525   -1834466.500000
26526   -1834466.625000
26527   -1834466.750000
26528   -1834466.750000
26529   -1834467.000000
26530   -1834467.000000
26531   -1834467.375000
26532   -1834467.500000
26533   -1834467.750000
26534   -1834467.750000
26535   -1834468.000000
26536   -1834468.000000
26537   -1834468.000000
26538   -1834468.375000
26539   -1834468.500000
26540   -1834468.750000
26541   -1834468.750000
26542   -1834469.000000
26543   -1834469.125000
26544   -1834469.250000
26545   -1834469.500000
26546   -1834469.500000
26547   -1834469.750000
26548   -1834470.000000
26549   -1834470.000000
26550   -1834470.250000
26551   -1834470.250000
26552   -1834470.625000
26553   -1834470.625000
26554   -1834470.750000
26555   -1834471.000000
26556   -1834471.250000
26557   -1834471.375000
26558   -1834471.500000
26559   -1834471.750000
26560   -1834471.750000
26561   -1834472.000000
26562   -1834472.250000
26563   -1834472.375000
26564   -1834472.500000
26565   -1834472.750000
26566   -1834472.875000
26567   -1834473.000000
26568   -1834473.125000
26569   -1834473.250000
26570   -1834473.625000
26571   -1834473.500000
26572   -1834474.000000
26573   -1834474.000000
26574   -1834474.250000
26575   -1834474.250000
26576   -1834474.500000
26577   -1834474.750000
26578   -1834475.000000
26579   -1834475.125000
26580   -1834475.250000
26581   -1834475.500000
26582   -1834475.625000
26583   -1834475.750000
26584   -1834476.000000
26585   -1834476.250000
26586   -1834476.500000
26587   -1834476.500000
26588   -1834476.750000
26589   -1834476.875000
26590   -1834477.000000
26591   -1834477.375000
26592   -1834477.625000
26593   -1834477.625000
26594   -1834477.750000
26595   -1834478.000000
26596   -1834478.250000
26597   -1834478.375000
26598   -1834478.625000
26599   -1834478.875000
26600   -1834479.000000
26601   -1834479.250000
26602   -1834479.250000
26603   -1834479.625000
26604   -1834479.750000
26605   -1834479.875000
26606   -1834480.125000
26607   -1834480.250000
26608   -1834480.500000
26609   -1834480.750000
26610   -1834481.000000
26611   -1834481.125000
26612   -1834481.250000
26613   -1834481.500000
26614   -1834481.625000
26615   -1834481.750000
26616   -1834482.000000
26617   -1834482.250000
26618   -1834482.375000
26619   -1834482.625000
26620   -1834482.750000
26621   -1834483.000000
26622   -1834483.125000
26623   -1834483.375000
26624   -1834483.500000
26625   -1834483.750000
26626   -1834483.875000
26627   -1834484.000000
26628   -1834484.500000
26629   -1834484.500000
26630   -1834484.625000
26631   -1834484.750000
26632   -1834485.000000
26633   -1834485.250000
26634   -1834485.500000
26635   -1834485.750000
26636   -1834485.750000
26637   -1834486.125000
26638   -1834486.250000
26639   -1834486.375000
26640   -1834486.625000
26641   -1834486.875000
26642   -1834487.000000
26643   -1834487.125000
26644   -1834487.250000
26645   -1834487.500000
26646   -1834487.625000
26647   -1834487.750000
26648   -1834488.000000
26649   -1834488.250000
26650   -1834488.500000
26651   -1834488.625000
26652   -1834488.750000
26653   -1834489.125000
26654   -1834489.250000
26655   -1834489.500000
26656   -1834489.625000
26657   -1834489.750000
26658   -1834490.000000
26659   -1834490.125000
26660   -1834490.375000
26661   -1834490.500000
26662   -1834490.750000
26663   -1834490.875000
26664   -1834491.000000
26665   -1834491.250000
26666   -1834491.500000
26667   -1834491.500000
26668   -1834491.875000
26669   -1834492.000000
26670   -1834492.125000
26671   -1834492.500000
26672   -1834492.500000
26673   -1834492.750000
26674   -1834493.000000
26675   -1834493.250000
26676   -1834493.250000
26677   -1834493.500000
26678   -1834493.750000
26679   -1834494.000000
26680   -1834494.000000
26681   -1834494.250000
26682   -1834494.250000
26683   -1834494.500000
26684   -1834494.625000
26685   -1834494.875000
26686   -1834495.000000
26687   -1834495.250000
26688   -1834495.375000
26689   -1834495.500000
26690   -1834495.750000
26691   -1834496.000000
26692   -1834496.250000
26693   -1834496.375000
26694   -1834496.500000
26695   -1834496.625000
26696   -1834496.750000
26697   -1834496.875000
26698   -1834497.250000
26699   -1834497.500000
26700   -1834497.500000
26701   -1834497.625000
26702   -1834497.875000
26703   -1834498.000000
26704   -1834498.250000
26705   -1834498.375000
26706   -1834498.500000
26707   -1834498.625000
26708   -1834499.000000
26709   -1834499.000000
26710   -1834499.250000
26711   -1834499.250000
26712   -1834499.375000
26713   -1834499.750000
26714   -1834499.750000
26715   -1834500.000000
26716   -1834500.125000
26717   -1834500.375000
26718   -1834500.500000
26719   -1834500.750000
26720   -1834500.875000
26721   -1834500.750000
26722   -1834501.250000
26723   -1834501.250000
26724   -1834501.500000
26725   -1834501.625000
26726   -1834501.750000
26727   -1834502.000000
26728   -1834502.125000
26729   -1834502.250000
26730   -1834502.500000
26731   -1834502.500000
26732   -1834502.750000
26733   -1834502.875000
26734   -1834503.000000
26735   -1834503.125000
26736   -1834503.500000
26737   -1834503.500000
26738   -1834503.500000
26739   -1834503.750000
26740   -1834504.000000
26741   -1834504.250000
26742   -1834504.125000
26743   -1834504.250000
26744   -1834504.500000
26745   -1834504.625000
26746   -1834504.750000
26747   -1834504.875000
26748   -1834505.000000
26749   -1834505.250000
26750   -1834505.250000
26751   -1834505.500000
26752   -1834505.625000
26753   -1834505.750000
26754   -1834505.875000
26755   -1834505.875000
26756   -1834506.250000
26757   -1834506.250000
26758   -1834506.500000
26759   -1834506.500000
26760   -1834506.750000
26761   -1834506.750000
26762   -1834506.750000
26763   -1834507.000000
26764   -1834507.125000
26765   -1834507.250000
26766   -1834507.375000
26767   -1834507.500000
26768   -1834507.625000
26769   -1834507.750000
26770   -1834507.750000
26771   -1834508.000000
26772   -1834508.125000
26773   -1834508.250000
26774   -1834508.250000
26775   -1834508.375000
26776   -1834508.500000
26777   -1834508.625000
26778   -1834508.750000
26779   -1834508.750000
26780   -1834508.750000
26781   -1834509.000000
26782   -1834509.000000
26783   -1834509.250000
26784   -1834509.250000
26785   -1834509.250000
26786   -1834509.500000
26787   -1834509.500000
26788   -1834509.750000
26789   -1834509.750000
26790   -1834510.000000
26791   -1834510.000000
26792   -1834510.125000
26793   -1834510.250000
26794   -1834510.375000
26795   -1834510.250000
26796   -1834510.500000
26797   -1834510.500000
26798   -1834510.500000
26799   -1834510.750000
26800   -1834510.750000
26801   -1834510.875000
26802   -1834511.000000
26803   -1834511.000000
26804   -1834511.125000
26805   -1834511.250000
26806   -1834511.250000
26807   -1834511.375000
26808   -1834511.500000
26809   -1834511.750000
26810   -1834511.750000
26811   -1834511.750000
26812   -1834512.000000
26813   -1834512.000000
26814   -1834511.875000
26815   -1834512.000000
26816   -1834512.250000
26817   -1834512.250000
26818   -1834512.250000
26819   -1834512.500000
26820   -1834512.500000
26821   -1834512.625000
26822   -1834512.750000
26823   -1834512.750000
26824   -1834512.750000
26825   -1834512.750000
26826   -1834513.000000
26827   -1834513.000000
26828   -1834513.125000
26829   -1834513.250000
26830   -1834513.250000
26831   -1834513.250000
26832   -1834513.375000
26833   -1834513.500000
26834   -1834513.500000
26835   -1834513.625000
26836   -1834513.750000
26837   -1834513.750000
26838   -1834513.875000
26839   -1834514.000000
26840   -1834514.000000
26841   -1834514.000000
26842   -1834514.000000
26843   -1834514.250000
26844   -1834514.250000
26845   -1834514.250000
26846   -1834514.375000
26847   -1834514.500000
26848   -1834514.500000
26849   -1834514.500000
26850   -1834514.500000
26851   -1834514.625000
26852   -1834514.750000
26853   -1834514.750000
26854   -1834514.875000
26855   -1834514.750000
26856   -1834515.125000
26857   -1834515.000000
26858   -1834515.250000
26859   -1834515.250000
26860   -1834515.375000
26861   -1834515.250000
26862   -1834515.500000
26863   -1834515.500000
26864   -1834515.500000
26865   -1834515.625000
26866   -1834515.750000
26867   -1834515.750000
26868   -1834515.750000
26869   -1834515.750000
26870   -1834515.750000
26871   -1834515.875000
26872   -1834516.000000
26873   -1834516.000000
26874   -1834516.000000
26875   -1834516.250000
26876   -1834516.250000
26877   -1834516.250000
26878   -1834516.250000
26879   -1834516.375000
26880   -1834516.500000
26881   -1834516.500000
26882   -1834516.500000
26883   -1834516.500000
26884   -1834516.500000
26885   -1834516.750000
26886   -1834516.625000
26887   -1834516.750000
26888   -1834516.875000
26889   -1834516.875000
26890   -1834517.000000
26891   -1834517.000000
26892   -1834517.000000
26893   -1834517.250000
26894   -1834517.250000
26895   -1834517.250000
26896   -1834517.375000
26897   -1834517.375000
26898   -1834517.500000
26899   -1834517.500000
26900   -1834517.500000
26901   -1834517.625000
26902   -1834517.625000
26903   -1834517.750000
26904   -1834517.750000
26905   -1834517.750000
26906   -1834517.750000
26907   -1834517.875000
26908   -1834517.875000
26909   -1834518.000000
26910   -1834518.000000
26911   -1834518.125000
26912   -1834518.125000
26913   -1834518.250000
26914   -1834518.250000
26915   -1834518.250000
26916   -1834518.250000
26917   -1834518.250000
26918   -1834518.500000
26919   -1834518.500000
26920   -1834518.500000
26921   -1834518.625000
26922   -1834518.625000
26923   -1834518.750000
26924   -1834518.750000
26925   -1834518.750000
26926   -1834518.875000
26927   -1834519.000000
26928   -1834519.000000
26929   -1834519.000000
26930   -1834519.000000
26931   -1834519.000000
26932   -1834519.000000
26933   -1834519.250000
26934   -1834519.250000
26935   -1834519.250000
26936   -1834519.250000
26937   -1834519.250000
26938   -1834519.500000
26939   -1834519.500000
26940   -1834519.500000
26941   -1834519.625000
26942   -1834519.625000
26943   -1834519.750000
26944   -1834519.750000
26945   -1834519.750000
26946   -1834519.875000
26947   -1834519.875000
26948   -1834519.875000
26949   -1834520.000000
26950   -1834520.000000
26951   -1834520.000000
26952   -1834520.125000
26953   -1834520.125000
26954   -1834520.125000
26955   -1834520.250000
26956   -1834520.250000
26957   -1834520.375000
26958   -1834520.375000
26959   -1834520.500000
26960   -1834520.500000
26961   -1834520.500000
26962   -1834520.500000
26963   -1834520.625000
26964   -1834520.750000
26965   -1834520.750000
26966   -1834520.750000
26967   -1834520.750000
26968   -1834520.875000
26969   -1834521.000000
26970   -1834521.000000
26971   -1834521.000000
26972   -1834521.250000
26973   -1834521.125000
26974   -1834521.125000
26975   -1834521.250000
26976   -1834521.250000
26977   -1834521.500000
26978   -1834521.500000
26979   -1834521.500000
26980   -1834521.500000
26981   -1834521.500000
26982   -1834521.625000
26983   -1834521.500000
26984   -1834521.750000
26985   -1834521.750000
26986   -1834521.750000
26987   -1834521.750000
26988   -1834521.875000
26989   -1834522.000000
26990   -1834522.000000
26991   -1834522.000000
26992   -1834522.000000
26993   -1834522.125000
26994   -1834522.250000
26995   -1834522.250000
26996   -1834522.250000
26997   -1834522.250000
26998   -1834522.375000
26999   -1834522.500000
27000   -1834522.500000
27001   -1834522.500000
27002   -1834522.625000
27003   -1834522.750000
27004   -1834522.750000
27005   -1834522.750000
27006   -1834522.875000
27007   -1834522.875000
27008   -1834523.000000
27009   -1834523.000000
27010   -1834523.000000
27011   -1834523.125000
27012   -1834523.125000
27013   -1834523.250000
27014   -1834523.250000
27015   -1834523.250000
27016   -1834523.375000
27017   -1834523.250000
27018   -1834523.500000
27019   -1834523.500000
27020   -1834523.625000
27021   -1834523.625000
27022   -1834523.625000
27023   -1834523.750000
27024   -1834523.750000
27025   -1834523.750000
27026   -1834523.875000
27027   -1834524.000000
27028   -1834524.000000
27029   -1834524.000000
27030   -1834524.000000
27031   -1834524.125000
27032   -1834524.250000
27033   -1834524.250000
27034   -1834524.250000
27035   -1834524.375000
27036   -1834524.375000
27037   -1834524.500000
27038   -1834524.500000
27039   -1834524.625000
27040   -1834524.750000
27041   -1834524.750000
27042   -1834524.750000
27043   -1834524.750000
27044   -1834525.000000
27045   -1834525.000000
27046   -1834525.000000
27047   -1834525.125000
27048   -1834525.125000
27049   -1834525.125000
27050   -1834525.250000
27051   -1834525.250000
27052   -1834525.500000
27053   -1834525.500000
27054   -1834525.500000
27055   -1834525.500000
27056   -1834525.625000
27057   -1834525.750000
27058   -1834525.750000
27059   -1834525.750000
27060   -1834525.875000
27061   -1834526.000000
27062   -1834526.000000
27063   -1834526.000000
27064   -1834526.125000
27065   -1834526.250000
27066   -1834526.125000
27067   -1834526.375000
27068   -1834526.500000
27069   -1834526.500000
27070   -1834526.500000
27071   -1834526.500000
27072   -1834526.500000
27073   -1834526.750000
27074   -1834526.750000
27075   -1834526.750000
27076   -1834526.875000
27077   -1834527.000000
27078   -1834527.000000
27079   -1834527.125000
27080   -1834527.250000
27081   -1834527.250000
27082   -1834527.250000
27083   -1834527.250000
27084   -1834527.500000
27085   -1834527.500000
27086   -1834527.500000
27087   -1834527.750000
27088   -1834527.750000
27089   -1834527.750000
27090   -1834527.750000
27091   -1834527.875000
27092   -1834528.000000
27093   -1834528.000000
27094   -1834528.250000
27095   -1834528.250000
27096   -1834528.250000
27097   -1834528.500000
27098   -1834528.500000
27099   -1834528.500000
27100   -1834528.625000
27101   -1834528.500000
27102   -1834528.750000
27103   -1834528.750000
27104   -1834528.875000
27105   -1834529.000000
27106   -1834529.000000
27107   -1834529.125000
27108   -1834529.250000
27109   -1834529.250000
27110   -1834529.375000
27111   -1834529.500000
27112   -1834529.500000
27113   -1834529.625000
27114   -1834529.750000
27115   -1834529.625000
27116   -1834529.750000
27117   -1834529.875000
27118   -1834529.875000
27119   -1834530.000000
27120   -1834530.000000
27121   -1834530.125000
27122   -1834530.250000
27123   -1834530.500000
27124   -1834530.375000
27125   -1834530.500000
27126   -1834530.500000
27127   -1834530.750000
27128   -1834530.750000
27129   -1834530.750000
27130   -1834530.750000
27131   -1834530.875000
27132   -1834531.000000
27133   -1834531.000000
27134   -1834531.125000
27135   -1834531.250000
27136   -1834531.250000
27137   -1834531.375000
27138   -1834531.500000
27139   -1834531.625000
27140   -1834531.750000
27141   -1834531.750000
27142   -1834532.000000
27143   -1834531.875000
27144   -1834532.000000
27145   -1834532.125000
27146   -1834532.125000
27147   -1834532.250000
27148   -1834532.375000
27149   -1834532.375000
27150   -1834532.500000
27151   -1834532.625000
27152   -1834532.750000
27153   -1834532.750000
27154   -1834532.875000
27155   -1834533.000000
27156   -1834533.000000
27157   -1834533.000000
27158   -1834533.250000
27159   -1834533.250000
27160   -1834533.375000
27161   -1834533.500000
27162   -1834533.500000
27163   -1834533.625000
27164   -1834533.750000
27165   -1834533.875000
27166   -1834533.875000
27167   -1834534.000000
27168   -1834534.000000
27169   -1834534.250000
27170   -1834534.250000
27171   -1834534.375000
27172   -1834534.500000
27173   -1834534.500000
27174   -1834534.750000
27175   -1834534.875000
27176   -1834534.875000
27177   -1834535.000000
27178   -1834535.000000
27179   -1834535.000000
27180   -1834535.125000
27181   -1834535.250000
27182   -1834535.250000
27183   -1834535.500000
27184   -1834535.500000
27185   -1834535.625000
27186   -1834535.625000
27187   -1834535.750000
27188   -1834535.875000
27189   -1834536.000000
27190   -1834536.000000
27191   -1834536.000000
27192   -1834536.250000
27193   -1834536.250000
27194   -1834536.375000
27195   -1834536.500000
27196   -1834536.500000
27197   -1834536.625000
27198   -1834536.750000
27199   -1834536.875000
27200   -1834537.000000
27201   -1834537.000000
27202   -1834537.250000
27203   -1834537.250000
27204   -1834537.250000
27205   -1834537.250000
27206   -1834537.375000
27207   -1834537.500000
27208   -1834537.500000
27209   -1834537.750000
27210   -1834537.750000
27211   -1834537.875000
27212   -1834538.000000
27213   -1834538.000000
27214   -1834538.125000
27215   -1834538.250000
27216   -1834538.250000
27217   -1834538.375000
27218   -1834538.375000
27219   -1834538.500000
27220   -1834538.625000
27221   -1834538.500000
27222   -1834538.750000
27223   -1834538.750000
27224   -1834538.875000
27225   -1834539.000000
27226   -1834539.125000
27227   -1834539.250000
27228   -1834539.250000
27229   -1834539.250000
27230   -1834539.375000
27231   -1834539.500000
27232   -1834539.625000
27233   -1834539.625000
27234   -1834539.750000
27235   -1834539.875000
27236   -1834539.875000
27237   -1834540.000000
27238   -1834540.000000
27239   -1834540.125000
27240   -1834540.250000
27241   -1834540.375000
27242   -1834540.375000
27243   -1834540.375000
27244   -1834540.500000
27245   -1834540.625000
27246   -1834540.750000
27247   -1834540.750000
27248   -1834540.750000
27249   -1834540.875000
27250   -1834541.000000
27251   -1834541.000000
27252   -1834541.125000
27253   -1834541.250000
27254   -1834541.250000
27255   -1834541.375000
27256   -1834541.375000
27257   -1834541.500000
27258   -1834541.500000
27259   -1834541.500000
27260   -1834541.750000
27261   -1834541.875000
27262   -1834541.875000
27263   -1834542.000000
27264   -1834541.875000
27265   -1834542.000000
27266   -1834542.250000
27267   -1834542.125000
27268   -1834542.250000
27269   -1834542.250000
27270   -1834542.500000
27271   -1834542.500000
27272   -1834542.500000
27273   -1834542.625000
27274   -1834542.625000
27275   -1834542.750000
27276   -1834542.750000
27277   -1834542.750000
27278   -1834542.875000
27279   -1834543.000000
27280   -1834543.000000
27281   -1834543.250000
27282   -1834543.250000
27283   -1834543.250000
27284   -1834543.375000
27285   -1834543.500000
27286   -1834543.500000
27287   -1834543.500000
27288   -1834543.625000
27289   -1834543.750000
27290   -1834543.750000
27291   -1834543.750000
27292   -1834543.750000
27293   -1834544.000000
27294   -1834544.000000
27295   -1834544.000000
27296   -1834544.125000
27297   -1834544.250000
27298   -1834544.250000
27299   -1834544.250000
27300   -1834544.500000
27301   -1834544.500000
27302   -1834544.500000
27303   -1834544.500000
27304   -1834544.500000
27305   -1834544.750000
27306   -1834544.750000
27307   -1834544.875000
27308   -1834545.000000
27309   -1834544.875000
27310   -1834545.000000
27311   -1834545.000000
27312   -1834545.125000
27313   -1834545.250000
27314   -1834545.250000
27315   -1834545.250000
27316   -1834545.375000
27317   -1834545.500000
27318   -1834545.500000
27319   -1834545.500000
27320   -1834545.625000
27321   -1834545.625000
27322   -1834545.750000
27323   -1834545.750000
27324   -1834545.750000
27325   -1834545.875000
27326   -1834545.875000
27327   -1834546.000000
27328   -1834546.000000
27329   -1834546.125000
27330   -1834546.250000
27331   -1834546.125000
27332   -1834546.250000
27333   -1834546.250000
27334   -1834546.500000
27335   -1834546.500000
27336   -1834546.500000
27337   -1834546.500000
27338   -1834546.625000
27339   -1834546.625000
27340   -1834546.750000
27341   -1834546.750000
27342   -1834546.750000
27343   -1834547.000000
27344   -1834546.875000
27345   -1834547.000000
27346   -1834547.125000
27347   -1834547.000000
27348   -1834547.250000
27349   -1834547.250000
27350   -1834547.250000
27351   -1834547.250000
27352   -1834547.250000
27353   -1834547.500000
27354   -1834547.500000
27355   -1834547.500000
27356   -1834547.500000
27357   -1834547.500000
27358   -1834547.750000
27359   -1834547.750000
27360   -1834547.625000
27361   -1834547.750000
27362   -1834547.875000
27363   -1834547.875000
27364   -1834548.000000
27365   -1834548.000000
27366   -1834548.000000
27367   -1834548.125000
27368   -1834548.250000
27369   -1834548.125000
27370   -1834548.250000
27371   -1834548.375000
27372   -1834548.250000
27373   -1834548.500000
27374   -1834548.500000
27375   -1834548.500000
27376   -1834548.625000
27377   -1834548.625000
27378   -1834548.625000
27379   -1834548.750000
27380   -1834548.625000
27381   -1834548.750000
27382   -1834548.750000
27383   -1834548.750000
27384   -1834549.000000
27385   -1834549.000000
27386   -1834549.000000
27387   -1834549.000000
27388   -1834549.000000
27389   -1834549.000000
27390   -1834549.250000
27391   -1834549.250000
27392   -1834549.250000
27393   -1834549.250000
27394   -1834549.375000
27395   -1834549.375000
27396   -1834549.500000
27397   -1834549.500000
27398   -1834549.500000
27399   -1834549.500000
27400   -1834549.625000
27401   -1834549.625000
27402   -1834549.750000
27403   -1834549.750000
27404   -1834549.750000
27405   -1834549.750000
27406   -1834549.875000
27407   -1834550.000000
27408   -1834549.875000
27409   -1834550.000000
27410   -1834550.000000
27411   -1834550.125000
27412   -1834550.000000
27413   -1834550.125000
27414   -1834550.125000
27415   -1834550.125000
27416   -1834550.250000
27417   -1834550.375000
27418   -1834550.250000
27419   -1834550.250000
27420   -1834550.500000
27421   -1834550.500000
27422   -1834550.500000
27423   -1834550.625000
27424   -1834550.625000
27425   -1834550.500000
27426   -1834550.500000
27427   -1834550.625000
27428   -1834550.625000
27429   -1834550.750000
27430   -1834550.750000
27431   -1834550.875000
27432   -1834550.875000
27433   -1834551.000000
27434   -1834551.000000
27435   -1834551.000000
27436   -1834551.125000
27437   -1834551.000000
27438   -1834551.250000
27439   -1834551.000000
27440   -1834551.125000
27441   -1834551.250000
27442   -1834551.250000
27443   -1834551.250000
27444   -1834551.250000
27445   -1834551.500000
27446   -1834551.500000
27447   -1834551.500000
27448   -1834551.500000
27449   -1834551.625000
27450   -1834551.500000
27451   -1834551.625000
27452   -1834551.750000
27453   -1834551.750000
27454   -1834551.625000
27455   -1834551.750000
27456   -1834551.750000
27457   -1834551.875000
27458   -1834552.000000
27459   -1834552.000000
27460   -1834552.000000
27461   -1834552.000000
27462   -1834552.000000
27463   -1834552.125000
27464   -1834552.125000
27465   -1834552.125000
27466   -1834552.250000
27467   -1834552.250000
27468   -1834552.250000
27469   -1834552.250000
27470   -1834552.500000
27471   -1834552.250000
27472   -1834552.500000
27473   -1834552.500000
27474   -1834552.500000
27475   -1834552.500000
27476   -1834552.625000
27477   -1834552.625000
27478   -1834552.625000
27479   -1834552.750000
27480   -1834552.750000
27481   -1834552.750000
27482   -1834552.750000
27483   -1834552.750000
27484   -1834553.000000
27485   -1834552.875000
27486   -1834552.875000
27487   -1834553.000000
27488   -1834553.000000
27489   -1834553.125000
27490   -1834553.250000
27491   -1834553.125000
27492   -1834553.250000
27493   -1834553.250000
27494   -1834553.250000
27495   -1834553.250000
27496   -1834553.375000
27497   -1834553.375000
27498   -1834553.375000
27499   -1834553.250000
27500   -1834553.500000
27501   -1834553.375000
27502   -1834553.500000
27503   -1834553.625000
27504   -1834553.625000
27505   -1834553.625000
27506   -1834553.750000
27507   -1834553.750000
27508   -1834553.750000
27509   -1834553.750000
27510   -1834553.875000
27511   -1834553.750000
27512   -1834553.875000
27513   -1834554.000000
27514   -1834554.000000
27515   -1834554.000000
27516   -1834554.000000
27517   -1834554.000000
27518   -1834554.000000
27519   -1834554.000000
27520   -1834554.250000
27521   -1834554.250000
27522   -1834554.250000
27523   -1834554.250000
27524   -1834554.375000
27525   -1834554.250000
27526   -1834554.500000
27527   -1834554.500000
27528   -1834554.500000
27529   -1834554.375000
27530   -1834554.500000
27531   -1834554.500000
27532   -1834554.500000
27533   -1834554.625000
27534   -1834554.750000
27535   -1834554.750000
27536   -1834554.750000
27537   -1834554.750000
27538   -1834554.750000
27539   -1834554.875000
27540   -1834554.750000
27541   -1834554.875000
27542   -1834554.875000
27543   -1834555.000000
27544   -1834555.000000
27545   -1834555.000000
27546   -1834555.000000
27547   -1834555.125000
27548   -1834555.125000
27549   -1834555.250000
27550   -1834555.250000
27551   -1834555.250000
27552   -1834555.250000
27553   -1834555.250000
27554   -1834555.375000
27555   -1834555.500000
27556   -1834555.250000
27557   -1834555.250000
27558   -1834555.500000
27559   -1834555.500000
27560   -1834555.500000
27561   -1834555.500000
27562   -1834555.500000
27563   -1834555.500000
27564   -1834555.625000
27565   -1834555.750000
27566   -1834555.625000
27567   -1834555.625000
27568   -1834555.750000
27569   -1834555.750000
27570   -1834555.750000
27571   -1834555.750000
27572   -1834555.750000
27573   -1834555.875000
27574   -1834555.875000
27575   -1834556.000000
27576   -1834555.875000
27577   -1834556.000000
27578   -1834556.000000
27579   -1834556.000000
27580   -1834556.125000
27581   -1834556.000000
27582   -1834556.000000
27583   -1834556.250000
27584   -1834556.250000
27585   -1834556.250000
27586   -1834556.250000
27587   -1834556.250000
27588   -1834556.250000
27589   -1834556.375000
27590   -1834556.250000
27591   -1834556.375000
27592   -1834556.250000
27593   -1834556.375000
27594   -1834556.500000
27595   -1834556.375000
27596   -1834556.500000
27597   -1834556.500000
27598   -1834556.500000
27599   -1834556.625000
27600   -1834556.625000
27601   -1834556.750000
27602   -1834556.750000
27603   -1834556.750000
27604   -1834556.750000
27605   -1834556.750000
27606   -1834556.750000
27607   -1834556.750000
27608   -1834556.750000
27609   -1834556.750000
27610   -1834556.875000
27611   -1834556.875000
27612   -1834557.000000
27613   -1834557.000000
27614   -1834557.000000
27615   -1834557.000000
27616   -1834557.000000
27617   -1834557.000000
27618   -1834557.000000
27619   -1834557.000000
27620   -1834557.125000
27621   -1834557.250000
27622   -1834557.250000
27623   -1834557.250000
27624   -1834557.250000
27625   -1834557.250000
27626   -1834557.250000
27627   -1834557.250000
27628   -1834557.250000
27629   -1834557.500000
27630   -1834557.500000
27631   -1834557.500000
27632   -1834557.500000
27633   -1834557.500000
27634   -1834557.500000
27635   -1834557.500000
27636   -1834557.500000
27637   -1834557.500000
27638   -1834557.750000
27639   -1834557.750000
27640   -1834557.750000
27641   -1834557.750000
27642   -1834557.750000
27643   -1834557.875000
27644   -1834557.750000
27645   -1834557.875000
27646   -1834557.750000
27647   -1834558.000000
27648   -1834558.000000
27649   -1834558.000000
27650   -1834558.000000
27651   -1834558.000000
27652   -1834558.000000
27653   -1834558.125000
27654   -1834558.000000
27655   -1834558.125000
27656   -1834558.250000
27657   -1834558.250000
27658   -1834558.250000
27659   -1834558.125000
27660   -1834558.250000
27661   -1834558.250000
27662   -1834558.375000
27663   -1834558.250000
27664   -1834558.375000
27665   -1834558.375000
27666   -1834558.500000
27667   -1834558.375000
27668   -1834558.250000
27669   -1834558.500000
27670   -1834558.500000
27671   -1834558.625000
27672   -1834558.500000
27673   -1834558.625000
27674   -1834558.750000
27675   -1834558.625000
27676   -1834558.750000
27677   -1834558.750000
27678   -1834558.750000
27679   -1834558.750000
27680   -1834558.750000
27681   -1834558.750000
27682   -1834558.875000
27683   -1834558.750000
27684   -1834558.875000
27685   -1834558.750000
27686   -1834559.000000
27687   -1834559.000000
27688   -1834559.000000
27689   -1834559.125000
27690   -1834559.000000
27691   -1834559.125000
27692   -1834559.250000
27693   -1834559.125000
27694   -1834559.250000
27695   -1834559.250000
27696   -1834559.250000
27697   -1834559.250000
27698   -1834559.250000
27699   -1834559.250000
27700   -1834559.250000
27701   -1834559.375000
27702   -1834559.375000
27703   -1834559.500000
27704   -1834559.500000
27705   -1834559.375000
27706   -1834559.375000
27707   -1834559.500000
27708   -1834559.500000
27709   -1834559.625000
27710   -1834559.625000
27711   -1834559.500000
27712   -1834559.625000
27713   -1834559.750000
27714   -1834559.625000
27715   -1834559.750000
27716   -1834559.750000
27717   -1834559.750000
27718   -1834559.750000
27719   -1834559.875000
27720   -1834559.875000
27721   -1834559.875000
27722   -1834559.875000
27723   -1834559.750000
27724   -1834560.000000
27725   -1834560.000000
27726   -1834560.000000
27727   -1834560.000000
27728   -1834560.250000
27729   -1834560.125000
27730   -1834560.125000
27731   -1834560.125000
27732   -1834560.250000
27733   -1834560.250000
27734   -1834560.250000
27735   -1834560.375000
27736   -1834560.500000
27737   -1834560.375000
27738   -1834560.250000
27739   -1834560.375000
27740   -1834560.500000
27741   -1834560.250000
27742   -1834560.500000
27743   -1834560.375000
27744   -1834560.500000
27745   -1834560.500000
27746   -1834560.500000
27747   -1834560.625000
27748   -1834560.750000
27749   -1834560.750000
27750   -1834560.500000
27751   -1834560.750000
27752   -1834560.750000
27753   -1834560.750000
27754   -1834560.625000
27755   -1834560.750000
27756   -1834560.750000
27757   -1834560.750000
27758   -1834560.875000
27759   -1834560.750000
27760   -1834560.875000
27761   -1834560.875000
27762   -1834561.000000
27763   -1834561.000000
27764   -1834561.125000
27765   -1834561.000000
27766   -1834561.125000
27767   -1834561.000000
27768   -1834561.125000
27769   -1834561.000000
27770   -1834561.125000
27771   -1834561.250000
27772   -1834561.250000
27773   -1834561.250000
27774   -1834561.250000
27775   -1834561.375000
27776   -1834561.375000
27777   -1834561.375000
27778   -1834561.375000
27779   -1834561.375000
27780   -1834561.375000
27781   -1834561.375000
27782   -1834561.625000
27783   -1834561.500000
27784   -1834561.500000
27785   -1834561.500000
27786   -1834561.625000
27787   -1834561.750000
27788   -1834561.750000
27789   -1834561.750000
27790   -1834561.625000
27791   -1834561.750000
27792   -1834561.875000
27793   -1834561.750000
27794   -1834561.875000
27795   -1834561.875000
27796   -1834561.875000
27797   -1834562.000000
27798   -1834562.000000
27799   -1834561.875000
27800   -1834562.000000
27801   -1834562.000000
27802   -1834562.125000
27803   -1834562.125000
27804   -1834562.250000
27805   -1834562.250000
27806   -1834562.125000
27807   -1834562.250000
27808   -1834562.250000
27809   -1834562.250000
27810   -1834562.250000
27811   -1834562.375000
27812   -1834562.375000
27813   -1834562.500000
27814   -1834562.500000
27815   -1834562.375000
27816   -1834562.500000
27817   -1834562.625000
27818   -1834562.500000
27819   -1834562.625000
27820   -1834562.500000
27821   -1834562.625000
27822   -1834562.625000
27823   -1834562.625000
27824   -1834562.750000
27825   -1834562.750000
27826   -1834562.750000
27827   -1834562.875000
27828   -1834562.750000
27829   -1834562.750000
27830   -1834563.000000
27831   -1834563.000000
27832   -1834563.000000
27833   -1834563.000000
27834   -1834563.000000
27835   -1834563.250000
27836   -1834563.125000
27837   -1834563.250000
27838   -1834563.125000
27839   -1834563.250000
27840   -1834563.250000
27841   -1834563.375000
27842   -1834563.375000
27843   -1834563.375000
27844   -1834563.375000
27845   -1834563.500000
27846   -1834563.500000
27847   -1834563.500000
27848   -1834563.500000
27849   -1834563.625000
27850   -1834563.625000
27851   -1834563.625000
27852   -1834563.750000
27853   -1834563.750000
27854   -1834563.750000
27855   -1834563.750000
27856   -1834563.750000
27857   -1834564.000000
27858   -1834564.000000
27859   -1834564.000000
27860   -1834564.000000
27861   -1834564.000000
27862   -1834564.000000
27863   -1834564.125000
27864   -1834564.125000
27865   -1834564.250000
27866   -1834564.250000
27867   -1834564.250000
27868   -1834564.375000
27869   -1834564.375000
27870   -1834564.500000
27871   -1834564.500000
27872   -1834564.500000
27873   -1834564.500000
27874   -1834564.500000
27875   -1834564.625000
27876   -1834564.625000
27877   -1834564.750000
27878   -1834564.750000
27879   -1834564.750000
27880   -1834564.750000
27881   -1834564.875000
27882   -1834564.750000
27883   -1834565.000000
27884   -1834565.000000
27885   -1834565.000000
27886   -1834565.000000
27887   -1834565.000000
27888   -1834565.125000
27889   -1834565.250000
27890   -1834565.250000
27891   -1834565.125000
27892   -1834565.250000
27893   -1834565.250000
27894   -1834565.500000
27895   -1834565.250000
27896   -1834565.375000
27897   -1834565.625000
27898   -1834565.500000
27899   -1834565.500000
27900   -1834565.625000
27901   -1834565.750000
27902   -1834565.625000
27903   -1834565.750000
27904   -1834565.750000
27905   -1834565.875000
27906   -1834565.750000
27907   -1834565.875000
27908   -1834566.000000
27909   -1834566.000000
27910   -1834566.000000
27911   -1834566.125000
27912   -1834566.125000
27913   -1834566.125000
27914   -1834566.250000
27915   -1834566.250000
27916   -1834566.250000
27917   -1834566.250000
27918   -1834566.375000
27919   -1834566.500000
27920   -1834566.500000
27921   -1834566.500000
27922   -1834566.500000
27923   -1834566.625000
27924   -1834566.500000
27925   -1834566.750000
27926   -1834566.750000
27927   -1834566.750000
27928   -1834566.750000
27929   -1834567.000000
27930   -1834567.000000
27931   -1834567.000000
27932   -1834567.000000
27933   -1834567.000000
27934   -1834567.000000
27935   -1834567.250000
27936   -1834567.125000
27937   -1834567.125000
27938   -1834567.250000
27939   -1834567.250000
27940   -1834567.375000
27941   -1834567.500000
27942   -1834567.500000
27943   -1834567.500000
27944   -1834567.500000
27945   -1834567.500000
27946   -1834567.500000
27947   -1834567.625000
27948   -1834567.750000
27949   -1834567.875000
27950   -1834567.750000
27951   -1834567.750000
27952   -1834568.000000
27953   -1834567.750000
27954   -1834568.000000
27955   -1834568.000000
27956   -1834568.000000
27957   -1834568.250000
27958   -1834568.125000
27959   -1834568.250000
27960   -1834568.250000
27961   -1834568.250000
27962   -1834568.375000
27963   -1834568.375000
27964   -1834568.375000
27965   -1834568.500000
27966   -1834568.500000
27967   -1834568.500000
27968   -1834568.625000
27969   -1834568.625000
27970   -1834568.625000
27971   -1834568.875000
27972   -1834568.750000
27973   -1834568.875000
27974   -1834569.000000
27975   -1834569.000000
27976   -1834569.000000
27977   -1834569.000000
27978   -1834569.125000
27979   -1834569.250000
27980   -1834569.125000
27981   -1834569.000000
27982   -1834569.250000
27983   -1834569.250000
27984   -1834569.250000
27985   -1834569.500000
27986   -1834569.375000
27987   -1834569.500000
27988   -1834569.625000
27989   -1834569.500000
27990   -1834569.625000
27991   -1834569.750000
27992   -1834569.625000
27993   -1834569.875000
27994   -1834569.750000
27995   -1834569.875000
27996   -1834569.875000
27997   -1834570.000000
27998   -1834570.000000
27999   -1834570.000000
28000   -1834570.125000
28001   -1834570.125000
28002   -1834570.125000
28003   -1834570.000000
28004   -1834570.250000
28005   -1834570.250000
28006   -1834570.500000
28007   -1834570.250000
28008   -1834570.500000
28009   -1834570.500000
28010   -1834570.500000
28011   -1834570.500000
28012   -1834570.500000
28013   -1834570.500000
28014   -1834570.500000
28015   -1834570.750000
28016   -1834570.750000
28017   -1834570.750000
28018   -1834570.750000
28019   -1834570.875000
28020   -1834571.000000
28021   -1834570.750000
28022   -1834571.000000
28023   -1834571.000000
28024   -1834571.000000
28025   -1834571.000000
28026   -1834571.250000
28027   -1834571.250000
28028   -1834571.250000
28029   -1834571.250000
28030   -1834571.250000
28031   -1834571.250000
28032   -1834571.250000
28033   -1834571.500000
28034   -1834571.500000
28035   -1834571.375000
28036   -1834571.500000
28037   -1834571.625000
28038   -1834571.750000
28039   -1834571.750000
28040   -1834571.750000
28041   -1834571.750000
28042   -1834571.750000
28043   -1834571.750000
28044   -1834571.875000
28045   -1834571.875000
28046   -1834571.875000
28047   -1834572.000000
28048   -1834572.000000
28049   -1834572.000000
28050   -1834572.125000
28051   -1834572.000000
28052   -1834572.125000
28053   -1834572.125000
28054   -1834572.250000
28055   -1834572.250000
28056   -1834572.250000
28057   -1834572.250000
28058   -1834572.250000
28059   -1834572.375000
28060   -1834572.500000
28061   -1834572.500000
28062   -1834572.500000
28063   -1834572.500000
28064   -1834572.500000
28065   -1834572.625000
28066   -1834572.750000
28067   -1834572.625000
28068   -1834572.750000
28069   -1834572.750000
28070   -1834572.750000
28071   -1834573.000000
28072   -1834572.875000
28073   -1834573.000000
28074   -1834573.000000
28075   -1834573.000000
28076   -1834572.875000
28077   -1834573.125000
28078   -1834573.125000
28079   -1834573.125000
28080   -1834573.125000
28081   -1834573.250000
28082   -1834573.250000
28083   -1834573.250000
28084   -1834573.250000
28085   -1834573.250000
28086   -1834573.375000
28087   -1834573.500000
28088   -1834573.375000
28089   -1834573.500000
28090   -1834573.500000
28091   -1834573.500000
28092   -1834573.500000
28093   -1834573.625000
28094   -1834573.750000
28095   -1834573.625000
28096   -1834573.625000
28097   -1834573.750000
28098   -1834573.750000
28099   -1834573.875000
28100   -1834573.875000
28101   -1834573.875000
28102   -1834574.000000
28103   -1834574.000000
28104   -1834574.000000
28105   -1834574.000000
28106   -1834574.000000
28107   -1834574.000000
28108   -1834574.125000
28109   -1834574.125000
28110   -1834574.125000
28111   -1834574.250000
28112   -1834574.250000
28113   -1834574.250000
28114   -1834574.250000
28115   -1834574.250000
28116   -1834574.375000
28117   -1834574.375000
28118   -1834574.500000
28119   -1834574.500000
28120   -1834574.375000
28121   -1834574.500000
28122   -1834574.500000
28123   -1834574.500000
28124   -1834574.500000
28125   -1834574.500000
28126   -1834574.750000
28127   -1834574.750000
28128   -1834574.750000
28129   -1834574.625000
28130   -1834574.750000
28131   -1834574.750000
28132   -1834574.750000
28133   -1834574.750000
28134   -1834574.750000
28135   -1834574.875000
28136   -1834574.875000
28137   -1834575.000000
28138   -1834575.000000
28139   -1834575.000000
28140   -1834575.000000
28141   -1834574.875000
28142   -1834575.000000
28143   -1834575.000000
28144   -1834575.000000
28145   -1834575.250000
28146   -1834575.125000
28147   -1834575.250000
28148   -1834575.250000
28149   -1834575.250000
28150   -1834575.250000
28151   -1834575.250000
28152   -1834575.250000
28153   -1834575.250000
28154   -1834575.375000
28155   -1834575.250000
28156   -1834575.375000
28157   -1834575.375000
28158   -1834575.500000
28159   -1834575.500000
28160   -1834575.500000
28161   -1834575.500000
28162   -1834575.500000
28163   -1834575.625000
28164   -1834575.500000
28165   -1834575.625000
28166   -1834575.500000
28167   -1834575.750000
28168   -1834575.750000
28169   -1834575.750000
28170   -1834575.750000
28171   -1834575.750000
28172   -1834575.875000
28173   -1834575.750000
28174   -1834575.875000
28175   -1834575.750000
28176   -1834576.000000
28177   -1834576.000000
28178   -1834576.000000
28179   -1834576.125000
28180   -1834576.000000
28181   -1834576.000000
28182   -1834576.000000
28183   -1834576.125000
28184   -1834576.250000
28185   -1834576.125000
28186   -1834576.250000
28187   -1834576.250000
28188   -1834576.125000
28189   -1834576.125000
28190   -1834576.250000
28191   -1834576.375000
28192   -1834576.375000
28193   -1834576.375000
28194   -1834576.500000
28195   -1834576.375000
28196   -1834576.375000
28197   -1834576.500000
28198   -1834576.500000
28199   -1834576.500000
28200   -1834576.500000
28201   -1834576.500000
28202   -1834576.625000
28203   -1834576.500000
28204   -1834576.625000
28205   -1834576.750000
28206   -1834576.750000
28207   -1834576.750000
28208   -1834576.750000
28209   -1834576.750000
28210   -1834576.750000
28211   -1834576.875000
28212   -1834576.750000
28213   -1834577.000000
28214   -1834576.875000
28215   -1834577.000000
28216   -1834577.125000
28217   -1834577.000000
28218   -1834577.000000
28219   -1834577.000000
28220   -1834577.000000
28221   -1834577.125000
28222   -1834577.125000
28223   -1834577.250000
28224   -1834577.250000
28225   -1834577.250000
28226   -1834577.250000
28227   -1834577.250000
28228   -1834577.250000
28229   -1834577.250000
28230   -1834577.375000
28231   -1834577.500000
28232   -1834577.500000
28233   -1834577.500000
28234   -1834577.500000
28235   -1834577.500000
28236   -1834577.500000
28237   -1834577.625000
28238   -1834577.625000
28239   -1834577.750000
28240   -1834577.750000
28241   -1834577.750000
28242   -1834577.750000
28243   -1834577.625000
28244   -1834577.750000
28245   -1834577.750000
28246   -1834577.875000
28247   -1834577.750000
28248   -1834577.875000
28249   -1834578.000000
28250   -1834578.000000
28251   -1834578.000000
28252   -1834578.000000
28253   -1834578.000000
28254   -1834578.000000
28255   -1834578.000000
28256   -1834578.125000
28257   -1834578.125000
28258   -1834578.250000
28259   -1834578.250000
28260   -1834578.250000
28261   -1834578.250000
28262   -1834578.250000
28263   -1834578.250000
28264   -1834578.375000
28265   -1834578.375000
28266   -1834578.500000
28267   -1834578.500000
28268   -1834578.500000
28269   -1834578.500000
28270   -1834578.500000
28271   -1834578.500000
28272   -1834578.625000
28273   -1834578.625000
28274   -1834578.750000
28275   -1834578.750000
28276   -1834578.750000
28277   -1834578.750000
28278   -1834578.750000
28279   -1834578.875000
28280   -1834578.875000
28281   -1834579.000000
28282   -1834578.875000
28283   -1834578.875000
28284   -1834578.875000
28285   -1834579.000000
28286   -1834579.000000
28287   -1834579.125000
28288   -1834579.125000
28289   -1834579.125000
28290   -1834579.000000
28291   -1834579.250000
28292   -1834579.250000
28293   -1834579.250000
28294   -1834579.250000
28295   -1834579.250000
28296   -1834579.250000
28297   -1834579.250000
28298   -1834579.375000
28299   -1834579.500000
28300   -1834579.500000
28301   -1834579.500000
28302   -1834579.500000
28303   -1834579.500000
28304   -1834579.500000
28305   -1834579.500000
28306   -1834579.500000
28307   -1834579.750000
28308   -1834579.625000
28309   -1834579.750000
28310   -1834579.750000
28311   -1834579.750000
28312   -1834579.875000
28313   -1834579.750000
28314   -1834579.750000
28315   -1834579.875000
28316   -1834579.875000
28317   -1834580.000000
28318   -1834580.000000
28319   -1834580.000000
28320   -1834580.000000
28321   -1834580.250000
28322   -1834580.125000
28323   -1834580.125000
28324   -1834580.250000
28325   -1834580.250000
28326   -1834580.250000
28327   -1834580.250000
28328   -1834580.250000
28329   -1834580.250000
28330   -1834580.375000
28331   -1834580.250000
28332   -1834580.375000
28333   -1834580.500000
28334   -1834580.500000
28335   -1834580.500000
28336   -1834580.500000
28337   -1834580.500000
28338   -1834580.500000
28339   -1834580.500000
28340   -1834580.625000
28341   -1834580.625000
28342   -1834580.750000
28343   -1834580.750000
28344   -1834580.750000
28345   -1834580.750000
28346   -1834580.750000
28347   -1834580.750000
28348   -1834580.875000
28349   -1834580.750000
28350   -1834580.875000
28351   -1834580.875000
28352   -1834581.000000
28353   -1834581.000000
28354   -1834581.125000
28355   -1834581.000000
28356   -1834581.000000
28357   -1834581.125000
28358   -1834581.000000
28359   -1834581.125000
28360   -1834581.125000
28361   -1834581.250000
28362   -1834581.125000
28363   -1834581.250000
28364   -1834581.250000
28365   -1834581.250000
28366   -1834581.375000
28367   -1834581.250000
28368   -1834581.375000
28369   -1834581.250000
28370   -1834581.500000
28371   -1834581.500000
28372   -1834581.500000
28373   -1834581.500000
28374   -1834581.500000
28375   -1834581.625000
28376   -1834581.500000
28377   -1834581.500000
28378   -1834581.625000
28379   -1834581.500000
28380   -1834581.625000
28381   -1834581.750000
28382   -1834581.750000
28383   -1834581.750000
28384   -1834581.750000
28385   -1834581.875000
28386   -1834581.875000
28387   -1834581.875000
28388   -1834581.875000
28389   -1834582.000000
28390   -1834581.875000
28391   -1834581.875000
28392   -1834582.000000
28393   -1834582.000000
28394   -1834582.000000
28395   -1834582.125000
28396   -1834582.000000
28397   -1834582.125000
28398   -1834582.250000
28399   -1834582.125000
28400   -1834582.125000
28401   -1834582.250000
28402   -1834582.250000
28403   -1834582.250000
28404   -1834582.375000
28405   -1834582.250000
28406   -1834582.250000
28407   -1834582.375000
28408   -1834582.500000
28409   -1834582.500000
28410   -1834582.375000
28411   -1834582.500000
28412   -1834582.500000
28413   -1834582.500000
28414   -1834582.500000
28415   -1834582.500000
28416   -1834582.625000
28417   -1834582.500000
28418   -1834582.750000
28419   -1834582.500000
28420   -1834582.625000
28421   -1834582.750000
28422   -1834582.625000
28423   -1834582.750000
28424   -1834582.750000
28425   -1834582.750000
28426   -1834582.750000
28427   -1834582.750000
28428   -1834582.875000
28429   -1834582.875000
28430   -1834583.000000
28431   -1834583.000000
28432   -1834583.000000
28433   -1834583.000000
28434   -1834583.000000
28435   -1834583.000000
28436   -1834583.125000
28437   -1834583.000000
28438   -1834583.000000
28439   -1834583.000000
28440   -1834583.125000
28441   -1834583.125000
28442   -1834583.250000
28443   -1834583.250000
28444   -1834583.250000
28445   -1834583.250000
28446   -1834583.375000
28447   -1834583.250000
28448   -1834583.250000
28449   -1834583.375000
28450   -1834583.500000
28451   -1834583.375000
28452   -1834583.375000
28453   -1834583.500000
28454   -1834583.500000
28455   -1834583.375000
28456   -1834583.500000
28457   -1834583.625000
28458   -1834583.500000
28459   -1834583.625000
28460   -1834583.500000
28461   -1834583.500000
28462   -1834583.625000
28463   -1834583.625000
28464   -1834583.625000
28465   -1834583.750000
28466   -1834583.750000
28467   -1834583.750000
28468   -1834583.750000
28469   -1834583.875000
28470   -1834583.875000
28471   -1834583.750000
28472   -1834583.875000
28473   -1834583.875000
28474   -1834583.875000
28475   -1834584.000000
28476   -1834583.875000
28477   -1834584.000000
28478   -1834584.000000
28479   -1834584.000000
28480   -1834584.000000
28481   -1834584.000000
28482   -1834584.000000
28483   -1834584.125000
28484   -1834584.000000
28485   -1834584.125000
28486   -1834584.125000
28487   -1834584.250000
28488   -1834584.250000
28489   -1834584.250000
28490   -1834584.250000
28491   -1834584.250000
28492   -1834584.375000
28493   -1834584.375000
28494   -1834584.250000
28495   -1834584.500000
28496   -1834584.375000
28497   -1834584.500000
28498   -1834584.375000
28499   -1834584.500000
28500   -1834584.500000
28501   -1834584.500000
28502   -1834584.500000
28503   -1834584.500000
28504   -1834584.500000
28505   -1834584.625000
28506   -1834584.500000
28507   -1834584.625000
28508   -1834584.625000
28509   -1834584.625000
28510   -1834584.625000
28511   -1834584.750000
28512   -1834584.750000
28513   -1834584.750000
28514   -1834584.750000
28515   -1834584.750000
28516   -1834584.750000
28517   -1834584.750000
28518   -1834584.875000
28519   -1834584.875000
28520   -1834584.875000
28521   -1834584.875000
28522   -1834584.875000
28523   -1834585.000000
28524   -1834585.000000
28525   -1834585.000000
28526   -1834585.000000
28527   -1834585.125000
28528   -1834585.000000
28529   -1834585.000000
28530   -1834585.000000
28531   -1834585.125000
28532   -1834585.125000
28533   -1834585.250000
28534   -1834585.125000
28535   -1834585.250000
28536   -1834585.250000
28537   -1834585.250000
28538   -1834585.250000
28539   -1834585.250000
28540   -1834585.250000
28541   -1834585.250000
28542   -1834585.500000
28543   -1834585.500000
28544   -1834585.500000
28545   -1834585.375000
28546   -1834585.375000
28547   -1834585.500000
28548   -1834585.500000
28549   -1834585.500000
28550   -1834585.500000
28551   -1834585.500000
28552   -1834585.625000
28553   -1834585.500000
28554   -1834585.500000
28555   -1834585.750000
28556   -1834585.500000
28557   -1834585.625000
28558   -1834585.750000
28559   -1834585.625000
28560   -1834585.750000
28561   -1834585.750000
28562   -1834585.750000
28563   -1834585.750000
28564   -1834585.875000
28565   -1834585.750000
28566   -1834585.875000
28567   -1834585.875000
28568   -1834586.000000
28569   -1834585.875000
28570   -1834586.000000
28571   -1834585.875000
28572   -1834586.000000
28573   -1834586.000000
28574   -1834586.000000
28575   -1834586.000000
28576   -1834586.125000
28577   -1834586.000000
28578   -1834586.125000
28579   -1834586.125000
28580   -1834586.000000
28581   -1834586.125000
28582   -1834586.125000
28583   -1834586.125000
28584   -1834586.125000
28585   -1834586.125000
28586   -1834586.250000
28587   -1834586.250000
28588   -1834586.250000
28589   -1834586.250000
28590   -1834586.250000
28591   -1834586.250000
28592   -1834586.250000
28593   -1834586.375000
28594   -1834586.375000
28595   -1834586.375000
28596   -1834586.375000
28597   -1834586.500000
28598   -1834586.500000
28599   -1834586.500000
28600   -1834586.375000
28601   -1834586.500000
28602   -1834586.500000
28603   -1834586.625000
28604   -1834586.500000
28605   -1834586.500000
28606   -1834586.500000
28607   -1834586.625000
28608   -1834586.625000
28609   -1834586.750000
28610   -1834586.625000
28611   -1834586.750000
28612   -1834586.750000
28613   -1834586.750000
28614   -1834586.750000
28615   -1834586.750000
28616   -1834586.750000
28617   -1834586.750000
28618   -1834586.750000
28619   -1834586.875000
28620   -1834586.750000
28621   -1834587.000000
28622   -1834586.750000
28623   -1834587.000000
28624   -1834586.875000
28625   -1834587.000000
28626   -1834587.000000
28627   -1834587.000000
28628   -1834587.000000
28629   -1834587.000000
28630   -1834587.125000
28631   -1834587.000000
28632   -1834587.125000
28633   -1834587.000000
28634   -1834587.250000
28635   -1834587.250000
28636   -1834587.125000
28637   -1834587.250000
28638   -1834587.250000
28639   -1834587.250000
28640   -1834587.375000
28641   -1834587.250000
28642   -1834587.375000
28643   -1834587.375000
28644   -1834587.375000
28645   -1834587.500000
28646   -1834587.375000
28647   -1834587.500000
28648   -1834587.500000
28649   -1834587.500000
28650   -1834587.500000
28651   -1834587.500000
28652   -1834587.500000
28653   -1834587.500000
28654   -1834587.500000
28655   -1834587.625000
28656   -1834587.750000
28657   -1834587.750000
28658   -1834587.750000
28659   -1834587.750000
28660   -1834587.750000
28661   -1834587.750000
28662   -1834587.750000
28663   -1834587.750000
28664   -1834587.875000
28665   -1834587.875000
28666   -1834587.875000
28667   -1834588.000000
28668   -1834588.000000
28669   -1834588.000000
28670   -1834588.000000
28671   -1834588.000000
28672   -1834588.000000
28673   -1834588.000000
28674   -1834588.250000
28675   -1834588.125000
28676   -1834588.250000
28677   -1834588.250000
28678   -1834588.250000
28679   -1834588.250000
28680   -1834588.250000
28681   -1834588.250000
28682   -1834588.250000
28683   -1834588.500000
28684   -1834588.500000
28685   -1834588.500000
28686   -1834588.500000
28687   -1834588.500000
28688   -1834588.625000
28689   -1834588.625000
28690   -1834588.625000
28691   -1834588.750000
28692   -1834588.750000
28693   -1834588.750000
28694   -1834588.750000
28695   -1834588.750000
28696   -1834588.875000
28697   -1834589.000000
28698   -1834589.000000
28699   -1834589.000000
28700   -1834589.000000
28701   -1834589.000000
28702   -1834589.000000
28703   -1834589.125000
28704   -1834589.125000
28705   -1834589.250000
28706   -1834589.250000
28707   -1834589.375000
28708   -1834589.375000
28709   -1834589.500000
28710   -1834589.500000
28711   -1834589.500000
28712   -1834589.500000
28713   -1834589.500000
28714   -1834589.625000
28715   -1834589.625000
28716   -1834589.750000
28717   -1834589.750000
28718   -1834589.750000
28719   -1834589.750000
28720   -1834590.000000
28721   -1834590.000000
28722   -1834590.000000
28723   -1834590.000000
28724   -1834590.125000
28725   -1834590.250000
28726   -1834590.250000
28727   -1834590.250000
28728   -1834590.375000
28729   -1834590.250000
28730   -1834590.375000
28731   -1834590.500000
28732   -1834590.500000
28733   -1834590.750000
28734   -1834590.625000
28735   -1834590.625000
28736   -1834590.750000
28737   -1834590.750000
28738   -1834590.875000
28739   -1834590.750000
28740   -1834591.000000
28741   -1834591.000000
28742   -1834591.125000
28743   -1834591.000000
28744   -1834591.250000
28745   -1834591.250000
28746   -1834591.250000
28747   -1834591.250000
28748   -1834591.375000
28749   -1834591.500000
28750   -1834591.500000
28751   -1834591.500000
28752   -1834591.500000
28753   -1834591.625000
28754   -1834591.750000
28755   -1834591.750000
28756   -1834591.750000
28757   -1834591.875000
28758   -1834591.875000
28759   -1834592.000000
28760   -1834592.000000
28761   -1834592.000000
28762   -1834592.125000
28763   -1834592.250000
28764   -1834592.250000
28765   -1834592.250000
28766   -1834592.250000
28767   -1834592.375000
28768   -1834592.375000
28769   -1834592.500000
28770   -1834592.500000
28771   -1834592.500000
28772   -1834592.625000
28773   -1834592.625000
28774   -1834592.750000
28775   -1834592.750000
28776   -1834592.750000
28777   -1834592.875000
28778   -1834593.000000
28779   -1834593.000000
28780   -1834593.000000
28781   -1834593.000000
28782   -1834593.250000
28783   -1834593.125000
28784   -1834593.250000
28785   -1834593.250000
28786   -1834593.375000
28787   -1834593.500000
28788   -1834593.500000
28789   -1834593.500000
28790   -1834593.500000
28791   -1834593.500000
28792   -1834593.625000
28793   -1834593.625000
28794   -1834593.750000
28795   -1834593.750000
28796   -1834593.750000
28797   -1834593.750000
28798   -1834593.875000
28799   -1834594.000000
28800   -1834594.000000
28801   -1834594.000000
28802   -1834594.125000
28803   -1834594.125000
28804   -1834594.250000
28805   -1834594.250000
28806   -1834594.375000
28807   -1834594.375000
28808   -1834594.375000
28809   -1834594.375000
28810   -1834594.500000
28811   -1834594.500000
28812   -1834594.500000
28813   -1834594.500000
28814   -1834594.750000
28815   -1834594.625000
28816   -1834594.750000
28817   -1834594.750000
28818   -1834594.875000
28819   -1834594.875000
28820   -1834595.000000
28821   -1834595.000000
28822   -1834595.000000
28823   -1834595.125000
28824   -1834595.250000
28825   -1834595.125000
28826   -1834595.250000
28827   -1834595.250000
28828   -1834595.250000
28829   -1834595.375000
28830   -1834595.500000
28831   -1834595.500000
28832   -1834595.500000
28833   -1834595.625000
28834   -1834595.625000
28835   -1834595.750000
28836   -1834595.750000
28837   -1834595.750000
28838   -1834595.875000
28839   -1834595.875000
28840   -1834596.000000
28841   -1834596.000000
28842   -1834596.000000
28843   -1834596.250000
28844   -1834596.250000
28845   -1834596.250000
28846   -1834596.250000
28847   -1834596.250000
28848   -1834596.375000
28849   -1834596.500000
28850   -1834596.500000
28851   -1834596.625000
28852   -1834596.750000
28853   -1834596.750000
28854   -1834596.750000
28855   -1834596.750000
28856   -1834596.875000
28857   -1834597.000000
28858   -1834597.000000
28859   -1834597.000000
28860   -1834597.250000
28861   -1834597.250000
28862   -1834597.250000
28863   -1834597.250000
28864   -1834597.375000
28865   -1834597.500000
28866   -1834597.500000
28867   -1834597.500000
28868   -1834597.750000
28869   -1834597.750000
28870   -1834597.750000
28871   -1834597.875000
28872   -1834597.875000
28873   -1834598.125000
28874   -1834598.250000
28875   -1834598.250000
28876   -1834598.250000
28877   -1834598.250000
28878   -1834598.500000
28879   -1834598.500000
28880   -1834598.625000
28881   -1834598.750000
28882   -1834598.750000
28883   -1834598.750000
28884   -1834598.750000
28885   -1834599.000000
28886   -1834599.250000
28887   -1834599.250000
28888   -1834599.250000
28889   -1834599.250000
28890   -1834599.375000
28891   -1834599.625000
28892   -1834599.500000
28893   -1834599.750000
28894   -1834599.750000
28895   -1834599.875000
28896   -1834600.000000
28897   -1834600.000000
28898   -1834600.125000
28899   -1834600.250000
28900   -1834600.250000
28901   -1834600.500000
28902   -1834600.500000
28903   -1834600.750000
28904   -1834600.750000
28905   -1834600.875000
28906   -1834601.000000
28907   -1834601.125000
28908   -1834601.250000
28909   -1834601.375000
28910   -1834601.375000
28911   -1834601.625000
28912   -1834601.750000
28913   -1834601.750000
28914   -1834601.875000
28915   -1834602.000000
28916   -1834602.000000
28917   -1834602.250000
28918   -1834602.375000
28919   -1834602.500000
28920   -1834602.625000
28921   -1834602.750000
28922   -1834602.875000
28923   -1834603.125000
28924   -1834603.000000
28925   -1834603.125000
28926   -1834603.250000
28927   -1834603.500000
28928   -1834603.500000
28929   -1834603.750000
28930   -1834604.000000
28931   -1834604.000000
28932   -1834604.000000
28933   -1834604.250000
28934   -1834604.250000
28935   -1834604.500000
28936   -1834604.625000
28937   -1834604.750000
28938   -1834604.875000
28939   -1834605.125000
28940   -1834605.250000
28941   -1834605.375000
28942   -1834605.500000
28943   -1834605.750000
28944   -1834605.750000
28945   -1834606.000000
28946   -1834606.000000
28947   -1834606.250000
28948   -1834606.250000
28949   -1834606.500000
28950   -1834606.625000
28951   -1834606.750000
28952   -1834606.750000
28953   -1834606.875000
28954   -1834607.125000
28955   -1834607.375000
28956   -1834607.500000
28957   -1834607.500000
28958   -1834607.750000
28959   -1834607.750000
28960   -1834608.000000
28961   -1834608.125000
28962   -1834608.250000
28963   -1834608.250000
28964   -1834608.500000
28965   -1834608.625000
28966   -1834608.750000
28967   -1834609.000000
28968   -1834608.875000
28969   -1834609.000000
28970   -1834609.250000
28971   -1834609.500000
28972   -1834609.625000
28973   -1834609.625000
28974   -1834609.875000
28975   -1834610.000000
28976   -1834610.125000
28977   -1834610.250000
28978   -1834610.500000
28979   -1834610.375000
28980   -1834610.625000
28981   -1834610.750000
28982   -1834610.875000
28983   -1834610.875000
28984   -1834611.250000
28985   -1834611.250000
28986   -1834611.375000
28987   -1834611.500000
28988   -1834611.500000
28989   -1834611.750000
28990   -1834611.750000
28991   -1834612.000000
28992   -1834612.000000
28993   -1834612.000000
28994   -1834612.250000
28995   -1834612.500000
28996   -1834612.500000
28997   -1834612.750000
28998   -1834612.750000
28999   -1834612.750000
29000   -1834613.000000
29001   -1834613.000000
29002   -1834613.250000
29003   -1834613.250000
29004   -1834613.500000
29005   -1834613.625000
29006   -1834613.625000
29007   -1834613.750000
29008   -1834613.875000
29009   -1834613.750000
29010   -1834614.000000
29011   -1834614.000000
29012   -1834614.250000
29013   -1834614.250000
29014   -1834614.500000
29015   -1834614.625000
29016   -1834614.625000
29017   -1834614.750000
29018   -1834614.875000
29019   -1834615.000000
29020   -1834615.000000
29021   -1834615.000000
29022   -1834615.250000
29023   -1834615.250000
29024   -1834615.250000
29025   -1834615.500000
29026   -1834615.500000
29027   -1834615.750000
29028   -1834615.750000
29029   -1834615.875000
29030   -1834616.000000
29031   -1834615.875000
29032   -1834616.000000
29033   -1834616.125000
29034   -1834616.000000
29035   -1834616.250000
29036   -1834616.250000
29037   -1834616.500000
29038   -1834616.500000
29039   -1834616.500000
29040   -1834616.625000
29041   -1834616.750000
29042   -1834616.750000
29043   -1834617.000000
29044   -1834617.000000
29045   -1834617.000000
29046   -1834617.125000
29047   -1834617.000000
29048   -1834617.250000
29049   -1834617.250000
29050   -1834617.250000
29051   -1834617.500000
29052   -1834617.500000
29053   -1834617.500000
29054   -1834617.625000
29055   -1834617.750000
29056   -1834617.750000
29057   -1834617.875000
29058   -1834618.000000
29059   -1834618.000000
29060   -1834617.875000
29061   -1834618.125000
29062   -1834618.000000
29063   -1834618.125000
29064   -1834618.250000
29065   -1834618.500000
29066   -1834618.375000
29067   -1834618.500000
29068   -1834618.500000
29069   -1834618.500000
29070   -1834618.625000
29071   -1834618.750000
29072   -1834618.750000
29073   -1834618.750000
29074   -1834619.000000
29075   -1834618.875000
29076   -1834619.000000
29077   -1834618.875000
29078   -1834619.000000
29079   -1834619.125000
29080   -1834619.125000
29081   -1834619.125000
29082   -1834619.250000
29083   -1834619.375000
29084   -1834619.375000
29085   -1834619.500000
29086   -1834619.500000
29087   -1834619.500000
29088   -1834619.500000
29089   -1834619.750000
29090   -1834619.625000
29091   -1834619.750000
29092   -1834619.625000
29093   -1834619.750000
29094   -1834619.750000
29095   -1834619.875000
29096   -1834619.875000
29097   -1834620.125000
29098   -1834620.000000
29099   -1834620.125000
29100   -1834620.125000
29101   -1834620.250000
29102   -1834620.250000
29103   -1834620.250000
29104   -1834620.250000
29105   -1834620.375000
29106   -1834620.250000
29107   -1834620.500000
29108   -1834620.500000
29109   -1834620.375000
29110   -1834620.500000
29111   -1834620.500000
29112   -1834620.500000
29113   -1834620.625000
29114   -1834620.500000
29115   -1834620.750000
29116   -1834620.750000
29117   -1834620.750000
29118   -1834620.750000
29119   -1834620.875000
29120   -1834620.875000
29121   -1834620.875000
29122   -1834620.875000
29123   -1834621.000000
29124   -1834621.000000
29125   -1834621.000000
29126   -1834621.000000
29127   -1834621.125000
29128   -1834621.250000
29129   -1834621.000000
29130   -1834621.125000
29131   -1834621.000000
29132   -1834621.125000
29133   -1834621.000000
29134   -1834621.250000
29135   -1834621.250000
29136   -1834621.125000
29137   -1834621.250000
29138   -1834621.250000
29139   -1834621.250000
29140   -1834621.250000
29141   -1834621.250000
29142   -1834621.375000
29143   -1834621.375000
29144   -1834621.250000
29145   -1834621.250000
29146   -1834621.375000
29147   -1834621.250000
29148   -1834621.500000
29149   -1834621.375000
29150   -1834621.500000
29151   -1834621.375000
29152   -1834621.500000
29153   -1834621.375000
29154   -1834621.375000
29155   -1834621.375000
29156   -1834621.500000
29157   -1834621.500000
29158   -1834621.500000
29159   -1834621.500000
29160   -1834621.500000
29161   -1834621.625000
29162   -1834621.750000
29163   -1834621.750000
29164   -1834621.500000
29165   -1834621.750000
29166   -1834621.750000
29167   -1834621.625000
29168   -1834621.750000
29169   -1834621.750000
29170   -1834621.750000
29171   -1834621.750000
29172   -1834621.750000
29173   -1834621.750000
29174   -1834621.750000
29175   -1834621.750000
29176   -1834621.750000
29177   -1834621.875000
29178   -1834621.750000
29179   -1834621.750000
29180   -1834621.875000
29181   -1834621.750000
29182   -1834621.750000
29183   -1834622.000000
29184   -1834622.000000
29185   -1834622.000000
29186   -1834622.000000
29187   -1834621.875000
29188   -1834622.000000
29189   -1834622.000000
29190   -1834622.125000
29191   -1834622.000000
29192   -1834622.125000
29193   -1834622.250000
29194   -1834622.125000
29195   -1834622.000000
29196   -1834622.125000
29197   -1834622.000000
29198   -1834622.250000
29199   -1834622.250000
29200   -1834622.000000
29201   -1834622.250000
29202   -1834622.375000
29203   -1834622.250000
29204   -1834622.250000
29205   -1834622.250000
29206   -1834622.250000
29207   -1834622.250000
29208   -1834622.250000
29209   -1834622.250000
29210   -1834622.500000
29211   -1834622.500000
29212   -1834622.375000
29213   -1834622.500000
29214   -1834622.375000
29215   -1834622.375000
29216   -1834622.500000
29217   -1834622.500000
29218   -1834622.375000
29219   -1834622.500000
29220   -1834622.500000
29221   -1834622.500000
29222   -1834622.500000
29223   -1834622.500000
29224   -1834622.625000
29225   -1834622.500000
29226   -1834622.500000
29227   -1834622.625000
29228   -1834622.750000
29229   -1834622.750000
29230   -1834622.750000
29231   -1834622.625000
29232   -1834622.750000
29233   -1834622.750000
29234   -1834622.875000
29235   -1834622.625000
29236   -1834622.750000
29237   -1834622.750000
29238   -1834622.875000
29239   -1834622.750000
29240   -1834622.750000
29241   -1834622.875000
29242   -1834622.750000
29243   -1834622.750000
29244   -1834623.000000
29245   -1834622.875000
29246   -1834623.000000
29247   -1834623.000000
29248   -1834623.000000
29249   -1834623.000000
29250   -1834623.000000
29251   -1834623.000000
29252   -1834623.000000
29253   -1834623.000000
29254   -1834623.000000
29255   -1834623.000000
